#X		#Y		#Wave		#Intensity
-3.526842	7.336533	1838.757813	16.071758
-3.526842	7.336533	1837.195313	19.286112
-3.526842	7.336533	1835.632813	20.888842
-3.526842	7.336533	1834.070313	22.490889
-3.526842	7.336533	1832.507813	17.667652
-3.526842	7.336533	1830.945313	14.452275
-3.526842	7.336533	1829.382813	16.054667
-3.526842	7.336533	1827.818359	20.866625
-3.526842	7.336533	1826.253906	16.047834
-3.526842	7.336533	1824.689453	17.648861
-3.526842	7.336533	1823.125000	20.853306
-3.526842	7.336533	1821.560547	17.641350
-3.526842	7.336533	1819.994141	24.051266
-3.526842	7.336533	1818.429688	16.030764
-3.526842	7.336533	1816.863281	17.630087
-3.526842	7.336533	1815.296875	17.626335
-3.526842	7.336533	1813.730469	16.020531
-3.526842	7.336533	1812.162109	19.220545
-3.526842	7.336533	1810.595703	20.817823
-3.526842	7.336533	1809.027344	19.212362
-3.526842	7.336533	1807.458984	9.604136
-3.526842	7.336533	1805.890625	14.403137
-3.526842	7.336533	1804.322266	19.200094
-3.526842	7.336533	1802.753906	23.995008
-3.526842	7.336533	1801.183594	22.390574
-3.526842	7.336533	1799.613281	25.583778
-3.526842	7.336533	1798.042969	17.585102
-3.526842	7.336533	1796.472656	22.376274
-3.526842	7.336533	1794.902344	20.773544
-3.526842	7.336533	1793.332031	15.976246
-3.526842	7.336533	1791.759766	7.986422
-3.526842	7.336533	1790.187500	17.566387
-3.526842	7.336533	1788.617188	20.755854
-3.526842	7.336533	1787.044922	22.347696
-3.526842	7.336533	1785.470703	25.534784
-3.526842	7.336533	1783.898438	22.338179
-3.526842	7.336533	1782.324219	15.952442
-3.526842	7.336533	1780.750000	17.543949
-3.526842	7.336533	1779.177734	20.729340
-3.526842	7.336533	1777.601563	15.942249
-3.526842	7.336533	1776.027344	25.502165
-3.526842	7.336533	1774.453125	20.716093
-3.526842	7.336533	1772.876953	20.711679
-3.526842	7.336533	1771.300781	14.335800
-3.526842	7.336533	1769.724609	14.332745
-3.526842	7.336533	1768.148438	17.514067
-3.526842	7.336533	1766.572266	27.061424
-3.526842	7.336533	1764.994141	17.506601
-3.526842	7.336533	1763.417969	17.502871
-3.526842	7.336533	1761.839844	12.726646
-3.526842	7.336533	1760.261719	20.676392
-3.526842	7.336533	1758.683594	20.671984
-3.526842	7.336533	1757.103516	17.487949
-3.526842	7.336533	1755.525391	23.842121
-3.526842	7.336533	1753.945313	20.658766
-3.526842	7.336533	1752.365234	20.654360
-3.526842	7.336533	1750.785156	15.884582
-3.526842	7.336533	1749.205078	17.469313
-3.526842	7.336533	1747.625000	23.816710
-3.526842	7.336533	1746.042969	28.573957
-3.526842	7.336533	1744.460938	20.632345
-3.526842	7.336533	1742.878906	19.041178
-3.526842	7.336533	1741.296875	17.450689
-3.526842	7.336533	1739.714844	23.791319
-3.526842	7.336533	1738.132813	20.614744
-3.526842	7.336533	1736.548828	11.097878
-3.526842	7.336533	1734.964844	23.776093
-3.526842	7.336533	1733.380859	26.940489
-3.526842	7.336533	1731.796875	22.181549
-3.526842	7.336533	1730.212891	19.008699
-3.526842	7.336533	1728.628906	12.669761
-3.526842	7.336533	1727.042969	19.000586
-3.526842	7.336533	1725.457031	15.830441
-3.526842	7.336533	1723.871094	20.575178
-3.526842	7.336533	1722.285156	14.241313
-3.526842	7.336533	1720.699219	25.312485
-3.526842	7.336533	1719.111328	23.725388
-3.526842	7.336533	1717.525391	18.976255
-3.526842	7.336533	1715.937500	14.229153
-3.526842	7.336533	1714.349609	17.387472
-3.526842	7.336533	1712.759766	23.705124
-3.526842	7.336533	1711.171875	17.380043
-3.526842	7.336533	1709.583984	12.637331
-3.526842	7.336533	1707.994141	14.213960
-3.526842	7.336533	1706.404297	22.105879
-3.526842	7.336533	1704.814453	23.679810
-3.526842	7.336533	1703.224609	22.096432
-3.526842	7.336533	1701.632813	18.935751
-3.526842	7.336533	1700.042969	15.776420
-3.526842	7.336533	1698.451172	17.350351
-3.526842	7.336533	1696.859375	18.923609
-3.526842	7.336533	1695.267578	17.342934
-3.526842	7.336533	1693.675781	14.186638
-3.526842	7.336533	1692.082031	15.759561
-3.526842	7.336533	1690.490234	17.331810
-3.526842	7.336533	1688.896484	28.355076
-3.526842	7.336533	1687.302734	18.899340
-3.526842	7.336533	1685.708984	17.320688
-3.526842	7.336533	1684.113281	14.168441
-3.526842	7.336533	1682.519531	9.443606
-3.526842	7.336533	1680.923828	14.162378
-3.526842	7.336533	1679.328125	17.305868
-3.526842	7.336533	1677.732422	23.593861
-3.526842	7.336533	1676.136719	23.588810
-3.526842	7.336533	1674.541016	23.583761
-3.526842	7.336533	1672.943359	20.434883
-3.526842	7.336533	1671.345703	12.572620
-3.526842	7.336533	1669.748047	23.568615
-3.526842	7.336533	1668.150391	20.421759
-3.526842	7.336533	1666.552734	18.846817
-3.526842	7.336533	1664.955078	14.132085
-3.526842	7.336533	1663.355469	10.989267
-3.526842	7.336533	1661.755859	14.126030
-3.526842	7.336533	1660.156250	17.261450
-3.526842	7.336533	1658.556641	17.257750
-3.526842	7.336533	1656.957031	18.822601
-3.526842	7.336533	1655.355469	20.386782
-3.526842	7.336533	1653.755859	10.975144
-3.526842	7.336533	1652.154297	23.513124
-3.526842	7.336533	1650.552734	17.239262
-3.526842	7.336533	1648.951172	23.503042
-3.526842	7.336533	1647.347656	17.231869
-3.526842	7.336533	1645.746094	15.661975
-3.526842	7.336533	1644.142578	17.224478
-3.526842	7.336533	1642.539063	17.220781
-3.526842	7.336533	1640.935547	17.217087
-3.526842	7.336533	1639.332031	12.518831
-3.526842	7.336533	1637.728516	20.338736
-3.526842	7.336533	1636.123047	17.206005
-3.526842	7.336533	1634.517578	21.893852
-3.526842	7.336533	1632.912109	21.889153
-3.526842	7.336533	1631.306641	14.068577
-3.526842	7.336533	1629.701172	14.065556
-3.526842	7.336533	1628.093750	25.000063
-3.526842	7.336533	1626.488281	17.183851
-3.526842	7.336533	1624.880859	21.865660
-3.526842	7.336533	1623.273438	17.176470
-3.526842	7.336533	1621.666016	17.172779
-3.526842	7.336533	1620.056641	15.608263
-3.526842	7.336533	1618.449219	18.725891
-3.526842	7.336533	1616.839844	24.962488
-3.526842	7.336533	1615.230469	20.277662
-3.526842	7.336533	1613.621094	17.154333
-3.526842	7.336533	1612.011719	20.268944
-3.526842	7.336533	1610.400391	18.705770
-3.526842	7.336533	1608.791016	24.935663
-3.526842	7.336533	1607.179688	15.581438
-3.526842	7.336533	1605.568359	15.578086
-3.526842	7.336533	1603.957031	15.574735
-3.526842	7.336533	1602.345703	14.014245
-3.526842	7.336533	1600.732422	18.681639
-3.526842	7.336533	1599.121094	23.347023
-3.526842	7.336533	1597.507813	26.454264
-3.526842	7.336533	1595.894531	20.225376
-3.526842	7.336533	1594.281250	15.554631
-3.526842	7.336533	1592.666016	20.216667
-3.526842	7.336533	1591.052734	17.102726
-3.526842	7.336533	1589.437500	23.316875
-3.526842	7.336533	1587.822266	21.757730
-3.526842	7.336533	1586.207031	18.645464
-3.526842	7.336533	1584.591797	21.748354
-3.526842	7.336533	1582.974609	20.190548
-3.526842	7.336533	1581.359375	20.186197
-3.526842	7.336533	1579.742188	18.629395
-3.526842	7.336533	1578.125000	17.073263
-3.526842	7.336533	1576.507813	20.173143
-3.526842	7.336533	1574.888672	20.168793
-3.526842	7.336533	1573.271484	17.062220
-3.526842	7.336533	1571.652344	21.710869
-3.526842	7.336533	1570.033203	12.403534
-3.526842	7.336533	1568.414063	18.601286
-3.526842	7.336533	1566.794922	18.597273
-3.526842	7.336533	1565.173828	29.439325
-3.526842	7.336533	1563.554688	21.687452
-3.526842	7.336533	1561.933594	21.682770
-3.526842	7.336533	1560.312500	18.581219
-3.526842	7.336533	1558.691406	21.673407
-3.526842	7.336533	1557.070313	13.929894
-3.526842	7.336533	1555.447266	20.116613
-3.526842	7.336533	1553.826172	26.300655
-3.526842	7.336533	1552.203125	20.107920
-3.526842	7.336533	1550.580078	17.010717
-3.526842	7.336533	1548.955078	21.645325
-3.526842	7.336533	1547.332031	15.457603
-3.526842	7.336533	1545.708984	16.999687
-3.526842	7.336533	1544.083984	20.086195
-3.526842	7.336533	1542.458984	18.537092
-3.526842	7.336533	1540.833984	23.166353
-3.526842	7.336533	1539.207031	20.073164
-3.526842	7.336533	1537.582031	21.612576
-3.526842	7.336533	1535.955078	16.977634
-3.526842	7.336533	1534.330078	18.517048
-3.526842	7.336533	1532.703125	23.141298
-3.526842	7.336533	1531.074219	27.763546
-3.526842	7.336533	1529.447266	20.047108
-3.526842	7.336533	1527.818359	16.959263
-3.526842	7.336533	1526.191406	18.497007
-3.526842	7.336533	1524.562500	18.493000
-3.526842	7.336533	1522.933594	26.192741
-3.526842	7.336533	1521.302734	16.944571
-3.526842	7.336533	1519.673828	23.101225
-3.526842	7.336533	1518.042969	16.937225
-3.526842	7.336533	1516.414063	18.472969
-3.526842	7.336533	1514.783203	20.008043
-3.526842	7.336533	1513.150391	18.464956
-3.526842	7.336533	1511.519531	15.384127
-3.526842	7.336533	1509.888672	19.995026
-3.526842	7.336533	1508.255859	13.839706
-3.526842	7.336533	1506.623047	16.911526
-3.526842	7.336533	1504.990234	18.444933
-3.526842	7.336533	1503.357422	19.977673
-3.526842	7.336533	1501.722656	16.900515
-3.526842	7.336533	1500.089844	19.968998
-3.526842	7.336533	1498.455078	21.500404
-3.526842	7.336533	1496.820313	16.889505
-3.526842	7.336533	1495.185547	16.885836
-3.526842	7.336533	1493.548828	21.486395
-3.526842	7.336533	1491.914063	18.412907
-3.526842	7.336533	1490.277344	15.340754
-3.526842	7.336533	1488.640625	10.736193
-3.526842	7.336533	1487.003906	16.867493
-3.526842	7.336533	1485.367188	19.929974
-3.526842	7.336533	1483.728516	22.991121
-3.526842	7.336533	1482.091797	18.388895
-3.526842	7.336533	1480.453125	21.449043
-3.526842	7.336533	1478.814453	18.380894
-3.526842	7.336533	1477.175781	19.908300
-3.526842	7.336533	1475.535156	18.372892
-3.526842	7.336533	1473.896484	21.430374
-3.526842	7.336533	1472.255859	19.895300
-3.526842	7.336533	1470.615234	22.951115
-3.526842	7.336533	1468.974609	12.237928
-3.526842	7.336533	1467.333984	19.882299
-3.526842	7.336533	1465.691406	19.877968
-3.526842	7.336533	1464.050781	19.873634
-3.526842	7.336533	1462.408203	16.812487
-3.526842	7.336533	1460.765625	9.168448
-3.526842	7.336533	1459.123047	15.277414
-3.526842	7.336533	1457.478516	21.383715
-3.526842	7.336533	1455.835938	21.379051
-3.526842	7.336533	1454.191406	7.633709
-3.526842	7.336533	1452.546875	15.264087
-3.526842	7.336533	1450.902344	13.734680
-3.526842	7.336533	1449.257813	15.257424
-3.526842	7.336533	1447.611328	15.254093
-3.526842	7.336533	1445.966797	16.775839
-3.526842	7.336533	1444.320313	19.821661
-3.526842	7.336533	1442.673828	19.817331
-3.526842	7.336533	1441.025391	24.385231
-3.526842	7.336533	1439.378906	19.808670
-3.526842	7.336533	1437.730469	21.327753
-3.526842	7.336533	1436.083984	19.800013
-3.526842	7.336533	1434.435547	12.181959
-3.526842	7.336533	1432.787109	18.268942
-3.526842	7.336533	1431.136719	12.176631
-3.526842	7.336533	1429.488281	16.739204
-3.526842	7.336533	1427.837891	19.778368
-3.526842	7.336533	1426.187500	25.858360
-3.526842	7.336533	1424.537109	16.728218
-3.526842	7.336533	1422.886719	30.408283
-3.526842	7.336533	1421.234375	10.640569
-3.526842	7.336533	1419.583984	15.197483
-3.526842	7.336533	1417.931641	16.713570
-3.526842	7.336533	1416.279297	16.709908
-3.526842	7.336533	1414.626953	12.149998
-3.526842	7.336533	1412.974609	16.702585
-3.526842	7.336533	1411.320313	15.180840
-3.526842	7.336533	1409.666016	16.695263
-3.526842	7.336533	1408.011719	18.209021
-3.526842	7.336533	1406.357422	19.722113
-3.526842	7.336533	1404.703125	24.268044
-3.526842	7.336533	1403.048828	16.680620
-3.526842	7.336533	1401.392578	18.193047
-3.526842	7.336533	1399.736328	21.220562
-3.526842	7.336533	1398.080078	16.669640
-3.526842	7.336533	1396.423828	15.150889
-3.526842	7.336533	1394.765625	15.147562
-3.526842	7.336533	1393.109375	25.745199
-3.526842	7.336533	1391.451172	13.626818
-3.526842	7.336533	1389.792969	18.165098
-3.526842	7.336533	1388.134766	18.161106
-3.526842	7.336533	1386.476563	13.617835
-3.526842	7.336533	1384.816406	16.640362
-3.526842	7.336533	1383.156250	16.636702
-3.526842	7.336533	1381.496094	18.145138
-3.526842	7.336533	1379.835938	16.629383
-3.526842	7.336533	1378.175781	13.602866
-3.526842	7.336533	1376.515625	18.133163
-3.526842	7.336533	1374.853516	19.639936
-3.526842	7.336533	1373.191406	16.614748
-3.526842	7.336533	1371.529297	12.080793
-3.526842	7.336533	1369.867188	16.607431
-3.526842	7.336533	1368.205078	12.075472
-3.526842	7.336533	1366.541016	19.618319
-3.526842	7.336533	1364.876953	19.613995
-3.526842	7.336533	1363.212891	22.626545
-3.526842	7.336533	1361.548828	15.081038
-3.526842	7.336533	1359.884766	18.093254
-3.526842	7.336533	1358.218750	19.596703
-3.526842	7.336533	1356.554688	18.085274
-3.526842	7.336533	1354.888672	16.574511
-3.526842	7.336533	1353.222656	19.583736
-3.526842	7.336533	1351.554688	19.579414
-3.526842	7.336533	1349.888672	24.092421
-3.526842	7.336533	1348.220703	24.087101
-3.526842	7.336533	1346.552734	21.071558
-3.526842	7.336533	1344.884766	21.066904
-3.526842	7.336533	1343.216797	22.566696
-3.526842	7.336533	1341.548828	12.032912
-3.526842	7.336533	1339.878906	15.037816
-3.526842	7.336533	1338.208984	16.537941
-3.526842	7.336533	1336.539063	12.024934
-3.526842	7.336533	1334.869141	18.033411
-3.526842	7.336533	1333.199219	18.029423
-3.526842	7.336533	1331.527344	18.025434
-3.526842	7.336533	1329.857422	21.025021
-3.526842	7.336533	1328.185547	10.510183
-3.526842	7.336533	1326.513672	13.510101
-3.526842	7.336533	1324.839844	9.004741
-3.526842	7.336533	1323.167969	15.004577
-3.526842	7.336533	1321.494141	15.001253
-3.526842	7.336533	1319.820313	10.498551
-3.526842	7.336533	1318.146484	16.494068
-3.526842	7.336533	1316.472656	10.493898
-3.526842	7.336533	1314.798828	22.481941
-3.526842	7.336533	1313.123047	17.981564
-3.526842	7.336533	1311.447266	19.475708
-3.526842	7.336533	1309.771484	17.973589
-3.526842	7.336533	1308.095703	14.974669
-3.526842	7.336533	1306.419922	19.462749
-3.526842	7.336533	1304.742188	23.948835
-3.526842	7.336533	1303.064453	22.447050
-3.526842	7.336533	1301.386719	14.961377
-3.526842	7.336533	1299.708984	23.932886
-3.526842	7.336533	1298.031250	20.936625
-3.526842	7.336533	1296.351563	19.436832
-3.526842	7.336533	1294.671875	20.927322
-3.526842	7.336533	1292.994141	17.933718
-3.526842	7.336533	1291.312500	16.435587
-3.526842	7.336533	1289.632813	17.925743
-3.526842	7.336533	1287.953125	22.402197
-3.526842	7.336533	1286.271484	17.917770
-3.526842	7.336533	1284.589844	13.435338
-3.526842	7.336533	1282.908203	20.894764
-3.526842	7.336533	1281.226563	17.905811
-3.526842	7.336533	1279.542969	20.885462
-3.526842	7.336533	1277.861328	26.846758
-3.526842	7.336533	1276.177734	16.402699
-3.526842	7.336533	1274.494141	16.399044
-3.526842	7.336533	1272.810547	19.376369
-3.526842	7.336533	1271.125000	16.391737
-3.526842	7.336533	1269.441406	20.857559
-3.526842	7.336533	1267.755859	10.426455
-3.526842	7.336533	1266.070313	8.934968
-3.526842	7.336533	1264.384766	10.421804
-3.526842	7.336533	1262.697266	14.884971
-3.526842	7.336533	1261.011719	17.857979
-3.526842	7.336533	1259.324219	20.829660
-3.526842	7.336533	1257.636719	19.337509
-3.526842	7.336533	1255.949219	13.384518
-3.526842	7.336533	1254.261719	17.842037
-3.526842	7.336533	1252.572266	17.838053
-3.526842	7.336533	1250.882813	14.861723
-3.526842	7.336533	1249.193359	20.801762
-3.526842	7.336533	1247.503906	22.282621
-3.526842	7.336533	1245.814453	14.851760
-3.526842	7.336533	1244.125000	28.212034
-3.526842	7.336533	1242.433594	19.298653
-3.526842	7.336533	1240.742188	20.778517
-3.526842	7.336533	1239.050781	16.322325
-3.526842	7.336533	1237.359375	13.351641
-3.526842	7.336533	1235.666016	17.798203
-3.526842	7.336533	1233.974609	19.277069
-3.526842	7.336533	1232.281250	17.790234
-3.526842	7.336533	1230.587891	14.821874
-3.526842	7.336533	1228.892578	14.818553
-3.526842	7.336533	1227.199219	20.741325
-3.526842	7.336533	1225.503906	22.217869
-3.526842	7.336533	1223.810547	14.808592
-3.526842	7.336533	1222.115234	22.207909
-3.526842	7.336533	1220.417969	20.722733
-3.526842	7.336533	1218.722656	23.677811
-3.526842	7.336533	1217.025391	17.754374
-3.526842	7.336533	1215.330078	7.395996
-3.526842	7.336533	1213.632813	14.788671
-3.526842	7.336533	1211.933594	14.785351
-3.526842	7.336533	1210.236328	11.825625
-3.526842	7.336533	1208.537109	19.212324
-3.526842	7.336533	1206.839844	16.252930
-3.526842	7.336533	1205.140625	19.203693
-3.526842	7.336533	1203.439453	17.722502
-3.526842	7.336533	1201.740234	11.812346
-3.526842	7.336533	1200.041016	23.619379
-3.526842	7.336533	1198.339844	17.710550
-3.526842	7.336533	1196.638672	17.706568
-3.526842	7.336533	1194.937500	19.177799
-3.526842	7.336533	1193.234375	17.698601
-3.526842	7.336533	1191.533203	20.643721
-3.526842	7.336533	1189.830078	14.742195
-3.526842	7.336533	1188.126953	17.686651
-3.526842	7.336533	1186.423828	19.156223
-3.526842	7.336533	1184.720703	13.259013
-3.526842	7.336533	1183.015625	16.201809
-3.526842	7.336533	1181.312500	20.615837
-3.526842	7.336533	1179.607422	27.972330
-3.526842	7.336533	1177.902344	20.606543
-3.526842	7.336533	1176.195313	17.658768
-3.526842	7.336533	1174.490234	14.712321
-3.526842	7.336533	1172.783203	16.179903
-3.526842	7.336533	1171.076172	14.705683
-3.526842	7.336533	1169.369141	20.583309
-3.526842	7.336533	1167.662109	16.168949
-3.526842	7.336533	1165.953125	17.634871
-3.526842	7.336533	1164.246094	16.161648
-3.526842	7.336533	1162.537109	16.157997
-3.526842	7.336533	1160.828125	22.028654
-3.526842	7.336533	1159.117188	17.618940
-3.526842	7.336533	1157.408203	16.147045
-3.526842	7.336533	1155.697266	17.610975
-3.526842	7.336533	1153.986328	23.475992
-3.526842	7.336533	1152.275391	14.669176
-3.526842	7.336533	1150.564453	23.465372
-3.526842	7.336533	1148.853516	17.595047
-3.526842	7.336533	1147.140625	19.056986
-3.526842	7.336533	1145.427734	17.587082
-3.526842	7.336533	1143.714844	24.909391
-3.526842	7.336533	1142.001953	19.044044
-3.526842	7.336533	1140.287109	20.504326
-3.526842	7.336533	1138.574219	20.499680
-3.526842	7.336533	1136.859375	17.567173
-3.526842	7.336533	1135.144531	14.635992
-3.526842	7.336533	1133.427734	21.949011
-3.526842	7.336533	1131.712891	14.629355
-3.526842	7.336533	1129.996094	20.476452
-3.526842	7.336533	1128.279297	23.396351
-3.526842	7.336533	1126.562500	20.467163
-3.526842	7.336533	1124.845703	14.616084
-3.526842	7.336533	1123.128906	20.457872
-3.526842	7.336533	1121.410156	20.453226
-3.526842	7.336533	1119.691406	18.987968
-3.526842	7.336533	1117.972656	20.443937
-3.526842	7.336533	1116.253906	20.439293
-3.526842	7.336533	1114.533203	13.136559
-3.526842	7.336533	1112.814453	14.592859
-3.526842	7.336533	1111.093750	11.671633
-3.526842	7.336533	1109.373047	16.044846
-3.526842	7.336533	1107.652344	11.666325
-3.526842	7.336533	1105.929688	18.953465
-3.526842	7.336533	1104.208984	16.033899
-3.526842	7.336533	1102.486328	18.944839
-3.526842	7.336533	1100.763672	13.112673
-3.526842	7.336533	1099.039063	16.022951
-3.526842	7.336533	1097.316406	11.650401
-3.526842	7.336533	1095.591797	20.383558
-3.526842	7.336533	1093.867188	17.467642
-3.526842	7.336533	1092.142578	26.195490
-3.526842	7.336533	1090.417969	20.369627
-3.526842	7.336533	1088.693359	16.001059
-3.526842	7.336533	1086.966797	21.814648
-3.526842	7.336533	1085.240234	14.539783
-3.526842	7.336533	1083.513672	21.804697
-3.526842	7.336533	1081.787109	26.159666
-3.526842	7.336533	1080.058594	20.341764
-3.526842	7.336533	1078.332031	15.979166
-3.526842	7.336533	1076.603516	14.523198
-3.526842	7.336533	1074.875000	18.875845
-3.526842	7.336533	1073.144531	13.064908
-3.526842	7.336533	1071.416016	13.061923
-3.526842	7.336533	1069.685547	17.411919
-3.526842	7.336533	1067.955078	8.703969
-3.526842	7.336533	1066.224609	21.754948
-3.526842	7.336533	1064.494141	17.399979
-3.526842	7.336533	1062.763672	14.496666
-3.526842	7.336533	1061.031250	15.942684
-3.526842	7.336533	1059.298828	15.939036
-3.526842	7.336533	1057.566406	17.384060
-3.526842	7.336533	1055.832031	20.276762
-3.526842	7.336533	1054.099609	15.928093
-3.526842	7.336533	1052.365234	17.372122
-3.526842	7.336533	1050.630859	18.815489
-3.526842	7.336533	1048.896484	20.258192
-3.526842	7.336533	1047.162109	18.806868
-3.526842	7.336533	1045.425781	14.463506
-3.526842	7.336533	1043.691406	17.352228
-3.526842	7.336533	1041.955078	14.456874
-3.526842	7.336533	1040.218750	23.125692
-3.526842	7.336533	1038.480469	21.675364
-3.526842	7.336533	1036.744141	17.336313
-3.526842	7.336533	1035.005859	12.999250
-3.526842	7.336533	1033.267578	27.436563
-3.526842	7.336533	1031.529297	17.324377
-3.526842	7.336533	1029.789063	20.207132
-3.526842	7.336533	1028.050781	18.759455
-3.526842	7.336533	1026.310547	21.640553
-3.526842	7.336533	1024.570313	21.635580
-3.526842	7.336533	1022.830078	25.956730
-3.526842	7.336533	1021.089844	21.625635
-3.526842	7.336533	1019.347656	15.855153
-3.526842	7.336533	1017.605469	20.174644
-3.526842	7.336533	1015.863281	17.288574
-3.526842	7.336533	1014.121094	24.486513
-3.526842	7.336533	1012.378906	20.160723
-3.526842	7.336533	1010.634766	28.794403
-3.526842	7.336533	1008.890625	17.272665
-3.526842	7.336533	1007.146484	23.024916
-3.526842	7.336533	1005.402344	24.458338
-3.526842	7.336533	1003.656250	25.891098
-3.526842	7.336533	1001.912109	20.132881
-3.526842	7.336533	1000.166016	27.316898
-3.526842	7.336533	998.419922	34.497604
-3.526842	7.336533	996.673828	35.926716
-3.526842	7.336533	994.925781	30.171484
-3.526842	7.336533	993.177734	21.546089
-3.526842	7.336533	991.431641	28.721491
-3.526842	7.336533	989.681641	28.714863
-3.526842	7.336533	987.933594	30.143648
-3.526842	7.336533	986.185547	38.747169
-3.526842	7.336533	984.435547	38.738224
-3.526842	7.336533	982.685547	37.294861
-3.526842	7.336533	980.935547	30.115814
-3.526842	7.336533	979.185547	43.012650
-3.526842	7.336533	977.433594	32.968746
-3.526842	7.336533	975.681641	31.528032
-3.526842	7.336533	973.929688	28.655222
-3.526842	7.336533	972.177734	32.945885
-3.526842	7.336533	970.425781	27.209871
-3.526842	7.336533	968.671875	32.930645
-3.526842	7.336533	966.917969	28.628719
-3.526842	7.336533	965.164063	31.484303
-3.526842	7.336533	963.410156	30.046242
-3.526842	7.336533	961.656250	30.039286
-3.526842	7.336533	959.900391	35.752773
-3.526842	7.336533	958.144531	37.174271
-3.526842	7.336533	956.388672	38.595108
-3.526842	7.336533	954.632813	28.582344
-3.526842	7.336533	952.876953	22.860577
-3.526842	7.336533	951.119141	25.712187
-3.526842	7.336533	949.361328	35.703091
-3.526842	7.336533	947.603516	29.983641
-3.526842	7.336533	945.845703	31.404148
-3.526842	7.336533	944.085938	29.969732
-3.526842	7.336533	942.328125	25.682381
-3.526842	7.336533	940.568359	27.102888
-3.526842	7.336533	938.808594	28.522734
-3.526842	7.336533	937.046875	37.070946
-3.526842	7.336533	935.287109	32.785912
-3.526842	7.336533	933.525391	25.652580
-3.526842	7.336533	931.763672	18.522558
-3.526842	7.336533	930.001953	28.489622
-3.526842	7.336533	928.240234	17.089800
-3.526842	7.336533	926.476563	22.781103
-3.526842	7.336533	924.712891	17.081856
-3.526842	7.336533	922.949219	19.924196
-3.526842	7.336533	921.185547	24.188040
-3.526842	7.336533	919.419922	22.759916
-3.526842	7.336533	917.656250	24.176785
-3.526842	7.336533	915.890625	18.483826
-3.526842	7.336533	914.125000	18.479523
-3.526842	7.336533	912.359375	21.317562
-3.526842	7.336533	910.591797	22.733438
-3.526842	7.336533	908.824219	22.728142
-3.526842	7.336533	907.058594	19.882490
-3.526842	7.336533	905.289063	24.137400
-3.526842	7.336533	903.521484	11.356129
-3.526842	7.336533	901.753906	18.449408
-3.526842	7.336533	899.984375	18.445105
-3.526842	7.336533	898.214844	18.440804
-3.526842	7.336533	896.445313	24.109272
-3.526842	7.336533	894.673828	19.850061
-3.526842	7.336533	892.904297	17.010368
-3.526842	7.336533	891.132813	18.423599
-3.526842	7.336533	889.361328	25.503643
-3.526842	7.336533	887.589844	19.831535
-3.526842	7.336533	885.816406	24.075525
-3.526842	7.336533	884.044922	19.822273
-3.526842	7.336533	882.271484	18.402096
-3.526842	7.336533	880.498047	19.813011
-3.526842	7.336533	878.722656	18.393496
-3.526842	7.336533	876.949219	12.730982
-3.526842	7.336533	875.173828	22.627565
-3.526842	7.336533	873.398438	21.208382
-3.526842	7.336533	871.623047	21.203421
-3.526842	7.336533	869.847656	16.958767
-3.526842	7.336533	868.070313	18.367699
-3.526842	7.336533	866.292969	16.950832
-3.526842	7.336533	864.515625	16.946863
-3.526842	7.336533	862.738281	21.178619
-3.526842	7.336533	860.960938	15.527351
-3.526842	7.336533	859.181641	21.168701
-3.526842	7.336533	857.402344	21.163742
-3.526842	7.336533	855.623047	26.801125
-3.526842	7.336533	853.843750	16.923059
-3.526842	7.336533	852.064453	16.919092
-3.526842	7.336533	850.283203	15.505532
-3.526842	7.336533	848.501953	18.320423
-3.526842	7.336533	846.720703	21.133991
-3.526842	7.336533	844.939453	19.720432
-3.526842	7.336533	843.156250	21.124077
-3.526842	7.336533	841.373047	21.119120
-3.526842	7.336533	839.589844	22.521774
-3.526842	7.336533	837.806641	23.923767
-3.526842	7.336533	836.023438	18.290350
-3.526842	7.336533	834.238281	18.286055
-3.526842	7.336533	832.453125	14.062892
-3.526842	7.336533	830.667969	15.465547
-3.526842	7.336533	828.882813	22.490055
-3.526842	7.336533	827.095703	19.674173
-3.526842	7.336533	825.310547	16.859613
-3.526842	7.336533	823.523438	16.855650
-3.526842	7.336533	821.736328	16.851686
-3.526842	7.336533	819.947266	22.463629
-3.526842	7.336533	818.160156	15.440112
-3.526842	7.336533	816.371094	15.436480
-3.526842	7.336533	814.582031	15.432847
-3.526842	7.336533	812.792969	12.623902
-3.526842	7.336533	811.001953	15.425582
-3.526842	7.336533	809.212891	15.421950
-3.526842	7.336533	807.421875	15.418318
-3.526842	7.336533	805.630859	16.816021
-3.526842	7.336533	803.839844	18.213064
-3.526842	7.336533	802.046875	18.208773
-3.526842	7.336533	800.253906	18.204483
-3.526842	7.336533	798.460938	15.400162
-3.526842	7.336533	796.667969	25.194323
-3.526842	7.336533	794.875000	27.987091
-3.526842	7.336533	793.080078	22.384394
-3.526842	7.336533	791.285156	25.176502
-3.526842	7.336533	789.490234	19.577105
-3.526842	7.336533	787.695313	16.776415
-3.526842	7.336533	785.900391	20.965569
-3.526842	7.336533	784.103516	18.165871
-3.526842	7.336533	782.306641	16.764538
-3.526842	7.336533	780.509766	26.537582
-3.526842	7.336533	778.712891	22.342159
-3.526842	7.336533	776.914063	16.752661
-3.526842	7.336533	775.115234	13.957253
-3.526842	7.336533	773.318359	22.326328
-3.526842	7.336533	771.517578	22.321051
-3.526842	7.336533	769.718750	26.499983
-3.526842	7.336533	767.917969	22.310497
-3.526842	7.336533	766.117188	18.122993
-3.526842	7.336533	764.316406	22.299948
-3.526842	7.336533	762.515625	18.114420
-3.526842	7.336533	760.714844	25.075571
-3.526842	7.336533	758.912109	19.498608
-3.526842	7.336533	757.109375	22.278849
-3.526842	7.336533	755.306641	23.665672
-3.526842	7.336533	753.501953	19.484762
-3.526842	7.336533	751.699219	18.088709
-3.526842	7.336533	749.894531	27.822193
-3.526842	7.336533	748.089844	23.643263
-3.526842	7.336533	746.285156	23.637661
-3.526842	7.336533	744.478516	20.851816
-3.526842	7.336533	742.673828	22.236666
-3.526842	7.336533	740.867188	25.010321
-3.526842	7.336533	739.060547	23.615257
-3.526842	7.336533	737.251953	24.998461
-3.526842	7.336533	735.445313	22.215584
-3.526842	7.336533	733.636719	20.822170
-3.526842	7.336533	731.828125	23.592861
-3.526842	7.336533	730.019531	24.974749
-3.526842	7.336533	728.208984	23.581665
-3.526842	7.336533	726.400391	23.576067
-3.526842	7.336533	724.589844	22.183971
-3.526842	7.336533	722.779297	19.406366
-3.526842	7.336533	720.966797	15.244238
-3.526842	7.336533	719.156250	20.782660
-3.526842	7.336533	717.343750	16.622179
-3.526842	7.336533	715.531250	16.618229
-3.526842	7.336533	713.718750	22.152372
-3.526842	7.336533	711.904297	22.147108
-3.526842	7.336533	710.091797	20.757978
-3.526842	7.336533	708.277344	23.520115
-3.526842	7.336533	706.462891	16.598486
-3.526842	7.336533	704.646484	20.743174
-3.526842	7.336533	702.832031	17.973141
-3.526842	7.336533	701.015625	17.968864
-3.526842	7.336533	699.199219	22.110262
-3.526842	7.336533	697.382813	23.486563
-3.526842	7.336533	695.566406	24.862207
-3.526842	7.336533	693.748047	23.475384
-3.526842	7.336533	691.929688	20.708641
-3.526842	7.336533	690.111328	24.844452
-3.526842	7.336533	688.292969	19.318861
-3.526842	7.336533	686.472656	19.314259
-3.526842	7.336533	684.652344	13.792612
-3.526842	7.336533	682.832031	12.410393
-3.526842	7.336533	681.011719	16.543247
-3.526842	7.336533	679.191406	22.052404
-3.526842	7.336533	677.369141	19.291254
-3.526842	7.336533	675.546875	15.153800
-3.526842	7.336533	673.724609	19.282055
-3.526842	7.336533	671.902344	19.277456
-3.526842	7.336533	670.078125	19.272858
-3.526842	7.336533	668.255859	19.268259
-3.526842	7.336533	666.431641	20.639639
-3.526842	7.336533	664.607422	22.010361
-3.526842	7.336533	662.781250	22.005106
-3.526842	7.336533	660.957031	28.874807
-3.526842	7.336533	659.130859	27.493250
-3.526842	7.336533	657.304688	23.363682
-3.526842	7.336533	655.476563	20.610090
-3.526842	7.336533	653.650391	19.231489
-3.526842	7.336533	651.822266	23.346945
-3.526842	7.336533	649.994141	23.341366
-3.526842	7.336533	648.166016	28.826561
-3.526842	7.336533	646.335938	17.840750
-3.526842	7.336533	644.507813	30.184820
-3.526842	7.336533	642.677734	26.062475
-3.526842	7.336533	640.847656	30.170387
-3.526842	7.336533	639.015625	21.936853
-3.526842	7.336533	637.185547	23.302332
-3.526842	7.336533	635.353516	27.407949
-3.526842	7.336533	633.521484	32.881672
-3.526842	7.336533	631.689453	28.764578
-3.526842	7.336533	629.855469	32.865936
-3.526842	7.336533	628.023438	32.858067
-3.526842	7.336533	626.189453	21.900135
-3.526842	7.336533	624.355469	26.000185
-3.526842	7.336533	622.519531	23.257751
-3.526842	7.336533	620.685547	23.252182
-3.526842	7.336533	618.849609	31.451300
-3.526842	7.336533	617.013672	23.241045
-3.526842	7.336533	615.177734	24.602268
-3.526842	7.336533	613.339844	27.329304
-3.526842	7.336533	611.503906	30.055029
-3.526842	7.336533	609.666016	20.487154
-3.526842	7.336533	607.828125	25.944174
-3.526842	7.336533	605.988281	38.224354
-3.526842	7.336533	604.150391	35.485531
-3.526842	7.336533	602.310547	32.748020
-3.526842	7.336533	600.470703	27.283472
-3.526842	7.336533	598.628906	27.276928
-3.526842	7.336533	596.789063	23.179825
-3.526842	7.336533	594.947266	19.084688
-3.526842	7.336533	593.105469	23.168703
-3.526842	7.336533	591.263672	23.163141
-3.526842	7.336533	589.421875	28.606424
-3.526842	7.336533	587.578125	19.066372
-3.526842	7.336533	585.734375	20.423351
-3.526842	7.336533	583.890625	21.779676
-3.526842	7.336533	582.046875	27.218058
-3.526842	7.336533	580.201172	19.048063
-3.526842	7.336533	578.355469	25.844734
-3.526842	7.336533	576.509766	25.838524
-3.526842	7.336533	574.664063	20.393934
-3.526842	7.336533	572.818359	20.389032
-3.526842	7.336533	570.970703	20.384132
-3.526842	7.336533	569.123047	20.379232
-3.526842	7.336533	567.275391	13.582889
-3.526842	7.336533	565.427734	19.011473
-3.526842	7.336533	563.578125	23.079809
-3.526842	7.336533	561.728516	24.431568
-3.526842	7.336533	559.878906	25.782675
-3.526842	7.336533	558.029297	32.559753
-3.526842	7.336533	556.177734	20.344952
-3.526842	7.336533	554.328125	25.764071
-3.526842	7.336533	552.476563	24.402193
-3.526842	7.336533	550.625000	18.974916
-3.526842	7.336533	548.771484	23.035423
-3.526842	7.336533	546.919922	27.093975
-3.526842	7.336533	545.066406	31.150570
-3.526842	7.336533	543.212891	28.434977
-3.526842	7.336533	541.357422	37.904171
-3.526842	7.336533	539.503906	36.541649
-3.526842	7.336533	537.648438	33.826710
-3.526842	7.336533	535.792969	47.345989
-3.526842	7.336533	533.937500	43.277332
-3.526842	7.336533	532.080078	48.675266
-3.526842	7.336533	530.224609	52.718834
-3.526842	7.336533	528.367188	74.329155
-3.526842	7.336533	526.507813	99.982399
-3.526842	7.336533	524.650391	160.743744
-3.526842	7.336533	522.791016	338.966003
-3.526842	7.336533	520.933594	595.410217
-3.526842	7.336533	519.074219	465.684784
-3.526842	7.336533	517.212891	238.858932
-3.526842	7.336533	515.353516	144.360123
-3.526842	7.336533	513.492188	84.976578
-3.526842	7.336533	511.630859	68.773972
-3.526842	7.336533	509.769531	57.971909
-3.526842	7.336533	507.906250	51.218628
-3.526842	7.336533	506.044922	59.291470
-3.526842	7.336533	504.181641	43.110661
-3.526842	7.336533	502.318359	49.834671
-3.526842	7.336533	500.453125	55.208874
-3.526842	7.336533	498.589844	61.926712
-3.526842	7.336533	496.724609	51.144497
-3.526842	7.336533	494.859375	49.786564
-3.526842	7.336533	492.992188	55.155575
-3.526842	7.336533	491.126953	60.521988
-3.526842	7.336533	489.259766	55.128937
-3.526842	7.336533	487.392578	45.705635
-3.526842	7.336533	485.525391	36.286884
-3.526842	7.336533	483.656250	47.027191
-3.526842	7.336533	481.789063	40.299282
-3.526842	7.336533	479.919922	38.946556
-3.526842	7.336533	478.050781	44.307785
-3.526842	7.336533	476.179688	37.585400
-3.526842	7.336533	474.310547	33.550282
-3.526842	7.336533	472.439453	37.567230
-3.526842	7.336533	470.568359	25.485888
-3.526842	7.336533	468.695313	26.820763
-3.526842	7.336533	466.824219	32.177135
-3.526842	7.336533	464.951172	32.169353
-3.526842	7.336533	463.078125	28.141376
-3.526842	7.336533	461.205078	28.134569
-3.526842	7.336533	459.330078	25.448931
-3.526842	7.336533	457.457031	26.781868
-3.526842	7.336533	455.582031	28.114157
-3.526842	7.336533	453.707031	24.092018
-3.526842	7.336533	451.830078	24.086189
-3.526842	7.336533	449.955078	22.742563
-3.526842	7.336533	448.078125	24.074533
-3.526842	7.336533	446.201172	32.091610
-3.526842	7.336533	444.322266	30.747015
-3.526842	7.336533	442.445313	26.730062
-3.526842	7.336533	440.566406	29.395950
-3.526842	7.336533	438.687500	30.724689
-3.526842	7.336533	436.808594	24.039587
-3.526842	7.336533	434.927734	18.692928
-3.526842	7.336533	433.048828	29.367489
-3.526842	7.336533	431.167969	24.022127
-3.526842	7.336533	429.285156	16.010872
-3.526842	7.336533	427.404297	20.008743
-3.526842	7.336533	425.521484	28.005455
-3.526842	7.336533	423.638672	25.332130
-3.526842	7.336533	421.755859	19.994205
-3.526842	7.336533	419.873047	30.650352
-3.526842	7.336533	417.988281	29.310625
-3.526842	7.336533	416.105469	27.971542
-3.526842	7.336533	414.220703	21.306488
-3.526842	7.336533	412.333984	19.969990
-3.526842	7.336533	410.449219	22.627171
-3.526842	7.336533	408.562500	27.944435
-3.526842	7.336533	406.675781	29.268026
-3.526842	7.336533	404.789063	31.921015
-3.526842	7.336533	402.900391	33.242996
-3.526842	7.336533	401.013672	57.164089
-3.526842	7.336533	399.125000	63.795605
-3.526842	7.336533	397.236328	65.108887
-3.526842	7.336533	395.345703	71.735252
-3.526842	7.336533	393.457031	61.092987
-3.526842	7.336533	391.566406	69.044884
-3.526842	7.336533	389.675781	59.735889
-3.526842	7.336533	387.783203	50.431404
-3.526842	7.336533	385.892578	50.419170
-3.526842	7.336533	384.000000	53.059937
-3.526842	7.336533	382.107422	42.437649
-3.526842	7.336533	380.214844	47.730774
-3.526842	7.336533	378.320313	43.742592
-3.526842	7.336533	376.425781	58.309303
-3.526842	7.336533	374.531250	76.843613
-3.526842	7.336533	372.636719	58.281006
-3.526842	7.336533	370.742188	47.672886
-3.526842	7.336533	368.845703	54.280945
-3.526842	7.336533	366.949219	56.914978
-3.526842	7.336533	365.052734	46.314899
-3.526842	7.336533	363.154297	38.365887
-3.526842	7.336533	361.257813	41.001854
-3.526842	7.336533	359.359375	52.892776
-3.526842	7.336533	357.460938	50.235939
-3.526842	7.336533	355.560547	44.937031
-3.526842	7.336533	353.662109	42.283405
-3.526842	7.336533	351.761719	43.594177
-3.526842	7.336533	349.861328	52.828594
-3.526842	7.336533	347.960938	51.495369
-3.526842	7.336533	346.058594	43.562424
-3.526842	7.336533	344.156250	39.592587
-3.526842	7.336533	342.253906	38.263538
-3.526842	7.336533	340.351563	55.402699
-3.526842	7.336533	338.449219	34.288578
-3.526842	7.336533	336.544922	36.917191
-3.526842	7.336533	334.640625	38.226376
-3.526842	7.336533	332.736328	42.170582
-3.526842	7.336533	330.832031	42.160336
-3.526842	7.336533	328.925781	31.612572
-3.526842	7.336533	327.019531	30.288021
-3.526842	7.336533	325.113281	39.496517
-3.526842	7.336533	323.207031	27.640844
-3.526842	7.336533	321.298828	22.370483
-3.526842	7.336533	319.390625	32.889778
-3.526842	7.336533	317.482422	24.990156
-3.526842	7.336533	315.574219	30.243893
-3.526842	7.336533	313.664063	28.921909
-3.526842	7.336533	311.753906	28.914883
-3.526842	7.336533	309.843750	27.593861
-3.526842	7.336533	307.933594	35.469200
-3.526842	7.336533	306.023438	27.580450
-3.526842	7.336533	304.111328	23.634642
-3.526842	7.336533	302.199219	36.756062
-3.526842	7.336533	300.287109	35.434731
-3.526842	7.336533	298.373047	31.489883
-3.526842	7.336533	296.458984	27.546949
-3.526842	7.336533	294.546875	26.228813
-3.526842	7.336533	292.630859	26.222439
-3.526842	7.336533	290.716797	31.459276
-3.526842	7.336533	288.800781	39.314537
-3.526842	7.336533	286.884766	43.235477
-3.526842	7.336533	284.968750	45.844662
-3.526842	7.336533	283.052734	48.452576
-3.526842	7.336533	281.134766	60.223694
-3.526842	7.336533	279.218750	62.826839
-3.526842	7.336533	277.298828	56.268692
-3.526842	7.336533	275.380859	51.021988
-3.526842	7.336533	273.462891	61.473087
-3.526842	7.336533	271.542969	62.765762
-3.526842	7.336533	269.623047	66.672409
-3.526842	7.336533	267.701172	81.033028
-3.526842	7.336533	265.781250	107.146660
-3.526842	7.336533	263.859375	171.131699
-3.526842	7.336533	261.937500	255.982132
-3.526842	7.336533	260.015625	297.702728
-3.526842	7.336533	258.093750	266.300842
-3.526842	7.336533	256.169922	225.778641
-3.526842	7.336533	254.246094	227.028503
-3.526842	7.336533	252.322266	461.773285
-3.526842	7.336533	250.396484	1520.612305
-3.526842	7.336533	248.472656	1954.411255
-3.526842	7.336533	246.546875	891.589233
-3.526842	7.336533	244.621094	401.378235
-3.526842	7.336533	242.693359	280.114746
-3.526842	7.336533	240.767578	196.683914
-3.526842	7.336533	238.839844	152.360413
-3.526842	7.336533	236.912109	128.889008
-3.526842	7.336533	234.982422	117.143333
-3.526842	7.336533	233.054688	98.896988
-3.526842	7.336533	231.125000	94.970062
-3.526842	7.336533	229.195313	71.535393
-3.526842	7.336533	227.263672	78.019630
-3.526842	7.336533	225.333984	76.700653
-3.526842	7.336533	223.402344	75.382309
-3.526842	7.336533	221.470703	89.657150
-3.526842	7.336533	219.539063	87.037231
-3.526842	7.336533	217.605469	75.327339
-3.526842	7.336533	215.673828	86.994911
-3.526842	7.336533	213.740234	71.396370
-3.526842	7.336533	211.804688	64.890015
-3.526842	7.336533	209.871094	59.684299
-3.526842	7.336533	207.935547	57.075451
-3.526842	7.336533	206.000000	51.874161
-3.526842	7.336533	204.064453	41.489239
-3.526842	7.336533	202.128906	33.701813
-3.526842	7.336533	200.191406	36.285439
-3.526842	7.336533	198.253906	24.616276
-3.526842	7.336533	196.316406	32.381962
-3.526842	7.336533	194.376953	22.014383
-3.526842	7.336533	192.439453	18.125086
-3.526842	7.336533	190.500000	29.769688
-3.526842	7.336533	188.560547	33.644512
-3.526842	7.336533	186.619141	23.286694
-3.526842	7.336533	184.679688	24.574423
-3.526842	7.336533	182.738281	29.740757
-3.526842	7.336533	180.796875	23.269718
-3.526842	7.336533	178.855469	25.848959
-3.526842	7.336533	176.912109	20.674143
-3.526842	7.336533	174.968750	21.960938
-3.526842	7.336533	173.025391	18.081083
-3.526842	7.336533	171.082031	30.988613
-3.526842	7.336533	169.136719	29.690205
-3.526842	7.336533	167.193359	20.649036
-3.526842	7.336533	165.246094	21.934271
-3.526842	7.336533	163.300781	27.088694
-3.526842	7.336533	161.355469	30.950985
-3.526842	7.336533	159.408203	23.207600
-3.526842	7.336533	157.460938	23.201962
-3.526842	7.336533	155.513672	20.618956
-3.526842	7.336533	153.564453	30.920921
-3.526842	7.336533	151.617188	20.608942
-3.526842	7.336533	149.667969	34.769142
-3.526842	7.336533	147.716797	34.760696
-3.526842	7.336533	145.767578	42.474979
-3.526842	7.336533	143.816406	38.604240
-3.526842	7.336533	141.865234	51.459820
-3.526842	7.336533	139.914063	54.019691
-3.526842	7.336533	137.962891	73.294640
-3.526842	7.336533	136.009766	65.563492
-3.526842	7.336533	134.056641	44.983627
-3.526842	7.336533	132.103516	51.397377
-3.526842	7.336533	130.150391	50.100277
-3.526842	7.336533	128.195313	57.793980
-3.526842	7.336533	126.240234	48.791962
-3.526842	7.336533	124.285156	47.496429
-3.526842	7.336533	122.330078	38.501270
-3.526842	7.336533	120.373047	46.190315
-3.526842	7.336533	118.416016	37.199833
-3.526842	7.336533	116.458984	48.732780
-3.526842	7.336533	114.501953	47.438828
-3.526842	7.336533	112.542969	38.454582
-3.526842	7.336533	110.583984	41.008266
-3.526842	7.336533	108.625000	25.623949
-3.526842	7.336533	106.666016	23.055960
-3.526842	7.336533	104.705078	14.086336
-3.526842	7.336533	102.746094	15.363185
-3.526842	7.336533	100.785156	8.959684
-3.526842	7.336533	98.822266	7.677867
-3.526842	7.336533	96.861328	2.558668
-3.526842	7.336533	94.898438	3.837072
-3.526842	7.336533	92.935547	0.000000
-3.526842	7.336533	90.972656	2.556808
-3.526842	7.336533	89.007813	2.556188
-3.526842	7.336533	87.044922	0.000000
-3.526842	7.336533	85.080078	2.554949
-3.526842	7.336533	83.113281	2.554329
-3.526842	7.336533	81.148438	0.000000
-3.526842	7.336533	79.181641	2.553092
-3.526842	7.336533	77.214844	1.276236
-3.526842	7.336533	75.248047	1.275927
-3.526842	7.336533	73.281250	1.275618
-3.526842	7.336533	71.312500	-1.275309
-3.526842	7.336533	69.343750	1.275000
-3.526842	7.336533	67.375000	-1.274691
-3.526842	7.336533	65.404297	1.274383
-3.526842	7.336533	63.435547	-1.274074
-3.526842	7.336533	61.464844	0.000000
-3.526842	7.336533	59.494141	1.273457
0.473158	7.336533	1838.757813	14.464583
0.473158	7.336533	1837.195313	14.464583
0.473158	7.336533	1835.632813	22.495674
0.473158	7.336533	1834.070313	17.671412
0.473158	7.336533	1832.507813	19.273802
0.473158	7.336533	1830.945313	12.846467
0.473158	7.336533	1829.382813	12.843733
0.473158	7.336533	1827.818359	20.866625
0.473158	7.336533	1826.253906	24.071751
0.473158	7.336533	1824.689453	20.857744
0.473158	7.336533	1823.125000	12.832804
0.473158	7.336533	1821.560547	20.848867
0.473158	7.336533	1819.994141	22.447847
0.473158	7.336533	1818.429688	19.236917
0.473158	7.336533	1816.863281	19.232822
0.473158	7.336533	1815.296875	17.626335
0.473158	7.336533	1813.730469	19.224636
0.473158	7.336533	1812.162109	16.017120
0.473158	7.336533	1810.595703	12.810968
0.473158	7.336533	1809.027344	22.414423
0.473158	7.336533	1807.458984	16.006893
0.473158	7.336533	1805.890625	24.005228
0.473158	7.336533	1804.322266	20.800102
0.473158	7.336533	1802.753906	20.795673
0.473158	7.336533	1801.183594	15.993266
0.473158	7.336533	1799.613281	14.390875
0.473158	7.336533	1798.042969	14.387811
0.473158	7.336533	1796.472656	11.188137
0.473158	7.336533	1794.902344	17.577614
0.473158	7.336533	1793.332031	27.159618
0.473158	7.336533	1791.759766	23.959267
0.473158	7.336533	1790.187500	12.775554
0.473158	7.336533	1788.617188	15.966041
0.473158	7.336533	1787.044922	22.347696
0.473158	7.336533	1785.470703	23.938862
0.473158	7.336533	1783.898438	17.551426
0.473158	7.336533	1782.324219	22.333420
0.473158	7.336533	1780.750000	19.138853
0.473158	7.336533	1779.177734	22.323906
0.473158	7.336533	1777.601563	20.724924
0.473158	7.336533	1776.027344	19.126623
0.473158	7.336533	1774.453125	14.341911
0.473158	7.336533	1772.876953	20.711679
0.473158	7.336533	1771.300781	17.521534
0.473158	7.336533	1769.724609	22.295382
0.473158	7.336533	1768.148438	17.514067
0.473158	7.336533	1766.572266	20.694031
0.473158	7.336533	1764.994141	15.915092
0.473158	7.336533	1763.417969	22.276381
0.473158	7.336533	1761.839844	25.453293
0.473158	7.336533	1760.261719	19.085901
0.473158	7.336533	1758.683594	15.901526
0.473158	7.336533	1757.103516	22.257391
0.473158	7.336533	1755.525391	15.894747
0.473158	7.336533	1753.945313	17.480494
0.473158	7.336533	1752.365234	19.065563
0.473158	7.336533	1750.785156	23.826872
0.473158	7.336533	1749.205078	20.645552
0.473158	7.336533	1747.625000	23.816710
0.473158	7.336533	1746.042969	22.224188
0.473158	7.336533	1744.460938	15.871035
0.473158	7.336533	1742.878906	28.561768
0.473158	7.336533	1741.296875	25.382822
0.473158	7.336533	1739.714844	20.619143
0.473158	7.336533	1738.132813	19.028994
0.473158	7.336533	1736.548828	19.024935
0.473158	7.336533	1734.964844	17.435802
0.473158	7.336533	1733.380859	22.186285
0.473158	7.336533	1731.796875	19.012756
0.473158	7.336533	1730.212891	20.592758
0.473158	7.336533	1728.628906	20.588362
0.473158	7.336533	1727.042969	22.167349
0.473158	7.336533	1725.457031	12.664352
0.473158	7.336533	1723.871094	18.992474
0.473158	7.336533	1722.285156	18.988419
0.473158	7.336533	1720.699219	26.894514
0.473158	7.336533	1719.111328	22.143694
0.473158	7.336533	1717.525391	26.883030
0.473158	7.336533	1715.937500	17.391186
0.473158	7.336533	1714.349609	18.968151
0.473158	7.336533	1712.759766	23.705124
0.473158	7.336533	1711.171875	25.280064
0.473158	7.336533	1709.583984	20.535664
0.473158	7.336533	1707.994141	17.372618
0.473158	7.336533	1706.404297	12.631931
0.473158	7.336533	1704.814453	15.786540
0.473158	7.336533	1703.224609	18.939798
0.473158	7.336533	1701.632813	15.779793
0.473158	7.336533	1700.042969	11.043493
0.473158	7.336533	1698.451172	18.927656
0.473158	7.336533	1696.859375	20.500576
0.473158	7.336533	1695.267578	22.072824
0.473158	7.336533	1693.675781	20.491812
0.473158	7.336533	1692.082031	22.063385
0.473158	7.336533	1690.490234	22.058666
0.473158	7.336533	1688.896484	17.328102
0.473158	7.336533	1687.302734	15.749451
0.473158	7.336533	1685.708984	23.619122
0.473158	7.336533	1684.113281	17.316984
0.473158	7.336533	1682.519531	18.887213
0.473158	7.336533	1680.923828	11.015183
0.473158	7.336533	1679.328125	17.305868
0.473158	7.336533	1677.732422	25.166784
0.473158	7.336533	1676.136719	20.443636
0.473158	7.336533	1674.541016	15.722507
0.473158	7.336533	1672.943359	22.006798
0.473158	7.336533	1671.345703	22.002087
0.473158	7.336533	1669.748047	21.997374
0.473158	7.336533	1668.150391	18.850855
0.473158	7.336533	1666.552734	14.135113
0.473158	7.336533	1664.955078	17.272549
0.473158	7.336533	1663.355469	23.548429
0.473158	7.336533	1661.755859	26.682503
0.473158	7.336533	1660.156250	23.538340
0.473158	7.336533	1658.556641	17.257750
0.473158	7.336533	1656.957031	20.391151
0.473158	7.336533	1655.355469	15.682139
0.473158	7.336533	1653.755859	18.814533
0.473158	7.336533	1652.154297	18.810499
0.473158	7.336533	1650.552734	14.104850
0.473158	7.336533	1648.951172	10.968086
0.473158	7.336533	1647.347656	15.665335
0.473158	7.336533	1645.746094	18.794371
0.473158	7.336533	1644.142578	17.224478
0.473158	7.336533	1642.539063	25.048410
0.473158	7.336533	1640.935547	20.347467
0.473158	7.336533	1639.332031	12.518831
0.473158	7.336533	1637.728516	12.516145
0.473158	7.336533	1636.123047	20.334370
0.473158	7.336533	1634.517578	18.766159
0.473158	7.336533	1632.912109	20.325642
0.473158	7.336533	1631.306641	25.010803
0.473158	7.336533	1629.701172	18.754074
0.473158	7.336533	1628.093750	18.750048
0.473158	7.336533	1626.488281	17.183851
0.473158	7.336533	1624.880859	15.618328
0.473158	7.336533	1623.273438	18.737967
0.473158	7.336533	1621.666016	20.295103
0.473158	7.336533	1620.056641	10.925784
0.473158	7.336533	1618.449219	18.725891
0.473158	7.336533	1616.839844	15.601555
0.473158	7.336533	1615.230469	20.277662
0.473158	7.336533	1613.621094	18.713818
0.473158	7.336533	1612.011719	15.591496
0.473158	7.336533	1610.400391	7.794071
0.473158	7.336533	1608.791016	15.584790
0.473158	7.336533	1607.179688	18.697725
0.473158	7.336533	1605.568359	18.693703
0.473158	7.336533	1603.957031	10.902314
0.473158	7.336533	1602.345703	18.685659
0.473158	7.336533	1600.732422	21.795246
0.473158	7.336533	1599.121094	20.234087
0.473158	7.336533	1597.507813	29.566530
0.473158	7.336533	1595.894531	9.334789
0.473158	7.336533	1594.281250	23.331947
0.473158	7.336533	1592.666016	23.326923
0.473158	7.336533	1591.052734	23.321899
0.473158	7.336533	1589.437500	17.099043
0.473158	7.336533	1587.822266	12.432988
0.473158	7.336533	1586.207031	20.199253
0.473158	7.336533	1584.591797	21.748354
0.473158	7.336533	1582.974609	12.424953
0.473158	7.336533	1581.359375	27.950119
0.473158	7.336533	1579.742188	21.734295
0.473158	7.336533	1578.125000	20.177494
0.473158	7.336533	1576.507813	20.173143
0.473158	7.336533	1574.888672	18.617348
0.473158	7.336533	1573.271484	18.613331
0.473158	7.336533	1571.652344	15.507764
0.473158	7.336533	1570.033203	20.155743
0.473158	7.336533	1568.414063	20.151394
0.473158	7.336533	1566.794922	17.047501
0.473158	7.336533	1565.173828	21.692135
0.473158	7.336533	1563.554688	12.392830
0.473158	7.336533	1561.933594	20.134001
0.473158	7.336533	1560.312500	18.581219
0.473158	7.336533	1558.691406	18.577206
0.473158	7.336533	1557.070313	21.668726
0.473158	7.336533	1555.447266	17.021749
0.473158	7.336533	1553.826172	21.659363
0.473158	7.336533	1552.203125	17.014395
0.473158	7.336533	1550.580078	15.464288
0.473158	7.336533	1548.955078	13.914851
0.473158	7.336533	1547.332031	18.549124
0.473158	7.336533	1545.708984	20.090540
0.473158	7.336533	1544.083984	20.086195
0.473158	7.336533	1542.458984	27.805639
0.473158	7.336533	1540.833984	16.988659
0.473158	7.336533	1539.207031	26.249521
0.473158	7.336533	1537.582031	13.893799
0.473158	7.336533	1535.955078	16.977634
0.473158	7.336533	1534.330078	23.146309
0.473158	7.336533	1532.703125	18.513039
0.473158	7.336533	1531.074219	23.136288
0.473158	7.336533	1529.447266	18.505022
0.473158	7.336533	1527.818359	15.417512
0.473158	7.336533	1526.191406	13.872756
0.473158	7.336533	1524.562500	13.869750
0.473158	7.336533	1522.933594	15.407495
0.473158	7.336533	1521.302734	23.106234
0.473158	7.336533	1519.673828	16.940899
0.473158	7.336533	1518.042969	16.937225
0.473158	7.336533	1516.414063	12.315312
0.473158	7.336533	1514.783203	18.468962
0.473158	7.336533	1513.150391	12.309971
0.473158	7.336533	1511.519531	32.306667
0.473158	7.336533	1509.888672	23.071184
0.473158	7.336533	1508.255859	19.990686
0.473158	7.336533	1506.623047	18.448938
0.473158	7.336533	1504.990234	16.907856
0.473158	7.336533	1503.357422	12.293953
0.473158	7.336533	1501.722656	16.900515
0.473158	7.336533	1500.089844	18.432922
0.473158	7.336533	1498.455078	23.036148
0.473158	7.336533	1496.820313	23.031143
0.473158	7.336533	1495.185547	21.491064
0.473158	7.336533	1493.548828	19.951651
0.473158	7.336533	1491.914063	13.809680
0.473158	7.336533	1490.277344	15.340754
0.473158	7.336533	1488.640625	21.472385
0.473158	7.336533	1487.003906	21.467716
0.473158	7.336533	1485.367188	21.463049
0.473158	7.336533	1483.728516	16.860155
0.473158	7.336533	1482.091797	15.324080
0.473158	7.336533	1480.453125	12.256597
0.473158	7.336533	1478.814453	16.849152
0.473158	7.336533	1477.175781	21.439709
0.473158	7.336533	1475.535156	22.966116
0.473158	7.336533	1473.896484	24.491856
0.473158	7.336533	1472.255859	18.364891
0.473158	7.336533	1470.615234	12.240595
0.473158	7.336533	1468.974609	24.475857
0.473158	7.336533	1467.333984	15.294077
0.473158	7.336533	1465.691406	13.761670
0.473158	7.336533	1464.050781	21.402376
0.473158	7.336533	1462.408203	18.340895
0.473158	7.336533	1460.765625	13.752672
0.473158	7.336533	1459.123047	16.805157
0.473158	7.336533	1457.478516	18.328899
0.473158	7.336533	1455.835938	13.743675
0.473158	7.336533	1454.191406	16.794161
0.473158	7.336533	1452.546875	18.316904
0.473158	7.336533	1450.902344	25.943285
0.473158	7.336533	1449.257813	18.308908
0.473158	7.336533	1447.611328	19.830320
0.473158	7.336533	1445.966797	12.200609
0.473158	7.336533	1444.320313	19.821661
0.473158	7.336533	1442.673828	19.817331
0.473158	7.336533	1441.025391	16.764847
0.473158	7.336533	1439.378906	16.761183
0.473158	7.336533	1437.730469	15.234109
0.473158	7.336533	1436.083984	19.800013
0.473158	7.336533	1434.435547	22.841173
0.473158	7.336533	1432.787109	15.224118
0.473158	7.336533	1431.136719	13.698709
0.473158	7.336533	1429.488281	22.826189
0.473158	7.336533	1427.837891	22.821194
0.473158	7.336533	1426.187500	12.168640
0.473158	7.336533	1424.537109	19.769712
0.473158	7.336533	1422.886719	18.244970
0.473158	7.336533	1421.234375	22.801218
0.473158	7.336533	1419.583984	12.157987
0.473158	7.336533	1417.931641	16.713570
0.473158	7.336533	1416.279297	19.748074
0.473158	7.336533	1414.626953	15.187497
0.473158	7.336533	1412.974609	7.592084
0.473158	7.336533	1411.320313	15.180840
0.473158	7.336533	1409.666016	16.695263
0.473158	7.336533	1408.011719	16.691603
0.473158	7.336533	1406.357422	22.756283
0.473158	7.336533	1404.703125	15.167528
0.473158	7.336533	1403.048828	25.779140
0.473158	7.336533	1401.392578	12.128697
0.473158	7.336533	1399.736328	16.673300
0.473158	7.336533	1398.080078	22.731325
0.473158	7.336533	1396.423828	19.696157
0.473158	7.336533	1394.765625	19.691832
0.473158	7.336533	1393.109375	15.144236
0.473158	7.336533	1391.451172	21.197271
0.473158	7.336533	1389.792969	19.678856
0.473158	7.336533	1388.134766	16.647680
0.473158	7.336533	1386.476563	27.235670
0.473158	7.336533	1384.816406	16.640362
0.473158	7.336533	1383.156250	16.636702
0.473158	7.336533	1381.496094	15.120948
0.473158	7.336533	1379.835938	12.094097
0.473158	7.336533	1378.175781	15.114295
0.473158	7.336533	1376.515625	25.688648
0.473158	7.336533	1374.853516	22.661465
0.473158	7.336533	1373.191406	6.041727
0.473158	7.336533	1371.529297	16.611090
0.473158	7.336533	1369.867188	13.587899
0.473158	7.336533	1368.205078	12.075472
0.473158	7.336533	1366.541016	16.600115
0.473158	7.336533	1364.876953	15.087688
0.473158	7.336533	1363.212891	18.101236
0.473158	7.336533	1361.548828	18.097246
0.473158	7.336533	1359.884766	19.601027
0.473158	7.336533	1358.218750	15.074388
0.473158	7.336533	1356.554688	7.535531
0.473158	7.336533	1354.888672	15.067738
0.473158	7.336533	1353.222656	15.064412
0.473158	7.336533	1351.554688	19.579414
0.473158	7.336533	1349.888672	25.598196
0.473158	7.336533	1348.220703	18.065325
0.473158	7.336533	1346.552734	21.071558
0.473158	7.336533	1344.884766	13.543010
0.473158	7.336533	1343.216797	21.062250
0.473158	7.336533	1341.548828	16.545254
0.473158	7.336533	1339.878906	19.549160
0.473158	7.336533	1338.208984	22.551737
0.473158	7.336533	1336.539063	18.037401
0.473158	7.336533	1334.869141	16.530628
0.473158	7.336533	1333.199219	13.522067
0.473158	7.336533	1331.527344	22.531794
0.473158	7.336533	1329.857422	19.523233
0.473158	7.336533	1328.185547	16.516003
0.473158	7.336533	1326.513672	15.011224
0.473158	7.336533	1324.839844	21.011061
0.473158	7.336533	1323.167969	18.005493
0.473158	7.336533	1321.494141	12.001002
0.473158	7.336533	1319.820313	13.498137
0.473158	7.336533	1318.146484	13.495146
0.473158	7.336533	1316.472656	10.493898
0.473158	7.336533	1314.798828	28.477125
0.473158	7.336533	1313.123047	19.480028
0.473158	7.336533	1311.447266	13.483183
0.473158	7.336533	1309.771484	16.475790
0.473158	7.336533	1308.095703	11.979734
0.473158	7.336533	1306.419922	19.462749
0.473158	7.336533	1304.742188	13.471220
0.473158	7.336533	1303.064453	16.461170
0.473158	7.336533	1301.386719	22.442066
0.473158	7.336533	1299.708984	16.453859
0.473158	7.336533	1298.031250	11.963785
0.473158	7.336533	1296.351563	22.427114
0.473158	7.336533	1294.671875	19.432512
0.473158	7.336533	1292.994141	17.933718
0.473158	7.336533	1291.312500	22.412163
0.473158	7.336533	1289.632813	16.431932
0.473158	7.336533	1287.953125	17.921757
0.473158	7.336533	1286.271484	20.904066
0.473158	7.336533	1284.589844	14.928153
0.473158	7.336533	1282.908203	22.387247
0.473158	7.336533	1281.226563	19.397963
0.473158	7.336533	1279.542969	17.901825
0.473158	7.336533	1277.861328	11.931892
0.473158	7.336533	1276.177734	23.858469
0.473158	7.336533	1274.494141	13.417399
0.473158	7.336533	1272.810547	14.904901
0.473158	7.336533	1271.125000	19.372051
0.473158	7.336533	1269.441406	16.388083
0.473158	7.336533	1267.755859	13.405442
0.473158	7.336533	1266.070313	16.380775
0.473158	7.336533	1264.384766	20.843609
0.473158	7.336533	1262.697266	16.373468
0.473158	7.336533	1261.011719	16.369814
0.473158	7.336533	1259.324219	20.829660
0.473158	7.336533	1257.636719	23.800011
0.473158	7.336533	1255.949219	17.846024
0.473158	7.336533	1254.261719	14.868364
0.473158	7.336533	1252.572266	17.838053
0.473158	7.336533	1250.882813	16.347895
0.473158	7.336533	1249.193359	13.372561
0.473158	7.336533	1247.503906	17.826097
0.473158	7.336533	1245.814453	17.822111
0.473158	7.336533	1244.125000	8.909063
0.473158	7.336533	1242.433594	16.329630
0.473158	7.336533	1240.742188	19.294336
0.473158	7.336533	1239.050781	17.806171
0.473158	7.336533	1237.359375	20.769218
0.473158	7.336533	1235.666016	11.865468
0.473158	7.336533	1233.974609	14.828515
0.473158	7.336533	1232.281250	17.790234
0.473158	7.336533	1230.587891	19.268436
0.473158	7.336533	1228.892578	14.818553
0.473158	7.336533	1227.199219	11.852186
0.473158	7.336533	1225.503906	16.293104
0.473158	7.336533	1223.810547	26.655466
0.473158	7.336533	1222.115234	16.285799
0.473158	7.336533	1220.417969	13.321756
0.473158	7.336533	1218.722656	17.758358
0.473158	7.336533	1217.025391	14.795311
0.473158	7.336533	1215.330078	10.354394
0.473158	7.336533	1213.632813	17.746405
0.473158	7.336533	1211.933594	16.263885
0.473158	7.336533	1210.236328	20.694843
0.473158	7.336533	1208.537109	19.212324
0.473158	7.336533	1206.839844	16.252930
0.473158	7.336533	1205.140625	17.726486
0.473158	7.336533	1203.439453	16.245626
0.473158	7.336533	1201.740234	14.765432
0.473158	7.336533	1200.041016	14.762113
0.473158	7.336533	1198.339844	19.186430
0.473158	7.336533	1196.638672	25.084305
0.473158	7.336533	1194.937500	19.177799
0.473158	7.336533	1193.234375	19.173483
0.473158	7.336533	1191.533203	14.745514
0.473158	7.336533	1189.830078	10.319536
0.473158	7.336533	1188.126953	19.160538
0.473158	7.336533	1186.423828	17.682667
0.473158	7.336533	1184.720703	19.151907
0.473158	7.336533	1183.015625	20.620483
0.473158	7.336533	1181.312500	19.143278
0.473158	7.336533	1179.607422	22.083418
0.473158	7.336533	1177.902344	16.190855
0.473158	7.336533	1176.195313	11.772512
0.473158	7.336533	1174.490234	16.183554
0.473158	7.336533	1172.783203	16.179903
0.473158	7.336533	1171.076172	19.117388
0.473158	7.336533	1169.369141	17.642838
0.473158	7.336533	1167.662109	14.699045
0.473158	7.336533	1165.953125	17.634871
0.473158	7.336533	1164.246094	14.692408
0.473158	7.336533	1162.537109	17.626905
0.473158	7.336533	1160.828125	17.622923
0.473158	7.336533	1159.117188	19.087187
0.473158	7.336533	1157.408203	17.614958
0.473158	7.336533	1155.697266	20.546139
0.473158	7.336533	1153.986328	19.074244
0.473158	7.336533	1152.275391	13.202258
0.473158	7.336533	1150.564453	20.532200
0.473158	7.336533	1148.853516	13.196285
0.473158	7.336533	1147.140625	19.056986
0.473158	7.336533	1145.427734	16.121492
0.473158	7.336533	1143.714844	20.513617
0.473158	7.336533	1142.001953	20.508972
0.473158	7.336533	1140.287109	17.575136
0.473158	7.336533	1138.574219	23.428205
0.473158	7.336533	1136.859375	17.567173
0.473158	7.336533	1135.144531	20.490389
0.473158	7.336533	1133.427734	26.338814
0.473158	7.336533	1131.712891	21.944035
0.473158	7.336533	1129.996094	14.626038
0.473158	7.336533	1128.279297	21.934080
0.473158	7.336533	1126.562500	20.467163
0.473158	7.336533	1124.845703	11.692867
0.473158	7.336533	1123.128906	21.919149
0.473158	7.336533	1121.410156	13.148503
0.473158	7.336533	1119.691406	13.145517
0.473158	7.336533	1117.972656	20.443937
0.473158	7.336533	1116.253906	21.899242
0.473158	7.336533	1114.533203	16.055794
0.473158	7.336533	1112.814453	14.592859
0.473158	7.336533	1111.093750	21.884312
0.473158	7.336533	1109.373047	17.503469
0.473158	7.336533	1107.652344	18.957779
0.473158	7.336533	1105.929688	20.411425
0.473158	7.336533	1104.208984	14.576271
0.473158	7.336533	1102.486328	23.316727
0.473158	7.336533	1100.763672	17.483564
0.473158	7.336533	1099.039063	21.849478
0.473158	7.336533	1097.316406	16.019302
0.473158	7.336533	1095.591797	16.015654
0.473158	7.336533	1093.867188	17.467642
0.473158	7.336533	1092.142578	26.195490
0.473158	7.336533	1090.417969	23.279573
0.473158	7.336533	1088.693359	21.819624
0.473158	7.336533	1086.966797	15.997409
0.473158	7.336533	1085.240234	17.447739
0.473158	7.336533	1083.513672	21.804697
0.473158	7.336533	1081.787109	14.533149
0.473158	7.336533	1080.058594	15.982815
0.473158	7.336533	1078.332031	18.884470
0.473158	7.336533	1076.603516	13.070878
0.473158	7.336533	1074.875000	15.971869
0.473158	7.336533	1073.144531	15.968221
0.473158	7.336533	1071.416016	15.964573
0.473158	7.336533	1069.685547	15.960925
0.473158	7.336533	1067.955078	24.661245
0.473158	7.336533	1066.224609	15.953629
0.473158	7.336533	1064.494141	15.949981
0.473158	7.336533	1062.763672	14.496666
0.473158	7.336533	1061.031250	11.594680
0.473158	7.336533	1059.298828	10.143023
0.473158	7.336533	1057.566406	13.038046
0.473158	7.336533	1055.832031	17.380081
0.473158	7.336533	1054.099609	21.720127
0.473158	7.336533	1052.365234	18.819799
0.473158	7.336533	1050.630859	20.262835
0.473158	7.336533	1048.896484	15.917150
0.473158	7.336533	1047.162109	13.020139
0.473158	7.336533	1045.425781	13.017155
0.473158	7.336533	1043.691406	24.582323
0.473158	7.336533	1041.955078	23.130999
0.473158	7.336533	1040.218750	18.789625
0.473158	7.336533	1038.480469	15.895267
0.473158	7.336533	1036.744141	18.781006
0.473158	7.336533	1035.005859	18.776695
0.473158	7.336533	1033.267578	15.884326
0.473158	7.336533	1031.529297	12.993283
0.473158	7.336533	1029.789063	15.877032
0.473158	7.336533	1028.050781	18.759455
0.473158	7.336533	1026.310547	17.312443
0.473158	7.336533	1024.570313	21.635580
0.473158	7.336533	1022.830078	25.956730
0.473158	7.336533	1021.089844	18.742218
0.473158	7.336533	1019.347656	18.737907
0.473158	7.336533	1017.605469	21.615690
0.473158	7.336533	1015.863281	21.610718
0.473158	7.336533	1014.121094	24.486513
0.473158	7.336533	1012.378906	20.160723
0.473158	7.336533	1010.634766	24.475243
0.473158	7.336533	1008.890625	18.712053
0.473158	7.336533	1007.146484	15.829630
0.473158	7.336533	1005.402344	18.703436
0.473158	7.336533	1003.656250	28.767887
0.473158	7.336533	1001.912109	23.009007
0.473158	7.336533	1000.166016	24.441437
0.473158	7.336533	998.419922	33.060204
0.473158	7.336533	996.673828	28.741375
0.473158	7.336533	994.925781	24.424534
0.473158	7.336533	993.177734	28.728119
0.473158	7.336533	991.431641	34.465790
0.473158	7.336533	989.681641	34.457836
0.473158	7.336533	987.933594	27.272823
0.473158	7.336533	986.185547	27.266527
0.473158	7.336533	984.435547	37.303474
0.473158	7.336533	982.685547	27.253937
0.473158	7.336533	980.935547	35.852158
0.473158	7.336533	979.185547	28.675100
0.473158	7.336533	977.433594	27.235050
0.473158	7.336533	975.681641	32.961124
0.473158	7.336533	973.929688	35.819027
0.473158	7.336533	972.177734	34.378315
0.473158	7.336533	970.425781	35.802464
0.473158	7.336533	968.671875	35.794182
0.473158	7.336533	966.917969	35.785900
0.473158	7.336533	965.164063	35.777618
0.473158	7.336533	963.410156	35.769337
0.473158	7.336533	961.656250	35.761055
0.473158	7.336533	959.900391	28.602219
0.473158	7.336533	958.144531	24.306255
0.473158	7.336533	956.388672	34.306763
0.473158	7.336533	954.632813	24.294992
0.473158	7.336533	952.876953	32.862080
0.473158	7.336533	951.119141	38.568279
0.473158	7.336533	949.361328	34.274967
0.473158	7.336533	947.603516	29.983641
0.473158	7.336533	945.845703	31.404148
0.473158	7.336533	944.085938	35.678253
0.473158	7.336533	942.328125	37.096771
0.473158	7.336533	940.568359	38.514629
0.473158	7.336533	938.808594	25.670460
0.473158	7.336533	937.046875	32.793530
0.473158	7.336533	935.287109	27.084015
0.473158	7.336533	933.525391	24.227436
0.473158	7.336533	931.763672	27.071432
0.473158	7.336533	930.001953	19.942736
0.473158	7.336533	928.240234	25.634701
0.473158	7.336533	926.476563	24.204924
0.473158	7.336533	924.712891	17.081856
0.473158	7.336533	922.949219	22.770510
0.473158	7.336533	921.185547	19.919561
0.473158	7.336533	919.419922	19.914928
0.473158	7.336533	917.656250	21.332457
0.473158	7.336533	915.890625	18.483826
0.473158	7.336533	914.125000	11.372014
0.473158	7.336533	912.359375	15.632879
0.473158	7.336533	910.591797	22.733438
0.473158	7.336533	908.824219	17.046106
0.473158	7.336533	907.058594	18.462313
0.473158	7.336533	905.289063	26.977093
0.473158	7.336533	903.521484	26.970806
0.473158	7.336533	901.753906	25.545332
0.473158	7.336533	899.984375	21.282814
0.473158	7.336533	898.214844	26.951944
0.473158	7.336533	896.445313	18.436502
0.473158	7.336533	894.673828	25.521509
0.473158	7.336533	892.904297	18.427900
0.473158	7.336533	891.132813	24.092398
0.473158	7.336533	889.361328	25.503643
0.473158	7.336533	887.589844	28.330765
0.473158	7.336533	885.816406	14.162074
0.473158	7.336533	884.044922	26.901655
0.473158	7.336533	882.271484	19.817642
0.473158	7.336533	880.498047	25.473871
0.473158	7.336533	878.722656	21.223265
0.473158	7.336533	876.949219	19.803749
0.473158	7.336533	875.173828	19.799120
0.473158	7.336533	873.398438	18.380596
0.473158	7.336533	871.623047	16.962736
0.473158	7.336533	869.847656	19.785229
0.473158	7.336533	868.070313	22.606400
0.473158	7.336533	866.292969	21.188540
0.473158	7.336533	864.515625	29.657011
0.473158	7.336533	862.738281	24.002436
0.473158	7.336533	860.960938	19.762083
0.473158	7.336533	859.181641	14.112468
0.473158	7.336533	857.402344	21.163742
0.473158	7.336533	855.623047	16.927027
0.473158	7.336533	853.843750	18.333315
0.473158	7.336533	852.064453	15.509169
0.473158	7.336533	850.283203	22.553501
0.473158	7.336533	848.501953	19.729687
0.473158	7.336533	846.720703	21.133991
0.473158	7.336533	844.939453	19.720432
0.473158	7.336533	843.156250	15.490990
0.473158	7.336533	841.373047	22.527061
0.473158	7.336533	839.589844	23.929384
0.473158	7.336533	837.806641	19.701925
0.473158	7.336533	836.023438	11.255600
0.473158	7.336533	834.238281	15.472816
0.473158	7.336533	832.453125	16.875471
0.473158	7.336533	830.667969	16.871506
0.473158	7.336533	828.882813	18.273170
0.473158	7.336533	827.095703	14.052980
0.473158	7.336533	825.310547	14.049678
0.473158	7.336533	823.523438	18.260286
0.473158	7.336533	821.736328	23.873220
0.473158	7.336533	819.947266	21.059652
0.473158	7.336533	818.160156	16.843760
0.473158	7.336533	816.371094	19.646429
0.473158	7.336533	814.582031	23.850763
0.473158	7.336533	812.792969	22.442493
0.473158	7.336533	811.001953	32.253490
0.473158	7.336533	809.212891	21.029932
0.473158	7.336533	807.421875	19.623314
0.473158	7.336533	805.630859	15.414686
0.473158	7.336533	803.839844	7.005025
0.473158	7.336533	802.046875	8.404049
0.473158	7.336533	800.253906	21.005173
0.473158	7.336533	798.460938	16.800177
0.473158	7.336533	796.667969	22.394955
0.473158	7.336533	794.875000	22.389673
0.473158	7.336533	793.080078	22.384394
0.473158	7.336533	791.285156	23.777807
0.473158	7.336533	789.490234	16.780375
0.473158	7.336533	787.695313	20.970518
0.473158	7.336533	785.900391	16.772455
0.473158	7.336533	784.103516	16.768496
0.473158	7.336533	782.306641	27.940895
0.473158	7.336533	780.509766	15.363864
0.473158	7.336533	778.712891	19.549391
0.473158	7.336533	776.914063	22.336882
0.473158	7.336533	775.115234	23.727329
0.473158	7.336533	773.318359	20.930933
0.473158	7.336533	771.517578	23.716116
0.473158	7.336533	769.718750	25.105246
0.473158	7.336533	767.917969	25.099310
0.473158	7.336533	766.117188	15.334841
0.473158	7.336533	764.316406	26.481186
0.473158	7.336533	762.515625	18.114420
0.473158	7.336533	760.714844	18.110134
0.473158	7.336533	758.912109	23.676880
0.473158	7.336533	757.109375	33.418270
0.473158	7.336533	755.306641	22.273575
0.473158	7.336533	753.501953	32.010681
0.473158	7.336533	751.699219	33.394543
0.473158	7.336533	749.894531	20.866644
0.473158	7.336533	748.089844	26.424822
0.473158	7.336533	746.285156	22.247210
0.473158	7.336533	744.478516	29.192543
0.473158	7.336533	742.673828	22.236666
0.473158	7.336533	740.867188	23.620857
0.473158	7.336533	739.060547	19.447859
0.473158	7.336533	737.251953	13.888034
0.473158	7.336533	735.445313	15.273214
0.473158	7.336533	733.636719	15.269591
0.473158	7.336533	731.828125	19.429415
0.473158	7.336533	730.019531	18.037317
0.473158	7.336533	728.208984	19.420195
0.473158	7.336533	726.400391	18.028757
0.473158	7.336533	724.589844	15.251480
0.473158	7.336533	722.779297	29.109549
0.473158	7.336533	720.966797	22.173437
0.473158	7.336533	719.156250	20.782660
0.473158	7.336533	717.343750	23.548086
0.473158	7.336533	715.531250	19.387934
0.473158	7.336533	713.718750	16.614279
0.473158	7.336533	711.904297	20.762913
0.473158	7.336533	710.091797	16.606382
0.473158	7.336533	708.277344	23.520115
0.473158	7.336533	706.462891	17.981693
0.473158	7.336533	704.646484	22.126051
0.473158	7.336533	702.832031	20.738239
0.473158	7.336533	701.015625	20.733305
0.473158	7.336533	699.199219	20.728371
0.473158	7.336533	697.382813	23.486563
0.473158	7.336533	695.566406	17.956038
0.473158	7.336533	693.748047	12.428144
0.473158	7.336533	691.929688	23.469793
0.473158	7.336533	690.111328	23.464205
0.473158	7.336533	688.292969	16.559023
0.473158	7.336533	686.472656	19.314259
0.473158	7.336533	684.652344	22.068180
0.473158	7.336533	682.832031	19.305056
0.473158	7.336533	681.011719	20.679058
0.473158	7.336533	679.191406	22.052404
0.473158	7.336533	677.369141	23.425095
0.473158	7.336533	675.546875	15.153800
0.473158	7.336533	673.724609	19.282055
0.473158	7.336533	671.902344	17.900496
0.473158	7.336533	670.078125	16.519592
0.473158	7.336533	668.255859	22.020868
0.473158	7.336533	666.431641	22.015614
0.473158	7.336533	664.607422	20.634712
0.473158	7.336533	662.781250	15.128510
0.473158	7.336533	660.957031	24.749834
0.473158	7.336533	659.130859	27.493250
0.473158	7.336533	657.304688	28.861019
0.473158	7.336533	655.476563	26.106115
0.473158	7.336533	653.650391	30.220913
0.473158	7.336533	651.822266	23.346945
0.473158	7.336533	649.994141	24.714388
0.473158	7.336533	648.166016	28.826561
0.473158	7.336533	646.335938	28.819672
0.473158	7.336533	644.507813	26.068708
0.473158	7.336533	642.677734	26.062475
0.473158	7.336533	640.847656	23.313480
0.473158	7.336533	639.015625	30.163172
0.473158	7.336533	637.185547	21.931606
0.473158	7.336533	635.353516	23.296757
0.473158	7.336533	633.521484	27.401392
0.473158	7.336533	631.689453	27.394835
0.473158	7.336533	629.855469	34.235348
0.473158	7.336533	628.023438	21.905378
0.473158	7.336533	626.189453	26.006411
0.473158	7.336533	624.355469	23.263323
0.473158	7.336533	622.519531	34.202576
0.473158	7.336533	620.685547	28.723284
0.473158	7.336533	618.849609	27.348957
0.473158	7.336533	617.013672	25.975285
0.473158	7.336533	615.177734	28.702646
0.473158	7.336533	613.339844	27.329304
0.473158	7.336533	611.503906	21.858204
0.473158	7.336533	609.666016	28.682016
0.473158	7.336533	607.828125	25.944174
0.473158	7.336533	605.988281	28.668266
0.473158	7.336533	604.150391	31.391048
0.473158	7.336533	602.310547	30.019018
0.473158	7.336533	600.470703	23.190950
0.473158	7.336533	598.628906	27.276928
0.473158	7.336533	596.789063	28.633902
0.473158	7.336533	594.947266	28.627031
0.473158	7.336533	593.105469	23.168703
0.473158	7.336533	591.263672	17.712992
0.473158	7.336533	589.421875	23.157581
0.473158	7.336533	587.578125	24.513906
0.473158	7.336533	585.734375	24.508020
0.473158	7.336533	583.890625	19.057217
0.473158	7.336533	582.046875	21.774446
0.473158	7.336533	580.201172	20.408640
0.473158	7.336533	578.355469	23.124235
0.473158	7.336533	576.509766	16.319069
0.473158	7.336533	574.664063	19.034338
0.473158	7.336533	572.818359	20.389032
0.473158	7.336533	570.970703	20.384132
0.473158	7.336533	569.123047	19.020617
0.473158	7.336533	567.275391	21.732622
0.473158	7.336533	565.427734	17.653511
0.473158	7.336533	563.578125	21.722174
0.473158	7.336533	561.728516	27.146187
0.473158	7.336533	559.878906	20.354742
0.473158	7.336533	558.029297	20.349846
0.473158	7.336533	556.177734	18.988621
0.473158	7.336533	554.328125	20.340055
0.473158	7.336533	552.476563	25.757872
0.473158	7.336533	550.625000	24.396320
0.473158	7.336533	548.771484	21.680399
0.473158	7.336533	546.919922	23.029879
0.473158	7.336533	545.066406	27.087452
0.473158	7.336533	543.212891	27.080931
0.473158	7.336533	541.357422	28.428129
0.473158	7.336533	539.503906	35.188255
0.473158	7.336533	537.648438	36.532848
0.473158	7.336533	535.792969	40.582275
0.473158	7.336533	533.937500	51.391830
0.473158	7.336533	532.080078	40.562725
0.473158	7.336533	530.224609	68.940010
0.473158	7.336533	528.367188	64.869080
0.473158	7.336533	526.507813	101.333511
0.473158	7.336533	524.650391	158.042175
0.473158	7.336533	522.791016	345.718323
0.473158	7.336533	520.933594	567.057373
0.473158	7.336533	519.074219	453.536499
0.473158	7.336533	517.212891	245.606354
0.473158	7.336533	515.353516	132.217682
0.473158	7.336533	513.492188	80.930077
0.473158	7.336533	511.630859	56.637386
0.473158	7.336533	509.769531	60.668274
0.473158	7.336533	507.906250	49.870770
0.473158	7.336533	506.044922	55.248867
0.473158	7.336533	504.181641	52.541119
0.473158	7.336533	502.318359	49.834671
0.473158	7.336533	500.453125	51.169201
0.473158	7.336533	498.589844	60.580479
0.473158	7.336533	496.724609	57.874035
0.473158	7.336533	494.859375	63.242393
0.473158	7.336533	492.992188	47.084026
0.473158	7.336533	491.126953	57.832119
0.473158	7.336533	489.259766	53.784328
0.473158	7.336533	487.392578	53.771336
0.473158	7.336533	485.525391	37.630844
0.473158	7.336533	483.656250	37.621750
0.473158	7.336533	481.789063	33.582733
0.473158	7.336533	479.919922	34.917603
0.473158	7.336533	478.050781	37.594486
0.473158	7.336533	476.179688	29.531385
0.473158	7.336533	474.310547	38.918327
0.473158	7.336533	472.439453	42.933979
0.473158	7.336533	470.568359	38.899513
0.473158	7.336533	468.695313	33.525955
0.473158	7.336533	466.824219	38.880703
0.473158	7.336533	464.951172	25.467403
0.473158	7.336533	463.078125	36.181770
0.473158	7.336533	461.205078	26.794828
0.473158	7.336533	459.330078	28.127764
0.473158	7.336533	457.457031	26.781868
0.473158	7.336533	455.582031	24.097849
0.473158	7.336533	453.707031	26.768909
0.473158	7.336533	451.830078	24.086189
0.473158	7.336533	449.955078	22.742563
0.473158	7.336533	448.078125	26.749481
0.473158	7.336533	446.201172	32.091610
0.473158	7.336533	444.322266	40.104801
0.473158	7.336533	442.445313	25.393559
0.473158	7.336533	440.566406	16.034155
0.473158	7.336533	438.687500	26.717121
0.473158	7.336533	436.808594	26.710651
0.473158	7.336533	434.927734	22.698557
0.473158	7.336533	433.048828	25.362831
0.473158	7.336533	431.167969	26.691252
0.473158	7.336533	429.285156	26.684788
0.473158	7.336533	427.404297	17.340910
0.473158	7.336533	425.521484	21.337488
0.473158	7.336533	423.638672	27.998671
0.473158	7.336533	421.755859	23.993046
0.473158	7.336533	419.873047	21.321983
0.473158	7.336533	417.988281	25.313721
0.473158	7.336533	416.105469	21.311651
0.473158	7.336533	414.220703	27.964764
0.473158	7.336533	412.333984	25.295322
0.473158	7.336533	410.449219	31.944241
0.473158	7.336533	408.562500	27.944435
0.473158	7.336533	406.675781	27.937662
0.473158	7.336533	404.789063	33.251057
0.473158	7.336533	402.900391	38.561874
0.473158	7.336533	401.013672	50.517101
0.473158	7.336533	399.125000	75.757278
0.473158	7.336533	397.236328	75.738907
0.473158	7.336533	395.345703	78.377403
0.473158	7.336533	393.457031	66.405418
0.473158	7.336533	391.566406	58.422596
0.473158	7.336533	389.675781	51.771103
0.473158	7.336533	387.783203	57.067116
0.473158	7.336533	385.892578	49.092350
0.473158	7.336533	384.000000	50.406940
0.473158	7.336533	382.107422	41.111473
0.473158	7.336533	380.214844	43.753208
0.473158	7.336533	378.320313	54.346859
0.473158	7.336533	376.425781	71.561417
0.473158	7.336533	374.531250	87.442734
0.473158	7.336533	372.636719	66.228416
0.473158	7.336533	370.742188	54.294121
0.473158	7.336533	368.845703	43.689541
0.473158	7.336533	366.949219	46.326145
0.473158	7.336533	365.052734	52.931313
0.473158	7.336533	363.154297	42.334774
0.473158	7.336533	361.257813	58.196182
0.473158	7.336533	359.359375	48.925816
0.473158	7.336533	357.460938	50.235939
0.473158	7.336533	355.560547	40.972000
0.473158	7.336533	353.662109	47.568832
0.473158	7.336533	351.761719	59.446602
0.473158	7.336533	349.861328	50.187164
0.473158	7.336533	347.960938	42.252613
0.473158	7.336533	346.058594	48.842716
0.473158	7.336533	344.156250	40.912338
0.473158	7.336533	342.253906	36.944107
0.473158	7.336533	340.351563	51.445362
0.473158	7.336533	338.449219	46.157703
0.473158	7.336533	336.544922	38.235664
0.473158	7.336533	334.640625	36.908226
0.473158	7.336533	332.736328	36.899258
0.473158	7.336533	330.832031	34.255276
0.473158	7.336533	328.925781	32.929760
0.473158	7.336533	327.019531	40.822983
0.473158	7.336533	325.113281	40.813065
0.473158	7.336533	323.207031	34.221996
0.473158	7.336533	321.298828	34.213680
0.473158	7.336533	319.390625	38.152142
0.473158	7.336533	317.482422	27.620699
0.473158	7.336533	315.574219	32.873795
0.473158	7.336533	313.664063	32.865807
0.473158	7.336533	311.753906	36.800758
0.473158	7.336533	309.843750	28.907854
0.473158	7.336533	307.933594	32.841850
0.473158	7.336533	306.023438	28.893806
0.473158	7.336533	304.111328	38.078033
0.473158	7.336533	302.199219	34.130630
0.473158	7.336533	300.287109	28.872744
0.473158	7.336533	298.373047	28.865726
0.473158	7.336533	296.458984	31.482229
0.473158	7.336533	294.546875	34.097458
0.473158	7.336533	292.630859	24.911316
0.473158	7.336533	290.716797	34.080883
0.473158	7.336533	288.800781	34.072598
0.473158	7.336533	286.884766	51.096474
0.473158	7.336533	284.968750	49.774204
0.473158	7.336533	283.052734	43.214458
0.473158	7.336533	281.134766	48.440796
0.473158	7.336533	279.218750	45.811237
0.473158	7.336533	277.298828	58.885841
0.473158	7.336533	275.380859	56.255013
0.473158	7.336533	273.462891	56.241337
0.473158	7.336533	271.542969	65.381004
0.473158	7.336533	269.623047	77.130829
0.473158	7.336533	267.701172	77.112076
0.473158	7.336533	265.781250	103.226662
0.473158	7.336533	263.859375	148.923767
0.473158	7.336533	261.937500	274.266571
0.473158	7.336533	260.015625	295.091309
0.473158	7.336533	258.093750	259.773865
0.473158	7.336533	256.169922	225.778641
0.473158	7.336533	254.246094	228.333267
0.473158	7.336533	252.322266	460.468842
0.473158	7.336533	250.396484	1593.643433
0.473158	7.336533	248.472656	2019.601807
0.473158	7.336533	246.546875	881.161316
0.473158	7.336533	244.621094	362.282959
0.473158	7.336533	242.693359	238.423248
0.473158	7.336533	240.767578	186.263580
0.473158	7.336533	238.839844	156.267090
0.473158	7.336533	236.912109	140.606186
0.473158	7.336533	234.982422	117.143333
0.473158	7.336533	233.054688	85.884224
0.473158	7.336533	231.125000	75.455666
0.473158	7.336533	229.195313	84.541824
0.473158	7.336533	227.263672	70.217667
0.473158	7.336533	225.333984	71.500610
0.473158	7.336533	223.402344	72.782921
0.473158	7.336533	221.470703	64.968948
0.473158	7.336533	219.539063	84.439102
0.473158	7.336533	217.605469	74.028595
0.473158	7.336533	215.673828	71.413734
0.473158	7.336533	213.740234	70.098259
0.473158	7.336533	211.804688	62.294415
0.473158	7.336533	209.871094	57.089329
0.473158	7.336533	207.935547	53.183941
0.473158	7.336533	206.000000	49.280453
0.473158	7.336533	204.064453	37.599625
0.473158	7.336533	202.128906	40.182930
0.473158	7.336533	200.191406	32.397713
0.473158	7.336533	198.253906	31.094242
0.473158	7.336533	196.316406	29.791407
0.473158	7.336533	194.376953	24.604309
0.473158	7.336533	192.439453	27.187628
0.473158	7.336533	190.500000	23.298016
0.473158	7.336533	188.560547	20.704315
0.473158	7.336533	186.619141	23.286694
0.473158	7.336533	184.679688	21.987642
0.473158	7.336533	182.738281	18.103069
0.473158	7.336533	180.796875	23.269718
0.473158	7.336533	178.855469	21.971615
0.473158	7.336533	176.912109	24.550545
0.473158	7.336533	174.968750	23.252758
0.473158	7.336533	173.025391	21.955603
0.473158	7.336533	171.082031	18.076691
0.473158	7.336533	169.136719	21.944933
0.473158	7.336533	167.193359	25.811296
0.473158	7.336533	165.246094	21.934271
0.473158	7.336533	163.300781	34.828320
0.473158	7.336533	161.355469	27.082111
0.473158	7.336533	159.408203	20.628977
0.473158	7.336533	157.460938	27.068956
0.473158	7.336533	155.513672	33.505806
0.473158	7.336533	153.564453	32.209293
0.473158	7.336533	151.617188	28.337294
0.473158	7.336533	149.667969	36.056889
0.473158	7.336533	147.716797	33.473263
0.473158	7.336533	145.767578	37.326496
0.473158	7.336533	143.816406	41.177856
0.473158	7.336533	141.865234	52.746315
0.473158	7.336533	139.914063	64.309158
0.473158	7.336533	137.962891	69.437027
0.473158	7.336533	136.009766	53.993462
0.473158	7.336533	134.056641	56.550846
0.473158	7.336533	132.103516	56.537117
0.473158	7.336533	130.150391	53.954147
0.473158	7.336533	128.195313	46.235184
0.473158	7.336533	126.240234	44.939964
0.473158	7.336533	124.285156	50.063805
0.473158	7.336533	122.330078	55.185158
0.473158	7.336533	120.373047	64.153214
0.473158	7.336533	118.416016	43.613598
0.473158	7.336533	116.458984	46.167900
0.473158	7.336533	114.501953	43.592434
0.473158	7.336533	112.542969	32.045483
0.473158	7.336533	110.583984	34.600727
0.473158	7.336533	108.625000	24.342752
0.473158	7.336533	106.666016	25.617733
0.473158	7.336533	104.705078	21.769793
0.473158	7.336533	102.746094	10.242123
0.473158	7.336533	100.785156	12.799549
0.473158	7.336533	98.822266	5.118578
0.473158	7.336533	96.861328	5.117337
0.473158	7.336533	94.898438	2.558048
0.473158	7.336533	92.935547	3.836141
0.473158	7.336533	90.972656	1.278404
0.473158	7.336533	89.007813	0.000000
0.473158	7.336533	87.044922	-1.277784
0.473158	7.336533	85.080078	1.277474
0.473158	7.336533	83.113281	1.277165
0.473158	7.336533	81.148438	3.830566
0.473158	7.336533	79.181641	3.829637
0.473158	7.336533	77.214844	1.276236
0.473158	7.336533	75.248047	0.000000
0.473158	7.336533	73.281250	0.000000
0.473158	7.336533	71.312500	0.000000
0.473158	7.336533	69.343750	0.000000
0.473158	7.336533	67.375000	1.274691
0.473158	7.336533	65.404297	1.274383
0.473158	7.336533	63.435547	0.000000
0.473158	7.336533	61.464844	1.273766
0.473158	7.336533	59.494141	2.546914
4.473158	7.336533	1838.757813	22.500463
4.473158	7.336533	1837.195313	16.071758
4.473158	7.336533	1835.632813	17.675173
4.473158	7.336533	1834.070313	14.458428
4.473158	7.336533	1832.507813	22.486103
4.473158	7.336533	1830.945313	22.481318
4.473158	7.336533	1829.382813	20.871067
4.473158	7.336533	1827.818359	14.446125
4.473158	7.336533	1826.253906	12.838267
4.473158	7.336533	1824.689453	28.879953
4.473158	7.336533	1823.125000	24.061506
4.473158	7.336533	1821.560547	20.848867
4.473158	7.336533	1819.994141	14.430759
4.473158	7.336533	1818.429688	12.824612
4.473158	7.336533	1816.863281	12.821882
4.473158	7.336533	1815.296875	17.626335
4.473158	7.336533	1813.730469	16.020531
4.473158	7.336533	1812.162109	14.415408
4.473158	7.336533	1810.595703	14.412339
4.473158	7.336533	1809.027344	16.010302
4.473158	7.336533	1807.458984	20.808962
4.473158	7.336533	1805.890625	30.406622
4.473158	7.336533	1804.322266	12.800063
4.473158	7.336533	1802.753906	20.795673
4.473158	7.336533	1801.183594	20.791246
4.473158	7.336533	1799.613281	15.989861
4.473158	7.336533	1798.042969	17.585102
4.473158	7.336533	1796.472656	19.179663
4.473158	7.336533	1794.902344	22.371510
4.473158	7.336533	1793.332031	22.366745
4.473158	7.336533	1791.759766	19.167412
4.473158	7.336533	1790.187500	20.760275
4.473158	7.336533	1788.617188	12.772833
4.473158	7.336533	1787.044922	30.329018
4.473158	7.336533	1785.470703	25.534784
4.473158	7.336533	1783.898438	25.529346
4.473158	7.336533	1782.324219	19.142931
4.473158	7.336533	1780.750000	12.759235
4.473158	7.336533	1779.177734	20.729340
4.473158	7.336533	1777.601563	20.724924
4.473158	7.336533	1776.027344	15.938853
4.473158	7.336533	1774.453125	19.122549
4.473158	7.336533	1772.876953	23.898092
4.473158	7.336533	1771.300781	20.707266
4.473158	7.336533	1769.724609	17.517799
4.473158	7.336533	1768.148438	22.290630
4.473158	7.336533	1766.572266	22.285879
4.473158	7.336533	1764.994141	19.098110
4.473158	7.336533	1763.417969	14.320530
4.473158	7.336533	1761.839844	20.680801
4.473158	7.336533	1760.261719	20.676392
4.473158	7.336533	1758.683594	20.671984
4.473158	7.336533	1757.103516	14.308323
4.473158	7.336533	1755.525391	19.073696
4.473158	7.336533	1753.945313	15.891358
4.473158	7.336533	1752.365234	12.710376
4.473158	7.336533	1750.785156	19.061497
4.473158	7.336533	1749.205078	20.645552
4.473158	7.336533	1747.625000	12.702246
4.473158	7.336533	1746.042969	20.636747
4.473158	7.336533	1744.460938	17.458138
4.473158	7.336533	1742.878906	17.454414
4.473158	7.336533	1741.296875	25.382822
4.473158	7.336533	1739.714844	23.791319
4.473158	7.336533	1738.132813	15.857495
4.473158	7.336533	1736.548828	28.537401
4.473158	7.336533	1734.964844	22.191021
4.473158	7.336533	1733.380859	15.847346
4.473158	7.336533	1731.796875	23.765945
4.473158	7.336533	1730.212891	26.928989
4.473158	7.336533	1728.628906	23.755802
4.473158	7.336533	1727.042969	15.833820
4.473158	7.336533	1725.457031	30.077837
4.473158	7.336533	1723.871094	23.740591
4.473158	7.336533	1722.285156	11.076577
4.473158	7.336533	1720.699219	20.566393
4.473158	7.336533	1719.111328	18.980309
4.473158	7.336533	1717.525391	17.394901
4.473158	7.336533	1715.937500	25.296270
4.473158	7.336533	1714.349609	14.226113
4.473158	7.336533	1712.759766	14.223074
4.473158	7.336533	1711.171875	22.120056
4.473158	7.336533	1709.583984	9.477999
4.473158	7.336533	1707.994141	15.793289
4.473158	7.336533	1706.404297	23.684872
4.473158	7.336533	1704.814453	15.786540
4.473158	7.336533	1703.224609	18.939798
4.473158	7.336533	1701.632813	17.357771
4.473158	7.336533	1700.042969	17.354061
4.473158	7.336533	1698.451172	25.236876
4.473158	7.336533	1696.859375	20.500576
4.473158	7.336533	1695.267578	22.072824
4.473158	7.336533	1693.675781	18.915518
4.473158	7.336533	1692.082031	18.911472
4.473158	7.336533	1690.490234	20.483047
4.473158	7.336533	1688.896484	17.328102
4.473158	7.336533	1687.302734	22.049231
4.473158	7.336533	1685.708984	17.320688
4.473158	7.336533	1684.113281	12.594170
4.473158	7.336533	1682.519531	14.165409
4.473158	7.336533	1680.923828	12.588780
4.473158	7.336533	1679.328125	20.452391
4.473158	7.336533	1677.732422	17.302164
4.473158	7.336533	1676.136719	17.298462
4.473158	7.336533	1674.541016	17.294758
4.473158	7.336533	1672.943359	15.719141
4.473158	7.336533	1671.345703	14.144198
4.473158	7.336533	1669.748047	15.712410
4.473158	7.336533	1668.150391	10.996332
4.473158	7.336533	1666.552734	6.282272
4.473158	7.336533	1664.955078	10.991622
4.473158	7.336533	1663.355469	10.989267
4.473158	7.336533	1661.755859	14.126030
4.473158	7.336533	1660.156250	17.261450
4.473158	7.336533	1658.556641	15.688864
4.473158	7.336533	1656.957031	23.528252
4.473158	7.336533	1655.355469	26.659637
4.473158	7.336533	1653.755859	25.086044
4.473158	7.336533	1652.154297	14.107875
4.473158	7.336533	1650.552734	14.104850
4.473158	7.336533	1648.951172	26.636782
4.473158	7.336533	1647.347656	25.064535
4.473158	7.336533	1645.746094	31.323950
4.473158	7.336533	1644.142578	23.487923
4.473158	7.336533	1642.539063	20.351833
4.473158	7.336533	1640.935547	18.782276
4.473158	7.336533	1639.332031	21.907955
4.473158	7.336533	1637.728516	23.467772
4.473158	7.336533	1636.123047	23.462734
4.473158	7.336533	1634.517578	17.202312
4.473158	7.336533	1632.912109	25.016174
4.473158	7.336533	1631.306641	20.321278
4.473158	7.336533	1629.701172	12.502716
4.473158	7.336533	1628.093750	21.875055
4.473158	7.336533	1626.488281	12.497347
4.473158	7.336533	1624.880859	15.618328
4.473158	7.336533	1623.273438	23.422459
4.473158	7.336533	1621.666016	24.978588
4.473158	7.336533	1620.056641	15.608263
4.473158	7.336533	1618.449219	23.407364
4.473158	7.336533	1616.839844	23.402332
4.473158	7.336533	1615.230469	18.717842
4.473158	7.336533	1613.621094	24.951757
4.473158	7.336533	1612.011719	21.828093
4.473158	7.336533	1610.400391	17.146957
4.473158	7.336533	1608.791016	20.260227
4.473158	7.336533	1607.179688	18.697725
4.473158	7.336533	1605.568359	20.251513
4.473158	7.336533	1603.957031	15.574735
4.473158	7.336533	1602.345703	15.571383
4.473158	7.336533	1600.732422	15.568032
4.473158	7.336533	1599.121094	23.347023
4.473158	7.336533	1597.507813	14.005198
4.473158	7.336533	1595.894531	26.448568
4.473158	7.336533	1594.281250	21.776484
4.473158	7.336533	1592.666016	18.661539
4.473158	7.336533	1591.052734	18.657520
4.473158	7.336533	1589.437500	20.207960
4.473158	7.336533	1587.822266	20.203606
4.473158	7.336533	1586.207031	18.645464
4.473158	7.336533	1584.591797	17.087994
4.473158	7.336533	1582.974609	20.190548
4.473158	7.336533	1581.359375	23.291765
4.473158	7.336533	1579.742188	21.734295
4.473158	7.336533	1578.125000	18.625380
4.473158	7.336533	1576.507813	17.069582
4.473158	7.336533	1574.888672	13.963010
4.473158	7.336533	1573.271484	17.062220
4.473158	7.336533	1571.652344	17.058540
4.473158	7.336533	1570.033203	13.953976
4.473158	7.336533	1568.414063	21.701502
4.473158	7.336533	1566.794922	21.696817
4.473158	7.336533	1565.173828	13.944944
4.473158	7.336533	1563.554688	21.687452
4.473158	7.336533	1561.933594	18.585232
4.473158	7.336533	1560.312500	18.581219
4.473158	7.336533	1558.691406	13.932904
4.473158	7.336533	1557.070313	23.216492
4.473158	7.336533	1555.447266	24.758907
4.473158	7.336533	1553.826172	13.923877
4.473158	7.336533	1552.203125	15.467631
4.473158	7.336533	1550.580078	18.557146
4.473158	7.336533	1548.955078	18.553135
4.473158	7.336533	1547.332031	18.549124
4.473158	7.336533	1545.708984	12.363409
4.473158	7.336533	1544.083984	24.721470
4.473158	7.336533	1542.458984	21.626608
4.473158	7.336533	1540.833984	27.799625
4.473158	7.336533	1539.207031	15.440895
4.473158	7.336533	1537.582031	20.068821
4.473158	7.336533	1535.955078	23.151320
4.473158	7.336533	1534.330078	21.603222
4.473158	7.336533	1532.703125	20.055792
4.473158	7.336533	1531.074219	20.051449
4.473158	7.336533	1529.447266	26.215448
4.473158	7.336533	1527.818359	18.501015
4.473158	7.336533	1526.191406	20.038425
4.473158	7.336533	1524.562500	18.493000
4.473158	7.336533	1522.933594	16.948244
4.473158	7.336533	1521.302734	16.944571
4.473158	7.336533	1519.673828	16.940899
4.473158	7.336533	1518.042969	24.635965
4.473158	7.336533	1516.414063	21.551796
4.473158	7.336533	1514.783203	18.468962
4.473158	7.336533	1513.150391	18.464956
4.473158	7.336533	1511.519531	18.460951
4.473158	7.336533	1509.888672	21.533104
4.473158	7.336533	1508.255859	23.066177
4.473158	7.336533	1506.623047	21.523760
4.473158	7.336533	1504.990234	24.593245
4.473158	7.336533	1503.357422	15.367441
4.473158	7.336533	1501.722656	15.364104
4.473158	7.336533	1500.089844	10.752538
4.473158	7.336533	1498.455078	26.107634
4.473158	7.336533	1496.820313	19.960325
4.473158	7.336533	1495.185547	21.491064
4.473158	7.336533	1493.548828	18.416908
4.473158	7.336533	1491.914063	18.412907
4.473158	7.336533	1490.277344	26.079281
4.473158	7.336533	1488.640625	24.539869
4.473158	7.336533	1487.003906	12.267266
4.473158	7.336533	1485.367188	18.396898
4.473158	7.336533	1483.728516	16.860155
4.473158	7.336533	1482.091797	19.921303
4.473158	7.336533	1480.453125	16.852819
4.473158	7.336533	1478.814453	15.317411
4.473158	7.336533	1477.175781	18.376892
4.473158	7.336533	1475.535156	13.779669
4.473158	7.336533	1473.896484	19.899633
4.473158	7.336533	1472.255859	19.895300
4.473158	7.336533	1470.615234	19.890966
4.473158	7.336533	1468.974609	24.475857
4.473158	7.336533	1467.333984	21.411709
4.473158	7.336533	1465.691406	18.348892
4.473158	7.336533	1464.050781	18.344894
4.473158	7.336533	1462.408203	19.869303
4.473158	7.336533	1460.765625	15.280746
4.473158	7.336533	1459.123047	21.388380
4.473158	7.336533	1457.478516	15.274082
4.473158	7.336533	1455.835938	21.379051
4.473158	7.336533	1454.191406	12.213935
4.473158	7.336533	1452.546875	22.896132
4.473158	7.336533	1450.902344	16.786831
4.473158	7.336533	1449.257813	15.257424
4.473158	7.336533	1447.611328	12.203275
4.473158	7.336533	1445.966797	19.825991
4.473158	7.336533	1444.320313	22.871147
4.473158	7.336533	1442.673828	25.914970
4.473158	7.336533	1441.025391	18.288923
4.473158	7.336533	1439.378906	19.808670
4.473158	7.336533	1437.730469	19.804342
4.473158	7.336533	1436.083984	13.707701
4.473158	7.336533	1434.435547	13.704703
4.473158	7.336533	1432.787109	18.268942
4.473158	7.336533	1431.136719	15.220789
4.473158	7.336533	1429.488281	22.826189
4.473158	7.336533	1427.837891	19.778368
4.473158	7.336533	1426.187500	18.252960
4.473158	7.336533	1424.537109	16.728218
4.473158	7.336533	1422.886719	12.163313
4.473158	7.336533	1421.234375	9.120487
4.473158	7.336533	1419.583984	16.717232
4.473158	7.336533	1417.931641	16.713570
4.473158	7.336533	1416.279297	12.152660
4.473158	7.336533	1414.626953	25.818745
4.473158	7.336533	1412.974609	18.221003
4.473158	7.336533	1411.320313	21.253176
4.473158	7.336533	1409.666016	15.177512
4.473158	7.336533	1408.011719	15.174184
4.473158	7.336533	1406.357422	10.619599
4.473158	7.336533	1404.703125	16.684280
4.473158	7.336533	1403.048828	15.164200
4.473158	7.336533	1401.392578	15.160872
4.473158	7.336533	1399.736328	16.673300
4.473158	7.336533	1398.080078	15.154217
4.473158	7.336533	1396.423828	21.211246
4.473158	7.336533	1394.765625	18.177074
4.473158	7.336533	1393.109375	22.716352
4.473158	7.336533	1391.451172	22.711363
4.473158	7.336533	1389.792969	12.110065
4.473158	7.336533	1388.134766	13.620829
4.473158	7.336533	1386.476563	15.130928
4.473158	7.336533	1384.816406	12.102080
4.473158	7.336533	1383.156250	7.562137
4.473158	7.336533	1381.496094	12.096758
4.473158	7.336533	1379.835938	19.652908
4.473158	7.336533	1378.175781	12.091436
4.473158	7.336533	1376.515625	21.155357
4.473158	7.336533	1374.853516	18.129171
4.473158	7.336533	1373.191406	13.593885
4.473158	7.336533	1371.529297	24.161587
4.473158	7.336533	1369.867188	22.646498
4.473158	7.336533	1368.205078	15.094339
4.473158	7.336533	1366.541016	22.636520
4.473158	7.336533	1364.876953	13.578919
4.473158	7.336533	1363.212891	18.101236
4.473158	7.336533	1361.548828	7.540519
4.473158	7.336533	1359.884766	24.124340
4.473158	7.336533	1358.218750	19.596703
4.473158	7.336533	1356.554688	19.592381
4.473158	7.336533	1354.888672	15.067738
4.473158	7.336533	1353.222656	27.115942
4.473158	7.336533	1351.554688	19.579414
4.473158	7.336533	1349.888672	21.080868
4.473158	7.336533	1348.220703	13.548994
4.473158	7.336533	1346.552734	22.576670
4.473158	7.336533	1344.884766	21.066904
4.473158	7.336533	1343.216797	24.071142
4.473158	7.336533	1341.548828	27.074053
4.473158	7.336533	1339.878906	19.549160
4.473158	7.336533	1338.208984	16.537941
4.473158	7.336533	1336.539063	28.559217
4.473158	7.336533	1334.869141	18.033411
4.473158	7.336533	1333.199219	18.029423
4.473158	7.336533	1331.527344	19.527554
4.473158	7.336533	1329.857422	16.519659
4.473158	7.336533	1328.185547	19.518911
4.473158	7.336533	1326.513672	24.017958
4.473158	7.336533	1324.839844	16.508690
4.473158	7.336533	1323.167969	16.505035
4.473158	7.336533	1321.494141	15.001253
4.473158	7.336533	1319.820313	19.497309
4.473158	7.336533	1318.146484	19.492989
4.473158	7.336533	1316.472656	17.989540
4.473158	7.336533	1314.798828	14.987960
4.473158	7.336533	1313.123047	14.984637
4.473158	7.336533	1311.447266	13.483183
4.473158	7.336533	1309.771484	10.484593
4.473158	7.336533	1308.095703	17.969603
4.473158	7.336533	1306.419922	25.451286
4.473158	7.336533	1304.742188	22.452034
4.473158	7.336533	1303.064453	14.964700
4.473158	7.336533	1301.386719	20.945929
4.473158	7.336533	1299.708984	16.453859
4.473158	7.336533	1298.031250	10.468312
4.473158	7.336533	1296.351563	14.951409
4.473158	7.336533	1294.671875	19.432512
4.473158	7.336533	1292.994141	13.450288
4.473158	7.336533	1291.312500	17.929731
4.473158	7.336533	1289.632813	17.925743
4.473158	7.336533	1287.953125	19.415237
4.473158	7.336533	1286.271484	14.931476
4.473158	7.336533	1284.589844	20.899414
4.473158	7.336533	1282.908203	28.357180
4.473158	7.336533	1281.226563	17.905811
4.473158	7.336533	1279.542969	10.442731
4.473158	7.336533	1277.861328	19.389324
4.473158	7.336533	1276.177734	16.402699
4.473158	7.336533	1274.494141	13.417399
4.473158	7.336533	1272.810547	13.414411
4.473158	7.336533	1271.125000	23.842525
4.473158	7.336533	1269.441406	20.857559
4.473158	7.336533	1267.755859	10.426455
4.473158	7.336533	1266.070313	16.380775
4.473158	7.336533	1264.384766	13.399464
4.473158	7.336533	1262.697266	14.884971
4.473158	7.336533	1261.011719	16.369814
4.473158	7.336533	1259.324219	19.341827
4.473158	7.336533	1257.636719	16.362509
4.473158	7.336533	1255.949219	11.897348
4.473158	7.336533	1254.261719	17.842037
4.473158	7.336533	1252.572266	17.838053
4.473158	7.336533	1250.882813	17.834066
4.473158	7.336533	1249.193359	19.315922
4.473158	7.336533	1247.503906	25.253637
4.473158	7.336533	1245.814453	22.277639
4.473158	7.336533	1244.125000	13.363595
4.473158	7.336533	1242.433594	23.752190
4.473158	7.336533	1240.742188	20.778517
4.473158	7.336533	1239.050781	19.290020
4.473158	7.336533	1237.359375	23.736250
4.473158	7.336533	1235.666016	16.315020
4.473158	7.336533	1233.974609	22.242771
4.473158	7.336533	1232.281250	14.825194
4.473158	7.336533	1230.587891	19.268436
4.473158	7.336533	1228.892578	16.300409
4.473158	7.336533	1227.199219	19.259802
4.473158	7.336533	1225.503906	14.811913
4.473158	7.336533	1223.810547	16.289452
4.473158	7.336533	1222.115234	19.246853
4.473158	7.336533	1220.417969	14.801951
4.473158	7.336533	1218.722656	19.238220
4.473158	7.336533	1217.025391	10.356718
4.473158	7.336533	1215.330078	14.791991
4.473158	7.336533	1213.632813	20.704140
4.473158	7.336533	1211.933594	17.742422
4.473158	7.336533	1210.236328	22.173046
4.473158	7.336533	1208.537109	17.734453
4.473158	7.336533	1206.839844	17.730469
4.473158	7.336533	1205.140625	14.772072
4.473158	7.336533	1203.439453	5.907501
4.473158	7.336533	1201.740234	22.148148
4.473158	7.336533	1200.041016	7.381056
4.473158	7.336533	1198.339844	13.282913
4.473158	7.336533	1196.638672	20.657661
4.473158	7.336533	1194.937500	11.801723
4.473158	7.336533	1193.234375	10.324183
4.473158	7.336533	1191.533203	19.169168
4.473158	7.336533	1189.830078	16.216413
4.473158	7.336533	1188.126953	17.686651
4.473158	7.336533	1186.423828	17.682667
4.473158	7.336533	1184.720703	22.098354
4.473158	7.336533	1183.015625	23.566267
4.473158	7.336533	1181.312500	19.143278
4.473158	7.336533	1179.607422	16.194506
4.473158	7.336533	1177.902344	13.247064
4.473158	7.336533	1176.195313	25.016588
4.473158	7.336533	1174.490234	22.068481
4.473158	7.336533	1172.783203	17.650803
4.473158	7.336533	1171.076172	19.117388
4.473158	7.336533	1169.369141	20.583309
4.473158	7.336533	1167.662109	13.229140
4.473158	7.336533	1165.953125	11.756581
4.473158	7.336533	1164.246094	17.630888
4.473158	7.336533	1162.537109	13.220180
4.473158	7.336533	1160.828125	19.091501
4.473158	7.336533	1159.117188	20.555431
4.473158	7.336533	1157.408203	19.082872
4.473158	7.336533	1155.697266	19.078558
4.473158	7.336533	1153.986328	19.074244
4.473158	7.336533	1152.275391	16.136093
4.473158	7.336533	1150.564453	20.532200
4.473158	7.336533	1148.853516	17.595047
4.473158	7.336533	1147.140625	14.659221
4.473158	7.336533	1145.427734	17.587082
4.473158	7.336533	1143.714844	21.978876
4.473158	7.336533	1142.001953	13.184339
4.473158	7.336533	1140.287109	24.898109
4.473158	7.336533	1138.574219	21.963943
4.473158	7.336533	1136.859375	19.031103
4.473158	7.336533	1135.144531	16.099592
4.473158	7.336533	1133.427734	16.095942
4.473158	7.336533	1131.712891	23.406969
4.473158	7.336533	1129.996094	14.626038
4.473158	7.336533	1128.279297	14.622720
4.473158	7.336533	1126.562500	16.081343
4.473158	7.336533	1124.845703	17.539301
4.473158	7.336533	1123.128906	20.457872
4.473158	7.336533	1121.410156	17.531338
4.473158	7.336533	1119.691406	13.145517
4.473158	7.336533	1117.972656	17.523375
4.473158	7.336533	1116.253906	21.899242
4.473158	7.336533	1114.533203	18.975029
4.473158	7.336533	1112.814453	14.592859
4.473158	7.336533	1111.093750	21.884312
4.473158	7.336533	1109.373047	16.044846
4.473158	7.336533	1107.652344	14.582907
4.473158	7.336533	1105.929688	20.411425
4.473158	7.336533	1104.208984	24.779661
4.473158	7.336533	1102.486328	18.944839
4.473158	7.336533	1100.763672	18.940527
4.473158	7.336533	1099.039063	13.109687
4.473158	7.336533	1097.316406	20.388203
4.473158	7.336533	1095.591797	13.103716
4.473158	7.336533	1093.867188	21.834551
4.473158	7.336533	1092.142578	18.918966
4.473158	7.336533	1090.417969	16.004707
4.473158	7.336533	1088.693359	17.455700
4.473158	7.336533	1086.966797	24.723269
4.473158	7.336533	1085.240234	20.355696
4.473158	7.336533	1083.513672	18.897406
4.473158	7.336533	1081.787109	21.799723
4.473158	7.336533	1080.058594	17.435799
4.473158	7.336533	1078.332031	15.979166
4.473158	7.336533	1076.603516	21.784798
4.473158	7.336533	1074.875000	14.519881
4.473158	7.336533	1073.144531	20.323191
4.473158	7.336533	1071.416016	17.415897
4.473158	7.336533	1069.685547	20.313904
4.473158	7.336533	1067.955078	11.605292
4.473158	7.336533	1066.224609	17.403957
4.473158	7.336533	1064.494141	20.299974
4.473158	7.336533	1062.763672	15.946332
4.473158	7.336533	1061.031250	17.392019
4.473158	7.336533	1059.298828	7.245017
4.473158	7.336533	1057.566406	17.384060
4.473158	7.336533	1055.832031	15.931741
4.473158	7.336533	1054.099609	14.480085
4.473158	7.336533	1052.365234	11.581415
4.473158	7.336533	1050.630859	26.052216
4.473158	7.336533	1048.896484	20.258192
4.473158	7.336533	1047.162109	18.806868
4.473158	7.336533	1045.425781	15.909856
4.473158	7.336533	1043.691406	15.906209
4.473158	7.336533	1041.955078	18.793936
4.473158	7.336533	1040.218750	17.344271
4.473158	7.336533	1038.480469	17.340292
4.473158	7.336533	1036.744141	14.446927
4.473158	7.336533	1035.005859	18.776695
4.473158	7.336533	1033.267578	21.660444
4.473158	7.336533	1031.529297	24.542868
4.473158	7.336533	1029.789063	17.320398
4.473158	7.336533	1028.050781	20.202490
4.473158	7.336533	1026.310547	15.869739
4.473158	7.336533	1024.570313	23.077951
4.473158	7.336533	1022.830078	12.978365
4.473158	7.336533	1021.089844	20.183926
4.473158	7.336533	1019.347656	20.179285
4.473158	7.336533	1017.605469	27.379875
4.473158	7.336533	1015.863281	21.610718
4.473158	7.336533	1014.121094	20.165363
4.473158	7.336533	1012.378906	23.040825
4.473158	7.336533	1010.634766	18.716362
4.473158	7.336533	1008.890625	24.469608
4.473158	7.336533	1007.146484	18.707745
4.473158	7.336533	1005.402344	30.213242
4.473158	7.336533	1003.656250	24.452703
4.473158	7.336533	1001.912109	21.570944
4.473158	7.336533	1000.166016	14.377316
4.473158	7.336533	998.419922	22.998402
4.473158	7.336533	996.673828	20.118961
4.473158	7.336533	994.925781	27.298008
4.473158	7.336533	993.177734	27.291712
4.473158	7.336533	991.431641	33.029713
4.473158	7.336533	989.681641	28.714863
4.473158	7.336533	987.933594	28.708235
4.473158	7.336533	986.185547	37.312092
4.473158	7.336533	984.435547	35.868725
4.473158	7.336533	982.685547	25.819519
4.473158	7.336533	980.935547	30.115814
4.473158	7.336533	979.185547	35.843876
4.473158	7.336533	977.433594	25.801626
4.473158	7.336533	975.681641	27.228756
4.473158	7.336533	973.929688	28.655222
4.473158	7.336533	972.177734	34.378315
4.473158	7.336533	970.425781	38.666660
4.473158	7.336533	968.671875	27.203577
4.473158	7.336533	966.917969	32.923027
4.473158	7.336533	965.164063	31.484303
4.473158	7.336533	963.410156	31.477015
4.473158	7.336533	961.656250	28.608843
4.473158	7.336533	959.900391	27.172108
4.473158	7.336533	958.144531	21.446695
4.473158	7.336533	956.388672	37.165661
4.473158	7.336533	954.632813	35.727932
4.473158	7.336533	952.876953	28.575720
4.473158	7.336533	951.119141	31.426006
4.473158	7.336533	949.361328	38.559338
4.473158	7.336533	947.603516	41.405979
4.473158	7.336533	945.845703	37.113995
4.473158	7.336533	944.085938	32.823994
4.473158	7.336533	942.328125	37.096771
4.473158	7.336533	940.568359	28.529356
4.473158	7.336533	938.808594	28.522734
4.473158	7.336533	937.046875	25.664499
4.473158	7.336533	935.287109	19.956642
4.473158	7.336533	933.525391	22.802294
4.473158	7.336533	931.763672	19.947371
4.473158	7.336533	930.001953	18.518255
4.473158	7.336533	928.240234	27.058851
4.473158	7.336533	926.476563	28.476379
4.473158	7.336533	924.712891	17.081856
4.473158	7.336533	922.949219	22.770510
4.473158	7.336533	921.185547	18.496737
4.473158	7.336533	919.419922	17.069939
4.473158	7.336533	917.656250	12.799475
4.473158	7.336533	915.890625	21.327492
4.473158	7.336533	914.125000	17.058022
4.473158	7.336533	912.359375	22.738733
4.473158	7.336533	910.591797	24.154278
4.473158	7.336533	908.824219	21.307632
4.473158	7.336533	907.058594	26.983381
4.473158	7.336533	905.289063	22.717552
4.473158	7.336533	903.521484	18.453709
4.473158	7.336533	901.753906	19.868591
4.473158	7.336533	899.984375	12.769689
4.473158	7.336533	898.214844	19.859327
4.473158	7.336533	896.445313	21.272886
4.473158	7.336533	894.673828	24.103647
4.473158	7.336533	892.904297	18.427900
4.473158	7.336533	891.132813	18.423599
4.473158	7.336533	889.361328	24.086773
4.473158	7.336533	887.589844	21.248074
4.473158	7.336533	885.816406	31.156563
4.473158	7.336533	884.044922	24.069902
4.473158	7.336533	882.271484	25.479824
4.473158	7.336533	880.498047	21.228226
4.473158	7.336533	878.722656	21.223265
4.473158	7.336533	876.949219	26.876516
4.473158	7.336533	875.173828	22.627565
4.473158	7.336533	873.398438	18.380596
4.473158	7.336533	871.623047	21.203421
4.473158	7.336533	869.847656	16.958767
4.473158	7.336533	868.070313	18.367699
4.473158	7.336533	866.292969	21.188540
4.473158	7.336533	864.515625	28.244772
4.473158	7.336533	862.738281	21.178619
4.473158	7.336533	860.960938	25.408392
4.473158	7.336533	859.181641	21.168701
4.473158	7.336533	857.402344	12.698245
4.473158	7.336533	855.623047	19.748198
4.473158	7.336533	853.843750	22.564079
4.473158	7.336533	852.064453	16.919092
4.473158	7.336533	850.283203	16.915127
4.473158	7.336533	848.501953	23.957476
4.473158	7.336533	846.720703	25.360790
4.473158	7.336533	844.939453	26.763443
4.473158	7.336533	843.156250	19.715805
4.473158	7.336533	841.373047	30.974709
4.473158	7.336533	839.589844	22.521774
4.473158	7.336533	837.806641	18.294645
4.473158	7.336533	836.023438	16.883400
4.473158	7.336533	834.238281	16.879435
4.473158	7.336533	832.453125	19.688049
4.473158	7.336533	830.667969	23.901300
4.473158	7.336533	828.882813	26.706940
4.473158	7.336533	827.095703	9.837087
4.473158	7.336533	825.310547	12.644710
4.473158	7.336533	823.523438	18.260286
4.473158	7.336533	821.736328	11.234457
4.473158	7.336533	819.947266	28.079536
4.473158	7.336533	818.160156	23.861992
4.473158	7.336533	816.371094	18.243113
4.473158	7.336533	814.582031	14.029860
4.473158	7.336533	812.792969	23.845150
4.473158	7.336533	811.001953	16.827908
4.473158	7.336533	809.212891	22.431927
4.473158	7.336533	807.421875	15.418318
4.473158	7.336533	805.630859	28.026703
4.473158	7.336533	803.839844	19.614071
4.473158	7.336533	802.046875	23.811474
4.473158	7.336533	800.253906	21.005173
4.473158	7.336533	798.460938	15.400162
4.473158	7.336533	796.667969	19.595585
4.473158	7.336533	794.875000	15.392900
4.473158	7.336533	793.080078	22.384394
4.473158	7.336533	791.285156	22.379112
4.473158	7.336533	789.490234	19.577105
4.473158	7.336533	787.695313	12.582312
4.473158	7.336533	785.900391	16.772455
4.473158	7.336533	784.103516	25.152744
4.473158	7.336533	782.306641	19.558626
4.473158	7.336533	780.509766	26.537582
4.473158	7.336533	778.712891	16.756620
4.473158	7.336533	776.914063	13.960551
4.473158	7.336533	775.115234	26.518782
4.473158	7.336533	773.318359	20.930933
4.473158	7.336533	771.517578	13.950657
4.473158	7.336533	769.718750	22.315775
4.473158	7.336533	767.917969	19.521687
4.473158	7.336533	766.117188	22.305222
4.473158	7.336533	764.316406	20.906200
4.473158	7.336533	762.515625	20.901255
4.473158	7.336533	760.714844	20.896309
4.473158	7.336533	758.912109	25.069637
4.473158	7.336533	757.109375	20.886419
4.473158	7.336533	755.306641	23.665672
4.473158	7.336533	753.501953	18.092995
4.473158	7.336533	751.699219	25.045906
4.473158	7.336533	749.894531	16.693316
4.473158	7.336533	748.089844	23.643263
4.473158	7.336533	746.285156	23.637661
4.473158	7.336533	744.478516	23.632059
4.473158	7.336533	742.673828	26.406042
4.473158	7.336533	740.867188	23.620857
4.473158	7.336533	739.060547	22.226124
4.473158	7.336533	737.251953	19.443247
4.473158	7.336533	735.445313	15.273214
4.473158	7.336533	733.636719	24.986605
4.473158	7.336533	731.828125	19.429415
4.473158	7.336533	730.019531	22.199776
4.473158	7.336533	728.208984	24.968821
4.473158	7.336533	726.400391	22.189240
4.473158	7.336533	724.589844	23.570471
4.473158	7.336533	722.779297	19.406366
4.473158	7.336533	720.966797	19.401758
4.473158	7.336533	719.156250	23.553680
4.473158	7.336533	717.343750	18.007360
4.473158	7.336533	715.531250	13.848524
4.473158	7.336533	713.718750	17.998802
4.473158	7.336533	711.904297	19.378719
4.473158	7.336533	710.091797	20.757978
4.473158	7.336533	708.277344	20.753042
4.473158	7.336533	706.462891	23.514523
4.473158	7.336533	704.646484	23.508928
4.473158	7.336533	702.832031	23.503338
4.473158	7.336533	701.015625	19.351084
4.473158	7.336533	699.199219	19.346479
4.473158	7.336533	697.382813	22.105001
4.473158	7.336533	695.566406	15.193571
4.473158	7.336533	693.748047	17.951763
4.473158	7.336533	691.929688	23.469793
4.473158	7.336533	690.111328	22.083958
4.473158	7.336533	688.292969	20.698778
4.473158	7.336533	686.472656	22.073439
4.473158	7.336533	684.652344	16.551134
4.473158	7.336533	682.832031	16.547190
4.473158	7.336533	681.011719	22.057663
4.473158	7.336533	679.191406	19.295855
4.473158	7.336533	677.369141	27.558935
4.473158	7.336533	675.546875	16.531418
4.473158	7.336533	673.724609	16.527475
4.473158	7.336533	671.902344	15.146573
4.473158	7.336533	670.078125	23.402756
4.473158	7.336533	668.255859	16.515652
4.473158	7.336533	666.431641	22.015614
4.473158	7.336533	664.607422	23.386007
4.473158	7.336533	662.781250	17.879148
4.473158	7.336533	660.957031	19.249872
4.473158	7.336533	659.130859	21.994600
4.473158	7.336533	657.304688	26.112350
4.473158	7.336533	655.476563	19.236084
4.473158	7.336533	653.650391	24.726200
4.473158	7.336533	651.822266	21.973595
4.473158	7.336533	649.994141	27.460430
4.473158	7.336533	648.166016	28.826561
4.473158	7.336533	646.335938	34.309132
4.473158	7.336533	644.507813	27.440744
4.473158	7.336533	642.677734	24.690765
4.473158	7.336533	640.847656	31.541769
4.473158	7.336533	639.015625	21.936853
4.473158	7.336533	637.185547	31.526684
4.473158	7.336533	635.353516	28.778347
4.473158	7.336533	633.521484	30.141531
4.473158	7.336533	631.689453	31.504061
4.473158	7.336533	629.855469	30.127108
4.473158	7.336533	628.023438	27.381723
4.473158	7.336533	626.189453	27.375170
4.473158	7.336533	624.355469	21.894892
4.473158	7.336533	622.519531	34.202576
4.473158	7.336533	620.685547	31.458836
4.473158	7.336533	618.849609	28.716404
4.473158	7.336533	617.013672	25.975285
4.473158	7.336533	615.177734	24.602268
4.473158	7.336533	613.339844	30.062235
4.473158	7.336533	611.503906	30.055029
4.473158	7.336533	609.666016	27.316206
4.473158	7.336533	607.828125	24.578691
4.473158	7.336533	605.988281	30.033421
4.473158	7.336533	604.150391	24.566906
4.473158	7.336533	602.310547	31.383520
4.473158	7.336533	600.470703	30.011820
4.473158	7.336533	598.628906	25.913080
4.473158	7.336533	596.789063	24.543344
4.473158	7.336533	594.947266	24.537457
4.473158	7.336533	593.105469	20.442972
4.473158	7.336533	591.263672	25.888218
4.473158	7.336533	589.421875	24.519793
4.473158	7.336533	587.578125	23.152023
4.473158	7.336533	585.734375	19.061794
4.473158	7.336533	583.890625	16.334757
4.473158	7.336533	582.046875	14.969932
4.473158	7.336533	580.201172	21.769217
4.473158	7.336533	578.355469	14.962741
4.473158	7.336533	576.509766	23.118679
4.473158	7.336533	574.664063	25.832315
4.473158	7.336533	572.818359	24.466839
4.473158	7.336533	570.970703	21.743074
4.473158	7.336533	569.123047	27.172310
4.473158	7.336533	567.275391	31.240644
4.473158	7.336533	565.427734	16.295547
4.473158	7.336533	563.578125	20.364536
4.473158	7.336533	561.728516	28.503496
4.473158	7.336533	559.878906	21.711725
4.473158	7.336533	558.029297	23.063160
4.473158	7.336533	556.177734	27.126600
4.473158	7.336533	554.328125	20.340055
4.473158	7.336533	552.476563	28.469225
4.473158	7.336533	550.625000	21.685617
4.473158	7.336533	548.771484	32.520599
4.473158	7.336533	546.919922	24.384577
4.473158	7.336533	545.066406	24.378706
4.473158	7.336533	543.212891	31.143070
4.473158	7.336533	541.357422	29.781851
4.473158	7.336533	539.503906	29.774677
4.473158	7.336533	537.648438	43.298191
4.473158	7.336533	535.792969	45.993244
4.473158	7.336533	533.937500	44.629749
4.473158	7.336533	532.080078	43.266907
4.473158	7.336533	530.224609	52.718834
4.473158	7.336533	528.367188	62.166203
4.473158	7.336533	526.507813	95.929054
4.473158	7.336533	524.650391	155.340591
4.473158	7.336533	522.791016	316.008148
4.473158	7.336533	520.933594	571.107788
4.473158	7.336533	519.074219	458.935730
4.473158	7.336533	517.212891	240.208420
4.473158	7.336533	515.353516	130.868530
4.473158	7.336533	513.492188	95.767258
4.473158	7.336533	511.630859	76.865028
4.473158	7.336533	509.769531	68.757378
4.473158	7.336533	507.906250	55.262203
4.473158	7.336533	506.044922	56.596401
4.473158	7.336533	504.181641	61.971577
4.473158	7.336533	502.318359	48.487789
4.473158	7.336533	500.453125	53.862316
4.473158	7.336533	498.589844	55.195545
4.473158	7.336533	496.724609	51.144497
4.473158	7.336533	494.859375	56.514481
4.473158	7.336533	492.992188	56.500832
4.473158	7.336533	491.126953	48.417591
4.473158	7.336533	489.259766	45.716679
4.473158	7.336533	487.392578	45.705635
4.473158	7.336533	485.525391	37.630844
4.473158	7.336533	483.656250	40.309021
4.473158	7.336533	481.789063	41.642590
4.473158	7.336533	479.919922	30.888649
4.473158	7.336533	478.050781	28.195864
4.473158	7.336533	476.179688	28.189049
4.473158	7.336533	474.310547	33.550282
4.473158	7.336533	472.439453	28.175423
4.473158	7.336533	470.568359	29.509974
4.473158	7.336533	468.695313	32.184917
4.473158	7.336533	466.824219	33.517849
4.473158	7.336533	464.951172	26.807795
4.473158	7.336533	463.078125	26.801311
4.473158	7.336533	461.205078	26.794828
4.473158	7.336533	459.330078	25.448931
4.473158	7.336533	457.457031	30.799147
4.473158	7.336533	455.582031	29.452927
4.473158	7.336533	453.707031	30.784246
4.473158	7.336533	451.830078	21.409946
4.473158	7.336533	449.955078	32.107147
4.473158	7.336533	448.078125	24.074533
4.473158	7.336533	446.201172	30.754457
4.473158	7.336533	444.322266	29.410187
4.473158	7.336533	442.445313	25.393559
4.473158	7.336533	440.566406	20.042694
4.473158	7.336533	438.687500	24.045408
4.473158	7.336533	436.808594	25.375120
4.473158	7.336533	434.927734	36.050648
4.473158	7.336533	433.048828	26.697718
4.473158	7.336533	431.167969	26.691252
4.473158	7.336533	429.285156	16.010872
4.473158	7.336533	427.404297	16.006994
4.473158	7.336533	425.521484	28.005455
4.473158	7.336533	423.638672	19.999050
4.473158	7.336533	421.755859	30.657780
4.473158	7.336533	419.873047	18.656736
4.473158	7.336533	417.988281	18.652216
4.473158	7.336533	416.105469	23.975609
4.473158	7.336533	414.220703	26.633108
4.473158	7.336533	412.333984	22.632656
4.473158	7.336533	410.449219	22.627171
4.473158	7.336533	408.562500	27.944435
4.473158	7.336533	406.675781	35.919849
4.473158	7.336533	404.789063	35.911140
4.473158	7.336533	402.900391	37.232155
4.473158	7.336533	401.013672	54.505295
4.473158	7.336533	399.125000	81.073578
4.473158	7.336533	397.236328	77.067665
4.473158	7.336533	395.345703	71.735252
4.473158	7.336533	393.457031	70.389748
4.473158	7.336533	391.566406	69.044884
4.473158	7.336533	389.675781	54.426033
4.473158	7.336533	387.783203	47.777119
4.473158	7.336533	385.892578	47.765530
4.473158	7.336533	384.000000	47.753941
4.473158	7.336533	382.107422	45.090004
4.473158	7.336533	380.214844	43.753208
4.473158	7.336533	378.320313	51.695789
4.473158	7.336533	376.425781	66.260574
4.473158	7.336533	374.531250	84.792953
4.473158	7.336533	372.636719	70.202126
4.473158	7.336533	370.742188	52.969875
4.473158	7.336533	368.845703	43.689541
4.473158	7.336533	366.949219	51.620560
4.473158	7.336533	365.052734	51.608032
4.473158	7.336533	363.154297	44.980694
4.473158	7.336533	361.257813	47.615059
4.473158	7.336533	359.359375	46.281178
4.473158	7.336533	357.460938	51.557934
4.473158	7.336533	355.560547	55.510448
4.473158	7.336533	353.662109	54.175613
4.473158	7.336533	351.761719	39.631069
4.473158	7.336533	349.861328	54.149307
4.473158	7.336533	347.960938	47.534187
4.473158	7.336533	346.058594	46.202572
4.473158	7.336533	344.156250	55.429619
4.473158	7.336533	342.253906	40.902401
4.473158	7.336533	340.351563	42.211578
4.473158	7.336533	338.449219	32.969788
4.473158	7.336533	336.544922	47.464962
4.473158	7.336533	334.640625	38.226376
4.473158	7.336533	332.736328	43.488411
4.473158	7.336533	330.832031	38.207806
4.473158	7.336533	328.925781	31.612572
4.473158	7.336533	327.019531	42.139854
4.473158	7.336533	325.113281	34.230312
4.473158	7.336533	323.207031	34.221996
4.473158	7.336533	321.298828	32.897770
4.473158	7.336533	319.390625	32.889778
4.473158	7.336533	317.482422	34.197056
4.473158	7.336533	315.574219	23.669132
4.473158	7.336533	313.664063	40.753601
4.473158	7.336533	311.753906	28.914883
4.473158	7.336533	309.843750	35.477821
4.473158	7.336533	307.933594	26.273481
4.473158	7.336533	306.023438	27.580450
4.473158	7.336533	304.111328	32.825890
4.473158	7.336533	302.199219	34.130630
4.473158	7.336533	300.287109	35.434731
4.473158	7.336533	298.373047	34.114040
4.473158	7.336533	296.458984	24.923431
4.473158	7.336533	294.546875	24.917374
4.473158	7.336533	292.630859	30.155804
4.473158	7.336533	290.716797	34.080883
4.473158	7.336533	288.800781	41.935505
4.473158	7.336533	286.884766	51.096474
4.473158	7.336533	284.968750	53.703747
4.473158	7.336533	283.052734	49.762104
4.473158	7.336533	281.134766	53.677639
4.473158	7.336533	279.218750	58.900162
4.473158	7.336533	277.298828	69.354439
4.473158	7.336533	275.380859	57.563271
4.473158	7.336533	273.462891	61.473087
4.473158	7.336533	271.542969	56.227665
4.473158	7.336533	269.623047	60.135899
4.473158	7.336533	267.701172	86.260963
4.473158	7.336533	265.781250	104.533325
4.473158	7.336533	263.859375	161.987259
4.473158	7.336533	261.937500	265.124359
4.473158	7.336533	260.015625	275.505585
4.473158	7.336533	258.093750	253.246872
4.473158	7.336533	256.169922	234.914200
4.473158	7.336533	254.246094	233.552322
4.473158	7.336533	252.322266	423.944397
4.473158	7.336533	250.396484	1478.880249
4.473158	7.336533	248.472656	1937.461792
4.473158	7.336533	246.546875	929.390564
4.473158	7.336533	244.621094	388.346497
4.473158	7.336533	242.693359	260.571838
4.473158	7.336533	240.767578	199.289001
4.473158	7.336533	238.839844	165.382675
4.473158	7.336533	236.912109	118.473732
4.473158	7.336533	234.982422	97.619446
4.473158	7.336533	233.054688	88.486778
4.473158	7.336533	231.125000	81.960464
4.473158	7.336533	229.195313	88.443756
4.473158	7.336533	227.263672	66.316689
4.473158	7.336533	225.333984	75.400642
4.473158	7.336533	223.402344	72.782921
4.473158	7.336533	221.470703	79.262123
4.473158	7.336533	219.539063	84.439102
4.473158	7.336533	217.605469	83.119827
4.473158	7.336533	215.673828	75.309029
4.473158	7.336533	213.740234	61.011444
4.473158	7.336533	211.804688	58.401012
4.473158	7.336533	209.871094	60.981785
4.473158	7.336533	207.935547	54.481113
4.473158	7.336533	206.000000	55.764721
4.473158	7.336533	204.064453	49.268471
4.473158	7.336533	202.128906	40.182930
4.473158	7.336533	200.191406	33.693619
4.473158	7.336533	198.253906	29.798649
4.473158	7.336533	196.316406	32.381962
4.473158	7.336533	194.376953	27.194237
4.473158	7.336533	192.439453	28.482277
4.473158	7.336533	190.500000	24.592350
4.473158	7.336533	188.560547	23.292355
4.473158	7.336533	186.619141	23.286694
4.473158	7.336533	184.679688	24.574423
4.473158	7.336533	182.738281	24.568451
4.473158	7.336533	180.796875	20.684195
4.473158	7.336533	178.855469	14.216928
4.473158	7.336533	176.912109	20.674143
4.473158	7.336533	174.968750	24.544579
4.473158	7.336533	173.025391	20.664097
4.473158	7.336533	171.082031	21.950268
4.473158	7.336533	169.136719	32.271961
4.473158	7.336533	167.193359	25.811296
4.473158	7.336533	165.246094	27.095276
4.473158	7.336533	163.300781	24.508818
4.473158	7.336533	161.355469	24.502863
4.473158	7.336533	159.408203	27.075533
4.473158	7.336533	157.460938	29.646952
4.473158	7.336533	155.513672	24.485010
4.473158	7.336533	153.564453	32.209293
4.473158	7.336533	151.617188	34.777588
4.473158	7.336533	149.667969	33.481396
4.473158	7.336533	147.716797	33.473263
4.473158	7.336533	145.767578	42.474979
4.473158	7.336533	143.816406	37.317432
4.473158	7.336533	141.865234	45.027344
4.473158	7.336533	139.914063	48.874958
4.473158	7.336533	137.962891	55.292446
4.473158	7.336533	136.009766	70.705727
4.473158	7.336533	134.056641	55.265598
4.473158	7.336533	132.103516	60.391918
4.473158	7.336533	130.150391	52.669525
4.473158	7.336533	128.195313	47.519497
4.473158	7.336533	126.240234	50.075958
4.473158	7.336533	124.285156	43.645367
4.473158	7.336533	122.330078	41.068024
4.473158	7.336533	120.373047	52.605637
4.473158	7.336533	118.416016	56.441128
4.473158	7.336533	116.458984	51.297665
4.473158	7.336533	114.501953	48.720959
4.473158	7.336533	112.542969	47.427315
4.473158	7.336533	110.583984	32.037708
4.473158	7.336533	108.625000	29.467543
4.473158	7.336533	106.666016	19.213301
4.473158	7.336533	104.705078	16.647488
4.473158	7.336533	102.746094	12.802654
4.473158	7.336533	100.785156	10.239639
4.473158	7.336533	98.822266	8.957511
4.473158	7.336533	96.861328	5.117337
4.473158	7.336533	94.898438	3.837072
4.473158	7.336533	92.935547	5.114855
4.473158	7.336533	90.972656	-1.278404
4.473158	7.336533	89.007813	1.278094
4.473158	7.336533	87.044922	-1.277784
4.473158	7.336533	85.080078	-1.277474
4.473158	7.336533	83.113281	1.277165
4.473158	7.336533	81.148438	1.276855
4.473158	7.336533	79.181641	1.276546
4.473158	7.336533	77.214844	1.276236
4.473158	7.336533	75.248047	1.275927
4.473158	7.336533	73.281250	3.826854
4.473158	7.336533	71.312500	-1.275309
4.473158	7.336533	69.343750	3.825001
4.473158	7.336533	67.375000	3.824074
4.473158	7.336533	65.404297	2.548765
4.473158	7.336533	63.435547	0.000000
4.473158	7.336533	61.464844	2.547531
4.473158	7.336533	59.494141	0.000000
8.473158	7.336533	1838.757813	12.857408
8.473158	7.336533	1837.195313	14.464583
8.473158	7.336533	1835.632813	24.102509
8.473158	7.336533	1834.070313	17.671412
8.473158	7.336533	1832.507813	17.667652
8.473158	7.336533	1830.945313	27.298742
8.473158	7.336533	1829.382813	19.265600
8.473158	7.336533	1827.818359	14.446125
8.473158	7.336533	1826.253906	20.862185
8.473158	7.336533	1824.689453	19.253304
8.473158	7.336533	1823.125000	16.041004
8.473158	7.336533	1821.560547	16.037590
8.473158	7.336533	1819.994141	11.223924
8.473158	7.336533	1818.429688	8.015382
8.473158	7.336533	1816.863281	16.027351
8.473158	7.336533	1815.296875	24.035912
8.473158	7.336533	1813.730469	17.622583
8.473158	7.336533	1812.162109	20.822256
8.473158	7.336533	1810.595703	19.216454
8.473158	7.336533	1809.027344	19.212362
8.473158	7.336533	1807.458984	24.010340
8.473158	7.336533	1805.890625	16.003487
8.473158	7.336533	1804.322266	16.000078
8.473158	7.336533	1802.753906	19.196007
8.473158	7.336533	1801.183594	19.191919
8.473158	7.336533	1799.613281	19.187834
8.473158	7.336533	1798.042969	20.782393
8.473158	7.336533	1796.472656	17.581358
8.473158	7.336533	1794.902344	17.577614
8.473158	7.336533	1793.332031	23.964369
8.473158	7.336533	1791.759766	19.167412
8.473158	7.336533	1790.187500	12.775554
8.473158	7.336533	1788.617188	19.159248
8.473158	7.336533	1787.044922	17.558905
8.473158	7.336533	1785.470703	14.363317
8.473158	7.336533	1783.898438	22.338179
8.473158	7.336533	1782.324219	19.142931
8.473158	7.336533	1780.750000	20.733757
8.473158	7.336533	1779.177734	15.945646
8.473158	7.336533	1777.601563	17.536474
8.473158	7.336533	1776.027344	25.502165
8.473158	7.336533	1774.453125	19.122549
8.473158	7.336533	1772.876953	20.711679
8.473158	7.336533	1771.300781	15.928666
8.473158	7.336533	1769.724609	12.740217
8.473158	7.336533	1768.148438	17.514067
8.473158	7.336533	1766.572266	17.510334
8.473158	7.336533	1764.994141	17.506601
8.473158	7.336533	1763.417969	22.276381
8.473158	7.336533	1761.839844	19.089970
8.473158	7.336533	1760.261719	20.676392
8.473158	7.336533	1758.683594	20.671984
8.473158	7.336533	1757.103516	22.257391
8.473158	7.336533	1755.525391	28.610544
8.473158	7.336533	1753.945313	11.123951
8.473158	7.336533	1752.365234	12.710376
8.473158	7.336533	1750.785156	22.238415
8.473158	7.336533	1749.205078	22.233671
8.473158	7.336533	1747.625000	17.465588
8.473158	7.336533	1746.042969	17.461863
8.473158	7.336533	1744.460938	15.871035
8.473158	7.336533	1742.878906	23.801474
8.473158	7.336533	1741.296875	11.104984
8.473158	7.336533	1739.714844	14.274792
8.473158	7.336533	1738.132813	15.857495
8.473158	7.336533	1736.548828	14.268701
8.473158	7.336533	1734.964844	17.435802
8.473158	7.336533	1733.380859	19.016815
8.473158	7.336533	1731.796875	17.428360
8.473158	7.336533	1730.212891	11.088408
8.473158	7.336533	1728.628906	15.837201
8.473158	7.336533	1727.042969	14.250439
8.473158	7.336533	1725.457031	26.911749
8.473158	7.336533	1723.871094	18.992474
8.473158	7.336533	1722.285156	12.658945
8.473158	7.336533	1720.699219	17.402332
8.473158	7.336533	1719.111328	17.398617
8.473158	7.336533	1717.525391	22.138966
8.473158	7.336533	1715.937500	17.391186
8.473158	7.336533	1714.349609	15.806792
8.473158	7.336533	1712.759766	18.964098
8.473158	7.336533	1711.171875	22.120056
8.473158	7.336533	1709.583984	12.637331
8.473158	7.336533	1707.994141	12.634631
8.473158	7.336533	1706.404297	30.000837
8.473158	7.336533	1704.814453	20.522501
8.473158	7.336533	1703.224609	20.518116
8.473158	7.336533	1701.632813	14.201813
8.473158	7.336533	1700.042969	12.621136
8.473158	7.336533	1698.451172	14.195742
8.473158	7.336533	1696.859375	20.500576
8.473158	7.336533	1695.267578	15.766303
8.473158	7.336533	1693.675781	18.915518
8.473158	7.336533	1692.082031	18.911472
8.473158	7.336533	1690.490234	25.209904
8.473158	7.336533	1688.896484	18.903383
8.473158	7.336533	1687.302734	18.899340
8.473158	7.336533	1685.708984	14.171473
8.473158	7.336533	1684.113281	23.614069
8.473158	7.336533	1682.519531	20.461147
8.473158	7.336533	1680.923828	22.030367
8.473158	7.336533	1679.328125	17.305868
8.473158	7.336533	1677.732422	15.729240
8.473158	7.336533	1676.136719	14.153287
8.473158	7.336533	1674.541016	14.150257
8.473158	7.336533	1672.943359	23.578712
8.473158	7.336533	1671.345703	12.572620
8.473158	7.336533	1669.748047	17.283651
8.473158	7.336533	1668.150391	12.567236
8.473158	7.336533	1666.552734	25.129089
8.473158	7.336533	1664.955078	15.702316
8.473158	7.336533	1663.355469	15.698953
8.473158	7.336533	1661.755859	14.126030
8.473158	7.336533	1660.156250	26.676785
8.473158	7.336533	1658.556641	20.395523
8.473158	7.336533	1656.957031	15.685501
8.473158	7.336533	1655.355469	21.954994
8.473158	7.336533	1653.755859	23.518166
8.473158	7.336533	1652.154297	17.242958
8.473158	7.336533	1650.552734	14.104850
8.473158	7.336533	1648.951172	15.668694
8.473158	7.336533	1647.347656	21.931469
8.473158	7.336533	1645.746094	21.926765
8.473158	7.336533	1644.142578	15.658615
8.473158	7.336533	1642.539063	17.220781
8.473158	7.336533	1640.935547	15.651897
8.473158	7.336533	1639.332031	17.213392
8.473158	7.336533	1637.728516	14.080663
8.473158	7.336533	1636.123047	15.641823
8.473158	7.336533	1634.517578	18.766159
8.473158	7.336533	1632.912109	26.579685
8.473158	7.336533	1631.306641	14.068577
8.473158	7.336533	1629.701172	20.316914
8.473158	7.336533	1628.093750	26.562567
8.473158	7.336533	1626.488281	20.308187
8.473158	7.336533	1624.880859	12.494662
8.473158	7.336533	1623.273438	15.614972
8.473158	7.336533	1621.666016	23.417427
8.473158	7.336533	1620.056641	23.412395
8.473158	7.336533	1618.449219	20.286381
8.473158	7.336533	1616.839844	21.842176
8.473158	7.336533	1615.230469	14.038382
8.473158	7.336533	1613.621094	17.154333
8.473158	7.336533	1612.011719	18.709795
8.473158	7.336533	1610.400391	18.705770
8.473158	7.336533	1608.791016	20.260227
8.473158	7.336533	1607.179688	12.465150
8.473158	7.336533	1605.568359	23.367128
8.473158	7.336533	1603.957031	26.477049
8.473158	7.336533	1602.345703	20.242798
8.473158	7.336533	1600.732422	26.465654
8.473158	7.336533	1599.121094	17.121149
8.473158	7.336533	1597.507813	15.561332
8.473158	7.336533	1595.894531	15.557981
8.473158	7.336533	1594.281250	21.776484
8.473158	7.336533	1592.666016	20.216667
8.473158	7.336533	1591.052734	13.993139
8.473158	7.336533	1589.437500	21.762417
8.473158	7.336533	1587.822266	17.095360
8.473158	7.336533	1586.207031	13.984098
8.473158	7.336533	1584.591797	23.301807
8.473158	7.336533	1582.974609	18.637430
8.473158	7.336533	1581.359375	20.186197
8.473158	7.336533	1579.742188	21.734295
8.473158	7.336533	1578.125000	21.729609
8.473158	7.336533	1576.507813	21.724924
8.473158	7.336533	1574.888672	12.411565
8.473158	7.336533	1573.271484	13.959999
8.473158	7.336533	1571.652344	20.160093
8.473158	7.336533	1570.033203	18.605301
8.473158	7.336533	1568.414063	10.850751
8.473158	7.336533	1566.794922	13.947954
8.473158	7.336533	1565.173828	18.593258
8.473158	7.336533	1563.554688	24.785660
8.473158	7.336533	1561.933594	20.134001
8.473158	7.336533	1560.312500	17.032784
8.473158	7.336533	1558.691406	17.029104
8.473158	7.336533	1557.070313	13.929894
8.473158	7.336533	1555.447266	21.664043
8.473158	7.336533	1553.826172	10.829681
8.473158	7.336533	1552.203125	17.014395
8.473158	7.336533	1550.580078	18.557146
8.473158	7.336533	1548.955078	24.737513
8.473158	7.336533	1547.332031	13.911843
8.473158	7.336533	1545.708984	16.999687
8.473158	7.336533	1544.083984	13.905828
8.473158	7.336533	1542.458984	21.626608
8.473158	7.336533	1540.833984	12.355389
8.473158	7.336533	1539.207031	16.984983
8.473158	7.336533	1537.582031	23.156330
8.473158	7.336533	1535.955078	16.977634
8.473158	7.336533	1534.330078	18.517048
8.473158	7.336533	1532.703125	21.598545
8.473158	7.336533	1531.074219	16.966612
8.473158	7.336533	1529.447266	16.962936
8.473158	7.336533	1527.818359	21.584517
8.473158	7.336533	1526.191406	15.414173
8.473158	7.336533	1524.562500	21.575167
8.473158	7.336533	1522.933594	21.570492
8.473158	7.336533	1521.302734	16.944571
8.473158	7.336533	1519.673828	20.021063
8.473158	7.336533	1518.042969	15.397478
8.473158	7.336533	1516.414063	23.091209
8.473158	7.336533	1514.783203	23.086203
8.473158	7.336533	1513.150391	21.542450
8.473158	7.336533	1511.519531	16.922539
8.473158	7.336533	1509.888672	19.995026
8.473158	7.336533	1508.255859	18.452942
8.473158	7.336533	1506.623047	23.061172
8.473158	7.336533	1504.990234	19.982012
8.473158	7.336533	1503.357422	23.051161
8.473158	7.336533	1501.722656	24.582567
8.473158	7.336533	1500.089844	10.752538
8.473158	7.336533	1498.455078	15.357431
8.473158	7.336533	1496.820313	18.424915
8.473158	7.336533	1495.185547	18.420912
8.473158	7.336533	1493.548828	13.812682
8.473158	7.336533	1491.914063	19.947315
8.473158	7.336533	1490.277344	12.272603
8.473158	7.336533	1488.640625	30.674837
8.473158	7.336533	1487.003906	18.400900
8.473158	7.336533	1485.367188	16.863823
8.473158	7.336533	1483.728516	13.794673
8.473158	7.336533	1482.091797	21.453711
8.473158	7.336533	1480.453125	16.852819
8.473158	7.336533	1478.814453	18.380894
8.473158	7.336533	1477.175781	15.314077
8.473158	7.336533	1475.535156	15.310743
8.473158	7.336533	1473.896484	24.491856
8.473158	7.336533	1472.255859	19.895300
8.473158	7.336533	1470.615234	22.951115
8.473158	7.336533	1468.974609	21.416374
8.473158	7.336533	1467.333984	16.823484
8.473158	7.336533	1465.691406	19.877968
8.473158	7.336533	1464.050781	15.287412
8.473158	7.336533	1462.408203	22.926119
8.473158	7.336533	1460.765625	18.336897
8.473158	7.336533	1459.123047	13.749673
8.473158	7.336533	1457.478516	15.274082
8.473158	7.336533	1455.835938	21.379051
8.473158	7.336533	1454.191406	16.794161
8.473158	7.336533	1452.546875	16.790495
8.473158	7.336533	1450.902344	21.365057
8.473158	7.336533	1449.257813	25.937622
8.473158	7.336533	1447.611328	12.203275
8.473158	7.336533	1445.966797	18.300915
8.473158	7.336533	1444.320313	21.346403
8.473158	7.336533	1442.673828	13.719690
8.473158	7.336533	1441.025391	18.288923
8.473158	7.336533	1439.378906	16.761183
8.473158	7.336533	1437.730469	12.187287
8.473158	7.336533	1436.083984	12.184623
8.473158	7.336533	1434.435547	15.227448
8.473158	7.336533	1432.787109	12.179295
8.473158	7.336533	1431.136719	19.787025
8.473158	7.336533	1429.488281	10.652222
8.473158	7.336533	1427.837891	19.778368
8.473158	7.336533	1426.187500	18.252960
8.473158	7.336533	1424.537109	10.645229
8.473158	7.336533	1422.886719	18.244970
8.473158	7.336533	1421.234375	16.720894
8.473158	7.336533	1419.583984	24.315973
8.473158	7.336533	1417.931641	21.271816
8.473158	7.336533	1416.279297	22.786238
8.473158	7.336533	1414.626953	9.112498
8.473158	7.336533	1412.974609	21.257835
8.473158	7.336533	1411.320313	16.698925
8.473158	7.336533	1409.666016	10.624258
8.473158	7.336533	1408.011719	10.621928
8.473158	7.336533	1406.357422	10.619599
8.473158	7.336533	1404.703125	13.650775
8.473158	7.336533	1403.048828	15.164200
8.473158	7.336533	1401.392578	19.709133
8.473158	7.336533	1399.736328	21.220562
8.473158	7.336533	1398.080078	21.215904
8.473158	7.336533	1396.423828	18.181068
8.473158	7.336533	1394.765625	18.177074
8.473158	7.336533	1393.109375	16.658659
8.473158	7.336533	1391.451172	16.654999
8.473158	7.336533	1389.792969	15.137581
8.473158	7.336533	1388.134766	24.214808
8.473158	7.336533	1386.476563	21.183298
8.473158	7.336533	1384.816406	15.127601
8.473158	7.336533	1383.156250	18.149130
8.473158	7.336533	1381.496094	19.657232
8.473158	7.336533	1379.835938	15.117621
8.473158	7.336533	1378.175781	13.602866
8.473158	7.336533	1376.515625	16.622066
8.473158	7.336533	1374.853516	13.596879
8.473158	7.336533	1373.191406	16.614748
8.473158	7.336533	1371.529297	21.141388
8.473158	7.336533	1369.867188	22.646498
8.473158	7.336533	1368.205078	18.113207
8.473158	7.336533	1366.541016	18.109217
8.473158	7.336533	1364.876953	22.631533
8.473158	7.336533	1363.212891	22.626545
8.473158	7.336533	1361.548828	13.572934
8.473158	7.336533	1359.884766	19.601027
8.473158	7.336533	1358.218750	19.596703
8.473158	7.336533	1356.554688	16.578169
8.473158	7.336533	1354.888672	16.574511
8.473158	7.336533	1353.222656	25.609501
8.473158	7.336533	1351.554688	16.567196
8.473158	7.336533	1349.888672	21.080868
8.473158	7.336533	1348.220703	16.559881
8.473158	7.336533	1346.552734	15.051113
8.473158	7.336533	1344.884766	18.057346
8.473158	7.336533	1343.216797	19.557804
8.473158	7.336533	1341.548828	15.041140
8.473158	7.336533	1339.878906	22.556723
8.473158	7.336533	1338.208984	19.544840
8.473158	7.336533	1336.539063	19.540518
8.473158	7.336533	1334.869141	9.016706
8.473158	7.336533	1333.199219	16.526972
8.473158	7.336533	1331.527344	12.016956
8.473158	7.336533	1329.857422	15.017872
8.473158	7.336533	1328.185547	18.017458
8.473158	7.336533	1326.513672	24.017958
8.473158	7.336533	1324.839844	13.507111
8.473158	7.336533	1323.167969	15.004577
8.473158	7.336533	1321.494141	19.501629
8.473158	7.336533	1319.820313	22.496895
8.473158	7.336533	1318.146484	19.492989
8.473158	7.336533	1316.472656	23.986053
8.473158	7.336533	1314.798828	20.983145
8.473158	7.336533	1313.123047	14.984637
8.473158	7.336533	1311.447266	20.973839
8.473158	7.336533	1309.771484	14.977991
8.473158	7.336533	1308.095703	10.482267
8.473158	7.336533	1306.419922	11.977077
8.473158	7.336533	1304.742188	17.961626
8.473158	7.336533	1303.064453	20.950579
8.473158	7.336533	1301.386719	14.961377
8.473158	7.336533	1299.708984	16.453859
8.473158	7.336533	1298.031250	11.963785
8.473158	7.336533	1296.351563	25.417397
8.473158	7.336533	1294.671875	17.937704
8.473158	7.336533	1292.994141	16.439241
8.473158	7.336533	1291.312500	17.929731
8.473158	7.336533	1289.632813	14.938120
8.473158	7.336533	1287.953125	10.454358
8.473158	7.336533	1286.271484	10.452033
8.473158	7.336533	1284.589844	20.899414
8.473158	7.336533	1282.908203	26.864697
8.473158	7.336533	1281.226563	19.397963
8.473158	7.336533	1279.542969	16.410006
8.473158	7.336533	1277.861328	16.406351
8.473158	7.336533	1276.177734	16.402699
8.473158	7.336533	1274.494141	20.871511
8.473158	7.336533	1272.810547	17.885880
8.473158	7.336533	1271.125000	22.352367
8.473158	7.336533	1269.441406	20.857559
8.473158	7.336533	1267.755859	19.363417
8.473158	7.336533	1266.070313	22.337421
8.473158	7.336533	1264.384766	17.865952
8.473158	7.336533	1262.697266	14.884971
8.473158	7.336533	1261.011719	17.857979
8.473158	7.336533	1259.324219	14.878328
8.473158	7.336533	1257.636719	17.850008
8.473158	7.336533	1255.949219	11.897348
8.473158	7.336533	1254.261719	19.328875
8.473158	7.336533	1252.572266	16.351547
8.473158	7.336533	1250.882813	28.237272
8.473158	7.336533	1249.193359	20.801762
8.473158	7.336533	1247.503906	17.826097
8.473158	7.336533	1245.814453	13.366584
8.473158	7.336533	1244.125000	13.363595
8.473158	7.336533	1242.433594	16.329630
8.473158	7.336533	1240.742188	17.810156
8.473158	7.336533	1239.050781	16.322325
8.473158	7.336533	1237.359375	17.802187
8.473158	7.336533	1235.666016	17.798203
8.473158	7.336533	1233.974609	11.862812
8.473158	7.336533	1232.281250	14.825194
8.473158	7.336533	1230.587891	16.304062
8.473158	7.336533	1228.892578	17.782265
8.473158	7.336533	1227.199219	19.259802
8.473158	7.336533	1225.503906	13.330721
8.473158	7.336533	1223.810547	11.846873
8.473158	7.336533	1222.115234	13.324745
8.473158	7.336533	1220.417969	16.282146
8.473158	7.336533	1218.722656	22.197947
8.473158	7.336533	1217.025391	10.356718
8.473158	7.336533	1215.330078	23.667187
8.473158	7.336533	1213.632813	20.704140
8.473158	7.336533	1211.933594	8.871211
8.473158	7.336533	1210.236328	16.260235
8.473158	7.336533	1208.537109	17.734453
8.473158	7.336533	1206.839844	14.775392
8.473158	7.336533	1205.140625	14.772072
8.473158	7.336533	1203.439453	11.815001
8.473158	7.336533	1201.740234	13.288889
8.473158	7.336533	1200.041016	16.238323
8.473158	7.336533	1198.339844	22.138189
8.473158	7.336533	1196.638672	11.804379
8.473158	7.336533	1194.937500	10.326508
8.473158	7.336533	1193.234375	16.223717
8.473158	7.336533	1191.533203	16.220066
8.473158	7.336533	1189.830078	19.164852
8.473158	7.336533	1188.126953	13.264988
8.473158	7.336533	1186.423828	16.209112
8.473158	7.336533	1184.720703	22.098354
8.473158	7.336533	1183.015625	10.310242
8.473158	7.336533	1181.312500	11.780478
8.473158	7.336533	1179.607422	14.722279
8.473158	7.336533	1177.902344	20.606543
8.473158	7.336533	1176.195313	11.772512
8.473158	7.336533	1174.490234	13.241089
8.473158	7.336533	1172.783203	11.767201
8.473158	7.336533	1171.076172	16.176250
8.473158	7.336533	1169.369141	19.113073
8.473158	7.336533	1167.662109	19.108759
8.473158	7.336533	1165.953125	14.695726
8.473158	7.336533	1164.246094	11.753925
8.473158	7.336533	1162.537109	14.689088
8.473158	7.336533	1160.828125	11.748615
8.473158	7.336533	1159.117188	14.682450
8.473158	7.336533	1157.408203	17.614958
8.473158	7.336533	1155.697266	16.143394
8.473158	7.336533	1153.986328	19.074244
8.473158	7.336533	1152.275391	13.202258
8.473158	7.336533	1150.564453	14.665857
8.473158	7.336533	1148.853516	24.926315
8.473158	7.336533	1147.140625	23.454752
8.473158	7.336533	1145.427734	23.449444
8.473158	7.336533	1143.714844	20.513617
8.473158	7.336533	1142.001953	17.579119
8.473158	7.336533	1140.287109	17.575136
8.473158	7.336533	1138.574219	17.571154
8.473158	7.336533	1136.859375	16.103241
8.473158	7.336533	1135.144531	19.026791
8.473158	7.336533	1133.427734	17.559208
8.473158	7.336533	1131.712891	16.092291
8.473158	7.336533	1129.996094	17.551245
8.473158	7.336533	1128.279297	11.698175
8.473158	7.336533	1126.562500	13.157461
8.473158	7.336533	1124.845703	23.385735
8.473158	7.336533	1123.128906	14.612765
8.473158	7.336533	1121.410156	20.453226
8.473158	7.336533	1119.691406	17.527355
8.473158	7.336533	1117.972656	18.983656
8.473158	7.336533	1116.253906	17.519394
8.473158	7.336533	1114.533203	21.894264
8.473158	7.336533	1112.814453	20.430002
8.473158	7.336533	1111.093750	13.130588
8.473158	7.336533	1109.373047	17.503469
8.473158	7.336533	1107.652344	11.666325
8.473158	7.336533	1105.929688	20.411425
8.473158	7.336533	1104.208984	17.491526
8.473158	7.336533	1102.486328	14.572954
8.473158	7.336533	1100.763672	13.112673
8.473158	7.336533	1099.039063	21.849478
8.473158	7.336533	1097.316406	18.931902
8.473158	7.336533	1095.591797	18.927589
8.473158	7.336533	1093.867188	10.189457
8.473158	7.336533	1092.142578	14.553050
8.473158	7.336533	1090.417969	11.639787
8.473158	7.336533	1088.693359	14.546416
8.473158	7.336533	1086.966797	17.451719
8.473158	7.336533	1085.240234	10.177848
8.473158	7.336533	1083.513672	14.536466
8.473158	7.336533	1081.787109	14.533149
8.473158	7.336533	1080.058594	15.982815
8.473158	7.336533	1078.332031	15.979166
8.473158	7.336533	1076.603516	20.332478
8.473158	7.336533	1074.875000	23.231810
8.473158	7.336533	1073.144531	14.516564
8.473158	7.336533	1071.416016	17.415897
8.473158	7.336533	1069.685547	23.215891
8.473158	7.336533	1067.955078	23.210585
8.473158	7.336533	1066.224609	14.503299
8.473158	7.336533	1064.494141	21.749973
8.473158	7.336533	1062.763672	14.496666
8.473158	7.336533	1061.031250	18.841354
8.473158	7.336533	1059.298828	15.939036
8.473158	7.336533	1057.566406	28.973434
8.473158	7.336533	1055.832031	20.276762
8.473158	7.336533	1054.099609	20.272120
8.473158	7.336533	1052.365234	14.476768
8.473158	7.336533	1050.630859	11.578762
8.473158	7.336533	1048.896484	17.364164
8.473158	7.336533	1047.162109	14.466821
8.473158	7.336533	1045.425781	14.463506
8.473158	7.336533	1043.691406	18.798246
8.473158	7.336533	1041.955078	17.348249
8.473158	7.336533	1040.218750	13.008203
8.473158	7.336533	1038.480469	14.450243
8.473158	7.336533	1036.744141	17.336313
8.473158	7.336533	1035.005859	18.776695
8.473158	7.336533	1033.267578	15.884326
8.473158	7.336533	1031.529297	15.880679
8.473158	7.336533	1029.789063	20.207132
8.473158	7.336533	1028.050781	21.645525
8.473158	7.336533	1026.310547	15.869739
8.473158	7.336533	1024.570313	24.520325
8.473158	7.336533	1022.830078	27.398769
8.473158	7.336533	1021.089844	12.975381
8.473158	7.336533	1019.347656	17.296530
8.473158	7.336533	1017.605469	24.497782
8.473158	7.336533	1015.863281	24.492147
8.473158	7.336533	1014.121094	18.724979
8.473158	7.336533	1012.378906	28.801033
8.473158	7.336533	1010.634766	21.595802
8.473158	7.336533	1008.890625	24.469608
8.473158	7.336533	1007.146484	24.463974
8.473158	7.336533	1005.402344	21.580887
8.473158	7.336533	1003.656250	24.452703
8.473158	7.336533	1001.912109	23.009007
8.473158	7.336533	1000.166016	14.377316
8.473158	7.336533	998.419922	27.310602
8.473158	7.336533	996.673828	28.741375
8.473158	7.336533	994.925781	31.608221
8.473158	7.336533	993.177734	22.982494
8.473158	7.336533	991.431641	30.157566
8.473158	7.336533	989.681641	28.714863
8.473158	7.336533	987.933594	24.402000
8.473158	7.336533	986.185547	33.006851
8.473158	7.336533	984.435547	21.521236
8.473158	7.336533	982.685547	37.294861
8.473158	7.336533	980.935547	35.852158
8.473158	7.336533	979.185547	32.976364
8.473158	7.336533	977.433594	40.135864
8.473158	7.336533	975.681641	37.260403
8.473158	7.336533	973.929688	34.386265
8.473158	7.336533	972.177734	30.081026
8.473158	7.336533	970.425781	32.938267
8.473158	7.336533	968.671875	42.953018
8.473158	7.336533	966.917969	38.648769
8.473158	7.336533	965.164063	28.622093
8.473158	7.336533	963.410156	30.046242
8.473158	7.336533	961.656250	30.039286
8.473158	7.336533	959.900391	34.322662
8.473158	7.336533	958.144531	34.314713
8.473158	7.336533	956.388672	22.871176
8.473158	7.336533	954.632813	35.727932
8.473158	7.336533	952.876953	24.289362
8.473158	7.336533	951.119141	25.712187
8.473158	7.336533	949.361328	31.418720
8.473158	7.336533	947.603516	38.550396
8.473158	7.336533	945.845703	32.831608
8.473158	7.336533	944.085938	34.251122
8.473158	7.336533	942.328125	35.669975
8.473158	7.336533	940.568359	37.088161
8.473158	7.336533	938.808594	34.227280
8.473158	7.336533	937.046875	32.793530
8.473158	7.336533	935.287109	24.233065
8.473158	7.336533	933.525391	19.952007
8.473158	7.336533	931.763672	32.770679
8.473158	7.336533	930.001953	21.367218
8.473158	7.336533	928.240234	19.938101
8.473158	7.336533	926.476563	18.509647
8.473158	7.336533	924.712891	22.775806
8.473158	7.336533	922.949219	21.347353
8.473158	7.336533	921.185547	15.651084
8.473158	7.336533	919.419922	12.802453
8.473158	7.336533	917.656250	22.754622
8.473158	7.336533	915.890625	15.640161
8.473158	7.336533	914.125000	19.901026
8.473158	7.336533	912.359375	18.475222
8.473158	7.336533	910.591797	26.995956
8.473158	7.336533	908.824219	19.887125
8.473158	7.336533	907.058594	22.722847
8.473158	7.336533	905.289063	22.717552
8.473158	7.336533	903.521484	18.453709
8.473158	7.336533	901.753906	26.964518
8.473158	7.336533	899.984375	15.607397
8.473158	7.336533	898.214844	19.859327
8.473158	7.336533	896.445313	17.018309
8.473158	7.336533	894.673828	17.014339
8.473158	7.336533	892.904297	19.845430
8.473158	7.336533	891.132813	19.840797
8.473158	7.336533	889.361328	22.669905
8.473158	7.336533	887.589844	22.664612
8.473158	7.336533	885.816406	18.410696
8.473158	7.336533	884.044922	19.822273
8.473158	7.336533	882.271484	16.986549
8.473158	7.336533	880.498047	24.058655
8.473158	7.336533	878.722656	18.393496
8.473158	7.336533	876.949219	21.218304
8.473158	7.336533	875.173828	21.213343
8.473158	7.336533	873.398438	22.622272
8.473158	7.336533	871.623047	12.722053
8.473158	7.336533	869.847656	24.024921
8.473158	7.336533	868.070313	18.367699
8.473158	7.336533	866.292969	15.538262
8.473158	7.336533	864.515625	19.771341
8.473158	7.336533	862.738281	19.766712
8.473158	7.336533	860.960938	16.938929
8.473158	7.336533	859.181641	16.934961
8.473158	7.336533	857.402344	14.109161
8.473158	7.336533	855.623047	22.569368
8.473158	7.336533	853.843750	23.974335
8.473158	7.336533	852.064453	19.738941
8.473158	7.336533	850.283203	25.372690
8.473158	7.336533	848.501953	15.501897
8.473158	7.336533	846.720703	22.542925
8.473158	7.336533	844.939453	15.494625
8.473158	7.336533	843.156250	18.307533
8.473158	7.336533	841.373047	19.711178
8.473158	7.336533	839.589844	12.668498
8.473158	7.336533	837.806641	21.109207
8.473158	7.336533	836.023438	19.697300
8.473158	7.336533	834.238281	23.912533
8.473158	7.336533	832.453125	21.094337
8.473158	7.336533	830.667969	15.465547
8.473158	7.336533	828.882813	21.084427
8.473158	7.336533	827.095703	25.295366
8.473158	7.336533	825.310547	18.264582
8.473158	7.336533	823.523438	14.046374
8.473158	7.336533	821.736328	15.447378
8.473158	7.336533	819.947266	12.635792
8.473158	7.336533	818.160156	23.861992
8.473158	7.336533	816.371094	11.226530
8.473158	7.336533	814.582031	26.656736
8.473158	7.336533	812.792969	18.234526
8.473158	7.336533	811.001953	19.632559
8.473158	7.336533	809.212891	21.029932
8.473158	7.336533	807.421875	18.221649
8.473158	7.336533	805.630859	14.013351
8.473158	7.336533	803.839844	14.010050
8.473158	7.336533	802.046875	14.006749
8.473158	7.336533	800.253906	21.005173
8.473158	7.336533	798.460938	21.000221
8.473158	7.336533	796.667969	15.396531
8.473158	7.336533	794.875000	20.990318
8.473158	7.336533	793.080078	22.384394
8.473158	7.336533	791.285156	19.581724
8.473158	7.336533	789.490234	22.373833
8.473158	7.336533	787.695313	19.572485
8.473158	7.336533	785.900391	11.181637
8.473158	7.336533	784.103516	18.165871
8.473158	7.336533	782.306641	16.764538
8.473158	7.336533	780.509766	23.744152
8.473158	7.336533	778.712891	18.153006
8.473158	7.336533	776.914063	18.148716
8.473158	7.336533	775.115234	22.331604
8.473158	7.336533	773.318359	26.512514
8.473158	7.336533	771.517578	19.530920
8.473158	7.336533	769.718750	22.315775
8.473158	7.336533	767.917969	26.493717
8.473158	7.336533	766.117188	23.699299
8.473158	7.336533	764.316406	19.512453
8.473158	7.336533	762.515625	18.114420
8.473158	7.336533	760.714844	20.896309
8.473158	7.336533	758.912109	22.284122
8.473158	7.336533	757.109375	27.848560
8.473158	7.336533	755.306641	23.665672
8.473158	7.336533	753.501953	16.701225
8.473158	7.336533	751.699219	25.045906
8.473158	7.336533	749.894531	26.431084
8.473158	7.336533	748.089844	23.643263
8.473158	7.336533	746.285156	20.856760
8.473158	7.336533	744.478516	15.291332
8.473158	7.336533	742.673828	25.016251
8.473158	7.336533	740.867188	25.010321
8.473158	7.336533	739.060547	20.836992
8.473158	7.336533	737.251953	26.387264
8.473158	7.336533	735.445313	19.438637
8.473158	7.336533	733.636719	26.374748
8.473158	7.336533	731.828125	23.592861
8.473158	7.336533	730.019531	18.037317
8.473158	7.336533	728.208984	12.484410
8.473158	7.336533	726.400391	20.802412
8.473158	7.336533	724.589844	16.637980
8.473158	7.336533	722.779297	19.406366
8.473158	7.336533	720.966797	22.173437
8.473158	7.336533	719.156250	23.553680
8.473158	7.336533	717.343750	26.318449
8.473158	7.336533	715.531250	22.157639
8.473158	7.336533	713.718750	20.767849
8.473158	7.336533	711.904297	19.378719
8.473158	7.336533	710.091797	20.757978
8.473158	7.336533	708.277344	19.369507
8.473158	7.336533	706.462891	22.131315
8.473158	7.336533	704.646484	19.360294
8.473158	7.336533	702.832031	15.208042
8.473158	7.336533	701.015625	16.586643
8.473158	7.336533	699.199219	16.582697
8.473158	7.336533	697.382813	19.341875
8.473158	7.336533	695.566406	15.193571
8.473158	7.336533	693.748047	15.189954
8.473158	7.336533	691.929688	16.566914
8.473158	7.336533	690.111328	15.182721
8.473158	7.336533	688.292969	17.938942
8.473158	7.336533	686.472656	17.934669
8.473158	7.336533	684.652344	19.309656
8.473158	7.336533	682.832031	26.199718
8.473158	7.336533	681.011719	23.436266
8.473158	7.336533	679.191406	12.404478
8.473158	7.336533	677.369141	20.669201
8.473158	7.336533	675.546875	15.153800
8.473158	7.336533	673.724609	22.036634
8.473158	7.336533	671.902344	19.277456
8.473158	7.336533	670.078125	23.402756
8.473158	7.336533	668.255859	16.515652
8.473158	7.336533	666.431641	19.263662
8.473158	7.336533	664.607422	19.259066
8.473158	7.336533	662.781250	17.879148
8.473158	7.336533	660.957031	21.999853
8.473158	7.336533	659.130859	21.994600
8.473158	7.336533	657.304688	28.861019
8.473158	7.336533	655.476563	21.984097
8.473158	7.336533	653.650391	21.978846
8.473158	7.336533	651.822266	26.093643
8.473158	7.336533	649.994141	26.087408
8.473158	7.336533	648.166016	21.963095
8.473158	7.336533	646.335938	38.426228
8.473158	7.336533	644.507813	34.300930
8.473158	7.336533	642.677734	28.805895
8.473158	7.336533	640.847656	30.170387
8.473158	7.336533	639.015625	24.678959
8.473158	7.336533	637.185547	24.673056
8.473158	7.336533	635.353516	35.630333
8.473158	7.336533	633.521484	23.291183
8.473158	7.336533	631.689453	26.025093
8.473158	7.336533	629.855469	28.757692
8.473158	7.336533	628.023438	28.750811
8.473158	7.336533	626.189453	26.006411
8.473158	7.336533	624.355469	27.368614
8.473158	7.336533	622.519531	28.730164
8.473158	7.336533	620.685547	30.091059
8.473158	7.336533	618.849609	28.716404
8.473158	7.336533	617.013672	25.975285
8.473158	7.336533	615.177734	24.602268
8.473158	7.336533	613.339844	27.329304
8.473158	7.336533	611.503906	28.688892
8.473158	7.336533	609.666016	34.145256
8.473158	7.336533	607.828125	35.502556
8.473158	7.336533	605.988281	27.303110
8.473158	7.336533	604.150391	36.850361
8.473158	7.336533	602.310547	21.832014
8.473158	7.336533	600.470703	31.375992
8.473158	7.336533	598.628906	27.276928
8.473158	7.336533	596.789063	31.360941
8.473158	7.336533	594.947266	27.263840
8.473158	7.336533	593.105469	19.080109
8.473158	7.336533	591.263672	23.163141
8.473158	7.336533	589.421875	24.519793
8.473158	7.336533	587.578125	23.152023
8.473158	7.336533	585.734375	20.423351
8.473158	7.336533	583.890625	24.502136
8.473158	7.336533	582.046875	24.496252
8.473158	7.336533	580.201172	23.129791
8.473158	7.336533	578.355469	25.844734
8.473158	7.336533	576.509766	16.319069
8.473158	7.336533	574.664063	27.191912
8.473158	7.336533	572.818359	28.544645
8.473158	7.336533	570.970703	20.384132
8.473158	7.336533	569.123047	28.530926
8.473158	7.336533	567.275391	27.165777
8.473158	7.336533	565.427734	17.653511
8.473158	7.336533	563.578125	21.722174
8.473158	7.336533	561.728516	19.002331
8.473158	7.336533	559.878906	24.425692
8.473158	7.336533	558.029297	25.776472
8.473158	7.336533	556.177734	20.344952
8.473158	7.336533	554.328125	27.120073
8.473158	7.336533	552.476563	27.113548
8.473158	7.336533	550.625000	24.396320
8.473158	7.336533	548.771484	25.745474
8.473158	7.336533	546.919922	23.029879
8.473158	7.336533	545.066406	32.504944
8.473158	7.336533	543.212891	25.726883
8.473158	7.336533	541.357422	32.489292
8.473158	7.336533	539.503906	33.834862
8.473158	7.336533	537.648438	40.592052
8.473158	7.336533	535.792969	31.113077
8.473158	7.336533	533.937500	36.515247
8.473158	7.336533	532.080078	45.971085
8.473158	7.336533	530.224609	47.311775
8.473158	7.336533	528.367188	70.274841
8.473158	7.336533	526.507813	94.577942
8.473158	7.336533	524.650391	156.691391
8.473158	7.336533	522.791016	334.914612
8.473158	7.336533	520.933594	576.508301
8.473158	7.336533	519.074219	487.281769
8.473158	7.336533	517.212891	252.353790
8.473158	7.336533	515.353516	141.661804
8.473158	7.336533	513.492188	95.767258
8.473158	7.336533	511.630859	67.425461
8.473158	7.336533	509.769531	56.623722
8.473158	7.336533	507.906250	43.131477
8.473158	7.336533	506.044922	48.511200
8.473158	7.336533	504.181641	63.318783
8.473158	7.336533	502.318359	49.834671
8.473158	7.336533	500.453125	49.822643
8.473158	7.336533	498.589844	61.926712
8.473158	7.336533	496.724609	55.182220
8.473158	7.336533	494.859375	55.168896
8.473158	7.336533	492.992188	53.810318
8.473158	7.336533	491.126953	52.452389
8.473158	7.336533	489.259766	44.372070
8.473158	7.336533	487.392578	41.672787
8.473158	7.336533	485.525391	37.630844
8.473158	7.336533	483.656250	34.934483
8.473158	7.336533	481.789063	44.329208
8.473158	7.336533	479.919922	40.289543
8.473158	7.336533	478.050781	34.909164
8.473158	7.336533	476.179688	36.243065
8.473158	7.336533	474.310547	26.840225
8.473158	7.336533	472.439453	32.200485
8.473158	7.336533	470.568359	29.509974
8.473158	7.336533	468.695313	26.820763
8.473158	7.336533	466.824219	36.199276
8.473158	7.336533	464.951172	24.127014
8.473158	7.336533	463.078125	26.801311
8.473158	7.336533	461.205078	25.455088
8.473158	7.336533	459.330078	29.467182
8.473158	7.336533	457.457031	24.103680
8.473158	7.336533	455.582031	28.114157
8.473158	7.336533	453.707031	28.107355
8.473158	7.336533	451.830078	34.791161
8.473158	7.336533	449.955078	28.093754
8.473158	7.336533	448.078125	26.749481
8.473158	7.336533	446.201172	20.057255
8.473158	7.336533	444.322266	26.736534
8.473158	7.336533	442.445313	16.038036
8.473158	7.336533	440.566406	26.723591
8.473158	7.336533	438.687500	21.373697
8.473158	7.336533	436.808594	20.032990
8.473158	7.336533	434.927734	24.033766
8.473158	7.336533	433.048828	29.367489
8.473158	7.336533	431.167969	22.687565
8.473158	7.336533	429.285156	20.013590
8.473158	7.336533	427.404297	21.342659
8.473158	7.336533	425.521484	21.337488
8.473158	7.336533	423.638672	19.999050
8.473158	7.336533	421.755859	23.993046
8.473158	7.336533	419.873047	26.652481
8.473158	7.336533	417.988281	25.313721
8.473158	7.336533	416.105469	25.307587
8.473158	7.336533	414.220703	25.301453
8.473158	7.336533	412.333984	22.632656
8.473158	7.336533	410.449219	14.641110
8.473158	7.336533	408.562500	25.283060
8.473158	7.336533	406.675781	25.276932
8.473158	7.336533	404.789063	31.921015
8.473158	7.336533	402.900391	35.902435
8.473158	7.336533	401.013672	43.870117
8.473158	7.336533	399.125000	55.821156
8.473158	7.336533	397.236328	65.108887
8.473158	7.336533	395.345703	66.421532
8.473158	7.336533	393.457031	74.374069
8.473158	7.336533	391.566406	67.717102
8.473158	7.336533	389.675781	58.408424
8.473158	7.336533	387.783203	41.141407
8.473158	7.336533	385.892578	51.745991
8.473158	7.336533	384.000000	38.468452
8.473158	7.336533	382.107422	45.090004
8.473158	7.336533	380.214844	51.708336
8.473158	7.336533	378.320313	56.997925
8.473158	7.336533	376.425781	60.959728
8.473158	7.336533	374.531250	71.544052
8.473158	7.336533	372.636719	56.956440
8.473158	7.336533	370.742188	52.969875
8.473158	7.336533	368.845703	54.280945
8.473158	7.336533	366.949219	38.384521
8.473158	7.336533	365.052734	43.668335
8.473158	7.336533	363.154297	50.272541
8.473158	7.336533	361.257813	58.196182
8.473158	7.336533	359.359375	43.636539
8.473158	7.336533	357.460938	47.591942
8.473158	7.336533	355.560547	47.580387
8.473158	7.336533	353.662109	62.103752
8.473158	7.336533	351.761719	50.199352
8.473158	7.336533	349.861328	52.828594
8.473158	7.336533	347.960938	47.534187
8.473158	7.336533	346.058594	36.962055
8.473158	7.336533	344.156250	43.551846
8.473158	7.336533	342.253906	43.541267
8.473158	7.336533	340.351563	40.892467
8.473158	7.336533	338.449219	30.332205
8.473158	7.336533	336.544922	36.917191
8.473158	7.336533	334.640625	40.862679
8.473158	7.336533	332.736328	32.945766
8.473158	7.336533	330.832031	32.937763
8.473158	7.336533	328.925781	30.295382
8.473158	7.336533	327.019531	31.604891
8.473158	7.336533	325.113281	34.230312
8.473158	7.336533	323.207031	34.221996
8.473158	7.336533	321.298828	36.845505
8.473158	7.336533	319.390625	30.258595
8.473158	7.336533	317.482422	26.305428
8.473158	7.336533	315.574219	28.928940
8.473158	7.336533	313.664063	30.236542
8.473158	7.336533	311.753906	34.172134
8.473158	7.336533	309.843750	30.221848
8.473158	7.336533	307.933594	31.528177
8.473158	7.336533	306.023438	28.893806
8.473158	7.336533	304.111328	39.391068
8.473158	7.336533	302.199219	26.254330
8.473158	7.336533	300.287109	27.560347
8.473158	7.336533	298.373047	27.553648
8.473158	7.336533	296.458984	28.858709
8.473158	7.336533	294.546875	28.851694
8.473158	7.336533	292.630859	31.466925
8.473158	7.336533	290.716797	41.945702
8.473158	7.336533	288.800781	44.556477
8.473158	7.336533	286.884766	44.545643
8.473158	7.336533	284.968750	57.633289
8.473158	7.336533	283.052734	56.309750
8.473158	7.336533	281.134766	52.368431
8.473158	7.336533	279.218750	49.737915
8.473158	7.336533	277.298828	44.491524
8.473158	7.336533	275.380859	53.638500
8.473158	7.336533	273.462891	53.625462
8.473158	7.336533	271.542969	67.996246
8.473158	7.336533	269.623047	69.287018
8.473158	7.336533	267.701172	81.033028
8.473158	7.336533	265.781250	92.773323
8.473158	7.336533	263.859375	178.969803
8.473158	7.336533	261.937500	266.430389
8.473158	7.336533	260.015625	249.391327
8.473158	7.336533	258.093750	255.857666
8.473158	7.336533	256.169922	228.388809
8.473158	7.336533	254.246094	238.771362
8.473158	7.336533	252.322266	426.553284
8.473158	7.336533	250.396484	1525.828735
8.473158	7.336533	248.472656	1887.916992
8.473158	7.336533	246.546875	796.434265
8.473158	7.336533	244.621094	346.644836
8.473158	7.336533	242.693359	242.331818
8.473158	7.336533	240.767578	192.776291
8.473158	7.336533	238.839844	149.755966
8.473158	7.336533	236.912109	132.794739
8.473158	7.336533	234.982422	110.635376
8.473158	7.336533	233.054688	80.679123
8.473158	7.336533	231.125000	72.853745
8.473158	7.336533	229.195313	83.241180
8.473158	7.336533	227.263672	62.415707
8.473158	7.336533	225.333984	62.400532
8.473158	7.336533	223.402344	79.281395
8.473158	7.336533	221.470703	66.268326
8.473158	7.336533	219.539063	71.448471
8.473158	7.336533	217.605469	75.327339
8.473158	7.336533	215.673828	74.010597
8.473158	7.336533	213.740234	70.098259
8.473158	7.336533	211.804688	63.592213
8.473158	7.336533	209.871094	57.089329
8.473158	7.336533	207.935547	54.481113
8.473158	7.336533	206.000000	54.467869
8.473158	7.336533	204.064453	42.785778
8.473158	7.336533	202.128906	31.109365
8.473158	7.336533	200.191406	32.397713
8.473158	7.336533	198.253906	25.911869
8.473158	7.336533	196.316406	20.724457
8.473158	7.336533	194.376953	24.604309
8.473158	7.336533	192.439453	20.714382
8.473158	7.336533	190.500000	28.475353
8.473158	7.336533	188.560547	24.586374
8.473158	7.336533	186.619141	23.286694
8.473158	7.336533	184.679688	27.161205
8.473158	7.336533	182.738281	19.396147
8.473158	7.336533	180.796875	23.269718
8.473158	7.336533	178.855469	24.556511
8.473158	7.336533	176.912109	25.842678
8.473158	7.336533	174.968750	20.669119
8.473158	7.336533	173.025391	20.664097
8.473158	7.336533	171.082031	25.823843
8.473158	7.336533	169.136719	23.235811
8.473158	7.336533	167.193359	23.230165
8.473158	7.336533	165.246094	25.805025
8.473158	7.336533	163.300781	21.928942
8.473158	7.336533	161.355469	18.054741
8.473158	7.336533	159.408203	25.786222
8.473158	7.336533	157.460938	23.201962
8.473158	7.336533	155.513672	29.639750
8.473158	7.336533	153.564453	27.055807
8.473158	7.336533	151.617188	34.777588
8.473158	7.336533	149.667969	33.481396
8.473158	7.336533	147.716797	36.048130
8.473158	7.336533	145.767578	37.326496
8.473158	7.336533	143.816406	47.611897
8.473158	7.336533	141.865234	47.600334
8.473158	7.336533	139.914063	50.161140
8.473158	7.336533	137.962891	52.720703
8.473158	7.336533	136.009766	69.420166
8.473158	7.336533	134.056641	53.980354
8.473158	7.336533	132.103516	55.252182
8.473158	7.336533	130.150391	43.677166
8.473158	7.336533	128.195313	53.941048
8.473158	7.336533	126.240234	44.939964
8.473158	7.336533	124.285156	35.943245
8.473158	7.336533	122.330078	47.484901
8.473158	7.336533	120.373047	50.039505
8.473158	7.336533	118.416016	50.027363
8.473158	7.336533	116.458984	50.015224
8.473158	7.336533	114.501953	43.592434
8.473158	7.336533	112.542969	33.327305
8.473158	7.336533	110.583984	30.756201
8.473158	7.336533	108.625000	30.748739
8.473158	7.336533	106.666016	20.494186
8.473158	7.336533	104.705078	17.928064
8.473158	7.336533	102.746094	15.363185
8.473158	7.336533	100.785156	7.679729
8.473158	7.336533	98.822266	7.677867
8.473158	7.336533	96.861328	1.279334
8.473158	7.336533	94.898438	3.837072
8.473158	7.336533	92.935547	2.557428
8.473158	7.336533	90.972656	3.835212
8.473158	7.336533	89.007813	0.000000
8.473158	7.336533	87.044922	1.277784
8.473158	7.336533	85.080078	3.832423
8.473158	7.336533	83.113281	0.000000
8.473158	7.336533	81.148438	1.276855
8.473158	7.336533	79.181641	0.000000
8.473158	7.336533	77.214844	0.000000
8.473158	7.336533	75.248047	0.000000
8.473158	7.336533	73.281250	2.551236
8.473158	7.336533	71.312500	2.550618
8.473158	7.336533	69.343750	2.550000
8.473158	7.336533	67.375000	1.274691
8.473158	7.336533	65.404297	1.274383
8.473158	7.336533	63.435547	-1.274074
8.473158	7.336533	61.464844	1.273766
8.473158	7.336533	59.494141	0.000000
12.473158	7.336533	1838.757813	19.286112
12.473158	7.336533	1837.195313	17.678934
12.473158	7.336533	1835.632813	17.675173
12.473158	7.336533	1834.070313	17.671412
12.473158	7.336533	1832.507813	17.667652
12.473158	7.336533	1830.945313	19.269701
12.473158	7.336533	1829.382813	22.476534
12.473158	7.336533	1827.818359	20.866625
12.473158	7.336533	1826.253906	19.257401
12.473158	7.336533	1824.689453	20.857744
12.473158	7.336533	1823.125000	12.832804
12.473158	7.336533	1821.560547	22.452627
12.473158	7.336533	1819.994141	14.430759
12.473158	7.336533	1818.429688	24.046146
12.473158	7.336533	1816.863281	20.835558
12.473158	7.336533	1815.296875	17.626335
12.473158	7.336533	1813.730469	22.428741
12.473158	7.336533	1812.162109	17.618832
12.473158	7.336533	1810.595703	11.209598
12.473158	7.336533	1809.027344	20.813393
12.473158	7.336533	1807.458984	14.406204
12.473158	7.336533	1805.890625	11.202440
12.473158	7.336533	1804.322266	19.200094
12.473158	7.336533	1802.753906	22.395342
12.473158	7.336533	1801.183594	28.787880
12.473158	7.336533	1799.613281	19.187834
12.473158	7.336533	1798.042969	17.585102
12.473158	7.336533	1796.472656	22.376274
12.473158	7.336533	1794.902344	22.371510
12.473158	7.336533	1793.332031	14.378621
12.473158	7.336533	1791.759766	12.778275
12.473158	7.336533	1790.187500	12.775554
12.473158	7.336533	1788.617188	23.949062
12.473158	7.336533	1787.044922	14.366377
12.473158	7.336533	1785.470703	17.555164
12.473158	7.336533	1783.898438	14.360257
12.473158	7.336533	1782.324219	19.142931
12.473158	7.336533	1780.750000	19.138853
12.473158	7.336533	1779.177734	12.756517
12.473158	7.336533	1777.601563	15.942249
12.473158	7.336533	1776.027344	22.314394
12.473158	7.336533	1774.453125	14.341911
12.473158	7.336533	1772.876953	20.711679
12.473158	7.336533	1771.300781	14.335800
12.473158	7.336533	1769.724609	19.110327
12.473158	7.336533	1768.148438	20.698442
12.473158	7.336533	1766.572266	27.061424
12.473158	7.336533	1764.994141	17.506601
12.473158	7.336533	1763.417969	15.911700
12.473158	7.336533	1761.839844	12.726646
12.473158	7.336533	1760.261719	20.676392
12.473158	7.336533	1758.683594	19.081833
12.473158	7.336533	1757.103516	22.257391
12.473158	7.336533	1755.525391	23.842121
12.473158	7.336533	1753.945313	14.302222
12.473158	7.336533	1752.365234	15.887969
12.473158	7.336533	1750.785156	14.296124
12.473158	7.336533	1749.205078	14.293075
12.473158	7.336533	1747.625000	22.228930
12.473158	7.336533	1746.042969	12.699536
12.473158	7.336533	1744.460938	23.806551
12.473158	7.336533	1742.878906	19.041178
12.473158	7.336533	1741.296875	17.450689
12.473158	7.336533	1739.714844	22.205231
12.473158	7.336533	1738.132813	19.028994
12.473158	7.336533	1736.548828	14.268701
12.473158	7.336533	1734.964844	19.020874
12.473158	7.336533	1733.380859	22.186285
12.473158	7.336533	1731.796875	26.934738
12.473158	7.336533	1730.212891	20.592758
12.473158	7.336533	1728.628906	17.420921
12.473158	7.336533	1727.042969	12.667057
12.473158	7.336533	1725.457031	17.413485
12.473158	7.336533	1723.871094	20.575178
12.473158	7.336533	1722.285156	17.406050
12.473158	7.336533	1720.699219	12.656242
12.473158	7.336533	1719.111328	15.816924
12.473158	7.336533	1717.525391	17.394901
12.473158	7.336533	1715.937500	14.229153
12.473158	7.336533	1714.349609	17.387472
12.473158	7.336533	1712.759766	20.544441
12.473158	7.336533	1711.171875	20.540051
12.473158	7.336533	1709.583984	15.796664
12.473158	7.336533	1707.994141	12.634631
12.473158	7.336533	1706.404297	17.368906
12.473158	7.336533	1704.814453	20.522501
12.473158	7.336533	1703.224609	15.783166
12.473158	7.336533	1701.632813	14.201813
12.473158	7.336533	1700.042969	23.664629
12.473158	7.336533	1698.451172	17.350351
12.473158	7.336533	1696.859375	15.769674
12.473158	7.336533	1695.267578	25.226084
12.473158	7.336533	1693.675781	18.915518
12.473158	7.336533	1692.082031	18.911472
12.473158	7.336533	1690.490234	25.209904
12.473158	7.336533	1688.896484	20.478666
12.473158	7.336533	1687.302734	14.174505
12.473158	7.336533	1685.708984	14.171473
12.473158	7.336533	1684.113281	15.742712
12.473158	7.336533	1682.519531	14.165409
12.473158	7.336533	1680.923828	22.030367
12.473158	7.336533	1679.328125	15.732608
12.473158	7.336533	1677.732422	18.875090
12.473158	7.336533	1676.136719	25.161398
12.473158	7.336533	1674.541016	28.300514
12.473158	7.336533	1672.943359	11.003399
12.473158	7.336533	1671.345703	15.715775
12.473158	7.336533	1669.748047	17.283651
12.473158	7.336533	1668.150391	23.563568
12.473158	7.336533	1666.552734	15.705681
12.473158	7.336533	1664.955078	23.553474
12.473158	7.336533	1663.355469	17.268848
12.473158	7.336533	1661.755859	18.834707
12.473158	7.336533	1660.156250	18.830671
12.473158	7.336533	1658.556641	21.964409
12.473158	7.336533	1656.957031	12.548401
12.473158	7.336533	1655.355469	18.818567
12.473158	7.336533	1653.755859	20.382410
12.473158	7.336533	1652.154297	23.513124
12.473158	7.336533	1650.552734	23.508083
12.473158	7.336533	1648.951172	17.235565
12.473158	7.336533	1647.347656	18.798401
12.473158	7.336533	1645.746094	17.228172
12.473158	7.336533	1644.142578	10.961031
12.473158	7.336533	1642.539063	14.089730
12.473158	7.336533	1640.935547	17.217087
12.473158	7.336533	1639.332031	21.907955
12.473158	7.336533	1637.728516	17.209700
12.473158	7.336533	1636.123047	12.513458
12.473158	7.336533	1634.517578	18.766159
12.473158	7.336533	1632.912109	12.508087
12.473158	7.336533	1631.306641	20.321278
12.473158	7.336533	1629.701172	14.065556
12.473158	7.336533	1628.093750	23.437559
12.473158	7.336533	1626.488281	17.183851
12.473158	7.336533	1624.880859	17.180161
12.473158	7.336533	1623.273438	14.053475
12.473158	7.336533	1621.666016	23.417427
12.473158	7.336533	1620.056641	18.729916
12.473158	7.336533	1618.449219	23.407364
12.473158	7.336533	1616.839844	18.721867
12.473158	7.336533	1615.230469	23.397303
12.473158	7.336533	1613.621094	12.475879
12.473158	7.336533	1612.011719	17.150644
12.473158	7.336533	1610.400391	21.823399
12.473158	7.336533	1608.791016	26.494143
12.473158	7.336533	1607.179688	20.255869
12.473158	7.336533	1605.568359	20.251513
12.473158	7.336533	1603.957031	24.919575
12.473158	7.336533	1602.345703	14.014245
12.473158	7.336533	1600.732422	21.795246
12.473158	7.336533	1599.121094	9.338809
12.473158	7.336533	1597.507813	18.673597
12.473158	7.336533	1595.894531	21.781174
12.473158	7.336533	1594.281250	15.554631
12.473158	7.336533	1592.666016	15.551282
12.473158	7.336533	1591.052734	20.212313
12.473158	7.336533	1589.437500	10.881208
12.473158	7.336533	1587.822266	17.095360
12.473158	7.336533	1586.207031	17.091675
12.473158	7.336533	1584.591797	17.087994
12.473158	7.336533	1582.974609	12.424953
12.473158	7.336533	1581.359375	23.291765
12.473158	7.336533	1579.742188	20.181845
12.473158	7.336533	1578.125000	18.625380
12.473158	7.336533	1576.507813	18.621363
12.473158	7.336533	1574.888672	15.514456
12.473158	7.336533	1573.271484	18.613331
12.473158	7.336533	1571.652344	18.609316
12.473158	7.336533	1570.033203	24.807068
12.473158	7.336533	1568.414063	18.601286
12.473158	7.336533	1566.794922	21.696817
12.473158	7.336533	1565.173828	21.692135
12.473158	7.336533	1563.554688	12.392830
12.473158	7.336533	1561.933594	12.390154
12.473158	7.336533	1560.312500	20.129654
12.473158	7.336533	1558.691406	18.577206
12.473158	7.336533	1557.070313	15.477661
12.473158	7.336533	1555.447266	20.116613
12.473158	7.336533	1553.826172	20.112267
12.473158	7.336533	1552.203125	21.654684
12.473158	7.336533	1550.580078	17.010717
12.473158	7.336533	1548.955078	20.099230
12.473158	7.336533	1547.332031	18.549124
12.473158	7.336533	1545.708984	16.999687
12.473158	7.336533	1544.083984	24.721470
12.473158	7.336533	1542.458984	15.447577
12.473158	7.336533	1540.833984	26.255201
12.473158	7.336533	1539.207031	20.073164
12.473158	7.336533	1537.582031	20.068821
12.473158	7.336533	1535.955078	12.347370
12.473158	7.336533	1534.330078	16.973959
12.473158	7.336533	1532.703125	27.769558
12.473158	7.336533	1531.074219	23.136288
12.473158	7.336533	1529.447266	13.878767
12.473158	7.336533	1527.818359	13.875761
12.473158	7.336533	1526.191406	23.121260
12.473158	7.336533	1524.562500	20.034084
12.473158	7.336533	1522.933594	16.948244
12.473158	7.336533	1521.302734	16.944571
12.473158	7.336533	1519.673828	18.480980
12.473158	7.336533	1518.042969	15.397478
12.473158	7.336533	1516.414063	15.394140
12.473158	7.336533	1514.783203	12.312642
12.473158	7.336533	1513.150391	18.464956
12.473158	7.336533	1511.519531	13.845714
12.473158	7.336533	1509.888672	21.533104
12.473158	7.336533	1508.255859	13.839706
12.473158	7.336533	1506.623047	13.836703
12.473158	7.336533	1504.990234	15.370777
12.473158	7.336533	1503.357422	19.977673
12.473158	7.336533	1501.722656	19.973335
12.473158	7.336533	1500.089844	24.577229
12.473158	7.336533	1498.455078	15.357431
12.473158	7.336533	1496.820313	23.031143
12.473158	7.336533	1495.185547	15.350760
12.473158	7.336533	1493.548828	16.882166
12.473158	7.336533	1491.914063	21.481724
12.473158	7.336533	1490.277344	18.408905
12.473158	7.336533	1488.640625	16.871161
12.473158	7.336533	1487.003906	23.001125
12.473158	7.336533	1485.367188	24.529198
12.473158	7.336533	1483.728516	10.729190
12.473158	7.336533	1482.091797	16.856487
12.473158	7.336533	1480.453125	22.981117
12.473158	7.336533	1478.814453	15.317411
12.473158	7.336533	1477.175781	19.908300
12.473158	7.336533	1475.535156	12.248595
12.473158	7.336533	1473.896484	18.368893
12.473158	7.336533	1472.255859	15.304076
12.473158	7.336533	1470.615234	21.421040
12.473158	7.336533	1468.974609	13.767669
12.473158	7.336533	1467.333984	18.352892
12.473158	7.336533	1465.691406	24.465191
12.473158	7.336533	1464.050781	27.517342
12.473158	7.336533	1462.408203	12.227263
12.473158	7.336533	1460.765625	21.393045
12.473158	7.336533	1459.123047	16.805157
12.473158	7.336533	1457.478516	12.219266
12.473158	7.336533	1455.835938	10.689526
12.473158	7.336533	1454.191406	25.954613
12.473158	7.336533	1452.546875	19.843313
12.473158	7.336533	1450.902344	19.838982
12.473158	7.336533	1449.257813	18.308908
12.473158	7.336533	1447.611328	18.304913
12.473158	7.336533	1445.966797	19.825991
12.473158	7.336533	1444.320313	15.247431
12.473158	7.336533	1442.673828	16.768511
12.473158	7.336533	1441.025391	15.240769
12.473158	7.336533	1439.378906	19.808670
12.473158	7.336533	1437.730469	15.234109
12.473158	7.336533	1436.083984	21.323090
12.473158	7.336533	1434.435547	16.750193
12.473158	7.336533	1432.787109	18.268942
12.473158	7.336533	1431.136719	18.264946
12.473158	7.336533	1429.488281	18.260950
12.473158	7.336533	1427.837891	12.171304
12.473158	7.336533	1426.187500	15.210800
12.473158	7.336533	1424.537109	24.331953
12.473158	7.336533	1422.886719	18.244970
12.473158	7.336533	1421.234375	19.761055
12.473158	7.336533	1419.583984	18.236980
12.473158	7.336533	1417.931641	13.674739
12.473158	7.336533	1416.279297	19.748074
12.473158	7.336533	1414.626953	22.781246
12.473158	7.336533	1412.974609	12.147335
12.473158	7.336533	1411.320313	18.217009
12.473158	7.336533	1409.666016	12.142010
12.473158	7.336533	1408.011719	18.209021
12.473158	7.336533	1406.357422	12.136684
12.473158	7.336533	1404.703125	16.684280
12.473158	7.336533	1403.048828	15.164200
12.473158	7.336533	1401.392578	18.193047
12.473158	7.336533	1399.736328	15.157544
12.473158	7.336533	1398.080078	16.669640
12.473158	7.336533	1396.423828	16.665979
12.473158	7.336533	1394.765625	16.662319
12.473158	7.336533	1393.109375	16.658659
12.473158	7.336533	1391.451172	13.626818
12.473158	7.336533	1389.792969	16.651339
12.473158	7.336533	1388.134766	16.647680
12.473158	7.336533	1386.476563	18.157114
12.473158	7.336533	1384.816406	21.178642
12.473158	7.336533	1383.156250	13.611847
12.473158	7.336533	1381.496094	25.705612
12.473158	7.336533	1379.835938	22.676432
12.473158	7.336533	1378.175781	13.602866
12.473158	7.336533	1376.515625	18.133163
12.473158	7.336533	1374.853516	21.150700
12.473158	7.336533	1373.191406	15.104317
12.473158	7.336533	1371.529297	15.100991
12.473158	7.336533	1369.867188	18.117199
12.473158	7.336533	1368.205078	21.132076
12.473158	7.336533	1366.541016	19.618319
12.473158	7.336533	1364.876953	18.105227
12.473158	7.336533	1363.212891	19.609673
12.473158	7.336533	1361.548828	22.621557
12.473158	7.336533	1359.884766	12.062170
12.473158	7.336533	1358.218750	19.596703
12.473158	7.336533	1356.554688	13.563956
12.473158	7.336533	1354.888672	21.094831
12.473158	7.336533	1353.222656	18.077295
12.473158	7.336533	1351.554688	10.542761
12.473158	7.336533	1349.888672	21.080868
12.473158	7.336533	1348.220703	18.065325
12.473158	7.336533	1346.552734	19.566448
12.473158	7.336533	1344.884766	19.562126
12.473158	7.336533	1343.216797	22.566696
12.473158	7.336533	1341.548828	18.049368
12.473158	7.336533	1339.878906	22.556723
12.473158	7.336533	1338.208984	18.041389
12.473158	7.336533	1336.539063	15.031167
12.473158	7.336533	1334.869141	22.541765
12.473158	7.336533	1333.199219	22.536779
12.473158	7.336533	1331.527344	12.016956
12.473158	7.336533	1329.857422	21.025021
12.473158	7.336533	1328.185547	19.518911
12.473158	7.336533	1326.513672	15.011224
12.473158	7.336533	1324.839844	21.011061
12.473158	7.336533	1323.167969	19.505951
12.473158	7.336533	1321.494141	16.501379
12.473158	7.336533	1319.820313	25.496481
12.473158	7.336533	1318.146484	14.994607
12.473158	7.336533	1316.472656	16.490412
12.473158	7.336533	1314.798828	22.481941
12.473158	7.336533	1313.123047	17.981564
12.473158	7.336533	1311.447266	13.483183
12.473158	7.336533	1309.771484	16.475790
12.473158	7.336533	1308.095703	17.969603
12.473158	7.336533	1306.419922	17.965614
12.473158	7.336533	1304.742188	16.464825
12.473158	7.336533	1303.064453	16.461170
12.473158	7.336533	1301.386719	16.457514
12.473158	7.336533	1299.708984	20.941277
12.473158	7.336533	1298.031250	22.432098
12.473158	7.336533	1296.351563	19.436832
12.473158	7.336533	1294.671875	26.906557
12.473158	7.336533	1292.994141	13.450288
12.473158	7.336533	1291.312500	19.423874
12.473158	7.336533	1289.632813	13.444307
12.473158	7.336533	1287.953125	13.441318
12.473158	7.336533	1286.271484	16.424623
12.473158	7.336533	1284.589844	17.913784
12.473158	7.336533	1282.908203	22.387247
12.473158	7.336533	1281.226563	16.413660
12.473158	7.336533	1279.542969	20.885462
12.473158	7.336533	1277.861328	8.948919
12.473158	7.336533	1276.177734	16.402699
12.473158	7.336533	1274.494141	19.380688
12.473158	7.336533	1272.810547	13.414411
12.473158	7.336533	1271.125000	17.881895
12.473158	7.336533	1269.441406	23.837212
12.473158	7.336533	1267.755859	23.831896
12.473158	7.336533	1266.070313	19.359098
12.473158	7.336533	1264.384766	17.865952
12.473158	7.336533	1262.697266	17.861965
12.473158	7.336533	1261.011719	14.881650
12.473158	7.336533	1259.324219	17.853994
12.473158	7.336533	1257.636719	8.925004
12.473158	7.336533	1255.949219	16.358854
12.473158	7.336533	1254.261719	11.894691
12.473158	7.336533	1252.572266	13.378539
12.473158	7.336533	1250.882813	16.347895
12.473158	7.336533	1249.193359	19.315922
12.473158	7.336533	1247.503906	19.311605
12.473158	7.336533	1245.814453	13.366584
12.473158	7.336533	1244.125000	16.333282
12.473158	7.336533	1242.433594	14.845119
12.473158	7.336533	1240.742188	10.389258
12.473158	7.336533	1239.050781	23.741562
12.473158	7.336533	1237.359375	14.835155
12.473158	7.336533	1235.666016	20.764570
12.473158	7.336533	1233.974609	20.759920
12.473158	7.336533	1232.281250	14.825194
12.473158	7.336533	1230.587891	16.304062
12.473158	7.336533	1228.892578	14.818553
12.473158	7.336533	1227.199219	20.741325
12.473158	7.336533	1225.503906	25.180252
12.473158	7.336533	1223.810547	19.251169
12.473158	7.336533	1222.115234	16.285799
12.473158	7.336533	1220.417969	16.282146
12.473158	7.336533	1218.722656	17.758358
12.473158	7.336533	1217.025391	10.356718
12.473158	7.336533	1215.330078	22.187986
12.473158	7.336533	1213.632813	17.746405
12.473158	7.336533	1211.933594	16.263885
12.473158	7.336533	1210.236328	22.173046
12.473158	7.336533	1208.537109	17.734453
12.473158	7.336533	1206.839844	14.775392
12.473158	7.336533	1205.140625	16.249279
12.473158	7.336533	1203.439453	13.291877
12.473158	7.336533	1201.740234	22.148148
12.473158	7.336533	1200.041016	14.762113
12.473158	7.336533	1198.339844	16.234673
12.473158	7.336533	1196.638672	10.328831
12.473158	7.336533	1194.937500	22.128229
12.473158	7.336533	1193.234375	20.648367
12.473158	7.336533	1191.533203	17.694616
12.473158	7.336533	1189.830078	11.793756
12.473158	7.336533	1188.126953	14.738875
12.473158	7.336533	1186.423828	16.209112
12.473158	7.336533	1184.720703	8.839342
12.473158	7.336533	1183.015625	22.093376
12.473158	7.336533	1181.312500	17.670717
12.473158	7.336533	1179.607422	19.138962
12.473158	7.336533	1177.902344	16.190855
12.473158	7.336533	1176.195313	19.130333
12.473158	7.336533	1174.490234	20.597250
12.473158	7.336533	1172.783203	16.179903
12.473158	7.336533	1171.076172	17.646820
12.473158	7.336533	1169.369141	14.702364
12.473158	7.336533	1167.662109	14.699045
12.473158	7.336533	1165.953125	11.756581
12.473158	7.336533	1164.246094	17.630888
12.473158	7.336533	1162.537109	22.033632
12.473158	7.336533	1160.828125	16.154346
12.473158	7.336533	1159.117188	20.555431
12.473158	7.336533	1157.408203	17.614958
12.473158	7.336533	1155.697266	20.546139
12.473158	7.336533	1153.986328	14.672495
12.473158	7.336533	1152.275391	19.069929
12.473158	7.336533	1150.564453	16.132442
12.473158	7.336533	1148.853516	14.662539
12.473158	7.336533	1147.140625	14.659221
12.473158	7.336533	1145.427734	17.587082
12.473158	7.336533	1143.714844	17.583099
12.473158	7.336533	1142.001953	17.579119
12.473158	7.336533	1140.287109	17.575136
12.473158	7.336533	1138.574219	11.714103
12.473158	7.336533	1136.859375	17.567173
12.473158	7.336533	1135.144531	13.172393
12.473158	7.336533	1133.427734	17.559208
12.473158	7.336533	1131.712891	17.555227
12.473158	7.336533	1129.996094	21.939056
12.473158	7.336533	1128.279297	16.084991
12.473158	7.336533	1126.562500	19.005222
12.473158	7.336533	1124.845703	19.000908
12.473158	7.336533	1123.128906	18.996595
12.473158	7.336533	1121.410156	18.992283
12.473158	7.336533	1119.691406	16.066744
12.473158	7.336533	1117.972656	13.142531
12.473158	7.336533	1116.253906	20.439293
12.473158	7.336533	1114.533203	17.515411
12.473158	7.336533	1112.814453	16.052145
12.473158	7.336533	1111.093750	16.048496
12.473158	7.336533	1109.373047	16.044846
12.473158	7.336533	1107.652344	17.499487
12.473158	7.336533	1105.929688	29.159178
12.473158	7.336533	1104.208984	16.033899
12.473158	7.336533	1102.486328	16.030249
12.473158	7.336533	1100.763672	20.397491
12.473158	7.336533	1099.039063	17.479584
12.473158	7.336533	1097.316406	18.931902
12.473158	7.336533	1095.591797	11.647748
12.473158	7.336533	1093.867188	29.112736
12.473158	7.336533	1092.142578	17.463661
12.473158	7.336533	1090.417969	7.274867
12.473158	7.336533	1088.693359	18.910341
12.473158	7.336533	1086.966797	13.088789
12.473158	7.336533	1085.240234	20.355696
12.473158	7.336533	1083.513672	27.619284
12.473158	7.336533	1081.787109	18.893093
12.473158	7.336533	1080.058594	17.435799
12.473158	7.336533	1078.332031	18.884470
12.473158	7.336533	1076.603516	18.880157
12.473158	7.336533	1074.875000	21.779821
12.473158	7.336533	1073.144531	14.516564
12.473158	7.336533	1071.416016	15.964573
12.473158	7.336533	1069.685547	14.509932
12.473158	7.336533	1067.955078	18.858599
12.473158	7.336533	1066.224609	20.304619
12.473158	7.336533	1064.494141	15.949981
12.473158	7.336533	1062.763672	15.946332
12.473158	7.336533	1061.031250	18.841354
12.473158	7.336533	1059.298828	15.939036
12.473158	7.336533	1057.566406	17.384060
12.473158	7.336533	1055.832031	15.931741
12.473158	7.336533	1054.099609	17.376102
12.473158	7.336533	1052.365234	17.372122
12.473158	7.336533	1050.630859	7.236726
12.473158	7.336533	1048.896484	14.470137
12.473158	7.336533	1047.162109	15.913504
12.473158	7.336533	1045.425781	15.909856
12.473158	7.336533	1043.691406	20.244265
12.473158	7.336533	1041.955078	18.793936
12.473158	7.336533	1040.218750	14.453558
12.473158	7.336533	1038.480469	23.120388
12.473158	7.336533	1036.744141	14.446927
12.473158	7.336533	1035.005859	25.998501
12.473158	7.336533	1033.267578	17.328356
12.473158	7.336533	1031.529297	21.655472
12.473158	7.336533	1029.789063	15.877032
12.473158	7.336533	1028.050781	24.531595
12.473158	7.336533	1026.310547	18.755146
12.473158	7.336533	1024.570313	23.077951
12.473158	7.336533	1022.830078	33.166931
12.473158	7.336533	1021.089844	18.742218
12.473158	7.336533	1019.347656	18.737907
12.473158	7.336533	1017.605469	10.087322
12.473158	7.336533	1015.863281	15.847860
12.473158	7.336533	1014.121094	23.046129
12.473158	7.336533	1012.378906	25.920929
12.473158	7.336533	1010.634766	24.475243
12.473158	7.336533	1008.890625	25.908997
12.473158	7.336533	1007.146484	27.342087
12.473158	7.336533	1005.402344	18.703436
12.473158	7.336533	1003.656250	27.329493
12.473158	7.336533	1001.912109	25.885134
12.473158	7.336533	1000.166016	27.316898
12.473158	7.336533	998.419922	24.435802
12.473158	7.336533	996.673828	25.867237
12.473158	7.336533	994.925781	25.861271
12.473158	7.336533	993.177734	22.982494
12.473158	7.336533	991.431641	30.157566
12.473158	7.336533	989.681641	28.714863
12.473158	7.336533	987.933594	38.756119
12.473158	7.336533	986.185547	30.136688
12.473158	7.336533	984.435547	28.694981
12.473158	7.336533	982.685547	32.991608
12.473158	7.336533	980.935547	44.456676
12.473158	7.336533	979.185547	41.578896
12.473158	7.336533	977.433594	44.436134
12.473158	7.336533	975.681641	35.827309
12.473158	7.336533	973.929688	41.550072
12.473158	7.336533	972.177734	42.972893
12.473158	7.336533	970.425781	31.506166
12.473158	7.336533	968.671875	34.362411
12.473158	7.336533	966.917969	31.491590
12.473158	7.336533	965.164063	25.759884
12.473158	7.336533	963.410156	38.630882
12.473158	7.336533	961.656250	25.747959
12.473158	7.336533	959.900391	34.322662
12.473158	7.336533	958.144531	32.884933
12.473158	7.336533	956.388672	24.300623
12.473158	7.336533	954.632813	30.011461
12.473158	7.336533	952.876953	31.433292
12.473158	7.336533	951.119141	37.139824
12.473158	7.336533	949.361328	31.418720
12.473158	7.336533	947.603516	37.122604
12.473158	7.336533	945.845703	28.549225
12.473158	7.336533	944.085938	42.813904
12.473158	7.336533	942.328125	32.816376
12.473158	7.336533	940.568359	29.955824
12.473158	7.336533	938.808594	29.948870
12.473158	7.336533	937.046875	28.516111
12.473158	7.336533	935.287109	27.084015
12.473158	7.336533	933.525391	25.652580
12.473158	7.336533	931.763672	27.071432
12.473158	7.336533	930.001953	22.791698
12.473158	7.336533	928.240234	19.938101
12.473158	7.336533	926.476563	17.085829
12.473158	7.336533	924.712891	18.505342
12.473158	7.336533	922.949219	21.347353
12.473158	7.336533	921.185547	17.073910
12.473158	7.336533	919.419922	18.492434
12.473158	7.336533	917.656250	27.021112
12.473158	7.336533	915.890625	18.483826
12.473158	7.336533	914.125000	21.322527
12.473158	7.336533	912.359375	24.159904
12.473158	7.336533	910.591797	21.312597
12.473158	7.336533	908.824219	21.307632
12.473158	7.336533	907.058594	19.882490
12.473158	7.336533	905.289063	24.137400
12.473158	7.336533	903.521484	15.614676
12.473158	7.336533	901.753906	21.287777
12.473158	7.336533	899.984375	26.958231
12.473158	7.336533	898.214844	24.114897
12.473158	7.336533	896.445313	19.854694
12.473158	7.336533	894.673828	15.596478
12.473158	7.336533	892.904297	19.845430
12.473158	7.336533	891.132813	19.840797
12.473158	7.336533	889.361328	28.337381
12.473158	7.336533	887.589844	24.081150
12.473158	7.336533	885.816406	18.410696
12.473158	7.336533	884.044922	16.990519
12.473158	7.336533	882.271484	18.402096
12.473158	7.336533	880.498047	19.813011
12.473158	7.336533	878.722656	19.808380
12.473158	7.336533	876.949219	21.218304
12.473158	7.336533	875.173828	15.556451
12.473158	7.336533	873.398438	25.450058
12.473158	7.336533	871.623047	26.857666
12.473158	7.336533	869.847656	28.264612
12.473158	7.336533	868.070313	22.606400
12.473158	7.336533	866.292969	24.013678
12.473158	7.336533	864.515625	19.771341
12.473158	7.336533	862.738281	22.590528
12.473158	7.336533	860.960938	22.585238
12.473158	7.336533	859.181641	19.757454
12.473158	7.336533	857.402344	26.807407
12.473158	7.336533	855.623047	19.748198
12.473158	7.336533	853.843750	11.282040
12.473158	7.336533	852.064453	26.788565
12.473158	7.336533	850.283203	28.191877
12.473158	7.336533	848.501953	22.548214
12.473158	7.336533	846.720703	15.498260
12.473158	7.336533	844.939453	23.946239
12.473158	7.336533	843.156250	16.899261
12.473158	7.336533	841.373047	19.711178
12.473158	7.336533	839.589844	19.706553
12.473158	7.336533	837.806641	29.552889
12.473158	7.336533	836.023438	28.139000
12.473158	7.336533	834.238281	16.879435
12.473158	7.336533	832.453125	22.500628
12.473158	7.336533	830.667969	23.901300
12.473158	7.336533	828.882813	21.084427
12.473158	7.336533	827.095703	19.674173
12.473158	7.336533	825.310547	14.049678
12.473158	7.336533	823.523438	19.664925
12.473158	7.336533	821.736328	14.043072
12.473158	7.336533	819.947266	18.251699
12.473158	7.336533	818.160156	22.458345
12.473158	7.336533	816.371094	18.243113
12.473158	7.336533	814.582031	15.432847
12.473158	7.336533	812.792969	14.026559
12.473158	7.336533	811.001953	23.839537
12.473158	7.336533	809.212891	18.225941
12.473158	7.336533	807.421875	12.614987
12.473158	7.336533	805.630859	18.217358
12.473158	7.336533	803.839844	19.614071
12.473158	7.336533	802.046875	15.407424
12.473158	7.336533	800.253906	15.403792
12.473158	7.336533	798.460938	19.600206
12.473158	7.336533	796.667969	19.595585
12.473158	7.336533	794.875000	19.590963
12.473158	7.336533	793.080078	26.581467
12.473158	7.336533	791.285156	22.379112
12.473158	7.336533	789.490234	19.577105
12.473158	7.336533	787.695313	22.368553
12.473158	7.336533	785.900391	18.170160
12.473158	7.336533	784.103516	19.563246
12.473158	7.336533	782.306641	19.558626
12.473158	7.336533	780.509766	22.347439
12.473158	7.336533	778.712891	20.945774
12.473158	7.336533	776.914063	23.732937
12.473158	7.336533	775.115234	19.540154
12.473158	7.336533	773.318359	19.535536
12.473158	7.336533	771.517578	20.925985
12.473158	7.336533	769.718750	16.736832
12.473158	7.336533	767.917969	20.916092
12.473158	7.336533	766.117188	22.305222
12.473158	7.336533	764.316406	19.512453
12.473158	7.336533	762.515625	25.081505
12.473158	7.336533	760.714844	18.110134
12.473158	7.336533	758.912109	15.320334
12.473158	7.336533	757.109375	19.493992
12.473158	7.336533	755.306641	22.273575
12.473158	7.336533	753.501953	25.051838
12.473158	7.336533	751.699219	23.654467
12.473158	7.336533	749.894531	26.431084
12.473158	7.336533	748.089844	25.034042
12.473158	7.336533	746.285156	25.028111
12.473158	7.336533	744.478516	31.972786
12.473158	7.336533	742.673828	27.795834
12.473158	7.336533	740.867188	18.063009
12.473158	7.336533	739.060547	25.004391
12.473158	7.336533	737.251953	22.220854
12.473158	7.336533	735.445313	30.546429
12.473158	7.336533	733.636719	16.657736
12.473158	7.336533	731.828125	24.980677
12.473158	7.336533	730.019531	20.812290
12.473158	7.336533	728.208984	27.743135
12.473158	7.336533	726.400391	23.576067
12.473158	7.336533	724.589844	27.729965
12.473158	7.336533	722.779297	22.178703
12.473158	7.336533	720.966797	19.401758
12.473158	7.336533	719.156250	22.168171
12.473158	7.336533	717.343750	19.392542
12.473158	7.336533	715.531250	23.542490
12.473158	7.336533	713.718750	19.383326
12.473158	7.336533	711.904297	20.762913
12.473158	7.336533	710.091797	15.222517
12.473158	7.336533	708.277344	16.602434
12.473158	7.336533	706.462891	23.514523
12.473158	7.336533	704.646484	23.508928
12.473158	7.336533	702.832031	19.355690
12.473158	7.336533	701.015625	15.204424
12.473158	7.336533	699.199219	24.874046
12.473158	7.336533	697.382813	20.723438
12.473158	7.336533	695.566406	26.243441
12.473158	7.336533	693.748047	16.570858
12.473158	7.336533	691.929688	17.947489
12.473158	7.336533	690.111328	19.323463
12.473158	7.336533	688.292969	24.838535
12.473158	7.336533	686.472656	17.934669
12.473158	7.336533	684.652344	13.792612
12.473158	7.336533	682.832031	13.789326
12.473158	7.336533	681.011719	23.436266
12.473158	7.336533	679.191406	22.052404
12.473158	7.336533	677.369141	17.913307
12.473158	7.336533	675.546875	17.909037
12.473158	7.336533	673.724609	17.904766
12.473158	7.336533	671.902344	27.539223
12.473158	7.336533	670.078125	19.272858
12.473158	7.336533	668.255859	27.526085
12.473158	7.336533	666.431641	17.887686
12.473158	7.336533	664.607422	23.386007
12.473158	7.336533	662.781250	16.503830
12.473158	7.336533	660.957031	28.874807
12.473158	7.336533	659.130859	28.867912
12.473158	7.336533	657.304688	20.615013
12.473158	7.336533	655.476563	24.732109
12.473158	7.336533	653.650391	26.099878
12.473158	7.336533	651.822266	27.466993
12.473158	7.336533	649.994141	19.222301
12.473158	7.336533	648.166016	21.963095
12.473158	7.336533	646.335938	30.192038
12.473158	7.336533	644.507813	32.928894
12.473158	7.336533	642.677734	24.690765
12.473158	7.336533	640.847656	30.170387
12.473158	7.336533	639.015625	28.792118
12.473158	7.336533	637.185547	28.785233
12.473158	7.336533	635.353516	28.778347
12.473158	7.336533	633.521484	34.251740
12.473158	7.336533	631.689453	30.134319
12.473158	7.336533	629.855469	31.496521
12.473158	7.336533	628.023438	24.643551
12.473158	7.336533	626.189453	28.743927
12.473158	7.336533	624.355469	28.737045
12.473158	7.336533	622.519531	27.362061
12.473158	7.336533	620.685547	27.355509
12.473158	7.336533	618.849609	27.348957
12.473158	7.336533	617.013672	27.342405
12.473158	7.336533	615.177734	27.335854
12.473158	7.336533	613.339844	25.962839
12.473158	7.336533	611.503906	27.322754
12.473158	7.336533	609.666016	24.584585
12.473158	7.336533	607.828125	35.502556
12.473158	7.336533	605.988281	31.398577
12.473158	7.336533	604.150391	27.296564
12.473158	7.336533	602.310547	23.196514
12.473158	7.336533	600.470703	30.011820
12.473158	7.336533	598.628906	31.368465
12.473158	7.336533	596.789063	29.997421
12.473158	7.336533	594.947266	17.721497
12.473158	7.336533	593.105469	25.894432
12.473158	7.336533	591.263672	28.613293
12.473158	7.336533	589.421875	23.157581
12.473158	7.336533	587.578125	16.342604
12.473158	7.336533	585.734375	28.592691
12.473158	7.336533	583.890625	20.418446
12.473158	7.336533	582.046875	27.218058
12.473158	7.336533	580.201172	23.129791
12.473158	7.336533	578.355469	29.925482
12.473158	7.336533	576.509766	20.398834
12.473158	7.336533	574.664063	24.472721
12.473158	7.336533	572.818359	25.826109
12.473158	7.336533	570.970703	14.948364
12.473158	7.336533	569.123047	21.737848
12.473158	7.336533	567.275391	23.090912
12.473158	7.336533	565.427734	23.085360
12.473158	7.336533	563.578125	27.152716
12.473158	7.336533	561.728516	21.716949
12.473158	7.336533	559.878906	21.711725
12.473158	7.336533	558.029297	18.993191
12.473158	7.336533	556.177734	23.057611
12.473158	7.336533	554.328125	18.984053
12.473158	7.336533	552.476563	18.979485
12.473158	7.336533	550.625000	28.462374
12.473158	7.336533	548.771484	20.325375
12.473158	7.336533	546.919922	27.093975
12.473158	7.336533	545.066406	27.087452
12.473158	7.336533	543.212891	28.434977
12.473158	7.336533	541.357422	31.135571
12.473158	7.336533	539.503906	40.601833
12.473158	7.336533	537.648438	35.179779
12.473158	7.336533	535.792969	44.640503
12.473158	7.336533	533.937500	48.687000
12.473158	7.336533	532.080078	54.083630
12.473158	7.336533	530.224609	62.181187
12.473158	7.336533	528.367188	70.274841
12.473158	7.336533	526.507813	99.982399
12.473158	7.336533	524.650391	179.654770
12.473158	7.336533	522.791016	338.966003
12.473158	7.336533	520.933594	558.956543
12.473158	7.336533	519.074219	458.935730
12.473158	7.336533	517.212891	242.907394
12.473158	7.336533	515.353516	148.407608
12.473158	7.336533	513.492188	101.162598
12.473158	7.336533	511.630859	71.470993
12.473158	7.336533	509.769531	63.364643
12.473158	7.336533	507.906250	66.045074
12.473158	7.336533	506.044922	51.206268
12.473158	7.336533	504.181641	52.541119
12.473158	7.336533	502.318359	49.834671
12.473158	7.336533	500.453125	63.288219
12.473158	7.336533	498.589844	64.619179
12.473158	7.336533	496.724609	68.641296
12.473158	7.336533	494.859375	55.168896
12.473158	7.336533	492.992188	59.191349
12.473158	7.336533	491.126953	61.866920
12.473158	7.336533	489.259766	59.162762
12.473158	7.336533	487.392578	56.459904
12.473158	7.336533	485.525391	40.318760
12.473158	7.336533	483.656250	36.278118
12.473158	7.336533	481.789063	40.299282
12.473158	7.336533	479.919922	38.946556
12.473158	7.336533	478.050781	38.937145
12.473158	7.336533	476.179688	36.243065
12.473158	7.336533	474.310547	36.234303
12.473158	7.336533	472.439453	33.542171
12.473158	7.336533	470.568359	37.558147
12.473158	7.336533	468.695313	37.549068
12.473158	7.336533	466.824219	30.836420
12.473158	7.336533	464.951172	28.148184
12.473158	7.336533	463.078125	29.481441
12.473158	7.336533	461.205078	28.134569
12.473158	7.336533	459.330078	29.467182
12.473158	7.336533	457.457031	25.442774
12.473158	7.336533	455.582031	34.808002
12.473158	7.336533	453.707031	33.461136
12.473158	7.336533	451.830078	25.424311
12.473158	7.336533	449.955078	25.418159
12.473158	7.336533	448.078125	28.086956
12.473158	7.336533	446.201172	17.382956
12.473158	7.336533	444.322266	30.747015
12.473158	7.336533	442.445313	21.384050
12.473158	7.336533	440.566406	28.059771
12.473158	7.336533	438.687500	21.373697
12.473158	7.336533	436.808594	30.717251
12.473158	7.336533	434.927734	29.374603
12.473158	7.336533	433.048828	26.697718
12.473158	7.336533	431.167969	25.356689
12.473158	7.336533	429.285156	26.684788
12.473158	7.336533	427.404297	21.342659
12.473158	7.336533	425.521484	21.337488
12.473158	7.336533	423.638672	27.998671
12.473158	7.336533	421.755859	27.991886
12.473158	7.336533	419.873047	26.652481
12.473158	7.336533	417.988281	27.978323
12.473158	7.336533	416.105469	31.967478
12.473158	7.336533	414.220703	22.638144
12.473158	7.336533	412.333984	25.295322
12.473158	7.336533	410.449219	29.282221
12.473158	7.336533	408.562500	31.936497
12.473158	7.336533	406.675781	26.607296
12.473158	7.336533	404.789063	39.901268
12.473158	7.336533	402.900391	35.902435
12.473158	7.336533	401.013672	59.822884
12.473158	7.336533	399.125000	69.111908
12.473158	7.336533	397.236328	90.355194
12.473158	7.336533	395.345703	82.362694
12.473158	7.336533	393.457031	71.717850
12.473158	7.336533	391.566406	65.061531
12.473158	7.336533	389.675781	58.408424
12.473158	7.336533	387.783203	61.048542
12.473158	7.336533	385.892578	49.092350
12.473158	7.336533	384.000000	43.774448
12.473158	7.336533	382.107422	45.090004
12.473158	7.336533	380.214844	47.730774
12.473158	7.336533	378.320313	50.370258
12.473158	7.336533	376.425781	67.585785
12.473158	7.336533	374.531250	74.193832
12.473158	7.336533	372.636719	59.605576
12.473158	7.336533	370.742188	60.915356
12.473158	7.336533	368.845703	50.309170
12.473158	7.336533	366.949219	54.267769
12.473158	7.336533	365.052734	58.224445
12.473158	7.336533	363.154297	54.241428
12.473158	7.336533	361.257813	66.132027
12.473158	7.336533	359.359375	62.149010
12.473158	7.336533	357.460938	67.421913
12.473158	7.336533	355.560547	43.615353
12.473158	7.336533	353.662109	64.746468
12.473158	7.336533	351.761719	59.446602
12.473158	7.336533	349.861328	54.149307
12.473158	7.336533	347.960938	52.815765
12.473158	7.336533	346.058594	50.162792
12.473158	7.336533	344.156250	47.511105
12.473158	7.336533	342.253906	47.499565
12.473158	7.336533	340.351563	47.488029
12.473158	7.336533	338.449219	44.838909
12.473158	7.336533	336.544922	35.598721
12.473158	7.336533	334.640625	38.226376
12.473158	7.336533	332.736328	35.581429
12.473158	7.336533	330.832031	34.255276
12.473158	7.336533	328.925781	40.832905
12.473158	7.336533	327.019531	36.872372
12.473158	7.336533	325.113281	32.913761
12.473158	7.336533	323.207031	23.692152
12.473158	7.336533	321.298828	42.109146
12.473158	7.336533	319.390625	30.258595
12.473158	7.336533	317.482422	34.197056
12.473158	7.336533	315.574219	24.984085
12.473158	7.336533	313.664063	36.809704
12.473158	7.336533	311.753906	34.172134
12.473158	7.336533	309.843750	32.849834
12.473158	7.336533	307.933594	32.841850
12.473158	7.336533	306.023438	34.147224
12.473158	7.336533	304.111328	32.825890
12.473158	7.336533	302.199219	28.879763
12.473158	7.336533	300.287109	31.497538
12.473158	7.336533	298.373047	31.489883
12.473158	7.336533	296.458984	34.105747
12.473158	7.336533	294.546875	31.474577
12.473158	7.336533	292.630859	30.155804
12.473158	7.336533	290.716797	40.634899
12.473158	7.336533	288.800781	39.314537
12.473158	7.336533	286.884766	43.235477
12.473158	7.336533	284.968750	52.393902
12.473158	7.336533	283.052734	53.690693
12.473158	7.336533	281.134766	54.986851
12.473158	7.336533	279.218750	60.209053
12.473158	7.336533	277.298828	52.342972
12.473158	7.336533	275.380859	60.179783
12.473158	7.336533	273.462891	62.781029
12.473158	7.336533	271.542969	67.996246
12.473158	7.336533	269.623047	70.594315
12.473158	7.336533	267.701172	91.488907
12.473158	7.336533	265.781250	107.146660
12.473158	7.336533	263.859375	202.484070
12.473158	7.336533	261.937500	291.244965
12.473158	7.336533	260.015625	301.619873
12.473158	7.336533	258.093750	295.019562
12.473158	7.336533	256.169922	254.490372
12.473158	7.336533	254.246094	277.914215
12.473158	7.336533	252.322266	571.346619
12.473158	7.336533	250.396484	1729.272583
12.473158	7.336533	248.472656	2019.601807
12.473158	7.336533	246.546875	905.927673
12.473158	7.336533	244.621094	413.106842
12.473158	7.336533	242.693359	268.389008
12.473158	7.336533	240.767578	218.827133
12.473158	7.336533	238.839844	164.080444
12.473158	7.336533	236.912109	158.832916
12.473158	7.336533	234.982422	124.952888
12.473158	7.336533	233.054688	109.307198
12.473158	7.336533	231.125000	93.669106
12.473158	7.336533	229.195313	71.535393
12.473158	7.336533	227.263672	71.517998
12.473158	7.336533	225.333984	76.700653
12.473158	7.336533	223.402344	81.880783
12.473158	7.336533	221.470703	89.657150
12.473158	7.336533	219.539063	94.831604
12.473158	7.336533	217.605469	93.509804
12.473158	7.336533	215.673828	79.204323
12.473158	7.336533	213.740234	76.588837
12.473158	7.336533	211.804688	58.401012
12.473158	7.336533	209.871094	62.279270
12.473158	7.336533	207.935547	57.075451
12.473158	7.336533	206.000000	54.467869
12.473158	7.336533	204.064453	44.082317
12.473158	7.336533	202.128906	45.367825
12.473158	7.336533	200.191406	22.030443
12.473158	7.336533	198.253906	31.094242
12.473158	7.336533	196.316406	33.677242
12.473158	7.336533	194.376953	31.079128
12.473158	7.336533	192.439453	20.714382
12.473158	7.336533	190.500000	31.064022
12.473158	7.336533	188.560547	23.292355
12.473158	7.336533	186.619141	21.992987
12.473158	7.336533	184.679688	25.867815
12.473158	7.336533	182.738281	23.275375
12.473158	7.336533	180.796875	24.562481
12.473158	7.336533	178.855469	25.848959
12.473158	7.336533	176.912109	27.134811
12.473158	7.336533	174.968750	20.669119
12.473158	7.336533	173.025391	23.247108
12.473158	7.336533	171.082031	29.697420
12.473158	7.336533	169.136719	23.235811
12.473158	7.336533	167.193359	28.392426
12.473158	7.336533	165.246094	21.934271
12.473158	7.336533	163.300781	29.668570
12.473158	7.336533	161.355469	33.530235
12.473158	7.336533	159.408203	25.786222
12.473158	7.336533	157.460938	27.068956
12.473158	7.336533	155.513672	29.639750
12.473158	7.336533	153.564453	28.344179
12.473158	7.336533	151.617188	36.065647
12.473158	7.336533	149.667969	33.481396
12.473158	7.336533	147.716797	38.622997
12.473158	7.336533	145.767578	61.781788
12.473158	7.336533	143.816406	59.193169
12.473158	7.336533	141.865234	57.892296
12.473158	7.336533	139.914063	55.305874
12.473158	7.336533	137.962891	83.581604
12.473158	7.336533	136.009766	62.992371
12.473158	7.336533	134.056641	48.839367
12.473158	7.336533	132.103516	55.252182
12.473158	7.336533	130.150391	60.377258
12.473158	7.336533	128.195313	55.225361
12.473158	7.336533	126.240234	47.507961
12.473158	7.336533	124.285156	47.496429
12.473158	7.336533	122.330078	47.484901
12.473158	7.336533	120.373047	50.039505
12.473158	7.336533	118.416016	55.158375
12.473158	7.336533	116.458984	58.992313
12.473158	7.336533	114.501953	48.720959
12.473158	7.336533	112.542969	48.709137
12.473158	7.336533	110.583984	39.726761
12.473158	7.336533	108.625000	25.623949
12.473158	7.336533	106.666016	34.583942
12.473158	7.336533	104.705078	17.928064
12.473158	7.336533	102.746094	14.082919
12.473158	7.336533	100.785156	6.399775
12.473158	7.336533	98.822266	8.957511
12.473158	7.336533	96.861328	3.838002
12.473158	7.336533	94.898438	5.116096
12.473158	7.336533	92.935547	3.836141
12.473158	7.336533	90.972656	2.556808
12.473158	7.336533	89.007813	1.278094
12.473158	7.336533	87.044922	2.555568
12.473158	7.336533	85.080078	1.277474
12.473158	7.336533	83.113281	2.554329
12.473158	7.336533	81.148438	2.553710
12.473158	7.336533	79.181641	1.276546
12.473158	7.336533	77.214844	3.828709
12.473158	7.336533	75.248047	1.275927
12.473158	7.336533	73.281250	-1.275618
12.473158	7.336533	71.312500	0.000000
12.473158	7.336533	69.343750	1.275000
12.473158	7.336533	67.375000	1.274691
12.473158	7.336533	65.404297	1.274383
12.473158	7.336533	63.435547	0.000000
12.473158	7.336533	61.464844	1.273766
12.473158	7.336533	59.494141	3.820371
-3.526842	11.336533	1838.757813	22.500463
-3.526842	11.336533	1837.195313	16.071758
-3.526842	11.336533	1835.632813	19.282007
-3.526842	11.336533	1834.070313	11.245444
-3.526842	11.336533	1832.507813	16.061502
-3.526842	11.336533	1830.945313	20.875509
-3.526842	11.336533	1829.382813	9.632800
-3.526842	11.336533	1827.818359	19.261499
-3.526842	11.336533	1826.253906	12.838267
-3.526842	11.336533	1824.689453	28.879953
-3.526842	11.336533	1823.125000	19.249205
-3.526842	11.336533	1821.560547	22.452627
-3.526842	11.336533	1819.994141	19.241013
-3.526842	11.336533	1818.429688	17.633841
-3.526842	11.336533	1816.863281	19.232822
-3.526842	11.336533	1815.296875	19.228729
-3.526842	11.336533	1813.730469	17.622583
-3.526842	11.336533	1812.162109	16.017120
-3.526842	11.336533	1810.595703	14.412339
-3.526842	11.336533	1809.027344	11.207211
-3.526842	11.336533	1807.458984	19.208273
-3.526842	11.336533	1805.890625	24.005228
-3.526842	11.336533	1804.322266	24.000118
-3.526842	11.336533	1802.753906	25.594675
-3.526842	11.336533	1801.183594	14.393940
-3.526842	11.336533	1799.613281	15.989861
-3.526842	11.336533	1798.042969	20.782393
-3.526842	11.336533	1796.472656	23.974579
-3.526842	11.336533	1794.902344	23.969473
-3.526842	11.336533	1793.332031	17.573872
-3.526842	11.336533	1791.759766	23.959267
-3.526842	11.336533	1790.187500	14.372498
-3.526842	11.336533	1788.617188	17.562645
-3.526842	11.336533	1787.044922	12.770112
-3.526842	11.336533	1785.470703	15.959241
-3.526842	11.336533	1783.898438	15.955841
-3.526842	11.336533	1782.324219	15.952442
-3.526842	11.336533	1780.750000	17.543949
-3.526842	11.336533	1779.177734	17.540211
-3.526842	11.336533	1777.601563	15.942249
-3.526842	11.336533	1776.027344	19.126623
-3.526842	11.336533	1774.453125	17.529003
-3.526842	11.336533	1772.876953	17.525267
-3.526842	11.336533	1771.300781	22.300133
-3.526842	11.336533	1769.724609	19.110327
-3.526842	11.336533	1768.148438	9.553127
-3.526842	11.336533	1766.572266	22.285879
-3.526842	11.336533	1764.994141	17.506601
-3.526842	11.336533	1763.417969	17.502871
-3.526842	11.336533	1761.839844	12.726646
-3.526842	11.336533	1760.261719	23.857376
-3.526842	11.336533	1758.683594	20.671984
-3.526842	11.336533	1757.103516	15.898136
-3.526842	11.336533	1755.525391	11.126323
-3.526842	11.336533	1753.945313	23.837036
-3.526842	11.336533	1752.365234	19.065563
-3.526842	11.336533	1750.785156	20.649956
-3.526842	11.336533	1749.205078	25.409910
-3.526842	11.336533	1747.625000	19.053368
-3.526842	11.336533	1746.042969	12.699536
-3.526842	11.336533	1744.460938	15.871035
-3.526842	11.336533	1742.878906	19.041178
-3.526842	11.336533	1741.296875	14.277838
-3.526842	11.336533	1739.714844	22.205231
-3.526842	11.336533	1738.132813	22.200493
-3.526842	11.336533	1736.548828	23.781168
-3.526842	11.336533	1734.964844	19.020874
-3.526842	11.336533	1733.380859	26.940489
-3.526842	11.336533	1731.796875	20.597153
-3.526842	11.336533	1730.212891	23.760874
-3.526842	11.336533	1728.628906	26.923243
-3.526842	11.336533	1727.042969	25.334114
-3.526842	11.336533	1725.457031	20.579573
-3.526842	11.336533	1723.871094	26.906004
-3.526842	11.336533	1722.285156	23.735523
-3.526842	11.336533	1720.699219	14.238273
-3.526842	11.336533	1719.111328	18.980309
-3.526842	11.336533	1717.525391	15.813546
-3.526842	11.336533	1715.937500	18.972202
-3.526842	11.336533	1714.349609	22.129509
-3.526842	11.336533	1712.759766	22.124783
-3.526842	11.336533	1711.171875	18.960047
-3.526842	11.336533	1709.583984	23.694996
-3.526842	11.336533	1707.994141	22.110603
-3.526842	11.336533	1706.404297	18.947897
-3.526842	11.336533	1704.814453	20.522501
-3.526842	11.336533	1703.224609	15.783166
-3.526842	11.336533	1701.632813	15.779793
-3.526842	11.336533	1700.042969	18.931704
-3.526842	11.336533	1698.451172	22.082266
-3.526842	11.336533	1696.859375	15.769674
-3.526842	11.336533	1695.267578	23.649454
-3.526842	11.336533	1693.675781	17.339224
-3.526842	11.336533	1692.082031	15.759561
-3.526842	11.336533	1690.490234	12.604952
-3.526842	11.336533	1688.896484	20.478666
-3.526842	11.336533	1687.302734	12.599561
-3.526842	11.336533	1685.708984	14.171473
-3.526842	11.336533	1684.113281	11.019898
-3.526842	11.336533	1682.519531	17.313278
-3.526842	11.336533	1680.923828	18.883171
-3.526842	11.336533	1679.328125	12.586086
-3.526842	11.336533	1677.732422	14.156317
-3.526842	11.336533	1676.136719	17.298462
-3.526842	11.336533	1674.541016	14.150257
-3.526842	11.336533	1672.943359	14.147227
-3.526842	11.336533	1671.345703	15.715775
-3.526842	11.336533	1669.748047	20.426134
-3.526842	11.336533	1668.150391	18.850855
-3.526842	11.336533	1666.552734	14.135113
-3.526842	11.336533	1664.955078	17.272549
-3.526842	11.336533	1663.355469	17.268848
-3.526842	11.336533	1661.755859	21.973825
-3.526842	11.336533	1660.156250	18.830671
-3.526842	11.336533	1658.556641	15.688864
-3.526842	11.336533	1656.957031	21.959702
-3.526842	11.336533	1655.355469	23.523209
-3.526842	11.336533	1653.755859	14.110900
-3.526842	11.336533	1652.154297	20.378040
-3.526842	11.336533	1650.552734	21.940878
-3.526842	11.336533	1648.951172	14.101826
-3.526842	11.336533	1647.347656	20.364935
-3.526842	11.336533	1645.746094	12.529580
-3.526842	11.336533	1644.142578	15.658615
-3.526842	11.336533	1642.539063	15.655256
-3.526842	11.336533	1640.935547	26.608225
-3.526842	11.336533	1639.332031	20.343102
-3.526842	11.336533	1637.728516	18.774218
-3.526842	11.336533	1636.123047	20.334370
-3.526842	11.336533	1634.517578	15.638466
-3.526842	11.336533	1632.912109	12.508087
-3.526842	11.336533	1631.306641	25.010803
-3.526842	11.336533	1629.701172	23.442593
-3.526842	11.336533	1628.093750	21.875055
-3.526842	11.336533	1626.488281	21.870356
-3.526842	11.336533	1624.880859	18.741993
-3.526842	11.336533	1623.273438	18.737967
-3.526842	11.336533	1621.666016	15.611618
-3.526842	11.336533	1620.056641	12.486610
-3.526842	11.336533	1618.449219	17.165400
-3.526842	11.336533	1616.839844	20.282021
-3.526842	11.336533	1615.230469	18.717842
-3.526842	11.336533	1613.621094	18.713818
-3.526842	11.336533	1612.011719	24.946392
-3.526842	11.336533	1610.400391	17.146957
-3.526842	11.336533	1608.791016	18.701748
-3.526842	11.336533	1607.179688	18.697725
-3.526842	11.336533	1605.568359	14.020277
-3.526842	11.336533	1603.957031	12.459787
-3.526842	11.336533	1602.345703	20.242798
-3.526842	11.336533	1600.732422	24.908852
-3.526842	11.336533	1599.121094	20.234087
-3.526842	11.336533	1597.507813	17.117464
-3.526842	11.336533	1595.894531	15.557981
-3.526842	11.336533	1594.281250	17.110094
-3.526842	11.336533	1592.666016	18.661539
-3.526842	11.336533	1591.052734	18.657520
-3.526842	11.336533	1589.437500	21.762417
-3.526842	11.336533	1587.822266	20.203606
-3.526842	11.336533	1586.207031	20.199253
-3.526842	11.336533	1584.591797	9.320724
-3.526842	11.336533	1582.974609	18.637430
-3.526842	11.336533	1581.359375	20.186197
-3.526842	11.336533	1579.742188	17.076946
-3.526842	11.336533	1578.125000	21.729609
-3.526842	11.336533	1576.507813	24.828484
-3.526842	11.336533	1574.888672	18.617348
-3.526842	11.336533	1573.271484	17.062220
-3.526842	11.336533	1571.652344	26.363197
-3.526842	11.336533	1570.033203	21.706184
-3.526842	11.336533	1568.414063	15.501072
-3.526842	11.336533	1566.794922	13.947954
-3.526842	11.336533	1565.173828	12.395506
-3.526842	11.336533	1563.554688	21.687452
-3.526842	11.336533	1561.933594	21.682770
-3.526842	11.336533	1560.312500	17.032784
-3.526842	11.336533	1558.691406	29.413908
-3.526842	11.336533	1557.070313	18.573193
-3.526842	11.336533	1555.447266	18.569181
-3.526842	11.336533	1553.826172	18.565168
-3.526842	11.336533	1552.203125	17.014395
-3.526842	11.336533	1550.580078	20.103575
-3.526842	11.336533	1548.955078	12.368756
-3.526842	11.336533	1547.332031	15.457603
-3.526842	11.336533	1545.708984	15.454261
-3.526842	11.336533	1544.083984	12.360735
-3.526842	11.336533	1542.458984	15.447577
-3.526842	11.336533	1540.833984	18.533083
-3.526842	11.336533	1539.207031	24.705431
-3.526842	11.336533	1537.582031	9.262532
-3.526842	11.336533	1535.955078	10.803949
-3.526842	11.336533	1534.330078	16.973959
-3.526842	11.336533	1532.703125	24.684052
-3.526842	11.336533	1531.074219	18.509031
-3.526842	11.336533	1529.447266	18.505022
-3.526842	11.336533	1527.818359	20.042767
-3.526842	11.336533	1526.191406	23.121260
-3.526842	11.336533	1524.562500	18.493000
-3.526842	11.336533	1522.933594	20.029743
-3.526842	11.336533	1521.302734	15.404156
-3.526842	11.336533	1519.673828	23.101225
-3.526842	11.336533	1518.042969	12.317983
-3.526842	11.336533	1516.414063	26.170038
-3.526842	11.336533	1514.783203	18.468962
-3.526842	11.336533	1513.150391	18.464956
-3.526842	11.336533	1511.519531	13.845714
-3.526842	11.336533	1509.888672	13.842710
-3.526842	11.336533	1508.255859	15.377452
-3.526842	11.336533	1506.623047	16.911526
-3.526842	11.336533	1504.990234	27.667400
-3.526842	11.336533	1503.357422	21.514418
-3.526842	11.336533	1501.722656	13.827694
-3.526842	11.336533	1500.089844	16.896845
-3.526842	11.336533	1498.455078	21.500404
-3.526842	11.336533	1496.820313	16.889505
-3.526842	11.336533	1495.185547	16.885836
-3.526842	11.336533	1493.548828	12.277940
-3.526842	11.336533	1491.914063	19.947315
-3.526842	11.336533	1490.277344	26.079281
-3.526842	11.336533	1488.640625	16.871161
-3.526842	11.336533	1487.003906	19.934309
-3.526842	11.336533	1485.367188	18.396898
-3.526842	11.336533	1483.728516	16.860155
-3.526842	11.336533	1482.091797	13.791672
-3.526842	11.336533	1480.453125	21.449043
-3.526842	11.336533	1478.814453	22.976116
-3.526842	11.336533	1477.175781	16.845486
-3.526842	11.336533	1475.535156	13.779669
-3.526842	11.336533	1473.896484	19.899633
-3.526842	11.336533	1472.255859	18.364891
-3.526842	11.336533	1470.615234	16.830818
-3.526842	11.336533	1468.974609	19.886633
-3.526842	11.336533	1467.333984	21.411709
-3.526842	11.336533	1465.691406	19.877968
-3.526842	11.336533	1464.050781	19.873634
-3.526842	11.336533	1462.408203	18.340895
-3.526842	11.336533	1460.765625	12.224597
-3.526842	11.336533	1459.123047	18.332897
-3.526842	11.336533	1457.478516	21.383715
-3.526842	11.336533	1455.835938	16.797825
-3.526842	11.336533	1454.191406	15.267419
-3.526842	11.336533	1452.546875	19.843313
-3.526842	11.336533	1450.902344	19.838982
-3.526842	11.336533	1449.257813	16.783167
-3.526842	11.336533	1447.611328	13.728683
-3.526842	11.336533	1445.966797	22.876143
-3.526842	11.336533	1444.320313	19.821661
-3.526842	11.336533	1442.673828	18.292921
-3.526842	11.336533	1441.025391	22.861155
-3.526842	11.336533	1439.378906	19.808670
-3.526842	11.336533	1437.730469	21.327753
-3.526842	11.336533	1436.083984	18.276934
-3.526842	11.336533	1434.435547	18.272938
-3.526842	11.336533	1432.787109	18.268942
-3.526842	11.336533	1431.136719	15.220789
-3.526842	11.336533	1429.488281	21.304443
-3.526842	11.336533	1427.837891	22.821194
-3.526842	11.336533	1426.187500	16.731880
-3.526842	11.336533	1424.537109	22.811205
-3.526842	11.336533	1422.886719	22.806211
-3.526842	11.336533	1421.234375	21.281137
-3.526842	11.336533	1419.583984	18.236980
-3.526842	11.336533	1417.931641	15.194155
-3.526842	11.336533	1416.279297	13.671743
-3.526842	11.336533	1414.626953	16.706247
-3.526842	11.336533	1412.974609	24.294670
-3.526842	11.336533	1411.320313	9.108504
-3.526842	11.336533	1409.666016	24.284019
-3.526842	11.336533	1408.011719	18.209021
-3.526842	11.336533	1406.357422	16.687941
-3.526842	11.336533	1404.703125	22.751291
-3.526842	11.336533	1403.048828	22.746300
-3.526842	11.336533	1401.392578	21.225222
-3.526842	11.336533	1399.736328	25.767826
-3.526842	11.336533	1398.080078	19.700481
-3.526842	11.336533	1396.423828	21.211246
-3.526842	11.336533	1394.765625	15.147562
-3.526842	11.336533	1393.109375	16.658659
-3.526842	11.336533	1391.451172	19.683180
-3.526842	11.336533	1389.792969	16.651339
-3.526842	11.336533	1388.134766	16.647680
-3.526842	11.336533	1386.476563	18.157114
-3.526842	11.336533	1384.816406	15.127601
-3.526842	11.336533	1383.156250	15.124274
-3.526842	11.336533	1381.496094	13.608853
-3.526842	11.336533	1379.835938	16.629383
-3.526842	11.336533	1378.175781	18.137154
-3.526842	11.336533	1376.515625	19.644260
-3.526842	11.336533	1374.853516	22.661465
-3.526842	11.336533	1373.191406	9.062591
-3.526842	11.336533	1371.529297	19.631289
-3.526842	11.336533	1369.867188	16.607431
-3.526842	11.336533	1368.205078	25.660378
-3.526842	11.336533	1366.541016	24.145622
-3.526842	11.336533	1364.876953	15.087688
-3.526842	11.336533	1363.212891	22.626545
-3.526842	11.336533	1361.548828	21.113453
-3.526842	11.336533	1359.884766	13.569942
-3.526842	11.336533	1358.218750	13.566949
-3.526842	11.336533	1356.554688	12.056849
-3.526842	11.336533	1354.888672	21.094831
-3.526842	11.336533	1353.222656	22.596619
-3.526842	11.336533	1351.554688	19.579414
-3.526842	11.336533	1349.888672	24.092421
-3.526842	11.336533	1348.220703	13.548994
-3.526842	11.336533	1346.552734	19.566448
-3.526842	11.336533	1344.884766	19.562126
-3.526842	11.336533	1343.216797	19.557804
-3.526842	11.336533	1341.548828	15.041140
-3.526842	11.336533	1339.878906	18.045380
-3.526842	11.336533	1338.208984	18.041389
-3.526842	11.336533	1336.539063	19.540518
-3.526842	11.336533	1334.869141	22.541765
-3.526842	11.336533	1333.199219	9.014711
-3.526842	11.336533	1331.527344	13.519075
-3.526842	11.336533	1329.857422	25.530382
-3.526842	11.336533	1328.185547	18.017458
-3.526842	11.336533	1326.513672	19.514591
-3.526842	11.336533	1324.839844	12.006320
-3.526842	11.336533	1323.167969	21.006407
-3.526842	11.336533	1321.494141	22.501881
-3.526842	11.336533	1319.820313	13.498137
-3.526842	11.336533	1318.146484	14.994607
-3.526842	11.336533	1316.472656	16.490412
-3.526842	11.336533	1314.798828	14.987960
-3.526842	11.336533	1313.123047	20.978493
-3.526842	11.336533	1311.447266	13.483183
-3.526842	11.336533	1309.771484	17.973589
-3.526842	11.336533	1308.095703	13.477201
-3.526842	11.336533	1306.419922	13.474211
-3.526842	11.336533	1304.742188	13.471220
-3.526842	11.336533	1303.064453	11.971760
-3.526842	11.336533	1301.386719	19.449789
-3.526842	11.336533	1299.708984	14.958055
-3.526842	11.336533	1298.031250	20.936625
-3.526842	11.336533	1296.351563	22.427114
-3.526842	11.336533	1294.671875	14.948087
-3.526842	11.336533	1292.994141	19.428194
-3.526842	11.336533	1291.312500	20.918018
-3.526842	11.336533	1289.632813	17.925743
-3.526842	11.336533	1287.953125	19.415237
-3.526842	11.336533	1286.271484	17.917770
-3.526842	11.336533	1284.589844	10.449707
-3.526842	11.336533	1282.908203	20.894764
-3.526842	11.336533	1281.226563	20.890114
-3.526842	11.336533	1279.542969	13.426369
-3.526842	11.336533	1277.861328	19.389324
-3.526842	11.336533	1276.177734	11.929235
-3.526842	11.336533	1274.494141	17.889866
-3.526842	11.336533	1272.810547	22.357349
-3.526842	11.336533	1271.125000	7.450789
-3.526842	11.336533	1269.441406	22.347385
-3.526842	11.336533	1267.755859	14.894936
-3.526842	11.336533	1266.070313	19.359098
-3.526842	11.336533	1264.384766	20.843609
-3.526842	11.336533	1262.697266	20.838959
-3.526842	11.336533	1261.011719	16.369814
-3.526842	11.336533	1259.324219	17.853994
-3.526842	11.336533	1257.636719	19.337509
-3.526842	11.336533	1255.949219	17.846024
-3.526842	11.336533	1254.261719	17.842037
-3.526842	11.336533	1252.572266	10.405531
-3.526842	11.336533	1250.882813	19.320240
-3.526842	11.336533	1249.193359	26.745123
-3.526842	11.336533	1247.503906	26.739145
-3.526842	11.336533	1245.814453	17.822111
-3.526842	11.336533	1244.125000	16.333282
-3.526842	11.336533	1242.433594	22.267677
-3.526842	11.336533	1240.742188	23.746876
-3.526842	11.336533	1239.050781	10.386933
-3.526842	11.336533	1237.359375	22.252733
-3.526842	11.336533	1235.666016	16.315020
-3.526842	11.336533	1233.974609	19.277069
-3.526842	11.336533	1232.281250	20.755272
-3.526842	11.336533	1230.587891	23.714998
-3.526842	11.336533	1228.892578	22.227829
-3.526842	11.336533	1227.199219	19.259802
-3.526842	11.336533	1225.503906	20.736677
-3.526842	11.336533	1223.810547	17.770311
-3.526842	11.336533	1222.115234	19.246853
-3.526842	11.336533	1220.417969	19.242537
-3.526842	11.336533	1218.722656	17.758358
-3.526842	11.336533	1217.025391	16.274843
-3.526842	11.336533	1215.330078	16.271191
-3.526842	11.336533	1213.632813	16.267538
-3.526842	11.336533	1211.933594	17.742422
-3.526842	11.336533	1210.236328	11.825625
-3.526842	11.336533	1208.537109	19.212324
-3.526842	11.336533	1206.839844	11.820313
-3.526842	11.336533	1205.140625	16.249279
-3.526842	11.336533	1203.439453	19.199377
-3.526842	11.336533	1201.740234	19.195061
-3.526842	11.336533	1200.041016	7.381056
-3.526842	11.336533	1198.339844	20.662310
-3.526842	11.336533	1196.638672	10.328831
-3.526842	11.336533	1194.937500	17.702583
-3.526842	11.336533	1193.234375	20.648367
-3.526842	11.336533	1191.533203	19.169168
-3.526842	11.336533	1189.830078	20.639072
-3.526842	11.336533	1188.126953	20.634426
-3.526842	11.336533	1186.423828	17.682667
-3.526842	11.336533	1184.720703	20.625132
-3.526842	11.336533	1183.015625	22.093376
-3.526842	11.336533	1181.312500	17.670717
-3.526842	11.336533	1179.607422	16.194506
-3.526842	11.336533	1177.902344	16.190855
-3.526842	11.336533	1176.195313	23.545025
-3.526842	11.336533	1174.490234	16.183554
-3.526842	11.336533	1172.783203	17.650803
-3.526842	11.336533	1171.076172	20.587955
-3.526842	11.336533	1169.369141	14.702364
-3.526842	11.336533	1167.662109	8.819427
-3.526842	11.336533	1165.953125	13.226153
-3.526842	11.336533	1164.246094	20.569370
-3.526842	11.336533	1162.537109	14.689088
-3.526842	11.336533	1160.828125	11.748615
-3.526842	11.336533	1159.117188	13.214206
-3.526842	11.336533	1157.408203	17.614958
-3.526842	11.336533	1155.697266	20.546139
-3.526842	11.336533	1153.986328	20.541492
-3.526842	11.336533	1152.275391	8.801506
-3.526842	11.336533	1150.564453	19.065615
-3.526842	11.336533	1148.853516	10.263778
-3.526842	11.336533	1147.140625	20.522909
-3.526842	11.336533	1145.427734	19.052673
-3.526842	11.336533	1143.714844	19.048359
-3.526842	11.336533	1142.001953	17.579119
-3.526842	11.336533	1140.287109	23.433516
-3.526842	11.336533	1138.574219	21.963943
-3.526842	11.336533	1136.859375	14.639310
-3.526842	11.336533	1135.144531	21.953989
-3.526842	11.336533	1133.427734	21.949011
-3.526842	11.336533	1131.712891	17.555227
-3.526842	11.336533	1129.996094	16.088642
-3.526842	11.336533	1128.279297	16.084991
-3.526842	11.336533	1126.562500	20.467163
-3.526842	11.336533	1124.845703	21.924126
-3.526842	11.336533	1123.128906	11.690212
-3.526842	11.336533	1121.410156	7.304724
-3.526842	11.336533	1119.691406	18.987968
-3.526842	11.336533	1117.972656	14.602812
-3.526842	11.336533	1116.253906	16.059444
-3.526842	11.336533	1114.533203	13.136559
-3.526842	11.336533	1112.814453	20.430002
-3.526842	11.336533	1111.093750	17.507450
-3.526842	11.336533	1109.373047	13.127602
-3.526842	11.336533	1107.652344	18.957779
-3.526842	11.336533	1105.929688	24.785301
-3.526842	11.336533	1104.208984	16.033899
-3.526842	11.336533	1102.486328	18.944839
-3.526842	11.336533	1100.763672	24.768381
-3.526842	11.336533	1099.039063	20.392847
-3.526842	11.336533	1097.316406	20.388203
-3.526842	11.336533	1095.591797	17.471622
-3.526842	11.336533	1093.867188	20.378914
-3.526842	11.336533	1092.142578	24.740185
-3.526842	11.336533	1090.417969	21.824600
-3.526842	11.336533	1088.693359	17.455700
-3.526842	11.336533	1086.966797	15.997409
-3.526842	11.336533	1085.240234	11.631825
-3.526842	11.336533	1083.513672	13.082819
-3.526842	11.336533	1081.787109	15.986464
-3.526842	11.336533	1080.058594	20.341764
-3.526842	11.336533	1078.332031	20.337120
-3.526842	11.336533	1076.603516	20.332478
-3.526842	11.336533	1074.875000	21.779821
-3.526842	11.336533	1073.144531	17.419878
-3.526842	11.336533	1071.416016	14.513248
-3.526842	11.336533	1069.685547	24.666883
-3.526842	11.336533	1067.955078	17.407938
-3.526842	11.336533	1066.224609	10.152309
-3.526842	11.336533	1064.494141	18.849977
-3.526842	11.336533	1062.763672	15.946332
-3.526842	11.336533	1061.031250	11.594680
-3.526842	11.336533	1059.298828	23.184053
-3.526842	11.336533	1057.566406	17.384060
-3.526842	11.336533	1055.832031	20.276762
-3.526842	11.336533	1054.099609	15.928093
-3.526842	11.336533	1052.365234	20.267477
-3.526842	11.336533	1050.630859	17.368143
-3.526842	11.336533	1048.896484	11.576110
-3.526842	11.336533	1047.162109	18.806868
-3.526842	11.336533	1045.425781	24.587959
-3.526842	11.336533	1043.691406	17.352228
-3.526842	11.336533	1041.955078	15.902561
-3.526842	11.336533	1040.218750	14.453558
-3.526842	11.336533	1038.480469	13.005219
-3.526842	11.336533	1036.744141	21.670391
-3.526842	11.336533	1035.005859	17.332335
-3.526842	11.336533	1033.267578	23.104473
-3.526842	11.336533	1031.529297	15.880679
-3.526842	11.336533	1029.789063	15.877032
-3.526842	11.336533	1028.050781	20.202490
-3.526842	11.336533	1026.310547	20.197849
-3.526842	11.336533	1024.570313	18.750835
-3.526842	11.336533	1022.830078	21.630608
-3.526842	11.336533	1021.089844	20.183926
-3.526842	11.336533	1019.347656	18.737907
-3.526842	11.336533	1017.605469	15.851506
-3.526842	11.336533	1015.863281	25.932861
-3.526842	11.336533	1014.121094	18.724979
-3.526842	11.336533	1012.378906	21.600775
-3.526842	11.336533	1010.634766	15.836922
-3.526842	11.336533	1008.890625	30.227163
-3.526842	11.336533	1007.146484	20.146801
-3.526842	11.336533	1005.402344	17.264709
-3.526842	11.336533	1003.656250	24.452703
-3.526842	11.336533	1001.912109	24.447069
-3.526842	11.336533	1000.166016	17.252779
-3.526842	11.336533	998.419922	25.873201
-3.526842	11.336533	996.673828	18.681892
-3.526842	11.336533	994.925781	30.171484
-3.526842	11.336533	993.177734	24.418901
-3.526842	11.336533	991.431641	21.541119
-3.526842	11.336533	989.681641	17.228918
-3.526842	11.336533	987.933594	34.449883
-3.526842	11.336533	986.185547	33.006851
-3.526842	11.336533	984.435547	32.999229
-3.526842	11.336533	982.685547	27.253937
-3.526842	11.336533	980.935547	30.115814
-3.526842	11.336533	979.185547	32.976364
-3.526842	11.336533	977.433594	30.101898
-3.526842	11.336533	975.681641	44.425865
-3.526842	11.336533	973.929688	41.550072
-3.526842	11.336533	972.177734	28.648596
-3.526842	11.336533	970.425781	32.938267
-3.526842	11.336533	968.671875	31.498878
-3.526842	11.336533	966.917969	32.923027
-3.526842	11.336533	965.164063	28.622093
-3.526842	11.336533	963.410156	25.753922
-3.526842	11.336533	961.656250	24.317516
-3.526842	11.336533	959.900391	28.602219
-3.526842	11.336533	958.144531	30.025373
-3.526842	11.336533	956.388672	38.595108
-3.526842	11.336533	954.632813	40.015282
-3.526842	11.336533	952.876953	38.577221
-3.526842	11.336533	951.119141	24.283731
-3.526842	11.336533	949.361328	32.846844
-3.526842	11.336533	947.603516	28.555849
-3.526842	11.336533	945.845703	29.976686
-3.526842	11.336533	944.085938	34.251122
-3.526842	11.336533	942.328125	29.962778
-3.526842	11.336533	940.568359	35.661694
-3.526842	11.336533	938.808594	27.096598
-3.526842	11.336533	937.046875	27.090305
-3.526842	11.336533	935.287109	34.211388
-3.526842	11.336533	933.525391	28.502867
-3.526842	11.336533	931.763672	24.221807
-3.526842	11.336533	930.001953	28.489622
-3.526842	11.336533	928.240234	24.210550
-3.526842	11.336533	926.476563	24.204924
-3.526842	11.336533	924.712891	18.505342
-3.526842	11.336533	922.949219	17.077883
-3.526842	11.336533	921.185547	17.073910
-3.526842	11.336533	919.419922	17.069939
-3.526842	11.336533	917.656250	14.221638
-3.526842	11.336533	915.890625	15.640161
-3.526842	11.336533	914.125000	19.901026
-3.526842	11.336533	912.359375	21.317562
-3.526842	11.336533	910.591797	19.891758
-3.526842	11.336533	908.824219	25.569160
-3.526842	11.336533	907.058594	17.042135
-3.526842	11.336533	905.289063	21.297705
-3.526842	11.336533	903.521484	21.292742
-3.526842	11.336533	901.753906	24.126148
-3.526842	11.336533	899.984375	21.282814
-3.526842	11.336533	898.214844	24.114897
-3.526842	11.336533	896.445313	24.109272
-3.526842	11.336533	894.673828	22.685785
-3.526842	11.336533	892.904297	25.515553
-3.526842	11.336533	891.132813	25.509598
-3.526842	11.336533	889.361328	18.419298
-3.526842	11.336533	887.589844	15.581921
-3.526842	11.336533	885.816406	22.659319
-3.526842	11.336533	884.044922	18.406395
-3.526842	11.336533	882.271484	21.233187
-3.526842	11.336533	880.498047	19.813011
-3.526842	11.336533	878.722656	18.393496
-3.526842	11.336533	876.949219	16.974642
-3.526842	11.336533	875.173828	21.213343
-3.526842	11.336533	873.398438	24.036165
-3.526842	11.336533	871.623047	18.376297
-3.526842	11.336533	869.847656	21.198460
-3.526842	11.336533	868.070313	26.845098
-3.526842	11.336533	866.292969	25.426247
-3.526842	11.336533	864.515625	21.183580
-3.526842	11.336533	862.738281	19.766712
-3.526842	11.336533	860.960938	18.350506
-3.526842	11.336533	859.181641	18.346207
-3.526842	11.336533	857.402344	21.163742
-3.526842	11.336533	855.623047	25.390539
-3.526842	11.336533	853.843750	22.564079
-3.526842	11.336533	852.064453	28.198488
-3.526842	11.336533	850.283203	18.324720
-3.526842	11.336533	848.501953	22.548214
-3.526842	11.336533	846.720703	16.907194
-3.526842	11.336533	844.939453	22.537638
-3.526842	11.336533	843.156250	21.124077
-3.526842	11.336533	841.373047	25.342943
-3.526842	11.336533	839.589844	11.260887
-3.526842	11.336533	837.806641	23.923767
-3.526842	11.336533	836.023438	23.918150
-3.526842	11.336533	834.238281	23.912533
-3.526842	11.336533	832.453125	21.094337
-3.526842	11.336533	830.667969	16.871506
-3.526842	11.336533	828.882813	21.084427
-3.526842	11.336533	827.095703	12.647683
-3.526842	11.336533	825.310547	26.694387
-3.526842	11.336533	823.523438	22.474199
-3.526842	11.336533	821.736328	25.277529
-3.526842	11.336533	819.947266	15.443746
-3.526842	11.336533	818.160156	18.247406
-3.526842	11.336533	816.371094	19.646429
-3.526842	11.336533	814.582031	23.850763
-3.526842	11.336533	812.792969	19.637182
-3.526842	11.336533	811.001953	18.230234
-3.526842	11.336533	809.212891	19.627937
-3.526842	11.336533	807.421875	22.426645
-3.526842	11.336533	805.630859	15.414686
-3.526842	11.336533	803.839844	21.015076
-3.526842	11.336533	802.046875	19.609447
-3.526842	11.336533	800.253906	18.204483
-3.526842	11.336533	798.460938	23.800249
-3.526842	11.336533	796.667969	19.595585
-3.526842	11.336533	794.875000	16.792255
-3.526842	11.336533	793.080078	19.586344
-3.526842	11.336533	791.285156	18.183029
-3.526842	11.336533	789.490234	19.577105
-3.526842	11.336533	787.695313	15.378381
-3.526842	11.336533	785.900391	19.567865
-3.526842	11.336533	784.103516	9.781623
-3.526842	11.336533	782.306641	18.161583
-3.526842	11.336533	780.509766	22.347439
-3.526842	11.336533	778.712891	20.945774
-3.526842	11.336533	776.914063	19.544771
-3.526842	11.336533	775.115234	23.727329
-3.526842	11.336533	773.318359	22.326328
-3.526842	11.336533	771.517578	27.901314
-3.526842	11.336533	769.718750	23.710510
-3.526842	11.336533	767.917969	16.732874
-3.526842	11.336533	766.117188	18.122993
-3.526842	11.336533	764.316406	22.299948
-3.526842	11.336533	762.515625	25.081505
-3.526842	11.336533	760.714844	25.075571
-3.526842	11.336533	758.912109	23.676880
-3.526842	11.336533	757.109375	18.101564
-3.526842	11.336533	755.306641	25.057772
-3.526842	11.336533	753.501953	23.660069
-3.526842	11.336533	751.699219	18.088709
-3.526842	11.336533	749.894531	18.084425
-3.526842	11.336533	748.089844	22.252481
-3.526842	11.336533	746.285156	23.637661
-3.526842	11.336533	744.478516	25.022181
-3.526842	11.336533	742.673828	30.575417
-3.526842	11.336533	740.867188	23.620857
-3.526842	11.336533	739.060547	29.171789
-3.526842	11.336533	737.251953	20.832050
-3.526842	11.336533	735.445313	23.604057
-3.526842	11.336533	733.636719	19.434025
-3.526842	11.336533	731.828125	27.756306
-3.526842	11.336533	730.019531	22.199776
-3.526842	11.336533	728.208984	27.743135
-3.526842	11.336533	726.400391	18.028757
-3.526842	11.336533	724.589844	26.343466
-3.526842	11.336533	722.779297	27.723381
-3.526842	11.336533	720.966797	20.787598
-3.526842	11.336533	719.156250	20.782660
-3.526842	11.336533	717.343750	18.007360
-3.526842	11.336533	715.531250	22.157639
-3.526842	11.336533	713.718750	17.998802
-3.526842	11.336533	711.904297	20.762913
-3.526842	11.336533	710.091797	17.990248
-3.526842	11.336533	708.277344	19.369507
-3.526842	11.336533	706.462891	24.897728
-3.526842	11.336533	704.646484	27.657564
-3.526842	11.336533	702.832031	22.120789
-3.526842	11.336533	701.015625	20.733305
-3.526842	11.336533	699.199219	16.582697
-3.526842	11.336533	697.382813	20.723438
-3.526842	11.336533	695.566406	19.337273
-3.526842	11.336533	693.748047	20.713573
-3.526842	11.336533	691.929688	23.469793
-3.526842	11.336533	690.111328	23.464205
-3.526842	11.336533	688.292969	13.799186
-3.526842	11.336533	686.472656	19.314259
-3.526842	11.336533	684.652344	19.309656
-3.526842	11.336533	682.832031	22.062922
-3.526842	11.336533	681.011719	11.028831
-3.526842	11.336533	679.191406	23.430681
-3.526842	11.336533	677.369141	20.669201
-3.526842	11.336533	675.546875	22.041891
-3.526842	11.336533	673.724609	23.413925
-3.526842	11.336533	671.902344	20.654417
-3.526842	11.336533	670.078125	23.402756
-3.526842	11.336533	668.255859	13.763042
-3.526842	11.336533	666.431641	17.887686
-3.526842	11.336533	664.607422	22.010361
-3.526842	11.336533	662.781250	17.879148
-3.526842	11.336533	660.957031	23.374844
-3.526842	11.336533	659.130859	21.994600
-3.526842	11.336533	657.304688	21.989347
-3.526842	11.336533	655.476563	24.732109
-3.526842	11.336533	653.650391	32.968269
-3.526842	11.336533	651.822266	21.973595
-3.526842	11.336533	649.994141	21.968344
-3.526842	11.336533	648.166016	34.317333
-3.526842	11.336533	646.335938	23.330210
-3.526842	11.336533	644.507813	21.952597
-3.526842	11.336533	642.677734	27.434185
-3.526842	11.336533	640.847656	35.655914
-3.526842	11.336533	639.015625	23.307905
-3.526842	11.336533	637.185547	27.414507
-3.526842	11.336533	635.353516	21.926359
-3.526842	11.336533	633.521484	30.141531
-3.526842	11.336533	631.689453	35.613285
-3.526842	11.336533	629.855469	28.757692
-3.526842	11.336533	628.023438	28.750811
-3.526842	11.336533	626.189453	26.006411
-3.526842	11.336533	624.355469	30.105476
-3.526842	11.336533	622.519531	32.834473
-3.526842	11.336533	620.685547	27.355509
-3.526842	11.336533	618.849609	32.818748
-3.526842	11.336533	617.013672	34.178005
-3.526842	11.336533	615.177734	28.702646
-3.526842	11.336533	613.339844	21.863443
-3.526842	11.336533	611.503906	34.153442
-3.526842	11.336533	609.666016	30.047827
-3.526842	11.336533	607.828125	27.309658
-3.526842	11.336533	605.988281	39.589508
-3.526842	11.336533	604.150391	21.837250
-3.526842	11.336533	602.310547	25.925516
-3.526842	11.336533	600.470703	25.919298
-3.526842	11.336533	598.628906	23.185389
-3.526842	11.336533	596.789063	25.906864
-3.526842	11.336533	594.947266	29.990223
-3.526842	11.336533	593.105469	38.160217
-3.526842	11.336533	591.263672	25.888218
-3.526842	11.336533	589.421875	24.519793
-3.526842	11.336533	587.578125	19.066372
-3.526842	11.336533	585.734375	25.869577
-3.526842	11.336533	583.890625	21.779676
-3.526842	11.336533	582.046875	14.969932
-3.526842	11.336533	580.201172	20.408640
-3.526842	11.336533	578.355469	21.763987
-3.526842	11.336533	576.509766	24.478601
-3.526842	11.336533	574.664063	24.472721
-3.526842	11.336533	572.818359	23.107571
-3.526842	11.336533	570.970703	17.666248
-3.526842	11.336533	569.123047	23.096464
-3.526842	11.336533	567.275391	17.657755
-3.526842	11.336533	565.427734	21.727398
-3.526842	11.336533	563.578125	19.006901
-3.526842	11.336533	561.728516	24.431568
-3.526842	11.336533	559.878906	21.711725
-3.526842	11.336533	558.029297	24.419815
-3.526842	11.336533	556.177734	21.701281
-3.526842	11.336533	554.328125	18.984053
-3.526842	11.336533	552.476563	23.046516
-3.526842	11.336533	550.625000	24.396320
-3.526842	11.336533	548.771484	25.745474
-3.526842	11.336533	546.919922	23.029879
-3.526842	11.336533	545.066406	20.315590
-3.526842	11.336533	543.212891	25.726883
-3.526842	11.336533	541.357422	29.781851
-3.526842	11.336533	539.503906	25.714495
-3.526842	11.336533	537.648438	31.120575
-3.526842	11.336533	535.792969	36.524048
-3.526842	11.336533	533.937500	50.039413
-3.526842	11.336533	532.080078	50.027359
-3.526842	11.336533	530.224609	60.829422
-3.526842	11.336533	528.367188	62.166203
-3.526842	11.336533	526.507813	90.524605
-3.526842	11.336533	524.650391	164.796112
-3.526842	11.336533	522.791016	355.171539
-3.526842	11.336533	520.933594	580.558716
-3.526842	11.336533	519.074219	483.232330
-3.526842	11.336533	517.212891	238.858932
-3.526842	11.336533	515.353516	148.407608
-3.526842	11.336533	513.492188	78.232407
-3.526842	11.336533	511.630859	62.031425
-3.526842	11.336533	509.769531	48.534622
-3.526842	11.336533	507.906250	62.001495
-3.526842	11.336533	506.044922	47.163670
-3.526842	11.336533	504.181641	44.457870
-3.526842	11.336533	502.318359	60.609734
-3.526842	11.336533	500.453125	45.782970
-3.526842	11.336533	498.589844	41.733219
-3.526842	11.336533	496.724609	51.144497
-3.526842	11.336533	494.859375	48.440983
-3.526842	11.336533	492.992188	57.846092
-3.526842	11.336533	491.126953	48.417591
-3.526842	11.336533	489.259766	53.784328
-3.526842	11.336533	487.392578	44.361351
-3.526842	11.336533	485.525391	37.630844
-3.526842	11.336533	483.656250	38.965385
-3.526842	11.336533	481.789063	29.552805
-3.526842	11.336533	479.919922	41.632526
-3.526842	11.336533	478.050781	34.909164
-3.526842	11.336533	476.179688	45.639412
-3.526842	11.336533	474.310547	26.840225
-3.526842	11.336533	472.439453	33.542171
-3.526842	11.336533	470.568359	42.923599
-3.526842	11.336533	468.695313	30.843878
-3.526842	11.336533	466.824219	33.517849
-3.526842	11.336533	464.951172	32.169353
-3.526842	11.336533	463.078125	28.141376
-3.526842	11.336533	461.205078	20.096121
-3.526842	11.336533	459.330078	22.770096
-3.526842	11.336533	457.457031	22.764587
-3.526842	11.336533	455.582031	33.469234
-3.526842	11.336533	453.707031	24.092018
-3.526842	11.336533	451.830078	30.776798
-3.526842	11.336533	449.955078	26.755957
-3.526842	11.336533	448.078125	33.436852
-3.526842	11.336533	446.201172	22.731556
-3.526842	11.336533	444.322266	30.747015
-3.526842	11.336533	442.445313	26.730062
-3.526842	11.336533	440.566406	26.723591
-3.526842	11.336533	438.687500	37.403969
-3.526842	11.336533	436.808594	29.381718
-3.526842	11.336533	434.927734	29.374603
-3.526842	11.336533	433.048828	21.358173
-3.526842	11.336533	431.167969	14.680188
-3.526842	11.336533	429.285156	25.350548
-3.526842	11.336533	427.404297	18.674826
-3.526842	11.336533	425.521484	24.004675
-3.526842	11.336533	423.638672	27.998671
-3.526842	11.336533	421.755859	18.661257
-3.526842	11.336533	419.873047	19.989361
-3.526842	11.336533	417.988281	27.978323
-3.526842	11.336533	416.105469	25.307587
-3.526842	11.336533	414.220703	29.296419
-3.526842	11.336533	412.333984	22.632656
-3.526842	11.336533	410.449219	34.606262
-3.526842	11.336533	408.562500	29.275124
-3.526842	11.336533	406.675781	26.607296
-3.526842	11.336533	404.789063	27.930889
-3.526842	11.336533	402.900391	42.551033
-3.526842	11.336533	401.013672	41.211319
-3.526842	11.336533	399.125000	65.124680
-3.526842	11.336533	397.236328	74.410156
-3.526842	11.336533	395.345703	78.377403
-3.526842	11.336533	393.457031	79.686501
-3.526842	11.336533	391.566406	61.078167
-3.526842	11.336533	389.675781	47.788712
-3.526842	11.336533	387.783203	49.104263
-3.526842	11.336533	385.892578	43.785069
-3.526842	11.336533	384.000000	38.468452
-3.526842	11.336533	382.107422	42.437649
-3.526842	11.336533	380.214844	43.753208
-3.526842	11.336533	378.320313	51.695789
-3.526842	11.336533	376.425781	67.585785
-3.526842	11.336533	374.531250	71.544052
-3.526842	11.336533	372.636719	66.228416
-3.526842	11.336533	370.742188	54.294121
-3.526842	11.336533	368.845703	43.689541
-3.526842	11.336533	366.949219	46.326145
-3.526842	11.336533	365.052734	46.314899
-3.526842	11.336533	363.154297	42.334774
-3.526842	11.336533	361.257813	50.260338
-3.526842	11.336533	359.359375	63.471329
-3.526842	11.336533	357.460938	63.455921
-3.526842	11.336533	355.560547	44.937031
-3.526842	11.336533	353.662109	48.890190
-3.526842	11.336533	351.761719	56.804531
-3.526842	11.336533	349.861328	55.470024
-3.526842	11.336533	347.960938	51.495369
-3.526842	11.336533	346.058594	62.043453
-3.526842	11.336533	344.156250	40.912338
-3.526842	11.336533	342.253906	43.541267
-3.526842	11.336533	340.351563	38.254246
-3.526842	11.336533	338.449219	42.201328
-3.526842	11.336533	336.544922	38.235664
-3.526842	11.336533	334.640625	34.271923
-3.526842	11.336533	332.736328	39.534920
-3.526842	11.336533	330.832031	35.572784
-3.526842	11.336533	328.925781	34.246952
-3.526842	11.336533	327.019531	36.872372
-3.526842	11.336533	325.113281	36.863415
-3.526842	11.336533	323.207031	27.640844
-3.526842	11.336533	321.298828	32.897770
-3.526842	11.336533	319.390625	32.889778
-3.526842	11.336533	317.482422	24.990156
-3.526842	11.336533	315.574219	35.503700
-3.526842	11.336533	313.664063	32.865807
-3.526842	11.336533	311.753906	35.486446
-3.526842	11.336533	309.843750	27.593861
-3.526842	11.336533	307.933594	30.214504
-3.526842	11.336533	306.023438	32.833870
-3.526842	11.336533	304.111328	32.825890
-3.526842	11.336533	302.199219	23.628897
-3.526842	11.336533	300.287109	31.497538
-3.526842	11.336533	298.373047	34.114040
-3.526842	11.336533	296.458984	34.105747
-3.526842	11.336533	294.546875	26.228813
-3.526842	11.336533	292.630859	26.222439
-3.526842	11.336533	290.716797	38.013294
-3.526842	11.336533	288.800781	31.451630
-3.526842	11.336533	286.884766	40.615147
-3.526842	11.336533	284.968750	36.675732
-3.526842	11.336533	283.052734	36.666813
-3.526842	11.336533	281.134766	58.914482
-3.526842	11.336533	279.218750	53.664589
-3.526842	11.336533	277.298828	56.268692
-3.526842	11.336533	275.380859	47.097221
-3.526842	11.336533	273.462891	75.860405
-3.526842	11.336533	271.542969	73.226723
-3.526842	11.336533	269.623047	65.365105
-3.526842	11.336533	267.701172	88.874931
-3.526842	11.336533	265.781250	97.999992
-3.526842	11.336533	263.859375	154.149170
-3.526842	11.336533	261.937500	254.676102
-3.526842	11.336533	260.015625	267.671326
-3.526842	11.336533	258.093750	245.414490
-3.526842	11.336533	256.169922	217.948166
-3.526842	11.336533	254.246094	213.980896
-3.526842	11.336533	252.322266	439.597748
-3.526842	11.336533	250.396484	1521.916382
-3.526842	11.336533	248.472656	2011.778931
-3.526842	11.336533	246.546875	891.589233
-3.526842	11.336533	244.621094	394.862366
-3.526842	11.336533	242.693359	242.331818
-3.526842	11.336533	240.767578	184.961029
-3.526842	11.336533	238.839844	153.662643
-3.526842	11.336533	236.912109	141.908096
-3.526842	11.336533	234.982422	124.952888
-3.526842	11.336533	233.054688	100.198265
-3.526842	11.336533	231.125000	81.960464
-3.526842	11.336533	229.195313	75.437317
-3.526842	11.336533	227.263672	75.418976
-3.526842	11.336533	225.333984	76.700653
-3.526842	11.336533	223.402344	72.782921
-3.526842	11.336533	221.470703	72.765228
-3.526842	11.336533	219.539063	76.644722
-3.526842	11.336533	217.605469	84.418571
-3.526842	11.336533	215.673828	76.607460
-3.526842	11.336533	213.740234	70.098259
-3.526842	11.336533	211.804688	53.209812
-3.526842	11.336533	209.871094	62.279270
-3.526842	11.336533	207.935547	59.669788
-3.526842	11.336533	206.000000	47.983597
-3.526842	11.336533	204.064453	38.896160
-3.526842	11.336533	202.128906	34.998035
-3.526842	11.336533	200.191406	28.509987
-3.526842	11.336533	198.253906	37.572208
-3.526842	11.336533	196.316406	19.429178
-3.526842	11.336533	194.376953	33.669056
-3.526842	11.336533	192.439453	28.482277
-3.526842	11.336533	190.500000	27.181019
-3.526842	11.336533	188.560547	20.704315
-3.526842	11.336533	186.619141	18.111872
-3.526842	11.336533	184.679688	21.987642
-3.526842	11.336533	182.738281	18.103069
-3.526842	11.336533	180.796875	23.269718
-3.526842	11.336533	178.855469	23.264063
-3.526842	11.336533	176.912109	18.089874
-3.526842	11.336533	174.968750	23.252758
-3.526842	11.336533	173.025391	24.538614
-3.526842	11.336533	171.082031	25.823843
-3.526842	11.336533	169.136719	21.944933
-3.526842	11.336533	167.193359	23.230165
-3.526842	11.336533	165.246094	20.644020
-3.526842	11.336533	163.300781	25.798756
-3.526842	11.336533	161.355469	21.923615
-3.526842	11.336533	159.408203	28.364843
-3.526842	11.336533	157.460938	30.935949
-3.526842	11.336533	155.513672	23.196325
-3.526842	11.336533	153.564453	25.767435
-3.526842	11.336533	151.617188	34.777588
-3.526842	11.336533	149.667969	28.330412
-3.526842	11.336533	147.716797	36.048130
-3.526842	11.336533	145.767578	36.039375
-3.526842	11.336533	143.816406	37.317432
-3.526842	11.336533	141.865234	47.600334
-3.526842	11.336533	139.914063	50.161140
-3.526842	11.336533	137.962891	60.435928
-3.526842	11.336533	136.009766	60.421253
-3.526842	11.336533	134.056641	57.836090
-3.526842	11.336533	132.103516	43.687771
-3.526842	11.336533	130.150391	47.531033
-3.526842	11.336533	128.195313	53.941048
-3.526842	11.336533	126.240234	46.223961
-3.526842	11.336533	124.285156	44.929054
-3.526842	11.336533	122.330078	51.335030
-3.526842	11.336533	120.373047	48.756443
-3.526842	11.336533	118.416016	50.027363
-3.526842	11.336533	116.458984	52.580109
-3.526842	11.336533	114.501953	39.746044
-3.526842	11.336533	112.542969	32.045483
-3.526842	11.336533	110.583984	32.037708
-3.526842	11.336533	108.625000	24.342752
-3.526842	11.336533	106.666016	23.055960
-3.526842	11.336533	104.705078	24.330944
-3.526842	11.336533	102.746094	15.363185
-3.526842	11.336533	100.785156	12.799549
-3.526842	11.336533	98.822266	5.118578
-3.526842	11.336533	96.861328	1.279334
-3.526842	11.336533	94.898438	2.558048
-3.526842	11.336533	92.935547	1.278714
-3.526842	11.336533	90.972656	2.556808
-3.526842	11.336533	89.007813	1.278094
-3.526842	11.336533	87.044922	0.000000
-3.526842	11.336533	85.080078	0.000000
-3.526842	11.336533	83.113281	1.277165
-3.526842	11.336533	81.148438	1.276855
-3.526842	11.336533	79.181641	-1.276546
-3.526842	11.336533	77.214844	5.104946
-3.526842	11.336533	75.248047	0.000000
-3.526842	11.336533	73.281250	1.275618
-3.526842	11.336533	71.312500	0.000000
-3.526842	11.336533	69.343750	2.550000
-3.526842	11.336533	67.375000	1.274691
-3.526842	11.336533	65.404297	1.274383
-3.526842	11.336533	63.435547	-1.274074
-3.526842	11.336533	61.464844	-1.273766
-3.526842	11.336533	59.494141	2.546914
0.473158	11.336533	1838.757813	22.500463
0.473158	11.336533	1837.195313	16.071758
0.473158	11.336533	1835.632813	16.068338
0.473158	11.336533	1834.070313	19.277905
0.473158	11.336533	1832.507813	17.667652
0.473158	11.336533	1830.945313	20.875509
0.473158	11.336533	1829.382813	14.449200
0.473158	11.336533	1827.818359	14.446125
0.473158	11.336533	1826.253906	20.862185
0.473158	11.336533	1824.689453	22.462187
0.473158	11.336533	1823.125000	20.853306
0.473158	11.336533	1821.560547	24.056385
0.473158	11.336533	1819.994141	19.241013
0.473158	11.336533	1818.429688	17.633841
0.473158	11.336533	1816.863281	19.232822
0.473158	11.336533	1815.296875	16.023941
0.473158	11.336533	1813.730469	17.622583
0.473158	11.336533	1812.162109	16.017120
0.473158	11.336533	1810.595703	19.216454
0.473158	11.336533	1809.027344	22.414423
0.473158	11.336533	1807.458984	16.006893
0.473158	11.336533	1805.890625	12.802789
0.473158	11.336533	1804.322266	12.800063
0.473158	11.336533	1802.753906	14.397005
0.473158	11.336533	1801.183594	17.592592
0.473158	11.336533	1799.613281	22.385805
0.473158	11.336533	1798.042969	22.381039
0.473158	11.336533	1796.472656	15.983052
0.473158	11.336533	1794.902344	15.979649
0.473158	11.336533	1793.332031	17.573872
0.473158	11.336533	1791.759766	17.570127
0.473158	11.336533	1790.187500	14.372498
0.473158	11.336533	1788.617188	12.772833
0.473158	11.336533	1787.044922	20.751432
0.473158	11.336533	1785.470703	19.151089
0.473158	11.336533	1783.898438	15.955841
0.473158	11.336533	1782.324219	14.357198
0.473158	11.336533	1780.750000	20.733757
0.473158	11.336533	1779.177734	25.513035
0.473158	11.336533	1777.601563	15.942249
0.473158	11.336533	1776.027344	14.344968
0.473158	11.336533	1774.453125	14.341911
0.473158	11.336533	1772.876953	15.932061
0.473158	11.336533	1771.300781	17.521534
0.473158	11.336533	1769.724609	17.517799
0.473158	11.336533	1768.148438	12.737503
0.473158	11.336533	1766.572266	14.326636
0.473158	11.336533	1764.994141	11.140565
0.473158	11.336533	1763.417969	12.729360
0.473158	11.336533	1761.839844	22.271631
0.473158	11.336533	1760.261719	15.904918
0.473158	11.336533	1758.683594	17.491680
0.473158	11.336533	1757.103516	15.898136
0.473158	11.336533	1755.525391	15.894747
0.473158	11.336533	1753.945313	11.123951
0.473158	11.336533	1752.365234	15.887969
0.473158	11.336533	1750.785156	20.649956
0.473158	11.336533	1749.205078	20.645552
0.473158	11.336533	1747.625000	14.290026
0.473158	11.336533	1746.042969	20.636747
0.473158	11.336533	1744.460938	17.458138
0.473158	11.336533	1742.878906	23.801474
0.473158	11.336533	1741.296875	20.623543
0.473158	11.336533	1739.714844	15.860879
0.473158	11.336533	1738.132813	14.271746
0.473158	11.336533	1736.548828	17.439524
0.473158	11.336533	1734.964844	22.191021
0.473158	11.336533	1733.380859	15.847346
0.473158	11.336533	1731.796875	17.428360
0.473158	11.336533	1730.212891	17.424641
0.473158	11.336533	1728.628906	20.588362
0.473158	11.336533	1727.042969	28.500877
0.473158	11.336533	1725.457031	22.162617
0.473158	11.336533	1723.871094	28.488708
0.473158	11.336533	1722.285156	22.153154
0.473158	11.336533	1720.699219	26.894514
0.473158	11.336533	1719.111328	14.235232
0.473158	11.336533	1717.525391	18.976255
0.473158	11.336533	1715.937500	20.553221
0.473158	11.336533	1714.349609	14.226113
0.473158	11.336533	1712.759766	18.964098
0.473158	11.336533	1711.171875	18.960047
0.473158	11.336533	1709.583984	22.115330
0.473158	11.336533	1707.994141	14.213960
0.473158	11.336533	1706.404297	17.368906
0.473158	11.336533	1704.814453	23.679810
0.473158	11.336533	1703.224609	17.361483
0.473158	11.336533	1701.632813	12.623834
0.473158	11.336533	1700.042969	17.354061
0.473158	11.336533	1698.451172	22.082266
0.473158	11.336533	1696.859375	18.923609
0.473158	11.336533	1695.267578	18.919563
0.473158	11.336533	1693.675781	22.068104
0.473158	11.336533	1692.082031	22.063385
0.473158	11.336533	1690.490234	20.483047
0.473158	11.336533	1688.896484	15.752820
0.473158	11.336533	1687.302734	18.899340
0.473158	11.336533	1685.708984	22.044514
0.473158	11.336533	1684.113281	18.891254
0.473158	11.336533	1682.519531	17.313278
0.473158	11.336533	1680.923828	22.030367
0.473158	11.336533	1679.328125	12.586086
0.473158	11.336533	1677.732422	22.020937
0.473158	11.336533	1676.136719	25.161398
0.473158	11.336533	1674.541016	18.867008
0.473158	11.336533	1672.943359	14.147227
0.473158	11.336533	1671.345703	15.715775
0.473158	11.336533	1669.748047	14.141170
0.473158	11.336533	1668.150391	18.850855
0.473158	11.336533	1666.552734	17.276249
0.473158	11.336533	1664.955078	20.413012
0.473158	11.336533	1663.355469	12.559162
0.473158	11.336533	1661.755859	17.265148
0.473158	11.336533	1660.156250	9.415336
0.473158	11.336533	1658.556641	12.551091
0.473158	11.336533	1656.957031	15.685501
0.473158	11.336533	1655.355469	12.545712
0.473158	11.336533	1653.755859	18.814533
0.473158	11.336533	1652.154297	23.513124
0.473158	11.336533	1650.552734	20.373672
0.473158	11.336533	1648.951172	20.369303
0.473158	11.336533	1647.347656	23.498003
0.473158	11.336533	1645.746094	20.360567
0.473158	11.336533	1644.142578	21.922062
0.473158	11.336533	1642.539063	21.917358
0.473158	11.336533	1640.935547	18.782276
0.473158	11.336533	1639.332031	18.778246
0.473158	11.336533	1637.728516	14.080663
0.473158	11.336533	1636.123047	18.770187
0.473158	11.336533	1634.517578	17.202312
0.473158	11.336533	1632.912109	23.452663
0.473158	11.336533	1631.306641	20.321278
0.473158	11.336533	1629.701172	12.502716
0.473158	11.336533	1628.093750	20.312551
0.473158	11.336533	1626.488281	15.621683
0.473158	11.336533	1624.880859	17.180161
0.473158	11.336533	1623.273438	20.299465
0.473158	11.336533	1621.666016	23.417427
0.473158	11.336533	1620.056641	23.412395
0.473158	11.336533	1618.449219	17.165400
0.473158	11.336533	1616.839844	23.402332
0.473158	11.336533	1615.230469	18.717842
0.473158	11.336533	1613.621094	17.154333
0.473158	11.336533	1612.011719	12.473196
0.473158	11.336533	1610.400391	17.146957
0.473158	11.336533	1608.791016	17.143269
0.473158	11.336533	1607.179688	17.139582
0.473158	11.336533	1605.568359	20.251513
0.473158	11.336533	1603.957031	18.689682
0.473158	11.336533	1602.345703	18.685659
0.473158	11.336533	1600.732422	20.238441
0.473158	11.336533	1599.121094	20.234087
0.473158	11.336533	1597.507813	10.892932
0.473158	11.336533	1595.894531	20.225376
0.473158	11.336533	1594.281250	26.442873
0.473158	11.336533	1592.666016	17.106411
0.473158	11.336533	1591.052734	18.657520
0.473158	11.336533	1589.437500	13.990126
0.473158	11.336533	1587.822266	13.987112
0.473158	11.336533	1586.207031	18.645464
0.473158	11.336533	1584.591797	12.427631
0.473158	11.336533	1582.974609	18.637430
0.473158	11.336533	1581.359375	17.080627
0.473158	11.336533	1579.742188	12.419597
0.473158	11.336533	1578.125000	15.521149
0.473158	11.336533	1576.507813	12.414242
0.473158	11.336533	1574.888672	13.963010
0.473158	11.336533	1573.271484	21.715553
0.473158	11.336533	1571.652344	18.609316
0.473158	11.336533	1570.033203	21.706184
0.473158	11.336533	1568.414063	15.501072
0.473158	11.336533	1566.794922	21.696817
0.473158	11.336533	1565.173828	15.494382
0.473158	11.336533	1563.554688	15.491037
0.473158	11.336533	1561.933594	17.036463
0.473158	11.336533	1560.312500	15.484348
0.473158	11.336533	1558.691406	20.125305
0.473158	11.336533	1557.070313	18.573193
0.473158	11.336533	1555.447266	12.379454
0.473158	11.336533	1553.826172	15.470974
0.473158	11.336533	1552.203125	18.561157
0.473158	11.336533	1550.580078	27.835718
0.473158	11.336533	1548.955078	13.914851
0.473158	11.336533	1547.332031	15.457603
0.473158	11.336533	1545.708984	15.454261
0.473158	11.336533	1544.083984	18.541103
0.473158	11.336533	1542.458984	15.447577
0.473158	11.336533	1540.833984	20.077507
0.473158	11.336533	1539.207031	20.073164
0.473158	11.336533	1537.582031	23.156330
0.473158	11.336533	1535.955078	13.890792
0.473158	11.336533	1534.330078	18.517048
0.473158	11.336533	1532.703125	18.513039
0.473158	11.336533	1531.074219	21.593868
0.473158	11.336533	1529.447266	18.505022
0.473158	11.336533	1527.818359	13.875761
0.473158	11.336533	1526.191406	21.579842
0.473158	11.336533	1524.562500	12.328667
0.473158	11.336533	1522.933594	27.733490
0.473158	11.336533	1521.302734	20.025402
0.473158	11.336533	1519.673828	20.021063
0.473158	11.336533	1518.042969	27.715462
0.473158	11.336533	1516.414063	18.472969
0.473158	11.336533	1514.783203	18.468962
0.473158	11.336533	1513.150391	21.542450
0.473158	11.336533	1511.519531	24.614603
0.473158	11.336533	1509.888672	18.456947
0.473158	11.336533	1508.255859	15.377452
0.473158	11.336533	1506.623047	12.299292
0.473158	11.336533	1504.990234	23.056166
0.473158	11.336533	1503.357422	21.514418
0.473158	11.336533	1501.722656	19.973335
0.473158	11.336533	1500.089844	21.505075
0.473158	11.336533	1498.455078	13.821689
0.473158	11.336533	1496.820313	19.960325
0.473158	11.336533	1495.185547	21.491064
0.473158	11.336533	1493.548828	23.021137
0.473158	11.336533	1491.914063	18.412907
0.473158	11.336533	1490.277344	15.340754
0.473158	11.336533	1488.640625	21.472385
0.473158	11.336533	1487.003906	16.867493
0.473158	11.336533	1485.367188	26.062273
0.473158	11.336533	1483.728516	15.327415
0.473158	11.336533	1482.091797	19.921303
0.473158	11.336533	1480.453125	13.788671
0.473158	11.336533	1478.814453	21.444376
0.473158	11.336533	1477.175781	16.845486
0.473158	11.336533	1475.535156	22.966116
0.473158	11.336533	1473.896484	12.245928
0.473158	11.336533	1472.255859	19.895300
0.473158	11.336533	1470.615234	19.890966
0.473158	11.336533	1468.974609	9.178446
0.473158	11.336533	1467.333984	21.411709
0.473158	11.336533	1465.691406	16.819818
0.473158	11.336533	1464.050781	13.758671
0.473158	11.336533	1462.408203	21.397711
0.473158	11.336533	1460.765625	22.921120
0.473158	11.336533	1459.123047	21.388380
0.473158	11.336533	1457.478516	16.801491
0.473158	11.336533	1455.835938	18.324900
0.473158	11.336533	1454.191406	16.794161
0.473158	11.336533	1452.546875	15.264087
0.473158	11.336533	1450.902344	12.208605
0.473158	11.336533	1449.257813	13.731682
0.473158	11.336533	1447.611328	15.254093
0.473158	11.336533	1445.966797	10.675533
0.473158	11.336533	1444.320313	13.722688
0.473158	11.336533	1442.673828	10.670870
0.473158	11.336533	1441.025391	19.813000
0.473158	11.336533	1439.378906	12.189951
0.473158	11.336533	1437.730469	10.663877
0.473158	11.336533	1436.083984	19.800013
0.473158	11.336533	1434.435547	19.795683
0.473158	11.336533	1432.787109	12.179295
0.473158	11.336533	1431.136719	15.220789
0.473158	11.336533	1429.488281	12.173967
0.473158	11.336533	1427.837891	16.735542
0.473158	11.336533	1426.187500	15.210800
0.473158	11.336533	1424.537109	18.248964
0.473158	11.336533	1422.886719	16.724556
0.473158	11.336533	1421.234375	21.281137
0.473158	11.336533	1419.583984	16.717232
0.473158	11.336533	1417.931641	15.194155
0.473158	11.336533	1416.279297	13.671743
0.473158	11.336533	1414.626953	22.781246
0.473158	11.336533	1412.974609	19.739420
0.473158	11.336533	1411.320313	18.217009
0.473158	11.336533	1409.666016	18.213015
0.473158	11.336533	1408.011719	22.761276
0.473158	11.336533	1406.357422	15.170856
0.473158	11.336533	1404.703125	15.167528
0.473158	11.336533	1403.048828	22.746300
0.473158	11.336533	1401.392578	13.644785
0.473158	11.336533	1399.736328	21.220562
0.473158	11.336533	1398.080078	19.700481
0.473158	11.336533	1396.423828	7.575445
0.473158	11.336533	1394.765625	19.691832
0.473158	11.336533	1393.109375	12.115388
0.473158	11.336533	1391.451172	16.654999
0.473158	11.336533	1389.792969	16.651339
0.473158	11.336533	1388.134766	15.134254
0.473158	11.336533	1386.476563	22.696392
0.473158	11.336533	1384.816406	13.614841
0.473158	11.336533	1383.156250	12.099420
0.473158	11.336533	1381.496094	19.657232
0.473158	11.336533	1379.835938	10.582335
0.473158	11.336533	1378.175781	19.648584
0.473158	11.336533	1376.515625	16.622066
0.473158	11.336533	1374.853516	21.150700
0.473158	11.336533	1373.191406	15.104317
0.473158	11.336533	1371.529297	24.161587
0.473158	11.336533	1369.867188	22.646498
0.473158	11.336533	1368.205078	13.584906
0.473158	11.336533	1366.541016	18.109217
0.473158	11.336533	1364.876953	22.631533
0.473158	11.336533	1363.212891	21.118109
0.473158	11.336533	1361.548828	13.572934
0.473158	11.336533	1359.884766	10.554399
0.473158	11.336533	1358.218750	13.566949
0.473158	11.336533	1356.554688	16.578169
0.473158	11.336533	1354.888672	19.588058
0.473158	11.336533	1353.222656	13.557971
0.473158	11.336533	1351.554688	13.554978
0.473158	11.336533	1349.888672	12.046210
0.473158	11.336533	1348.220703	15.054438
0.473158	11.336533	1346.552734	19.566448
0.473158	11.336533	1344.884766	24.076462
0.473158	11.336533	1343.216797	27.080036
0.473158	11.336533	1341.548828	15.041140
0.473158	11.336533	1339.878906	16.541597
0.473158	11.336533	1338.208984	15.034492
0.473158	11.336533	1336.539063	16.534285
0.473158	11.336533	1334.869141	18.033411
0.473158	11.336533	1333.199219	18.029423
0.473158	11.336533	1331.527344	16.523315
0.473158	11.336533	1329.857422	13.516085
0.473158	11.336533	1328.185547	15.014547
0.473158	11.336533	1326.513672	15.011224
0.473158	11.336533	1324.839844	19.510271
0.473158	11.336533	1323.167969	18.005493
0.473158	11.336533	1321.494141	15.001253
0.473158	11.336533	1319.820313	16.497723
0.473158	11.336533	1318.146484	16.494068
0.473158	11.336533	1316.472656	17.989540
0.473158	11.336533	1314.798828	19.484348
0.473158	11.336533	1313.123047	14.984637
0.473158	11.336533	1311.447266	10.486919
0.473158	11.336533	1309.771484	17.973589
0.473158	11.336533	1308.095703	17.969603
0.473158	11.336533	1306.419922	23.954153
0.473158	11.336533	1304.742188	14.968022
0.473158	11.336533	1303.064453	11.971760
0.473158	11.336533	1301.386719	13.465240
0.473158	11.336533	1299.708984	13.462249
0.473158	11.336533	1298.031250	14.954732
0.473158	11.336533	1296.351563	17.941690
0.473158	11.336533	1294.671875	16.442896
0.473158	11.336533	1292.994141	13.450288
0.473158	11.336533	1291.312500	13.447298
0.473158	11.336533	1289.632813	13.444307
0.473158	11.336533	1287.953125	14.934797
0.473158	11.336533	1286.271484	19.410917
0.473158	11.336533	1284.589844	19.406599
0.473158	11.336533	1282.908203	17.909798
0.473158	11.336533	1281.226563	20.890114
0.473158	11.336533	1279.542969	22.377281
0.473158	11.336533	1277.861328	20.880812
0.473158	11.336533	1276.177734	16.402699
0.473158	11.336533	1274.494141	11.926578
0.473158	11.336533	1272.810547	14.904901
0.473158	11.336533	1271.125000	14.901579
0.473158	11.336533	1269.441406	19.367735
0.473158	11.336533	1267.755859	17.873922
0.473158	11.336533	1266.070313	13.402452
0.473158	11.336533	1264.384766	19.354780
0.473158	11.336533	1262.697266	19.350462
0.473158	11.336533	1261.011719	14.881650
0.473158	11.336533	1259.324219	16.366161
0.473158	11.336533	1257.636719	16.362509
0.473158	11.336533	1255.949219	13.384518
0.473158	11.336533	1254.261719	23.789383
0.473158	11.336533	1252.572266	13.378539
0.473158	11.336533	1250.882813	17.834066
0.473158	11.336533	1249.193359	19.315922
0.473158	11.336533	1247.503906	13.369573
0.473158	11.336533	1245.814453	23.762815
0.473158	11.336533	1244.125000	11.878751
0.473158	11.336533	1242.433594	22.267677
0.473158	11.336533	1240.742188	19.294336
0.473158	11.336533	1239.050781	17.806171
0.473158	11.336533	1237.359375	14.835155
0.473158	11.336533	1235.666016	13.348652
0.473158	11.336533	1233.974609	20.759920
0.473158	11.336533	1232.281250	14.825194
0.473158	11.336533	1230.587891	23.714998
0.473158	11.336533	1228.892578	14.818553
0.473158	11.336533	1227.199219	17.778280
0.473158	11.336533	1225.503906	17.774296
0.473158	11.336533	1223.810547	14.808592
0.473158	11.336533	1222.115234	14.805272
0.473158	11.336533	1220.417969	17.762342
0.473158	11.336533	1218.722656	17.758358
0.473158	11.336533	1217.025391	20.713436
0.473158	11.336533	1215.330078	16.271191
0.473158	11.336533	1213.632813	16.267538
0.473158	11.336533	1211.933594	25.135098
0.473158	11.336533	1210.236328	14.782031
0.473158	11.336533	1208.537109	17.734453
0.473158	11.336533	1206.839844	19.208008
0.473158	11.336533	1205.140625	17.726486
0.473158	11.336533	1203.439453	20.676252
0.473158	11.336533	1201.740234	7.382716
0.473158	11.336533	1200.041016	19.190746
0.473158	11.336533	1198.339844	16.234673
0.473158	11.336533	1196.638672	13.279925
0.473158	11.336533	1194.937500	20.653015
0.473158	11.336533	1193.234375	19.173483
0.473158	11.336533	1191.533203	16.220066
0.473158	11.336533	1189.830078	17.690634
0.473158	11.336533	1188.126953	19.160538
0.473158	11.336533	1186.423828	26.524000
0.473158	11.336533	1184.720703	22.098354
0.473158	11.336533	1183.015625	26.512051
0.473158	11.336533	1181.312500	17.670717
0.473158	11.336533	1179.607422	16.194506
0.473158	11.336533	1177.902344	14.718960
0.473158	11.336533	1176.195313	16.187204
0.473158	11.336533	1174.490234	17.654785
0.473158	11.336533	1172.783203	14.709002
0.473158	11.336533	1171.076172	16.176250
0.473158	11.336533	1169.369141	23.523783
0.473158	11.336533	1167.662109	14.699045
0.473158	11.336533	1165.953125	26.452307
0.473158	11.336533	1164.246094	23.507851
0.473158	11.336533	1162.537109	17.626905
0.473158	11.336533	1160.828125	19.091501
0.473158	11.336533	1159.117188	17.618940
0.473158	11.336533	1157.408203	17.614958
0.473158	11.336533	1155.697266	19.078558
0.473158	11.336533	1153.986328	14.672495
0.473158	11.336533	1152.275391	11.735341
0.473158	11.336533	1150.564453	16.132442
0.473158	11.336533	1148.853516	14.662539
0.473158	11.336533	1147.140625	14.659221
0.473158	11.336533	1145.427734	19.052673
0.473158	11.336533	1143.714844	20.513617
0.473158	11.336533	1142.001953	16.114191
0.473158	11.336533	1140.287109	14.645947
0.473158	11.336533	1138.574219	11.714103
0.473158	11.336533	1136.859375	16.103241
0.473158	11.336533	1135.144531	13.172393
0.473158	11.336533	1133.427734	16.095942
0.473158	11.336533	1131.712891	20.481098
0.473158	11.336533	1129.996094	16.088642
0.473158	11.336533	1128.279297	26.320896
0.473158	11.336533	1126.562500	23.391043
0.473158	11.336533	1124.845703	26.308950
0.473158	11.336533	1123.128906	17.535318
0.473158	11.336533	1121.410156	13.148503
0.473158	11.336533	1119.691406	21.909195
0.473158	11.336533	1117.972656	24.824781
0.473158	11.336533	1116.253906	14.599494
0.473158	11.336533	1114.533203	16.055794
0.473158	11.336533	1112.814453	24.807859
0.473158	11.336533	1111.093750	14.589541
0.473158	11.336533	1109.373047	13.127602
0.473158	11.336533	1107.652344	18.957779
0.473158	11.336533	1105.929688	18.953465
0.473158	11.336533	1104.208984	11.661017
0.473158	11.336533	1102.486328	14.572954
0.473158	11.336533	1100.763672	10.198746
0.473158	11.336533	1099.039063	11.653055
0.473158	11.336533	1097.316406	10.194101
0.473158	11.336533	1095.591797	11.647748
0.473158	11.336533	1093.867188	17.467642
0.473158	11.336533	1092.142578	16.008356
0.473158	11.336533	1090.417969	14.549733
0.473158	11.336533	1088.693359	21.819624
0.473158	11.336533	1086.966797	21.814648
0.473158	11.336533	1085.240234	17.447739
0.473158	11.336533	1083.513672	18.897406
0.473158	11.336533	1081.787109	18.893093
0.473158	11.336533	1080.058594	17.435799
0.473158	11.336533	1078.332031	18.884470
0.473158	11.336533	1076.603516	17.427837
0.473158	11.336533	1074.875000	13.067893
0.473158	11.336533	1073.144531	15.968221
0.473158	11.336533	1071.416016	17.415897
0.473158	11.336533	1069.685547	23.215891
0.473158	11.336533	1067.955078	17.407938
0.473158	11.336533	1066.224609	23.205278
0.473158	11.336533	1064.494141	14.499982
0.473158	11.336533	1062.763672	18.845665
0.473158	11.336533	1061.031250	14.493350
0.473158	11.336533	1059.298828	15.939036
0.473158	11.336533	1057.566406	26.076092
0.473158	11.336533	1055.832031	20.276762
0.473158	11.336533	1054.099609	11.584068
0.473158	11.336533	1052.365234	13.029092
0.473158	11.336533	1050.630859	14.473453
0.473158	11.336533	1048.896484	21.705206
0.473158	11.336533	1047.162109	14.466821
0.473158	11.336533	1045.425781	13.017155
0.473158	11.336533	1043.691406	15.906209
0.473158	11.336533	1041.955078	15.902561
0.473158	11.336533	1040.218750	18.789625
0.473158	11.336533	1038.480469	18.785315
0.473158	11.336533	1036.744141	14.446927
0.473158	11.336533	1035.005859	12.999250
0.473158	11.336533	1033.267578	20.216415
0.473158	11.336533	1031.529297	21.655472
0.473158	11.336533	1029.789063	17.320398
0.473158	11.336533	1028.050781	17.316420
0.473158	11.336533	1026.310547	15.869739
0.473158	11.336533	1024.570313	25.962696
0.473158	11.336533	1022.830078	17.304485
0.473158	11.336533	1021.089844	30.275888
0.473158	11.336533	1019.347656	21.620663
0.473158	11.336533	1017.605469	24.497782
0.473158	11.336533	1015.863281	20.170004
0.473158	11.336533	1014.121094	20.165363
0.473158	11.336533	1012.378906	21.600775
0.473158	11.336533	1010.634766	21.595802
0.473158	11.336533	1008.890625	20.151442
0.473158	11.336533	1007.146484	21.585859
0.473158	11.336533	1005.402344	24.458338
0.473158	11.336533	1003.656250	24.452703
0.473158	11.336533	1001.912109	20.132881
0.473158	11.336533	1000.166016	23.003704
0.473158	11.336533	998.419922	30.185402
0.473158	11.336533	996.673828	22.993099
0.473158	11.336533	994.925781	27.298008
0.473158	11.336533	993.177734	21.546089
0.473158	11.336533	991.431641	30.157566
0.473158	11.336533	989.681641	30.150606
0.473158	11.336533	987.933594	30.143648
0.473158	11.336533	986.185547	33.006851
0.473158	11.336533	984.435547	34.433979
0.473158	11.336533	982.685547	34.426025
0.473158	11.336533	980.935547	27.247641
0.473158	11.336533	979.185547	34.410122
0.473158	11.336533	977.433594	32.968746
0.473158	11.336533	975.681641	21.496386
0.473158	11.336533	973.929688	30.087982
0.473158	11.336533	972.177734	30.081026
0.473158	11.336533	970.425781	44.395054
0.473158	11.336533	968.671875	31.498878
0.473158	11.336533	966.917969	32.923027
0.473158	11.336533	965.164063	28.622093
0.473158	11.336533	963.410156	25.753922
0.473158	11.336533	961.656250	38.621937
0.473158	11.336533	959.900391	38.612995
0.473158	11.336533	958.144531	27.165813
0.473158	11.336533	956.388672	28.588968
0.473158	11.336533	954.632813	28.582344
0.473158	11.336533	952.876953	21.431789
0.473158	11.336533	951.119141	28.569096
0.473158	11.336533	949.361328	31.418720
0.473158	11.336533	947.603516	31.411434
0.473158	11.336533	945.845703	27.121765
0.473158	11.336533	944.085938	29.969732
0.473158	11.336533	942.328125	37.096771
0.473158	11.336533	940.568359	37.088161
0.473158	11.336533	938.808594	31.375008
0.473158	11.336533	937.046875	28.516111
0.473158	11.336533	935.287109	27.084015
0.473158	11.336533	933.525391	24.227436
0.473158	11.336533	931.763672	18.522558
0.473158	11.336533	930.001953	22.791698
0.473158	11.336533	928.240234	22.786402
0.473158	11.336533	926.476563	25.628742
0.473158	11.336533	924.712891	18.505342
0.473158	11.336533	922.949219	19.924196
0.473158	11.336533	921.185547	12.805432
0.473158	11.336533	919.419922	11.379958
0.473158	11.336533	917.656250	19.910294
0.473158	11.336533	915.890625	17.061995
0.473158	11.336533	914.125000	19.901026
0.473158	11.336533	912.359375	21.317562
0.473158	11.336533	910.591797	15.629238
0.473158	11.336533	908.824219	25.569160
0.473158	11.336533	907.058594	19.882490
0.473158	11.336533	905.289063	14.198470
0.473158	11.336533	903.521484	22.712257
0.473158	11.336533	901.753906	18.449408
0.473158	11.336533	899.984375	14.188542
0.473158	11.336533	898.214844	21.277849
0.473158	11.336533	896.445313	17.018309
0.473158	11.336533	894.673828	18.432201
0.473158	11.336533	892.904297	17.010368
0.473158	11.336533	891.132813	19.840797
0.473158	11.336533	889.361328	15.585560
0.473158	11.336533	887.589844	22.664612
0.473158	11.336533	885.816406	14.162074
0.473158	11.336533	884.044922	21.238150
0.473158	11.336533	882.271484	25.479824
0.473158	11.336533	880.498047	25.473871
0.473158	11.336533	878.722656	22.638149
0.473158	11.336533	876.949219	9.901875
0.473158	11.336533	875.173828	19.799120
0.473158	11.336533	873.398438	24.036165
0.473158	11.336533	871.623047	19.789860
0.473158	11.336533	869.847656	18.371998
0.473158	11.336533	868.070313	15.541900
0.473158	11.336533	866.292969	24.013678
0.473158	11.336533	864.515625	24.008057
0.473158	11.336533	862.738281	14.119080
0.473158	11.336533	860.960938	22.585238
0.473158	11.336533	859.181641	14.112468
0.473158	11.336533	857.402344	19.752827
0.473158	11.336533	855.623047	21.158783
0.473158	11.336533	853.843750	21.153824
0.473158	11.336533	852.064453	21.148867
0.473158	11.336533	850.283203	26.782284
0.473158	11.336533	848.501953	15.501897
0.473158	11.336533	846.720703	21.133991
0.473158	11.336533	844.939453	18.311831
0.473158	11.336533	843.156250	14.082718
0.473158	11.336533	841.373047	15.487354
0.473158	11.336533	839.589844	22.521774
0.473158	11.336533	837.806641	26.738329
0.473158	11.336533	836.023438	21.104250
0.473158	11.336533	834.238281	18.286055
0.473158	11.336533	832.453125	21.094337
0.473158	11.336533	830.667969	18.277464
0.473158	11.336533	828.882813	22.490055
0.473158	11.336533	827.095703	21.079472
0.473158	11.336533	825.310547	15.454645
0.473158	11.336533	823.523438	22.474199
0.473158	11.336533	821.736328	23.873220
0.473158	11.336533	819.947266	14.039768
0.473158	11.336533	818.160156	26.669285
0.473158	11.336533	816.371094	21.049746
0.473158	11.336533	814.582031	14.029860
0.473158	11.336533	812.792969	18.234526
0.473158	11.336533	811.001953	15.425582
0.473158	11.336533	809.212891	22.431927
0.473158	11.336533	807.421875	15.418318
0.473158	11.336533	805.630859	22.421362
0.473158	11.336533	803.839844	11.208040
0.473158	11.336533	802.046875	15.407424
0.473158	11.336533	800.253906	15.403792
0.473158	11.336533	798.460938	16.800177
0.473158	11.336533	796.667969	23.794640
0.473158	11.336533	794.875000	18.191610
0.473158	11.336533	793.080078	25.182442
0.473158	11.336533	791.285156	20.980419
0.473158	11.336533	789.490234	20.975468
0.473158	11.336533	787.695313	15.378381
0.473158	11.336533	785.900391	13.977046
0.473158	11.336533	784.103516	18.165871
0.473158	11.336533	782.306641	20.955671
0.473158	11.336533	780.509766	25.140867
0.473158	11.336533	778.712891	26.531315
0.473158	11.336533	776.914063	25.128992
0.473158	11.336533	775.115234	19.540154
0.473158	11.336533	773.318359	25.117119
0.473158	11.336533	771.517578	22.321051
0.473158	11.336533	769.718750	19.526302
0.473158	11.336533	767.917969	19.521687
0.473158	11.336533	766.117188	22.305222
0.473158	11.336533	764.316406	23.693693
0.473158	11.336533	762.515625	23.688089
0.473158	11.336533	760.714844	22.289396
0.473158	11.336533	758.912109	20.891365
0.473158	11.336533	757.109375	22.278849
0.473158	11.336533	755.306641	16.705181
0.473158	11.336533	753.501953	19.484762
0.473158	11.336533	751.699219	22.263027
0.473158	11.336533	749.894531	19.475534
0.473158	11.336533	748.089844	20.861702
0.473158	11.336533	746.285156	29.199463
0.473158	11.336533	744.478516	31.972786
0.473158	11.336533	742.673828	23.626457
0.473158	11.336533	740.867188	19.452471
0.473158	11.336533	739.060547	31.950054
0.473158	11.336533	737.251953	29.164871
0.473158	11.336533	735.445313	26.381006
0.473158	11.336533	733.636719	33.315472
0.473158	11.336533	731.828125	20.817230
0.473158	11.336533	730.019531	22.199776
0.473158	11.336533	728.208984	19.420195
0.473158	11.336533	726.400391	29.123377
0.473158	11.336533	724.589844	26.343466
0.473158	11.336533	722.779297	20.792536
0.473158	11.336533	720.966797	18.015917
0.473158	11.336533	719.156250	26.324703
0.473158	11.336533	717.343750	22.162905
0.473158	11.336533	715.531250	16.618229
0.473158	11.336533	713.718750	17.998802
0.473158	11.336533	711.904297	19.378719
0.473158	11.336533	710.091797	20.757978
0.473158	11.336533	708.277344	23.520115
0.473158	11.336533	706.462891	26.280935
0.473158	11.336533	704.646484	15.211660
0.473158	11.336533	702.832031	17.973141
0.473158	11.336533	701.015625	27.644407
0.473158	11.336533	699.199219	15.200806
0.473158	11.336533	697.382813	17.960314
0.473158	11.336533	695.566406	20.718506
0.473158	11.336533	693.748047	17.951763
0.473158	11.336533	691.929688	20.708641
0.473158	11.336533	690.111328	22.083958
0.473158	11.336533	688.292969	17.938942
0.473158	11.336533	686.472656	26.212208
0.473158	11.336533	684.652344	22.068180
0.473158	11.336533	682.832031	17.926123
0.473158	11.336533	681.011719	23.436266
0.473158	11.336533	679.191406	16.539305
0.473158	11.336533	677.369141	17.913307
0.473158	11.336533	675.546875	11.020946
0.473158	11.336533	673.724609	28.923082
0.473158	11.336533	671.902344	19.277456
0.473158	11.336533	670.078125	24.779388
0.473158	11.336533	668.255859	24.773478
0.473158	11.336533	666.431641	16.511711
0.473158	11.336533	664.607422	22.010361
0.473158	11.336533	662.781250	26.131063
0.473158	11.336533	660.957031	30.249798
0.473158	11.336533	659.130859	23.369263
0.473158	11.336533	657.304688	23.363682
0.473158	11.336533	655.476563	16.488071
0.473158	11.336533	653.650391	23.352524
0.473158	11.336533	651.822266	28.840343
0.473158	11.336533	649.994141	26.087408
0.473158	11.336533	648.166016	34.317333
0.473158	11.336533	646.335938	24.702576
0.473158	11.336533	644.507813	30.184820
0.473158	11.336533	642.677734	21.947348
0.473158	11.336533	640.847656	23.313480
0.473158	11.336533	639.015625	27.421066
0.473158	11.336533	637.185547	23.302332
0.473158	11.336533	635.353516	26.037552
0.473158	11.336533	633.521484	30.141531
0.473158	11.336533	631.689453	26.025093
0.473158	11.336533	629.855469	27.388279
0.473158	11.336533	628.023438	24.643551
0.473158	11.336533	626.189453	32.850204
0.473158	11.336533	624.355469	28.737045
0.473158	11.336533	622.519531	28.730164
0.473158	11.336533	620.685547	35.562160
0.473158	11.336533	618.849609	39.655987
0.473158	11.336533	617.013672	30.076645
0.473158	11.336533	615.177734	25.969061
0.473158	11.336533	613.339844	21.863443
0.473158	11.336533	611.503906	21.858204
0.473158	11.336533	609.666016	32.779446
0.473158	11.336533	607.828125	36.868038
0.473158	11.336533	605.988281	23.207644
0.473158	11.336533	604.150391	31.391048
0.473158	11.336533	602.310547	34.112522
0.473158	11.336533	600.470703	31.375992
0.473158	11.336533	598.628906	32.732311
0.473158	11.336533	596.789063	21.816307
0.473158	11.336533	594.947266	21.811071
0.473158	11.336533	593.105469	21.805838
0.473158	11.336533	591.263672	23.163141
0.473158	11.336533	589.421875	23.157581
0.473158	11.336533	587.578125	17.704489
0.473158	11.336533	585.734375	25.869577
0.473158	11.336533	583.890625	17.695988
0.473158	11.336533	582.046875	16.330833
0.473158	11.336533	580.201172	20.408640
0.473158	11.336533	578.355469	23.124235
0.473158	11.336533	576.509766	23.118679
0.473158	11.336533	574.664063	25.832315
0.473158	11.336533	572.818359	20.389032
0.473158	11.336533	570.970703	17.666248
0.473158	11.336533	569.123047	23.096464
0.473158	11.336533	567.275391	27.165777
0.473158	11.336533	565.427734	17.653511
0.473158	11.336533	563.578125	21.722174
0.473158	11.336533	561.728516	19.002331
0.473158	11.336533	559.878906	14.926811
0.473158	11.336533	558.029297	14.923221
0.473158	11.336533	556.177734	14.919630
0.473158	11.336533	554.328125	23.052063
0.473158	11.336533	552.476563	17.623806
0.473158	11.336533	550.625000	20.330267
0.473158	11.336533	548.771484	23.035423
0.473158	11.336533	546.919922	20.320480
0.473158	11.336533	545.066406	23.024334
0.473158	11.336533	543.212891	21.664743
0.473158	11.336533	541.357422	32.489292
0.473158	11.336533	539.503906	39.248440
0.473158	11.336533	537.648438	29.767506
0.473158	11.336533	535.792969	35.171307
0.473158	11.336533	533.937500	36.515247
0.473158	11.336533	532.080078	41.914814
0.473158	11.336533	530.224609	58.125893
0.473158	11.336533	528.367188	66.220520
0.473158	11.336533	526.507813	101.333511
0.473158	11.336533	524.650391	172.900833
0.473158	11.336533	522.791016	317.358612
0.473158	11.336533	520.933594	537.354370
0.473158	11.336533	519.074219	479.182922
0.473158	11.336533	517.212891	253.703278
0.473158	11.336533	515.353516	133.566849
0.473158	11.336533	513.492188	105.209099
0.473158	11.336533	511.630859	68.773972
0.473158	11.336533	509.769531	59.320091
0.473158	11.336533	507.906250	52.566486
0.473158	11.336533	506.044922	56.596401
0.473158	11.336533	504.181641	51.193909
0.473158	11.336533	502.318359	48.487789
0.473158	11.336533	500.453125	41.743294
0.473158	11.336533	498.589844	63.272942
0.473158	11.336533	496.724609	49.798588
0.473158	11.336533	494.859375	53.823315
0.473158	11.336533	492.992188	56.500832
0.473158	11.336533	491.126953	64.556786
0.473158	11.336533	489.259766	48.405895
0.473158	11.336533	487.392578	36.295650
0.473158	11.336533	485.525391	43.006680
0.473158	11.336533	483.656250	41.652653
0.473158	11.336533	481.789063	41.642590
0.473158	11.336533	479.919922	36.260590
0.473158	11.336533	478.050781	45.650448
0.473158	11.336533	476.179688	41.612408
0.473158	11.336533	474.310547	41.602348
0.473158	11.336533	472.439453	41.592293
0.473158	11.336533	470.568359	32.192699
0.473158	11.336533	468.695313	25.479725
0.473158	11.336533	466.824219	28.154991
0.473158	11.336533	464.951172	32.169353
0.473158	11.336533	463.078125	25.461245
0.473158	11.336533	461.205078	29.474312
0.473158	11.336533	459.330078	34.824852
0.473158	11.336533	457.457031	32.138241
0.473158	11.336533	455.582031	25.436619
0.473158	11.336533	453.707031	29.445801
0.473158	11.336533	451.830078	34.791161
0.473158	11.336533	449.955078	28.093754
0.473158	11.336533	448.078125	29.424429
0.473158	11.336533	446.201172	28.080158
0.473158	11.336533	444.322266	26.736534
0.473158	11.336533	442.445313	36.085583
0.473158	11.336533	440.566406	26.723591
0.473158	11.336533	438.687500	26.717121
0.473158	11.336533	436.808594	33.388317
0.473158	11.336533	434.927734	25.368975
0.473158	11.336533	433.048828	29.367489
0.473158	11.336533	431.167969	20.018438
0.473158	11.336533	429.285156	21.347830
0.473158	11.336533	427.404297	25.344408
0.473158	11.336533	425.521484	20.003897
0.473158	11.336533	423.638672	17.332510
0.473158	11.336533	421.755859	23.993046
0.473158	11.336533	419.873047	25.319857
0.473158	11.336533	417.988281	30.642925
0.473158	11.336533	416.105469	27.971542
0.473158	11.336533	414.220703	21.306488
0.473158	11.336533	412.333984	21.301323
0.473158	11.336533	410.449219	27.951210
0.473158	11.336533	408.562500	25.283060
0.473158	11.336533	406.675781	29.268026
0.473158	11.336533	404.789063	30.590973
0.473158	11.336533	402.900391	41.221313
0.473158	11.336533	401.013672	58.493488
0.473158	11.336533	399.125000	71.770058
0.473158	11.336533	397.236328	74.410156
0.473158	11.336533	395.345703	70.406822
0.473158	11.336533	393.457031	65.077309
0.473158	11.336533	391.566406	50.455879
0.473158	11.336533	389.675781	67.700676
0.473158	11.336533	387.783203	57.067116
0.473158	11.336533	385.892578	49.092350
0.473158	11.336533	384.000000	42.447948
0.473158	11.336533	382.107422	51.720886
0.473158	11.336533	380.214844	47.730774
0.473158	11.336533	378.320313	53.021324
0.473158	11.336533	376.425781	82.163109
0.473158	11.336533	374.531250	82.143173
0.473158	11.336533	372.636719	58.281006
0.473158	11.336533	370.742188	58.266861
0.473158	11.336533	368.845703	38.393837
0.473158	11.336533	366.949219	48.973354
0.473158	11.336533	365.052734	37.051918
0.473158	11.336533	363.154297	50.272541
0.473158	11.336533	361.257813	52.905621
0.473158	11.336533	359.359375	51.570457
0.473158	11.336533	357.460938	47.591942
0.473158	11.336533	355.560547	44.937031
0.473158	11.336533	353.662109	60.782398
0.473158	11.336533	351.761719	51.520390
0.473158	11.336533	349.861328	52.828594
0.473158	11.336533	347.960938	52.815765
0.473158	11.336533	346.058594	47.522644
0.473158	11.336533	344.156250	46.191349
0.473158	11.336533	342.253906	47.499565
0.473158	11.336533	340.351563	54.083588
0.473158	11.336533	338.449219	38.244953
0.473158	11.336533	336.544922	40.872604
0.473158	11.336533	334.640625	35.590073
0.473158	11.336533	332.736328	40.852753
0.473158	11.336533	330.832031	36.890293
0.473158	11.336533	328.925781	40.832905
0.473158	11.336533	327.019531	34.238632
0.473158	11.336533	325.113281	28.964111
0.473158	11.336533	323.207031	35.538227
0.473158	11.336533	321.298828	34.213680
0.473158	11.336533	319.390625	31.574186
0.473158	11.336533	317.482422	36.827599
0.473158	11.336533	315.574219	22.354181
0.473158	11.336533	313.664063	27.607277
0.473158	11.336533	311.753906	27.600569
0.473158	11.336533	309.843750	28.907854
0.473158	11.336533	307.933594	40.723896
0.473158	11.336533	306.023438	26.267096
0.473158	11.336533	304.111328	24.947676
0.473158	11.336533	302.199219	31.505196
0.473158	11.336533	300.287109	26.247948
0.473158	11.336533	298.373047	36.738197
0.473158	11.336533	296.458984	34.105747
0.473158	11.336533	294.546875	27.540255
0.473158	11.336533	292.630859	32.778046
0.473158	11.336533	290.716797	31.459276
0.473158	11.336533	288.800781	43.245991
0.473158	11.336533	286.884766	44.545643
0.473158	11.336533	284.968750	49.774204
0.473158	11.336533	283.052734	48.452576
0.473158	11.336533	281.134766	61.532906
0.473158	11.336533	279.218750	48.429020
0.473158	11.336533	277.298828	56.268692
0.473158	11.336533	275.380859	57.563271
0.473158	11.336533	273.462891	60.165150
0.473158	11.336533	271.542969	60.150524
0.473158	11.336533	269.623047	73.208923
0.473158	11.336533	267.701172	73.191124
0.473158	11.336533	265.781250	104.533325
0.473158	11.336533	263.859375	175.050751
0.473158	11.336533	261.937500	276.878632
0.473158	11.336533	260.015625	299.008453
0.473158	11.336533	258.093750	275.438599
0.473158	11.336533	256.169922	237.524353
0.473158	11.336533	254.246094	216.590424
0.473158	11.336533	252.322266	447.424408
0.473158	11.336533	250.396484	1546.694824
0.473158	11.336533	248.472656	2033.943726
0.473158	11.336533	246.546875	870.733337
0.473158	11.336533	244.621094	380.527435
0.473158	11.336533	242.693359	234.514664
0.473158	11.336533	240.767578	187.566116
0.473158	11.336533	238.839844	152.360413
0.473158	11.336533	236.912109	130.190918
0.473158	11.336533	234.982422	115.841743
0.473158	11.336533	233.054688	92.390610
0.473158	11.336533	231.125000	74.154709
0.473158	11.336533	229.195313	80.639893
0.473158	11.336533	227.263672	74.118652
0.473158	11.336533	225.333984	75.400642
0.473158	11.336533	223.402344	75.382309
0.473158	11.336533	221.470703	74.064606
0.473158	11.336533	219.539063	74.046600
0.473158	11.336533	217.605469	80.522331
0.473158	11.336533	215.673828	75.309029
0.473158	11.336533	213.740234	70.098259
0.473158	11.336533	211.804688	58.401012
0.473158	11.336533	209.871094	60.981785
0.473158	11.336533	207.935547	54.481113
0.473158	11.336533	206.000000	41.499329
0.473158	11.336533	204.064453	41.489239
0.473158	11.336533	202.128906	34.998035
0.473158	11.336533	200.191406	31.101803
0.473158	11.336533	198.253906	33.685429
0.473158	11.336533	196.316406	28.496128
0.473158	11.336533	194.376953	22.014383
0.473158	11.336533	192.439453	18.125086
0.473158	11.336533	190.500000	18.120680
0.473158	11.336533	188.560547	21.998335
0.473158	11.336533	186.619141	25.874104
0.473158	11.336533	184.679688	27.161205
0.473158	11.336533	182.738281	23.275375
0.473158	11.336533	180.796875	20.684195
0.473158	11.336533	178.855469	23.264063
0.473158	11.336533	176.912109	24.550545
0.473158	11.336533	174.968750	21.960938
0.473158	11.336533	173.025391	19.372589
0.473158	11.336533	171.082031	25.823843
0.473158	11.336533	169.136719	16.781420
0.473158	11.336533	167.193359	23.230165
0.473158	11.336533	165.246094	32.256283
0.473158	11.336533	163.300781	24.508818
0.473158	11.336533	161.355469	25.792488
0.473158	11.336533	159.408203	29.654156
0.473158	11.336533	157.460938	25.779959
0.473158	11.336533	155.513672	36.083176
0.473158	11.336533	153.564453	33.497665
0.473158	11.336533	151.617188	36.065647
0.473158	11.336533	149.667969	37.344635
0.473158	11.336533	147.716797	37.335564
0.473158	11.336533	145.767578	36.039375
0.473158	11.336533	143.816406	46.325089
0.473158	11.336533	141.865234	54.032810
0.473158	11.336533	139.914063	52.733509
0.473158	11.336533	137.962891	63.007671
0.473158	11.336533	136.009766	66.849045
0.473158	11.336533	134.056641	61.691830
0.473158	11.336533	132.103516	48.827511
0.473158	11.336533	130.150391	52.669525
0.473158	11.336533	128.195313	51.372429
0.473158	11.336533	126.240234	44.939964
0.473158	11.336533	124.285156	47.496429
0.473158	11.336533	122.330078	53.901779
0.473158	11.336533	120.373047	42.341122
0.473158	11.336533	118.416016	48.744610
0.473158	11.336533	116.458984	50.015224
0.473158	11.336533	114.501953	55.131611
0.473158	11.336533	112.542969	48.709137
0.473158	11.336533	110.583984	34.600727
0.473158	11.336533	108.625000	33.311134
0.473158	11.336533	106.666016	24.336847
0.473158	11.336533	104.705078	15.366912
0.473158	11.336533	102.746094	11.522388
0.473158	11.336533	100.785156	10.239639
0.473158	11.336533	98.822266	5.118578
0.473158	11.336533	96.861328	3.838002
0.473158	11.336533	94.898438	2.558048
0.473158	11.336533	92.935547	0.000000
0.473158	11.336533	90.972656	1.278404
0.473158	11.336533	89.007813	2.556188
0.473158	11.336533	87.044922	1.277784
0.473158	11.336533	85.080078	0.000000
0.473158	11.336533	83.113281	3.831494
0.473158	11.336533	81.148438	-1.276855
0.473158	11.336533	79.181641	3.829637
0.473158	11.336533	77.214844	3.828709
0.473158	11.336533	75.248047	0.000000
0.473158	11.336533	73.281250	0.000000
0.473158	11.336533	71.312500	1.275309
0.473158	11.336533	69.343750	0.000000
0.473158	11.336533	67.375000	1.274691
0.473158	11.336533	65.404297	0.000000
0.473158	11.336533	63.435547	0.000000
0.473158	11.336533	61.464844	0.000000
0.473158	11.336533	59.494141	1.273457
4.473158	11.336533	1838.757813	19.286112
4.473158	11.336533	1837.195313	16.071758
4.473158	11.336533	1835.632813	20.888842
4.473158	11.336533	1834.070313	20.884396
4.473158	11.336533	1832.507813	25.698402
4.473158	11.336533	1830.945313	16.058084
4.473158	11.336533	1829.382813	27.292933
4.473158	11.336533	1827.818359	12.841000
4.473158	11.336533	1826.253906	19.257401
4.473158	11.336533	1824.689453	22.462187
4.473158	11.336533	1823.125000	22.457405
4.473158	11.336533	1821.560547	20.848867
4.473158	11.336533	1819.994141	22.447847
4.473158	11.336533	1818.429688	12.824612
4.473158	11.336533	1816.863281	22.438293
4.473158	11.336533	1815.296875	8.011971
4.473158	11.336533	1813.730469	22.428741
4.473158	11.336533	1812.162109	25.627392
4.473158	11.336533	1810.595703	19.216454
4.473158	11.336533	1809.027344	22.414423
4.473158	11.336533	1807.458984	20.808962
4.473158	11.336533	1805.890625	9.602092
4.473158	11.336533	1804.322266	19.200094
4.473158	11.336533	1802.753906	14.397005
4.473158	11.336533	1801.183594	14.393940
4.473158	11.336533	1799.613281	15.989861
4.473158	11.336533	1798.042969	17.585102
4.473158	11.336533	1796.472656	15.983052
4.473158	11.336533	1794.902344	15.979649
4.473158	11.336533	1793.332031	11.183372
4.473158	11.336533	1791.759766	15.972844
4.473158	11.336533	1790.187500	14.372498
4.473158	11.336533	1788.617188	17.562645
4.473158	11.336533	1787.044922	17.558905
4.473158	11.336533	1785.470703	14.363317
4.473158	11.336533	1783.898438	22.338179
4.473158	11.336533	1782.324219	9.571465
4.473158	11.336533	1780.750000	12.759235
4.473158	11.336533	1779.177734	12.756517
4.473158	11.336533	1777.601563	14.348024
4.473158	11.336533	1776.027344	17.532738
4.473158	11.336533	1774.453125	20.716093
4.473158	11.336533	1772.876953	20.711679
4.473158	11.336533	1771.300781	15.928666
4.473158	11.336533	1769.724609	23.887909
4.473158	11.336533	1768.148438	15.921878
4.473158	11.336533	1766.572266	20.694031
4.473158	11.336533	1764.994141	17.506601
4.473158	11.336533	1763.417969	14.320530
4.473158	11.336533	1761.839844	20.680801
4.473158	11.336533	1760.261719	22.266884
4.473158	11.336533	1758.683594	23.852289
4.473158	11.336533	1757.103516	15.898136
4.473158	11.336533	1755.525391	19.073696
4.473158	11.336533	1753.945313	17.480494
4.473158	11.336533	1752.365234	20.654360
4.473158	11.336533	1750.785156	23.826872
4.473158	11.336533	1749.205078	17.469313
4.473158	11.336533	1747.625000	22.228930
4.473158	11.336533	1746.042969	20.636747
4.473158	11.336533	1744.460938	19.045240
4.473158	11.336533	1742.878906	14.280884
4.473158	11.336533	1741.296875	17.450689
4.473158	11.336533	1739.714844	20.619143
4.473158	11.336533	1738.132813	17.443245
4.473158	11.336533	1736.548828	22.195757
4.473158	11.336533	1734.964844	22.191021
4.473158	11.336533	1733.380859	22.186285
4.473158	11.336533	1731.796875	25.350342
4.473158	11.336533	1730.212891	22.176815
4.473158	11.336533	1728.628906	23.755802
4.473158	11.336533	1727.042969	17.417202
4.473158	11.336533	1725.457031	25.328705
4.473158	11.336533	1723.871094	26.906004
4.473158	11.336533	1722.285156	28.482626
4.473158	11.336533	1720.699219	18.984364
4.473158	11.336533	1719.111328	18.980309
4.473158	11.336533	1717.525391	25.301674
4.473158	11.336533	1715.937500	17.391186
4.473158	11.336533	1714.349609	22.129509
4.473158	11.336533	1712.759766	14.223074
4.473158	11.336533	1711.171875	20.540051
4.473158	11.336533	1709.583984	20.535664
4.473158	11.336533	1707.994141	17.372618
4.473158	11.336533	1706.404297	20.526888
4.473158	11.336533	1704.814453	12.629231
4.473158	11.336533	1703.224609	23.674749
4.473158	11.336533	1701.632813	12.623834
4.473158	11.336533	1700.042969	18.931704
4.473158	11.336533	1698.451172	20.504961
4.473158	11.336533	1696.859375	12.615740
4.473158	11.336533	1695.267578	17.342934
4.473158	11.336533	1693.675781	23.644398
4.473158	11.336533	1692.082031	15.759561
4.473158	11.336533	1690.490234	15.756190
4.473158	11.336533	1688.896484	23.629230
4.473158	11.336533	1687.302734	18.899340
4.473158	11.336533	1685.708984	20.469906
4.473158	11.336533	1684.113281	18.891254
4.473158	11.336533	1682.519531	22.035082
4.473158	11.336533	1680.923828	18.883171
4.473158	11.336533	1679.328125	22.025652
4.473158	11.336533	1677.732422	22.020937
4.473158	11.336533	1676.136719	18.871048
4.473158	11.336533	1674.541016	22.011511
4.473158	11.336533	1672.943359	25.150625
4.473158	11.336533	1671.345703	14.144198
4.473158	11.336533	1669.748047	17.283651
4.473158	11.336533	1668.150391	25.134472
4.473158	11.336533	1666.552734	23.558521
4.473158	11.336533	1664.955078	21.983244
4.473158	11.336533	1663.355469	15.698953
4.473158	11.336533	1661.755859	28.252060
4.473158	11.336533	1660.156250	18.830671
4.473158	11.336533	1658.556641	18.826635
4.473158	11.336533	1656.957031	20.391151
4.473158	11.336533	1655.355469	29.796064
4.473158	11.336533	1653.755859	23.518166
4.473158	11.336533	1652.154297	10.972792
4.473158	11.336533	1650.552734	17.239262
4.473158	11.336533	1648.951172	23.503042
4.473158	11.336533	1647.347656	28.197603
4.473158	11.336533	1645.746094	18.794371
4.473158	11.336533	1644.142578	18.790339
4.473158	11.336533	1642.539063	12.524205
4.473158	11.336533	1640.935547	23.477846
4.473158	11.336533	1639.332031	12.518831
4.473158	11.336533	1637.728516	23.467772
4.473158	11.336533	1636.123047	17.206005
4.473158	11.336533	1634.517578	18.766159
4.473158	11.336533	1632.912109	17.198620
4.473158	11.336533	1631.306641	23.447628
4.473158	11.336533	1629.701172	15.628395
4.473158	11.336533	1628.093750	9.375024
4.473158	11.336533	1626.488281	20.308187
4.473158	11.336533	1624.880859	20.303825
4.473158	11.336533	1623.273438	18.737967
4.473158	11.336533	1621.666016	15.611618
4.473158	11.336533	1620.056641	14.047437
4.473158	11.336533	1618.449219	21.846872
4.473158	11.336533	1616.839844	18.721867
4.473158	11.336533	1615.230469	17.158022
4.473158	11.336533	1613.621094	20.273302
4.473158	11.336533	1612.011719	12.473196
4.473158	11.336533	1610.400391	21.823399
4.473158	11.336533	1608.791016	23.377186
4.473158	11.336533	1607.179688	20.255869
4.473158	11.336533	1605.568359	21.809320
4.473158	11.336533	1603.957031	15.574735
4.473158	11.336533	1602.345703	20.242798
4.473158	11.336533	1600.732422	23.352049
4.473158	11.336533	1599.121094	17.121149
4.473158	11.336533	1597.507813	18.673597
4.473158	11.336533	1595.894531	15.557981
4.473158	11.336533	1594.281250	23.331947
4.473158	11.336533	1592.666016	15.551282
4.473158	11.336533	1591.052734	20.212313
4.473158	11.336533	1589.437500	18.653502
4.473158	11.336533	1587.822266	32.636593
4.473158	11.336533	1586.207031	24.860619
4.473158	11.336533	1584.591797	23.301807
4.473158	11.336533	1582.974609	17.084311
4.473158	11.336533	1581.359375	13.975060
4.473158	11.336533	1579.742188	18.629395
4.473158	11.336533	1578.125000	15.521149
4.473158	11.336533	1576.507813	21.724924
4.473158	11.336533	1574.888672	15.514456
4.473158	11.336533	1573.271484	21.715553
4.473158	11.336533	1571.652344	15.507764
4.473158	11.336533	1570.033203	17.054859
4.473158	11.336533	1568.414063	17.051180
4.473158	11.336533	1566.794922	20.147045
4.473158	11.336533	1565.173828	27.889889
4.473158	11.336533	1563.554688	12.392830
4.473158	11.336533	1561.933594	21.682770
4.473158	11.336533	1560.312500	17.032784
4.473158	11.336533	1558.691406	15.481005
4.473158	11.336533	1557.070313	18.573193
4.473158	11.336533	1555.447266	15.474318
4.473158	11.336533	1553.826172	17.018072
4.473158	11.336533	1552.203125	23.201447
4.473158	11.336533	1550.580078	18.557146
4.473158	11.336533	1548.955078	12.368756
4.473158	11.336533	1547.332031	15.457603
4.473158	11.336533	1545.708984	18.545113
4.473158	11.336533	1544.083984	26.266563
4.473158	11.336533	1542.458984	23.171366
4.473158	11.336533	1540.833984	26.255201
4.473158	11.336533	1539.207031	21.617252
4.473158	11.336533	1537.582031	13.893799
4.473158	11.336533	1535.955078	13.890792
4.473158	11.336533	1534.330078	20.060135
4.473158	11.336533	1532.703125	20.055792
4.473158	11.336533	1531.074219	20.051449
4.473158	11.336533	1529.447266	21.589193
4.473158	11.336533	1527.818359	18.501015
4.473158	11.336533	1526.191406	20.038425
4.473158	11.336533	1524.562500	29.280584
4.473158	11.336533	1522.933594	18.488993
4.473158	11.336533	1521.302734	24.646648
4.473158	11.336533	1519.673828	23.101225
4.473158	11.336533	1518.042969	20.016722
4.473158	11.336533	1516.414063	20.012383
4.473158	11.336533	1514.783203	23.086203
4.473158	11.336533	1513.150391	13.848718
4.473158	11.336533	1511.519531	23.076189
4.473158	11.336533	1509.888672	23.071184
4.473158	11.336533	1508.255859	10.764216
4.473158	11.336533	1506.623047	13.836703
4.473158	11.336533	1504.990234	19.982012
4.473158	11.336533	1503.357422	24.587906
4.473158	11.336533	1501.722656	18.436926
4.473158	11.336533	1500.089844	27.649382
4.473158	11.336533	1498.455078	16.893175
4.473158	11.336533	1496.820313	9.212458
4.473158	11.336533	1495.185547	21.491064
4.473158	11.336533	1493.548828	19.951651
4.473158	11.336533	1491.914063	16.878498
4.473158	11.336533	1490.277344	16.874828
4.473158	11.336533	1488.640625	19.938644
4.473158	11.336533	1487.003906	27.601351
4.473158	11.336533	1485.367188	16.863823
4.473158	11.336533	1483.728516	16.860155
4.473158	11.336533	1482.091797	19.921303
4.473158	11.336533	1480.453125	18.384895
4.473158	11.336533	1478.814453	16.849152
4.473158	11.336533	1477.175781	16.845486
4.473158	11.336533	1475.535156	18.372892
4.473158	11.336533	1473.896484	16.838150
4.473158	11.336533	1472.255859	16.834484
4.473158	11.336533	1470.615234	12.240595
4.473158	11.336533	1468.974609	16.827150
4.473158	11.336533	1467.333984	13.764669
4.473158	11.336533	1465.691406	12.232595
4.473158	11.336533	1464.050781	19.873634
4.473158	11.336533	1462.408203	22.926119
4.473158	11.336533	1460.765625	13.752672
4.473158	11.336533	1459.123047	10.694190
4.473158	11.336533	1457.478516	19.856308
4.473158	11.336533	1455.835938	21.379051
4.473158	11.336533	1454.191406	19.847645
4.473158	11.336533	1452.546875	18.316904
4.473158	11.336533	1450.902344	25.943285
4.473158	11.336533	1449.257813	16.783167
4.473158	11.336533	1447.611328	16.779503
4.473158	11.336533	1445.966797	12.200609
4.473158	11.336533	1444.320313	16.772175
4.473158	11.336533	1442.673828	16.768511
4.473158	11.336533	1441.025391	18.288923
4.473158	11.336533	1439.378906	22.856159
4.473158	11.336533	1437.730469	27.421396
4.473158	11.336533	1436.083984	18.276934
4.473158	11.336533	1434.435547	18.272938
4.473158	11.336533	1432.787109	18.268942
4.473158	11.336533	1431.136719	10.654552
4.473158	11.336533	1429.488281	21.304443
4.473158	11.336533	1427.837891	18.256956
4.473158	11.336533	1426.187500	16.731880
4.473158	11.336533	1424.537109	22.811205
4.473158	11.336533	1422.886719	18.244970
4.473158	11.336533	1421.234375	25.841381
4.473158	11.336533	1419.583984	13.677735
4.473158	11.336533	1417.931641	22.791231
4.473158	11.336533	1416.279297	19.748074
4.473158	11.336533	1414.626953	12.149998
4.473158	11.336533	1412.974609	13.665751
4.473158	11.336533	1411.320313	18.217009
4.473158	11.336533	1409.666016	18.213015
4.473158	11.336533	1408.011719	16.691603
4.473158	11.336533	1406.357422	25.790455
4.473158	11.336533	1404.703125	19.717787
4.473158	11.336533	1403.048828	21.229879
4.473158	11.336533	1401.392578	19.709133
4.473158	11.336533	1399.736328	15.157544
4.473158	11.336533	1398.080078	21.215904
4.473158	11.336533	1396.423828	19.696157
4.473158	11.336533	1394.765625	10.603293
4.473158	11.336533	1393.109375	24.230776
4.473158	11.336533	1391.451172	24.225452
4.473158	11.336533	1389.792969	24.220131
4.473158	11.336533	1388.134766	15.134254
4.473158	11.336533	1386.476563	24.209484
4.473158	11.336533	1384.816406	21.178642
4.473158	11.336533	1383.156250	16.636702
4.473158	11.336533	1381.496094	19.657232
4.473158	11.336533	1379.835938	18.141146
4.473158	11.336533	1378.175781	22.671442
4.473158	11.336533	1376.515625	10.577679
4.473158	11.336533	1374.853516	15.107643
4.473158	11.336533	1373.191406	12.083453
4.473158	11.336533	1371.529297	13.590892
4.473158	11.336533	1369.867188	16.607431
4.473158	11.336533	1368.205078	15.094339
4.473158	11.336533	1366.541016	18.109217
4.473158	11.336533	1364.876953	15.087688
4.473158	11.336533	1363.212891	16.592800
4.473158	11.336533	1361.548828	16.589142
4.473158	11.336533	1359.884766	18.093254
4.473158	11.336533	1358.218750	13.566949
4.473158	11.336533	1356.554688	21.099487
4.473158	11.336533	1354.888672	16.574511
4.473158	11.336533	1353.222656	24.103060
4.473158	11.336533	1351.554688	19.579414
4.473158	11.336533	1349.888672	13.551987
4.473158	11.336533	1348.220703	18.065325
4.473158	11.336533	1346.552734	24.081781
4.473158	11.336533	1344.884766	18.057346
4.473158	11.336533	1343.216797	19.557804
4.473158	11.336533	1341.548828	19.553482
4.473158	11.336533	1339.878906	19.549160
4.473158	11.336533	1338.208984	18.041389
4.473158	11.336533	1336.539063	27.056101
4.473158	11.336533	1334.869141	16.530628
4.473158	11.336533	1333.199219	19.531876
4.473158	11.336533	1331.527344	19.527554
4.473158	11.336533	1329.857422	16.519659
4.473158	11.336533	1328.185547	24.023277
4.473158	11.336533	1326.513672	18.013470
4.473158	11.336533	1324.839844	13.507111
4.473158	11.336533	1323.167969	16.505035
4.473158	11.336533	1321.494141	24.002005
4.473158	11.336533	1319.820313	16.497723
4.473158	11.336533	1318.146484	11.995686
4.473158	11.336533	1316.472656	16.490412
4.473158	11.336533	1314.798828	5.995184
4.473158	11.336533	1313.123047	16.483101
4.473158	11.336533	1311.447266	17.977577
4.473158	11.336533	1309.771484	13.480192
4.473158	11.336533	1308.095703	25.456936
4.473158	11.336533	1306.419922	20.959883
4.473158	11.336533	1304.742188	22.452034
4.473158	11.336533	1303.064453	26.936459
4.473158	11.336533	1301.386719	16.457514
4.473158	11.336533	1299.708984	14.958055
4.473158	11.336533	1298.031250	14.954732
4.473158	11.336533	1296.351563	10.465986
4.473158	11.336533	1294.671875	17.937704
4.473158	11.336533	1292.994141	13.450288
4.473158	11.336533	1291.312500	13.447298
4.473158	11.336533	1289.632813	16.431932
4.473158	11.336533	1287.953125	16.428278
4.473158	11.336533	1286.271484	20.904066
4.473158	11.336533	1284.589844	17.913784
4.473158	11.336533	1282.908203	17.909798
4.473158	11.336533	1281.226563	19.397963
4.473158	11.336533	1279.542969	17.901825
4.473158	11.336533	1277.861328	20.880812
4.473158	11.336533	1276.177734	19.385006
4.473158	11.336533	1274.494141	17.889866
4.473158	11.336533	1272.810547	22.357349
4.473158	11.336533	1271.125000	14.901579
4.473158	11.336533	1269.441406	22.347385
4.473158	11.336533	1267.755859	14.894936
4.473158	11.336533	1266.070313	17.869936
4.473158	11.336533	1264.384766	19.354780
4.473158	11.336533	1262.697266	7.442485
4.473158	11.336533	1261.011719	14.881650
4.473158	11.336533	1259.324219	20.829660
4.473158	11.336533	1257.636719	23.800011
4.473158	11.336533	1255.949219	13.384518
4.473158	11.336533	1254.261719	13.381528
4.473158	11.336533	1252.572266	20.811062
4.473158	11.336533	1250.882813	25.264929
4.473158	11.336533	1249.193359	14.858401
4.473158	11.336533	1247.503906	19.311605
4.473158	11.336533	1245.814453	17.822111
4.473158	11.336533	1244.125000	22.272659
4.473158	11.336533	1242.433594	25.236700
4.473158	11.336533	1240.742188	14.841797
4.473158	11.336533	1239.050781	14.838476
4.473158	11.336533	1237.359375	14.835155
4.473158	11.336533	1235.666016	17.798203
4.473158	11.336533	1233.974609	19.277069
4.473158	11.336533	1232.281250	17.790234
4.473158	11.336533	1230.587891	19.268436
4.473158	11.336533	1228.892578	22.227829
4.473158	11.336533	1227.199219	16.296757
4.473158	11.336533	1225.503906	16.293104
4.473158	11.336533	1223.810547	13.327733
4.473158	11.336533	1222.115234	14.805272
4.473158	11.336533	1220.417969	17.762342
4.473158	11.336533	1218.722656	22.197947
4.473158	11.336533	1217.025391	20.713436
4.473158	11.336533	1215.330078	11.833593
4.473158	11.336533	1213.632813	11.830937
4.473158	11.336533	1211.933594	10.349746
4.473158	11.336533	1210.236328	17.738438
4.473158	11.336533	1208.537109	14.778711
4.473158	11.336533	1206.839844	14.775392
4.473158	11.336533	1205.140625	19.203693
4.473158	11.336533	1203.439453	17.722502
4.473158	11.336533	1201.740234	13.288889
4.473158	11.336533	1200.041016	17.714535
4.473158	11.336533	1198.339844	19.186430
4.473158	11.336533	1196.638672	14.755473
4.473158	11.336533	1194.937500	14.752153
4.473158	11.336533	1193.234375	20.648367
4.473158	11.336533	1191.533203	17.694616
4.473158	11.336533	1189.830078	10.319536
4.473158	11.336533	1188.126953	20.634426
4.473158	11.336533	1186.423828	20.629778
4.473158	11.336533	1184.720703	10.312566
4.473158	11.336533	1183.015625	14.728917
4.473158	11.336533	1181.312500	17.670717
4.473158	11.336533	1179.607422	19.138962
4.473158	11.336533	1177.902344	16.190855
4.473158	11.336533	1176.195313	14.715640
4.473158	11.336533	1174.490234	19.126017
4.473158	11.336533	1172.783203	17.650803
4.473158	11.336533	1171.076172	11.764546
4.473158	11.336533	1169.369141	19.113073
4.473158	11.336533	1167.662109	19.108759
4.473158	11.336533	1165.953125	13.226153
4.473158	11.336533	1164.246094	17.630888
4.473158	11.336533	1162.537109	20.564724
4.473158	11.336533	1160.828125	16.154346
4.473158	11.336533	1159.117188	14.682450
4.473158	11.336533	1157.408203	14.679132
4.473158	11.336533	1155.697266	17.610975
4.473158	11.336533	1153.986328	20.541492
4.473158	11.336533	1152.275391	22.003763
4.473158	11.336533	1150.564453	13.199272
4.473158	11.336533	1148.853516	14.662539
4.473158	11.336533	1147.140625	17.591064
4.473158	11.336533	1145.427734	14.655902
4.473158	11.336533	1143.714844	20.513617
4.473158	11.336533	1142.001953	19.044044
4.473158	11.336533	1140.287109	24.898109
4.473158	11.336533	1138.574219	19.035418
4.473158	11.336533	1136.859375	23.422897
4.473158	11.336533	1135.144531	13.172393
4.473158	11.336533	1133.427734	13.169407
4.473158	11.336533	1131.712891	21.944035
4.473158	11.336533	1129.996094	16.088642
4.473158	11.336533	1128.279297	13.160448
4.473158	11.336533	1126.562500	13.157461
4.473158	11.336533	1124.845703	20.462517
4.473158	11.336533	1123.128906	18.996595
4.473158	11.336533	1121.410156	14.609447
4.473158	11.336533	1119.691406	17.527355
4.473158	11.336533	1117.972656	16.063093
4.473158	11.336533	1116.253906	10.219646
4.473158	11.336533	1114.533203	20.434647
4.473158	11.336533	1112.814453	23.348574
4.473158	11.336533	1111.093750	11.671633
4.473158	11.336533	1109.373047	23.337957
4.473158	11.336533	1107.652344	16.041197
4.473158	11.336533	1105.929688	13.121630
4.473158	11.336533	1104.208984	14.576271
4.473158	11.336533	1102.486328	11.658363
4.473158	11.336533	1100.763672	16.026600
4.473158	11.336533	1099.039063	16.022951
4.473158	11.336533	1097.316406	18.931902
4.473158	11.336533	1095.591797	20.383558
4.473158	11.336533	1093.867188	18.923277
4.473158	11.336533	1092.142578	23.284880
4.473158	11.336533	1090.417969	18.914654
4.473158	11.336533	1088.693359	11.637133
4.473158	11.336533	1086.966797	17.451719
4.473158	11.336533	1085.240234	23.263651
4.473158	11.336533	1083.513672	14.536466
4.473158	11.336533	1081.787109	20.346407
4.473158	11.336533	1080.058594	18.888781
4.473158	11.336533	1078.332031	18.884470
4.473158	11.336533	1076.603516	23.237116
4.473158	11.336533	1074.875000	7.259941
4.473158	11.336533	1073.144531	18.871534
4.473158	11.336533	1071.416016	17.415897
4.473158	11.336533	1069.685547	17.411919
4.473158	11.336533	1067.955078	18.858599
4.473158	11.336533	1066.224609	17.403957
4.473158	11.336533	1064.494141	13.049984
4.473158	11.336533	1062.763672	18.845665
4.473158	11.336533	1061.031250	14.493350
4.473158	11.336533	1059.298828	18.837044
4.473158	11.336533	1057.566406	20.281404
4.473158	11.336533	1055.832031	24.621782
4.473158	11.336533	1054.099609	17.376102
4.473158	11.336533	1052.365234	20.267477
4.473158	11.336533	1050.630859	14.473453
4.473158	11.336533	1048.896484	15.917150
4.473158	11.336533	1047.162109	18.806868
4.473158	11.336533	1045.425781	11.570805
4.473158	11.336533	1043.691406	11.568151
4.473158	11.336533	1041.955078	14.456874
4.473158	11.336533	1040.218750	18.789625
4.473158	11.336533	1038.480469	20.230339
4.473158	11.336533	1036.744141	15.891620
4.473158	11.336533	1035.005859	17.332335
4.473158	11.336533	1033.267578	20.216415
4.473158	11.336533	1031.529297	20.211773
4.473158	11.336533	1029.789063	18.763765
4.473158	11.336533	1028.050781	21.645525
4.473158	11.336533	1026.310547	17.312443
4.473158	11.336533	1024.570313	12.981348
4.473158	11.336533	1022.830078	17.304485
4.473158	11.336533	1021.089844	17.300508
4.473158	11.336533	1019.347656	15.855153
4.473158	11.336533	1017.605469	23.056736
4.473158	11.336533	1015.863281	30.255005
4.473158	11.336533	1014.121094	28.807661
4.473158	11.336533	1012.378906	15.840568
4.473158	11.336533	1010.634766	25.914963
4.473158	11.336533	1008.890625	21.590830
4.473158	11.336533	1007.146484	21.585859
4.473158	11.336533	1005.402344	28.774517
4.473158	11.336533	1003.656250	17.260733
4.473158	11.336533	1001.912109	28.761259
4.473158	11.336533	1000.166016	23.003704
4.473158	11.336533	998.419922	24.435802
4.473158	11.336533	996.673828	24.430168
4.473158	11.336533	994.925781	22.987797
4.473158	11.336533	993.177734	22.982494
4.473158	11.336533	991.431641	31.593639
4.473158	11.336533	989.681641	28.714863
4.473158	11.336533	987.933594	31.579060
4.473158	11.336533	986.185547	31.571770
4.473158	11.336533	984.435547	35.868725
4.473158	11.336533	982.685547	34.426025
4.473158	11.336533	980.935547	28.681728
4.473158	11.336533	979.185547	34.410122
4.473158	11.336533	977.433594	31.535322
4.473158	11.336533	975.681641	32.961124
4.473158	11.336533	973.929688	35.819027
4.473158	11.336533	972.177734	22.918877
4.473158	11.336533	970.425781	31.506166
4.473158	11.336533	968.671875	30.067112
4.473158	11.336533	966.917969	27.197283
4.473158	11.336533	965.164063	38.639828
4.473158	11.336533	963.410156	34.338562
4.473158	11.336533	961.656250	27.178400
4.473158	11.336533	959.900391	30.032330
4.473158	11.336533	958.144531	35.744492
4.473158	11.336533	956.388672	31.447866
4.473158	11.336533	954.632813	37.157047
4.473158	11.336533	952.876953	37.148438
4.473158	11.336533	951.119141	32.854462
4.473158	11.336533	949.361328	24.278101
4.473158	11.336533	947.603516	28.555849
4.473158	11.336533	945.845703	28.549225
4.473158	11.336533	944.085938	34.251122
4.473158	11.336533	942.328125	29.962778
4.473158	11.336533	940.568359	34.235226
4.473158	11.336533	938.808594	34.227280
4.473158	11.336533	937.046875	17.109667
4.473158	11.336533	935.287109	22.807590
4.473158	11.336533	933.525391	15.676577
4.473158	11.336533	931.763672	25.646620
4.473158	11.336533	930.001953	24.216179
4.473158	11.336533	928.240234	19.938101
4.473158	11.336533	926.476563	22.781103
4.473158	11.336533	924.712891	15.658367
4.473158	11.336533	922.949219	22.770510
4.473158	11.336533	921.185547	17.073910
4.473158	11.336533	919.419922	22.759916
4.473158	11.336533	917.656250	18.488129
4.473158	11.336533	915.890625	24.171158
4.473158	11.336533	914.125000	15.636519
4.473158	11.336533	912.359375	18.475222
4.473158	11.336533	910.591797	21.312597
4.473158	11.336533	908.824219	18.466616
4.473158	11.336533	907.058594	17.042135
4.473158	11.336533	905.289063	21.297705
4.473158	11.336533	903.521484	21.292742
4.473158	11.336533	901.753906	28.383703
4.473158	11.336533	899.984375	25.539377
4.473158	11.336533	898.214844	19.859327
4.473158	11.336533	896.445313	22.691080
4.473158	11.336533	894.673828	18.432201
4.473158	11.336533	892.904297	18.427900
4.473158	11.336533	891.132813	18.423599
4.473158	11.336533	889.361328	26.920511
4.473158	11.336533	887.589844	22.664612
4.473158	11.336533	885.816406	18.410696
4.473158	11.336533	884.044922	15.574642
4.473158	11.336533	882.271484	18.402096
4.473158	11.336533	880.498047	15.567366
4.473158	11.336533	878.722656	21.223265
4.473158	11.336533	876.949219	21.218304
4.473158	11.336533	875.173828	26.870234
4.473158	11.336533	873.398438	28.277842
4.473158	11.336533	871.623047	22.616982
4.473158	11.336533	869.847656	21.198460
4.473158	11.336533	868.070313	25.432199
4.473158	11.336533	866.292969	14.125693
4.473158	11.336533	864.515625	15.534625
4.473158	11.336533	862.738281	18.354803
4.473158	11.336533	860.960938	21.173660
4.473158	11.336533	859.181641	21.168701
4.473158	11.336533	857.402344	18.341909
4.473158	11.336533	855.623047	26.801125
4.473158	11.336533	853.843750	15.512805
4.473158	11.336533	852.064453	19.738941
4.473158	11.336533	850.283203	12.686345
4.473158	11.336533	848.501953	19.729687
4.473158	11.336533	846.720703	18.316126
4.473158	11.336533	844.939453	15.494625
4.473158	11.336533	843.156250	23.940620
4.473158	11.336533	841.373047	26.750885
4.473158	11.336533	839.589844	16.891331
4.473158	11.336533	837.806641	21.109207
4.473158	11.336533	836.023438	21.104250
4.473158	11.336533	834.238281	15.472816
4.473158	11.336533	832.453125	21.094337
4.473158	11.336533	830.667969	22.495340
4.473158	11.336533	828.882813	18.273170
4.473158	11.336533	827.095703	15.458279
4.473158	11.336533	825.310547	12.644710
4.473158	11.336533	823.523438	18.260286
4.473158	11.336533	821.736328	18.255993
4.473158	11.336533	819.947266	25.271584
4.473158	11.336533	818.160156	15.440112
4.473158	11.336533	816.371094	26.663010
4.473158	11.336533	814.582031	21.044790
4.473158	11.336533	812.792969	15.429214
4.473158	11.336533	811.001953	21.034885
4.473158	11.336533	809.212891	19.627937
4.473158	11.336533	807.421875	18.221649
4.473158	11.336533	805.630859	18.217358
4.473158	11.336533	803.839844	16.812059
4.473158	11.336533	802.046875	19.609447
4.473158	11.336533	800.253906	18.204483
4.473158	11.336533	798.460938	22.400236
4.473158	11.336533	796.667969	18.195900
4.473158	11.336533	794.875000	22.389673
4.473158	11.336533	793.080078	15.389270
4.473158	11.336533	791.285156	19.581724
4.473158	11.336533	789.490234	16.780375
4.473158	11.336533	787.695313	20.970518
4.473158	11.336533	785.900391	15.374751
4.473158	11.336533	784.103516	16.768496
4.473158	11.336533	782.306641	20.955671
4.473158	11.336533	780.509766	19.554008
4.473158	11.336533	778.712891	26.531315
4.473158	11.336533	776.914063	23.732937
4.473158	11.336533	775.115234	13.957253
4.473158	11.336533	773.318359	18.140141
4.473158	11.336533	771.517578	22.321051
4.473158	11.336533	769.718750	23.710510
4.473158	11.336533	767.917969	23.704905
4.473158	11.336533	766.117188	19.517069
4.473158	11.336533	764.316406	22.299948
4.473158	11.336533	762.515625	16.721004
4.473158	11.336533	760.714844	27.861746
4.473158	11.336533	758.912109	23.676880
4.473158	11.336533	757.109375	22.278849
4.473158	11.336533	755.306641	25.057772
4.473158	11.336533	753.501953	23.660069
4.473158	11.336533	751.699219	16.697271
4.473158	11.336533	749.894531	22.257755
4.473158	11.336533	748.089844	26.424822
4.473158	11.336533	746.285156	19.466309
4.473158	11.336533	744.478516	18.071575
4.473158	11.336533	742.673828	22.236666
4.473158	11.336533	740.867188	20.841932
4.473158	11.336533	739.060547	23.615257
4.473158	11.336533	737.251953	22.220854
4.473158	11.336533	735.445313	24.992533
4.473158	11.336533	733.636719	24.986605
4.473158	11.336533	731.828125	18.041599
4.473158	11.336533	730.019531	27.749720
4.473158	11.336533	728.208984	20.807350
4.473158	11.336533	726.400391	13.868275
4.473158	11.336533	724.589844	22.183971
4.473158	11.336533	722.779297	27.723381
4.473158	11.336533	720.966797	27.716797
4.473158	11.336533	719.156250	20.782660
4.473158	11.336533	717.343750	18.007360
4.473158	11.336533	715.531250	18.003080
4.473158	11.336533	713.718750	17.998802
4.473158	11.336533	711.904297	23.531301
4.473158	11.336533	710.091797	22.141844
4.473158	11.336533	708.277344	24.903650
4.473158	11.336533	706.462891	19.364901
4.473158	11.336533	704.646484	22.126051
4.473158	11.336533	702.832031	23.503338
4.473158	11.336533	701.015625	9.675542
4.473158	11.336533	699.199219	13.818914
4.473158	11.336533	697.382813	13.815625
4.473158	11.336533	695.566406	16.574804
4.473158	11.336533	693.748047	16.570858
4.473158	11.336533	691.929688	17.947489
4.473158	11.336533	690.111328	12.422226
4.473158	11.336533	688.292969	24.838535
4.473158	11.336533	686.472656	19.314259
4.473158	11.336533	684.652344	26.205963
4.473158	11.336533	682.832031	24.820786
4.473158	11.336533	681.011719	17.921850
4.473158	11.336533	679.191406	20.674129
4.473158	11.336533	677.369141	20.669201
4.473158	11.336533	675.546875	23.419510
4.473158	11.336533	673.724609	24.791214
4.473158	11.336533	671.902344	17.900496
4.473158	11.336533	670.078125	26.156021
4.473158	11.336533	668.255859	20.644564
4.473158	11.336533	666.431641	26.143541
4.473158	11.336533	664.607422	22.010361
4.473158	11.336533	662.781250	27.506382
4.473158	11.336533	660.957031	21.999853
4.473158	11.336533	659.130859	20.619938
4.473158	11.336533	657.304688	16.492012
4.473158	11.336533	655.476563	28.854126
4.473158	11.336533	653.650391	24.726200
4.473158	11.336533	651.822266	27.466993
4.473158	11.336533	649.994141	30.206472
4.473158	11.336533	648.166016	26.081175
4.473158	11.336533	646.335938	28.819672
4.473158	11.336533	644.507813	24.696671
4.473158	11.336533	642.677734	19.203930
4.473158	11.336533	640.847656	30.170387
4.473158	11.336533	639.015625	23.307905
4.473158	11.336533	637.185547	27.414507
4.473158	11.336533	635.353516	30.148745
4.473158	11.336533	633.521484	26.031322
4.473158	11.336533	631.689453	26.025093
4.473158	11.336533	629.855469	30.127108
4.473158	11.336533	628.023438	28.750811
4.473158	11.336533	626.189453	26.006411
4.473158	11.336533	624.355469	36.947632
4.473158	11.336533	622.519531	35.570679
4.473158	11.336533	620.685547	23.252182
4.473158	11.336533	618.849609	25.981508
4.473158	11.336533	617.013672	32.810886
4.473158	11.336533	615.177734	34.169819
4.473158	11.336533	613.339844	32.795166
4.473158	11.336533	611.503906	21.858204
4.473158	11.336533	609.666016	21.852964
4.473158	11.336533	607.828125	27.309658
4.473158	11.336533	605.988281	27.303110
4.473158	11.336533	604.150391	27.296564
4.473158	11.336533	602.310547	24.561016
4.473158	11.336533	600.470703	24.555124
4.473158	11.336533	598.628906	28.640774
4.473158	11.336533	596.789063	25.906864
4.473158	11.336533	594.947266	29.990223
4.473158	11.336533	593.105469	19.080109
4.473158	11.336533	591.263672	23.163141
4.473158	11.336533	589.421875	19.070950
4.473158	11.336533	587.578125	28.599558
4.473158	11.336533	585.734375	23.146463
4.473158	11.336533	583.890625	25.863365
4.473158	11.336533	582.046875	29.939863
4.473158	11.336533	580.201172	21.769217
4.473158	11.336533	578.355469	27.204983
4.473158	11.336533	576.509766	27.198446
4.473158	11.336533	574.664063	24.472721
4.473158	11.336533	572.818359	24.466839
4.473158	11.336533	570.970703	19.025190
4.473158	11.336533	569.123047	21.737848
4.473158	11.336533	567.275391	19.016045
4.473158	11.336533	565.427734	17.653511
4.473158	11.336533	563.578125	20.364536
4.473158	11.336533	561.728516	13.573093
4.473158	11.336533	559.878906	20.354742
4.473158	11.336533	558.029297	18.993191
4.473158	11.336533	556.177734	20.344952
4.473158	11.336533	554.328125	31.188086
4.473158	11.336533	552.476563	17.623806
4.473158	11.336533	550.625000	20.330267
4.473158	11.336533	548.771484	23.035423
4.473158	11.336533	546.919922	31.158072
4.473158	11.336533	545.066406	27.087452
4.473158	11.336533	543.212891	23.018791
4.473158	11.336533	541.357422	21.659527
4.473158	11.336533	539.503906	29.774677
4.473158	11.336533	537.648438	35.179779
4.473158	11.336533	535.792969	39.229534
4.473158	11.336533	533.937500	47.334583
4.473158	11.336533	532.080078	50.027359
4.473158	11.336533	530.224609	60.829422
4.473158	11.336533	528.367188	70.274841
4.473158	11.336533	526.507813	95.929054
4.473158	11.336533	524.650391	155.340591
4.473158	11.336533	522.791016	316.008148
4.473158	11.336533	520.933594	563.006958
4.473158	11.336533	519.074219	467.034607
4.473158	11.336533	517.212891	259.101227
4.473158	11.336533	515.353516	138.963486
4.473158	11.336533	513.492188	102.511429
4.473158	11.336533	511.630859	72.819496
4.473158	11.336533	509.769531	71.453743
4.473158	11.336533	507.906250	56.610062
4.473158	11.336533	506.044922	48.511200
4.473158	11.336533	504.181641	45.805077
4.473158	11.336533	502.318359	47.140903
4.473158	11.336533	500.453125	52.515759
4.473158	11.336533	498.589844	56.541779
4.473158	11.336533	496.724609	57.874035
4.473158	11.336533	494.859375	64.587975
4.473158	11.336533	492.992188	45.738770
4.473158	11.336533	491.126953	45.727722
4.473158	11.336533	489.259766	55.128937
4.473158	11.336533	487.392578	47.049919
4.473158	11.336533	485.525391	43.006680
4.473158	11.336533	483.656250	40.309021
4.473158	11.336533	481.789063	38.955971
4.473158	11.336533	479.919922	40.289543
4.473158	11.336533	478.050781	37.594486
4.473158	11.336533	476.179688	30.873720
4.473158	11.336533	474.310547	33.550282
4.473158	11.336533	472.439453	41.592293
4.473158	11.336533	470.568359	37.558147
4.473158	11.336533	468.695313	30.843878
4.473158	11.336533	466.824219	30.836420
4.473158	11.336533	464.951172	21.446236
4.473158	11.336533	463.078125	26.801311
4.473158	11.336533	461.205078	36.173019
4.473158	11.336533	459.330078	28.127764
4.473158	11.336533	457.457031	28.120960
4.473158	11.336533	455.582031	29.452927
4.473158	11.336533	453.707031	29.445801
4.473158	11.336533	451.830078	25.424311
4.473158	11.336533	449.955078	17.391371
4.473158	11.336533	448.078125	30.761904
4.473158	11.336533	446.201172	33.428761
4.473158	11.336533	444.322266	24.062881
4.473158	11.336533	442.445313	26.730062
4.473158	11.336533	440.566406	24.051231
4.473158	11.336533	438.687500	30.724689
4.473158	11.336533	436.808594	30.717251
4.473158	11.336533	434.927734	28.039394
4.473158	11.336533	433.048828	30.702375
4.473158	11.336533	431.167969	17.349314
4.473158	11.336533	429.285156	24.016308
4.473158	11.336533	427.404297	25.344408
4.473158	11.336533	425.521484	28.005455
4.473158	11.336533	423.638672	26.665400
4.473158	11.336533	421.755859	25.325993
4.473158	11.336533	419.873047	22.654608
4.473158	11.336533	417.988281	29.310625
4.473158	11.336533	416.105469	26.639565
4.473158	11.336533	414.220703	29.296419
4.473158	11.336533	412.333984	19.969990
4.473158	11.336533	410.449219	26.620201
4.473158	11.336533	408.562500	30.605810
4.473158	11.336533	406.675781	31.928755
4.473158	11.336533	404.789063	34.581100
4.473158	11.336533	402.900391	33.242996
4.473158	11.336533	401.013672	55.834694
4.473158	11.336533	399.125000	74.428207
4.473158	11.336533	397.236328	77.067665
4.473158	11.336533	395.345703	82.362694
4.473158	11.336533	393.457031	70.389748
4.473158	11.336533	391.566406	55.767025
4.473158	11.336533	389.675781	61.063354
4.473158	11.336533	387.783203	59.721401
4.473158	11.336533	385.892578	55.726452
4.473158	11.336533	384.000000	50.406940
4.473158	11.336533	382.107422	51.720886
4.473158	11.336533	380.214844	42.427353
4.473158	11.336533	378.320313	43.742592
4.473158	11.336533	376.425781	67.585785
4.473158	11.336533	374.531250	72.868942
4.473158	11.336533	372.636719	50.333595
4.473158	11.336533	370.742188	52.969875
4.473158	11.336533	368.845703	56.928795
4.473158	11.336533	366.949219	48.973354
4.473158	11.336533	365.052734	33.082073
4.473158	11.336533	363.154297	41.011810
4.473158	11.336533	361.257813	48.937698
4.473158	11.336533	359.359375	52.892776
4.473158	11.336533	357.460938	48.913940
4.473158	11.336533	355.560547	42.293674
4.473158	11.336533	353.662109	46.247475
4.473158	11.336533	351.761719	50.199352
4.473158	11.336533	349.861328	51.507877
4.473158	11.336533	347.960938	42.252613
4.473158	11.336533	346.058594	42.242352
4.473158	11.336533	344.156250	43.551846
4.473158	11.336533	342.253906	43.541267
4.473158	11.336533	340.351563	42.211578
4.473158	11.336533	338.449219	39.563744
4.473158	11.336533	336.544922	35.598721
4.473158	11.336533	334.640625	35.590073
4.473158	11.336533	332.736328	26.356613
4.473158	11.336533	330.832031	32.937763
4.473158	11.336533	328.925781	43.467285
4.473158	11.336533	327.019531	42.139854
4.473158	11.336533	325.113281	31.597212
4.473158	11.336533	323.207031	32.905766
4.473158	11.336533	321.298828	30.265949
4.473158	11.336533	319.390625	34.205368
4.473158	11.336533	317.482422	32.881786
4.473158	11.336533	315.574219	32.873795
4.473158	11.336533	313.664063	24.978014
4.473158	11.336533	311.753906	30.229195
4.473158	11.336533	309.843750	27.593861
4.473158	11.336533	307.933594	31.528177
4.473158	11.336533	306.023438	23.640387
4.473158	11.336533	304.111328	28.886784
4.473158	11.336533	302.199219	36.756062
4.473158	11.336533	300.287109	26.247948
4.473158	11.336533	298.373047	31.489883
4.473158	11.336533	296.458984	31.482229
4.473158	11.336533	294.546875	35.408897
4.473158	11.336533	292.630859	36.711414
4.473158	11.336533	290.716797	38.013294
4.473158	11.336533	288.800781	34.072598
4.473158	11.336533	286.884766	45.855808
4.473158	11.336533	284.968750	43.224968
4.473158	11.336533	283.052734	47.143047
4.473158	11.336533	281.134766	58.914482
4.473158	11.336533	279.218750	44.502342
4.473158	11.336533	277.298828	57.577267
4.473158	11.336533	275.380859	60.179783
4.473158	11.336533	273.462891	64.088966
4.473158	11.336533	271.542969	62.765762
4.473158	11.336533	269.623047	73.208923
4.473158	11.336533	267.701172	90.181915
4.473158	11.336533	265.781250	87.546661
4.473158	11.336533	263.859375	164.599960
4.473158	11.336533	261.937500	271.654510
4.473158	11.336533	260.015625	255.919891
4.473158	11.336533	258.093750	245.414490
4.473158	11.336533	256.169922	215.338013
4.473158	11.336533	254.246094	234.857086
4.473158	11.336533	252.322266	450.033295
4.473158	11.336533	250.396484	1511.483398
4.473158	11.336533	248.472656	1979.183716
4.473158	11.336533	246.546875	888.982239
4.473158	11.336533	244.621094	410.500488
4.473158	11.336533	242.693359	265.783295
4.473158	11.336533	240.767578	209.709335
4.473158	11.336533	238.839844	148.453735
4.473158	11.336533	236.912109	130.190918
4.473158	11.336533	234.982422	113.238556
4.473158	11.336533	233.054688	96.294434
4.473158	11.336533	231.125000	80.659508
4.473158	11.336533	229.195313	78.038605
4.473158	11.336533	227.263672	67.617012
4.473158	11.336533	225.333984	62.400532
4.473158	11.336533	223.402344	75.382309
4.473158	11.336533	221.470703	68.867088
4.473158	11.336533	219.539063	75.345657
4.473158	11.336533	217.605469	87.016068
4.473158	11.336533	215.673828	93.487068
4.473158	11.336533	213.740234	77.886948
4.473158	11.336533	211.804688	66.187813
4.473158	11.336533	209.871094	59.684299
4.473158	11.336533	207.935547	47.995266
4.473158	11.336533	206.000000	53.171013
4.473158	11.336533	204.064453	44.082317
4.473158	11.336533	202.128906	42.775379
4.473158	11.336533	200.191406	36.285439
4.473158	11.336533	198.253906	33.685429
4.473158	11.336533	196.316406	29.791407
4.473158	11.336533	194.376953	28.489201
4.473158	11.336533	192.439453	24.598330
4.473158	11.336533	190.500000	24.592350
4.473158	11.336533	188.560547	27.174412
4.473158	11.336533	186.619141	23.286694
4.473158	11.336533	184.679688	25.867815
4.473158	11.336533	182.738281	24.568451
4.473158	11.336533	180.796875	28.440767
4.473158	11.336533	178.855469	25.848959
4.473158	11.336533	176.912109	25.842678
4.473158	11.336533	174.968750	20.669119
4.473158	11.336533	173.025391	18.081083
4.473158	11.336533	171.082031	25.823843
4.473158	11.336533	169.136719	27.108448
4.473158	11.336533	167.193359	14.196213
4.473158	11.336533	165.246094	24.514774
4.473158	11.336533	163.300781	25.798756
4.473158	11.336533	161.355469	28.371737
4.473158	11.336533	159.408203	27.075533
4.473158	11.336533	157.460938	29.646952
4.473158	11.336533	155.513672	34.794491
4.473158	11.336533	153.564453	36.074409
4.473158	11.336533	151.617188	29.625353
4.473158	11.336533	149.667969	27.042665
4.473158	11.336533	147.716797	36.048130
4.473158	11.336533	145.767578	36.039375
4.473158	11.336533	143.816406	52.759129
4.473158	11.336533	141.865234	50.173325
4.473158	11.336533	139.914063	50.161140
4.473158	11.336533	137.962891	72.008766
4.473158	11.336533	136.009766	61.706814
4.473158	11.336533	134.056641	56.550846
4.473158	11.336533	132.103516	47.542576
4.473158	11.336533	130.150391	48.815655
4.473158	11.336533	128.195313	56.509670
4.473158	11.336533	126.240234	46.223961
4.473158	11.336533	124.285156	52.631180
4.473158	11.336533	122.330078	47.484901
4.473158	11.336533	120.373047	57.737892
4.473158	11.336533	118.416016	51.310116
4.473158	11.336533	116.458984	55.144989
4.473158	11.336533	114.501953	41.028175
4.473158	11.336533	112.542969	48.709137
4.473158	11.336533	110.583984	34.600727
4.473158	11.336533	108.625000	33.311134
4.473158	11.336533	106.666016	28.179506
4.473158	11.336533	104.705078	17.928064
4.473158	11.336533	102.746094	12.802654
4.473158	11.336533	100.785156	11.519594
4.473158	11.336533	98.822266	6.398222
4.473158	11.336533	96.861328	0.000000
4.473158	11.336533	94.898438	-1.279024
4.473158	11.336533	92.935547	2.557428
4.473158	11.336533	90.972656	-3.835212
4.473158	11.336533	89.007813	-1.278094
4.473158	11.336533	87.044922	0.000000
4.473158	11.336533	85.080078	0.000000
4.473158	11.336533	83.113281	2.554329
4.473158	11.336533	81.148438	2.553710
4.473158	11.336533	79.181641	2.553092
4.473158	11.336533	77.214844	5.104946
4.473158	11.336533	75.248047	1.275927
4.473158	11.336533	73.281250	3.826854
4.473158	11.336533	71.312500	0.000000
4.473158	11.336533	69.343750	-1.275000
4.473158	11.336533	67.375000	0.000000
4.473158	11.336533	65.404297	1.274383
4.473158	11.336533	63.435547	2.548148
4.473158	11.336533	61.464844	-2.547531
4.473158	11.336533	59.494141	2.546914
8.473158	11.336533	1838.757813	25.714815
8.473158	11.336533	1837.195313	17.678934
8.473158	11.336533	1835.632813	17.675173
8.473158	11.336533	1834.070313	17.671412
8.473158	11.336533	1832.507813	20.879951
8.473158	11.336533	1830.945313	19.269701
8.473158	11.336533	1829.382813	20.871067
8.473158	11.336533	1827.818359	8.025625
8.473158	11.336533	1826.253906	19.257401
8.473158	11.336533	1824.689453	16.044418
8.473158	11.336533	1823.125000	20.853306
8.473158	11.336533	1821.560547	17.641350
8.473158	11.336533	1819.994141	22.447847
8.473158	11.336533	1818.429688	16.030764
8.473158	11.336533	1816.863281	24.041029
8.473158	11.336533	1815.296875	16.023941
8.473158	11.336533	1813.730469	22.428741
8.473158	11.336533	1812.162109	17.618832
8.473158	11.336533	1810.595703	22.419195
8.473158	11.336533	1809.027344	24.015453
8.473158	11.336533	1807.458984	19.208273
8.473158	11.336533	1805.890625	24.005228
8.473158	11.336533	1804.322266	11.200055
8.473158	11.336533	1802.753906	17.596340
8.473158	11.336533	1801.183594	14.393940
8.473158	11.336533	1799.613281	19.187834
8.473158	11.336533	1798.042969	14.387811
8.473158	11.336533	1796.472656	11.188137
8.473158	11.336533	1794.902344	19.175579
8.473158	11.336533	1793.332031	17.573872
8.473158	11.336533	1791.759766	28.751120
8.473158	11.336533	1790.187500	9.581665
8.473158	11.336533	1788.617188	20.755854
8.473158	11.336533	1787.044922	15.962641
8.473158	11.336533	1785.470703	23.938862
8.473158	11.336533	1783.898438	19.147009
8.473158	11.336533	1782.324219	17.547688
8.473158	11.336533	1780.750000	23.923567
8.473158	11.336533	1779.177734	14.351082
8.473158	11.336533	1777.601563	15.942249
8.473158	11.336533	1776.027344	20.720509
8.473158	11.336533	1774.453125	20.716093
8.473158	11.336533	1772.876953	20.711679
8.473158	11.336533	1771.300781	12.742933
8.473158	11.336533	1769.724609	27.072962
8.473158	11.336533	1768.148438	31.843756
8.473158	11.336533	1766.572266	15.918485
8.473158	11.336533	1764.994141	14.323583
8.473158	11.336533	1763.417969	17.502871
8.473158	11.336533	1761.839844	17.499140
8.473158	11.336533	1760.261719	22.266884
8.473158	11.336533	1758.683594	17.491680
8.473158	11.336533	1757.103516	14.308323
8.473158	11.336533	1755.525391	11.126323
8.473158	11.336533	1753.945313	20.658766
8.473158	11.336533	1752.365234	12.710376
8.473158	11.336533	1750.785156	15.884582
8.473158	11.336533	1749.205078	20.645552
8.473158	11.336533	1747.625000	20.641150
8.473158	11.336533	1746.042969	19.049305
8.473158	11.336533	1744.460938	20.632345
8.473158	11.336533	1742.878906	17.454414
8.473158	11.336533	1741.296875	22.209969
8.473158	11.336533	1739.714844	14.274792
8.473158	11.336533	1738.132813	14.271746
8.473158	11.336533	1736.548828	15.854112
8.473158	11.336533	1734.964844	22.191021
8.473158	11.336533	1733.380859	20.601549
8.473158	11.336533	1731.796875	19.012756
8.473158	11.336533	1730.212891	26.928989
8.473158	11.336533	1728.628906	26.923243
8.473158	11.336533	1727.042969	17.417202
8.473158	11.336533	1725.457031	17.413485
8.473158	11.336533	1723.871094	15.827061
8.473158	11.336533	1722.285156	18.988419
8.473158	11.336533	1720.699219	18.984364
8.473158	11.336533	1719.111328	20.562002
8.473158	11.336533	1717.525391	23.720320
8.473158	11.336533	1715.937500	15.810169
8.473158	11.336533	1714.349609	18.968151
8.473158	11.336533	1712.759766	11.062391
8.473158	11.336533	1711.171875	20.540051
8.473158	11.336533	1709.583984	17.376329
8.473158	11.336533	1707.994141	14.213960
8.473158	11.336533	1706.404297	18.947897
8.473158	11.336533	1704.814453	9.471924
8.473158	11.336533	1703.224609	20.518116
8.473158	11.336533	1701.632813	18.935751
8.473158	11.336533	1700.042969	15.776420
8.473158	11.336533	1698.451172	14.195742
8.473158	11.336533	1696.859375	20.500576
8.473158	11.336533	1695.267578	9.459782
8.473158	11.336533	1693.675781	14.186638
8.473158	11.336533	1692.082031	20.487429
8.473158	11.336533	1690.490234	14.180572
8.473158	11.336533	1688.896484	14.177538
8.473158	11.336533	1687.302734	22.049231
8.473158	11.336533	1685.708984	14.171473
8.473158	11.336533	1684.113281	20.465527
8.473158	11.336533	1682.519531	20.461147
8.473158	11.336533	1680.923828	14.162378
8.473158	11.336533	1679.328125	25.172173
8.473158	11.336533	1677.732422	14.156317
8.473158	11.336533	1676.136719	22.016224
8.473158	11.336533	1674.541016	18.867008
8.473158	11.336533	1672.943359	18.862970
8.473158	11.336533	1671.345703	18.858931
8.473158	11.336533	1669.748047	15.712410
8.473158	11.336533	1668.150391	15.709045
8.473158	11.336533	1666.552734	21.987953
8.473158	11.336533	1664.955078	15.702316
8.473158	11.336533	1663.355469	18.838743
8.473158	11.336533	1661.755859	15.695589
8.473158	11.336533	1660.156250	10.984558
8.473158	11.336533	1658.556641	20.395523
8.473158	11.336533	1656.957031	18.822601
8.473158	11.336533	1655.355469	20.386782
8.473158	11.336533	1653.755859	23.518166
8.473158	11.336533	1652.154297	15.675416
8.473158	11.336533	1650.552734	23.508083
8.473158	11.336533	1648.951172	17.235565
8.473158	11.336533	1647.347656	25.064535
8.473158	11.336533	1645.746094	17.228172
8.473158	11.336533	1644.142578	17.224478
8.473158	11.336533	1642.539063	26.613935
8.473158	11.336533	1640.935547	23.477846
8.473158	11.336533	1639.332031	18.778246
8.473158	11.336533	1637.728516	21.903254
8.473158	11.336533	1636.123047	15.641823
8.473158	11.336533	1634.517578	14.074619
8.473158	11.336533	1632.912109	23.452663
8.473158	11.336533	1631.306641	20.321278
8.473158	11.336533	1629.701172	20.316914
8.473158	11.336533	1628.093750	20.312551
8.473158	11.336533	1626.488281	17.183851
8.473158	11.336533	1624.880859	23.427492
8.473158	11.336533	1623.273438	23.422459
8.473158	11.336533	1621.666016	23.417427
8.473158	11.336533	1620.056641	17.169090
8.473158	11.336533	1618.449219	24.967854
8.473158	11.336533	1616.839844	20.282021
8.473158	11.336533	1615.230469	23.397303
8.473158	11.336533	1613.621094	20.273302
8.473158	11.336533	1612.011719	20.268944
8.473158	11.336533	1610.400391	23.382214
8.473158	11.336533	1608.791016	12.467832
8.473158	11.336533	1607.179688	21.814013
8.473158	11.336533	1605.568359	12.462469
8.473158	11.336533	1603.957031	12.459787
8.473158	11.336533	1602.345703	15.571383
8.473158	11.336533	1600.732422	20.238441
8.473158	11.336533	1599.121094	17.121149
8.473158	11.336533	1597.507813	17.117464
8.473158	11.336533	1595.894531	28.004366
8.473158	11.336533	1594.281250	18.665558
8.473158	11.336533	1592.666016	13.996154
8.473158	11.336533	1591.052734	10.883554
8.473158	11.336533	1589.437500	23.316875
8.473158	11.336533	1587.822266	18.649483
8.473158	11.336533	1586.207031	18.645464
8.473158	11.336533	1584.591797	24.855263
8.473158	11.336533	1582.974609	20.190548
8.473158	11.336533	1581.359375	17.080627
8.473158	11.336533	1579.742188	20.181845
8.473158	11.336533	1578.125000	20.177494
8.473158	11.336533	1576.507813	15.517802
8.473158	11.336533	1574.888672	17.065901
8.473158	11.336533	1573.271484	15.511109
8.473158	11.336533	1571.652344	18.609316
8.473158	11.336533	1570.033203	20.155743
8.473158	11.336533	1568.414063	26.351824
8.473158	11.336533	1566.794922	20.147045
8.473158	11.336533	1565.173828	15.494382
8.473158	11.336533	1563.554688	10.843726
8.473158	11.336533	1561.933594	18.585232
8.473158	11.336533	1560.312500	15.484348
8.473158	11.336533	1558.691406	20.125305
8.473158	11.336533	1557.070313	18.573193
8.473158	11.336533	1555.447266	13.926886
8.473158	11.336533	1553.826172	21.659363
8.473158	11.336533	1552.203125	17.014395
8.473158	11.336533	1550.580078	15.464288
8.473158	11.336533	1548.955078	20.099230
8.473158	11.336533	1547.332031	17.003363
8.473158	11.336533	1545.708984	24.726818
8.473158	11.336533	1544.083984	23.176378
8.473158	11.336533	1542.458984	20.081850
8.473158	11.336533	1540.833984	16.988659
8.473158	11.336533	1539.207031	16.984983
8.473158	11.336533	1537.582031	16.981310
8.473158	11.336533	1535.955078	15.434213
8.473158	11.336533	1534.330078	15.430873
8.473158	11.336533	1532.703125	16.970285
8.473158	11.336533	1531.074219	18.509031
8.473158	11.336533	1529.447266	15.420852
8.473158	11.336533	1527.818359	26.209770
8.473158	11.336533	1526.191406	18.497007
8.473158	11.336533	1524.562500	16.951918
8.473158	11.336533	1522.933594	27.733490
8.473158	11.336533	1521.302734	26.187065
8.473158	11.336533	1519.673828	23.101225
8.473158	11.336533	1518.042969	23.096218
8.473158	11.336533	1516.414063	13.854726
8.473158	11.336533	1514.783203	18.468962
8.473158	11.336533	1513.150391	18.464956
8.473158	11.336533	1511.519531	16.922539
8.473158	11.336533	1509.888672	12.304631
8.473158	11.336533	1508.255859	15.377452
8.473158	11.336533	1506.623047	15.374115
8.473158	11.336533	1504.990234	15.370777
8.473158	11.336533	1503.357422	23.051161
8.473158	11.336533	1501.722656	23.046156
8.473158	11.336533	1500.089844	13.824691
8.473158	11.336533	1498.455078	15.357431
8.473158	11.336533	1496.820313	21.495733
8.473158	11.336533	1495.185547	13.815684
8.473158	11.336533	1493.548828	21.486395
8.473158	11.336533	1491.914063	27.619360
8.473158	11.336533	1490.277344	16.874828
8.473158	11.336533	1488.640625	19.938644
8.473158	11.336533	1487.003906	26.067942
8.473158	11.336533	1485.367188	24.529198
8.473158	11.336533	1483.728516	18.392897
8.473158	11.336533	1482.091797	22.986120
8.473158	11.336533	1480.453125	19.916969
8.473158	11.336533	1478.814453	21.444376
8.473158	11.336533	1477.175781	19.908300
8.473158	11.336533	1475.535156	13.779669
8.473158	11.336533	1473.896484	18.368893
8.473158	11.336533	1472.255859	12.243261
8.473158	11.336533	1470.615234	13.770669
8.473158	11.336533	1468.974609	19.886633
8.473158	11.336533	1467.333984	21.411709
8.473158	11.336533	1465.691406	22.936117
8.473158	11.336533	1464.050781	12.229929
8.473158	11.336533	1462.408203	18.340895
8.473158	11.336533	1460.765625	18.336897
8.473158	11.336533	1459.123047	18.332897
8.473158	11.336533	1457.478516	19.856308
8.473158	11.336533	1455.835938	19.851976
8.473158	11.336533	1454.191406	19.847645
8.473158	11.336533	1452.546875	15.264087
8.473158	11.336533	1450.902344	15.260756
8.473158	11.336533	1449.257813	24.411879
8.473158	11.336533	1447.611328	18.304913
8.473158	11.336533	1445.966797	16.775839
8.473158	11.336533	1444.320313	18.296917
8.473158	11.336533	1442.673828	16.768511
8.473158	11.336533	1441.025391	18.288923
8.473158	11.336533	1439.378906	24.379902
8.473158	11.336533	1437.730469	22.851164
8.473158	11.336533	1436.083984	15.230779
8.473158	11.336533	1434.435547	21.318428
8.473158	11.336533	1432.787109	21.313766
8.473158	11.336533	1431.136719	15.220789
8.473158	11.336533	1429.488281	18.260950
8.473158	11.336533	1427.837891	18.256956
8.473158	11.336533	1426.187500	18.252960
8.473158	11.336533	1424.537109	12.165977
8.473158	11.336533	1422.886719	13.683727
8.473158	11.336533	1421.234375	18.240974
8.473158	11.336533	1419.583984	18.236980
8.473158	11.336533	1417.931641	30.388309
8.473158	11.336533	1416.279297	18.228991
8.473158	11.336533	1414.626953	19.743746
8.473158	11.336533	1412.974609	16.702585
8.473158	11.336533	1411.320313	15.180840
8.473158	11.336533	1409.666016	19.730766
8.473158	11.336533	1408.011719	24.278694
8.473158	11.336533	1406.357422	18.205027
8.473158	11.336533	1404.703125	19.717787
8.473158	11.336533	1403.048828	16.680620
8.473158	11.336533	1401.392578	18.193047
8.473158	11.336533	1399.736328	16.673300
8.473158	11.336533	1398.080078	18.185061
8.473158	11.336533	1396.423828	22.726336
8.473158	11.336533	1394.765625	18.177074
8.473158	11.336533	1393.109375	19.687506
8.473158	11.336533	1391.451172	19.683180
8.473158	11.336533	1389.792969	21.192614
8.473158	11.336533	1388.134766	21.187956
8.473158	11.336533	1386.476563	15.130928
8.473158	11.336533	1384.816406	13.614841
8.473158	11.336533	1383.156250	12.099420
8.473158	11.336533	1381.496094	15.120948
8.473158	11.336533	1379.835938	15.117621
8.473158	11.336533	1378.175781	19.648584
8.473158	11.336533	1376.515625	18.133163
8.473158	11.336533	1374.853516	24.172230
8.473158	11.336533	1373.191406	15.104317
8.473158	11.336533	1371.529297	19.631289
8.473158	11.336533	1369.867188	13.587899
8.473158	11.336533	1368.205078	13.584906
8.473158	11.336533	1366.541016	27.163826
8.473158	11.336533	1364.876953	13.578919
8.473158	11.336533	1363.212891	19.609673
8.473158	11.336533	1361.548828	16.589142
8.473158	11.336533	1359.884766	15.077712
8.473158	11.336533	1358.218750	18.089264
8.473158	11.336533	1356.554688	16.578169
8.473158	11.336533	1354.888672	16.574511
8.473158	11.336533	1353.222656	19.583736
8.473158	11.336533	1351.554688	19.579414
8.473158	11.336533	1349.888672	19.575092
8.473158	11.336533	1348.220703	13.548994
8.473158	11.336533	1346.552734	10.535779
8.473158	11.336533	1344.884766	16.552568
8.473158	11.336533	1343.216797	16.548910
8.473158	11.336533	1341.548828	25.569939
8.473158	11.336533	1339.878906	12.030252
8.473158	11.336533	1338.208984	19.544840
8.473158	11.336533	1336.539063	13.528050
8.473158	11.336533	1334.869141	13.525059
8.473158	11.336533	1333.199219	10.517163
8.473158	11.336533	1331.527344	19.527554
8.473158	11.336533	1329.857422	13.516085
8.473158	11.336533	1328.185547	22.521822
8.473158	11.336533	1326.513672	16.512346
8.473158	11.336533	1324.839844	18.009481
8.473158	11.336533	1323.167969	12.003661
8.473158	11.336533	1321.494141	19.501629
8.473158	11.336533	1319.820313	17.997517
8.473158	11.336533	1318.146484	22.491911
8.473158	11.336533	1316.472656	10.493898
8.473158	11.336533	1314.798828	17.985552
8.473158	11.336533	1313.123047	17.981564
8.473158	11.336533	1311.447266	19.475708
8.473158	11.336533	1309.771484	17.973589
8.473158	11.336533	1308.095703	26.954403
8.473158	11.336533	1306.419922	14.971345
8.473158	11.336533	1304.742188	17.961626
8.473158	11.336533	1303.064453	14.964700
8.473158	11.336533	1301.386719	22.442066
8.473158	11.336533	1299.708984	13.462249
8.473158	11.336533	1298.031250	13.459258
8.473158	11.336533	1296.351563	13.456268
8.473158	11.336533	1294.671875	20.927322
8.473158	11.336533	1292.994141	17.933718
8.473158	11.336533	1291.312500	22.412163
8.473158	11.336533	1289.632813	20.913368
8.473158	11.336533	1287.953125	13.441318
8.473158	11.336533	1286.271484	13.438328
8.473158	11.336533	1284.589844	17.913784
8.473158	11.336533	1282.908203	19.402281
8.473158	11.336533	1281.226563	19.397963
8.473158	11.336533	1279.542969	13.426369
8.473158	11.336533	1277.861328	17.897839
8.473158	11.336533	1276.177734	23.858469
8.473158	11.336533	1274.494141	19.380688
8.473158	11.336533	1272.810547	22.357349
8.473158	11.336533	1271.125000	17.881895
8.473158	11.336533	1269.441406	23.837212
8.473158	11.336533	1267.755859	23.831896
8.473158	11.336533	1266.070313	20.848259
8.473158	11.336533	1264.384766	20.843609
8.473158	11.336533	1262.697266	19.350462
8.473158	11.336533	1261.011719	17.857979
8.473158	11.336533	1259.324219	23.805325
8.473158	11.336533	1257.636719	19.337509
8.473158	11.336533	1255.949219	22.307529
8.473158	11.336533	1254.261719	13.381528
8.473158	11.336533	1252.572266	19.324556
8.473158	11.336533	1250.882813	23.778757
8.473158	11.336533	1249.193359	22.287603
8.473158	11.336533	1247.503906	19.311605
8.473158	11.336533	1245.814453	17.822111
8.473158	11.336533	1244.125000	13.363595
8.473158	11.336533	1242.433594	20.783165
8.473158	11.336533	1240.742188	17.810156
8.473158	11.336533	1239.050781	13.354629
8.473158	11.336533	1237.359375	14.835155
8.473158	11.336533	1235.666016	16.315020
8.473158	11.336533	1233.974609	19.277069
8.473158	11.336533	1232.281250	17.790234
8.473158	11.336533	1230.587891	13.339686
8.473158	11.336533	1228.892578	14.818553
8.473158	11.336533	1227.199219	8.889140
8.473158	11.336533	1225.503906	22.217869
8.473158	11.336533	1223.810547	19.251169
8.473158	11.336533	1222.115234	17.766327
8.473158	11.336533	1220.417969	14.801951
8.473158	11.336533	1218.722656	13.318769
8.473158	11.336533	1217.025391	20.713436
8.473158	11.336533	1215.330078	16.271191
8.473158	11.336533	1213.632813	22.183006
8.473158	11.336533	1211.933594	23.656561
8.473158	11.336533	1210.236328	19.216640
8.473158	11.336533	1208.537109	23.645939
8.473158	11.336533	1206.839844	19.208008
8.473158	11.336533	1205.140625	16.249279
8.473158	11.336533	1203.439453	22.153128
8.473158	11.336533	1201.740234	13.288889
8.473158	11.336533	1200.041016	19.190746
8.473158	11.336533	1198.339844	17.710550
8.473158	11.336533	1196.638672	17.706568
8.473158	11.336533	1194.937500	8.851292
8.473158	11.336533	1193.234375	16.223717
8.473158	11.336533	1191.533203	13.270963
8.473158	11.336533	1189.830078	17.690634
8.473158	11.336533	1188.126953	17.686651
8.473158	11.336533	1186.423828	17.682667
8.473158	11.336533	1184.720703	11.785789
8.473158	11.336533	1183.015625	19.147593
8.473158	11.336533	1181.312500	19.143278
8.473158	11.336533	1179.607422	16.194506
8.473158	11.336533	1177.902344	22.078440
8.473158	11.336533	1176.195313	25.016588
8.473158	11.336533	1174.490234	16.183554
8.473158	11.336533	1172.783203	16.179903
8.473158	11.336533	1171.076172	16.176250
8.473158	11.336533	1169.369141	16.172600
8.473158	11.336533	1167.662109	22.048567
8.473158	11.336533	1165.953125	16.165298
8.473158	11.336533	1164.246094	24.977093
8.473158	11.336533	1162.537109	20.564724
8.473158	11.336533	1160.828125	19.091501
8.473158	11.336533	1159.117188	14.682450
8.473158	11.336533	1157.408203	13.211219
8.473158	11.336533	1155.697266	22.013720
8.473158	11.336533	1153.986328	17.606993
8.473158	11.336533	1152.275391	14.669176
8.473158	11.336533	1150.564453	13.199272
8.473158	11.336533	1148.853516	17.595047
8.473158	11.336533	1147.140625	16.125143
8.473158	11.336533	1145.427734	16.121492
8.473158	11.336533	1143.714844	13.187325
8.473158	11.336533	1142.001953	20.508972
8.473158	11.336533	1140.287109	21.968920
8.473158	11.336533	1138.574219	19.035418
8.473158	11.336533	1136.859375	21.958965
8.473158	11.336533	1135.144531	14.635992
8.473158	11.336533	1133.427734	17.559208
8.473158	11.336533	1131.712891	19.018162
8.473158	11.336533	1129.996094	14.626038
8.473158	11.336533	1128.279297	19.009535
8.473158	11.336533	1126.562500	19.005222
8.473158	11.336533	1124.845703	17.539301
8.473158	11.336533	1123.128906	24.841702
8.473158	11.336533	1121.410156	14.609447
8.473158	11.336533	1119.691406	13.145517
8.473158	11.336533	1117.972656	21.904219
8.473158	11.336533	1116.253906	14.599494
8.473158	11.336533	1114.533203	17.515411
8.473158	11.336533	1112.814453	17.511431
8.473158	11.336533	1111.093750	13.130588
8.473158	11.336533	1109.373047	16.044846
8.473158	11.336533	1107.652344	18.957779
8.473158	11.336533	1105.929688	20.411425
8.473158	11.336533	1104.208984	18.949152
8.473158	11.336533	1102.486328	21.859430
8.473158	11.336533	1100.763672	20.397491
8.473158	11.336533	1099.039063	24.762743
8.473158	11.336533	1097.316406	24.757103
8.473158	11.336533	1095.591797	11.647748
8.473158	11.336533	1093.867188	17.467642
8.473158	11.336533	1092.142578	20.374269
8.473158	11.336533	1090.417969	13.094760
8.473158	11.336533	1088.693359	14.546416
8.473158	11.336533	1086.966797	17.451719
8.473158	11.336533	1085.240234	21.809673
8.473158	11.336533	1083.513672	10.175526
8.473158	11.336533	1081.787109	21.799723
8.473158	11.336533	1080.058594	11.623865
8.473158	11.336533	1078.332031	18.884470
8.473158	11.336533	1076.603516	14.523198
8.473158	11.336533	1074.875000	15.971869
8.473158	11.336533	1073.144531	14.516564
8.473158	11.336533	1071.416016	15.964573
8.473158	11.336533	1069.685547	21.764896
8.473158	11.336533	1067.955078	18.858599
8.473158	11.336533	1066.224609	15.953629
8.473158	11.336533	1064.494141	15.949981
8.473158	11.336533	1062.763672	23.194666
8.473158	11.336533	1061.031250	18.841354
8.473158	11.336533	1059.298828	17.388041
8.473158	11.336533	1057.566406	18.832733
8.473158	11.336533	1055.832031	14.483401
8.473158	11.336533	1054.099609	14.480085
8.473158	11.336533	1052.365234	14.476768
8.473158	11.336533	1050.630859	17.368143
8.473158	11.336533	1048.896484	20.258192
8.473158	11.336533	1047.162109	23.146914
8.473158	11.336533	1045.425781	15.909856
8.473158	11.336533	1043.691406	18.798246
8.473158	11.336533	1041.955078	14.456874
8.473158	11.336533	1040.218750	13.008203
8.473158	11.336533	1038.480469	14.450243
8.473158	11.336533	1036.744141	17.336313
8.473158	11.336533	1035.005859	14.443612
8.473158	11.336533	1033.267578	21.660444
8.473158	11.336533	1031.529297	14.436981
8.473158	11.336533	1029.789063	15.877032
8.473158	11.336533	1028.050781	24.531595
8.473158	11.336533	1026.310547	20.197849
8.473158	11.336533	1024.570313	10.096604
8.473158	11.336533	1022.830078	15.862446
8.473158	11.336533	1021.089844	15.858799
8.473158	11.336533	1019.347656	20.179285
8.473158	11.336533	1017.605469	14.410460
8.473158	11.336533	1015.863281	18.729290
8.473158	11.336533	1014.121094	23.046129
8.473158	11.336533	1012.378906	25.920929
8.473158	11.336533	1010.634766	18.716362
8.473158	11.336533	1008.890625	21.590830
8.473158	11.336533	1007.146484	20.146801
8.473158	11.336533	1005.402344	20.142160
8.473158	11.336533	1003.656250	23.014311
8.473158	11.336533	1001.912109	24.447069
8.473158	11.336533	1000.166016	23.003704
8.473158	11.336533	998.419922	20.123602
8.473158	11.336533	996.673828	30.178442
8.473158	11.336533	994.925781	20.114323
8.473158	11.336533	993.177734	25.855307
8.473158	11.336533	991.431641	38.774014
8.473158	11.336533	989.681641	34.457836
8.473158	11.336533	987.933594	28.708235
8.473158	11.336533	986.185547	28.701609
8.473158	11.336533	984.435547	32.999229
8.473158	11.336533	982.685547	38.729279
8.473158	11.336533	980.935547	25.813555
8.473158	11.336533	979.185547	31.542610
8.473158	11.336533	977.433594	35.835594
8.473158	11.336533	975.681641	31.528032
8.473158	11.336533	973.929688	31.520744
8.473158	11.336533	972.177734	32.945885
8.473158	11.336533	970.425781	30.074068
8.473158	11.336533	968.671875	41.521248
8.473158	11.336533	966.917969	34.354462
8.473158	11.336533	965.164063	40.070930
8.473158	11.336533	963.410156	37.200108
8.473158	11.336533	961.656250	30.039286
8.473158	11.336533	959.900391	25.741997
8.473158	11.336533	958.144531	31.455153
8.473158	11.336533	956.388672	30.018417
8.473158	11.336533	954.632813	27.153227
8.473158	11.336533	952.876953	32.862080
8.473158	11.336533	951.119141	39.996735
8.473158	11.336533	949.361328	32.846844
8.473158	11.336533	947.603516	29.983641
8.473158	11.336533	945.845703	32.831608
8.473158	11.336533	944.085938	25.688341
8.473158	11.336533	942.328125	31.389578
8.473158	11.336533	940.568359	22.823484
8.473158	11.336533	938.808594	31.375008
8.473158	11.336533	937.046875	34.219334
8.473158	11.336533	935.287109	25.658541
8.473158	11.336533	933.525391	27.077723
8.473158	11.336533	931.763672	28.496244
8.473158	11.336533	930.001953	27.065142
8.473158	11.336533	928.240234	22.786402
8.473158	11.336533	926.476563	21.357285
8.473158	11.336533	924.712891	18.505342
8.473158	11.336533	922.949219	19.924196
8.473158	11.336533	921.185547	9.959781
8.473158	11.336533	919.419922	15.647443
8.473158	11.336533	917.656250	15.643802
8.473158	11.336533	915.890625	17.061995
8.473158	11.336533	914.125000	21.322527
8.473158	11.336533	912.359375	21.317562
8.473158	11.336533	910.591797	24.154278
8.473158	11.336533	908.824219	18.466616
8.473158	11.336533	907.058594	17.042135
8.473158	11.336533	905.289063	18.458012
8.473158	11.336533	903.521484	24.131773
8.473158	11.336533	901.753906	19.868591
8.473158	11.336533	899.984375	24.120522
8.473158	11.336533	898.214844	19.859327
8.473158	11.336533	896.445313	28.363850
8.473158	11.336533	894.673828	21.267923
8.473158	11.336533	892.904297	22.680492
8.473158	11.336533	891.132813	26.926798
8.473158	11.336533	889.361328	22.669905
8.473158	11.336533	887.589844	16.998459
8.473158	11.336533	885.816406	26.907940
8.473158	11.336533	884.044922	18.406395
8.473158	11.336533	882.271484	18.402096
8.473158	11.336533	880.498047	24.058655
8.473158	11.336533	878.722656	15.563727
8.473158	11.336533	876.949219	18.389196
8.473158	11.336533	875.173828	18.384895
8.473158	11.336533	873.398438	18.380596
8.473158	11.336533	871.623047	19.789860
8.473158	11.336533	869.847656	24.024921
8.473158	11.336533	868.070313	18.367699
8.473158	11.336533	866.292969	22.601109
8.473158	11.336533	864.515625	15.534625
8.473158	11.336533	862.738281	19.766712
8.473158	11.336533	860.960938	22.585238
8.473158	11.336533	859.181641	16.934961
8.473158	11.336533	857.402344	22.574657
8.473158	11.336533	855.623047	16.927027
8.473158	11.336533	853.843750	16.923059
8.473158	11.336533	852.064453	21.148867
8.473158	11.336533	850.283203	26.782284
8.473158	11.336533	848.501953	16.911160
8.473158	11.336533	846.720703	19.725060
8.473158	11.336533	844.939453	22.537638
8.473158	11.336533	843.156250	15.490990
8.473158	11.336533	841.373047	18.303238
8.473158	11.336533	839.589844	21.114162
8.473158	11.336533	837.806641	18.294645
8.473158	11.336533	836.023438	19.697300
8.473158	11.336533	834.238281	21.099295
8.473158	11.336533	832.453125	22.500628
8.473158	11.336533	830.667969	18.277464
8.473158	11.336533	828.882813	18.273170
8.473158	11.336533	827.095703	25.295366
8.473158	11.336533	825.310547	25.289419
8.473158	11.336533	823.523438	19.664925
8.473158	11.336533	821.736328	25.277529
8.473158	11.336533	819.947266	21.059652
8.473158	11.336533	818.160156	18.247406
8.473158	11.336533	816.371094	19.646429
8.473158	11.336533	814.582031	18.238819
8.473158	11.336533	812.792969	18.234526
8.473158	11.336533	811.001953	18.230234
8.473158	11.336533	809.212891	18.225941
8.473158	11.336533	807.421875	25.229975
8.473158	11.336533	805.630859	22.421362
8.473158	11.336533	803.839844	22.416080
8.473158	11.336533	802.046875	16.808098
8.473158	11.336533	800.253906	19.604828
8.473158	11.336533	798.460938	16.800177
8.473158	11.336533	796.667969	13.996846
8.473158	11.336533	794.875000	16.792255
8.473158	11.336533	793.080078	18.187319
8.473158	11.336533	791.285156	22.379112
8.473158	11.336533	789.490234	15.382010
8.473158	11.336533	787.695313	23.766588
8.473158	11.336533	785.900391	20.965569
8.473158	11.336533	784.103516	19.563246
8.473158	11.336533	782.306641	13.970448
8.473158	11.336533	780.509766	15.363864
8.473158	11.336533	778.712891	29.324085
8.473158	11.336533	776.914063	20.940826
8.473158	11.336533	775.115234	12.561527
8.473158	11.336533	773.318359	29.303305
8.473158	11.336533	771.517578	26.506248
8.473158	11.336533	769.718750	18.131567
8.473158	11.336533	767.917969	22.310497
8.473158	11.336533	766.117188	23.699299
8.473158	11.336533	764.316406	33.449921
8.473158	11.336533	762.515625	18.114420
8.473158	11.336533	760.714844	23.682484
8.473158	11.336533	758.912109	22.284122
8.473158	11.336533	757.109375	20.886419
8.473158	11.336533	755.306641	20.881475
8.473158	11.336533	753.501953	26.443607
8.473158	11.336533	751.699219	22.263027
8.473158	11.336533	749.894531	20.866644
8.473158	11.336533	748.089844	13.907802
8.473158	11.336533	746.285156	29.199463
8.473158	11.336533	744.478516	25.022181
8.473158	11.336533	742.673828	23.626457
8.473158	11.336533	740.867188	19.452471
8.473158	11.336533	739.060547	30.560921
8.473158	11.336533	737.251953	31.942478
8.473158	11.336533	735.445313	27.769480
8.473158	11.336533	733.636719	15.269591
8.473158	11.336533	731.828125	30.531937
8.473158	11.336533	730.019531	27.749720
8.473158	11.336533	728.208984	11.097254
8.473158	11.336533	726.400391	22.189240
8.473158	11.336533	724.589844	23.570471
8.473158	11.336533	722.779297	23.564873
8.473158	11.336533	720.966797	18.015917
8.473158	11.336533	719.156250	18.011639
8.473158	11.336533	717.343750	22.162905
8.473158	11.336533	715.531250	22.157639
8.473158	11.336533	713.718750	24.921419
8.473158	11.336533	711.904297	23.531301
8.473158	11.336533	710.091797	16.606382
8.473158	11.336533	708.277344	15.218898
8.473158	11.336533	706.462891	23.514523
8.473158	11.336533	704.646484	24.891808
8.473158	11.336533	702.832031	22.120789
8.473158	11.336533	701.015625	17.968864
8.473158	11.336533	699.199219	17.964588
8.473158	11.336533	697.382813	15.197188
8.473158	11.336533	695.566406	20.718506
8.473158	11.336533	693.748047	16.570858
8.473158	11.336533	691.929688	20.708641
8.473158	11.336533	690.111328	23.464205
8.473158	11.336533	688.292969	23.458616
8.473158	11.336533	686.472656	23.453028
8.473158	11.336533	684.652344	19.309656
8.473158	11.336533	682.832031	17.926123
8.473158	11.336533	681.011719	22.057663
8.473158	11.336533	679.191406	23.430681
8.473158	11.336533	677.369141	27.558935
8.473158	11.336533	675.546875	24.797127
8.473158	11.336533	673.724609	15.150187
8.473158	11.336533	671.902344	23.408340
8.473158	11.336533	670.078125	23.402756
8.473158	11.336533	668.255859	20.644564
8.473158	11.336533	666.431641	20.639639
8.473158	11.336533	664.607422	17.883417
8.473158	11.336533	662.781250	22.005106
8.473158	11.336533	660.957031	20.624863
8.473158	11.336533	659.130859	23.369263
8.473158	11.336533	657.304688	17.866346
8.473158	11.336533	655.476563	17.862078
8.473158	11.336533	653.650391	19.231489
8.473158	11.336533	651.822266	28.840343
8.473158	11.336533	649.994141	28.833452
8.473158	11.336533	648.166016	26.081175
8.473158	11.336533	646.335938	27.447306
8.473158	11.336533	644.507813	20.580559
8.473158	11.336533	642.677734	28.805895
8.473158	11.336533	640.847656	23.313480
8.473158	11.336533	639.015625	26.050013
8.473158	11.336533	637.185547	21.931606
8.473158	11.336533	635.353516	24.667154
8.473158	11.336533	633.521484	27.401392
8.473158	11.336533	631.689453	21.915869
8.473158	11.336533	629.855469	23.280037
8.473158	11.336533	628.023438	32.858067
8.473158	11.336533	626.189453	34.218960
8.473158	11.336533	624.355469	26.000185
8.473158	11.336533	622.519531	23.257751
8.473158	11.336533	620.685547	31.458836
8.473158	11.336533	618.849609	27.348957
8.473158	11.336533	617.013672	31.443766
8.473158	11.336533	615.177734	23.235476
8.473158	11.336533	613.339844	20.496979
8.473158	11.336533	611.503906	19.125929
8.473158	11.336533	609.666016	30.047827
8.473158	11.336533	607.828125	31.406107
8.473158	11.336533	605.988281	30.033421
8.473158	11.336533	604.150391	39.580017
8.473158	11.336533	602.310547	28.654518
8.473158	11.336533	600.470703	32.740166
8.473158	11.336533	598.628906	20.457695
8.473158	11.336533	596.789063	29.997421
8.473158	11.336533	594.947266	27.263840
8.473158	11.336533	593.105469	28.620163
8.473158	11.336533	591.263672	21.800604
8.473158	11.336533	589.421875	24.519793
8.473158	11.336533	587.578125	27.237675
8.473158	11.336533	585.734375	25.869577
8.473158	11.336533	583.890625	21.779676
8.473158	11.336533	582.046875	23.135349
8.473158	11.336533	580.201172	25.850945
8.473158	11.336533	578.355469	20.403738
8.473158	11.336533	576.509766	17.678991
8.473158	11.336533	574.664063	17.674742
8.473158	11.336533	572.818359	21.748302
8.473158	11.336533	570.970703	21.743074
8.473158	11.336533	569.123047	21.737848
8.473158	11.336533	567.275391	24.449200
8.473158	11.336533	565.427734	23.085360
8.473158	11.336533	563.578125	21.722174
8.473158	11.336533	561.728516	24.431568
8.473158	11.336533	559.878906	20.354742
8.473158	11.336533	558.029297	18.993191
8.473158	11.336533	556.177734	20.344952
8.473158	11.336533	554.328125	24.408066
8.473158	11.336533	552.476563	27.113548
8.473158	11.336533	550.625000	20.330267
8.473158	11.336533	548.771484	32.520599
8.473158	11.336533	546.919922	21.675180
8.473158	11.336533	545.066406	25.733080
8.473158	11.336533	543.212891	23.018791
8.473158	11.336533	541.357422	32.489292
8.473158	11.336533	539.503906	33.834862
8.473158	11.336533	537.648438	37.885918
8.473158	11.336533	535.792969	43.287762
8.473158	11.336533	533.937500	44.629749
8.473158	11.336533	532.080078	43.266907
8.473158	11.336533	530.224609	48.663540
8.473158	11.336533	528.367188	56.760445
8.473158	11.336533	526.507813	86.471260
8.473158	11.336533	524.650391	145.885086
8.473158	11.336533	522.791016	349.769684
8.473158	11.336533	520.933594	573.808044
8.473158	11.336533	519.074219	467.034607
8.473158	11.336533	517.212891	256.402252
8.473158	11.336533	515.353516	137.614319
8.473158	11.336533	513.492188	90.371918
8.473158	11.336533	511.630859	75.516518
8.473158	11.336533	509.769531	49.882805
8.473158	11.336533	507.906250	62.001495
8.473158	11.336533	506.044922	56.596401
8.473158	11.336533	504.181641	48.499493
8.473158	11.336533	502.318359	48.487789
8.473158	11.336533	500.453125	47.129528
8.473158	11.336533	498.589844	49.810616
8.473158	11.336533	496.724609	43.069050
8.473158	11.336533	494.859375	57.860062
8.473158	11.336533	492.992188	60.536606
8.473158	11.336533	491.126953	53.797321
8.473158	11.336533	489.259766	48.405895
8.473158	11.336533	487.392578	43.017071
8.473158	11.336533	485.525391	41.662720
8.473158	11.336533	483.656250	49.714458
8.473158	11.336533	481.789063	49.702446
8.473158	11.336533	479.919922	37.603573
8.473158	11.336533	478.050781	36.251823
8.473158	11.336533	476.179688	30.873720
8.473158	11.336533	474.310547	28.182236
8.473158	11.336533	472.439453	30.858797
8.473158	11.336533	470.568359	26.827250
8.473158	11.336533	468.695313	32.184917
8.473158	11.336533	466.824219	37.539989
8.473158	11.336533	464.951172	26.807795
8.473158	11.336533	463.078125	29.481441
8.473158	11.336533	461.205078	26.794828
8.473158	11.336533	459.330078	18.751842
8.473158	11.336533	457.457031	26.781868
8.473158	11.336533	455.582031	26.775389
8.473158	11.336533	453.707031	25.430464
8.473158	11.336533	451.830078	26.762432
8.473158	11.336533	449.955078	21.404764
8.473158	11.336533	448.078125	20.062111
8.473158	11.336533	446.201172	32.091610
8.473158	11.336533	444.322266	30.747015
8.473158	11.336533	442.445313	29.403069
8.473158	11.336533	440.566406	25.387411
8.473158	11.336533	438.687500	14.694417
8.473158	11.336533	436.808594	22.704054
8.473158	11.336533	434.927734	25.368975
8.473158	11.336533	433.048828	28.032604
8.473158	11.336533	431.167969	14.680188
8.473158	11.336533	429.285156	30.687506
8.473158	11.336533	427.404297	29.346155
8.473158	11.336533	425.521484	21.337488
8.473158	11.336533	423.638672	25.332130
8.473158	11.336533	421.755859	21.327152
8.473158	11.336533	419.873047	25.319857
8.473158	11.336533	417.988281	25.313721
8.473158	11.336533	416.105469	21.311651
8.473158	11.336533	414.220703	25.301453
8.473158	11.336533	412.333984	21.301323
8.473158	11.336533	410.449219	22.627171
8.473158	11.336533	408.562500	34.597874
8.473158	11.336533	406.675781	26.607296
8.473158	11.336533	404.789063	41.231312
8.473158	11.336533	402.900391	35.902435
8.473158	11.336533	401.013672	55.834694
8.473158	11.336533	399.125000	62.466530
8.473158	11.336533	397.236328	74.410156
8.473158	11.336533	395.345703	74.392113
8.473158	11.336533	393.457031	78.358398
8.473158	11.336533	391.566406	54.439236
8.473158	11.336533	389.675781	57.080963
8.473158	11.336533	387.783203	45.122837
8.473158	11.336533	385.892578	39.804607
8.473158	11.336533	384.000000	42.447948
8.473158	11.336533	382.107422	42.437649
8.473158	11.336533	380.214844	46.404919
8.473158	11.336533	378.320313	50.370258
8.473158	11.336533	376.425781	64.935364
8.473158	11.336533	374.531250	79.493393
8.473158	11.336533	372.636719	62.254711
8.473158	11.336533	370.742188	50.321381
8.473158	11.336533	368.845703	46.337391
8.473158	11.336533	366.949219	51.620560
8.473158	11.336533	365.052734	39.698486
8.473158	11.336533	363.154297	44.980694
8.473158	11.336533	361.257813	59.518822
8.473158	11.336533	359.359375	62.149010
8.473158	11.336533	357.460938	40.981949
8.473158	11.336533	355.560547	50.223740
8.473158	11.336533	353.662109	51.532902
8.473158	11.336533	351.761719	52.841423
8.473158	11.336533	349.861328	50.187164
8.473158	11.336533	347.960938	47.534187
8.473158	11.336533	346.058594	47.522644
8.473158	11.336533	344.156250	42.232090
8.473158	11.336533	342.253906	44.860699
8.473158	11.336533	340.351563	44.849804
8.473158	11.336533	338.449219	44.838909
8.473158	11.336533	336.544922	38.235664
8.473158	11.336533	334.640625	34.271923
8.473158	11.336533	332.736328	39.534920
8.473158	11.336533	330.832031	36.890293
8.473158	11.336533	328.925781	38.198524
8.473158	11.336533	327.019531	32.921761
8.473158	11.336533	325.113281	39.496517
8.473158	11.336533	323.207031	30.273304
8.473158	11.336533	321.298828	35.529591
8.473158	11.336533	319.390625	27.627413
8.473158	11.336533	317.482422	28.935970
8.473158	11.336533	315.574219	32.873795
8.473158	11.336533	313.664063	24.978014
8.473158	11.336533	311.753906	26.286257
8.473158	11.336533	309.843750	39.419804
8.473158	11.336533	307.933594	28.900829
8.473158	11.336533	306.023438	38.087288
8.473158	11.336533	304.111328	36.764996
8.473158	11.336533	302.199219	27.567047
8.473158	11.336533	300.287109	30.185141
8.473158	11.336533	298.373047	27.553648
8.473158	11.336533	296.458984	30.170469
8.473158	11.336533	294.546875	32.786018
8.473158	11.336533	292.630859	31.466925
8.473158	11.336533	290.716797	35.391685
8.473158	11.336533	288.800781	36.693569
8.473158	11.336533	286.884766	45.855808
8.473158	11.336533	284.968750	57.633289
8.473158	11.336533	283.052734	61.547867
8.473158	11.336533	281.134766	48.440796
8.473158	11.336533	279.218750	61.517944
8.473158	11.336533	277.298828	47.108673
8.473158	11.336533	275.380859	48.405476
8.473158	11.336533	273.462891	51.009586
8.473158	11.336533	271.542969	67.996246
8.473158	11.336533	269.623047	75.823524
8.473158	11.336533	267.701172	78.419060
8.473158	11.336533	265.781250	96.693329
8.473158	11.336533	263.859375	156.761871
8.473158	11.336533	261.937500	272.960541
8.473158	11.336533	260.015625	288.562744
8.473158	11.336533	258.093750	251.941483
8.473158	11.336533	256.169922	208.812622
8.473158	11.336533	254.246094	216.590424
8.473158	11.336533	252.322266	413.508850
8.473158	11.336533	250.396484	1534.957642
8.473158	11.336533	248.472656	1934.854126
8.473158	11.336533	246.546875	868.126404
8.473158	11.336533	244.621094	402.681427
8.473158	11.336533	242.693359	222.788940
8.473158	11.336533	240.767578	192.776291
8.473158	11.336533	238.839844	153.662643
8.473158	11.336533	236.912109	131.492828
8.473158	11.336533	234.982422	109.333778
8.473158	11.336533	233.054688	92.390610
8.473158	11.336533	231.125000	85.863342
8.473158	11.336533	229.195313	80.639893
8.473158	11.336533	227.263672	66.316689
8.473158	11.336533	225.333984	76.700653
8.473158	11.336533	223.402344	83.180481
8.473158	11.336533	221.470703	75.363983
8.473158	11.336533	219.539063	81.840973
8.473158	11.336533	217.605469	76.626091
8.473158	11.336533	215.673828	86.994911
8.473158	11.336533	213.740234	67.502022
8.473158	11.336533	211.804688	62.294415
8.473158	11.336533	209.871094	59.684299
8.473158	11.336533	207.935547	55.778282
8.473158	11.336533	206.000000	44.093037
8.473158	11.336533	204.064453	51.861549
8.473158	11.336533	202.128906	38.886707
8.473158	11.336533	200.191406	36.285439
8.473158	11.336533	198.253906	29.798649
8.473158	11.336533	196.316406	29.791407
8.473158	11.336533	194.376953	24.604309
8.473158	11.336533	192.439453	31.071573
8.473158	11.336533	190.500000	22.003683
8.473158	11.336533	188.560547	27.174412
8.473158	11.336533	186.619141	23.286694
8.473158	11.336533	184.679688	23.281033
8.473158	11.336533	182.738281	23.275375
8.473158	11.336533	180.796875	21.976955
8.473158	11.336533	178.855469	21.971615
8.473158	11.336533	176.912109	24.550545
8.473158	11.336533	174.968750	23.252758
8.473158	11.336533	173.025391	21.955603
8.473158	11.336533	171.082031	19.367882
8.473158	11.336533	169.136719	27.108448
8.473158	11.336533	167.193359	25.811296
8.473158	11.336533	165.246094	24.514774
8.473158	11.336533	163.300781	16.769192
8.473158	11.336533	161.355469	28.371737
8.473158	11.336533	159.408203	29.654156
8.473158	11.336533	157.460938	29.646952
8.473158	11.336533	155.513672	25.773695
8.473158	11.336533	153.564453	32.209293
8.473158	11.336533	151.617188	33.489529
8.473158	11.336533	149.667969	27.042665
8.473158	11.336533	147.716797	41.197865
8.473158	11.336533	145.767578	42.474979
8.473158	11.336533	143.816406	46.325089
8.473158	11.336533	141.865234	33.448883
8.473158	11.336533	139.914063	57.878239
8.473158	11.336533	137.962891	70.722893
8.473158	11.336533	136.009766	50.136784
8.473158	11.336533	134.056641	53.980354
8.473158	11.336533	132.103516	51.397377
8.473158	11.336533	130.150391	62.946503
8.473158	11.336533	128.195313	48.803806
8.473158	11.336533	126.240234	55.211956
8.473158	11.336533	124.285156	35.943245
8.473158	11.336533	122.330078	47.484901
8.473158	11.336533	120.373047	47.473377
8.473158	11.336533	118.416016	44.896351
8.473158	11.336533	116.458984	57.709873
8.473158	11.336533	114.501953	46.156696
8.473158	11.336533	112.542969	48.709137
8.473158	11.336533	110.583984	39.726761
8.473158	11.336533	108.625000	25.623949
8.473158	11.336533	106.666016	26.898621
8.473158	11.336533	104.705078	21.769793
8.473158	11.336533	102.746094	16.643450
8.473158	11.336533	100.785156	6.399775
8.473158	11.336533	98.822266	7.677867
8.473158	11.336533	96.861328	6.396671
8.473158	11.336533	94.898438	1.279024
8.473158	11.336533	92.935547	1.278714
8.473158	11.336533	90.972656	1.278404
8.473158	11.336533	89.007813	2.556188
8.473158	11.336533	87.044922	2.555568
8.473158	11.336533	85.080078	1.277474
8.473158	11.336533	83.113281	2.554329
8.473158	11.336533	81.148438	1.276855
8.473158	11.336533	79.181641	1.276546
8.473158	11.336533	77.214844	3.828709
8.473158	11.336533	75.248047	-1.275927
8.473158	11.336533	73.281250	-2.551236
8.473158	11.336533	71.312500	1.275309
8.473158	11.336533	69.343750	2.550000
8.473158	11.336533	67.375000	-1.274691
8.473158	11.336533	65.404297	3.823148
8.473158	11.336533	63.435547	2.548148
8.473158	11.336533	61.464844	3.821296
8.473158	11.336533	59.494141	1.273457
12.473158	11.336533	1838.757813	11.250232
12.473158	11.336533	1837.195313	19.286112
12.473158	11.336533	1835.632813	28.923010
12.473158	11.336533	1834.070313	25.703873
12.473158	11.336533	1832.507813	19.273802
12.473158	11.336533	1830.945313	17.663893
12.473158	11.336533	1829.382813	16.054667
12.473158	11.336533	1827.818359	9.630750
12.473158	11.336533	1826.253906	19.257401
12.473158	11.336533	1824.689453	19.253304
12.473158	11.336533	1823.125000	12.832804
12.473158	11.336533	1821.560547	16.037590
12.473158	11.336533	1819.994141	24.051266
12.473158	11.336533	1818.429688	17.633841
12.473158	11.336533	1816.863281	19.232822
12.473158	11.336533	1815.296875	22.433517
12.473158	11.336533	1813.730469	22.428741
12.473158	11.336533	1812.162109	24.025681
12.473158	11.336533	1810.595703	27.223309
12.473158	11.336533	1809.027344	14.409271
12.473158	11.336533	1807.458984	24.010340
12.473158	11.336533	1805.890625	14.403137
12.473158	11.336533	1804.322266	24.000118
12.473158	11.336533	1802.753906	22.395342
12.473158	11.336533	1801.183594	17.592592
12.473158	11.336533	1799.613281	19.187834
12.473158	11.336533	1798.042969	11.190519
12.473158	11.336533	1796.472656	14.384748
12.473158	11.336533	1794.902344	17.577614
12.473158	11.336533	1793.332031	15.976246
12.473158	11.336533	1791.759766	14.375560
12.473158	11.336533	1790.187500	15.969442
12.473158	11.336533	1788.617188	23.949062
12.473158	11.336533	1787.044922	22.347696
12.473158	11.336533	1785.470703	15.959241
12.473158	11.336533	1783.898438	19.147009
12.473158	11.336533	1782.324219	14.357198
12.473158	11.336533	1780.750000	17.543949
12.473158	11.336533	1779.177734	14.351082
12.473158	11.336533	1777.601563	20.724924
12.473158	11.336533	1776.027344	25.502165
12.473158	11.336533	1774.453125	19.122549
12.473158	11.336533	1772.876953	11.152443
12.473158	11.336533	1771.300781	15.928666
12.473158	11.336533	1769.724609	17.517799
12.473158	11.336533	1768.148438	15.921878
12.473158	11.336533	1766.572266	19.102182
12.473158	11.336533	1764.994141	12.732074
12.473158	11.336533	1763.417969	20.685209
12.473158	11.336533	1761.839844	17.499140
12.473158	11.336533	1760.261719	27.038359
12.473158	11.336533	1758.683594	20.671984
12.473158	11.336533	1757.103516	20.667578
12.473158	11.336533	1755.525391	17.484222
12.473158	11.336533	1753.945313	14.302222
12.473158	11.336533	1752.365234	15.887969
12.473158	11.336533	1750.785156	17.473040
12.473158	11.336533	1749.205078	17.469313
12.473158	11.336533	1747.625000	15.877807
12.473158	11.336533	1746.042969	19.049305
12.473158	11.336533	1744.460938	22.219448
12.473158	11.336533	1742.878906	22.214708
12.473158	11.336533	1741.296875	19.037117
12.473158	11.336533	1739.714844	25.377407
12.473158	11.336533	1738.132813	12.685996
12.473158	11.336533	1736.548828	15.854112
12.473158	11.336533	1734.964844	15.850729
12.473158	11.336533	1733.380859	9.508408
12.473158	11.336533	1731.796875	20.597153
12.473158	11.336533	1730.212891	20.592758
12.473158	11.336533	1728.628906	22.172081
12.473158	11.336533	1727.042969	17.417202
12.473158	11.336533	1725.457031	14.247396
12.473158	11.336533	1723.871094	25.323298
12.473158	11.336533	1722.285156	18.988419
12.473158	11.336533	1720.699219	23.730453
12.473158	11.336533	1719.111328	14.235232
12.473158	11.336533	1717.525391	20.557610
12.473158	11.336533	1715.937500	12.648135
12.473158	11.336533	1714.349609	22.129509
12.473158	11.336533	1712.759766	25.285465
12.473158	11.336533	1711.171875	18.960047
12.473158	11.336533	1709.583984	18.955997
12.473158	11.336533	1707.994141	14.213960
12.473158	11.336533	1706.404297	18.947897
12.473158	11.336533	1704.814453	22.101156
12.473158	11.336533	1703.224609	18.939798
12.473158	11.336533	1701.632813	14.201813
12.473158	11.336533	1700.042969	11.043493
12.473158	11.336533	1698.451172	20.504961
12.473158	11.336533	1696.859375	14.192707
12.473158	11.336533	1695.267578	18.919563
12.473158	11.336533	1693.675781	17.339224
12.473158	11.336533	1692.082031	17.335516
12.473158	11.336533	1690.490234	25.209904
12.473158	11.336533	1688.896484	22.053947
12.473158	11.336533	1687.302734	22.049231
12.473158	11.336533	1685.708984	23.619122
12.473158	11.336533	1684.113281	23.614069
12.473158	11.336533	1682.519531	17.313278
12.473158	11.336533	1680.923828	18.883171
12.473158	11.336533	1679.328125	23.598911
12.473158	11.336533	1677.732422	20.448013
12.473158	11.336533	1676.136719	14.153287
12.473158	11.336533	1674.541016	20.439260
12.473158	11.336533	1672.943359	22.006798
12.473158	11.336533	1671.345703	20.430508
12.473158	11.336533	1669.748047	20.426134
12.473158	11.336533	1668.150391	17.279949
12.473158	11.336533	1666.552734	21.987953
12.473158	11.336533	1664.955078	18.842779
12.473158	11.336533	1663.355469	15.698953
12.473158	11.336533	1661.755859	17.265148
12.473158	11.336533	1660.156250	23.538340
12.473158	11.336533	1658.556641	25.102182
12.473158	11.336533	1656.957031	15.685501
12.473158	11.336533	1655.355469	21.954994
12.473158	11.336533	1653.755859	20.382410
12.473158	11.336533	1652.154297	20.378040
12.473158	11.336533	1650.552734	18.806467
12.473158	11.336533	1648.951172	14.101826
12.473158	11.336533	1647.347656	20.364935
12.473158	11.336533	1645.746094	17.228172
12.473158	11.336533	1644.142578	20.356199
12.473158	11.336533	1642.539063	23.482883
12.473158	11.336533	1640.935547	15.651897
12.473158	11.336533	1639.332031	20.343102
12.473158	11.336533	1637.728516	18.774218
12.473158	11.336533	1636.123047	17.206005
12.473158	11.336533	1634.517578	17.202312
12.473158	11.336533	1632.912109	14.071597
12.473158	11.336533	1631.306641	10.942226
12.473158	11.336533	1629.701172	25.005432
12.473158	11.336533	1628.093750	15.625039
12.473158	11.336533	1626.488281	24.994694
12.473158	11.336533	1624.880859	18.741993
12.473158	11.336533	1623.273438	21.860962
12.473158	11.336533	1621.666016	12.489294
12.473158	11.336533	1620.056641	14.047437
12.473158	11.336533	1618.449219	23.407364
12.473158	11.336533	1616.839844	17.161711
12.473158	11.336533	1615.230469	20.277662
12.473158	11.336533	1613.621094	18.713818
12.473158	11.336533	1612.011719	17.150644
12.473158	11.336533	1610.400391	12.470514
12.473158	11.336533	1608.791016	21.818707
12.473158	11.336533	1607.179688	17.139582
12.473158	11.336533	1605.568359	18.693703
12.473158	11.336533	1603.957031	18.689682
12.473158	11.336533	1602.345703	21.799936
12.473158	11.336533	1600.732422	17.124836
12.473158	11.336533	1599.121094	18.677618
12.473158	11.336533	1597.507813	14.005198
12.473158	11.336533	1595.894531	18.669579
12.473158	11.336533	1594.281250	27.998337
12.473158	11.336533	1592.666016	18.661539
12.473158	11.336533	1591.052734	18.657520
12.473158	11.336533	1589.437500	27.980251
12.473158	11.336533	1587.822266	18.649483
12.473158	11.336533	1586.207031	23.306831
12.473158	11.336533	1584.591797	20.194901
12.473158	11.336533	1582.974609	26.403025
12.473158	11.336533	1581.359375	17.080627
12.473158	11.336533	1579.742188	31.048992
12.473158	11.336533	1578.125000	12.416920
12.473158	11.336533	1576.507813	13.966022
12.473158	11.336533	1574.888672	15.514456
12.473158	11.336533	1573.271484	17.062220
12.473158	11.336533	1571.652344	17.058540
12.473158	11.336533	1570.033203	17.054859
12.473158	11.336533	1568.414063	18.601286
12.473158	11.336533	1566.794922	10.848409
12.473158	11.336533	1565.173828	18.593258
12.473158	11.336533	1563.554688	18.589245
12.473158	11.336533	1561.933594	15.487693
12.473158	11.336533	1560.312500	20.129654
12.473158	11.336533	1558.691406	24.769608
12.473158	11.336533	1557.070313	13.929894
12.473158	11.336533	1555.447266	18.569181
12.473158	11.336533	1553.826172	18.565168
12.473158	11.336533	1552.203125	17.014395
12.473158	11.336533	1550.580078	17.010717
12.473158	11.336533	1548.955078	18.553135
12.473158	11.336533	1547.332031	7.728802
12.473158	11.336533	1545.708984	15.454261
12.473158	11.336533	1544.083984	24.721470
12.473158	11.336533	1542.458984	15.447577
12.473158	11.336533	1540.833984	16.988659
12.473158	11.336533	1539.207031	18.529074
12.473158	11.336533	1537.582031	24.700087
12.473158	11.336533	1535.955078	16.977634
12.473158	11.336533	1534.330078	12.344698
12.473158	11.336533	1532.703125	16.970285
12.473158	11.336533	1531.074219	16.966612
12.473158	11.336533	1529.447266	16.962936
12.473158	11.336533	1527.818359	13.875761
12.473158	11.336533	1526.191406	16.955589
12.473158	11.336533	1524.562500	16.951918
12.473158	11.336533	1522.933594	16.948244
12.473158	11.336533	1521.302734	21.565817
12.473158	11.336533	1519.673828	20.021063
12.473158	11.336533	1518.042969	21.556469
12.473158	11.336533	1516.414063	24.630625
12.473158	11.336533	1514.783203	20.008043
12.473158	11.336533	1513.150391	18.464956
12.473158	11.336533	1511.519531	18.460951
12.473158	11.336533	1509.888672	15.380789
12.473158	11.336533	1508.255859	15.377452
12.473158	11.336533	1506.623047	16.911526
12.473158	11.336533	1504.990234	18.444933
12.473158	11.336533	1503.357422	21.514418
12.473158	11.336533	1501.722656	16.900515
12.473158	11.336533	1500.089844	19.968998
12.473158	11.336533	1498.455078	15.357431
12.473158	11.336533	1496.820313	15.354095
12.473158	11.336533	1495.185547	18.420912
12.473158	11.336533	1493.548828	13.812682
12.473158	11.336533	1491.914063	16.878498
12.473158	11.336533	1490.277344	16.874828
12.473158	11.336533	1488.640625	10.736193
12.473158	11.336533	1487.003906	16.867493
12.473158	11.336533	1485.367188	13.797674
12.473158	11.336533	1483.728516	16.860155
12.473158	11.336533	1482.091797	15.324080
12.473158	11.336533	1480.453125	15.320745
12.473158	11.336533	1478.814453	16.849152
12.473158	11.336533	1477.175781	22.971115
12.473158	11.336533	1475.535156	18.372892
12.473158	11.336533	1473.896484	19.899633
12.473158	11.336533	1472.255859	26.016930
12.473158	11.336533	1470.615234	13.770669
12.473158	11.336533	1468.974609	21.416374
12.473158	11.336533	1467.333984	21.411709
12.473158	11.336533	1465.691406	16.819818
12.473158	11.336533	1464.050781	19.873634
12.473158	11.336533	1462.408203	24.454527
12.473158	11.336533	1460.765625	13.752672
12.473158	11.336533	1459.123047	22.916122
12.473158	11.336533	1457.478516	21.383715
12.473158	11.336533	1455.835938	12.216600
12.473158	11.336533	1454.191406	15.267419
12.473158	11.336533	1452.546875	15.264087
12.473158	11.336533	1450.902344	15.260756
12.473158	11.336533	1449.257813	19.834652
12.473158	11.336533	1447.611328	12.203275
12.473158	11.336533	1445.966797	19.825991
12.473158	11.336533	1444.320313	15.247431
12.473158	11.336533	1442.673828	21.341740
12.473158	11.336533	1441.025391	15.240769
12.473158	11.336533	1439.378906	27.427391
12.473158	11.336533	1437.730469	15.234109
12.473158	11.336533	1436.083984	16.753857
12.473158	11.336533	1434.435547	24.363918
12.473158	11.336533	1432.787109	16.746531
12.473158	11.336533	1431.136719	15.220789
12.473158	11.336533	1429.488281	18.260950
12.473158	11.336533	1427.837891	15.214129
12.473158	11.336533	1426.187500	10.647560
12.473158	11.336533	1424.537109	16.728218
12.473158	11.336533	1422.886719	13.683727
12.473158	11.336533	1421.234375	18.240974
12.473158	11.336533	1419.583984	18.236980
12.473158	11.336533	1417.931641	24.310646
12.473158	11.336533	1416.279297	18.228991
12.473158	11.336533	1414.626953	24.299995
12.473158	11.336533	1412.974609	19.739420
12.473158	11.336533	1411.320313	18.217009
12.473158	11.336533	1409.666016	24.284019
12.473158	11.336533	1408.011719	19.726439
12.473158	11.336533	1406.357422	18.205027
12.473158	11.336533	1404.703125	16.684280
12.473158	11.336533	1403.048828	18.197041
12.473158	11.336533	1401.392578	15.160872
12.473158	11.336533	1399.736328	15.157544
12.473158	11.336533	1398.080078	18.185061
12.473158	11.336533	1396.423828	13.635800
12.473158	11.336533	1394.765625	12.118050
12.473158	11.336533	1393.109375	21.201929
12.473158	11.336533	1391.451172	18.169090
12.473158	11.336533	1389.792969	19.678856
12.473158	11.336533	1388.134766	15.134254
12.473158	11.336533	1386.476563	15.130928
12.473158	11.336533	1384.816406	21.178642
12.473158	11.336533	1383.156250	16.636702
12.473158	11.336533	1381.496094	21.169327
12.473158	11.336533	1379.835938	16.629383
12.473158	11.336533	1378.175781	15.114295
12.473158	11.336533	1376.515625	13.599873
12.473158	11.336533	1374.853516	18.129171
12.473158	11.336533	1373.191406	22.656475
12.473158	11.336533	1371.529297	16.611090
12.473158	11.336533	1369.867188	24.156265
12.473158	11.336533	1368.205078	13.584906
12.473158	11.336533	1366.541016	19.618319
12.473158	11.336533	1364.876953	15.087688
12.473158	11.336533	1363.212891	21.118109
12.473158	11.336533	1361.548828	16.589142
12.473158	11.336533	1359.884766	16.585484
12.473158	11.336533	1358.218750	18.089264
12.473158	11.336533	1356.554688	12.056849
12.473158	11.336533	1354.888672	9.040643
12.473158	11.336533	1353.222656	22.596619
12.473158	11.336533	1351.554688	19.579414
12.473158	11.336533	1349.888672	19.575092
12.473158	11.336533	1348.220703	19.570768
12.473158	11.336533	1346.552734	13.546002
12.473158	11.336533	1344.884766	16.552568
12.473158	11.336533	1343.216797	18.053358
12.473158	11.336533	1341.548828	12.032912
12.473158	11.336533	1339.878906	9.022690
12.473158	11.336533	1338.208984	12.027594
12.473158	11.336533	1336.539063	19.540518
12.473158	11.336533	1334.869141	15.027843
12.473158	11.336533	1333.199219	16.526972
12.473158	11.336533	1331.527344	15.021195
12.473158	11.336533	1329.857422	12.014297
12.473158	11.336533	1328.185547	19.518911
12.473158	11.336533	1326.513672	16.512346
12.473158	11.336533	1324.839844	13.507111
12.473158	11.336533	1323.167969	22.506865
12.473158	11.336533	1321.494141	22.501881
12.473158	11.336533	1319.820313	13.498137
12.473158	11.336533	1318.146484	11.995686
12.473158	11.336533	1316.472656	8.994770
12.473158	11.336533	1314.798828	17.985552
12.473158	11.336533	1313.123047	13.486174
12.473158	11.336533	1311.447266	14.981314
12.473158	11.336533	1309.771484	20.969187
12.473158	11.336533	1308.095703	20.964535
12.473158	11.336533	1306.419922	22.457018
12.473158	11.336533	1304.742188	17.961626
12.473158	11.336533	1303.064453	19.454109
12.473158	11.336533	1301.386719	20.945929
12.473158	11.336533	1299.708984	11.966443
12.473158	11.336533	1298.031250	11.963785
12.473158	11.336533	1296.351563	16.446550
12.473158	11.336533	1294.671875	20.927322
12.473158	11.336533	1292.994141	13.450288
12.473158	11.336533	1291.312500	14.941442
12.473158	11.336533	1289.632813	19.419556
12.473158	11.336533	1287.953125	19.415237
12.473158	11.336533	1286.271484	10.452033
12.473158	11.336533	1284.589844	16.420969
12.473158	11.336533	1282.908203	16.417315
12.473158	11.336533	1281.226563	14.921510
12.473158	11.336533	1279.542969	16.410006
12.473158	11.336533	1277.861328	17.897839
12.473158	11.336533	1276.177734	23.858469
12.473158	11.336533	1274.494141	19.380688
12.473158	11.336533	1272.810547	22.357349
12.473158	11.336533	1271.125000	22.352367
12.473158	11.336533	1269.441406	20.857559
12.473158	11.336533	1267.755859	13.405442
12.473158	11.336533	1266.070313	22.337421
12.473158	11.336533	1264.384766	16.377121
12.473158	11.336533	1262.697266	13.396474
12.473158	11.336533	1261.011719	20.834309
12.473158	11.336533	1259.324219	19.341827
12.473158	11.336533	1257.636719	17.850008
12.473158	11.336533	1255.949219	26.769035
12.473158	11.336533	1254.261719	19.328875
12.473158	11.336533	1252.572266	23.784069
12.473158	11.336533	1250.882813	13.375550
12.473158	11.336533	1249.193359	19.315922
12.473158	11.336533	1247.503906	22.282621
12.473158	11.336533	1245.814453	13.366584
12.473158	11.336533	1244.125000	23.757502
12.473158	11.336533	1242.433594	14.845119
12.473158	11.336533	1240.742188	13.357617
12.473158	11.336533	1239.050781	23.741562
12.473158	11.336533	1237.359375	19.285704
12.473158	11.336533	1235.666016	16.315020
12.473158	11.336533	1233.974609	17.794218
12.473158	11.336533	1232.281250	13.342675
12.473158	11.336533	1230.587891	20.750624
12.473158	11.336533	1228.892578	11.854842
12.473158	11.336533	1227.199219	19.259802
12.473158	11.336533	1225.503906	19.255486
12.473158	11.336533	1223.810547	17.770311
12.473158	11.336533	1222.115234	22.207909
12.473158	11.336533	1220.417969	16.282146
12.473158	11.336533	1218.722656	13.318769
12.473158	11.336533	1217.025391	16.274843
12.473158	11.336533	1215.330078	11.833593
12.473158	11.336533	1213.632813	16.267538
12.473158	11.336533	1211.933594	25.135098
12.473158	11.336533	1210.236328	19.216640
12.473158	11.336533	1208.537109	14.778711
12.473158	11.336533	1206.839844	22.163088
12.473158	11.336533	1205.140625	16.249279
12.473158	11.336533	1203.439453	11.815001
12.473158	11.336533	1201.740234	11.812346
12.473158	11.336533	1200.041016	13.285901
12.473158	11.336533	1198.339844	10.331155
12.473158	11.336533	1196.638672	14.755473
12.473158	11.336533	1194.937500	10.326508
12.473158	11.336533	1193.234375	19.173483
12.473158	11.336533	1191.533203	25.067373
12.473158	11.336533	1189.830078	22.113293
12.473158	11.336533	1188.126953	16.212763
12.473158	11.336533	1186.423828	13.262000
12.473158	11.336533	1184.720703	13.259013
12.473158	11.336533	1183.015625	19.147593
12.473158	11.336533	1181.312500	16.198158
12.473158	11.336533	1179.607422	19.138962
12.473158	11.336533	1177.902344	16.190855
12.473158	11.336533	1176.195313	17.658768
12.473158	11.336533	1174.490234	16.183554
12.473158	11.336533	1172.783203	11.767201
12.473158	11.336533	1171.076172	17.646820
12.473158	11.336533	1169.369141	19.113073
12.473158	11.336533	1167.662109	20.578663
12.473158	11.336533	1165.953125	17.634871
12.473158	11.336533	1164.246094	19.100130
12.473158	11.336533	1162.537109	26.440359
12.473158	11.336533	1160.828125	16.154346
12.473158	11.336533	1159.117188	24.960167
12.473158	11.336533	1157.408203	23.486610
12.473158	11.336533	1155.697266	19.078558
12.473158	11.336533	1153.986328	22.008741
12.473158	11.336533	1152.275391	22.003763
12.473158	11.336533	1150.564453	16.132442
12.473158	11.336533	1148.853516	17.595047
12.473158	11.336533	1147.140625	17.591064
12.473158	11.336533	1145.427734	19.052673
12.473158	11.336533	1143.714844	23.444134
12.473158	11.336533	1142.001953	14.649265
12.473158	11.336533	1140.287109	21.968920
12.473158	11.336533	1138.574219	20.499680
12.473158	11.336533	1136.859375	10.247518
12.473158	11.336533	1135.144531	20.490389
12.473158	11.336533	1133.427734	20.485743
12.473158	11.336533	1131.712891	20.481098
12.473158	11.336533	1129.996094	14.626038
12.473158	11.336533	1128.279297	16.084991
12.473158	11.336533	1126.562500	21.929102
12.473158	11.336533	1124.845703	14.616084
12.473158	11.336533	1123.128906	21.919149
12.473158	11.336533	1121.410156	24.836061
12.473158	11.336533	1119.691406	21.909195
12.473158	11.336533	1117.972656	20.443937
12.473158	11.336533	1116.253906	13.139545
12.473158	11.336533	1114.533203	14.596177
12.473158	11.336533	1112.814453	17.511431
12.473158	11.336533	1111.093750	16.048496
12.473158	11.336533	1109.373047	20.420713
12.473158	11.336533	1107.652344	16.041197
12.473158	11.336533	1105.929688	13.121630
12.473158	11.336533	1104.208984	16.033899
12.473158	11.336533	1102.486328	13.115659
12.473158	11.336533	1100.763672	14.569636
12.473158	11.336533	1099.039063	14.566319
12.473158	11.336533	1097.316406	16.019302
12.473158	11.336533	1095.591797	20.383558
12.473158	11.336533	1093.867188	20.378914
12.473158	11.336533	1092.142578	17.463661
12.473158	11.336533	1090.417969	20.369627
12.473158	11.336533	1088.693359	18.910341
12.473158	11.336533	1086.966797	17.451719
12.473158	11.336533	1085.240234	10.177848
12.473158	11.336533	1083.513672	10.175526
12.473158	11.336533	1081.787109	15.986464
12.473158	11.336533	1080.058594	13.076848
12.473158	11.336533	1078.332031	13.073863
12.473158	11.336533	1076.603516	11.618558
12.473158	11.336533	1074.875000	18.875845
12.473158	11.336533	1073.144531	17.419878
12.473158	11.336533	1071.416016	20.318548
12.473158	11.336533	1069.685547	17.411919
12.473158	11.336533	1067.955078	20.309261
12.473158	11.336533	1066.224609	11.602639
12.473158	11.336533	1064.494141	13.049984
12.473158	11.336533	1062.763672	7.248333
12.473158	11.336533	1061.031250	5.797340
12.473158	11.336533	1059.298828	15.939036
12.473158	11.336533	1057.566406	18.832733
12.473158	11.336533	1055.832031	15.931741
12.473158	11.336533	1054.099609	18.824110
12.473158	11.336533	1052.365234	14.476768
12.473158	11.336533	1050.630859	11.578762
12.473158	11.336533	1048.896484	17.364164
12.473158	11.336533	1047.162109	15.913504
12.473158	11.336533	1045.425781	14.463506
12.473158	11.336533	1043.691406	13.014171
12.473158	11.336533	1041.955078	14.456874
12.473158	11.336533	1040.218750	15.898914
12.473158	11.336533	1038.480469	18.785315
12.473158	11.336533	1036.744141	15.891620
12.473158	11.336533	1035.005859	25.998501
12.473158	11.336533	1033.267578	21.660444
12.473158	11.336533	1031.529297	18.768076
12.473158	11.336533	1029.789063	18.763765
12.473158	11.336533	1028.050781	15.873385
12.473158	11.336533	1026.310547	21.640553
12.473158	11.336533	1024.570313	18.750835
12.473158	11.336533	1022.830078	15.862446
12.473158	11.336533	1021.089844	20.183926
12.473158	11.336533	1019.347656	15.855153
12.473158	11.336533	1017.605469	18.733599
12.473158	11.336533	1015.863281	21.610718
12.473158	11.336533	1014.121094	23.046129
12.473158	11.336533	1012.378906	30.241083
12.473158	11.336533	1010.634766	23.035522
12.473158	11.336533	1008.890625	30.227163
12.473158	11.336533	1007.146484	18.707745
12.473158	11.336533	1005.402344	24.458338
12.473158	11.336533	1003.656250	15.822338
12.473158	11.336533	1001.912109	24.447069
12.473158	11.336533	1000.166016	24.441437
12.473158	11.336533	998.419922	24.435802
12.473158	11.336533	996.673828	21.556030
12.473158	11.336533	994.925781	27.298008
12.473158	11.336533	993.177734	30.164524
12.473158	11.336533	991.431641	38.774014
12.473158	11.336533	989.681641	38.765064
12.473158	11.336533	987.933594	25.837412
12.473158	11.336533	986.185547	37.312092
12.473158	11.336533	984.435547	38.738224
12.473158	11.336533	982.685547	37.294861
12.473158	11.336533	980.935547	34.418072
12.473158	11.336533	979.185547	35.843876
12.473158	11.336533	977.433594	28.668474
12.473158	11.336533	975.681641	27.228756
12.473158	11.336533	973.929688	35.819027
12.473158	11.336533	972.177734	27.216166
12.473158	11.336533	970.425781	30.074068
12.473158	11.336533	968.671875	32.930645
12.473158	11.336533	966.917969	34.354462
12.473158	11.336533	965.164063	34.346512
12.473158	11.336533	963.410156	37.200108
12.473158	11.336533	961.656250	34.330612
12.473158	11.336533	959.900391	40.043106
12.473158	11.336533	958.144531	35.744492
12.473158	11.336533	956.388672	41.454006
12.473158	11.336533	954.632813	37.157047
12.473158	11.336533	952.876953	34.290863
12.473158	11.336533	951.119141	29.997551
12.473158	11.336533	949.361328	35.703091
12.473158	11.336533	947.603516	34.267017
12.473158	11.336533	945.845703	24.266842
12.473158	11.336533	944.085938	31.396862
12.473158	11.336533	942.328125	32.816376
12.473158	11.336533	940.568359	32.808758
12.473158	11.336533	938.808594	27.096598
12.473158	11.336533	937.046875	25.664499
12.473158	11.336533	935.287109	27.084015
12.473158	11.336533	933.525391	28.502867
12.473158	11.336533	931.763672	27.071432
12.473158	11.336533	930.001953	31.338585
12.473158	11.336533	928.240234	19.938101
12.473158	11.336533	926.476563	22.781103
12.473158	11.336533	924.712891	18.505342
12.473158	11.336533	922.949219	22.770510
12.473158	11.336533	921.185547	19.919561
12.473158	11.336533	919.419922	15.647443
12.473158	11.336533	917.656250	17.065966
12.473158	11.336533	915.890625	19.905659
12.473158	11.336533	914.125000	21.322527
12.473158	11.336533	912.359375	27.002245
12.473158	11.336533	910.591797	12.787559
12.473158	11.336533	908.824219	17.046106
12.473158	11.336533	907.058594	18.462313
12.473158	11.336533	905.289063	24.137400
12.473158	11.336533	903.521484	24.131773
12.473158	11.336533	901.753906	21.287777
12.473158	11.336533	899.984375	19.863960
12.473158	11.336533	898.214844	21.277849
12.473158	11.336533	896.445313	25.527464
12.473158	11.336533	894.673828	25.521509
12.473158	11.336533	892.904297	17.010368
12.473158	11.336533	891.132813	17.006399
12.473158	11.336533	889.361328	17.002428
12.473158	11.336533	887.589844	18.414997
12.473158	11.336533	885.816406	21.243111
12.473158	11.336533	884.044922	24.069902
12.473158	11.336533	882.271484	22.648733
12.473158	11.336533	880.498047	16.982580
12.473158	11.336533	878.722656	25.467916
12.473158	11.336533	876.949219	19.803749
12.473158	11.336533	875.173828	25.456011
12.473158	11.336533	873.398438	12.725029
12.473158	11.336533	871.623047	19.789860
12.473158	11.336533	869.847656	15.545537
12.473158	11.336533	868.070313	18.367699
12.473158	11.336533	866.292969	14.125693
12.473158	11.336533	864.515625	19.771341
12.473158	11.336533	862.738281	22.590528
12.473158	11.336533	860.960938	22.585238
12.473158	11.336533	859.181641	16.934961
12.473158	11.336533	857.402344	14.109161
12.473158	11.336533	855.623047	23.979954
12.473158	11.336533	853.843750	19.743570
12.473158	11.336533	852.064453	18.329018
12.473158	11.336533	850.283203	18.324720
12.473158	11.336533	848.501953	26.776003
12.473158	11.336533	846.720703	23.951859
12.473158	11.336533	844.939453	28.172047
12.473158	11.336533	843.156250	14.082718
12.473158	11.336533	841.373047	15.487354
12.473158	11.336533	839.589844	16.891331
12.473158	11.336533	837.806641	15.480084
12.473158	11.336533	836.023438	23.918150
12.473158	11.336533	834.238281	21.099295
12.473158	11.336533	832.453125	19.688049
12.473158	11.336533	830.667969	18.277464
12.473158	11.336533	828.882813	22.490055
12.473158	11.336533	827.095703	21.079472
12.473158	11.336533	825.310547	15.454645
12.473158	11.336533	823.523438	14.046374
12.473158	11.336533	821.736328	21.064608
12.473158	11.336533	819.947266	21.059652
12.473158	11.336533	818.160156	26.669285
12.473158	11.336533	816.371094	23.856377
12.473158	11.336533	814.582031	19.641806
12.473158	11.336533	812.792969	19.637182
12.473158	11.336533	811.001953	28.046513
12.473158	11.336533	809.212891	16.823946
12.473158	11.336533	807.421875	19.623314
12.473158	11.336533	805.630859	18.217358
12.473158	11.336533	803.839844	18.213064
12.473158	11.336533	802.046875	22.410799
12.473158	11.336533	800.253906	19.604828
12.473158	11.336533	798.460938	22.400236
12.473158	11.336533	796.667969	16.796215
12.473158	11.336533	794.875000	9.795482
12.473158	11.336533	793.080078	19.586344
12.473158	11.336533	791.285156	23.777807
12.473158	11.336533	789.490234	20.975468
12.473158	11.336533	787.695313	23.766588
12.473158	11.336533	785.900391	23.760979
12.473158	11.336533	784.103516	19.563246
12.473158	11.336533	782.306641	18.161583
12.473158	11.336533	780.509766	27.934298
12.473158	11.336533	778.712891	18.153006
12.473158	11.336533	776.914063	23.732937
12.473158	11.336533	775.115234	27.914507
12.473158	11.336533	773.318359	27.907909
12.473158	11.336533	771.517578	22.321051
12.473158	11.336533	769.718750	23.710510
12.473158	11.336533	767.917969	23.704905
12.473158	11.336533	766.117188	18.122993
12.473158	11.336533	764.316406	20.906200
12.473158	11.336533	762.515625	19.507837
12.473158	11.336533	760.714844	16.717047
12.473158	11.336533	758.912109	23.676880
12.473158	11.336533	757.109375	18.101564
12.473158	11.336533	755.306641	20.881475
12.473158	11.336533	753.501953	25.051838
12.473158	11.336533	751.699219	18.088709
12.473158	11.336533	749.894531	27.822193
12.473158	11.336533	748.089844	19.470922
12.473158	11.336533	746.285156	25.028111
12.473158	11.336533	744.478516	15.291332
12.473158	11.336533	742.673828	20.846874
12.473158	11.336533	740.867188	23.620857
12.473158	11.336533	739.060547	22.226124
12.473158	11.336533	737.251953	18.054443
12.473158	11.336533	735.445313	27.769480
12.473158	11.336533	733.636719	27.762894
12.473158	11.336533	731.828125	27.756306
12.473158	11.336533	730.019531	15.262346
12.473158	11.336533	728.208984	23.581665
12.473158	11.336533	726.400391	15.255102
12.473158	11.336533	724.589844	15.251480
12.473158	11.336533	722.779297	12.475521
12.473158	11.336533	720.966797	20.787598
12.473158	11.336533	719.156250	20.782660
12.473158	11.336533	717.343750	24.933268
12.473158	11.336533	715.531250	22.157639
12.473158	11.336533	713.718750	27.690466
12.473158	11.336533	711.904297	20.762913
12.473158	11.336533	710.091797	20.757978
12.473158	11.336533	708.277344	16.602434
12.473158	11.336533	706.462891	24.897728
12.473158	11.336533	704.646484	15.211660
12.473158	11.336533	702.832031	16.590591
12.473158	11.336533	701.015625	9.675542
12.473158	11.336533	699.199219	16.582697
12.473158	11.336533	697.382813	19.341875
12.473158	11.336533	695.566406	19.337273
12.473158	11.336533	693.748047	19.332668
12.473158	11.336533	691.929688	16.566914
12.473158	11.336533	690.111328	19.323463
12.473158	11.336533	688.292969	13.799186
12.473158	11.336533	686.472656	20.693848
12.473158	11.336533	684.652344	15.171873
12.473158	11.336533	682.832031	19.305056
12.473158	11.336533	681.011719	17.921850
12.473158	11.336533	679.191406	23.430681
12.473158	11.336533	677.369141	17.913307
12.473158	11.336533	675.546875	22.041891
12.473158	11.336533	673.724609	22.036634
12.473158	11.336533	671.902344	16.523535
12.473158	11.336533	670.078125	17.896225
12.473158	11.336533	668.255859	22.020868
12.473158	11.336533	666.431641	23.391590
12.473158	11.336533	664.607422	22.010361
12.473158	11.336533	662.781250	30.257021
12.473158	11.336533	660.957031	17.874880
12.473158	11.336533	659.130859	28.867912
12.473158	11.336533	657.304688	26.112350
12.473158	11.336533	655.476563	21.984097
12.473158	11.336533	653.650391	16.484135
12.473158	11.336533	651.822266	20.600245
12.473158	11.336533	649.994141	27.460430
12.473158	11.336533	648.166016	21.963095
12.473158	11.336533	646.335938	31.564402
12.473158	11.336533	644.507813	28.812782
12.473158	11.336533	642.677734	28.805895
12.473158	11.336533	640.847656	20.570719
12.473158	11.336533	639.015625	26.050013
12.473158	11.336533	637.185547	41.121761
12.473158	11.336533	635.353516	30.148745
12.473158	11.336533	633.521484	30.141531
12.473158	11.336533	631.689453	24.655352
12.473158	11.336533	629.855469	34.235348
12.473158	11.336533	628.023438	32.858067
12.473158	11.336533	626.189453	28.743927
12.473158	11.336533	624.355469	36.947632
12.473158	11.336533	622.519531	31.466370
12.473158	11.336533	620.685547	36.929935
12.473158	11.336533	618.849609	39.655987
12.473158	11.336533	617.013672	30.076645
12.473158	11.336533	615.177734	27.335854
12.473158	11.336533	613.339844	35.528095
12.473158	11.336533	611.503906	32.787304
12.473158	11.336533	609.666016	23.218775
12.473158	11.336533	607.828125	32.771587
12.473158	11.336533	605.988281	27.303110
12.473158	11.336533	604.150391	27.296564
12.473158	11.336533	602.310547	28.654518
12.473158	11.336533	600.470703	28.647646
12.473158	11.336533	598.628906	19.093849
12.473158	11.336533	596.789063	20.452787
12.473158	11.336533	594.947266	24.537457
12.473158	11.336533	593.105469	29.983027
12.473158	11.336533	591.263672	21.800604
12.473158	11.336533	589.421875	17.708740
12.473158	11.336533	587.578125	23.152023
12.473158	11.336533	585.734375	19.061794
12.473158	11.336533	583.890625	24.502136
12.473158	11.336533	582.046875	25.857155
12.473158	11.336533	580.201172	23.129791
12.473158	11.336533	578.355469	25.844734
12.473158	11.336533	576.509766	21.758757
12.473158	11.336533	574.664063	21.753529
12.473158	11.336533	572.818359	25.826109
12.473158	11.336533	570.970703	21.743074
12.473158	11.336533	569.123047	24.455080
12.473158	11.336533	567.275391	19.016045
12.473158	11.336533	565.427734	25.801285
12.473158	11.336533	563.578125	23.079809
12.473158	11.336533	561.728516	23.074259
12.473158	11.336533	559.878906	23.068708
12.473158	11.336533	558.029297	21.706503
12.473158	11.336533	556.177734	21.701281
12.473158	11.336533	554.328125	21.696060
12.473158	11.336533	552.476563	21.690838
12.473158	11.336533	550.625000	20.330267
12.473158	11.336533	548.771484	28.455523
12.473158	11.336533	546.919922	31.158072
12.473158	11.336533	545.066406	25.733080
12.473158	11.336533	543.212891	25.726883
12.473158	11.336533	541.357422	24.366968
12.473158	11.336533	539.503906	35.188255
12.473158	11.336533	537.648438	36.532848
12.473158	11.336533	535.792969	48.698730
12.473158	11.336533	533.937500	40.572498
12.473158	11.336533	532.080078	41.914814
12.473158	11.336533	530.224609	48.663540
12.473158	11.336533	528.367188	60.814766
12.473158	11.336533	526.507813	97.280167
12.473158	11.336533	524.650391	174.251633
12.473158	11.336533	522.791016	322.760468
12.473158	11.336533	520.933594	567.057373
12.473158	11.336533	519.074219	437.338776
12.473158	11.336533	517.212891	232.111511
12.473158	11.336533	515.353516	141.661804
12.473158	11.336533	513.492188	102.511429
12.473158	11.336533	511.630859	82.259064
12.473158	11.336533	509.769531	72.801933
12.473158	11.336533	507.906250	52.566486
12.473158	11.336533	506.044922	57.943935
12.473158	11.336533	504.181641	48.499493
12.473158	11.336533	502.318359	49.834671
12.473158	11.336533	500.453125	45.782970
12.473158	11.336533	498.589844	53.849312
12.473158	11.336533	496.724609	52.490406
12.473158	11.336533	494.859375	49.786564
12.473158	11.336533	492.992188	49.774544
12.473158	11.336533	491.126953	40.347992
12.473158	11.336533	489.259766	47.061287
12.473158	11.336533	487.392578	38.984219
12.473158	11.336533	485.525391	52.414387
12.473158	11.336533	483.656250	38.965385
12.473158	11.336533	481.789063	44.329208
12.473158	11.336533	479.919922	44.318497
12.473158	11.336533	478.050781	30.881184
12.473158	11.336533	476.179688	29.531385
12.473158	11.336533	474.310547	30.866259
12.473158	11.336533	472.439453	28.175423
12.473158	11.336533	470.568359	32.192699
12.473158	11.336533	468.695313	32.184917
12.473158	11.336533	466.824219	30.836420
12.473158	11.336533	464.951172	25.467403
12.473158	11.336533	463.078125	33.501640
12.473158	11.336533	461.205078	25.455088
12.473158	11.336533	459.330078	20.091261
12.473158	11.336533	457.457031	21.425493
12.473158	11.336533	455.582031	26.775389
12.473158	11.336533	453.707031	24.092018
12.473158	11.336533	451.830078	25.424311
12.473158	11.336533	449.955078	28.093754
12.473158	11.336533	448.078125	26.749481
12.473158	11.336533	446.201172	24.068707
12.473158	11.336533	444.322266	24.062881
12.473158	11.336533	442.445313	30.739571
12.473158	11.336533	440.566406	32.068310
12.473158	11.336533	438.687500	25.381266
12.473158	11.336533	436.808594	30.717251
12.473158	11.336533	434.927734	25.368975
12.473158	11.336533	433.048828	24.027946
12.473158	11.336533	431.167969	24.022127
12.473158	11.336533	429.285156	21.347830
12.473158	11.336533	427.404297	26.678324
12.473158	11.336533	425.521484	24.004675
12.473158	11.336533	423.638672	27.998671
12.473158	11.336533	421.755859	31.990726
12.473158	11.336533	419.873047	25.319857
12.473158	11.336533	417.988281	26.646023
12.473158	11.336533	416.105469	22.643631
12.473158	11.336533	414.220703	34.623043
12.473158	11.336533	412.333984	27.957987
12.473158	11.336533	410.449219	21.296160
12.473158	11.336533	408.562500	22.621685
12.473158	11.336533	406.675781	34.589485
12.473158	11.336533	404.789063	30.590973
12.473158	11.336533	402.900391	42.551033
12.473158	11.336533	401.013672	50.517101
12.473158	11.336533	399.125000	66.453758
12.473158	11.336533	397.236328	81.053917
12.473158	11.336533	395.345703	67.749962
12.473158	11.336533	393.457031	78.358398
12.473158	11.336533	391.566406	65.061531
12.473158	11.336533	389.675781	49.116177
12.473158	11.336533	387.783203	59.721401
12.473158	11.336533	385.892578	53.072811
12.473158	11.336533	384.000000	41.121449
12.473158	11.336533	382.107422	53.047062
12.473158	11.336533	380.214844	47.730774
12.473158	11.336533	378.320313	45.068127
12.473158	11.336533	376.425781	71.561417
12.473158	11.336533	374.531250	74.193832
12.473158	11.336533	372.636719	67.552986
12.473158	11.336533	370.742188	50.321381
12.473158	11.336533	368.845703	42.365616
12.473158	11.336533	366.949219	51.620560
12.473158	11.336533	365.052734	44.991615
12.473158	11.336533	363.154297	47.626617
12.473158	11.336533	361.257813	51.582977
12.473158	11.336533	359.359375	52.892776
12.473158	11.336533	357.460938	48.913940
12.473158	11.336533	355.560547	44.937031
12.473158	11.336533	353.662109	44.926121
12.473158	11.336533	351.761719	44.915211
12.473158	11.336533	349.861328	52.828594
12.473158	11.336533	347.960938	50.174976
12.473158	11.336533	346.058594	51.482864
12.473158	11.336533	344.156250	42.232090
12.473158	11.336533	342.253906	39.582970
12.473158	11.336533	340.351563	47.488029
12.473158	11.336533	338.449219	48.795284
12.473158	11.336533	336.544922	38.235664
12.473158	11.336533	334.640625	35.590073
12.473158	11.336533	332.736328	36.899258
12.473158	11.336533	330.832031	27.667721
12.473158	11.336533	328.925781	42.150093
12.473158	11.336533	327.019531	38.189243
12.473158	11.336533	325.113281	35.546864
12.473158	11.336533	323.207031	26.324614
12.473158	11.336533	321.298828	30.265949
12.473158	11.336533	319.390625	30.258595
12.473158	11.336533	317.482422	22.359613
12.473158	11.336533	315.574219	28.928940
12.473158	11.336533	313.664063	28.921909
12.473158	11.336533	311.753906	30.229195
12.473158	11.336533	309.843750	30.221848
12.473158	11.336533	307.933594	31.528177
12.473158	11.336533	306.023438	31.520515
12.473158	11.336533	304.111328	30.199820
12.473158	11.336533	302.199219	34.130630
12.473158	11.336533	300.287109	34.122334
12.473158	11.336533	298.373047	30.177805
12.473158	11.336533	296.458984	36.729267
12.473158	11.336533	294.546875	38.031780
12.473158	11.336533	292.630859	34.089169
12.473158	11.336533	290.716797	35.391685
12.473158	11.336533	288.800781	47.177444
12.473158	11.336533	286.884766	45.855808
12.473158	11.336533	284.968750	49.774204
12.473158	11.336533	283.052734	52.381165
12.473158	11.336533	281.134766	61.532906
12.473158	11.336533	279.218750	56.282375
12.473158	11.336533	277.298828	62.811565
12.473158	11.336533	275.380859	53.638500
12.473158	11.336533	273.462891	62.781029
12.473158	11.336533	271.542969	66.688622
12.473158	11.336533	269.623047	82.360039
12.473158	11.336533	267.701172	84.953979
12.473158	11.336533	265.781250	92.773323
12.473158	11.336533	263.859375	176.357101
12.473158	11.336533	261.937500	272.960541
12.473158	11.336533	260.015625	284.645599
12.473158	11.336533	258.093750	233.665924
12.473158	11.336533	256.169922	251.880219
12.473158	11.336533	254.246094	233.552322
12.473158	11.336533	252.322266	429.162170
12.473158	11.336533	250.396484	1446.276978
12.473158	11.336533	248.472656	1975.272217
12.473158	11.336533	246.546875	931.997559
12.473158	11.336533	244.621094	409.197296
12.473158	11.336533	242.693359	265.783295
12.473158	11.336533	240.767578	187.566116
12.473158	11.336533	238.839844	156.267090
12.473158	11.336533	236.912109	127.587097
12.473158	11.336533	234.982422	110.635376
12.473158	11.336533	233.054688	87.185501
12.473158	11.336533	231.125000	74.154709
12.473158	11.336533	229.195313	62.430885
12.473158	11.336533	227.263672	74.118652
12.473158	11.336533	225.333984	68.900589
12.473158	11.336533	223.402344	75.382309
12.473158	11.336533	221.470703	76.663361
12.473158	11.336533	219.539063	83.140038
12.473158	11.336533	217.605469	79.223587
12.473158	11.336533	215.673828	79.204323
12.473158	11.336533	213.740234	59.713329
12.473158	11.336533	211.804688	58.401012
12.473158	11.336533	209.871094	57.089329
12.473158	11.336533	207.935547	57.075451
12.473158	11.336533	206.000000	47.983597
12.473158	11.336533	204.064453	36.303085
12.473158	11.336533	202.128906	31.109365
12.473158	11.336533	200.191406	34.989529
12.473158	11.336533	198.253906	36.276615
12.473158	11.336533	196.316406	29.791407
12.473158	11.336533	194.376953	28.489201
12.473158	11.336533	192.439453	29.776926
12.473158	11.336533	190.500000	23.298016
12.473158	11.336533	188.560547	20.704315
12.473158	11.336533	186.619141	27.167809
12.473158	11.336533	184.679688	23.281033
12.473158	11.336533	182.738281	20.689222
12.473158	11.336533	180.796875	28.440767
12.473158	11.336533	178.855469	19.386719
12.473158	11.336533	176.912109	21.966276
12.473158	11.336533	174.968750	21.960938
12.473158	11.336533	173.025391	23.247108
12.473158	11.336533	171.082031	23.241459
12.473158	11.336533	169.136719	21.944933
12.473158	11.336533	167.193359	20.649036
12.473158	11.336533	165.246094	21.934271
12.473158	11.336533	163.300781	16.769192
12.473158	11.336533	161.355469	24.502863
12.473158	11.336533	159.408203	25.786222
12.473158	11.336533	157.460938	32.224949
12.473158	11.336533	155.513672	33.505806
12.473158	11.336533	153.564453	29.632551
12.473158	11.336533	151.617188	27.049234
12.473158	11.336533	149.667969	27.042665
12.473158	11.336533	147.716797	39.910431
12.473158	11.336533	145.767578	41.187859
12.473158	11.336533	143.816406	42.464664
12.473158	11.336533	141.865234	48.886829
12.473158	11.336533	139.914063	59.164425
12.473158	11.336533	137.962891	64.293541
12.473158	11.336533	136.009766	65.563492
12.473158	11.336533	134.056641	48.839367
12.473158	11.336533	132.103516	53.967247
12.473158	11.336533	130.150391	53.954147
12.473158	11.336533	128.195313	46.235184
12.473158	11.336533	126.240234	38.519970
12.473158	11.336533	124.285156	44.929054
12.473158	11.336533	122.330078	43.634773
12.473158	11.336533	120.373047	59.020958
12.473158	11.336533	118.416016	53.875622
12.473158	11.336533	116.458984	56.427433
12.473158	11.336533	114.501953	43.592434
12.473158	11.336533	112.542969	43.581860
12.473158	11.336533	110.583984	30.756201
12.473158	11.336533	108.625000	26.905148
12.473158	11.336533	106.666016	21.775074
12.473158	11.336533	104.705078	17.928064
12.473158	11.336533	102.746094	15.363185
12.473158	11.336533	100.785156	6.399775
12.473158	11.336533	98.822266	6.398222
12.473158	11.336533	96.861328	3.838002
12.473158	11.336533	94.898438	5.116096
12.473158	11.336533	92.935547	1.278714
12.473158	11.336533	90.972656	3.835212
12.473158	11.336533	89.007813	1.278094
12.473158	11.336533	87.044922	3.833352
12.473158	11.336533	85.080078	1.277474
12.473158	11.336533	83.113281	2.554329
12.473158	11.336533	81.148438	-2.553710
12.473158	11.336533	79.181641	0.000000
12.473158	11.336533	77.214844	0.000000
12.473158	11.336533	75.248047	3.827782
12.473158	11.336533	73.281250	1.275618
12.473158	11.336533	71.312500	-1.275309
12.473158	11.336533	69.343750	1.275000
12.473158	11.336533	67.375000	3.824074
12.473158	11.336533	65.404297	3.823148
12.473158	11.336533	63.435547	2.548148
12.473158	11.336533	61.464844	2.547531
12.473158	11.336533	59.494141	1.273457
-3.526842	15.336533	1838.757813	17.678934
-3.526842	15.336533	1837.195313	8.035879
-3.526842	15.336533	1835.632813	24.102509
-3.526842	15.336533	1834.070313	20.884396
-3.526842	15.336533	1832.507813	17.667652
-3.526842	15.336533	1830.945313	24.087126
-3.526842	15.336533	1829.382813	17.660133
-3.526842	15.336533	1827.818359	20.866625
-3.526842	15.336533	1826.253906	20.862185
-3.526842	15.336533	1824.689453	17.648861
-3.526842	15.336533	1823.125000	20.853306
-3.526842	15.336533	1821.560547	17.641350
-3.526842	15.336533	1819.994141	16.034178
-3.526842	15.336533	1818.429688	16.030764
-3.526842	15.336533	1816.863281	17.630087
-3.526842	15.336533	1815.296875	20.831123
-3.526842	15.336533	1813.730469	24.030796
-3.526842	15.336533	1812.162109	19.220545
-3.526842	15.336533	1810.595703	20.817823
-3.526842	15.336533	1809.027344	20.813393
-3.526842	15.336533	1807.458984	24.010340
-3.526842	15.336533	1805.890625	20.804531
-3.526842	15.336533	1804.322266	17.600086
-3.526842	15.336533	1802.753906	23.995008
-3.526842	15.336533	1801.183594	15.993266
-3.526842	15.336533	1799.613281	22.385805
-3.526842	15.336533	1798.042969	14.387811
-3.526842	15.336533	1796.472656	20.777967
-3.526842	15.336533	1794.902344	15.979649
-3.526842	15.336533	1793.332031	14.378621
-3.526842	15.336533	1791.759766	14.375560
-3.526842	15.336533	1790.187500	19.163330
-3.526842	15.336533	1788.617188	15.966041
-3.526842	15.336533	1787.044922	22.347696
-3.526842	15.336533	1785.470703	17.555164
-3.526842	15.336533	1783.898438	15.955841
-3.526842	15.336533	1782.324219	19.142931
-3.526842	15.336533	1780.750000	12.759235
-3.526842	15.336533	1779.177734	12.756517
-3.526842	15.336533	1777.601563	23.913374
-3.526842	15.336533	1776.027344	22.314394
-3.526842	15.336533	1774.453125	12.748365
-3.526842	15.336533	1772.876953	11.152443
-3.526842	15.336533	1771.300781	15.928666
-3.526842	15.336533	1769.724609	15.925272
-3.526842	15.336533	1768.148438	17.514067
-3.526842	15.336533	1766.572266	17.510334
-3.526842	15.336533	1764.994141	11.140565
-3.526842	15.336533	1763.417969	17.502871
-3.526842	15.336533	1761.839844	15.908308
-3.526842	15.336533	1760.261719	19.085901
-3.526842	15.336533	1758.683594	22.262136
-3.526842	15.336533	1757.103516	19.077765
-3.526842	15.336533	1755.525391	17.484222
-3.526842	15.336533	1753.945313	20.658766
-3.526842	15.336533	1752.365234	20.654360
-3.526842	15.336533	1750.785156	19.061497
-3.526842	15.336533	1749.205078	17.469313
-3.526842	15.336533	1747.625000	17.465588
-3.526842	15.336533	1746.042969	20.636747
-3.526842	15.336533	1744.460938	20.632345
-3.526842	15.336533	1742.878906	15.867649
-3.526842	15.336533	1741.296875	23.796396
-3.526842	15.336533	1739.714844	20.619143
-3.526842	15.336533	1738.132813	19.028994
-3.526842	15.336533	1736.548828	22.195757
-3.526842	15.336533	1734.964844	15.850729
-3.526842	15.336533	1733.380859	23.771019
-3.526842	15.336533	1731.796875	17.428360
-3.526842	15.336533	1730.212891	19.008699
-3.526842	15.336533	1728.628906	15.837201
-3.526842	15.336533	1727.042969	22.167349
-3.526842	15.336533	1725.457031	15.830441
-3.526842	15.336533	1723.871094	22.157885
-3.526842	15.336533	1722.285156	28.482626
-3.526842	15.336533	1720.699219	17.402332
-3.526842	15.336533	1719.111328	15.816924
-3.526842	15.336533	1717.525391	22.138966
-3.526842	15.336533	1715.937500	14.229153
-3.526842	15.336533	1714.349609	15.806792
-3.526842	15.336533	1712.759766	15.803415
-3.526842	15.336533	1711.171875	20.540051
-3.526842	15.336533	1709.583984	25.274662
-3.526842	15.336533	1707.994141	14.213960
-3.526842	15.336533	1706.404297	20.526888
-3.526842	15.336533	1704.814453	12.629231
-3.526842	15.336533	1703.224609	14.204849
-3.526842	15.336533	1701.632813	12.623834
-3.526842	15.336533	1700.042969	17.354061
-3.526842	15.336533	1698.451172	15.773046
-3.526842	15.336533	1696.859375	11.038773
-3.526842	15.336533	1695.267578	14.189672
-3.526842	15.336533	1693.675781	15.762932
-3.526842	15.336533	1692.082031	15.759561
-3.526842	15.336533	1690.490234	20.483047
-3.526842	15.336533	1688.896484	14.177538
-3.526842	15.336533	1687.302734	18.899340
-3.526842	15.336533	1685.708984	15.746081
-3.526842	15.336533	1684.113281	17.316984
-3.526842	15.336533	1682.519531	12.591475
-3.526842	15.336533	1680.923828	20.456768
-3.526842	15.336533	1679.328125	20.452391
-3.526842	15.336533	1677.732422	18.875090
-3.526842	15.336533	1676.136719	15.725874
-3.526842	15.336533	1674.541016	17.294758
-3.526842	15.336533	1672.943359	12.575313
-3.526842	15.336533	1671.345703	17.287354
-3.526842	15.336533	1669.748047	14.141170
-3.526842	15.336533	1668.150391	14.138141
-3.526842	15.336533	1666.552734	15.705681
-3.526842	15.336533	1664.955078	21.983244
-3.526842	15.336533	1663.355469	23.548429
-3.526842	15.336533	1661.755859	17.265148
-3.526842	15.336533	1660.156250	21.969116
-3.526842	15.336533	1658.556641	9.413318
-3.526842	15.336533	1656.957031	14.116951
-3.526842	15.336533	1655.355469	18.818567
-3.526842	15.336533	1653.755859	20.382410
-3.526842	15.336533	1652.154297	25.080666
-3.526842	15.336533	1650.552734	18.806467
-3.526842	15.336533	1648.951172	18.802433
-3.526842	15.336533	1647.347656	21.931469
-3.526842	15.336533	1645.746094	21.926765
-3.526842	15.336533	1644.142578	17.224478
-3.526842	15.336533	1642.539063	15.655256
-3.526842	15.336533	1640.935547	17.217087
-3.526842	15.336533	1639.332031	21.907955
-3.526842	15.336533	1637.728516	17.209700
-3.526842	15.336533	1636.123047	21.898552
-3.526842	15.336533	1634.517578	23.457699
-3.526842	15.336533	1632.912109	17.198620
-3.526842	15.336533	1631.306641	26.573978
-3.526842	15.336533	1629.701172	20.316914
-3.526842	15.336533	1628.093750	20.312551
-3.526842	15.336533	1626.488281	20.308187
-3.526842	15.336533	1624.880859	14.056495
-3.526842	15.336533	1623.273438	20.299465
-3.526842	15.336533	1621.666016	18.733942
-3.526842	15.336533	1620.056641	24.973221
-3.526842	15.336533	1618.449219	12.483927
-3.526842	15.336533	1616.839844	12.481244
-3.526842	15.336533	1615.230469	9.358921
-3.526842	15.336533	1613.621094	15.594848
-3.526842	15.336533	1612.011719	12.473196
-3.526842	15.336533	1610.400391	17.146957
-3.526842	15.336533	1608.791016	15.584790
-3.526842	15.336533	1607.179688	17.139582
-3.526842	15.336533	1605.568359	18.693703
-3.526842	15.336533	1603.957031	12.459787
-3.526842	15.336533	1602.345703	14.014245
-3.526842	15.336533	1600.732422	17.124836
-3.526842	15.336533	1599.121094	14.008214
-3.526842	15.336533	1597.507813	17.117464
-3.526842	15.336533	1595.894531	20.225376
-3.526842	15.336533	1594.281250	21.776484
-3.526842	15.336533	1592.666016	20.216667
-3.526842	15.336533	1591.052734	24.876692
-3.526842	15.336533	1589.437500	20.207960
-3.526842	15.336533	1587.822266	17.095360
-3.526842	15.336533	1586.207031	20.199253
-3.526842	15.336533	1584.591797	21.748354
-3.526842	15.336533	1582.974609	20.190548
-3.526842	15.336533	1581.359375	18.633411
-3.526842	15.336533	1579.742188	12.419597
-3.526842	15.336533	1578.125000	23.281723
-3.526842	15.336533	1576.507813	13.966022
-3.526842	15.336533	1574.888672	15.514456
-3.526842	15.336533	1573.271484	17.062220
-3.526842	15.336533	1571.652344	20.160093
-3.526842	15.336533	1570.033203	18.605301
-3.526842	15.336533	1568.414063	17.051180
-3.526842	15.336533	1566.794922	24.796364
-3.526842	15.336533	1565.173828	13.944944
-3.526842	15.336533	1563.554688	17.040142
-3.526842	15.336533	1561.933594	20.134001
-3.526842	15.336533	1560.312500	20.129654
-3.526842	15.336533	1558.691406	21.673407
-3.526842	15.336533	1557.070313	17.025427
-3.526842	15.336533	1555.447266	18.569181
-3.526842	15.336533	1553.826172	17.018072
-3.526842	15.336533	1552.203125	23.201447
-3.526842	15.336533	1550.580078	20.103575
-3.526842	15.336533	1548.955078	13.914851
-3.526842	15.336533	1547.332031	13.911843
-3.526842	15.336533	1545.708984	16.999687
-3.526842	15.336533	1544.083984	18.541103
-3.526842	15.336533	1542.458984	16.992334
-3.526842	15.336533	1540.833984	15.444236
-3.526842	15.336533	1539.207031	15.440895
-3.526842	15.336533	1537.582031	20.068821
-3.526842	15.336533	1535.955078	23.151320
-3.526842	15.336533	1534.330078	24.689396
-3.526842	15.336533	1532.703125	15.427532
-3.526842	15.336533	1531.074219	15.424192
-3.526842	15.336533	1529.447266	15.420852
-3.526842	15.336533	1527.818359	18.501015
-3.526842	15.336533	1526.191406	12.331338
-3.526842	15.336533	1524.562500	20.034084
-3.526842	15.336533	1522.933594	24.651991
-3.526842	15.336533	1521.302734	12.323324
-3.526842	15.336533	1519.673828	23.101225
-3.526842	15.336533	1518.042969	10.778234
-3.526842	15.336533	1516.414063	18.472969
-3.526842	15.336533	1514.783203	24.625284
-3.526842	15.336533	1513.150391	23.081196
-3.526842	15.336533	1511.519531	16.922539
-3.526842	15.336533	1509.888672	23.071184
-3.526842	15.336533	1508.255859	21.528433
-3.526842	15.336533	1506.623047	16.911526
-3.526842	15.336533	1504.990234	19.982012
-3.526842	15.336533	1503.357422	26.124649
-3.526842	15.336533	1501.722656	15.364104
-3.526842	15.336533	1500.089844	27.649382
-3.526842	15.336533	1498.455078	21.500404
-3.526842	15.336533	1496.820313	10.747867
-3.526842	15.336533	1495.185547	23.026140
-3.526842	15.336533	1493.548828	15.347425
-3.526842	15.336533	1491.914063	15.344089
-3.526842	15.336533	1490.277344	16.874828
-3.526842	15.336533	1488.640625	13.803677
-3.526842	15.336533	1487.003906	18.400900
-3.526842	15.336533	1485.367188	19.929974
-3.526842	15.336533	1483.728516	21.458380
-3.526842	15.336533	1482.091797	22.986120
-3.526842	15.336533	1480.453125	21.449043
-3.526842	15.336533	1478.814453	12.253929
-3.526842	15.336533	1477.175781	22.971115
-3.526842	15.336533	1475.535156	19.903967
-3.526842	15.336533	1473.896484	10.715187
-3.526842	15.336533	1472.255859	16.834484
-3.526842	15.336533	1470.615234	13.770669
-3.526842	15.336533	1468.974609	16.827150
-3.526842	15.336533	1467.333984	16.823484
-3.526842	15.336533	1465.691406	22.936117
-3.526842	15.336533	1464.050781	24.459858
-3.526842	15.336533	1462.408203	16.812487
-3.526842	15.336533	1460.765625	16.808821
-3.526842	15.336533	1459.123047	15.277414
-3.526842	15.336533	1457.478516	15.274082
-3.526842	15.336533	1455.835938	16.797825
-3.526842	15.336533	1454.191406	16.794161
-3.526842	15.336533	1452.546875	15.264087
-3.526842	15.336533	1450.902344	15.260756
-3.526842	15.336533	1449.257813	16.783167
-3.526842	15.336533	1447.611328	18.304913
-3.526842	15.336533	1445.966797	19.825991
-3.526842	15.336533	1444.320313	16.772175
-3.526842	15.336533	1442.673828	16.768511
-3.526842	15.336533	1441.025391	25.909309
-3.526842	15.336533	1439.378906	16.761183
-3.526842	15.336533	1437.730469	16.757519
-3.526842	15.336533	1436.083984	21.323090
-3.526842	15.336533	1434.435547	24.363918
-3.526842	15.336533	1432.787109	19.791353
-3.526842	15.336533	1431.136719	15.220789
-3.526842	15.336533	1429.488281	15.217459
-3.526842	15.336533	1427.837891	22.821194
-3.526842	15.336533	1426.187500	19.774040
-3.526842	15.336533	1424.537109	21.290459
-3.526842	15.336533	1422.886719	19.765383
-3.526842	15.336533	1421.234375	21.281137
-3.526842	15.336533	1419.583984	21.276476
-3.526842	15.336533	1417.931641	21.271816
-3.526842	15.336533	1416.279297	15.190825
-3.526842	15.336533	1414.626953	19.743746
-3.526842	15.336533	1412.974609	15.184169
-3.526842	15.336533	1411.320313	19.735092
-3.526842	15.336533	1409.666016	15.177512
-3.526842	15.336533	1408.011719	18.209021
-3.526842	15.336533	1406.357422	13.653770
-3.526842	15.336533	1404.703125	15.167528
-3.526842	15.336533	1403.048828	16.680620
-3.526842	15.336533	1401.392578	22.741308
-3.526842	15.336533	1399.736328	19.704807
-3.526842	15.336533	1398.080078	24.246748
-3.526842	15.336533	1396.423828	21.211246
-3.526842	15.336533	1394.765625	19.691832
-3.526842	15.336533	1393.109375	15.144236
-3.526842	15.336533	1391.451172	12.112726
-3.526842	15.336533	1389.792969	15.137581
-3.526842	15.336533	1388.134766	13.620829
-3.526842	15.336533	1386.476563	19.670206
-3.526842	15.336533	1384.816406	13.614841
-3.526842	15.336533	1383.156250	13.611847
-3.526842	15.336533	1381.496094	10.584663
-3.526842	15.336533	1379.835938	15.117621
-3.526842	15.336533	1378.175781	19.648584
-3.526842	15.336533	1376.515625	13.599873
-3.526842	15.336533	1374.853516	21.150700
-3.526842	15.336533	1373.191406	21.146044
-3.526842	15.336533	1371.529297	13.590892
-3.526842	15.336533	1369.867188	13.587899
-3.526842	15.336533	1368.205078	16.603773
-3.526842	15.336533	1366.541016	16.600115
-3.526842	15.336533	1364.876953	16.596457
-3.526842	15.336533	1363.212891	16.592800
-3.526842	15.336533	1361.548828	15.081038
-3.526842	15.336533	1359.884766	15.077712
-3.526842	15.336533	1358.218750	12.059510
-3.526842	15.336533	1356.554688	12.056849
-3.526842	15.336533	1354.888672	13.560964
-3.526842	15.336533	1353.222656	15.064412
-3.526842	15.336533	1351.554688	15.061088
-3.526842	15.336533	1349.888672	18.069315
-3.526842	15.336533	1348.220703	16.559881
-3.526842	15.336533	1346.552734	15.051113
-3.526842	15.336533	1344.884766	13.543010
-3.526842	15.336533	1343.216797	18.053358
-3.526842	15.336533	1341.548828	22.561710
-3.526842	15.336533	1339.878906	16.541597
-3.526842	15.336533	1338.208984	16.537941
-3.526842	15.336533	1336.539063	13.528050
-3.526842	15.336533	1334.869141	24.044550
-3.526842	15.336533	1333.199219	21.034327
-3.526842	15.336533	1331.527344	12.016956
-3.526842	15.336533	1329.857422	15.017872
-3.526842	15.336533	1328.185547	19.518911
-3.526842	15.336533	1326.513672	12.008979
-3.526842	15.336533	1324.839844	18.009481
-3.526842	15.336533	1323.167969	12.003661
-3.526842	15.336533	1321.494141	18.001505
-3.526842	15.336533	1319.820313	10.498551
-3.526842	15.336533	1318.146484	17.993528
-3.526842	15.336533	1316.472656	14.991283
-3.526842	15.336533	1314.798828	17.985552
-3.526842	15.336533	1313.123047	13.486174
-3.526842	15.336533	1311.447266	19.475708
-3.526842	15.336533	1309.771484	20.969187
-3.526842	15.336533	1308.095703	25.456936
-3.526842	15.336533	1306.419922	19.462749
-3.526842	15.336533	1304.742188	13.471220
-3.526842	15.336533	1303.064453	19.454109
-3.526842	15.336533	1301.386719	16.457514
-3.526842	15.336533	1299.708984	14.958055
-3.526842	15.336533	1298.031250	19.441151
-3.526842	15.336533	1296.351563	22.427114
-3.526842	15.336533	1294.671875	13.453279
-3.526842	15.336533	1292.994141	14.944764
-3.526842	15.336533	1291.312500	16.435587
-3.526842	15.336533	1289.632813	22.407179
-3.526842	15.336533	1287.953125	20.908716
-3.526842	15.336533	1286.271484	14.931476
-3.526842	15.336533	1284.589844	16.420969
-3.526842	15.336533	1282.908203	17.909798
-3.526842	15.336533	1281.226563	11.937207
-3.526842	15.336533	1279.542969	17.901825
-3.526842	15.336533	1277.861328	8.948919
-3.526842	15.336533	1276.177734	13.420389
-3.526842	15.336533	1274.494141	13.417399
-3.526842	15.336533	1272.810547	11.923920
-3.526842	15.336533	1271.125000	17.881895
-3.526842	15.336533	1269.441406	19.367735
-3.526842	15.336533	1267.755859	16.384428
-3.526842	15.336533	1266.070313	22.337421
-3.526842	15.336533	1264.384766	13.399464
-3.526842	15.336533	1262.697266	23.815954
-3.526842	15.336533	1261.011719	16.369814
-3.526842	15.336533	1259.324219	23.805325
-3.526842	15.336533	1257.636719	20.825010
-3.526842	15.336533	1255.949219	13.384518
-3.526842	15.336533	1254.261719	17.842037
-3.526842	15.336533	1252.572266	19.324556
-3.526842	15.336533	1250.882813	11.889379
-3.526842	15.336533	1249.193359	11.886722
-3.526842	15.336533	1247.503906	19.311605
-3.526842	15.336533	1245.814453	14.851760
-3.526842	15.336533	1244.125000	20.787815
-3.526842	15.336533	1242.433594	14.845119
-3.526842	15.336533	1240.742188	16.325977
-3.526842	15.336533	1239.050781	16.322325
-3.526842	15.336533	1237.359375	22.252733
-3.526842	15.336533	1235.666016	16.315020
-3.526842	15.336533	1233.974609	25.208475
-3.526842	15.336533	1232.281250	19.272753
-3.526842	15.336533	1230.587891	11.857499
-3.526842	15.336533	1228.892578	22.227829
-3.526842	15.336533	1227.199219	13.333710
-3.526842	15.336533	1225.503906	16.293104
-3.526842	15.336533	1223.810547	16.289452
-3.526842	15.336533	1222.115234	23.688435
-3.526842	15.336533	1220.417969	11.841561
-3.526842	15.336533	1218.722656	14.798632
-3.526842	15.336533	1217.025391	20.713436
-3.526842	15.336533	1215.330078	17.750389
-3.526842	15.336533	1213.632813	17.746405
-3.526842	15.336533	1211.933594	19.220957
-3.526842	15.336533	1210.236328	19.216640
-3.526842	15.336533	1208.537109	13.300840
-3.526842	15.336533	1206.839844	17.730469
-3.526842	15.336533	1205.140625	17.726486
-3.526842	15.336533	1203.439453	17.722502
-3.526842	15.336533	1201.740234	13.288889
-3.526842	15.336533	1200.041016	23.619379
-3.526842	15.336533	1198.339844	13.282913
-3.526842	15.336533	1196.638672	16.231020
-3.526842	15.336533	1194.937500	17.702583
-3.526842	15.336533	1193.234375	17.698601
-3.526842	15.336533	1191.533203	16.220066
-3.526842	15.336533	1189.830078	22.113293
-3.526842	15.336533	1188.126953	17.686651
-3.526842	15.336533	1186.423828	19.156223
-3.526842	15.336533	1184.720703	16.205460
-3.526842	15.336533	1183.015625	16.201809
-3.526842	15.336533	1181.312500	19.143278
-3.526842	15.336533	1179.607422	19.138962
-3.526842	15.336533	1177.902344	13.247064
-3.526842	15.336533	1176.195313	14.715640
-3.526842	15.336533	1174.490234	10.298625
-3.526842	15.336533	1172.783203	11.767201
-3.526842	15.336533	1171.076172	16.176250
-3.526842	15.336533	1169.369141	17.642838
-3.526842	15.336533	1167.662109	20.578663
-3.526842	15.336533	1165.953125	16.165298
-3.526842	15.336533	1164.246094	22.038610
-3.526842	15.336533	1162.537109	13.220180
-3.526842	15.336533	1160.828125	23.497231
-3.526842	15.336533	1159.117188	22.023676
-3.526842	15.336533	1157.408203	17.614958
-3.526842	15.336533	1155.697266	17.610975
-3.526842	15.336533	1153.986328	16.139744
-3.526842	15.336533	1152.275391	20.536846
-3.526842	15.336533	1150.564453	17.599030
-3.526842	15.336533	1148.853516	17.595047
-3.526842	15.336533	1147.140625	10.261455
-3.526842	15.336533	1145.427734	13.190311
-3.526842	15.336533	1143.714844	17.583099
-3.526842	15.336533	1142.001953	14.649265
-3.526842	15.336533	1140.287109	14.645947
-3.526842	15.336533	1138.574219	19.035418
-3.526842	15.336533	1136.859375	10.247518
-3.526842	15.336533	1135.144531	14.635992
-3.526842	15.336533	1133.427734	11.706140
-3.526842	15.336533	1131.712891	19.018162
-3.526842	15.336533	1129.996094	20.476452
-3.526842	15.336533	1128.279297	17.547264
-3.526842	15.336533	1126.562500	20.467163
-3.526842	15.336533	1124.845703	17.539301
-3.526842	15.336533	1123.128906	14.612765
-3.526842	15.336533	1121.410156	20.453226
-3.526842	15.336533	1119.691406	17.527355
-3.526842	15.336533	1117.972656	17.523375
-3.526842	15.336533	1116.253906	18.979343
-3.526842	15.336533	1114.533203	23.353882
-3.526842	15.336533	1112.814453	18.970716
-3.526842	15.336533	1111.093750	13.130588
-3.526842	15.336533	1109.373047	13.127602
-3.526842	15.336533	1107.652344	18.957779
-3.526842	15.336533	1105.929688	14.579589
-3.526842	15.336533	1104.208984	17.491526
-3.526842	15.336533	1102.486328	24.774021
-3.526842	15.336533	1100.763672	21.854454
-3.526842	15.336533	1099.039063	14.566319
-3.526842	15.336533	1097.316406	17.475603
-3.526842	15.336533	1095.591797	14.559685
-3.526842	15.336533	1093.867188	16.012005
-3.526842	15.336533	1092.142578	14.553050
-3.526842	15.336533	1090.417969	17.459681
-3.526842	15.336533	1088.693359	13.091775
-3.526842	15.336533	1086.966797	15.997409
-3.526842	15.336533	1085.240234	17.447739
-3.526842	15.336533	1083.513672	14.536466
-3.526842	15.336533	1081.787109	26.159666
-3.526842	15.336533	1080.058594	17.435799
-3.526842	15.336533	1078.332031	14.526515
-3.526842	15.336533	1076.603516	20.332478
-3.526842	15.336533	1074.875000	18.875845
-3.526842	15.336533	1073.144531	18.871534
-3.526842	15.336533	1071.416016	15.964573
-3.526842	15.336533	1069.685547	17.411919
-3.526842	15.336533	1067.955078	13.055954
-3.526842	15.336533	1066.224609	15.953629
-3.526842	15.336533	1064.494141	18.849977
-3.526842	15.336533	1062.763672	14.496666
-3.526842	15.336533	1061.031250	17.392019
-3.526842	15.336533	1059.298828	8.694020
-3.526842	15.336533	1057.566406	13.038046
-3.526842	15.336533	1055.832031	14.483401
-3.526842	15.336533	1054.099609	23.168137
-3.526842	15.336533	1052.365234	11.581415
-3.526842	15.336533	1050.630859	21.710180
-3.526842	15.336533	1048.896484	15.917150
-3.526842	15.336533	1047.162109	27.486959
-3.526842	15.336533	1045.425781	17.356207
-3.526842	15.336533	1043.691406	13.014171
-3.526842	15.336533	1041.955078	23.130999
-3.526842	15.336533	1040.218750	17.344271
-3.526842	15.336533	1038.480469	17.340292
-3.526842	15.336533	1036.744141	14.446927
-3.526842	15.336533	1035.005859	21.665417
-3.526842	15.336533	1033.267578	17.328356
-3.526842	15.336533	1031.529297	15.880679
-3.526842	15.336533	1029.789063	20.207132
-3.526842	15.336533	1028.050781	20.202490
-3.526842	15.336533	1026.310547	20.197849
-3.526842	15.336533	1024.570313	20.193209
-3.526842	15.336533	1022.830078	21.630608
-3.526842	15.336533	1021.089844	17.300508
-3.526842	15.336533	1019.347656	21.620663
-3.526842	15.336533	1017.605469	23.056736
-3.526842	15.336533	1015.863281	17.288574
-3.526842	15.336533	1014.121094	21.605745
-3.526842	15.336533	1012.378906	25.920929
-3.526842	15.336533	1010.634766	30.234123
-3.526842	15.336533	1008.890625	15.833276
-3.526842	15.336533	1007.146484	17.268686
-3.526842	15.336533	1005.402344	20.142160
-3.526842	15.336533	1003.656250	21.575916
-3.526842	15.336533	1001.912109	20.132881
-3.526842	15.336533	1000.166016	20.128241
-3.526842	15.336533	998.419922	21.561001
-3.526842	15.336533	996.673828	30.178442
-3.526842	15.336533	994.925781	30.171484
-3.526842	15.336533	993.177734	30.164524
-3.526842	15.336533	991.431641	18.668968
-3.526842	15.336533	989.681641	33.022091
-3.526842	15.336533	987.933594	38.756119
-3.526842	15.336533	986.185547	31.571770
-3.526842	15.336533	984.435547	43.042473
-3.526842	15.336533	982.685547	31.557190
-3.526842	15.336533	980.935547	34.418072
-3.526842	15.336533	979.185547	34.410122
-3.526842	15.336533	977.433594	31.535322
-3.526842	15.336533	975.681641	31.528032
-3.526842	15.336533	973.929688	22.924177
-3.526842	15.336533	972.177734	31.513456
-3.526842	15.336533	970.425781	32.938267
-3.526842	15.336533	968.671875	31.498878
-3.526842	15.336533	966.917969	38.648769
-3.526842	15.336533	965.164063	24.328779
-3.526842	15.336533	963.410156	35.769337
-3.526842	15.336533	961.656250	30.039286
-3.526842	15.336533	959.900391	27.172108
-3.526842	15.336533	958.144531	31.455153
-3.526842	15.336533	956.388672	35.736210
-3.526842	15.336533	954.632813	40.015282
-3.526842	15.336533	952.876953	38.577221
-3.526842	15.336533	951.119141	29.997551
-3.526842	15.336533	949.361328	29.990597
-3.526842	15.336533	947.603516	34.267017
-3.526842	15.336533	945.845703	37.113995
-3.526842	15.336533	944.085938	37.105385
-3.526842	15.336533	942.328125	37.096771
-3.526842	15.336533	940.568359	31.382292
-3.526842	15.336533	938.808594	34.227280
-3.526842	15.336533	937.046875	37.070946
-3.526842	15.336533	935.287109	31.360437
-3.526842	15.336533	933.525391	22.802294
-3.526842	15.336533	931.763672	22.796995
-3.526842	15.336533	930.001953	29.914104
-3.526842	15.336533	928.240234	17.089800
-3.526842	15.336533	926.476563	21.357285
-3.526842	15.336533	924.712891	18.505342
-3.526842	15.336533	922.949219	14.231569
-3.526842	15.336533	921.185547	24.188040
-3.526842	15.336533	919.419922	18.492434
-3.526842	15.336533	917.656250	17.065966
-3.526842	15.336533	915.890625	18.483826
-3.526842	15.336533	914.125000	15.636519
-3.526842	15.336533	912.359375	19.896391
-3.526842	15.336533	910.591797	17.050077
-3.526842	15.336533	908.824219	17.046106
-3.526842	15.336533	907.058594	19.882490
-3.526842	15.336533	905.289063	26.977093
-3.526842	15.336533	903.521484	19.873224
-3.526842	15.336533	901.753906	18.449408
-3.526842	15.336533	899.984375	19.863960
-3.526842	15.336533	898.214844	21.277849
-3.526842	15.336533	896.445313	29.782042
-3.526842	15.336533	894.673828	22.685785
-3.526842	15.336533	892.904297	26.933084
-3.526842	15.336533	891.132813	22.675198
-3.526842	15.336533	889.361328	24.086773
-3.526842	15.336533	887.589844	19.831535
-3.526842	15.336533	885.816406	18.410696
-3.526842	15.336533	884.044922	15.574642
-3.526842	15.336533	882.271484	24.064280
-3.526842	15.336533	880.498047	22.643440
-3.526842	15.336533	878.722656	19.808380
-3.526842	15.336533	876.949219	22.632856
-3.526842	15.336533	875.173828	19.799120
-3.526842	15.336533	873.398438	22.622272
-3.526842	15.336533	871.623047	18.376297
-3.526842	15.336533	869.847656	8.479383
-3.526842	15.336533	868.070313	12.716100
-3.526842	15.336533	866.292969	18.363401
-3.526842	15.336533	864.515625	18.359102
-3.526842	15.336533	862.738281	19.766712
-3.526842	15.336533	860.960938	15.527351
-3.526842	15.336533	859.181641	23.991194
-3.526842	15.336533	857.402344	19.752827
-3.526842	15.336533	855.623047	19.748198
-3.526842	15.336533	853.843750	25.384590
-3.526842	15.336533	852.064453	21.148867
-3.526842	15.336533	850.283203	18.324720
-3.526842	15.336533	848.501953	25.366739
-3.526842	15.336533	846.720703	28.178656
-3.526842	15.336533	844.939453	19.720432
-3.526842	15.336533	843.156250	14.082718
-3.526842	15.336533	841.373047	22.527061
-3.526842	15.336533	839.589844	16.891331
-3.526842	15.336533	837.806641	23.923767
-3.526842	15.336533	836.023438	18.290350
-3.526842	15.336533	834.238281	22.505913
-3.526842	15.336533	832.453125	19.688049
-3.526842	15.336533	830.667969	14.059588
-3.526842	15.336533	828.882813	19.678799
-3.526842	15.336533	827.095703	14.052980
-3.526842	15.336533	825.310547	18.264582
-3.526842	15.336533	823.523438	25.283474
-3.526842	15.336533	821.736328	25.277529
-3.526842	15.336533	819.947266	26.675560
-3.526842	15.336533	818.160156	23.861992
-3.526842	15.336533	816.371094	12.629847
-3.526842	15.336533	814.582031	15.432847
-3.526842	15.336533	812.792969	16.831871
-3.526842	15.336533	811.001953	23.839537
-3.526842	15.336533	809.212891	22.431927
-3.526842	15.336533	807.421875	22.426645
-3.526842	15.336533	805.630859	14.013351
-3.526842	15.336533	803.839844	21.015076
-3.526842	15.336533	802.046875	18.208773
-3.526842	15.336533	800.253906	19.604828
-3.526842	15.336533	798.460938	19.600206
-3.526842	15.336533	796.667969	20.995270
-3.526842	15.336533	794.875000	16.792255
-3.526842	15.336533	793.080078	20.985369
-3.526842	15.336533	791.285156	26.575197
-3.526842	15.336533	789.490234	19.577105
-3.526842	15.336533	787.695313	22.368553
-3.526842	15.336533	785.900391	11.181637
-3.526842	15.336533	784.103516	22.357996
-3.526842	15.336533	782.306641	23.749762
-3.526842	15.336533	780.509766	19.554008
-3.526842	15.336533	778.712891	16.756620
-3.526842	15.336533	776.914063	15.356606
-3.526842	15.336533	775.115234	19.540154
-3.526842	15.336533	773.318359	22.326328
-3.526842	15.336533	771.517578	25.111183
-3.526842	15.336533	769.718750	23.710510
-3.526842	15.336533	767.917969	26.493717
-3.526842	15.336533	766.117188	15.334841
-3.526842	15.336533	764.316406	26.481186
-3.526842	15.336533	762.515625	25.081505
-3.526842	15.336533	760.714844	29.254833
-3.526842	15.336533	758.912109	15.320334
-3.526842	15.336533	757.109375	20.886419
-3.526842	15.336533	755.306641	22.273575
-3.526842	15.336533	753.501953	16.701225
-3.526842	15.336533	751.699219	22.263027
-3.526842	15.336533	749.894531	13.911097
-3.526842	15.336533	748.089844	25.034042
-3.526842	15.336533	746.285156	20.856760
-3.526842	15.336533	744.478516	20.851816
-3.526842	15.336533	742.673828	16.677500
-3.526842	15.336533	740.867188	22.231396
-3.526842	15.336533	739.060547	20.836992
-3.526842	15.336533	737.251953	22.220854
-3.526842	15.336533	735.445313	16.661688
-3.526842	15.336533	733.636719	26.374748
-3.526842	15.336533	731.828125	9.714707
-3.526842	15.336533	730.019531	22.199776
-3.526842	15.336533	728.208984	19.420195
-3.526842	15.336533	726.400391	15.255102
-3.526842	15.336533	724.589844	24.956968
-3.526842	15.336533	722.779297	23.564873
-3.526842	15.336533	720.966797	20.787598
-3.526842	15.336533	719.156250	15.240617
-3.526842	15.336533	717.343750	20.777723
-3.526842	15.336533	715.531250	23.542490
-3.526842	15.336533	713.718750	16.614279
-3.526842	15.336533	711.904297	12.457748
-3.526842	15.336533	710.091797	24.909573
-3.526842	15.336533	708.277344	22.136578
-3.526842	15.336533	706.462891	16.598486
-3.526842	15.336533	704.646484	22.126051
-3.526842	15.336533	702.832031	20.738239
-3.526842	15.336533	701.015625	17.968864
-3.526842	15.336533	699.199219	16.582697
-3.526842	15.336533	697.382813	15.197188
-3.526842	15.336533	695.566406	17.956038
-3.526842	15.336533	693.748047	15.189954
-3.526842	15.336533	691.929688	13.805761
-3.526842	15.336533	690.111328	17.943216
-3.526842	15.336533	688.292969	20.698778
-3.526842	15.336533	686.472656	12.416309
-3.526842	15.336533	684.652344	16.551134
-3.526842	15.336533	682.832031	19.305056
-3.526842	15.336533	681.011719	19.300455
-3.526842	15.336533	679.191406	13.782753
-3.526842	15.336533	677.369141	17.913307
-3.526842	15.336533	675.546875	20.664272
-3.526842	15.336533	673.724609	13.772897
-3.526842	15.336533	671.902344	27.539223
-3.526842	15.336533	670.078125	17.896225
-3.526842	15.336533	668.255859	24.773478
-3.526842	15.336533	666.431641	27.519518
-3.526842	15.336533	664.607422	22.010361
-3.526842	15.336533	662.781250	26.131063
-3.526842	15.336533	660.957031	20.624863
-3.526842	15.336533	659.130859	19.245275
-3.526842	15.336533	657.304688	24.738016
-3.526842	15.336533	655.476563	30.228132
-3.526842	15.336533	653.650391	24.726200
-3.526842	15.336533	651.822266	21.973595
-3.526842	15.336533	649.994141	21.968344
-3.526842	15.336533	648.166016	26.081175
-3.526842	15.336533	646.335938	20.585480
-3.526842	15.336533	644.507813	30.184820
-3.526842	15.336533	642.677734	27.434185
-3.526842	15.336533	640.847656	28.799006
-3.526842	15.336533	639.015625	30.163172
-3.526842	15.336533	637.185547	28.785233
-3.526842	15.336533	635.353516	34.259937
-3.526842	15.336533	633.521484	30.141531
-3.526842	15.336533	631.689453	17.806643
-3.526842	15.336533	629.855469	21.910624
-3.526842	15.336533	628.023438	31.488983
-3.526842	15.336533	626.189453	27.375170
-3.526842	15.336533	624.355469	24.631754
-3.526842	15.336533	622.519531	25.993958
-3.526842	15.336533	620.685547	27.355509
-3.526842	15.336533	618.849609	32.818748
-3.526842	15.336533	617.013672	31.443766
-3.526842	15.336533	615.177734	21.868683
-3.526842	15.336533	613.339844	23.229908
-3.526842	15.336533	611.503906	30.055029
-3.526842	15.336533	609.666016	21.852964
-3.526842	15.336533	607.828125	23.213209
-3.526842	15.336533	605.988281	27.303110
-3.526842	15.336533	604.150391	25.931736
-3.526842	15.336533	602.310547	25.925516
-3.526842	15.336533	600.470703	23.190950
-3.526842	15.336533	598.628906	25.913080
-3.526842	15.336533	596.789063	19.089268
-3.526842	15.336533	594.947266	31.353416
-3.526842	15.336533	593.105469	25.894432
-3.526842	15.336533	591.263672	23.163141
-3.526842	15.336533	589.421875	28.606424
-3.526842	15.336533	587.578125	19.066372
-3.526842	15.336533	585.734375	20.423351
-3.526842	15.336533	583.890625	24.502136
-3.526842	15.336533	582.046875	24.496252
-3.526842	15.336533	580.201172	24.490368
-3.526842	15.336533	578.355469	20.403738
-3.526842	15.336533	576.509766	20.398834
-3.526842	15.336533	574.664063	25.832315
-3.526842	15.336533	572.818359	25.826109
-3.526842	15.336533	570.970703	19.025190
-3.526842	15.336533	569.123047	24.455080
-3.526842	15.336533	567.275391	21.732622
-3.526842	15.336533	565.427734	24.443321
-3.526842	15.336533	563.578125	14.933993
-3.526842	15.336533	561.728516	16.287712
-3.526842	15.336533	559.878906	24.425692
-3.526842	15.336533	558.029297	28.489784
-3.526842	15.336533	556.177734	23.057611
-3.526842	15.336533	554.328125	24.408066
-3.526842	15.336533	552.476563	18.979485
-3.526842	15.336533	550.625000	21.685617
-3.526842	15.336533	548.771484	27.100498
-3.526842	15.336533	546.919922	18.965782
-3.526842	15.336533	545.066406	29.796198
-3.526842	15.336533	543.212891	23.018791
-3.526842	15.336533	541.357422	31.135571
-3.526842	15.336533	539.503906	40.601833
-3.526842	15.336533	537.648438	31.120575
-3.526842	15.336533	535.792969	41.935017
-3.526842	15.336533	533.937500	37.867664
-3.526842	15.336533	532.080078	44.618996
-3.526842	15.336533	530.224609	47.311775
-3.526842	15.336533	528.367188	75.680595
-3.526842	15.336533	526.507813	109.440193
-3.526842	15.336533	524.650391	163.445328
-3.526842	15.336533	522.791016	326.811829
-3.526842	15.336533	520.933594	553.555969
-3.526842	15.336533	519.074219	457.585938
-3.526842	15.336533	517.212891	230.762024
-3.526842	15.336533	515.353516	128.170197
-3.526842	15.336533	513.492188	84.976578
-3.526842	15.336533	511.630859	55.288879
-3.526842	15.336533	509.769531	55.275539
-3.526842	15.336533	507.906250	53.914345
-3.526842	15.336533	506.044922	47.163670
-3.526842	15.336533	504.181641	57.929951
-3.526842	15.336533	502.318359	49.834671
-3.526842	15.336533	500.453125	52.515759
-3.526842	15.336533	498.589844	52.503082
-3.526842	15.336533	496.724609	45.760864
-3.526842	15.336533	494.859375	48.440983
-3.526842	15.336533	492.992188	49.774544
-3.526842	15.336533	491.126953	49.762524
-3.526842	15.336533	489.259766	41.682854
-3.526842	15.336533	487.392578	44.361351
-3.526842	15.336533	485.525391	51.070431
-3.526842	15.336533	483.656250	34.934483
-3.526842	15.336533	481.789063	37.612663
-3.526842	15.336533	479.919922	40.289543
-3.526842	15.336533	478.050781	36.251823
-3.526842	15.336533	476.179688	32.216057
-3.526842	15.336533	474.310547	30.866259
-3.526842	15.336533	472.439453	32.200485
-3.526842	15.336533	470.568359	33.534061
-3.526842	15.336533	468.695313	33.525955
-3.526842	15.336533	466.824219	37.539989
-3.526842	15.336533	464.951172	32.169353
-3.526842	15.336533	463.078125	30.821507
-3.526842	15.336533	461.205078	28.134569
-3.526842	15.336533	459.330078	29.467182
-3.526842	15.336533	457.457031	32.138241
-3.526842	15.336533	455.582031	25.436619
-3.526842	15.336533	453.707031	17.399792
-3.526842	15.336533	451.830078	26.762432
-3.526842	15.336533	449.955078	22.742563
-3.526842	15.336533	448.078125	29.424429
-3.526842	15.336533	446.201172	21.394405
-3.526842	15.336533	444.322266	20.052401
-3.526842	15.336533	442.445313	21.384050
-3.526842	15.336533	440.566406	25.387411
-3.526842	15.336533	438.687500	29.388834
-3.526842	15.336533	436.808594	26.710651
-3.526842	15.336533	434.927734	21.363348
-3.526842	15.336533	433.048828	30.702375
-3.526842	15.336533	431.167969	18.683876
-3.526842	15.336533	429.285156	22.682070
-3.526842	15.336533	427.404297	18.674826
-3.526842	15.336533	425.521484	26.671862
-3.526842	15.336533	423.638672	22.665590
-3.526842	15.336533	421.755859	27.991886
-3.526842	15.336533	419.873047	21.321983
-3.526842	15.336533	417.988281	30.642925
-3.526842	15.336533	416.105469	27.971542
-3.526842	15.336533	414.220703	30.628075
-3.526842	15.336533	412.333984	22.632656
-3.526842	15.336533	410.449219	22.627171
-3.526842	15.336533	408.562500	23.952374
-3.526842	15.336533	406.675781	30.598391
-3.526842	15.336533	404.789063	29.260931
-3.526842	15.336533	402.900391	42.551033
-3.526842	15.336533	401.013672	50.517101
-3.526842	15.336533	399.125000	65.124680
-3.526842	15.336533	397.236328	69.095146
-3.526842	15.336533	395.345703	75.720543
-3.526842	15.336533	393.457031	67.733528
-3.526842	15.336533	391.566406	74.356033
-3.526842	15.336533	389.675781	53.098568
-3.526842	15.336533	387.783203	47.777119
-3.526842	15.336533	385.892578	58.380093
-3.526842	15.336533	384.000000	51.733437
-3.526842	15.336533	382.107422	47.742355
-3.526842	15.336533	380.214844	46.404919
-3.526842	15.336533	378.320313	43.742592
-3.526842	15.336533	376.425781	59.634514
-3.526842	15.336533	374.531250	71.544052
-3.526842	15.336533	372.636719	66.228416
-3.526842	15.336533	370.742188	48.997135
-3.526842	15.336533	368.845703	37.069912
-3.526842	15.336533	366.949219	38.384521
-3.526842	15.336533	365.052734	41.021767
-3.526842	15.336533	363.154297	41.011810
-3.526842	15.336533	361.257813	42.324493
-3.526842	15.336533	359.359375	40.991901
-3.526842	15.336533	357.460938	40.981949
-3.526842	15.336533	355.560547	46.258709
-3.526842	15.336533	353.662109	43.604763
-3.526842	15.336533	351.761719	44.915211
-3.526842	15.336533	349.861328	40.942162
-3.526842	15.336533	347.960938	50.174976
-3.526842	15.336533	346.058594	46.202572
-3.526842	15.336533	344.156250	43.551846
-3.526842	15.336533	342.253906	36.944107
-3.526842	15.336533	340.351563	46.168915
-3.526842	15.336533	338.449219	39.563744
-3.526842	15.336533	336.544922	35.598721
-3.526842	15.336533	334.640625	28.999319
-3.526842	15.336533	332.736328	40.852753
-3.526842	15.336533	330.832031	34.255276
-3.526842	15.336533	328.925781	36.881332
-3.526842	15.336533	327.019531	35.555504
-3.526842	15.336533	325.113281	28.964111
-3.526842	15.336533	323.207031	31.589535
-3.526842	15.336533	321.298828	35.529591
-3.526842	15.336533	319.390625	31.574186
-3.526842	15.336533	317.482422	27.620699
-3.526842	15.336533	315.574219	35.503700
-3.526842	15.336533	313.664063	30.236542
-3.526842	15.336533	311.753906	27.600569
-3.526842	15.336533	309.843750	28.907854
-3.526842	15.336533	307.933594	38.096546
-3.526842	15.336533	306.023438	23.640387
-3.526842	15.336533	304.111328	30.199820
-3.526842	15.336533	302.199219	31.505196
-3.526842	15.336533	300.287109	28.872744
-3.526842	15.336533	298.373047	35.426117
-3.526842	15.336533	296.458984	32.793987
-3.526842	15.336533	294.546875	35.408897
-3.526842	15.336533	292.630859	27.533560
-3.526842	15.336533	290.716797	32.770081
-3.526842	15.336533	288.800781	44.556477
-3.526842	15.336533	286.884766	36.684647
-3.526842	15.336533	284.968750	45.844662
-3.526842	15.336533	283.052734	53.690693
-3.526842	15.336533	281.134766	44.513165
-3.526842	15.336533	279.218750	41.884560
-3.526842	15.336533	277.298828	54.960117
-3.526842	15.336533	275.380859	57.563271
-3.526842	15.336533	273.462891	47.085770
-3.526842	15.336533	271.542969	70.611481
-3.526842	15.336533	269.623047	56.213993
-3.526842	15.336533	267.701172	73.191124
-3.526842	15.336533	265.781250	104.533325
-3.526842	15.336533	263.859375	182.888840
-3.526842	15.336533	261.937500	253.370071
-3.526842	15.336533	260.015625	285.951294
-3.526842	15.336533	258.093750	242.803711
-3.526842	15.336533	256.169922	236.219269
-3.526842	15.336533	254.246094	217.895172
-3.526842	15.336533	252.322266	409.595520
-3.526842	15.336533	250.396484	1536.261841
-3.526842	15.336533	248.472656	1971.360840
-3.526842	15.336533	246.546875	865.519409
-3.526842	15.336533	244.621094	368.798828
-3.526842	15.336533	242.693359	247.543259
-3.526842	15.336533	240.767578	204.499176
-3.526842	15.336533	238.839844	156.267090
-3.526842	15.336533	236.912109	128.889008
-3.526842	15.336533	234.982422	98.921036
-3.526842	15.336533	233.054688	80.679123
-3.526842	15.336533	231.125000	71.552788
-3.526842	15.336533	229.195313	65.032173
-3.526842	15.336533	227.263672	62.415707
-3.526842	15.336533	225.333984	76.700653
-3.526842	15.336533	223.402344	66.284447
-3.526842	15.336533	221.470703	80.561501
-3.526842	15.336533	219.539063	85.738167
-3.526842	15.336533	217.605469	80.522331
-3.526842	15.336533	215.673828	85.696480
-3.526842	15.336533	213.740234	62.309563
-3.526842	15.336533	211.804688	62.294415
-3.526842	15.336533	209.871094	53.196877
-3.526842	15.336533	207.935547	55.778282
-3.526842	15.336533	206.000000	53.171013
-3.526842	15.336533	204.064453	41.489239
-3.526842	15.336533	202.128906	37.590485
-3.526842	15.336533	200.191406	29.805895
-3.526842	15.336533	198.253906	38.867802
-3.526842	15.336533	196.316406	19.429178
-3.526842	15.336533	194.376953	33.669056
-3.526842	15.336533	192.439453	23.303680
-3.526842	15.336533	190.500000	23.298016
-3.526842	15.336533	188.560547	23.292355
-3.526842	15.336533	186.619141	28.461514
-3.526842	15.336533	184.679688	25.867815
-3.526842	15.336533	182.738281	18.103069
-3.526842	15.336533	180.796875	33.611816
-3.526842	15.336533	178.855469	20.679167
-3.526842	15.336533	176.912109	24.550545
-3.526842	15.336533	174.968750	21.960938
-3.526842	15.336533	173.025391	25.830120
-3.526842	15.336533	171.082031	23.241459
-3.526842	15.336533	169.136719	23.235811
-3.526842	15.336533	167.193359	21.939602
-3.526842	15.336533	165.246094	32.256283
-3.526842	15.336533	163.300781	21.928942
-3.526842	15.336533	161.355469	18.054741
-3.526842	15.336533	159.408203	19.339666
-3.526842	15.336533	157.460938	27.068956
-3.526842	15.336533	155.513672	27.062380
-3.526842	15.336533	153.564453	23.190691
-3.526842	15.336533	151.617188	39.929825
-3.526842	15.336533	149.667969	34.769142
-3.526842	15.336533	147.716797	38.622997
-3.526842	15.336533	145.767578	32.178013
-3.526842	15.336533	143.816406	41.177856
-3.526842	15.336533	141.865234	41.167854
-3.526842	15.336533	139.914063	50.161140
-3.526842	15.336533	137.962891	59.150059
-3.526842	15.336533	136.009766	50.136784
-3.526842	15.336533	134.056641	57.836090
-3.526842	15.336533	132.103516	50.112446
-3.526842	15.336533	130.150391	57.808014
-3.526842	15.336533	128.195313	51.372429
-3.526842	15.336533	126.240234	51.359959
-3.526842	15.336533	124.285156	47.496429
-3.526842	15.336533	122.330078	50.051655
-3.526842	15.336533	120.373047	51.322571
-3.526842	15.336533	118.416016	51.310116
-3.526842	15.336533	116.458984	53.862549
-3.526842	15.336533	114.501953	43.592434
-3.526842	15.336533	112.542969	37.172760
-3.526842	15.336533	110.583984	34.600727
-3.526842	15.336533	108.625000	32.029938
-3.526842	15.336533	106.666016	32.022167
-3.526842	15.336533	104.705078	29.453247
-3.526842	15.336533	102.746094	11.522388
-3.526842	15.336533	100.785156	6.399775
-3.526842	15.336533	98.822266	7.677867
-3.526842	15.336533	96.861328	7.676005
-3.526842	15.336533	94.898438	3.837072
-3.526842	15.336533	92.935547	3.836141
-3.526842	15.336533	90.972656	-2.556808
-3.526842	15.336533	89.007813	2.556188
-3.526842	15.336533	87.044922	2.555568
-3.526842	15.336533	85.080078	1.277474
-3.526842	15.336533	83.113281	1.277165
-3.526842	15.336533	81.148438	2.553710
-3.526842	15.336533	79.181641	3.829637
-3.526842	15.336533	77.214844	2.552473
-3.526842	15.336533	75.248047	0.000000
-3.526842	15.336533	73.281250	-1.275618
-3.526842	15.336533	71.312500	1.275309
-3.526842	15.336533	69.343750	-1.275000
-3.526842	15.336533	67.375000	6.373457
-3.526842	15.336533	65.404297	-1.274383
-3.526842	15.336533	63.435547	2.548148
-3.526842	15.336533	61.464844	2.547531
-3.526842	15.336533	59.494141	-2.546914
0.473158	15.336533	1838.757813	14.464583
0.473158	15.336533	1837.195313	16.071758
0.473158	15.336533	1835.632813	14.461505
0.473158	15.336533	1834.070313	19.277905
0.473158	15.336533	1832.507813	22.486103
0.473158	15.336533	1830.945313	19.269701
0.473158	15.336533	1829.382813	22.476534
0.473158	15.336533	1827.818359	12.841000
0.473158	15.336533	1826.253906	20.862185
0.473158	15.336533	1824.689453	16.044418
0.473158	15.336533	1823.125000	17.645105
0.473158	15.336533	1821.560547	22.452627
0.473158	15.336533	1819.994141	11.223924
0.473158	15.336533	1818.429688	17.633841
0.473158	15.336533	1816.863281	16.027351
0.473158	15.336533	1815.296875	17.626335
0.473158	15.336533	1813.730469	22.428741
0.473158	15.336533	1812.162109	20.822256
0.473158	15.336533	1810.595703	17.615082
0.473158	15.336533	1809.027344	22.414423
0.473158	15.336533	1807.458984	19.208273
0.473158	15.336533	1805.890625	20.804531
0.473158	15.336533	1804.322266	17.600086
0.473158	15.336533	1802.753906	15.996673
0.473158	15.336533	1801.183594	12.794613
0.473158	15.336533	1799.613281	15.989861
0.473158	15.336533	1798.042969	14.387811
0.473158	15.336533	1796.472656	17.581358
0.473158	15.336533	1794.902344	20.773544
0.473158	15.336533	1793.332031	14.378621
0.473158	15.336533	1791.759766	15.972844
0.473158	15.336533	1790.187500	15.969442
0.473158	15.336533	1788.617188	15.966041
0.473158	15.336533	1787.044922	14.366377
0.473158	15.336533	1785.470703	22.342937
0.473158	15.336533	1783.898438	12.764673
0.473158	15.336533	1782.324219	22.333420
0.473158	15.336533	1780.750000	20.733757
0.473158	15.336533	1779.177734	11.161953
0.473158	15.336533	1777.601563	17.536474
0.473158	15.336533	1776.027344	17.532738
0.473158	15.336533	1774.453125	19.122549
0.473158	15.336533	1772.876953	19.118473
0.473158	15.336533	1771.300781	15.928666
0.473158	15.336533	1769.724609	12.740217
0.473158	15.336533	1768.148438	22.290630
0.473158	15.336533	1766.572266	19.102182
0.473158	15.336533	1764.994141	20.689619
0.473158	15.336533	1763.417969	22.276381
0.473158	15.336533	1761.839844	12.726646
0.473158	15.336533	1760.261719	19.085901
0.473158	15.336533	1758.683594	19.081833
0.473158	15.336533	1757.103516	22.257391
0.473158	15.336533	1755.525391	19.073696
0.473158	15.336533	1753.945313	22.247902
0.473158	15.336533	1752.365234	15.887969
0.473158	15.336533	1750.785156	20.649956
0.473158	15.336533	1749.205078	19.057432
0.473158	15.336533	1747.625000	23.816710
0.473158	15.336533	1746.042969	17.461863
0.473158	15.336533	1744.460938	17.458138
0.473158	15.336533	1742.878906	26.975002
0.473158	15.336533	1741.296875	31.728527
0.473158	15.336533	1739.714844	20.619143
0.473158	15.336533	1738.132813	22.200493
0.473158	15.336533	1736.548828	19.024935
0.473158	15.336533	1734.964844	20.605947
0.473158	15.336533	1733.380859	19.016815
0.473158	15.336533	1731.796875	19.012756
0.473158	15.336533	1730.212891	15.840583
0.473158	15.336533	1728.628906	17.420921
0.473158	15.336533	1727.042969	14.250439
0.473158	15.336533	1725.457031	18.996529
0.473158	15.336533	1723.871094	18.992474
0.473158	15.336533	1722.285156	23.735523
0.473158	15.336533	1720.699219	18.984364
0.473158	15.336533	1719.111328	15.816924
0.473158	15.336533	1717.525391	18.976255
0.473158	15.336533	1715.937500	15.810169
0.473158	15.336533	1714.349609	15.806792
0.473158	15.336533	1712.759766	18.964098
0.473158	15.336533	1711.171875	15.800039
0.473158	15.336533	1709.583984	18.955997
0.473158	15.336533	1707.994141	20.531275
0.473158	15.336533	1706.404297	25.263863
0.473158	15.336533	1704.814453	23.679810
0.473158	15.336533	1703.224609	18.939798
0.473158	15.336533	1701.632813	14.201813
0.473158	15.336533	1700.042969	17.354061
0.473158	15.336533	1698.451172	23.659571
0.473158	15.336533	1696.859375	20.500576
0.473158	15.336533	1695.267578	26.802715
0.473158	15.336533	1693.675781	26.796984
0.473158	15.336533	1692.082031	18.911472
0.473158	15.336533	1690.490234	22.058666
0.473158	15.336533	1688.896484	17.328102
0.473158	15.336533	1687.302734	23.624176
0.473158	15.336533	1685.708984	15.746081
0.473158	15.336533	1684.113281	15.742712
0.473158	15.336533	1682.519531	17.313278
0.473158	15.336533	1680.923828	15.735975
0.473158	15.336533	1679.328125	18.879129
0.473158	15.336533	1677.732422	15.729240
0.473158	15.336533	1676.136719	17.298462
0.473158	15.336533	1674.541016	17.294758
0.473158	15.336533	1672.943359	17.291056
0.473158	15.336533	1671.345703	17.287354
0.473158	15.336533	1669.748047	18.854893
0.473158	15.336533	1668.150391	23.563568
0.473158	15.336533	1666.552734	21.987953
0.473158	15.336533	1664.955078	17.272549
0.473158	15.336533	1663.355469	21.978535
0.473158	15.336533	1661.755859	14.126030
0.473158	15.336533	1660.156250	20.399895
0.473158	15.336533	1658.556641	17.257750
0.473158	15.336533	1656.957031	23.528252
0.473158	15.336533	1655.355469	26.659637
0.473158	15.336533	1653.755859	21.950289
0.473158	15.336533	1652.154297	17.242958
0.473158	15.336533	1650.552734	21.940878
0.473158	15.336533	1648.951172	17.235565
0.473158	15.336533	1647.347656	28.197603
0.473158	15.336533	1645.746094	14.095778
0.473158	15.336533	1644.142578	18.790339
0.473158	15.336533	1642.539063	25.048410
0.473158	15.336533	1640.935547	18.782276
0.473158	15.336533	1639.332031	18.778246
0.473158	15.336533	1637.728516	23.467772
0.473158	15.336533	1636.123047	18.770187
0.473158	15.336533	1634.517578	10.946926
0.473158	15.336533	1632.912109	14.071597
0.473158	15.336533	1631.306641	14.068577
0.473158	15.336533	1629.701172	21.879753
0.473158	15.336533	1628.093750	26.562567
0.473158	15.336533	1626.488281	17.183851
0.473158	15.336533	1624.880859	21.865660
0.473158	15.336533	1623.273438	20.299465
0.473158	15.336533	1621.666016	20.295103
0.473158	15.336533	1620.056641	20.290743
0.473158	15.336533	1618.449219	14.044418
0.473158	15.336533	1616.839844	15.601555
0.473158	15.336533	1615.230469	20.277662
0.473158	15.336533	1613.621094	18.713818
0.473158	15.336533	1612.011719	14.032346
0.473158	15.336533	1610.400391	12.470514
0.473158	15.336533	1608.791016	14.026311
0.473158	15.336533	1607.179688	21.814013
0.473158	15.336533	1605.568359	23.367128
0.473158	15.336533	1603.957031	23.362103
0.473158	15.336533	1602.345703	17.128521
0.473158	15.336533	1600.732422	20.238441
0.473158	15.336533	1599.121094	23.347023
0.473158	15.336533	1597.507813	18.673597
0.473158	15.336533	1595.894531	21.781174
0.473158	15.336533	1594.281250	24.887411
0.473158	15.336533	1592.666016	21.771795
0.473158	15.336533	1591.052734	17.102726
0.473158	15.336533	1589.437500	17.099043
0.473158	15.336533	1587.822266	20.203606
0.473158	15.336533	1586.207031	20.199253
0.473158	15.336533	1584.591797	20.194901
0.473158	15.336533	1582.974609	18.637430
0.473158	15.336533	1581.359375	23.291765
0.473158	15.336533	1579.742188	13.972047
0.473158	15.336533	1578.125000	12.416920
0.473158	15.336533	1576.507813	10.862462
0.473158	15.336533	1574.888672	23.271685
0.473158	15.336533	1573.271484	18.613331
0.473158	15.336533	1571.652344	17.058540
0.473158	15.336533	1570.033203	12.403534
0.473158	15.336533	1568.414063	27.901930
0.473158	15.336533	1566.794922	18.597273
0.473158	15.336533	1565.173828	18.593258
0.473158	15.336533	1563.554688	23.236557
0.473158	15.336533	1561.933594	24.780308
0.473158	15.336533	1560.312500	15.484348
0.473158	15.336533	1558.691406	24.769608
0.473158	15.336533	1557.070313	20.120958
0.473158	15.336533	1555.447266	17.021749
0.473158	15.336533	1553.826172	13.923877
0.473158	15.336533	1552.203125	12.374104
0.473158	15.336533	1550.580078	17.010717
0.473158	15.336533	1548.955078	17.007040
0.473158	15.336533	1547.332031	17.003363
0.473158	15.336533	1545.708984	16.999687
0.473158	15.336533	1544.083984	21.631287
0.473158	15.336533	1542.458984	15.447577
0.473158	15.336533	1540.833984	23.166353
0.473158	15.336533	1539.207031	21.617252
0.473158	15.336533	1537.582031	18.525064
0.473158	15.336533	1535.955078	16.977634
0.473158	15.336533	1534.330078	20.060135
0.473158	15.336533	1532.703125	20.055792
0.473158	15.336533	1531.074219	18.509031
0.473158	15.336533	1529.447266	10.794597
0.473158	15.336533	1527.818359	21.584517
0.473158	15.336533	1526.191406	21.579842
0.473158	15.336533	1524.562500	20.034084
0.473158	15.336533	1522.933594	24.651991
0.473158	15.336533	1521.302734	21.565817
0.473158	15.336533	1519.673828	20.021063
0.473158	15.336533	1518.042969	24.635965
0.473158	15.336533	1516.414063	13.854726
0.473158	15.336533	1514.783203	18.468962
0.473158	15.336533	1513.150391	21.542450
0.473158	15.336533	1511.519531	10.768888
0.473158	15.336533	1509.888672	13.842710
0.473158	15.336533	1508.255859	18.452942
0.473158	15.336533	1506.623047	19.986349
0.473158	15.336533	1504.990234	29.204477
0.473158	15.336533	1503.357422	15.367441
0.473158	15.336533	1501.722656	19.973335
0.473158	15.336533	1500.089844	10.752538
0.473158	15.336533	1498.455078	12.285945
0.473158	15.336533	1496.820313	19.960325
0.473158	15.336533	1495.185547	18.420912
0.473158	15.336533	1493.548828	16.882166
0.473158	15.336533	1491.914063	19.947315
0.473158	15.336533	1490.277344	21.477055
0.473158	15.336533	1488.640625	16.871161
0.473158	15.336533	1487.003906	21.467716
0.473158	15.336533	1485.367188	16.863823
0.473158	15.336533	1483.728516	18.392897
0.473158	15.336533	1482.091797	19.921303
0.473158	15.336533	1480.453125	22.981117
0.473158	15.336533	1478.814453	13.785670
0.473158	15.336533	1477.175781	16.845486
0.473158	15.336533	1475.535156	33.683636
0.473158	15.336533	1473.896484	24.491856
0.473158	15.336533	1472.255859	13.773669
0.473158	15.336533	1470.615234	9.180446
0.473158	15.336533	1468.974609	27.535337
0.473158	15.336533	1467.333984	13.764669
0.473158	15.336533	1465.691406	12.232595
0.473158	15.336533	1464.050781	15.287412
0.473158	15.336533	1462.408203	16.812487
0.473158	15.336533	1460.765625	16.808821
0.473158	15.336533	1459.123047	15.277414
0.473158	15.336533	1457.478516	13.746675
0.473158	15.336533	1455.835938	13.743675
0.473158	15.336533	1454.191406	16.794161
0.473158	15.336533	1452.546875	22.896132
0.473158	15.336533	1450.902344	24.417210
0.473158	15.336533	1449.257813	24.411879
0.473158	15.336533	1447.611328	19.830320
0.473158	15.336533	1445.966797	22.876143
0.473158	15.336533	1444.320313	15.247431
0.473158	15.336533	1442.673828	16.768511
0.473158	15.336533	1441.025391	12.192616
0.473158	15.336533	1439.378906	21.332415
0.473158	15.336533	1437.730469	21.327753
0.473158	15.336533	1436.083984	19.800013
0.473158	15.336533	1434.435547	18.272938
0.473158	15.336533	1432.787109	16.746531
0.473158	15.336533	1431.136719	13.698709
0.473158	15.336533	1429.488281	13.695713
0.473158	15.336533	1427.837891	19.778368
0.473158	15.336533	1426.187500	24.337280
0.473158	15.336533	1424.537109	22.811205
0.473158	15.336533	1422.886719	18.244970
0.473158	15.336533	1421.234375	12.160649
0.473158	15.336533	1419.583984	16.717232
0.473158	15.336533	1417.931641	16.713570
0.473158	15.336533	1416.279297	15.190825
0.473158	15.336533	1414.626953	19.743746
0.473158	15.336533	1412.974609	7.592084
0.473158	15.336533	1411.320313	22.771259
0.473158	15.336533	1409.666016	19.730766
0.473158	15.336533	1408.011719	21.243856
0.473158	15.336533	1406.357422	10.619599
0.473158	15.336533	1404.703125	16.684280
0.473158	15.336533	1403.048828	19.713459
0.473158	15.336533	1401.392578	15.160872
0.473158	15.336533	1399.736328	22.736317
0.473158	15.336533	1398.080078	10.607952
0.473158	15.336533	1396.423828	22.726336
0.473158	15.336533	1394.765625	21.206587
0.473158	15.336533	1393.109375	16.658659
0.473158	15.336533	1391.451172	21.197271
0.473158	15.336533	1389.792969	10.596307
0.473158	15.336533	1388.134766	19.674530
0.473158	15.336533	1386.476563	18.157114
0.473158	15.336533	1384.816406	19.665882
0.473158	15.336533	1383.156250	22.686411
0.473158	15.336533	1381.496094	19.657232
0.473158	15.336533	1379.835938	24.188194
0.473158	15.336533	1378.175781	15.114295
0.473158	15.336533	1376.515625	16.622066
0.473158	15.336533	1374.853516	22.661465
0.473158	15.336533	1373.191406	24.166906
0.473158	15.336533	1371.529297	19.631289
0.473158	15.336533	1369.867188	16.607431
0.473158	15.336533	1368.205078	21.132076
0.473158	15.336533	1366.541016	16.600115
0.473158	15.336533	1364.876953	21.122765
0.473158	15.336533	1363.212891	22.626545
0.473158	15.336533	1361.548828	19.605349
0.473158	15.336533	1359.884766	10.554399
0.473158	15.336533	1358.218750	16.581825
0.473158	15.336533	1356.554688	18.085274
0.473158	15.336533	1354.888672	18.081285
0.473158	15.336533	1353.222656	21.090178
0.473158	15.336533	1351.554688	18.073305
0.473158	15.336533	1349.888672	13.551987
0.473158	15.336533	1348.220703	24.087101
0.473158	15.336533	1346.552734	19.566448
0.473158	15.336533	1344.884766	24.076462
0.473158	15.336533	1343.216797	24.071142
0.473158	15.336533	1341.548828	19.553482
0.473158	15.336533	1339.878906	13.534034
0.473158	15.336533	1338.208984	22.551737
0.473158	15.336533	1336.539063	28.559217
0.473158	15.336533	1334.869141	15.027843
0.473158	15.336533	1333.199219	24.039230
0.473158	15.336533	1331.527344	18.025434
0.473158	15.336533	1329.857422	18.021446
0.473158	15.336533	1328.185547	18.017458
0.473158	15.336533	1326.513672	22.516836
0.473158	15.336533	1324.839844	18.009481
0.473158	15.336533	1323.167969	25.507780
0.473158	15.336533	1321.494141	16.501379
0.473158	15.336533	1319.820313	17.997517
0.473158	15.336533	1318.146484	16.494068
0.473158	15.336533	1316.472656	14.991283
0.473158	15.336533	1314.798828	11.990368
0.473158	15.336533	1313.123047	22.476955
0.473158	15.336533	1311.447266	26.966366
0.473158	15.336533	1309.771484	17.973589
0.473158	15.336533	1308.095703	16.472136
0.473158	15.336533	1306.419922	20.959883
0.473158	15.336533	1304.742188	16.464825
0.473158	15.336533	1303.064453	16.461170
0.473158	15.336533	1301.386719	14.961377
0.473158	15.336533	1299.708984	14.958055
0.473158	15.336533	1298.031250	7.477366
0.473158	15.336533	1296.351563	17.941690
0.473158	15.336533	1294.671875	13.453279
0.473158	15.336533	1292.994141	16.439241
0.473158	15.336533	1291.312500	13.447298
0.473158	15.336533	1289.632813	23.900991
0.473158	15.336533	1287.953125	16.428278
0.473158	15.336533	1286.271484	16.424623
0.473158	15.336533	1284.589844	16.420969
0.473158	15.336533	1282.908203	26.864697
0.473158	15.336533	1281.226563	23.874414
0.473158	15.336533	1279.542969	22.377281
0.473158	15.336533	1277.861328	20.880812
0.473158	15.336533	1276.177734	14.911544
0.473158	15.336533	1274.494141	23.853155
0.473158	15.336533	1272.810547	17.885880
0.473158	15.336533	1271.125000	13.411421
0.473158	15.336533	1269.441406	14.898257
0.473158	15.336533	1267.755859	20.852909
0.473158	15.336533	1266.070313	22.337421
0.473158	15.336533	1264.384766	13.399464
0.473158	15.336533	1262.697266	19.350462
0.473158	15.336533	1261.011719	16.369814
0.473158	15.336533	1259.324219	13.390495
0.473158	15.336533	1257.636719	17.850008
0.473158	15.336533	1255.949219	13.384518
0.473158	15.336533	1254.261719	16.355202
0.473158	15.336533	1252.572266	16.351547
0.473158	15.336533	1250.882813	14.861723
0.473158	15.336533	1249.193359	17.830082
0.473158	15.336533	1247.503906	17.826097
0.473158	15.336533	1245.814453	7.425880
0.473158	15.336533	1244.125000	11.878751
0.473158	15.336533	1242.433594	17.814142
0.473158	15.336533	1240.742188	10.389258
0.473158	15.336533	1239.050781	13.354629
0.473158	15.336533	1237.359375	14.835155
0.473158	15.336533	1235.666016	20.764570
0.473158	15.336533	1233.974609	13.345663
0.473158	15.336533	1232.281250	14.825194
0.473158	15.336533	1230.587891	17.786249
0.473158	15.336533	1228.892578	17.782265
0.473158	15.336533	1227.199219	23.704372
0.473158	15.336533	1225.503906	22.217869
0.473158	15.336533	1223.810547	14.808592
0.473158	15.336533	1222.115234	13.324745
0.473158	15.336533	1220.417969	14.801951
0.473158	15.336533	1218.722656	19.238220
0.473158	15.336533	1217.025391	17.754374
0.473158	15.336533	1215.330078	22.187986
0.473158	15.336533	1213.632813	20.704140
0.473158	15.336533	1211.933594	17.742422
0.473158	15.336533	1210.236328	19.216640
0.473158	15.336533	1208.537109	17.734453
0.473158	15.336533	1206.839844	14.775392
0.473158	15.336533	1205.140625	14.772072
0.473158	15.336533	1203.439453	16.245626
0.473158	15.336533	1201.740234	20.671604
0.473158	15.336533	1200.041016	16.238323
0.473158	15.336533	1198.339844	19.186430
0.473158	15.336533	1196.638672	19.182116
0.473158	15.336533	1194.937500	14.752153
0.473158	15.336533	1193.234375	16.223717
0.473158	15.336533	1191.533203	22.118271
0.473158	15.336533	1189.830078	19.164852
0.473158	15.336533	1188.126953	13.264988
0.473158	15.336533	1186.423828	22.103334
0.473158	15.336533	1184.720703	19.151907
0.473158	15.336533	1183.015625	16.201809
0.473158	15.336533	1181.312500	17.670717
0.473158	15.336533	1179.607422	14.722279
0.473158	15.336533	1177.902344	17.662752
0.473158	15.336533	1176.195313	26.488152
0.473158	15.336533	1174.490234	20.597250
0.473158	15.336533	1172.783203	20.592604
0.473158	15.336533	1171.076172	13.235115
0.473158	15.336533	1169.369141	17.642838
0.473158	15.336533	1167.662109	23.518473
0.473158	15.336533	1165.953125	16.165298
0.473158	15.336533	1164.246094	22.038610
0.473158	15.336533	1162.537109	14.689088
0.473158	15.336533	1160.828125	22.028654
0.473158	15.336533	1159.117188	17.618940
0.473158	15.336533	1157.408203	14.679132
0.473158	15.336533	1155.697266	11.740651
0.473158	15.336533	1153.986328	16.139744
0.473158	15.336533	1152.275391	23.470682
0.473158	15.336533	1150.564453	21.998787
0.473158	15.336533	1148.853516	19.061300
0.473158	15.336533	1147.140625	30.784363
0.473158	15.336533	1145.427734	13.190311
0.473158	15.336533	1143.714844	19.048359
0.473158	15.336533	1142.001953	13.184339
0.473158	15.336533	1140.287109	17.575136
0.473158	15.336533	1138.574219	16.106892
0.473158	15.336533	1136.859375	19.031103
0.473158	15.336533	1135.144531	20.490389
0.473158	15.336533	1133.427734	21.949011
0.473158	15.336533	1131.712891	21.944035
0.473158	15.336533	1129.996094	13.163434
0.473158	15.336533	1128.279297	17.547264
0.473158	15.336533	1126.562500	11.695521
0.473158	15.336533	1124.845703	14.616084
0.473158	15.336533	1123.128906	17.535318
0.473158	15.336533	1121.410156	18.992283
0.473158	15.336533	1119.691406	18.987968
0.473158	15.336533	1117.972656	16.063093
0.473158	15.336533	1116.253906	14.599494
0.473158	15.336533	1114.533203	16.055794
0.473158	15.336533	1112.814453	16.052145
0.473158	15.336533	1111.093750	17.507450
0.473158	15.336533	1109.373047	23.337957
0.473158	15.336533	1107.652344	17.499487
0.473158	15.336533	1105.929688	5.831835
0.473158	15.336533	1104.208984	18.949152
0.473158	15.336533	1102.486328	18.944839
0.473158	15.336533	1100.763672	18.940527
0.473158	15.336533	1099.039063	17.479584
0.473158	15.336533	1097.316406	17.475603
0.473158	15.336533	1095.591797	26.207432
0.473158	15.336533	1093.867188	26.201462
0.473158	15.336533	1092.142578	20.374269
0.473158	15.336533	1090.417969	18.914654
0.473158	15.336533	1088.693359	23.274265
0.473158	15.336533	1086.966797	24.723269
0.473158	15.336533	1085.240234	18.901716
0.473158	15.336533	1083.513672	17.443758
0.473158	15.336533	1081.787109	26.159666
0.473158	15.336533	1080.058594	15.982815
0.473158	15.336533	1078.332031	15.979166
0.473158	15.336533	1076.603516	13.070878
0.473158	15.336533	1074.875000	15.971869
0.473158	15.336533	1073.144531	8.709939
0.473158	15.336533	1071.416016	13.061923
0.473158	15.336533	1069.685547	13.058938
0.473158	15.336533	1067.955078	23.210585
0.473158	15.336533	1066.224609	15.953629
0.473158	15.336533	1064.494141	18.849977
0.473158	15.336533	1062.763672	14.496666
0.473158	15.336533	1061.031250	17.392019
0.473158	15.336533	1059.298828	17.388041
0.473158	15.336533	1057.566406	17.384060
0.473158	15.336533	1055.832031	15.931741
0.473158	15.336533	1054.099609	21.720127
0.473158	15.336533	1052.365234	24.610508
0.473158	15.336533	1050.630859	13.026108
0.473158	15.336533	1048.896484	20.258192
0.473158	15.336533	1047.162109	15.913504
0.473158	15.336533	1045.425781	20.248907
0.473158	15.336533	1043.691406	15.906209
0.473158	15.336533	1041.955078	14.456874
0.473158	15.336533	1040.218750	17.344271
0.473158	15.336533	1038.480469	20.230339
0.473158	15.336533	1036.744141	18.781006
0.473158	15.336533	1035.005859	18.776695
0.473158	15.336533	1033.267578	20.216415
0.473158	15.336533	1031.529297	18.768076
0.473158	15.336533	1029.789063	15.877032
0.473158	15.336533	1028.050781	17.316420
0.473158	15.336533	1026.310547	17.312443
0.473158	15.336533	1024.570313	21.635580
0.473158	15.336533	1022.830078	21.630608
0.473158	15.336533	1021.089844	20.183926
0.473158	15.336533	1019.347656	30.268929
0.473158	15.336533	1017.605469	14.410460
0.473158	15.336533	1015.863281	31.695721
0.473158	15.336533	1014.121094	27.367279
0.473158	15.336533	1012.378906	20.160723
0.473158	15.336533	1010.634766	28.794403
0.473158	15.336533	1008.890625	20.151442
0.473158	15.336533	1007.146484	24.463974
0.473158	15.336533	1005.402344	18.703436
0.473158	15.336533	1003.656250	25.891098
0.473158	15.336533	1001.912109	24.447069
0.473158	15.336533	1000.166016	24.441437
0.473158	15.336533	998.419922	28.748003
0.473158	15.336533	996.673828	18.681892
0.473158	15.336533	994.925781	25.861271
0.473158	15.336533	993.177734	30.164524
0.473158	15.336533	991.431641	37.337936
0.473158	15.336533	989.681641	30.150606
0.473158	15.336533	987.933594	35.885296
0.473158	15.336533	986.185547	30.136688
0.473158	15.336533	984.435547	25.825483
0.473158	15.336533	982.685547	43.032532
0.473158	15.336533	980.935547	37.286247
0.473158	15.336533	979.185547	31.542610
0.473158	15.336533	977.433594	41.569286
0.473158	15.336533	975.681641	38.693497
0.473158	15.336533	973.929688	32.953506
0.473158	15.336533	972.177734	32.945885
0.473158	15.336533	970.425781	28.641970
0.473158	15.336533	968.671875	37.225948
0.473158	15.336533	966.917969	30.060154
0.473158	15.336533	965.164063	34.346512
0.473158	15.336533	963.410156	35.769337
0.473158	15.336533	961.656250	38.621937
0.473158	15.336533	959.900391	35.752773
0.473158	15.336533	958.144531	30.025373
0.473158	15.336533	956.388672	30.018417
0.473158	15.336533	954.632813	30.011461
0.473158	15.336533	952.876953	35.719650
0.473158	15.336533	951.119141	34.282917
0.473158	15.336533	949.361328	31.418720
0.473158	15.336533	947.603516	29.983641
0.473158	15.336533	945.845703	41.396378
0.473158	15.336533	944.085938	35.678253
0.473158	15.336533	942.328125	35.669975
0.473158	15.336533	940.568359	29.955824
0.473158	15.336533	938.808594	31.375008
0.473158	15.336533	937.046875	25.664499
0.473158	15.336533	935.287109	24.233065
0.473158	15.336533	933.525391	25.652580
0.473158	15.336533	931.763672	24.221807
0.473158	15.336533	930.001953	24.216179
0.473158	15.336533	928.240234	24.210550
0.473158	15.336533	926.476563	21.357285
0.473158	15.336533	924.712891	17.081856
0.473158	15.336533	922.949219	17.077883
0.473158	15.336533	921.185547	17.073910
0.473158	15.336533	919.419922	24.182411
0.473158	15.336533	917.656250	19.910294
0.473158	15.336533	915.890625	22.749325
0.473158	15.336533	914.125000	27.008533
0.473158	15.336533	912.359375	18.475222
0.473158	15.336533	910.591797	18.470919
0.473158	15.336533	908.824219	18.466616
0.473158	15.336533	907.058594	19.882490
0.473158	15.336533	905.289063	21.297705
0.473158	15.336533	903.521484	22.712257
0.473158	15.336533	901.753906	21.287777
0.473158	15.336533	899.984375	18.445105
0.473158	15.336533	898.214844	15.603757
0.473158	15.336533	896.445313	15.600117
0.473158	15.336533	894.673828	18.432201
0.473158	15.336533	892.904297	22.680492
0.473158	15.336533	891.132813	18.423599
0.473158	15.336533	889.361328	22.669905
0.473158	15.336533	887.589844	15.581921
0.473158	15.336533	885.816406	19.826904
0.473158	15.336533	884.044922	22.654026
0.473158	15.336533	882.271484	18.402096
0.473158	15.336533	880.498047	24.058655
0.473158	15.336533	878.722656	18.393496
0.473158	15.336533	876.949219	21.218304
0.473158	15.336533	875.173828	18.384895
0.473158	15.336533	873.398438	22.622272
0.473158	15.336533	871.623047	21.203421
0.473158	15.336533	869.847656	24.024921
0.473158	15.336533	868.070313	28.257999
0.473158	15.336533	866.292969	16.950832
0.473158	15.336533	864.515625	22.595818
0.473158	15.336533	862.738281	21.178619
0.473158	15.336533	860.960938	21.173660
0.473158	15.336533	859.181641	16.934961
0.473158	15.336533	857.402344	19.752827
0.473158	15.336533	855.623047	16.927027
0.473158	15.336533	853.843750	21.153824
0.473158	15.336533	852.064453	19.738941
0.473158	15.336533	850.283203	14.095939
0.473158	15.336533	848.501953	18.320423
0.473158	15.336533	846.720703	19.725060
0.473158	15.336533	844.939453	19.720432
0.473158	15.336533	843.156250	22.532349
0.473158	15.336533	841.373047	21.119120
0.473158	15.336533	839.589844	14.076109
0.473158	15.336533	837.806641	22.516487
0.473158	15.336533	836.023438	25.325100
0.473158	15.336533	834.238281	23.912533
0.473158	15.336533	832.453125	26.719494
0.473158	15.336533	830.667969	22.495340
0.473158	15.336533	828.882813	16.867540
0.473158	15.336533	827.095703	18.268875
0.473158	15.336533	825.310547	25.289419
0.473158	15.336533	823.523438	14.046374
0.473158	15.336533	821.736328	26.681835
0.473158	15.336533	819.947266	14.039768
0.473158	15.336533	818.160156	15.440112
0.473158	15.336533	816.371094	23.856377
0.473158	15.336533	814.582031	21.044790
0.473158	15.336533	812.792969	23.845150
0.473158	15.336533	811.001953	21.034885
0.473158	15.336533	809.212891	21.029932
0.473158	15.336533	807.421875	23.828310
0.473158	15.336533	805.630859	19.618692
0.473158	15.336533	803.839844	22.416080
0.473158	15.336533	802.046875	21.010124
0.473158	15.336533	800.253906	21.005173
0.473158	15.336533	798.460938	19.600206
0.473158	15.336533	796.667969	19.595585
0.473158	15.336533	794.875000	15.392900
0.473158	15.336533	793.080078	20.985369
0.473158	15.336533	791.285156	12.588251
0.473158	15.336533	789.490234	16.780375
0.473158	15.336533	787.695313	22.368553
0.473158	15.336533	785.900391	18.170160
0.473158	15.336533	784.103516	23.755369
0.473158	15.336533	782.306641	22.352716
0.473158	15.336533	780.509766	25.140867
0.473158	15.336533	778.712891	26.531315
0.473158	15.336533	776.914063	26.525047
0.473158	15.336533	775.115234	27.914507
0.473158	15.336533	773.318359	18.140141
0.473158	15.336533	771.517578	18.135855
0.473158	15.336533	769.718750	26.499983
0.473158	15.336533	767.917969	22.310497
0.473158	15.336533	766.117188	23.699299
0.473158	15.336533	764.316406	30.662426
0.473158	15.336533	762.515625	25.081505
0.473158	15.336533	760.714844	23.682484
0.473158	15.336533	758.912109	22.284122
0.473158	15.336533	757.109375	32.025845
0.473158	15.336533	755.306641	20.881475
0.473158	15.336533	753.501953	16.701225
0.473158	15.336533	751.699219	22.263027
0.473158	15.336533	749.894531	19.475534
0.473158	15.336533	748.089844	20.861702
0.473158	15.336533	746.285156	25.028111
0.473158	15.336533	744.478516	25.022181
0.473158	15.336533	742.673828	25.016251
0.473158	15.336533	740.867188	16.673546
0.473158	15.336533	739.060547	26.393522
0.473158	15.336533	737.251953	26.387264
0.473158	15.336533	735.445313	26.381006
0.473158	15.336533	733.636719	27.762894
0.473158	15.336533	731.828125	22.205046
0.473158	15.336533	730.019531	16.649832
0.473158	15.336533	728.208984	26.355978
0.473158	15.336533	726.400391	20.802412
0.473158	15.336533	724.589844	16.637980
0.473158	15.336533	722.779297	29.109549
0.473158	15.336533	720.966797	20.787598
0.473158	15.336533	719.156250	24.939192
0.473158	15.336533	717.343750	27.703630
0.473158	15.336533	715.531250	22.157639
0.473158	15.336533	713.718750	17.998802
0.473158	15.336533	711.904297	19.378719
0.473158	15.336533	710.091797	20.757978
0.473158	15.336533	708.277344	16.602434
0.473158	15.336533	706.462891	19.364901
0.473158	15.336533	704.646484	15.211660
0.473158	15.336533	702.832031	22.120789
0.473158	15.336533	701.015625	17.968864
0.473158	15.336533	699.199219	23.492155
0.473158	15.336533	697.382813	20.723438
0.473158	15.336533	695.566406	29.005909
0.473158	15.336533	693.748047	24.856289
0.473158	15.336533	691.929688	15.186337
0.473158	15.336533	690.111328	19.323463
0.473158	15.336533	688.292969	20.698778
0.473158	15.336533	686.472656	15.175488
0.473158	15.336533	684.652344	15.171873
0.473158	15.336533	682.832031	19.305056
0.473158	15.336533	681.011719	23.436266
0.473158	15.336533	679.191406	28.943781
0.473158	15.336533	677.369141	17.913307
0.473158	15.336533	675.546875	16.531418
0.473158	15.336533	673.724609	16.527475
0.473158	15.336533	671.902344	24.785301
0.473158	15.336533	670.078125	23.402756
0.473158	15.336533	668.255859	20.644564
0.473158	15.336533	666.431641	26.143541
0.473158	15.336533	664.607422	23.386007
0.473158	15.336533	662.781250	20.629787
0.473158	15.336533	660.957031	21.999853
0.473158	15.336533	659.130859	23.369263
0.473158	15.336533	657.304688	16.492012
0.473158	15.336533	655.476563	26.106115
0.473158	15.336533	653.650391	27.473557
0.473158	15.336533	651.822266	15.106846
0.473158	15.336533	649.994141	21.968344
0.473158	15.336533	648.166016	17.845015
0.473158	15.336533	646.335938	26.074942
0.473158	15.336533	644.507813	20.580559
0.473158	15.336533	642.677734	26.062475
0.473158	15.336533	640.847656	30.170387
0.473158	15.336533	639.015625	28.792118
0.473158	15.336533	637.185547	27.414507
0.473158	15.336533	635.353516	34.259937
0.473158	15.336533	633.521484	26.031322
0.473158	15.336533	631.689453	26.025093
0.473158	15.336533	629.855469	31.496521
0.473158	15.336533	628.023438	26.012638
0.473158	15.336533	626.189453	30.112686
0.473158	15.336533	624.355469	32.842339
0.473158	15.336533	622.519531	23.257751
0.473158	15.336533	620.685547	36.929935
0.473158	15.336533	618.849609	25.981508
0.473158	15.336533	617.013672	32.810886
0.473158	15.336533	615.177734	35.536610
0.473158	15.336533	613.339844	30.062235
0.473158	15.336533	611.503906	25.956617
0.473158	15.336533	609.666016	30.047827
0.473158	15.336533	607.828125	24.578691
0.473158	15.336533	605.988281	30.033421
0.473158	15.336533	604.150391	31.391048
0.473158	15.336533	602.310547	23.196514
0.473158	15.336533	600.470703	25.919298
0.473158	15.336533	598.628906	24.549234
0.473158	15.336533	596.789063	21.816307
0.473158	15.336533	594.947266	20.447880
0.473158	15.336533	593.105469	21.805838
0.473158	15.336533	591.263672	27.250755
0.473158	15.336533	589.421875	31.330847
0.473158	15.336533	587.578125	28.599558
0.473158	15.336533	585.734375	25.869577
0.473158	15.336533	583.890625	25.863365
0.473158	15.336533	582.046875	23.135349
0.473158	15.336533	580.201172	24.490368
0.473158	15.336533	578.355469	25.844734
0.473158	15.336533	576.509766	27.198446
0.473158	15.336533	574.664063	23.113125
0.473158	15.336533	572.818359	19.029764
0.473158	15.336533	570.970703	17.666248
0.473158	15.336533	569.123047	16.303387
0.473158	15.336533	567.275391	24.449200
0.473158	15.336533	565.427734	21.727398
0.473158	15.336533	563.578125	24.437445
0.473158	15.336533	561.728516	25.788877
0.473158	15.336533	559.878906	28.496639
0.473158	15.336533	558.029297	18.993191
0.473158	15.336533	556.177734	17.632290
0.473158	15.336533	554.328125	25.764071
0.473158	15.336533	552.476563	36.603291
0.473158	15.336533	550.625000	21.685617
0.473158	15.336533	548.771484	29.810549
0.473158	15.336533	546.919922	31.158072
0.473158	15.336533	545.066406	27.087452
0.473158	15.336533	543.212891	31.143070
0.473158	15.336533	541.357422	31.135571
0.473158	15.336533	539.503906	29.774677
0.473158	15.336533	537.648438	31.120575
0.473158	15.336533	535.792969	37.876789
0.473158	15.336533	533.937500	33.810417
0.473158	15.336533	532.080078	40.562725
0.473158	15.336533	530.224609	52.718834
0.473158	15.336533	528.367188	60.814766
0.473158	15.336533	526.507813	93.226830
0.473158	15.336533	524.650391	168.848480
0.473158	15.336533	522.791016	336.265076
0.473158	15.336533	520.933594	550.855713
0.473158	15.336533	519.074219	449.487061
0.473158	15.336533	517.212891	256.402252
0.473158	15.336533	515.353516	138.963486
0.473158	15.336533	513.492188	97.116089
0.473158	15.336533	511.630859	80.910553
0.473158	15.336533	509.769531	63.364643
0.473158	15.336533	507.906250	60.653637
0.473158	15.336533	506.044922	56.596401
0.473158	15.336533	504.181641	45.805077
0.473158	15.336533	502.318359	56.569088
0.473158	15.336533	500.453125	61.941662
0.473158	15.336533	498.589844	55.195545
0.473158	15.336533	496.724609	53.836311
0.473158	15.336533	494.859375	52.477730
0.473158	15.336533	492.992188	60.536606
0.473158	15.336533	491.126953	43.037857
0.473158	15.336533	489.259766	65.885803
0.473158	15.336533	487.392578	43.017071
0.473158	15.336533	485.525391	33.598969
0.473158	15.336533	483.656250	36.278118
0.473158	15.336533	481.789063	30.896114
0.473158	15.336533	479.919922	37.603573
0.473158	15.336533	478.050781	33.566505
0.473158	15.336533	476.179688	36.243065
0.473158	15.336533	474.310547	36.234303
0.473158	15.336533	472.439453	29.517111
0.473158	15.336533	470.568359	26.827250
0.473158	15.336533	468.695313	26.820763
0.473158	15.336533	466.824219	33.517849
0.473158	15.336533	464.951172	24.127014
0.473158	15.336533	463.078125	21.441048
0.473158	15.336533	461.205078	24.115345
0.473158	15.336533	459.330078	22.770096
0.473158	15.336533	457.457031	28.120960
0.473158	15.336533	455.582031	24.097849
0.473158	15.336533	453.707031	25.430464
0.473158	15.336533	451.830078	24.086189
0.473158	15.336533	449.955078	22.742563
0.473158	15.336533	448.078125	25.412006
0.473158	15.336533	446.201172	24.068707
0.473158	15.336533	444.322266	25.399708
0.473158	15.336533	442.445313	32.076073
0.473158	15.336533	440.566406	30.732130
0.473158	15.336533	438.687500	25.381266
0.473158	15.336533	436.808594	25.375120
0.473158	15.336533	434.927734	28.039394
0.473158	15.336533	433.048828	28.032604
0.473158	15.336533	431.167969	29.360376
0.473158	15.336533	429.285156	21.347830
0.473158	15.336533	427.404297	25.344408
0.473158	15.336533	425.521484	24.004675
0.473158	15.336533	423.638672	26.665400
0.473158	15.336533	421.755859	26.658939
0.473158	15.336533	419.873047	17.324112
0.473158	15.336533	417.988281	25.313721
0.473158	15.336533	416.105469	29.303522
0.473158	15.336533	414.220703	23.969799
0.473158	15.336533	412.333984	27.957987
0.473158	15.336533	410.449219	27.951210
0.473158	15.336533	408.562500	29.275124
0.473158	15.336533	406.675781	33.259121
0.473158	15.336533	404.789063	37.241184
0.473158	15.336533	402.900391	42.551033
0.473158	15.336533	401.013672	58.493488
0.473158	15.336533	399.125000	63.795605
0.473158	15.336533	397.236328	77.067665
0.473158	15.336533	395.345703	79.705833
0.473158	15.336533	393.457031	69.061638
0.473158	15.336533	391.566406	54.439236
0.473158	15.336533	389.675781	58.408424
0.473158	15.336533	387.783203	42.468552
0.473158	15.336533	385.892578	50.419170
0.473158	15.336533	384.000000	43.774448
0.473158	15.336533	382.107422	43.763828
0.473158	15.336533	380.214844	46.404919
0.473158	15.336533	378.320313	59.648991
0.473158	15.336533	376.425781	71.561417
0.473158	15.336533	374.531250	72.868942
0.473158	15.336533	372.636719	56.956440
0.473158	15.336533	370.742188	56.942616
0.473158	15.336533	368.845703	54.280945
0.473158	15.336533	366.949219	43.678936
0.473158	15.336533	365.052734	44.991615
0.473158	15.336533	363.154297	55.564388
0.473158	15.336533	361.257813	52.905621
0.473158	15.336533	359.359375	52.892776
0.473158	15.336533	357.460938	37.015953
0.473158	15.336533	355.560547	52.867096
0.473158	15.336533	353.662109	54.175613
0.473158	15.336533	351.761719	60.767639
0.473158	15.336533	349.861328	50.187164
0.473158	15.336533	347.960938	55.456554
0.473158	15.336533	346.058594	47.522644
0.473158	15.336533	344.156250	40.912338
0.473158	15.336533	342.253906	32.985809
0.473158	15.336533	340.351563	40.892467
0.473158	15.336533	338.449219	46.157703
0.473158	15.336533	336.544922	48.783432
0.473158	15.336533	334.640625	34.271923
0.473158	15.336533	332.736328	40.852753
0.473158	15.336533	330.832031	35.572784
0.473158	15.336533	328.925781	36.881332
0.473158	15.336533	327.019531	35.555504
0.473158	15.336533	325.113281	34.230312
0.473158	15.336533	323.207031	27.640844
0.473158	15.336533	321.298828	19.738663
0.473158	15.336533	319.390625	30.258595
0.473158	15.336533	317.482422	27.620699
0.473158	15.336533	315.574219	31.558844
0.473158	15.336533	313.664063	27.607277
0.473158	15.336533	311.753906	31.543507
0.473158	15.336533	309.843750	32.849834
0.473158	15.336533	307.933594	31.528177
0.473158	15.336533	306.023438	30.207161
0.473158	15.336533	304.111328	31.512856
0.473158	15.336533	302.199219	35.443344
0.473158	15.336533	300.287109	27.560347
0.473158	15.336533	298.373047	24.929491
0.473158	15.336533	296.458984	31.482229
0.473158	15.336533	294.546875	26.228813
0.473158	15.336533	292.630859	40.644779
0.473158	15.336533	290.716797	31.459276
0.473158	15.336533	288.800781	41.935505
0.473158	15.336533	286.884766	40.615147
0.473158	15.336533	284.968750	45.844662
0.473158	15.336533	283.052734	48.452576
0.473158	15.336533	281.134766	45.822376
0.473158	15.336533	279.218750	48.429020
0.473158	15.336533	277.298828	62.811565
0.473158	15.336533	275.380859	53.638500
0.473158	15.336533	273.462891	57.549274
0.473158	15.336533	271.542969	67.996246
0.473158	15.336533	269.623047	74.516220
0.473158	15.336533	267.701172	101.944778
0.473158	15.336533	265.781250	103.226662
0.473158	15.336533	263.859375	169.825348
0.473158	15.336533	261.937500	284.714813
0.473158	15.336533	260.015625	272.894165
0.473158	15.336533	258.093750	233.665924
0.473158	15.336533	256.169922	216.643097
0.473158	15.336533	254.246094	207.457092
0.473158	15.336533	252.322266	447.424408
0.473158	15.336533	250.396484	1550.607178
0.473158	15.336533	248.472656	1962.234131
0.473158	15.336533	246.546875	831.628540
0.473158	15.336533	244.621094	381.830597
0.473158	15.336533	242.693359	225.394653
0.473158	15.336533	240.767578	204.499176
0.473158	15.336533	238.839844	162.778229
0.473158	15.336533	236.912109	138.002365
0.473158	15.336533	234.982422	111.936966
0.473158	15.336533	233.054688	102.800819
0.473158	15.336533	231.125000	76.756622
0.473158	15.336533	229.195313	76.737961
0.473158	15.336533	227.263672	61.115379
0.473158	15.336533	225.333984	63.700542
0.473158	15.336533	223.402344	72.782921
0.473158	15.336533	221.470703	81.860878
0.473158	15.336533	219.539063	90.934418
0.473158	15.336533	217.605469	79.223587
0.473158	15.336533	215.673828	76.607460
0.473158	15.336533	213.740234	70.098259
0.473158	15.336533	211.804688	55.805412
0.473158	15.336533	209.871094	64.874237
0.473158	15.336533	207.935547	57.075451
0.473158	15.336533	206.000000	54.467869
0.473158	15.336533	204.064453	41.489239
0.473158	15.336533	202.128906	36.294258
0.473158	15.336533	200.191406	33.693619
0.473158	15.336533	198.253906	36.276615
0.473158	15.336533	196.316406	32.381962
0.473158	15.336533	194.376953	25.899273
0.473158	15.336533	192.439453	31.071573
0.473158	15.336533	190.500000	27.181019
0.473158	15.336533	188.560547	24.586374
0.473158	15.336533	186.619141	19.405577
0.473158	15.336533	184.679688	25.867815
0.473158	15.336533	182.738281	24.568451
0.473158	15.336533	180.796875	28.440767
0.473158	15.336533	178.855469	19.386719
0.473158	15.336533	176.912109	28.426945
0.473158	15.336533	174.968750	24.544579
0.473158	15.336533	173.025391	20.664097
0.473158	15.336533	171.082031	23.241459
0.473158	15.336533	169.136719	20.654055
0.473158	15.336533	167.193359	21.939602
0.473158	15.336533	165.246094	27.095276
0.473158	15.336533	163.300781	24.508818
0.473158	15.336533	161.355469	27.082111
0.473158	15.336533	159.408203	28.364843
0.473158	15.336533	157.460938	30.935949
0.473158	15.336533	155.513672	28.351065
0.473158	15.336533	153.564453	29.632551
0.473158	15.336533	151.617188	36.065647
0.473158	15.336533	149.667969	36.056889
0.473158	15.336533	147.716797	37.335564
0.473158	15.336533	145.767578	41.187859
0.473158	15.336533	143.816406	46.325089
0.473158	15.336533	141.865234	52.746315
0.473158	15.336533	139.914063	56.592056
0.473158	15.336533	137.962891	63.007671
0.473158	15.336533	136.009766	71.991280
0.473158	15.336533	134.056641	52.695107
0.473158	15.336533	132.103516	53.967247
0.473158	15.336533	130.150391	53.954147
0.473158	15.336533	128.195313	47.519497
0.473158	15.336533	126.240234	37.235970
0.473158	15.336533	124.285156	42.361679
0.473158	15.336533	122.330078	42.351398
0.473158	15.336533	120.373047	44.907249
0.473158	15.336533	118.416016	47.461857
0.473158	15.336533	116.458984	55.144989
0.473158	15.336533	114.501953	47.438828
0.473158	15.336533	112.542969	47.427315
0.473158	15.336533	110.583984	38.445251
0.473158	15.336533	108.625000	34.592331
0.473158	15.336533	106.666016	26.898621
0.473158	15.336533	104.705078	20.489216
0.473158	15.336533	102.746094	10.242123
0.473158	15.336533	100.785156	12.799549
0.473158	15.336533	98.822266	3.838933
0.473158	15.336533	96.861328	6.396671
0.473158	15.336533	94.898438	1.279024
0.473158	15.336533	92.935547	8.950996
0.473158	15.336533	90.972656	0.000000
0.473158	15.336533	89.007813	2.556188
0.473158	15.336533	87.044922	0.000000
0.473158	15.336533	85.080078	1.277474
0.473158	15.336533	83.113281	2.554329
0.473158	15.336533	81.148438	-1.276855
0.473158	15.336533	79.181641	3.829637
0.473158	15.336533	77.214844	-1.276236
0.473158	15.336533	75.248047	5.103709
0.473158	15.336533	73.281250	0.000000
0.473158	15.336533	71.312500	1.275309
0.473158	15.336533	69.343750	2.550000
0.473158	15.336533	67.375000	1.274691
0.473158	15.336533	65.404297	2.548765
0.473158	15.336533	63.435547	2.548148
0.473158	15.336533	61.464844	0.000000
0.473158	15.336533	59.494141	2.546914
4.473158	15.336533	1838.757813	16.071758
4.473158	15.336533	1837.195313	27.321991
4.473158	15.336533	1835.632813	24.102509
4.473158	15.336533	1834.070313	19.277905
4.473158	15.336533	1832.507813	14.455352
4.473158	15.336533	1830.945313	16.058084
4.473158	15.336533	1829.382813	19.265600
4.473158	15.336533	1827.818359	22.471750
4.473158	15.336533	1826.253906	19.257401
4.473158	15.336533	1824.689453	17.648861
4.473158	15.336533	1823.125000	17.645105
4.473158	15.336533	1821.560547	25.660145
4.473158	15.336533	1819.994141	19.241013
4.473158	15.336533	1818.429688	22.443069
4.473158	15.336533	1816.863281	25.643764
4.473158	15.336533	1815.296875	24.035912
4.473158	15.336533	1813.730469	14.418477
4.473158	15.336533	1812.162109	12.813696
4.473158	15.336533	1810.595703	19.216454
4.473158	15.336533	1809.027344	20.813393
4.473158	15.336533	1807.458984	24.010340
4.473158	15.336533	1805.890625	19.204184
4.473158	15.336533	1804.322266	22.400110
4.473158	15.336533	1802.753906	23.995008
4.473158	15.336533	1801.183594	19.191919
4.473158	15.336533	1799.613281	17.588848
4.473158	15.336533	1798.042969	22.381039
4.473158	15.336533	1796.472656	19.179663
4.473158	15.336533	1794.902344	20.773544
4.473158	15.336533	1793.332031	20.769119
4.473158	15.336533	1791.759766	19.167412
4.473158	15.336533	1790.187500	20.760275
4.473158	15.336533	1788.617188	22.352457
4.473158	15.336533	1787.044922	17.558905
4.473158	15.336533	1785.470703	23.938862
4.473158	15.336533	1783.898438	23.933762
4.473158	15.336533	1782.324219	27.119152
4.473158	15.336533	1780.750000	23.923567
4.473158	15.336533	1779.177734	23.918470
4.473158	15.336533	1777.601563	12.753799
4.473158	15.336533	1776.027344	17.532738
4.473158	15.336533	1774.453125	23.903185
4.473158	15.336533	1772.876953	25.491299
4.473158	15.336533	1771.300781	22.300133
4.473158	15.336533	1769.724609	23.887909
4.473158	15.336533	1768.148438	23.882818
4.473158	15.336533	1766.572266	17.510334
4.473158	15.336533	1764.994141	20.689619
4.473158	15.336533	1763.417969	14.320530
4.473158	15.336533	1761.839844	20.680801
4.473158	15.336533	1760.261719	22.266884
4.473158	15.336533	1758.683594	23.852289
4.473158	15.336533	1757.103516	19.077765
4.473158	15.336533	1755.525391	22.252645
4.473158	15.336533	1753.945313	15.891358
4.473158	15.336533	1752.365234	22.243156
4.473158	15.336533	1750.785156	14.296124
4.473158	15.336533	1749.205078	22.233671
4.473158	15.336533	1747.625000	14.290026
4.473158	15.336533	1746.042969	28.573957
4.473158	15.336533	1744.460938	12.696828
4.473158	15.336533	1742.878906	20.627943
4.473158	15.336533	1741.296875	19.037117
4.473158	15.336533	1739.714844	22.205231
4.473158	15.336533	1738.132813	25.371992
4.473158	15.336533	1736.548828	15.854112
4.473158	15.336533	1734.964844	22.191021
4.473158	15.336533	1733.380859	23.771019
4.473158	15.336533	1731.796875	20.597153
4.473158	15.336533	1730.212891	9.504350
4.473158	15.336533	1728.628906	23.755802
4.473158	15.336533	1727.042969	20.583967
4.473158	15.336533	1725.457031	30.077837
4.473158	15.336533	1723.871094	18.992474
4.473158	15.336533	1722.285156	15.823682
4.473158	15.336533	1720.699219	15.820303
4.473158	15.336533	1719.111328	15.816924
4.473158	15.336533	1717.525391	20.557610
4.473158	15.336533	1715.937500	22.134237
4.473158	15.336533	1714.349609	14.226113
4.473158	15.336533	1712.759766	12.642733
4.473158	15.336533	1711.171875	22.120056
4.473158	15.336533	1709.583984	18.955997
4.473158	15.336533	1707.994141	17.372618
4.473158	15.336533	1706.404297	23.684872
4.473158	15.336533	1704.814453	18.943848
4.473158	15.336533	1703.224609	26.831383
4.473158	15.336533	1701.632813	23.669689
4.473158	15.336533	1700.042969	20.509346
4.473158	15.336533	1698.451172	12.618438
4.473158	15.336533	1696.859375	17.346642
4.473158	15.336533	1695.267578	17.342934
4.473158	15.336533	1693.675781	22.068104
4.473158	15.336533	1692.082031	18.911472
4.473158	15.336533	1690.490234	23.634285
4.473158	15.336533	1688.896484	15.752820
4.473158	15.336533	1687.302734	18.899340
4.473158	15.336533	1685.708984	22.044514
4.473158	15.336533	1684.113281	17.316984
4.473158	15.336533	1682.519531	20.461147
4.473158	15.336533	1680.923828	17.309574
4.473158	15.336533	1679.328125	22.025652
4.473158	15.336533	1677.732422	17.302164
4.473158	15.336533	1676.136719	20.443636
4.473158	15.336533	1674.541016	18.867008
4.473158	15.336533	1672.943359	20.434883
4.473158	15.336533	1671.345703	12.572620
4.473158	15.336533	1669.748047	26.711098
4.473158	15.336533	1668.150391	17.279949
4.473158	15.336533	1666.552734	12.564545
4.473158	15.336533	1664.955078	17.272549
4.473158	15.336533	1663.355469	20.408638
4.473158	15.336533	1661.755859	12.556472
4.473158	15.336533	1660.156250	20.399895
4.473158	15.336533	1658.556641	23.533295
4.473158	15.336533	1656.957031	25.096802
4.473158	15.336533	1655.355469	14.113925
4.473158	15.336533	1653.755859	17.246655
4.473158	15.336533	1652.154297	17.242958
4.473158	15.336533	1650.552734	23.508083
4.473158	15.336533	1648.951172	25.069912
4.473158	15.336533	1647.347656	21.931469
4.473158	15.336533	1645.746094	15.661975
4.473158	15.336533	1644.142578	14.092753
4.473158	15.336533	1642.539063	14.089730
4.473158	15.336533	1640.935547	21.912657
4.473158	15.336533	1639.332031	25.037663
4.473158	15.336533	1637.728516	18.774218
4.473158	15.336533	1636.123047	17.206005
4.473158	15.336533	1634.517578	14.074619
4.473158	15.336533	1632.912109	12.508087
4.473158	15.336533	1631.306641	14.068577
4.473158	15.336533	1629.701172	17.191235
4.473158	15.336533	1628.093750	20.312551
4.473158	15.336533	1626.488281	23.432526
4.473158	15.336533	1624.880859	17.180161
4.473158	15.336533	1623.273438	28.106951
4.473158	15.336533	1621.666016	15.611618
4.473158	15.336533	1620.056641	17.169090
4.473158	15.336533	1618.449219	26.528345
4.473158	15.336533	1616.839844	18.721867
4.473158	15.336533	1615.230469	21.837482
4.473158	15.336533	1613.621094	20.273302
4.473158	15.336533	1612.011719	23.387243
4.473158	15.336533	1610.400391	21.823399
4.473158	15.336533	1608.791016	12.467832
4.473158	15.336533	1607.179688	14.023294
4.473158	15.336533	1605.568359	18.693703
4.473158	15.336533	1603.957031	21.804628
4.473158	15.336533	1602.345703	15.571383
4.473158	15.336533	1600.732422	15.568032
4.473158	15.336533	1599.121094	18.677618
4.473158	15.336533	1597.507813	20.229731
4.473158	15.336533	1595.894531	18.669579
4.473158	15.336533	1594.281250	20.221022
4.473158	15.336533	1592.666016	18.661539
4.473158	15.336533	1591.052734	21.767107
4.473158	15.336533	1589.437500	20.207960
4.473158	15.336533	1587.822266	21.757730
4.473158	15.336533	1586.207031	23.306831
4.473158	15.336533	1584.591797	21.748354
4.473158	15.336533	1582.974609	20.190548
4.473158	15.336533	1581.359375	18.633411
4.473158	15.336533	1579.742188	9.314697
4.473158	15.336533	1578.125000	17.073263
4.473158	15.336533	1576.507813	15.517802
4.473158	15.336533	1574.888672	18.617348
4.473158	15.336533	1573.271484	18.613331
4.473158	15.336533	1571.652344	21.710869
4.473158	15.336533	1570.033203	23.256626
4.473158	15.336533	1568.414063	13.950965
4.473158	15.336533	1566.794922	12.398182
4.473158	15.336533	1565.173828	23.241573
4.473158	15.336533	1563.554688	18.589245
4.473158	15.336533	1561.933594	18.585232
4.473158	15.336533	1560.312500	20.129654
4.473158	15.336533	1558.691406	15.481005
4.473158	15.336533	1557.070313	17.025427
4.473158	15.336533	1555.447266	18.569181
4.473158	15.336533	1553.826172	27.847754
4.473158	15.336533	1552.203125	23.201447
4.473158	15.336533	1550.580078	27.835718
4.473158	15.336533	1548.955078	10.822662
4.473158	15.336533	1547.332031	13.911843
4.473158	15.336533	1545.708984	20.090540
4.473158	15.336533	1544.083984	20.086195
4.473158	15.336533	1542.458984	18.537092
4.473158	15.336533	1540.833984	29.344049
4.473158	15.336533	1539.207031	21.617252
4.473158	15.336533	1537.582031	20.068821
4.473158	15.336533	1535.955078	13.890792
4.473158	15.336533	1534.330078	15.430873
4.473158	15.336533	1532.703125	18.513039
4.473158	15.336533	1531.074219	20.051449
4.473158	15.336533	1529.447266	16.962936
4.473158	15.336533	1527.818359	16.959263
4.473158	15.336533	1526.191406	18.497007
4.473158	15.336533	1524.562500	21.575167
4.473158	15.336533	1522.933594	15.407495
4.473158	15.336533	1521.302734	21.565817
4.473158	15.336533	1519.673828	26.181389
4.473158	15.336533	1518.042969	20.016722
4.473158	15.336533	1516.414063	23.091209
4.473158	15.336533	1514.783203	23.086203
4.473158	15.336533	1513.150391	21.542450
4.473158	15.336533	1511.519531	18.460951
4.473158	15.336533	1509.888672	19.995026
4.473158	15.336533	1508.255859	26.141668
4.473158	15.336533	1506.623047	21.523760
4.473158	15.336533	1504.990234	16.907856
4.473158	15.336533	1503.357422	12.293953
4.473158	15.336533	1501.722656	19.973335
4.473158	15.336533	1500.089844	15.360768
4.473158	15.336533	1498.455078	15.357431
4.473158	15.336533	1496.820313	13.818686
4.473158	15.336533	1495.185547	16.885836
4.473158	15.336533	1493.548828	24.555880
4.473158	15.336533	1491.914063	23.016132
4.473158	15.336533	1490.277344	27.613356
4.473158	15.336533	1488.640625	10.736193
4.473158	15.336533	1487.003906	19.934309
4.473158	15.336533	1485.367188	18.396898
4.473158	15.336533	1483.728516	15.327415
4.473158	15.336533	1482.091797	13.791672
4.473158	15.336533	1480.453125	16.852819
4.473158	15.336533	1478.814453	27.571341
4.473158	15.336533	1477.175781	22.971115
4.473158	15.336533	1475.535156	26.028263
4.473158	15.336533	1473.896484	19.899633
4.473158	15.336533	1472.255859	13.773669
4.473158	15.336533	1470.615234	18.360891
4.473158	15.336533	1468.974609	26.005596
4.473158	15.336533	1467.333984	16.823484
4.473158	15.336533	1465.691406	16.819818
4.473158	15.336533	1464.050781	21.402376
4.473158	15.336533	1462.408203	18.340895
4.473158	15.336533	1460.765625	22.921120
4.473158	15.336533	1459.123047	22.916122
4.473158	15.336533	1457.478516	19.856308
4.473158	15.336533	1455.835938	15.270750
4.473158	15.336533	1454.191406	18.320902
4.473158	15.336533	1452.546875	22.896132
4.473158	15.336533	1450.902344	27.469360
4.473158	15.336533	1449.257813	16.783167
4.473158	15.336533	1447.611328	15.254093
4.473158	15.336533	1445.966797	24.401218
4.473158	15.336533	1444.320313	27.445375
4.473158	15.336533	1442.673828	24.390560
4.473158	15.336533	1441.025391	21.337078
4.473158	15.336533	1439.378906	19.808670
4.473158	15.336533	1437.730469	13.710698
4.473158	15.336533	1436.083984	18.276934
4.473158	15.336533	1434.435547	21.318428
4.473158	15.336533	1432.787109	22.836178
4.473158	15.336533	1431.136719	15.220789
4.473158	15.336533	1429.488281	21.304443
4.473158	15.336533	1427.837891	18.256956
4.473158	15.336533	1426.187500	15.210800
4.473158	15.336533	1424.537109	13.686724
4.473158	15.336533	1422.886719	18.244970
4.473158	15.336533	1421.234375	13.680731
4.473158	15.336533	1419.583984	19.756727
4.473158	15.336533	1417.931641	13.674739
4.473158	15.336533	1416.279297	16.709908
4.473158	15.336533	1414.626953	18.224997
4.473158	15.336533	1412.974609	19.739420
4.473158	15.336533	1411.320313	19.735092
4.473158	15.336533	1409.666016	27.319521
4.473158	15.336533	1408.011719	12.139347
4.473158	15.336533	1406.357422	16.687941
4.473158	15.336533	1404.703125	15.167528
4.473158	15.336533	1403.048828	18.197041
4.473158	15.336533	1401.392578	24.257395
4.473158	15.336533	1399.736328	24.252071
4.473158	15.336533	1398.080078	22.731325
4.473158	15.336533	1396.423828	15.150889
4.473158	15.336533	1394.765625	16.662319
4.473158	15.336533	1393.109375	21.201929
4.473158	15.336533	1391.451172	22.711363
4.473158	15.336533	1389.792969	12.110065
4.473158	15.336533	1388.134766	15.134254
4.473158	15.336533	1386.476563	13.617835
4.473158	15.336533	1384.816406	15.127601
4.473158	15.336533	1383.156250	24.198839
4.473158	15.336533	1381.496094	12.096758
4.473158	15.336533	1379.835938	21.164671
4.473158	15.336533	1378.175781	21.160013
4.473158	15.336533	1376.515625	19.644260
4.473158	15.336533	1374.853516	12.086115
4.473158	15.336533	1373.191406	18.125181
4.473158	15.336533	1371.529297	21.141388
4.473158	15.336533	1369.867188	12.078133
4.473158	15.336533	1368.205078	16.603773
4.473158	15.336533	1366.541016	22.636520
4.473158	15.336533	1364.876953	21.122765
4.473158	15.336533	1363.212891	24.134981
4.473158	15.336533	1361.548828	10.556726
4.473158	15.336533	1359.884766	19.601027
4.473158	15.336533	1358.218750	18.089264
4.473158	15.336533	1356.554688	13.563956
4.473158	15.336533	1354.888672	16.574511
4.473158	15.336533	1353.222656	13.557971
4.473158	15.336533	1351.554688	22.591631
4.473158	15.336533	1349.888672	22.586643
4.473158	15.336533	1348.220703	13.548994
4.473158	15.336533	1346.552734	12.040891
4.473158	15.336533	1344.884766	13.543010
4.473158	15.336533	1343.216797	21.062250
4.473158	15.336533	1341.548828	18.049368
4.473158	15.336533	1339.878906	24.060505
4.473158	15.336533	1338.208984	21.048288
4.473158	15.336533	1336.539063	24.049868
4.473158	15.336533	1334.869141	15.027843
4.473158	15.336533	1333.199219	25.541683
4.473158	15.336533	1331.527344	18.025434
4.473158	15.336533	1329.857422	13.516085
4.473158	15.336533	1328.185547	19.518911
4.473158	15.336533	1326.513672	30.022448
4.473158	15.336533	1324.839844	22.511850
4.473158	15.336533	1323.167969	15.004577
4.473158	15.336533	1321.494141	21.001755
4.473158	15.336533	1319.820313	14.997931
4.473158	15.336533	1318.146484	20.992449
4.473158	15.336533	1316.472656	17.989540
4.473158	15.336533	1314.798828	16.486755
4.473158	15.336533	1313.123047	10.489246
4.473158	15.336533	1311.447266	17.977577
4.473158	15.336533	1309.771484	20.969187
4.473158	15.336533	1308.095703	19.467068
4.473158	15.336533	1306.419922	19.462749
4.473158	15.336533	1304.742188	19.458429
4.473158	15.336533	1303.064453	28.432930
4.473158	15.336533	1301.386719	22.442066
4.473158	15.336533	1299.708984	20.941277
4.473158	15.336533	1298.031250	19.441151
4.473158	15.336533	1296.351563	16.446550
4.473158	15.336533	1294.671875	22.422131
4.473158	15.336533	1292.994141	19.428194
4.473158	15.336533	1291.312500	19.423874
4.473158	15.336533	1289.632813	14.938120
4.473158	15.336533	1287.953125	16.428278
4.473158	15.336533	1286.271484	17.917770
4.473158	15.336533	1284.589844	13.435338
4.473158	15.336533	1282.908203	14.924831
4.473158	15.336533	1281.226563	14.921510
4.473158	15.336533	1279.542969	19.393644
4.473158	15.336533	1277.861328	17.897839
4.473158	15.336533	1276.177734	14.911544
4.473158	15.336533	1274.494141	14.908222
4.473158	15.336533	1272.810547	14.904901
4.473158	15.336533	1271.125000	19.372051
4.473158	15.336533	1269.441406	17.877909
4.473158	15.336533	1267.755859	11.915948
4.473158	15.336533	1266.070313	14.891614
4.473158	15.336533	1264.384766	25.310097
4.473158	15.336533	1262.697266	20.838959
4.473158	15.336533	1261.011719	13.393485
4.473158	15.336533	1259.324219	8.926997
4.473158	15.336533	1257.636719	17.850008
4.473158	15.336533	1255.949219	17.846024
4.473158	15.336533	1254.261719	19.328875
4.473158	15.336533	1252.572266	14.865044
4.473158	15.336533	1250.882813	22.292583
4.473158	15.336533	1249.193359	19.315922
4.473158	15.336533	1247.503906	13.369573
4.473158	15.336533	1245.814453	19.307287
4.473158	15.336533	1244.125000	14.848439
4.473158	15.336533	1242.433594	19.298653
4.473158	15.336533	1240.742188	17.810156
4.473158	15.336533	1239.050781	19.290020
4.473158	15.336533	1237.359375	20.769218
4.473158	15.336533	1235.666016	14.831836
4.473158	15.336533	1233.974609	17.794218
4.473158	15.336533	1232.281250	14.825194
4.473158	15.336533	1230.587891	14.821874
4.473158	15.336533	1228.892578	13.336698
4.473158	15.336533	1227.199219	26.667419
4.473158	15.336533	1225.503906	17.774296
4.473158	15.336533	1223.810547	22.212889
4.473158	15.336533	1222.115234	16.285799
4.473158	15.336533	1220.417969	17.762342
4.473158	15.336533	1218.722656	11.838905
4.473158	15.336533	1217.025391	17.754374
4.473158	15.336533	1215.330078	26.625584
4.473158	15.336533	1213.632813	22.183006
4.473158	15.336533	1211.933594	14.785351
4.473158	15.336533	1210.236328	20.694843
4.473158	15.336533	1208.537109	17.734453
4.473158	15.336533	1206.839844	20.685549
4.473158	15.336533	1205.140625	23.635315
4.473158	15.336533	1203.439453	17.722502
4.473158	15.336533	1201.740234	22.148148
4.473158	15.336533	1200.041016	17.714535
4.473158	15.336533	1198.339844	17.710550
4.473158	15.336533	1196.638672	19.182116
4.473158	15.336533	1194.937500	22.128229
4.473158	15.336533	1193.234375	13.273951
4.473158	15.336533	1191.533203	19.169168
4.473158	15.336533	1189.830078	19.164852
4.473158	15.336533	1188.126953	13.264988
4.473158	15.336533	1186.423828	22.103334
4.473158	15.336533	1184.720703	22.098354
4.473158	15.336533	1183.015625	14.728917
4.473158	15.336533	1181.312500	22.088396
4.473158	15.336533	1179.607422	8.833367
4.473158	15.336533	1177.902344	14.718960
4.473158	15.336533	1176.195313	20.601896
4.473158	15.336533	1174.490234	17.654785
4.473158	15.336533	1172.783203	20.592604
4.473158	15.336533	1171.076172	17.646820
4.473158	15.336533	1169.369141	11.761891
4.473158	15.336533	1167.662109	14.699045
4.473158	15.336533	1165.953125	14.695726
4.473158	15.336533	1164.246094	11.753925
4.473158	15.336533	1162.537109	19.095816
4.473158	15.336533	1160.828125	19.091501
4.473158	15.336533	1159.117188	10.277716
4.473158	15.336533	1157.408203	24.954525
4.473158	15.336533	1155.697266	10.273069
4.473158	15.336533	1153.986328	19.074244
4.473158	15.336533	1152.275391	20.536846
4.473158	15.336533	1150.564453	17.599030
4.473158	15.336533	1148.853516	17.595047
4.473158	15.336533	1147.140625	17.591064
4.473158	15.336533	1145.427734	27.846214
4.473158	15.336533	1143.714844	17.583099
4.473158	15.336533	1142.001953	16.114191
4.473158	15.336533	1140.287109	14.645947
4.473158	15.336533	1138.574219	16.106892
4.473158	15.336533	1136.859375	20.495035
4.473158	15.336533	1135.144531	19.026791
4.473158	15.336533	1133.427734	13.169407
4.473158	15.336533	1131.712891	23.406969
4.473158	15.336533	1129.996094	23.401661
4.473158	15.336533	1128.279297	11.698175
4.473158	15.336533	1126.562500	14.619402
4.473158	15.336533	1124.845703	20.462517
4.473158	15.336533	1123.128906	18.996595
4.473158	15.336533	1121.410156	17.531338
4.473158	15.336533	1119.691406	16.066744
4.473158	15.336533	1117.972656	20.443937
4.473158	15.336533	1116.253906	18.979343
4.473158	15.336533	1114.533203	21.894264
4.473158	15.336533	1112.814453	14.592859
4.473158	15.336533	1111.093750	18.966404
4.473158	15.336533	1109.373047	16.044846
4.473158	15.336533	1107.652344	13.124616
4.473158	15.336533	1105.929688	11.663671
4.473158	15.336533	1104.208984	17.491526
4.473158	15.336533	1102.486328	18.944839
4.473158	15.336533	1100.763672	16.026600
4.473158	15.336533	1099.039063	20.392847
4.473158	15.336533	1097.316406	10.194101
4.473158	15.336533	1095.591797	17.471622
4.473158	15.336533	1093.867188	13.100731
4.473158	15.336533	1092.142578	16.008356
4.473158	15.336533	1090.417969	16.004707
4.473158	15.336533	1088.693359	29.092833
4.473158	15.336533	1086.966797	18.906029
4.473158	15.336533	1085.240234	14.539783
4.473158	15.336533	1083.513672	13.082819
4.473158	15.336533	1081.787109	15.986464
4.473158	15.336533	1080.058594	17.435799
4.473158	15.336533	1078.332031	15.979166
4.473158	15.336533	1076.603516	13.070878
4.473158	15.336533	1074.875000	13.067893
4.473158	15.336533	1073.144531	18.871534
4.473158	15.336533	1071.416016	18.867222
4.473158	15.336533	1069.685547	14.509932
4.473158	15.336533	1067.955078	13.055954
4.473158	15.336533	1066.224609	23.205278
4.473158	15.336533	1064.494141	18.849977
4.473158	15.336533	1062.763672	11.597333
4.473158	15.336533	1061.031250	13.044015
4.473158	15.336533	1059.298828	17.388041
4.473158	15.336533	1057.566406	15.935389
4.473158	15.336533	1055.832031	18.828421
4.473158	15.336533	1054.099609	17.376102
4.473158	15.336533	1052.365234	13.029092
4.473158	15.336533	1050.630859	13.026108
4.473158	15.336533	1048.896484	17.364164
4.473158	15.336533	1047.162109	20.253550
4.473158	15.336533	1045.425781	11.570805
4.473158	15.336533	1043.691406	14.460190
4.473158	15.336533	1041.955078	18.793936
4.473158	15.336533	1040.218750	15.898914
4.473158	15.336533	1038.480469	21.675364
4.473158	15.336533	1036.744141	15.891620
4.473158	15.336533	1035.005859	15.887973
4.473158	15.336533	1033.267578	10.108208
4.473158	15.336533	1031.529297	17.324377
4.473158	15.336533	1029.789063	17.320398
4.473158	15.336533	1028.050781	20.202490
4.473158	15.336533	1026.310547	15.869739
4.473158	15.336533	1024.570313	17.308464
4.473158	15.336533	1022.830078	17.304485
4.473158	15.336533	1021.089844	12.975381
4.473158	15.336533	1019.347656	15.855153
4.473158	15.336533	1017.605469	23.056736
4.473158	15.336533	1015.863281	18.729290
4.473158	15.336533	1014.121094	18.724979
4.473158	15.336533	1012.378906	20.160723
4.473158	15.336533	1010.634766	20.156082
4.473158	15.336533	1008.890625	27.348385
4.473158	15.336533	1007.146484	25.903030
4.473158	15.336533	1005.402344	25.897064
4.473158	15.336533	1003.656250	15.822338
4.473158	15.336533	1001.912109	28.761259
4.473158	15.336533	1000.166016	21.565973
4.473158	15.336533	998.419922	20.123602
4.473158	15.336533	996.673828	20.118961
4.473158	15.336533	994.925781	22.987797
4.473158	15.336533	993.177734	25.855307
4.473158	15.336533	991.431641	25.849342
4.473158	15.336533	989.681641	31.586349
4.473158	15.336533	987.933594	31.579060
4.473158	15.336533	986.185547	30.136688
4.473158	15.336533	984.435547	30.129730
4.473158	15.336533	982.685547	43.032532
4.473158	15.336533	980.935547	28.681728
4.473158	15.336533	979.185547	38.711388
4.473158	15.336533	977.433594	37.269016
4.473158	15.336533	975.681641	47.292049
4.473158	15.336533	973.929688	32.953506
4.473158	15.336533	972.177734	47.270184
4.473158	15.336533	970.425781	28.641970
4.473158	15.336533	968.671875	35.794182
4.473158	15.336533	966.917969	38.648769
4.473158	15.336533	965.164063	34.346512
4.473158	15.336533	963.410156	37.200108
4.473158	15.336533	961.656250	40.052380
4.473158	15.336533	959.900391	32.892551
4.473158	15.336533	958.144531	30.025373
4.473158	15.336533	956.388672	34.306763
4.473158	15.336533	954.632813	30.011461
4.473158	15.336533	952.876953	25.718149
4.473158	15.336533	951.119141	29.997551
4.473158	15.336533	949.361328	22.849977
4.473158	15.336533	947.603516	24.272472
4.473158	15.336533	945.845703	27.121765
4.473158	15.336533	944.085938	35.678253
4.473158	15.336533	942.328125	29.962778
4.473158	15.336533	940.568359	32.808758
4.473158	15.336533	938.808594	21.392050
4.473158	15.336533	937.046875	31.367722
4.473158	15.336533	935.287109	28.509489
4.473158	15.336533	933.525391	24.227436
4.473158	15.336533	931.763672	22.796995
4.473158	15.336533	930.001953	21.367218
4.473158	15.336533	928.240234	19.938101
4.473158	15.336533	926.476563	19.933466
4.473158	15.336533	924.712891	27.046270
4.473158	15.336533	922.949219	24.193666
4.473158	15.336533	921.185547	25.610865
4.473158	15.336533	919.419922	18.492434
4.473158	15.336533	917.656250	19.910294
4.473158	15.336533	915.890625	21.327492
4.473158	15.336533	914.125000	18.479523
4.473158	15.336533	912.359375	27.002245
4.473158	15.336533	910.591797	24.154278
4.473158	15.336533	908.824219	18.466616
4.473158	15.336533	907.058594	18.462313
4.473158	15.336533	905.289063	19.877857
4.473158	15.336533	903.521484	18.453709
4.473158	15.336533	901.753906	28.383703
4.473158	15.336533	899.984375	11.350834
4.473158	15.336533	898.214844	18.440804
4.473158	15.336533	896.445313	15.600117
4.473158	15.336533	894.673828	25.521509
4.473158	15.336533	892.904297	19.845430
4.473158	15.336533	891.132813	26.926798
4.473158	15.336533	889.361328	28.337381
4.473158	15.336533	887.589844	19.831535
4.473158	15.336533	885.816406	16.994490
4.473158	15.336533	884.044922	18.406395
4.473158	15.336533	882.271484	19.817642
4.473158	15.336533	880.498047	22.643440
4.473158	15.336533	878.722656	16.978611
4.473158	15.336533	876.949219	22.632856
4.473158	15.336533	875.173828	28.284456
4.473158	15.336533	873.398438	22.622272
4.473158	15.336533	871.623047	22.616982
4.473158	15.336533	869.847656	19.785229
4.473158	15.336533	868.070313	18.367699
4.473158	15.336533	866.292969	22.601109
4.473158	15.336533	864.515625	15.534625
4.473158	15.336533	862.738281	16.942896
4.473158	15.336533	860.960938	18.350506
4.473158	15.336533	859.181641	23.991194
4.473158	15.336533	857.402344	22.574657
4.473158	15.336533	855.623047	15.516441
4.473158	15.336533	853.843750	16.923059
4.473158	15.336533	852.064453	16.919092
4.473158	15.336533	850.283203	16.915127
4.473158	15.336533	848.501953	19.729687
4.473158	15.336533	846.720703	14.089328
4.473158	15.336533	844.939453	19.720432
4.473158	15.336533	843.156250	22.532349
4.473158	15.336533	841.373047	19.711178
4.473158	15.336533	839.589844	15.483720
4.473158	15.336533	837.806641	25.331047
4.473158	15.336533	836.023438	21.104250
4.473158	15.336533	834.238281	19.692675
4.473158	15.336533	832.453125	18.281759
4.473158	15.336533	830.667969	22.495340
4.473158	15.336533	828.882813	15.461913
4.473158	15.336533	827.095703	15.458279
4.473158	15.336533	825.310547	19.669548
4.473158	15.336533	823.523438	16.855650
4.473158	15.336533	821.736328	28.086143
4.473158	15.336533	819.947266	21.059652
4.473158	15.336533	818.160156	16.843760
4.473158	15.336533	816.371094	21.049746
4.473158	15.336533	814.582031	14.029860
4.473158	15.336533	812.792969	16.831871
4.473158	15.336533	811.001953	21.034885
4.473158	15.336533	809.212891	14.019955
4.473158	15.336533	807.421875	21.024979
4.473158	15.336533	805.630859	22.421362
4.473158	15.336533	803.839844	22.416080
4.473158	15.336533	802.046875	19.609447
4.473158	15.336533	800.253906	19.604828
4.473158	15.336533	798.460938	15.400162
4.473158	15.336533	796.667969	22.394955
4.473158	15.336533	794.875000	23.789028
4.473158	15.336533	793.080078	13.990246
4.473158	15.336533	791.285156	15.385640
4.473158	15.336533	789.490234	16.780375
4.473158	15.336533	787.695313	16.776415
4.473158	15.336533	785.900391	22.363274
4.473158	15.336533	784.103516	22.357996
4.473158	15.336533	782.306641	19.558626
4.473158	15.336533	780.509766	15.363864
4.473158	15.336533	778.712891	26.531315
4.473158	15.336533	776.914063	20.940826
4.473158	15.336533	775.115234	16.748703
4.473158	15.336533	773.318359	16.744745
4.473158	15.336533	771.517578	30.691444
4.473158	15.336533	769.718750	15.342094
4.473158	15.336533	767.917969	22.310497
4.473158	15.336533	766.117188	27.881529
4.473158	15.336533	764.316406	29.268681
4.473158	15.336533	762.515625	30.655174
4.473158	15.336533	760.714844	30.647921
4.473158	15.336533	758.912109	20.891365
4.473158	15.336533	757.109375	25.063704
4.473158	15.336533	755.306641	20.881475
4.473158	15.336533	753.501953	27.835375
4.473158	15.336533	751.699219	25.045906
4.473158	15.336533	749.894531	26.431084
4.473158	15.336533	748.089844	15.298581
4.473158	15.336533	746.285156	22.247210
4.473158	15.336533	744.478516	23.632059
4.473158	15.336533	742.673828	25.016251
4.473158	15.336533	740.867188	18.063009
4.473158	15.336533	739.060547	20.836992
4.473158	15.336533	737.251953	24.998461
4.473158	15.336533	735.445313	20.827110
4.473158	15.336533	733.636719	18.045881
4.473158	15.336533	731.828125	22.205046
4.473158	15.336533	730.019531	20.812290
4.473158	15.336533	728.208984	26.355978
4.473158	15.336533	726.400391	18.028757
4.473158	15.336533	724.589844	16.637980
4.473158	15.336533	722.779297	16.634027
4.473158	15.336533	720.966797	19.401758
4.473158	15.336533	719.156250	18.011639
4.473158	15.336533	717.343750	18.007360
4.473158	15.336533	715.531250	20.772785
4.473158	15.336533	713.718750	17.998802
4.473158	15.336533	711.904297	13.841942
4.473158	15.336533	710.091797	26.293438
4.473158	15.336533	708.277344	20.753042
4.473158	15.336533	706.462891	22.131315
4.473158	15.336533	704.646484	23.508928
4.473158	15.336533	702.832031	19.355690
4.473158	15.336533	701.015625	19.351084
4.473158	15.336533	699.199219	17.964588
4.473158	15.336533	697.382813	20.723438
4.473158	15.336533	695.566406	20.718506
4.473158	15.336533	693.748047	20.713573
4.473158	15.336533	691.929688	16.566914
4.473158	15.336533	690.111328	17.943216
4.473158	15.336533	688.292969	20.698778
4.473158	15.336533	686.472656	20.693848
4.473158	15.336533	684.652344	16.551134
4.473158	15.336533	682.832031	19.305056
4.473158	15.336533	681.011719	17.921850
4.473158	15.336533	679.191406	22.052404
4.473158	15.336533	677.369141	17.913307
4.473158	15.336533	675.546875	17.909037
4.473158	15.336533	673.724609	17.904766
4.473158	15.336533	671.902344	15.146573
4.473158	15.336533	670.078125	20.649490
4.473158	15.336533	668.255859	20.644564
4.473158	15.336533	666.431641	13.759759
4.473158	15.336533	664.607422	27.512949
4.473158	15.336533	662.781250	19.254469
4.473158	15.336533	660.957031	17.874880
4.473158	15.336533	659.130859	31.617239
4.473158	15.336533	657.304688	21.989347
4.473158	15.336533	655.476563	27.480120
4.473158	15.336533	653.650391	23.352524
4.473158	15.336533	651.822266	24.720293
4.473158	15.336533	649.994141	26.087408
4.473158	15.336533	648.166016	28.826561
4.473158	15.336533	646.335938	27.447306
4.473158	15.336533	644.507813	30.184820
4.473158	15.336533	642.677734	26.062475
4.473158	15.336533	640.847656	16.456575
4.473158	15.336533	639.015625	30.163172
4.473158	15.336533	637.185547	34.268135
4.473158	15.336533	635.353516	32.889538
4.473158	15.336533	633.521484	35.621811
4.473158	15.336533	631.689453	28.764578
4.473158	15.336533	629.855469	35.604763
4.473158	15.336533	628.023438	27.381723
4.473158	15.336533	626.189453	32.850204
4.473158	15.336533	624.355469	28.737045
4.473158	15.336533	622.519531	27.362061
4.473158	15.336533	620.685547	31.458836
4.473158	15.336533	618.849609	24.614061
4.473158	15.336533	617.013672	27.342405
4.473158	15.336533	615.177734	27.335854
4.473158	15.336533	613.339844	30.062235
4.473158	15.336533	611.503906	31.421167
4.473158	15.336533	609.666016	28.682016
4.473158	15.336533	607.828125	23.213209
4.473158	15.336533	605.988281	27.303110
4.473158	15.336533	604.150391	32.755875
4.473158	15.336533	602.310547	21.832014
4.473158	15.336533	600.470703	28.647646
4.473158	15.336533	598.628906	28.640774
4.473158	15.336533	596.789063	29.997421
4.473158	15.336533	594.947266	25.900648
4.473158	15.336533	593.105469	25.894432
4.473158	15.336533	591.263672	24.525681
4.473158	15.336533	589.421875	21.795372
4.473158	15.336533	587.578125	20.428255
4.473158	15.336533	585.734375	27.231134
4.473158	15.336533	583.890625	27.224596
4.473158	15.336533	582.046875	20.413544
4.473158	15.336533	580.201172	27.211519
4.473158	15.336533	578.355469	25.844734
4.473158	15.336533	576.509766	20.398834
4.473158	15.336533	574.664063	25.832315
4.473158	15.336533	572.818359	20.389032
4.473158	15.336533	570.970703	19.025190
4.473158	15.336533	569.123047	32.606773
4.473158	15.336533	567.275391	19.016045
4.473158	15.336533	565.427734	17.653511
4.473158	15.336533	563.578125	20.364536
4.473158	15.336533	561.728516	21.716949
4.473158	15.336533	559.878906	23.068708
4.473158	15.336533	558.029297	23.063160
4.473158	15.336533	556.177734	27.126600
4.473158	15.336533	554.328125	23.052063
4.473158	15.336533	552.476563	16.268129
4.473158	15.336533	550.625000	23.040970
4.473158	15.336533	548.771484	21.680399
4.473158	15.336533	546.919922	20.320480
4.473158	15.336533	545.066406	24.378706
4.473158	15.336533	543.212891	21.664743
4.473158	15.336533	541.357422	23.013248
4.473158	15.336533	539.503906	35.188255
4.473158	15.336533	537.648438	32.473644
4.473158	15.336533	535.792969	41.935017
4.473158	15.336533	533.937500	41.924915
4.473158	15.336533	532.080078	43.266907
4.473158	15.336533	530.224609	47.311775
4.473158	15.336533	528.367188	70.274841
4.473158	15.336533	526.507813	112.142418
4.473158	15.336533	524.650391	160.743744
4.473158	15.336533	522.791016	320.059540
4.473158	15.336533	520.933594	581.908875
4.473158	15.336533	519.074219	461.635376
4.473158	15.336533	517.212891	240.208420
4.473158	15.336533	515.353516	129.519363
4.473158	15.336533	513.492188	98.464928
4.473158	15.336533	511.630859	68.773972
4.473158	15.336533	509.769531	60.668274
4.473158	15.336533	507.906250	66.045074
4.473158	15.336533	506.044922	48.511200
4.473158	15.336533	504.181641	57.929951
4.473158	15.336533	502.318359	49.834671
4.473158	15.336533	500.453125	47.129528
4.473158	15.336533	498.589844	52.503082
4.473158	15.336533	496.724609	47.106773
4.473158	15.336533	494.859375	59.205647
4.473158	15.336533	492.992188	60.536606
4.473158	15.336533	491.126953	51.107456
4.473158	15.336533	489.259766	47.061287
4.473158	15.336533	487.392578	40.328503
4.473158	15.336533	485.525391	43.006680
4.473158	15.336533	483.656250	44.339920
4.473158	15.336533	481.789063	49.702446
4.473158	15.336533	479.919922	47.004467
4.473158	15.336533	478.050781	36.251823
4.473158	15.336533	476.179688	33.558392
4.473158	15.336533	474.310547	33.550282
4.473158	15.336533	472.439453	29.517111
4.473158	15.336533	470.568359	42.923599
4.473158	15.336533	468.695313	33.525955
4.473158	15.336533	466.824219	25.473564
4.473158	15.336533	464.951172	21.446236
4.473158	15.336533	463.078125	26.801311
4.473158	15.336533	461.205078	26.794828
4.473158	15.336533	459.330078	26.788347
4.473158	15.336533	457.457031	25.442774
4.473158	15.336533	455.582031	28.114157
4.473158	15.336533	453.707031	21.415129
4.473158	15.336533	451.830078	25.424311
4.473158	15.336533	449.955078	18.729170
4.473158	15.336533	448.078125	20.062111
4.473158	15.336533	446.201172	30.754457
4.473158	15.336533	444.322266	26.736534
4.473158	15.336533	442.445313	29.403069
4.473158	15.336533	440.566406	26.723591
4.473158	15.336533	438.687500	16.030273
4.473158	15.336533	436.808594	30.717251
4.473158	15.336533	434.927734	18.692928
4.473158	15.336533	433.048828	33.372147
4.473158	15.336533	431.167969	30.694941
4.473158	15.336533	429.285156	26.684788
4.473158	15.336533	427.404297	18.674826
4.473158	15.336533	425.521484	20.003897
4.473158	15.336533	423.638672	29.331940
4.473158	15.336533	421.755859	22.660099
4.473158	15.336533	419.873047	26.652481
4.473158	15.336533	417.988281	19.984516
4.473158	15.336533	416.105469	21.311651
4.473158	15.336533	414.220703	19.974833
4.473158	15.336533	412.333984	25.295322
4.473158	15.336533	410.449219	18.634140
4.473158	15.336533	408.562500	25.283060
4.473158	15.336533	406.675781	17.294743
4.473158	15.336533	404.789063	45.221439
4.473158	15.336533	402.900391	41.221313
4.473158	15.336533	401.013672	65.140472
4.473158	15.336533	399.125000	59.808380
4.473158	15.336533	397.236328	77.067665
4.473158	15.336533	395.345703	71.735252
4.473158	15.336533	393.457031	78.358398
4.473158	15.336533	391.566406	62.405956
4.473158	15.336533	389.675781	51.771103
4.473158	15.336533	387.783203	46.449978
4.473158	15.336533	385.892578	51.745991
4.473158	15.336533	384.000000	41.121449
4.473158	15.336533	382.107422	42.437649
4.473158	15.336533	380.214844	57.011757
4.473158	15.336533	378.320313	46.393658
4.473158	15.336533	376.425781	59.634514
4.473158	15.336533	374.531250	75.518723
4.473158	15.336533	372.636719	63.579281
4.473158	15.336533	370.742188	66.212341
4.473158	15.336533	368.845703	47.661316
4.473158	15.336533	366.949219	47.649750
4.473158	15.336533	365.052734	39.698486
4.473158	15.336533	363.154297	48.949581
4.473158	15.336533	361.257813	43.647137
4.473158	15.336533	359.359375	47.603497
4.473158	15.336533	357.460938	39.659950
4.473158	15.336533	355.560547	47.580387
4.473158	15.336533	353.662109	47.568832
4.473158	15.336533	351.761719	50.199352
4.473158	15.336533	349.861328	55.470024
4.473158	15.336533	347.960938	55.456554
4.473158	15.336533	346.058594	48.842716
4.473158	15.336533	344.156250	50.150608
4.473158	15.336533	342.253906	43.541267
4.473158	15.336533	340.351563	43.530693
4.473158	15.336533	338.449219	42.201328
4.473158	15.336533	336.544922	50.101902
4.473158	15.336533	334.640625	46.135281
4.473158	15.336533	332.736328	44.806244
4.473158	15.336533	330.832031	39.525314
4.473158	15.336533	328.925781	38.198524
4.473158	15.336533	327.019531	50.041077
4.473158	15.336533	325.113281	35.546864
4.473158	15.336533	323.207031	30.273304
4.473158	15.336533	321.298828	35.529591
4.473158	15.336533	319.390625	26.311821
4.473158	15.336533	317.482422	28.935970
4.473158	15.336533	315.574219	32.873795
4.473158	15.336533	313.664063	24.978014
4.473158	15.336533	311.753906	27.600569
4.473158	15.336533	309.843750	21.023895
4.473158	15.336533	307.933594	26.273481
4.473158	15.336533	306.023438	28.893806
4.473158	15.336533	304.111328	34.138927
4.473158	15.336533	302.199219	24.941614
4.473158	15.336533	300.287109	30.185141
4.473158	15.336533	298.373047	36.738197
4.473158	15.336533	296.458984	32.793987
4.473158	15.336533	294.546875	30.163136
4.473158	15.336533	292.630859	41.955902
4.473158	15.336533	290.716797	31.459276
4.473158	15.336533	288.800781	39.314537
4.473158	15.336533	286.884766	43.235477
4.473158	15.336533	284.968750	43.224968
4.473158	15.336533	283.052734	53.690693
4.473158	15.336533	281.134766	49.750008
4.473158	15.336533	279.218750	58.900162
4.473158	15.336533	277.298828	51.034397
4.473158	15.336533	275.380859	43.172451
4.473158	15.336533	273.462891	65.396904
4.473158	15.336533	271.542969	71.919106
4.473158	15.336533	269.623047	79.745430
4.473158	15.336533	267.701172	78.419060
4.473158	15.336533	265.781250	118.906654
4.473158	15.336533	263.859375	181.582489
4.473158	15.336533	261.937500	257.288147
4.473158	15.336533	260.015625	287.257019
4.473158	15.336533	258.093750	255.857666
4.473158	15.336533	256.169922	224.473572
4.473158	15.336533	254.246094	215.285660
4.473158	15.336533	252.322266	426.553284
4.473158	15.336533	250.396484	1532.349365
4.473158	15.336533	248.472656	2013.082764
4.473158	15.336533	246.546875	881.161316
4.473158	15.336533	244.621094	392.256012
4.473158	15.336533	242.693359	238.423248
4.473158	15.336533	240.767578	203.196625
4.473158	15.336533	238.839844	158.871552
4.473158	15.336533	236.912109	132.794739
4.473158	15.336533	234.982422	122.349709
4.473158	15.336533	233.054688	88.486778
4.473158	15.336533	231.125000	74.154709
4.473158	15.336533	229.195313	70.234749
4.473158	15.336533	227.263672	66.316689
4.473158	15.336533	225.333984	63.700542
4.473158	15.336533	223.402344	76.682007
4.473158	15.336533	221.470703	80.561501
4.473158	15.336533	219.539063	85.738167
4.473158	15.336533	217.605469	96.107300
4.473158	15.336533	215.673828	72.712166
4.473158	15.336533	213.740234	66.203911
4.473158	15.336533	211.804688	55.805412
4.473158	15.336533	209.871094	46.709450
4.473158	15.336533	207.935547	50.589603
4.473158	15.336533	206.000000	45.389889
4.473158	15.336533	204.064453	38.896160
4.473158	15.336533	202.128906	34.998035
4.473158	15.336533	200.191406	28.509987
4.473158	15.336533	198.253906	25.911869
4.473158	15.336533	196.316406	24.610292
4.473158	15.336533	194.376953	24.604309
4.473158	15.336533	192.439453	29.776926
4.473158	15.336533	190.500000	33.652691
4.473158	15.336533	188.560547	29.762451
4.473158	15.336533	186.619141	21.992987
4.473158	15.336533	184.679688	28.454596
4.473158	15.336533	182.738281	20.689222
4.473158	15.336533	180.796875	19.391432
4.473158	15.336533	178.855469	28.433855
4.473158	15.336533	176.912109	29.719080
4.473158	15.336533	174.968750	25.836397
4.473158	15.336533	173.025391	32.287651
4.473158	15.336533	171.082031	21.950268
4.473158	15.336533	169.136719	20.654055
4.473158	15.336533	167.193359	32.264118
4.473158	15.336533	165.246094	24.514774
4.473158	15.336533	163.300781	28.378632
4.473158	15.336533	161.355469	24.502863
4.473158	15.336533	159.408203	25.786222
4.473158	15.336533	157.460938	24.490959
4.473158	15.336533	155.513672	23.196325
4.473158	15.336533	153.564453	28.344179
4.473158	15.336533	151.617188	33.489529
4.473158	15.336533	149.667969	34.769142
4.473158	15.336533	147.716797	36.048130
4.473158	15.336533	145.767578	41.187859
4.473158	15.336533	143.816406	50.185513
4.473158	15.336533	141.865234	43.740849
4.473158	15.336533	139.914063	55.305874
4.473158	15.336533	137.962891	64.293541
4.473158	15.336533	136.009766	66.849045
4.473158	15.336533	134.056641	66.832817
4.473158	15.336533	132.103516	50.112446
4.473158	15.336533	130.150391	55.238770
4.473158	15.336533	128.195313	53.941048
4.473158	15.336533	126.240234	66.767944
4.473158	15.336533	124.285156	46.212742
4.473158	15.336533	122.330078	53.901779
4.473158	15.336533	120.373047	56.454826
4.473158	15.336533	118.416016	59.006634
4.473158	15.336533	116.458984	43.603016
4.473158	15.336533	114.501953	43.592434
4.473158	15.336533	112.542969	34.609123
4.473158	15.336533	110.583984	33.319218
4.473158	15.336533	108.625000	33.311134
4.473158	15.336533	106.666016	26.898621
4.473158	15.336533	104.705078	16.647488
4.473158	15.336533	102.746094	14.082919
4.473158	15.336533	100.785156	8.959684
4.473158	15.336533	98.822266	5.118578
4.473158	15.336533	96.861328	5.117337
4.473158	15.336533	94.898438	2.558048
4.473158	15.336533	92.935547	3.836141
4.473158	15.336533	90.972656	3.835212
4.473158	15.336533	89.007813	1.278094
4.473158	15.336533	87.044922	-1.277784
4.473158	15.336533	85.080078	-1.277474
4.473158	15.336533	83.113281	1.277165
4.473158	15.336533	81.148438	-1.276855
4.473158	15.336533	79.181641	1.276546
4.473158	15.336533	77.214844	1.276236
4.473158	15.336533	75.248047	2.551854
4.473158	15.336533	73.281250	1.275618
4.473158	15.336533	71.312500	-3.825927
4.473158	15.336533	69.343750	1.275000
4.473158	15.336533	67.375000	1.274691
4.473158	15.336533	65.404297	1.274383
4.473158	15.336533	63.435547	2.548148
4.473158	15.336533	61.464844	0.000000
4.473158	15.336533	59.494141	1.273457
8.473158	15.336533	1838.757813	12.857408
8.473158	15.336533	1837.195313	19.286112
8.473158	15.336533	1835.632813	14.461505
8.473158	15.336533	1834.070313	19.277905
8.473158	15.336533	1832.507813	22.486103
8.473158	15.336533	1830.945313	22.481318
8.473158	15.336533	1829.382813	19.265600
8.473158	15.336533	1827.818359	9.630750
8.473158	15.336533	1826.253906	19.257401
8.473158	15.336533	1824.689453	22.462187
8.473158	15.336533	1823.125000	19.249205
8.473158	15.336533	1821.560547	24.056385
8.473158	15.336533	1819.994141	12.827342
8.473158	15.336533	1818.429688	22.443069
8.473158	15.336533	1816.863281	20.835558
8.473158	15.336533	1815.296875	22.433517
8.473158	15.336533	1813.730469	17.622583
8.473158	15.336533	1812.162109	19.220545
8.473158	15.336533	1810.595703	19.216454
8.473158	15.336533	1809.027344	19.212362
8.473158	15.336533	1807.458984	19.208273
8.473158	15.336533	1805.890625	24.005228
8.473158	15.336533	1804.322266	25.600126
8.473158	15.336533	1802.753906	19.196007
8.473158	15.336533	1801.183594	17.592592
8.473158	15.336533	1799.613281	17.588848
8.473158	15.336533	1798.042969	12.789165
8.473158	15.336533	1796.472656	27.171188
8.473158	15.336533	1794.902344	20.773544
8.473158	15.336533	1793.332031	20.769119
8.473158	15.336533	1791.759766	14.375560
8.473158	15.336533	1790.187500	17.566387
8.473158	15.336533	1788.617188	17.562645
8.473158	15.336533	1787.044922	19.155169
8.473158	15.336533	1785.470703	20.747013
8.473158	15.336533	1783.898438	23.933762
8.473158	15.336533	1782.324219	17.547688
8.473158	15.336533	1780.750000	12.759235
8.473158	15.336533	1779.177734	14.351082
8.473158	15.336533	1777.601563	23.913374
8.473158	15.336533	1776.027344	14.344968
8.473158	15.336533	1774.453125	15.935457
8.473158	15.336533	1772.876953	25.491299
8.473158	15.336533	1771.300781	20.707266
8.473158	15.336533	1769.724609	20.702854
8.473158	15.336533	1768.148438	23.882818
8.473158	15.336533	1766.572266	17.510334
8.473158	15.336533	1764.994141	19.098110
8.473158	15.336533	1763.417969	15.911700
8.473158	15.336533	1761.839844	22.271631
8.473158	15.336533	1760.261719	15.904918
8.473158	15.336533	1758.683594	14.311374
8.473158	15.336533	1757.103516	15.898136
8.473158	15.336533	1755.525391	30.200020
8.473158	15.336533	1753.945313	17.480494
8.473158	15.336533	1752.365234	20.654360
8.473158	15.336533	1750.785156	23.826872
8.473158	15.336533	1749.205078	26.998030
8.473158	15.336533	1747.625000	17.465588
8.473158	15.336533	1746.042969	17.461863
8.473158	15.336533	1744.460938	17.458138
8.473158	15.336533	1742.878906	23.801474
8.473158	15.336533	1741.296875	20.623543
8.473158	15.336533	1739.714844	12.688704
8.473158	15.336533	1738.132813	15.857495
8.473158	15.336533	1736.548828	19.024935
8.473158	15.336533	1734.964844	20.605947
8.473158	15.336533	1733.380859	23.771019
8.473158	15.336533	1731.796875	17.428360
8.473158	15.336533	1730.212891	17.424641
8.473158	15.336533	1728.628906	23.755802
8.473158	15.336533	1727.042969	14.250439
8.473158	15.336533	1725.457031	20.579573
8.473158	15.336533	1723.871094	25.323298
8.473158	15.336533	1722.285156	14.241313
8.473158	15.336533	1720.699219	15.820303
8.473158	15.336533	1719.111328	20.562002
8.473158	15.336533	1717.525391	20.557610
8.473158	15.336533	1715.937500	23.715254
8.473158	15.336533	1714.349609	18.968151
8.473158	15.336533	1712.759766	17.383757
8.473158	15.336533	1711.171875	22.120056
8.473158	15.336533	1709.583984	15.796664
8.473158	15.336533	1707.994141	18.951946
8.473158	15.336533	1706.404297	18.947897
8.473158	15.336533	1704.814453	23.679810
8.473158	15.336533	1703.224609	12.626533
8.473158	15.336533	1701.632813	22.091709
8.473158	15.336533	1700.042969	17.354061
8.473158	15.336533	1698.451172	26.814180
8.473158	15.336533	1696.859375	20.500576
8.473158	15.336533	1695.267578	26.802715
8.473158	15.336533	1693.675781	20.491812
8.473158	15.336533	1692.082031	17.335516
8.473158	15.336533	1690.490234	18.907429
8.473158	15.336533	1688.896484	26.779795
8.473158	15.336533	1687.302734	18.899340
8.473158	15.336533	1685.708984	11.022257
8.473158	15.336533	1684.113281	17.316984
8.473158	15.336533	1682.519531	15.739344
8.473158	15.336533	1680.923828	17.309574
8.473158	15.336533	1679.328125	22.025652
8.473158	15.336533	1677.732422	14.156317
8.473158	15.336533	1676.136719	17.298462
8.473158	15.336533	1674.541016	20.439260
8.473158	15.336533	1672.943359	22.006798
8.473158	15.336533	1671.345703	23.573664
8.473158	15.336533	1669.748047	20.426134
8.473158	15.336533	1668.150391	9.425427
8.473158	15.336533	1666.552734	21.987953
8.473158	15.336533	1664.955078	18.842779
8.473158	15.336533	1663.355469	21.978535
8.473158	15.336533	1661.755859	18.834707
8.473158	15.336533	1660.156250	15.692226
8.473158	15.336533	1658.556641	23.533295
8.473158	15.336533	1656.957031	15.685501
8.473158	15.336533	1655.355469	15.682139
8.473158	15.336533	1653.755859	15.678778
8.473158	15.336533	1652.154297	23.513124
8.473158	15.336533	1650.552734	20.373672
8.473158	15.336533	1648.951172	20.369303
8.473158	15.336533	1647.347656	26.631069
8.473158	15.336533	1645.746094	17.228172
8.473158	15.336533	1644.142578	23.487923
8.473158	15.336533	1642.539063	17.220781
8.473158	15.336533	1640.935547	20.347467
8.473158	15.336533	1639.332031	25.037663
8.473158	15.336533	1637.728516	18.774218
8.473158	15.336533	1636.123047	17.206005
8.473158	15.336533	1634.517578	20.330006
8.473158	15.336533	1632.912109	18.762131
8.473158	15.336533	1631.306641	21.884453
8.473158	15.336533	1629.701172	17.191235
8.473158	15.336533	1628.093750	23.437559
8.473158	15.336533	1626.488281	17.183851
8.473158	15.336533	1624.880859	21.865660
8.473158	15.336533	1623.273438	14.053475
8.473158	15.336533	1621.666016	12.489294
8.473158	15.336533	1620.056641	17.169090
8.473158	15.336533	1618.449219	17.165400
8.473158	15.336533	1616.839844	20.282021
8.473158	15.336533	1615.230469	15.598202
8.473158	15.336533	1613.621094	12.475879
8.473158	15.336533	1612.011719	20.268944
8.473158	15.336533	1610.400391	18.705770
8.473158	15.336533	1608.791016	20.260227
8.473158	15.336533	1607.179688	20.255869
8.473158	15.336533	1605.568359	15.578086
8.473158	15.336533	1603.957031	23.362103
8.473158	15.336533	1602.345703	14.014245
8.473158	15.336533	1600.732422	14.011230
8.473158	15.336533	1599.121094	24.903490
8.473158	15.336533	1597.507813	14.005198
8.473158	15.336533	1595.894531	20.225376
8.473158	15.336533	1594.281250	15.554631
8.473158	15.336533	1592.666016	17.106411
8.473158	15.336533	1591.052734	20.212313
8.473158	15.336533	1589.437500	20.207960
8.473158	15.336533	1587.822266	20.203606
8.473158	15.336533	1586.207031	17.091675
8.473158	15.336533	1584.591797	17.087994
8.473158	15.336533	1582.974609	10.871834
8.473158	15.336533	1581.359375	18.633411
8.473158	15.336533	1579.742188	10.867147
8.473158	15.336533	1578.125000	17.073263
8.473158	15.336533	1576.507813	26.380264
8.473158	15.336533	1574.888672	17.065901
8.473158	15.336533	1573.271484	15.511109
8.473158	15.336533	1571.652344	21.710869
8.473158	15.336533	1570.033203	29.458393
8.473158	15.336533	1568.414063	17.051180
8.473158	15.336533	1566.794922	20.147045
8.473158	15.336533	1565.173828	18.593258
8.473158	15.336533	1563.554688	18.589245
8.473158	15.336533	1561.933594	21.682770
8.473158	15.336533	1560.312500	20.129654
8.473158	15.336533	1558.691406	20.125305
8.473158	15.336533	1557.070313	20.120958
8.473158	15.336533	1555.447266	21.664043
8.473158	15.336533	1553.826172	13.923877
8.473158	15.336533	1552.203125	18.561157
8.473158	15.336533	1550.580078	13.917859
8.473158	15.336533	1548.955078	18.553135
8.473158	15.336533	1547.332031	13.911843
8.473158	15.336533	1545.708984	21.635965
8.473158	15.336533	1544.083984	21.631287
8.473158	15.336533	1542.458984	16.992334
8.473158	15.336533	1540.833984	13.899813
8.473158	15.336533	1539.207031	12.352715
8.473158	15.336533	1537.582031	16.981310
8.473158	15.336533	1535.955078	16.977634
8.473158	15.336533	1534.330078	18.517048
8.473158	15.336533	1532.703125	16.970285
8.473158	15.336533	1531.074219	16.966612
8.473158	15.336533	1529.447266	16.962936
8.473158	15.336533	1527.818359	26.209770
8.473158	15.336533	1526.191406	20.038425
8.473158	15.336533	1524.562500	9.246500
8.473158	15.336533	1522.933594	16.948244
8.473158	15.336533	1521.302734	24.646648
8.473158	15.336533	1519.673828	23.101225
8.473158	15.336533	1518.042969	18.476974
8.473158	15.336533	1516.414063	20.012383
8.473158	15.336533	1514.783203	20.008043
8.473158	15.336533	1513.150391	21.542450
8.473158	15.336533	1511.519531	12.307302
8.473158	15.336533	1509.888672	15.380789
8.473158	15.336533	1508.255859	15.377452
8.473158	15.336533	1506.623047	23.061172
8.473158	15.336533	1504.990234	16.907856
8.473158	15.336533	1503.357422	21.514418
8.473158	15.336533	1501.722656	13.827694
8.473158	15.336533	1500.089844	10.752538
8.473158	15.336533	1498.455078	16.893175
8.473158	15.336533	1496.820313	21.495733
8.473158	15.336533	1495.185547	15.350760
8.473158	15.336533	1493.548828	19.951651
8.473158	15.336533	1491.914063	16.878498
8.473158	15.336533	1490.277344	16.874828
8.473158	15.336533	1488.640625	19.938644
8.473158	15.336533	1487.003906	15.334084
8.473158	15.336533	1485.367188	18.396898
8.473158	15.336533	1483.728516	10.729190
8.473158	15.336533	1482.091797	22.986120
8.473158	15.336533	1480.453125	24.513193
8.473158	15.336533	1478.814453	18.380894
8.473158	15.336533	1477.175781	10.719854
8.473158	15.336533	1475.535156	15.310743
8.473158	15.336533	1473.896484	24.491856
8.473158	15.336533	1472.255859	18.364891
8.473158	15.336533	1470.615234	15.300743
8.473158	15.336533	1468.974609	15.297410
8.473158	15.336533	1467.333984	13.764669
8.473158	15.336533	1465.691406	12.232595
8.473158	15.336533	1464.050781	12.229929
8.473158	15.336533	1462.408203	19.869303
8.473158	15.336533	1460.765625	16.808821
8.473158	15.336533	1459.123047	16.805157
8.473158	15.336533	1457.478516	19.856308
8.473158	15.336533	1455.835938	18.324900
8.473158	15.336533	1454.191406	19.847645
8.473158	15.336533	1452.546875	15.264087
8.473158	15.336533	1450.902344	18.312906
8.473158	15.336533	1449.257813	15.257424
8.473158	15.336533	1447.611328	19.830320
8.473158	15.336533	1445.966797	12.200609
8.473158	15.336533	1444.320313	12.197945
8.473158	15.336533	1442.673828	21.341740
8.473158	15.336533	1441.025391	13.716693
8.473158	15.336533	1439.378906	16.761183
8.473158	15.336533	1437.730469	19.804342
8.473158	15.336533	1436.083984	19.800013
8.473158	15.336533	1434.435547	28.932152
8.473158	15.336533	1432.787109	13.701707
8.473158	15.336533	1431.136719	16.742868
8.473158	15.336533	1429.488281	18.260950
8.473158	15.336533	1427.837891	13.692717
8.473158	15.336533	1426.187500	18.252960
8.473158	15.336533	1424.537109	21.290459
8.473158	15.336533	1422.886719	10.642899
8.473158	15.336533	1421.234375	24.321299
8.473158	15.336533	1419.583984	18.236980
8.473158	15.336533	1417.931641	12.155323
8.473158	15.336533	1416.279297	16.709908
8.473158	15.336533	1414.626953	18.224997
8.473158	15.336533	1412.974609	18.221003
8.473158	15.336533	1411.320313	15.180840
8.473158	15.336533	1409.666016	19.730766
8.473158	15.336533	1408.011719	21.243856
8.473158	15.336533	1406.357422	21.239199
8.473158	15.336533	1404.703125	19.717787
8.473158	15.336533	1403.048828	19.713459
8.473158	15.336533	1401.392578	16.676960
8.473158	15.336533	1399.736328	21.220562
8.473158	15.336533	1398.080078	21.215904
8.473158	15.336533	1396.423828	18.181068
8.473158	15.336533	1394.765625	22.721344
8.473158	15.336533	1393.109375	16.658659
8.473158	15.336533	1391.451172	15.140908
8.473158	15.336533	1389.792969	13.623823
8.473158	15.336533	1388.134766	19.674530
8.473158	15.336533	1386.476563	24.209484
8.473158	15.336533	1384.816406	19.665882
8.473158	15.336533	1383.156250	25.711266
8.473158	15.336533	1381.496094	13.608853
8.473158	15.336533	1379.835938	24.188194
8.473158	15.336533	1378.175781	21.160013
8.473158	15.336533	1376.515625	13.599873
8.473158	15.336533	1374.853516	16.618408
8.473158	15.336533	1373.191406	19.635612
8.473158	15.336533	1371.529297	13.590892
8.473158	15.336533	1369.867188	12.078133
8.473158	15.336533	1368.205078	16.603773
8.473158	15.336533	1366.541016	15.091014
8.473158	15.336533	1364.876953	13.578919
8.473158	15.336533	1363.212891	13.575927
8.473158	15.336533	1361.548828	22.621557
8.473158	15.336533	1359.884766	16.585484
8.473158	15.336533	1358.218750	21.104141
8.473158	15.336533	1356.554688	18.085274
8.473158	15.336533	1354.888672	19.588058
8.473158	15.336533	1353.222656	21.090178
8.473158	15.336533	1351.554688	21.085522
8.473158	15.336533	1349.888672	18.069315
8.473158	15.336533	1348.220703	10.538107
8.473158	15.336533	1346.552734	19.566448
8.473158	15.336533	1344.884766	22.571684
8.473158	15.336533	1343.216797	18.053358
8.473158	15.336533	1341.548828	25.569939
8.473158	15.336533	1339.878906	12.030252
8.473158	15.336533	1338.208984	19.544840
8.473158	15.336533	1336.539063	22.546751
8.473158	15.336533	1334.869141	25.547333
8.473158	15.336533	1333.199219	13.522067
8.473158	15.336533	1331.527344	13.519075
8.473158	15.336533	1329.857422	16.519659
8.473158	15.336533	1328.185547	16.516003
8.473158	15.336533	1326.513672	18.013470
8.473158	15.336533	1324.839844	18.009481
8.473158	15.336533	1323.167969	15.004577
8.473158	15.336533	1321.494141	16.501379
8.473158	15.336533	1319.820313	23.996689
8.473158	15.336533	1318.146484	17.993528
8.473158	15.336533	1316.472656	17.989540
8.473158	15.336533	1314.798828	16.486755
8.473158	15.336533	1313.123047	17.981564
8.473158	15.336533	1311.447266	23.970102
8.473158	15.336533	1309.771484	14.977991
8.473158	15.336533	1308.095703	14.974669
8.473158	15.336533	1306.419922	19.462749
8.473158	15.336533	1304.742188	23.948835
8.473158	15.336533	1303.064453	22.447050
8.473158	15.336533	1301.386719	16.457514
8.473158	15.336533	1299.708984	14.958055
8.473158	15.336533	1298.031250	14.954732
8.473158	15.336533	1296.351563	14.951409
8.473158	15.336533	1294.671875	23.916939
8.473158	15.336533	1292.994141	16.439241
8.473158	15.336533	1291.312500	14.941442
8.473158	15.336533	1289.632813	17.925743
8.473158	15.336533	1287.953125	22.402197
8.473158	15.336533	1286.271484	13.438328
8.473158	15.336533	1284.589844	19.406599
8.473158	15.336533	1282.908203	16.417315
8.473158	15.336533	1281.226563	16.413660
8.473158	15.336533	1279.542969	13.426369
8.473158	15.336533	1277.861328	20.880812
8.473158	15.336533	1276.177734	14.911544
8.473158	15.336533	1274.494141	11.926578
8.473158	15.336533	1272.810547	14.904901
8.473158	15.336533	1271.125000	11.921263
8.473158	15.336533	1269.441406	16.388083
8.473158	15.336533	1267.755859	11.915948
8.473158	15.336533	1266.070313	19.359098
8.473158	15.336533	1264.384766	13.399464
8.473158	15.336533	1262.697266	16.373468
8.473158	15.336533	1261.011719	14.881650
8.473158	15.336533	1259.324219	22.317493
8.473158	15.336533	1257.636719	14.875007
8.473158	15.336533	1255.949219	19.333191
8.473158	15.336533	1254.261719	14.868364
8.473158	15.336533	1252.572266	19.324556
8.473158	15.336533	1250.882813	14.861723
8.473158	15.336533	1249.193359	17.830082
8.473158	15.336533	1247.503906	28.224653
8.473158	15.336533	1245.814453	23.762815
8.473158	15.336533	1244.125000	20.787815
8.473158	15.336533	1242.433594	22.267677
8.473158	15.336533	1240.742188	17.810156
8.473158	15.336533	1239.050781	5.935390
8.473158	15.336533	1237.359375	17.802187
8.473158	15.336533	1235.666016	13.348652
8.473158	15.336533	1233.974609	20.759920
8.473158	15.336533	1232.281250	19.272753
8.473158	15.336533	1230.587891	26.679373
8.473158	15.336533	1228.892578	23.709684
8.473158	15.336533	1227.199219	19.259802
8.473158	15.336533	1225.503906	17.774296
8.473158	15.336533	1223.810547	23.693747
8.473158	15.336533	1222.115234	13.324745
8.473158	15.336533	1220.417969	14.801951
8.473158	15.336533	1218.722656	17.758358
8.473158	15.336533	1217.025391	17.754374
8.473158	15.336533	1215.330078	16.271191
8.473158	15.336533	1213.632813	7.394336
8.473158	15.336533	1211.933594	25.135098
8.473158	15.336533	1210.236328	19.216640
8.473158	15.336533	1208.537109	14.778711
8.473158	15.336533	1206.839844	16.252930
8.473158	15.336533	1205.140625	20.680901
8.473158	15.336533	1203.439453	17.722502
8.473158	15.336533	1201.740234	19.195061
8.473158	15.336533	1200.041016	22.143167
8.473158	15.336533	1198.339844	13.282913
8.473158	15.336533	1196.638672	17.706568
8.473158	15.336533	1194.937500	16.227369
8.473158	15.336533	1193.234375	13.273951
8.473158	15.336533	1191.533203	16.220066
8.473158	15.336533	1189.830078	22.113293
8.473158	15.336533	1188.126953	19.160538
8.473158	15.336533	1186.423828	20.629778
8.473158	15.336533	1184.720703	14.732237
8.473158	15.336533	1183.015625	16.201809
8.473158	15.336533	1181.312500	22.088396
8.473158	15.336533	1179.607422	19.138962
8.473158	15.336533	1177.902344	10.303271
8.473158	15.336533	1176.195313	20.601896
8.473158	15.336533	1174.490234	17.654785
8.473158	15.336533	1172.783203	16.179903
8.473158	15.336533	1171.076172	19.117388
8.473158	15.336533	1169.369141	13.232127
8.473158	15.336533	1167.662109	20.578663
8.473158	15.336533	1165.953125	19.104445
8.473158	15.336533	1164.246094	19.100130
8.473158	15.336533	1162.537109	17.626905
8.473158	15.336533	1160.828125	20.560078
8.473158	15.336533	1159.117188	20.555431
8.473158	15.336533	1157.408203	16.147045
8.473158	15.336533	1155.697266	16.143394
8.473158	15.336533	1153.986328	23.475992
8.473158	15.336533	1152.275391	20.536846
8.473158	15.336533	1150.564453	16.132442
8.473158	15.336533	1148.853516	16.128794
8.473158	15.336533	1147.140625	21.988831
8.473158	15.336533	1145.427734	17.587082
8.473158	15.336533	1143.714844	16.117842
8.473158	15.336533	1142.001953	23.438824
8.473158	15.336533	1140.287109	17.575136
8.473158	15.336533	1138.574219	17.571154
8.473158	15.336533	1136.859375	20.495035
8.473158	15.336533	1135.144531	19.026791
8.473158	15.336533	1133.427734	20.485743
8.473158	15.336533	1131.712891	21.944035
8.473158	15.336533	1129.996094	16.088642
8.473158	15.336533	1128.279297	35.094528
8.473158	15.336533	1126.562500	27.776863
8.473158	15.336533	1124.845703	19.000908
8.473158	15.336533	1123.128906	17.535318
8.473158	15.336533	1121.410156	20.453226
8.473158	15.336533	1119.691406	16.066744
8.473158	15.336533	1117.972656	23.364500
8.473158	15.336533	1116.253906	24.819141
8.473158	15.336533	1114.533203	26.273119
8.473158	15.336533	1112.814453	18.970716
8.473158	15.336533	1111.093750	20.425358
8.473158	15.336533	1109.373047	14.586224
8.473158	15.336533	1107.652344	13.124616
8.473158	15.336533	1105.929688	23.327341
8.473158	15.336533	1104.208984	17.491526
8.473158	15.336533	1102.486328	17.487545
8.473158	15.336533	1100.763672	18.940527
8.473158	15.336533	1099.039063	20.392847
8.473158	15.336533	1097.316406	17.475603
8.473158	15.336533	1095.591797	14.559685
8.473158	15.336533	1093.867188	24.745825
8.473158	15.336533	1092.142578	16.008356
8.473158	15.336533	1090.417969	10.184813
8.473158	15.336533	1088.693359	14.546416
8.473158	15.336533	1086.966797	15.997409
8.473158	15.336533	1085.240234	18.901716
8.473158	15.336533	1083.513672	21.804697
8.473158	15.336533	1081.787109	17.439777
8.473158	15.336533	1080.058594	14.529832
8.473158	15.336533	1078.332031	11.621212
8.473158	15.336533	1076.603516	14.523198
8.473158	15.336533	1074.875000	14.519881
8.473158	15.336533	1073.144531	20.323191
8.473158	15.336533	1071.416016	14.513248
8.473158	15.336533	1069.685547	20.313904
8.473158	15.336533	1067.955078	20.309261
8.473158	15.336533	1066.224609	20.304619
8.473158	15.336533	1064.494141	18.849977
8.473158	15.336533	1062.763672	21.744999
8.473158	15.336533	1061.031250	13.044015
8.473158	15.336533	1059.298828	18.837044
8.473158	15.336533	1057.566406	20.281404
8.473158	15.336533	1055.832031	18.828421
8.473158	15.336533	1054.099609	14.480085
8.473158	15.336533	1052.365234	18.819799
8.473158	15.336533	1050.630859	15.920798
8.473158	15.336533	1048.896484	13.023124
8.473158	15.336533	1047.162109	20.253550
8.473158	15.336533	1045.425781	21.695257
8.473158	15.336533	1043.691406	17.352228
8.473158	15.336533	1041.955078	15.902561
8.473158	15.336533	1040.218750	17.344271
8.473158	15.336533	1038.480469	15.895267
8.473158	15.336533	1036.744141	13.002234
8.473158	15.336533	1035.005859	10.110528
8.473158	15.336533	1033.267578	20.216415
8.473158	15.336533	1031.529297	18.768076
8.473158	15.336533	1029.789063	15.877032
8.473158	15.336533	1028.050781	15.873385
8.473158	15.336533	1026.310547	17.312443
8.473158	15.336533	1024.570313	20.193209
8.473158	15.336533	1022.830078	14.420405
8.473158	15.336533	1021.089844	25.950762
8.473158	15.336533	1019.347656	17.296530
8.473158	15.336533	1017.605469	12.969415
8.473158	15.336533	1015.863281	18.729290
8.473158	15.336533	1014.121094	20.165363
8.473158	15.336533	1012.378906	23.040825
8.473158	15.336533	1010.634766	21.595802
8.473158	15.336533	1008.890625	17.272665
8.473158	15.336533	1007.146484	20.146801
8.473158	15.336533	1005.402344	27.335791
8.473158	15.336533	1003.656250	25.891098
8.473158	15.336533	1001.912109	21.570944
8.473158	15.336533	1000.166016	23.003704
8.473158	15.336533	998.419922	31.622803
8.473158	15.336533	996.673828	21.556030
8.473158	15.336533	994.925781	22.987797
8.473158	15.336533	993.177734	20.109682
8.473158	15.336533	991.431641	28.721491
8.473158	15.336533	989.681641	33.022091
8.473158	15.336533	987.933594	35.885296
8.473158	15.336533	986.185547	38.747169
8.473158	15.336533	984.435547	43.042473
8.473158	15.336533	982.685547	30.122772
8.473158	15.336533	980.935547	40.154419
8.473158	15.336533	979.185547	30.108856
8.473158	15.336533	977.433594	30.101898
8.473158	15.336533	975.681641	28.661848
8.473158	15.336533	973.929688	35.819027
8.473158	15.336533	972.177734	28.648596
8.473158	15.336533	970.425781	37.234562
8.473158	15.336533	968.671875	34.362411
8.473158	15.336533	966.917969	25.765846
8.473158	15.336533	965.164063	32.915409
8.473158	15.336533	963.410156	38.630882
8.473158	15.336533	961.656250	21.456633
8.473158	15.336533	959.900391	30.032330
8.473158	15.336533	958.144531	28.595594
8.473158	15.336533	956.388672	32.877316
8.473158	15.336533	954.632813	32.869698
8.473158	15.336533	952.876953	30.004507
8.473158	15.336533	951.119141	29.997551
8.473158	15.336533	949.361328	34.274967
8.473158	15.336533	947.603516	25.700264
8.473158	15.336533	945.845703	35.686531
8.473158	15.336533	944.085938	32.823994
8.473158	15.336533	942.328125	37.096771
8.473158	15.336533	940.568359	32.808758
8.473158	15.336533	938.808594	29.948870
8.473158	15.336533	937.046875	29.941917
8.473158	15.336533	935.287109	27.084015
8.473158	15.336533	933.525391	24.227436
8.473158	15.336533	931.763672	27.071432
8.473158	15.336533	930.001953	21.367218
8.473158	15.336533	928.240234	18.513950
8.473158	15.336533	926.476563	18.509647
8.473158	15.336533	924.712891	15.658367
8.473158	15.336533	922.949219	15.654726
8.473158	15.336533	921.185547	14.228258
8.473158	15.336533	919.419922	19.914928
8.473158	15.336533	917.656250	17.065966
8.473158	15.336533	915.890625	24.171158
8.473158	15.336533	914.125000	17.058022
8.473158	15.336533	912.359375	22.738733
8.473158	15.336533	910.591797	17.050077
8.473158	15.336533	908.824219	22.728142
8.473158	15.336533	907.058594	22.722847
8.473158	15.336533	905.289063	15.618317
8.473158	15.336533	903.521484	18.453709
8.473158	15.336533	901.753906	19.868591
8.473158	15.336533	899.984375	24.120522
8.473158	15.336533	898.214844	18.440804
8.473158	15.336533	896.445313	21.272886
8.473158	15.336533	894.673828	15.596478
8.473158	15.336533	892.904297	19.845430
8.473158	15.336533	891.132813	24.092398
8.473158	15.336533	889.361328	17.002428
8.473158	15.336533	887.589844	16.998459
8.473158	15.336533	885.816406	18.410696
8.473158	15.336533	884.044922	12.742889
8.473158	15.336533	882.271484	22.648733
8.473158	15.336533	880.498047	19.813011
8.473158	15.336533	878.722656	14.148843
8.473158	15.336533	876.949219	18.389196
8.473158	15.336533	875.173828	11.313783
8.473158	15.336533	873.398438	21.208382
8.473158	15.336533	871.623047	19.789860
8.473158	15.336533	869.847656	21.198460
8.473158	15.336533	868.070313	24.019299
8.473158	15.336533	866.292969	19.775970
8.473158	15.336533	864.515625	19.771341
8.473158	15.336533	862.738281	28.238159
8.473158	15.336533	860.960938	21.173660
8.473158	15.336533	859.181641	21.168701
8.473158	15.336533	857.402344	23.985575
8.473158	15.336533	855.623047	21.158783
8.473158	15.336533	853.843750	21.153824
8.473158	15.336533	852.064453	21.148867
8.473158	15.336533	850.283203	21.143908
8.473158	15.336533	848.501953	14.092633
8.473158	15.336533	846.720703	11.271462
8.473158	15.336533	844.939453	16.903227
8.473158	15.336533	843.156250	19.715805
8.473158	15.336533	841.373047	22.527061
8.473158	15.336533	839.589844	23.929384
8.473158	15.336533	837.806641	21.109207
8.473158	15.336533	836.023438	22.511200
8.473158	15.336533	834.238281	19.692675
8.473158	15.336533	832.453125	16.875471
8.473158	15.336533	830.667969	19.683424
8.473158	15.336533	828.882813	16.867540
8.473158	15.336533	827.095703	15.458279
8.473158	15.336533	825.310547	14.049678
8.473158	15.336533	823.523438	21.069561
8.473158	15.336533	821.736328	21.064608
8.473158	15.336533	819.947266	19.655676
8.473158	15.336533	818.160156	18.247406
8.473158	15.336533	816.371094	18.243113
8.473158	15.336533	814.582031	16.835833
8.473158	15.336533	812.792969	15.429214
8.473158	15.336533	811.001953	21.034885
8.473158	15.336533	809.212891	22.431927
8.473158	15.336533	807.421875	15.418318
8.473158	15.336533	805.630859	18.217358
8.473158	15.336533	803.839844	18.213064
8.473158	15.336533	802.046875	21.010124
8.473158	15.336533	800.253906	22.405516
8.473158	15.336533	798.460938	19.600206
8.473158	15.336533	796.667969	22.394955
8.473158	15.336533	794.875000	22.389673
8.473158	15.336533	793.080078	20.985369
8.473158	15.336533	791.285156	20.980419
8.473158	15.336533	789.490234	20.975468
8.473158	15.336533	787.695313	26.562656
8.473158	15.336533	785.900391	22.363274
8.473158	15.336533	784.103516	19.563246
8.473158	15.336533	782.306641	16.764538
8.473158	15.336533	780.509766	15.363864
8.473158	15.336533	778.712891	22.342159
8.473158	15.336533	776.914063	27.921103
8.473158	15.336533	775.115234	27.914507
8.473158	15.336533	773.318359	22.326328
8.473158	15.336533	771.517578	29.296379
8.473158	15.336533	769.718750	23.710510
8.473158	15.336533	767.917969	27.888123
8.473158	15.336533	766.117188	20.911146
8.473158	15.336533	764.316406	18.118708
8.473158	15.336533	762.515625	25.081505
8.473158	15.336533	760.714844	18.110134
8.473158	15.336533	758.912109	27.855152
8.473158	15.336533	757.109375	20.886419
8.473158	15.336533	755.306641	19.489378
8.473158	15.336533	753.501953	22.268301
8.473158	15.336533	751.699219	22.263027
8.473158	15.336533	749.894531	26.431084
8.473158	15.336533	748.089844	25.034042
8.473158	15.336533	746.285156	27.809011
8.473158	15.336533	744.478516	34.753029
8.473158	15.336533	742.673828	29.185625
8.473158	15.336533	740.867188	26.399782
8.473158	15.336533	739.060547	25.004391
8.473158	15.336533	737.251953	19.443247
8.473158	15.336533	735.445313	22.215584
8.473158	15.336533	733.636719	15.269591
8.473158	15.336533	731.828125	23.592861
8.473158	15.336533	730.019531	18.037317
8.473158	15.336533	728.208984	23.581665
8.473158	15.336533	726.400391	20.802412
8.473158	15.336533	724.589844	16.637980
8.473158	15.336533	722.779297	20.792536
8.473158	15.336533	720.966797	24.945116
8.473158	15.336533	719.156250	20.782660
8.473158	15.336533	717.343750	18.007360
8.473158	15.336533	715.531250	19.387934
8.473158	15.336533	713.718750	16.614279
8.473158	15.336533	711.904297	22.147108
8.473158	15.336533	710.091797	19.374113
8.473158	15.336533	708.277344	22.136578
8.473158	15.336533	706.462891	15.215279
8.473158	15.336533	704.646484	22.126051
8.473158	15.336533	702.832031	16.590591
8.473158	15.336533	701.015625	15.204424
8.473158	15.336533	699.199219	16.582697
8.473158	15.336533	697.382813	22.105001
8.473158	15.336533	695.566406	19.337273
8.473158	15.336533	693.748047	16.570858
8.473158	15.336533	691.929688	20.708641
8.473158	15.336533	690.111328	20.703711
8.473158	15.336533	688.292969	17.938942
8.473158	15.336533	686.472656	26.212208
8.473158	15.336533	684.652344	17.930395
8.473158	15.336533	682.832031	20.683989
8.473158	15.336533	681.011719	16.543247
8.473158	15.336533	679.191406	24.808956
8.473158	15.336533	677.369141	17.913307
8.473158	15.336533	675.546875	17.909037
8.473158	15.336533	673.724609	17.904766
8.473158	15.336533	671.902344	27.539223
8.473158	15.336533	670.078125	26.156021
8.473158	15.336533	668.255859	17.891956
8.473158	15.336533	666.431641	28.895493
8.473158	15.336533	664.607422	26.137302
8.473158	15.336533	662.781250	24.755745
8.473158	15.336533	660.957031	12.374917
8.473158	15.336533	659.130859	23.369263
8.473158	15.336533	657.304688	21.989347
8.473158	15.336533	655.476563	30.228132
8.473158	15.336533	653.650391	20.605167
8.473158	15.336533	651.822266	30.213692
8.473158	15.336533	649.994141	27.460430
8.473158	15.336533	648.166016	27.453869
8.473158	15.336533	646.335938	24.702576
8.473158	15.336533	644.507813	24.696671
8.473158	15.336533	642.677734	26.062475
8.473158	15.336533	640.847656	26.056244
8.473158	15.336533	639.015625	28.792118
8.473158	15.336533	637.185547	19.190155
8.473158	15.336533	635.353516	24.667154
8.473158	15.336533	633.521484	27.401392
8.473158	15.336533	631.689453	34.243546
8.473158	15.336533	629.855469	31.496521
8.473158	15.336533	628.023438	26.012638
8.473158	15.336533	626.189453	27.375170
8.473158	15.336533	624.355469	30.105476
8.473158	15.336533	622.519531	31.466370
8.473158	15.336533	620.685547	30.091059
8.473158	15.336533	618.849609	21.879166
8.473158	15.336533	617.013672	32.810886
8.473158	15.336533	615.177734	30.069439
8.473158	15.336533	613.339844	28.695768
8.473158	15.336533	611.503906	28.688892
8.473158	15.336533	609.666016	31.413637
8.473158	15.336533	607.828125	27.309658
8.473158	15.336533	605.988281	30.033421
8.473158	15.336533	604.150391	24.566906
8.473158	15.336533	602.310547	31.383520
8.473158	15.336533	600.470703	32.740166
8.473158	15.336533	598.628906	38.187698
8.473158	15.336533	596.789063	23.179825
8.473158	15.336533	594.947266	27.263840
8.473158	15.336533	593.105469	21.805838
8.473158	15.336533	591.263672	17.712992
8.473158	15.336533	589.421875	23.157581
8.473158	15.336533	587.578125	20.428255
8.473158	15.336533	585.734375	28.592691
8.473158	15.336533	583.890625	20.418446
8.473158	15.336533	582.046875	23.135349
8.473158	15.336533	580.201172	21.769217
8.473158	15.336533	578.355469	25.844734
8.473158	15.336533	576.509766	23.118679
8.473158	15.336533	574.664063	19.034338
8.473158	15.336533	572.818359	29.903915
8.473158	15.336533	570.970703	14.948364
8.473158	15.336533	569.123047	21.737848
8.473158	15.336533	567.275391	25.807489
8.473158	15.336533	565.427734	17.653511
8.473158	15.336533	563.578125	25.795080
8.473158	15.336533	561.728516	23.074259
8.473158	15.336533	559.878906	17.640778
8.473158	15.336533	558.029297	10.853251
8.473158	15.336533	556.177734	23.057611
8.473158	15.336533	554.328125	29.832081
8.473158	15.336533	552.476563	24.402193
8.473158	15.336533	550.625000	18.974916
8.473158	15.336533	548.771484	23.035423
8.473158	15.336533	546.919922	24.384577
8.473158	15.336533	545.066406	25.733080
8.473158	15.336533	543.212891	28.434977
8.473158	15.336533	541.357422	23.013248
8.473158	15.336533	539.503906	39.248440
8.473158	15.336533	537.648438	24.355232
8.473158	15.336533	535.792969	47.345989
8.473158	15.336533	533.937500	36.515247
8.473158	15.336533	532.080078	43.266907
8.473158	15.336533	530.224609	50.015305
8.473158	15.336533	528.367188	67.571960
8.473158	15.336533	526.507813	98.631287
8.473158	15.336533	524.650391	171.550049
8.473158	15.336533	522.791016	330.863220
8.473158	15.336533	520.933594	565.707214
8.473158	15.336533	519.074219	479.182922
8.473158	15.336533	517.212891	242.907394
8.473158	15.336533	515.353516	138.963486
8.473158	15.336533	513.492188	89.023087
8.473158	15.336533	511.630859	66.076950
8.473158	15.336533	509.769531	60.668274
8.473158	15.336533	507.906250	62.001495
8.473158	15.336533	506.044922	47.163670
8.473158	15.336533	504.181641	55.235535
8.473158	15.336533	502.318359	47.140903
8.473158	15.336533	500.453125	45.782970
8.473158	15.336533	498.589844	47.118149
8.473158	15.336533	496.724609	57.874035
8.473158	15.336533	494.859375	45.749817
8.473158	15.336533	492.992188	51.119801
8.473158	15.336533	491.126953	52.452389
8.473158	15.336533	489.259766	55.128937
8.473158	15.336533	487.392578	44.361351
8.473158	15.336533	485.525391	48.382511
8.473158	15.336533	483.656250	40.309021
8.473158	15.336533	481.789063	42.985897
8.473158	15.336533	479.919922	33.574619
8.473158	15.336533	478.050781	36.251823
8.473158	15.336533	476.179688	29.531385
8.473158	15.336533	474.310547	30.866259
8.473158	15.336533	472.439453	33.542171
8.473158	15.336533	470.568359	26.827250
8.473158	15.336533	468.695313	29.502840
8.473158	15.336533	466.824219	29.495707
8.473158	15.336533	464.951172	22.786625
8.473158	15.336533	463.078125	26.801311
8.473158	15.336533	461.205078	24.115345
8.473158	15.336533	459.330078	21.430677
8.473158	15.336533	457.457031	24.103680
8.473158	15.336533	455.582031	25.436619
8.473158	15.336533	453.707031	21.415129
8.473158	15.336533	451.830078	28.100554
8.473158	15.336533	449.955078	29.431553
8.473158	15.336533	448.078125	21.399586
8.473158	15.336533	446.201172	34.765911
8.473158	15.336533	444.322266	25.399708
8.473158	15.336533	442.445313	29.403069
8.473158	15.336533	440.566406	22.715052
8.473158	15.336533	438.687500	22.709553
8.473158	15.336533	436.808594	30.717251
8.473158	15.336533	434.927734	25.368975
8.473158	15.336533	433.048828	25.362831
8.473158	15.336533	431.167969	24.022127
8.473158	15.336533	429.285156	25.350548
8.473158	15.336533	427.404297	24.010490
8.473158	15.336533	425.521484	20.003897
8.473158	15.336533	423.638672	21.332319
8.473158	15.336533	421.755859	22.660099
8.473158	15.336533	419.873047	25.319857
8.473158	15.336533	417.988281	25.313721
8.473158	15.336533	416.105469	22.643631
8.473158	15.336533	414.220703	33.291386
8.473158	15.336533	412.333984	27.957987
8.473158	15.336533	410.449219	23.958179
8.473158	15.336533	408.562500	21.290998
8.473158	15.336533	406.675781	26.607296
8.473158	15.336533	404.789063	29.260931
8.473158	15.336533	402.900391	42.551033
8.473158	15.336533	401.013672	42.540718
8.473158	15.336533	399.125000	74.428207
8.473158	15.336533	397.236328	77.067665
8.473158	15.336533	395.345703	74.392113
8.473158	15.336533	393.457031	63.749203
8.473158	15.336533	391.566406	69.044884
8.473158	15.336533	389.675781	50.443642
8.473158	15.336533	387.783203	53.085690
8.473158	15.336533	385.892578	54.399632
8.473158	15.336533	384.000000	41.121449
8.473158	15.336533	382.107422	45.090004
8.473158	15.336533	380.214844	41.101498
8.473158	15.336533	378.320313	41.091526
8.473158	15.336533	376.425781	68.910995
8.473158	15.336533	374.531250	82.143173
8.473158	15.336533	372.636719	72.851257
8.473158	15.336533	370.742188	46.348640
8.473158	15.336533	368.845703	46.337391
8.473158	15.336533	366.949219	39.708122
8.473158	15.336533	365.052734	34.405354
8.473158	15.336533	363.154297	47.626617
8.473158	15.336533	361.257813	47.615059
8.473158	15.336533	359.359375	62.149010
8.473158	15.336533	357.460938	47.591942
8.473158	15.336533	355.560547	46.258709
8.473158	15.336533	353.662109	56.818329
8.473158	15.336533	351.761719	46.236248
8.473158	15.336533	349.861328	40.942162
8.473158	15.336533	347.960938	42.252613
8.473158	15.336533	346.058594	54.123013
8.473158	15.336533	344.156250	48.830856
8.473158	15.336533	342.253906	46.180134
8.473158	15.336533	340.351563	35.616020
8.473158	15.336533	338.449219	39.563744
8.473158	15.336533	336.544922	35.598721
8.473158	15.336533	334.640625	42.180828
8.473158	15.336533	332.736328	39.534920
8.473158	15.336533	330.832031	36.890293
8.473158	15.336533	328.925781	40.832905
8.473158	15.336533	327.019531	30.288021
8.473158	15.336533	325.113281	36.863415
8.473158	15.336533	323.207031	42.119381
8.473158	15.336533	321.298828	36.845505
8.473158	15.336533	319.390625	31.574186
8.473158	15.336533	317.482422	27.620699
8.473158	15.336533	315.574219	31.558844
8.473158	15.336533	313.664063	28.921909
8.473158	15.336533	311.753906	28.914883
8.473158	15.336533	309.843750	30.221848
8.473158	15.336533	307.933594	28.900829
8.473158	15.336533	306.023438	26.267096
8.473158	15.336533	304.111328	35.451962
8.473158	15.336533	302.199219	32.817913
8.473158	15.336533	300.287109	34.122334
8.473158	15.336533	298.373047	35.426117
8.473158	15.336533	296.458984	36.729267
8.473158	15.336533	294.546875	31.474577
8.473158	15.336533	292.630859	31.466925
8.473158	15.336533	290.716797	31.459276
8.473158	15.336533	288.800781	34.072598
8.473158	15.336533	286.884766	36.684647
8.473158	15.336533	284.968750	48.464359
8.473158	15.336533	283.052734	44.523991
8.473158	15.336533	281.134766	48.440796
8.473158	15.336533	279.218750	53.664589
8.473158	15.336533	277.298828	52.342972
8.473158	15.336533	275.380859	66.721062
8.473158	15.336533	273.462891	65.396904
8.473158	15.336533	271.542969	56.227665
8.473158	15.336533	269.623047	81.052734
8.473158	15.336533	267.701172	94.102875
8.473158	15.336533	265.781250	103.226662
8.473158	15.336533	263.859375	175.050751
8.473158	15.336533	261.937500	261.206238
8.473158	15.336533	260.015625	263.754181
8.473158	15.336533	258.093750	259.773865
8.473158	15.336533	256.169922	219.253250
8.473158	15.336533	254.246094	220.504700
8.473158	15.336533	252.322266	440.902191
8.473158	15.336533	250.396484	1581.906250
8.473158	15.336533	248.472656	1987.006592
8.473158	15.336533	246.546875	892.892761
8.473158	15.336533	244.621094	389.649658
8.473158	15.336533	242.693359	243.634689
8.473158	15.336533	240.767578	208.406799
8.473158	15.336533	238.839844	149.755966
8.473158	15.336533	236.912109	126.285187
8.473158	15.336533	234.982422	102.825813
8.473158	15.336533	233.054688	83.281677
8.473158	15.336533	231.125000	79.358543
8.473158	15.336533	229.195313	79.339249
8.473158	15.336533	227.263672	78.019630
8.473158	15.336533	225.333984	74.100632
8.473158	15.336533	223.402344	92.278343
8.473158	15.336533	221.470703	77.962738
8.473158	15.336533	219.539063	81.840973
8.473158	15.336533	217.605469	75.327339
8.473158	15.336533	215.673828	88.293343
8.473158	15.336533	213.740234	67.502022
8.473158	15.336533	211.804688	63.592213
8.473158	15.336533	209.871094	55.791843
8.473158	15.336533	207.935547	51.886772
8.473158	15.336533	206.000000	46.686745
8.473158	15.336533	204.064453	38.896160
8.473158	15.336533	202.128906	42.775379
8.473158	15.336533	200.191406	36.285439
8.473158	15.336533	198.253906	36.276615
8.473158	15.336533	196.316406	27.200850
8.473158	15.336533	194.376953	31.079128
8.473158	15.336533	192.439453	36.250172
8.473158	15.336533	190.500000	25.886684
8.473158	15.336533	188.560547	23.292355
8.473158	15.336533	186.619141	16.818167
8.473158	15.336533	184.679688	20.694252
8.473158	15.336533	182.738281	16.809994
8.473158	15.336533	180.796875	27.148005
8.473158	15.336533	178.855469	31.018751
8.473158	15.336533	176.912109	20.674143
8.473158	15.336533	174.968750	23.252758
8.473158	15.336533	173.025391	23.247108
8.473158	15.336533	171.082031	29.697420
8.473158	15.336533	169.136719	24.526690
8.473158	15.336533	167.193359	27.101860
8.473158	15.336533	165.246094	21.934271
8.473158	15.336533	163.300781	21.928942
8.473158	15.336533	161.355469	16.765118
8.473158	15.336533	159.408203	24.496910
8.473158	15.336533	157.460938	30.935949
8.473158	15.336533	155.513672	30.928434
8.473158	15.336533	153.564453	34.786037
8.473158	15.336533	151.617188	33.489529
8.473158	15.336533	149.667969	39.920124
8.473158	15.336533	147.716797	36.048130
8.473158	15.336533	145.767578	36.039375
8.473158	15.336533	143.816406	38.604240
8.473158	15.336533	141.865234	47.600334
8.473158	15.336533	139.914063	60.450607
8.473158	15.336533	137.962891	52.720703
8.473158	15.336533	136.009766	61.706814
8.473158	15.336533	134.056641	51.409859
8.473158	15.336533	132.103516	51.397377
8.473158	15.336533	130.150391	53.954147
8.473158	15.336533	128.195313	50.088116
8.473158	15.336533	126.240234	46.223961
8.473158	15.336533	124.285156	61.616989
8.473158	15.336533	122.330078	47.484901
8.473158	15.336533	120.373047	51.322571
8.473158	15.336533	118.416016	47.461857
8.473158	15.336533	116.458984	38.473248
8.473158	15.336533	114.501953	48.720959
8.473158	15.336533	112.542969	41.018219
8.473158	15.336533	110.583984	30.756201
8.473158	15.336533	108.625000	29.467543
8.473158	15.336533	106.666016	19.213301
8.473158	15.336533	104.705078	17.928064
8.473158	15.336533	102.746094	16.643450
8.473158	15.336533	100.785156	8.959684
8.473158	15.336533	98.822266	7.677867
8.473158	15.336533	96.861328	7.676005
8.473158	15.336533	94.898438	3.837072
8.473158	15.336533	92.935547	2.557428
8.473158	15.336533	90.972656	2.556808
8.473158	15.336533	89.007813	2.556188
8.473158	15.336533	87.044922	0.000000
8.473158	15.336533	85.080078	1.277474
8.473158	15.336533	83.113281	2.554329
8.473158	15.336533	81.148438	1.276855
8.473158	15.336533	79.181641	1.276546
8.473158	15.336533	77.214844	-1.276236
8.473158	15.336533	75.248047	2.551854
8.473158	15.336533	73.281250	1.275618
8.473158	15.336533	71.312500	0.000000
8.473158	15.336533	69.343750	0.000000
8.473158	15.336533	67.375000	1.274691
8.473158	15.336533	65.404297	2.548765
8.473158	15.336533	63.435547	3.822222
8.473158	15.336533	61.464844	0.000000
8.473158	15.336533	59.494141	1.273457
12.473158	15.336533	1838.757813	20.893288
12.473158	15.336533	1837.195313	19.286112
12.473158	15.336533	1835.632813	20.888842
12.473158	15.336533	1834.070313	17.671412
12.473158	15.336533	1832.507813	16.061502
12.473158	15.336533	1830.945313	24.087126
12.473158	15.336533	1829.382813	20.871067
12.473158	15.336533	1827.818359	27.287125
12.473158	15.336533	1826.253906	20.862185
12.473158	15.336533	1824.689453	20.857744
12.473158	15.336533	1823.125000	14.436904
12.473158	15.336533	1821.560547	19.245108
12.473158	15.336533	1819.994141	24.051266
12.473158	15.336533	1818.429688	24.046146
12.473158	15.336533	1816.863281	16.027351
12.473158	15.336533	1815.296875	9.614365
12.473158	15.336533	1813.730469	17.622583
12.473158	15.336533	1812.162109	14.415408
12.473158	15.336533	1810.595703	20.817823
12.473158	15.336533	1809.027344	14.409271
12.473158	15.336533	1807.458984	19.208273
12.473158	15.336533	1805.890625	19.204184
12.473158	15.336533	1804.322266	17.600086
12.473158	15.336533	1802.753906	22.395342
12.473158	15.336533	1801.183594	23.989899
12.473158	15.336533	1799.613281	12.791889
12.473158	15.336533	1798.042969	19.183748
12.473158	15.336533	1796.472656	14.384748
12.473158	15.336533	1794.902344	17.577614
12.473158	15.336533	1793.332031	14.378621
12.473158	15.336533	1791.759766	12.778275
12.473158	15.336533	1790.187500	15.969442
12.473158	15.336533	1788.617188	20.755854
12.473158	15.336533	1787.044922	15.962641
12.473158	15.336533	1785.470703	19.151089
12.473158	15.336533	1783.898438	15.955841
12.473158	15.336533	1782.324219	23.928663
12.473158	15.336533	1780.750000	22.328661
12.473158	15.336533	1779.177734	17.540211
12.473158	15.336533	1777.601563	19.130699
12.473158	15.336533	1776.027344	25.502165
12.473158	15.336533	1774.453125	23.903185
12.473158	15.336533	1772.876953	12.745649
12.473158	15.336533	1771.300781	23.893000
12.473158	15.336533	1769.724609	17.517799
12.473158	15.336533	1768.148438	25.475006
12.473158	15.336533	1766.572266	20.694031
12.473158	15.336533	1764.994141	19.098110
12.473158	15.336533	1763.417969	17.502871
12.473158	15.336533	1761.839844	19.089970
12.473158	15.336533	1760.261719	23.857376
12.473158	15.336533	1758.683594	20.671984
12.473158	15.336533	1757.103516	20.667578
12.473158	15.336533	1755.525391	20.663172
12.473158	15.336533	1753.945313	19.069630
12.473158	15.336533	1752.365234	20.654360
12.473158	15.336533	1750.785156	22.238415
12.473158	15.336533	1749.205078	19.057432
12.473158	15.336533	1747.625000	12.702246
12.473158	15.336533	1746.042969	14.286979
12.473158	15.336533	1744.460938	19.045240
12.473158	15.336533	1742.878906	23.801474
12.473158	15.336533	1741.296875	19.037117
12.473158	15.336533	1739.714844	15.860879
12.473158	15.336533	1738.132813	15.857495
12.473158	15.336533	1736.548828	15.854112
12.473158	15.336533	1734.964844	19.020874
12.473158	15.336533	1733.380859	12.677876
12.473158	15.336533	1731.796875	14.259567
12.473158	15.336533	1730.212891	17.424641
12.473158	15.336533	1728.628906	19.004642
12.473158	15.336533	1727.042969	14.250439
12.473158	15.336533	1725.457031	18.996529
12.473158	15.336533	1723.871094	14.244354
12.473158	15.336533	1722.285156	15.823682
12.473158	15.336533	1720.699219	15.820303
12.473158	15.336533	1719.111328	17.398617
12.473158	15.336533	1717.525391	18.976255
12.473158	15.336533	1715.937500	22.134237
12.473158	15.336533	1714.349609	22.129509
12.473158	15.336533	1712.759766	23.705124
12.473158	15.336533	1711.171875	25.280064
12.473158	15.336533	1709.583984	23.694996
12.473158	15.336533	1707.994141	20.531275
12.473158	15.336533	1706.404297	14.210922
12.473158	15.336533	1704.814453	23.679810
12.473158	15.336533	1703.224609	17.361483
12.473158	15.336533	1701.632813	22.091709
12.473158	15.336533	1700.042969	22.086987
12.473158	15.336533	1698.451172	25.236876
12.473158	15.336533	1696.859375	18.923609
12.473158	15.336533	1695.267578	23.649454
12.473158	15.336533	1693.675781	12.610345
12.473158	15.336533	1692.082031	17.335516
12.473158	15.336533	1690.490234	18.907429
12.473158	15.336533	1688.896484	14.177538
12.473158	15.336533	1687.302734	29.923956
12.473158	15.336533	1685.708984	26.768337
12.473158	15.336533	1684.113281	12.594170
12.473158	15.336533	1682.519531	17.313278
12.473158	15.336533	1680.923828	20.456768
12.473158	15.336533	1679.328125	18.879129
12.473158	15.336533	1677.732422	14.156317
12.473158	15.336533	1676.136719	20.443636
12.473158	15.336533	1674.541016	20.439260
12.473158	15.336533	1672.943359	18.862970
12.473158	15.336533	1671.345703	15.715775
12.473158	15.336533	1669.748047	20.426134
12.473158	15.336533	1668.150391	23.563568
12.473158	15.336533	1666.552734	18.846817
12.473158	15.336533	1664.955078	20.413012
12.473158	15.336533	1663.355469	15.698953
12.473158	15.336533	1661.755859	14.126030
12.473158	15.336533	1660.156250	9.415336
12.473158	15.336533	1658.556641	18.826635
12.473158	15.336533	1656.957031	29.802452
12.473158	15.336533	1655.355469	21.954994
12.473158	15.336533	1653.755859	15.678778
12.473158	15.336533	1652.154297	18.810499
12.473158	15.336533	1650.552734	18.806467
12.473158	15.336533	1648.951172	14.101826
12.473158	15.336533	1647.347656	25.064535
12.473158	15.336533	1645.746094	17.228172
12.473158	15.336533	1644.142578	18.790339
12.473158	15.336533	1642.539063	20.351833
12.473158	15.336533	1640.935547	31.303795
12.473158	15.336533	1639.332031	17.213392
12.473158	15.336533	1637.728516	12.516145
12.473158	15.336533	1636.123047	18.770187
12.473158	15.336533	1634.517578	17.202312
12.473158	15.336533	1632.912109	26.579685
12.473158	15.336533	1631.306641	26.573978
12.473158	15.336533	1629.701172	25.005432
12.473158	15.336533	1628.093750	10.937528
12.473158	15.336533	1626.488281	24.994694
12.473158	15.336533	1624.880859	23.427492
12.473158	15.336533	1623.273438	18.737967
12.473158	15.336533	1621.666016	20.295103
12.473158	15.336533	1620.056641	21.851568
12.473158	15.336533	1618.449219	15.604909
12.473158	15.336533	1616.839844	20.282021
12.473158	15.336533	1615.230469	21.837482
12.473158	15.336533	1613.621094	18.713818
12.473158	15.336533	1612.011719	12.473196
12.473158	15.336533	1610.400391	15.588142
12.473158	15.336533	1608.791016	18.701748
12.473158	15.336533	1607.179688	20.255869
12.473158	15.336533	1605.568359	14.020277
12.473158	15.336533	1603.957031	17.132208
12.473158	15.336533	1602.345703	21.799936
12.473158	15.336533	1600.732422	20.238441
12.473158	15.336533	1599.121094	21.790554
12.473158	15.336533	1597.507813	26.454264
12.473158	15.336533	1595.894531	28.004366
12.473158	15.336533	1594.281250	29.553801
12.473158	15.336533	1592.666016	15.551282
12.473158	15.336533	1591.052734	23.321899
12.473158	15.336533	1589.437500	15.544584
12.473158	15.336533	1587.822266	17.095360
12.473158	15.336533	1586.207031	21.753042
12.473158	15.336533	1584.591797	20.194901
12.473158	15.336533	1582.974609	17.084311
12.473158	15.336533	1581.359375	13.975060
12.473158	15.336533	1579.742188	12.419597
12.473158	15.336533	1578.125000	21.729609
12.473158	15.336533	1576.507813	27.932045
12.473158	15.336533	1574.888672	23.271685
12.473158	15.336533	1573.271484	17.062220
12.473158	15.336533	1571.652344	18.609316
12.473158	15.336533	1570.033203	15.504417
12.473158	15.336533	1568.414063	21.701502
12.473158	15.336533	1566.794922	17.047501
12.473158	15.336533	1565.173828	18.593258
12.473158	15.336533	1563.554688	20.138350
12.473158	15.336533	1561.933594	20.134001
12.473158	15.336533	1560.312500	17.032784
12.473158	15.336533	1558.691406	13.932904
12.473158	15.336533	1557.070313	17.025427
12.473158	15.336533	1555.447266	20.116613
12.473158	15.336533	1553.826172	15.470974
12.473158	15.336533	1552.203125	18.561157
12.473158	15.336533	1550.580078	21.650003
12.473158	15.336533	1548.955078	17.007040
12.473158	15.336533	1547.332031	15.457603
12.473158	15.336533	1545.708984	16.999687
12.473158	15.336533	1544.083984	10.815643
12.473158	15.336533	1542.458984	20.081850
12.473158	15.336533	1540.833984	18.533083
12.473158	15.336533	1539.207031	21.617252
12.473158	15.336533	1537.582031	21.612576
12.473158	15.336533	1535.955078	16.977634
12.473158	15.336533	1534.330078	27.775570
12.473158	15.336533	1532.703125	15.427532
12.473158	15.336533	1531.074219	16.966612
12.473158	15.336533	1529.447266	23.131279
12.473158	15.336533	1527.818359	15.417512
12.473158	15.336533	1526.191406	16.955589
12.473158	15.336533	1524.562500	23.116251
12.473158	15.336533	1522.933594	16.948244
12.473158	15.336533	1521.302734	27.727480
12.473158	15.336533	1519.673828	23.101225
12.473158	15.336533	1518.042969	13.857731
12.473158	15.336533	1516.414063	18.472969
12.473158	15.336533	1514.783203	20.008043
12.473158	15.336533	1513.150391	16.926210
12.473158	15.336533	1511.519531	16.922539
12.473158	15.336533	1509.888672	26.147341
12.473158	15.336533	1508.255859	27.679413
12.473158	15.336533	1506.623047	24.598583
12.473158	15.336533	1504.990234	13.833700
12.473158	15.336533	1503.357422	26.124649
12.473158	15.336533	1501.722656	21.509747
12.473158	15.336533	1500.089844	23.041151
12.473158	15.336533	1498.455078	15.357431
12.473158	15.336533	1496.820313	19.960325
12.473158	15.336533	1495.185547	10.745532
12.473158	15.336533	1493.548828	21.486395
12.473158	15.336533	1491.914063	16.878498
12.473158	15.336533	1490.277344	21.477055
12.473158	15.336533	1488.640625	18.404902
12.473158	15.336533	1487.003906	18.400900
12.473158	15.336533	1485.367188	19.929974
12.473158	15.336533	1483.728516	15.327415
12.473158	15.336533	1482.091797	21.453711
12.473158	15.336533	1480.453125	21.449043
12.473158	15.336533	1478.814453	21.444376
12.473158	15.336533	1477.175781	21.439709
12.473158	15.336533	1475.535156	18.372892
12.473158	15.336533	1473.896484	15.307410
12.473158	15.336533	1472.255859	22.956114
12.473158	15.336533	1470.615234	18.360891
12.473158	15.336533	1468.974609	21.416374
12.473158	15.336533	1467.333984	15.294077
12.473158	15.336533	1465.691406	22.936117
12.473158	15.336533	1464.050781	21.402376
12.473158	15.336533	1462.408203	15.284079
12.473158	15.336533	1460.765625	13.752672
12.473158	15.336533	1459.123047	18.332897
12.473158	15.336533	1457.478516	19.856308
12.473158	15.336533	1455.835938	19.851976
12.473158	15.336533	1454.191406	19.847645
12.473158	15.336533	1452.546875	19.843313
12.473158	15.336533	1450.902344	16.786831
12.473158	15.336533	1449.257813	19.834652
12.473158	15.336533	1447.611328	13.728683
12.473158	15.336533	1445.966797	19.825991
12.473158	15.336533	1444.320313	19.821661
12.473158	15.336533	1442.673828	16.768511
12.473158	15.336533	1441.025391	25.909309
12.473158	15.336533	1439.378906	18.284927
12.473158	15.336533	1437.730469	19.804342
12.473158	15.336533	1436.083984	21.323090
12.473158	15.336533	1434.435547	13.704703
12.473158	15.336533	1432.787109	15.224118
12.473158	15.336533	1431.136719	12.176631
12.473158	15.336533	1429.488281	13.695713
12.473158	15.336533	1427.837891	18.256956
12.473158	15.336533	1426.187500	18.252960
12.473158	15.336533	1424.537109	16.728218
12.473158	15.336533	1422.886719	18.244970
12.473158	15.336533	1421.234375	12.160649
12.473158	15.336533	1419.583984	21.276476
12.473158	15.336533	1417.931641	22.791231
12.473158	15.336533	1416.279297	18.228991
12.473158	15.336533	1414.626953	19.743746
12.473158	15.336533	1412.974609	15.184169
12.473158	15.336533	1411.320313	22.771259
12.473158	15.336533	1409.666016	15.177512
12.473158	15.336533	1408.011719	19.726439
12.473158	15.336533	1406.357422	12.136684
12.473158	15.336533	1404.703125	12.134022
12.473158	15.336533	1403.048828	19.713459
12.473158	15.336533	1401.392578	9.096523
12.473158	15.336533	1399.736328	19.704807
12.473158	15.336533	1398.080078	22.731325
12.473158	15.336533	1396.423828	24.241423
12.473158	15.336533	1394.765625	19.691832
12.473158	15.336533	1393.109375	21.201929
12.473158	15.336533	1391.451172	22.711363
12.473158	15.336533	1389.792969	18.165098
12.473158	15.336533	1388.134766	10.593978
12.473158	15.336533	1386.476563	18.157114
12.473158	15.336533	1384.816406	18.153122
12.473158	15.336533	1383.156250	16.636702
12.473158	15.336533	1381.496094	18.145138
12.473158	15.336533	1379.835938	10.582335
12.473158	15.336533	1378.175781	24.182873
12.473158	15.336533	1376.515625	24.177551
12.473158	15.336533	1374.853516	16.618408
12.473158	15.336533	1373.191406	12.083453
12.473158	15.336533	1371.529297	16.611090
12.473158	15.336533	1369.867188	12.078133
12.473158	15.336533	1368.205078	16.603773
12.473158	15.336533	1366.541016	24.145622
12.473158	15.336533	1364.876953	24.140301
12.473158	15.336533	1363.212891	19.609673
12.473158	15.336533	1361.548828	21.113453
12.473158	15.336533	1359.884766	25.632111
12.473158	15.336533	1358.218750	18.089264
12.473158	15.336533	1356.554688	16.578169
12.473158	15.336533	1354.888672	9.040643
12.473158	15.336533	1353.222656	16.570854
12.473158	15.336533	1351.554688	16.567196
12.473158	15.336533	1349.888672	18.069315
12.473158	15.336533	1348.220703	13.548994
12.473158	15.336533	1346.552734	21.071558
12.473158	15.336533	1344.884766	22.571684
12.473158	15.336533	1343.216797	22.566696
12.473158	15.336533	1341.548828	19.553482
12.473158	15.336533	1339.878906	19.549160
12.473158	15.336533	1338.208984	12.027594
12.473158	15.336533	1336.539063	13.528050
12.473158	15.336533	1334.869141	19.536196
12.473158	15.336533	1333.199219	19.531876
12.473158	15.336533	1331.527344	15.021195
12.473158	15.336533	1329.857422	18.021446
12.473158	15.336533	1328.185547	24.023277
12.473158	15.336533	1326.513672	18.013470
12.473158	15.336533	1324.839844	15.007900
12.473158	15.336533	1323.167969	18.005493
12.473158	15.336533	1321.494141	19.501629
12.473158	15.336533	1319.820313	11.998344
12.473158	15.336533	1318.146484	19.492989
12.473158	15.336533	1316.472656	17.989540
12.473158	15.336533	1314.798828	19.484348
12.473158	15.336533	1313.123047	31.467737
12.473158	15.336533	1311.447266	17.977577
12.473158	15.336533	1309.771484	16.475790
12.473158	15.336533	1308.095703	7.487334
12.473158	15.336533	1306.419922	14.971345
12.473158	15.336533	1304.742188	20.955231
12.473158	15.336533	1303.064453	19.454109
12.473158	15.336533	1301.386719	22.442066
12.473158	15.336533	1299.708984	17.949665
12.473158	15.336533	1298.031250	25.423044
12.473158	15.336533	1296.351563	19.436832
12.473158	15.336533	1294.671875	17.937704
12.473158	15.336533	1292.994141	22.417147
12.473158	15.336533	1291.312500	17.929731
12.473158	15.336533	1289.632813	16.431932
12.473158	15.336533	1287.953125	19.415237
12.473158	15.336533	1286.271484	20.904066
12.473158	15.336533	1284.589844	14.928153
12.473158	15.336533	1282.908203	25.372213
12.473158	15.336533	1281.226563	8.952906
12.473158	15.336533	1279.542969	8.950912
12.473158	15.336533	1277.861328	20.880812
12.473158	15.336533	1276.177734	23.858469
12.473158	15.336533	1274.494141	17.889866
12.473158	15.336533	1272.810547	25.338331
12.473158	15.336533	1271.125000	17.881895
12.473158	15.336533	1269.441406	17.877909
12.473158	15.336533	1267.755859	20.852909
12.473158	15.336533	1266.070313	19.359098
12.473158	15.336533	1264.384766	19.354780
12.473158	15.336533	1262.697266	17.861965
12.473158	15.336533	1261.011719	20.834309
12.473158	15.336533	1259.324219	19.341827
12.473158	15.336533	1257.636719	22.312511
12.473158	15.336533	1255.949219	20.820360
12.473158	15.336533	1254.261719	17.842037
12.473158	15.336533	1252.572266	19.324556
12.473158	15.336533	1250.882813	26.751101
12.473158	15.336533	1249.193359	19.315922
12.473158	15.336533	1247.503906	22.282621
12.473158	15.336533	1245.814453	20.792463
12.473158	15.336533	1244.125000	20.787815
12.473158	15.336533	1242.433594	23.752190
12.473158	15.336533	1240.742188	20.778517
12.473158	15.336533	1239.050781	16.322325
12.473158	15.336533	1237.359375	22.252733
12.473158	15.336533	1235.666016	14.831836
12.473158	15.336533	1233.974609	14.828515
12.473158	15.336533	1232.281250	20.755272
12.473158	15.336533	1230.587891	20.750624
12.473158	15.336533	1228.892578	14.818553
12.473158	15.336533	1227.199219	14.815233
12.473158	15.336533	1225.503906	13.330721
12.473158	15.336533	1223.810547	14.808592
12.473158	15.336533	1222.115234	20.727381
12.473158	15.336533	1220.417969	16.282146
12.473158	15.336533	1218.722656	16.278494
12.473158	15.336533	1217.025391	17.754374
12.473158	15.336533	1215.330078	14.791991
12.473158	15.336533	1213.632813	16.267538
12.473158	15.336533	1211.933594	22.178026
12.473158	15.336533	1210.236328	13.303828
12.473158	15.336533	1208.537109	17.734453
12.473158	15.336533	1206.839844	16.252930
12.473158	15.336533	1205.140625	13.294865
12.473158	15.336533	1203.439453	25.106878
12.473158	15.336533	1201.740234	19.195061
12.473158	15.336533	1200.041016	22.143167
12.473158	15.336533	1198.339844	16.234673
12.473158	15.336533	1196.638672	16.231020
12.473158	15.336533	1194.937500	16.227369
12.473158	15.336533	1193.234375	17.698601
12.473158	15.336533	1191.533203	11.796412
12.473158	15.336533	1189.830078	16.216413
12.473158	15.336533	1188.126953	17.686651
12.473158	15.336533	1186.423828	19.156223
12.473158	15.336533	1184.720703	17.678684
12.473158	15.336533	1183.015625	16.201809
12.473158	15.336533	1181.312500	14.725598
12.473158	15.336533	1179.607422	14.722279
12.473158	15.336533	1177.902344	23.550335
12.473158	15.336533	1176.195313	14.715640
12.473158	15.336533	1174.490234	11.769856
12.473158	15.336533	1172.783203	11.767201
12.473158	15.336533	1171.076172	16.176250
12.473158	15.336533	1169.369141	14.702364
12.473158	15.336533	1167.662109	14.699045
12.473158	15.336533	1165.953125	17.634871
12.473158	15.336533	1164.246094	26.446333
12.473158	15.336533	1162.537109	16.157997
12.473158	15.336533	1160.828125	11.748615
12.473158	15.336533	1159.117188	16.150696
12.473158	15.336533	1157.408203	13.211219
12.473158	15.336533	1155.697266	19.078558
12.473158	15.336533	1153.986328	23.475992
12.473158	15.336533	1152.275391	13.202258
12.473158	15.336533	1150.564453	16.132442
12.473158	15.336533	1148.853516	16.128794
12.473158	15.336533	1147.140625	21.988831
12.473158	15.336533	1145.427734	17.587082
12.473158	15.336533	1143.714844	16.117842
12.473158	15.336533	1142.001953	20.508972
12.473158	15.336533	1140.287109	17.575136
12.473158	15.336533	1138.574219	17.571154
12.473158	15.336533	1136.859375	14.639310
12.473158	15.336533	1135.144531	16.099592
12.473158	15.336533	1133.427734	23.412279
12.473158	15.336533	1131.712891	20.481098
12.473158	15.336533	1129.996094	17.551245
12.473158	15.336533	1128.279297	14.622720
12.473158	15.336533	1126.562500	16.081343
12.473158	15.336533	1124.845703	17.539301
12.473158	15.336533	1123.128906	23.380424
12.473158	15.336533	1121.410156	14.609447
12.473158	15.336533	1119.691406	21.909195
12.473158	15.336533	1117.972656	17.523375
12.473158	15.336533	1116.253906	23.359192
12.473158	15.336533	1114.533203	21.894264
12.473158	15.336533	1112.814453	17.511431
12.473158	15.336533	1111.093750	13.130588
12.473158	15.336533	1109.373047	18.962091
12.473158	15.336533	1107.652344	16.041197
12.473158	15.336533	1105.929688	18.953465
12.473158	15.336533	1104.208984	21.864407
12.473158	15.336533	1102.486328	26.231318
12.473158	15.336533	1100.763672	18.940527
12.473158	15.336533	1099.039063	17.479584
12.473158	15.336533	1097.316406	17.475603
12.473158	15.336533	1095.591797	21.839527
12.473158	15.336533	1093.867188	16.012005
12.473158	15.336533	1092.142578	18.918966
12.473158	15.336533	1090.417969	18.914654
12.473158	15.336533	1088.693359	14.546416
12.473158	15.336533	1086.966797	13.088789
12.473158	15.336533	1085.240234	17.447739
12.473158	15.336533	1083.513672	21.804697
12.473158	15.336533	1081.787109	21.799723
12.473158	15.336533	1080.058594	13.076848
12.473158	15.336533	1078.332031	17.431818
12.473158	15.336533	1076.603516	14.523198
12.473158	15.336533	1074.875000	20.327833
12.473158	15.336533	1073.144531	24.678160
12.473158	15.336533	1071.416016	17.415897
12.473158	15.336533	1069.685547	15.960925
12.473158	15.336533	1067.955078	18.858599
12.473158	15.336533	1066.224609	14.503299
12.473158	15.336533	1064.494141	20.299974
12.473158	15.336533	1062.763672	14.496666
12.473158	15.336533	1061.031250	15.942684
12.473158	15.336533	1059.298828	18.837044
12.473158	15.336533	1057.566406	10.140702
12.473158	15.336533	1055.832031	11.586720
12.473158	15.336533	1054.099609	18.824110
12.473158	15.336533	1052.365234	15.924446
12.473158	15.336533	1050.630859	18.815489
12.473158	15.336533	1048.896484	20.258192
12.473158	15.336533	1047.162109	17.360186
12.473158	15.336533	1045.425781	15.909856
12.473158	15.336533	1043.691406	21.690285
12.473158	15.336533	1041.955078	15.902561
12.473158	15.336533	1040.218750	15.898914
12.473158	15.336533	1038.480469	17.340292
12.473158	15.336533	1036.744141	21.670391
12.473158	15.336533	1035.005859	20.221056
12.473158	15.336533	1033.267578	18.772385
12.473158	15.336533	1031.529297	21.655472
12.473158	15.336533	1029.789063	15.877032
12.473158	15.336533	1028.050781	23.088560
12.473158	15.336533	1026.310547	25.968664
12.473158	15.336533	1024.570313	20.193209
12.473158	15.336533	1022.830078	23.072649
12.473158	15.336533	1021.089844	15.858799
12.473158	15.336533	1019.347656	23.062040
12.473158	15.336533	1017.605469	17.292553
12.473158	15.336533	1015.863281	30.255005
12.473158	15.336533	1014.121094	23.046129
12.473158	15.336533	1012.378906	18.720671
12.473158	15.336533	1010.634766	18.716362
12.473158	15.336533	1008.890625	23.030220
12.473158	15.336533	1007.146484	20.146801
12.473158	15.336533	1005.402344	23.019613
12.473158	15.336533	1003.656250	23.014311
12.473158	15.336533	1001.912109	20.132881
12.473158	15.336533	1000.166016	18.690510
12.473158	15.336533	998.419922	27.310602
12.473158	15.336533	996.673828	27.304306
12.473158	15.336533	994.925781	18.677586
12.473158	15.336533	993.177734	33.037334
12.473158	15.336533	991.431641	40.210087
12.473158	15.336533	989.681641	27.279119
12.473158	15.336533	987.933594	27.272823
12.473158	15.336533	986.185547	30.136688
12.473158	15.336533	984.435547	34.433979
12.473158	15.336533	982.685547	40.163696
12.473158	15.336533	980.935547	34.418072
12.473158	15.336533	979.185547	34.410122
12.473158	15.336533	977.433594	40.135864
12.473158	15.336533	975.681641	31.528032
12.473158	15.336533	973.929688	37.251789
12.473158	15.336533	972.177734	30.081026
12.473158	15.336533	970.425781	35.802464
12.473158	15.336533	968.671875	40.089481
12.473158	15.336533	966.917969	32.923027
12.473158	15.336533	965.164063	32.915409
12.473158	15.336533	963.410156	34.338562
12.473158	15.336533	961.656250	32.900169
12.473158	15.336533	959.900391	30.032330
12.473158	15.336533	958.144531	47.182728
12.473158	15.336533	956.388672	28.588968
12.473158	15.336533	954.632813	34.298813
12.473158	15.336533	952.876953	34.290863
12.473158	15.336533	951.119141	28.569096
12.473158	15.336533	949.361328	32.846844
12.473158	15.336533	947.603516	32.839226
12.473158	15.336533	945.845703	34.259071
12.473158	15.336533	944.085938	34.251122
12.473158	15.336533	942.328125	25.682381
12.473158	15.336533	940.568359	27.102888
12.473158	15.336533	938.808594	24.244324
12.473158	15.336533	937.046875	34.219334
12.473158	15.336533	935.287109	31.360437
12.473158	15.336533	933.525391	18.526863
12.473158	15.336533	931.763672	25.646620
12.473158	15.336533	930.001953	17.093773
12.473158	15.336533	928.240234	22.786402
12.473158	15.336533	926.476563	25.628742
12.473158	15.336533	924.712891	19.928831
12.473158	15.336533	922.949219	15.654726
12.473158	15.336533	921.185547	15.651084
12.473158	15.336533	919.419922	21.337421
12.473158	15.336533	917.656250	21.332457
12.473158	15.336533	915.890625	17.061995
12.473158	15.336533	914.125000	17.058022
12.473158	15.336533	912.359375	14.211708
12.473158	15.336533	910.591797	19.891758
12.473158	15.336533	908.824219	18.466616
12.473158	15.336533	907.058594	18.462313
12.473158	15.336533	905.289063	21.297705
12.473158	15.336533	903.521484	26.970806
12.473158	15.336533	901.753906	22.706963
12.473158	15.336533	899.984375	21.282814
12.473158	15.336533	898.214844	15.603757
12.473158	15.336533	896.445313	25.527464
12.473158	15.336533	894.673828	24.103647
12.473158	15.336533	892.904297	11.340246
12.473158	15.336533	891.132813	18.423599
12.473158	15.336533	889.361328	15.585560
12.473158	15.336533	887.589844	12.748844
12.473158	15.336533	885.816406	21.243111
12.473158	15.336533	884.044922	24.069902
12.473158	15.336533	882.271484	25.479824
12.473158	15.336533	880.498047	24.058655
12.473158	15.336533	878.722656	15.563727
12.473158	15.336533	876.949219	16.974642
12.473158	15.336533	875.173828	16.970673
12.473158	15.336533	873.398438	21.208382
12.473158	15.336533	871.623047	31.098351
12.473158	15.336533	869.847656	21.198460
12.473158	15.336533	868.070313	19.780600
12.473158	15.336533	866.292969	22.601109
12.473158	15.336533	864.515625	14.122386
12.473158	15.336533	862.738281	12.707171
12.473158	15.336533	860.960938	19.762083
12.473158	15.336533	859.181641	21.168701
12.473158	15.336533	857.402344	21.163742
12.473158	15.336533	855.623047	19.748198
12.473158	15.336533	853.843750	19.743570
12.473158	15.336533	852.064453	16.919092
12.473158	15.336533	850.283203	19.734314
12.473158	15.336533	848.501953	15.501897
12.473158	15.336533	846.720703	21.133991
12.473158	15.336533	844.939453	19.720432
12.473158	15.336533	843.156250	21.124077
12.473158	15.336533	841.373047	16.895296
12.473158	15.336533	839.589844	19.706553
12.473158	15.336533	837.806641	23.923767
12.473158	15.336533	836.023438	25.325100
12.473158	15.336533	834.238281	14.066195
12.473158	15.336533	832.453125	19.688049
12.473158	15.336533	830.667969	15.465547
12.473158	15.336533	828.882813	18.273170
12.473158	15.336533	827.095703	18.268875
12.473158	15.336533	825.310547	15.454645
12.473158	15.336533	823.523438	22.474199
12.473158	15.336533	821.736328	23.873220
12.473158	15.336533	819.947266	19.655676
12.473158	15.336533	818.160156	11.229173
12.473158	15.336533	816.371094	15.436480
12.473158	15.336533	814.582031	19.641806
12.473158	15.336533	812.792969	21.039839
12.473158	15.336533	811.001953	18.230234
12.473158	15.336533	809.212891	22.431927
12.473158	15.336533	807.421875	18.221649
12.473158	15.336533	805.630859	18.217358
12.473158	15.336533	803.839844	19.614071
12.473158	15.336533	802.046875	18.208773
12.473158	15.336533	800.253906	19.604828
12.473158	15.336533	798.460938	22.400236
12.473158	15.336533	796.667969	13.996846
12.473158	15.336533	794.875000	20.990318
12.473158	15.336533	793.080078	23.783417
12.473158	15.336533	791.285156	16.784334
12.473158	15.336533	789.490234	18.178740
12.473158	15.336533	787.695313	19.572485
12.473158	15.336533	785.900391	20.965569
12.473158	15.336533	784.103516	15.371121
12.473158	15.336533	782.306641	22.352716
12.473158	15.336533	780.509766	18.157293
12.473158	15.336533	778.712891	18.153006
12.473158	15.336533	776.914063	25.128992
12.473158	15.336533	775.115234	29.310232
12.473158	15.336533	773.318359	22.326328
12.473158	15.336533	771.517578	23.716116
12.473158	15.336533	769.718750	25.105246
12.473158	15.336533	767.917969	16.732874
12.473158	15.336533	766.117188	18.122993
12.473158	15.336533	764.316406	15.331213
12.473158	15.336533	762.515625	22.294672
12.473158	15.336533	760.714844	22.289396
12.473158	15.336533	758.912109	23.676880
12.473158	15.336533	757.109375	26.456133
12.473158	15.336533	755.306641	20.881475
12.473158	15.336533	753.501953	25.051838
12.473158	15.336533	751.699219	26.437346
12.473158	15.336533	749.894531	26.431084
12.473158	15.336533	748.089844	23.643263
12.473158	15.336533	746.285156	18.075857
12.473158	15.336533	744.478516	18.071575
12.473158	15.336533	742.673828	19.457083
12.473158	15.336533	740.867188	16.673546
12.473158	15.336533	739.060547	25.004391
12.473158	15.336533	737.251953	23.609657
12.473158	15.336533	735.445313	20.827110
12.473158	15.336533	733.636719	24.986605
12.473158	15.336533	731.828125	29.144121
12.473158	15.336533	730.019531	24.974749
12.473158	15.336533	728.208984	19.420195
12.473158	15.336533	726.400391	23.576067
12.473158	15.336533	724.589844	23.570471
12.473158	15.336533	722.779297	20.792536
12.473158	15.336533	720.966797	16.630077
12.473158	15.336533	719.156250	19.397150
12.473158	15.336533	717.343750	29.088812
12.473158	15.336533	715.531250	19.387934
12.473158	15.336533	713.718750	17.998802
12.473158	15.336533	711.904297	19.378719
12.473158	15.336533	710.091797	16.606382
12.473158	15.336533	708.277344	17.985970
12.473158	15.336533	706.462891	13.832071
12.473158	15.336533	704.646484	20.743174
12.473158	15.336533	702.832031	16.590591
12.473158	15.336533	701.015625	13.822204
12.473158	15.336533	699.199219	22.110262
12.473158	15.336533	697.382813	20.723438
12.473158	15.336533	695.566406	22.099739
12.473158	15.336533	693.748047	17.951763
12.473158	15.336533	691.929688	19.328066
12.473158	15.336533	690.111328	20.703711
12.473158	15.336533	688.292969	23.458616
12.473158	15.336533	686.472656	26.212208
12.473158	15.336533	684.652344	19.309656
12.473158	15.336533	682.832031	23.441853
12.473158	15.336533	681.011719	22.057663
12.473158	15.336533	679.191406	23.430681
12.473158	15.336533	677.369141	20.669201
12.473158	15.336533	675.546875	22.041891
12.473158	15.336533	673.724609	17.904766
12.473158	15.336533	671.902344	26.162262
12.473158	15.336533	670.078125	19.272858
12.473158	15.336533	668.255859	11.010434
12.473158	15.336533	666.431641	23.391590
12.473158	15.336533	664.607422	15.132122
12.473158	15.336533	662.781250	13.753191
12.473158	15.336533	660.957031	19.249872
12.473158	15.336533	659.130859	21.994600
12.473158	15.336533	657.304688	20.615013
12.473158	15.336533	655.476563	27.480120
12.473158	15.336533	653.650391	27.473557
12.473158	15.336533	651.822266	23.346945
12.473158	15.336533	649.994141	26.087408
12.473158	15.336533	648.166016	23.335787
12.473158	15.336533	646.335938	27.447306
12.473158	15.336533	644.507813	34.300930
12.473158	15.336533	642.677734	27.434185
12.473158	15.336533	640.847656	28.799006
12.473158	15.336533	639.015625	30.163172
12.473158	15.336533	637.185547	23.302332
12.473158	15.336533	635.353516	20.555962
12.473158	15.336533	633.521484	23.291183
12.473158	15.336533	631.689453	31.504061
12.473158	15.336533	629.855469	26.018866
12.473158	15.336533	628.023438	24.643551
12.473158	15.336533	626.189453	20.531376
12.473158	15.336533	624.355469	34.210770
12.473158	15.336533	622.519531	23.257751
12.473158	15.336533	620.685547	28.723284
12.473158	15.336533	618.849609	19.144270
12.473158	15.336533	617.013672	31.443766
12.473158	15.336533	615.177734	24.602268
12.473158	15.336533	613.339844	25.962839
12.473158	15.336533	611.503906	32.787304
12.473158	15.336533	609.666016	23.218775
12.473158	15.336533	607.828125	23.213209
12.473158	15.336533	605.988281	31.398577
12.473158	15.336533	604.150391	24.566906
12.473158	15.336533	602.310547	23.196514
12.473158	15.336533	600.470703	27.283472
12.473158	15.336533	598.628906	28.640774
12.473158	15.336533	596.789063	24.543344
12.473158	15.336533	594.947266	21.811071
12.473158	15.336533	593.105469	14.991513
12.473158	15.336533	591.263672	25.888218
12.473158	15.336533	589.421875	23.157581
12.473158	15.336533	587.578125	23.152023
12.473158	15.336533	585.734375	24.508020
12.473158	15.336533	583.890625	24.502136
12.473158	15.336533	582.046875	20.413544
12.473158	15.336533	580.201172	20.408640
12.473158	15.336533	578.355469	21.763987
12.473158	15.336533	576.509766	13.599223
12.473158	15.336533	574.664063	24.472721
12.473158	15.336533	572.818359	17.670496
12.473158	15.336533	570.970703	20.384132
12.473158	15.336533	569.123047	21.737848
12.473158	15.336533	567.275391	17.657755
12.473158	15.336533	565.427734	24.443321
12.473158	15.336533	563.578125	17.649265
12.473158	15.336533	561.728516	19.002331
12.473158	15.336533	559.878906	20.354742
12.473158	15.336533	558.029297	20.349846
12.473158	15.336533	556.177734	18.988621
12.473158	15.336533	554.328125	35.256096
12.473158	15.336533	552.476563	27.113548
12.473158	15.336533	550.625000	23.040970
12.473158	15.336533	548.771484	27.100498
12.473158	15.336533	546.919922	24.384577
12.473158	15.336533	545.066406	17.606844
12.473158	15.336533	543.212891	36.559258
12.473158	15.336533	541.357422	29.781851
12.473158	15.336533	539.503906	32.481468
12.473158	15.336533	537.648438	40.592052
12.473158	15.336533	535.792969	37.876789
12.473158	15.336533	533.937500	40.572498
12.473158	15.336533	532.080078	47.323177
12.473158	15.336533	530.224609	50.015305
12.473158	15.336533	528.367188	63.517643
12.473158	15.336533	526.507813	99.982399
12.473158	15.336533	524.650391	163.445328
12.473158	15.336533	522.791016	344.367859
12.473158	15.336533	520.933594	565.707214
12.473158	15.336533	519.074219	498.080261
12.473158	15.336533	517.212891	246.955841
12.473158	15.336533	515.353516	125.471886
12.473158	15.336533	513.492188	90.371918
12.473158	15.336533	511.630859	75.516518
12.473158	15.336533	509.769531	64.712830
12.473158	15.336533	507.906250	51.218628
12.473158	15.336533	506.044922	57.943935
12.473158	15.336533	504.181641	45.805077
12.473158	15.336533	502.318359	49.834671
12.473158	15.336533	500.453125	52.515759
12.473158	15.336533	498.589844	47.118149
12.473158	15.336533	496.724609	45.760864
12.473158	15.336533	494.859375	55.168896
12.473158	15.336533	492.992188	59.191349
12.473158	15.336533	491.126953	49.762524
12.473158	15.336533	489.259766	45.716679
12.473158	15.336533	487.392578	51.082771
12.473158	15.336533	485.525391	51.070431
12.473158	15.336533	483.656250	37.621750
12.473158	15.336533	481.789063	34.926044
12.473158	15.336533	479.919922	37.603573
12.473158	15.336533	478.050781	40.279804
12.473158	15.336533	476.179688	28.189049
12.473158	15.336533	474.310547	28.182236
12.473158	15.336533	472.439453	28.175423
12.473158	15.336533	470.568359	34.875423
12.473158	15.336533	468.695313	38.890106
12.473158	15.336533	466.824219	22.792137
12.473158	15.336533	464.951172	30.828962
12.473158	15.336533	463.078125	32.161572
12.473158	15.336533	461.205078	33.493534
12.473158	15.336533	459.330078	29.467182
12.473158	15.336533	457.457031	30.799147
12.473158	15.336533	455.582031	28.114157
12.473158	15.336533	453.707031	24.092018
12.473158	15.336533	451.830078	18.733704
12.473158	15.336533	449.955078	20.066967
12.473158	15.336533	448.078125	24.074533
12.473158	15.336533	446.201172	26.743008
12.473158	15.336533	444.322266	20.052401
12.473158	15.336533	442.445313	25.393559
12.473158	15.336533	440.566406	29.395950
12.473158	15.336533	438.687500	26.717121
12.473158	15.336533	436.808594	28.046185
12.473158	15.336533	434.927734	28.039394
12.473158	15.336533	433.048828	22.693060
12.473158	15.336533	431.167969	29.360376
12.473158	15.336533	429.285156	24.016308
12.473158	15.336533	427.404297	22.676575
12.473158	15.336533	425.521484	26.671862
12.473158	15.336533	423.638672	30.665209
12.473158	15.336533	421.755859	27.991886
12.473158	15.336533	419.873047	18.656736
12.473158	15.336533	417.988281	14.655313
12.473158	15.336533	416.105469	25.307587
12.473158	15.336533	414.220703	30.628075
12.473158	15.336533	412.333984	23.963989
12.473158	15.336533	410.449219	27.951210
12.473158	15.336533	408.562500	30.605810
12.473158	15.336533	406.675781	31.928755
12.473158	15.336533	404.789063	29.260931
12.473158	15.336533	402.900391	43.880756
12.473158	15.336533	401.013672	47.858307
12.473158	15.336533	399.125000	54.492077
12.473158	15.336533	397.236328	70.423897
12.473158	15.336533	395.345703	71.735252
12.473158	15.336533	393.457031	65.077309
12.473158	15.336533	391.566406	59.750381
12.473158	15.336533	389.675781	69.028137
12.473158	15.336533	387.783203	54.412830
12.473158	15.336533	385.892578	43.785069
12.473158	15.336533	384.000000	42.447948
12.473158	15.336533	382.107422	47.742355
12.473158	15.336533	380.214844	42.427353
12.473158	15.336533	378.320313	55.672390
12.473158	15.336533	376.425781	54.333668
12.473158	15.336533	374.531250	82.143173
12.473158	15.336533	372.636719	59.605576
12.473158	15.336533	370.742188	48.997135
12.473158	15.336533	368.845703	51.633095
12.473158	15.336533	366.949219	47.649750
12.473158	15.336533	365.052734	46.314899
12.473158	15.336533	363.154297	51.595505
12.473158	15.336533	361.257813	52.905621
12.473158	15.336533	359.359375	54.215096
12.473158	15.336533	357.460938	52.879932
12.473158	15.336533	355.560547	55.510448
12.473158	15.336533	353.662109	56.818329
12.473158	15.336533	351.761719	52.841423
12.473158	15.336533	349.861328	48.866447
12.473158	15.336533	347.960938	47.534187
12.473158	15.336533	346.058594	46.202572
12.473158	15.336533	344.156250	47.511105
12.473158	15.336533	342.253906	40.902401
12.473158	15.336533	340.351563	36.935131
12.473158	15.336533	338.449219	36.926163
12.473158	15.336533	336.544922	38.235664
12.473158	15.336533	334.640625	35.590073
12.473158	15.336533	332.736328	39.534920
12.473158	15.336533	330.832031	32.937763
12.473158	15.336533	328.925781	36.881332
12.473158	15.336533	327.019531	31.604891
12.473158	15.336533	325.113281	40.813065
12.473158	15.336533	323.207031	35.538227
12.473158	15.336533	321.298828	35.529591
12.473158	15.336533	319.390625	28.943005
12.473158	15.336533	317.482422	34.197056
12.473158	15.336533	315.574219	39.448555
12.473158	15.336533	313.664063	28.921909
12.473158	15.336533	311.753906	26.286257
12.473158	15.336533	309.843750	36.791817
12.473158	15.336533	307.933594	31.528177
12.473158	15.336533	306.023438	31.520515
12.473158	15.336533	304.111328	27.573748
12.473158	15.336533	302.199219	34.130630
12.473158	15.336533	300.287109	30.185141
12.473158	15.336533	298.373047	30.177805
12.473158	15.336533	296.458984	32.793987
12.473158	15.336533	294.546875	30.163136
12.473158	15.336533	292.630859	27.533560
12.473158	15.336533	290.716797	31.459276
12.473158	15.336533	288.800781	35.383083
12.473158	15.336533	286.884766	53.716805
12.473158	15.336533	284.968750	57.633289
12.473158	15.336533	283.052734	53.690693
12.473158	15.336533	281.134766	61.532906
12.473158	15.336533	279.218750	57.591267
12.473158	15.336533	277.298828	54.960117
12.473158	15.336533	275.380859	57.563271
12.473158	15.336533	273.462891	58.857212
12.473158	15.336533	271.542969	53.612423
12.473158	15.336533	269.623047	81.052734
12.473158	15.336533	267.701172	88.874931
12.473158	15.336533	265.781250	107.146660
12.473158	15.336533	263.859375	160.680908
12.473158	15.336533	261.937500	246.839905
12.473158	15.336533	260.015625	291.174164
12.473158	15.336533	258.093750	245.414490
12.473158	15.336533	256.169922	219.253250
12.473158	15.336533	254.246094	208.761841
12.473158	15.336533	252.322266	422.639954
12.473158	15.336533	250.396484	1460.622437
12.473158	15.336533	248.472656	2010.475098
12.473158	15.336533	246.546875	861.608887
12.473158	15.336533	244.621094	393.559204
12.473158	15.336533	242.693359	248.846115
12.473158	15.336533	240.767578	192.776291
12.473158	15.336533	238.839844	145.849289
12.473158	15.336533	236.912109	121.077553
12.473158	15.336533	234.982422	111.936966
12.473158	15.336533	233.054688	94.993156
12.473158	15.336533	231.125000	75.455666
12.473158	15.336533	229.195313	61.130241
12.473158	15.336533	227.263672	74.118652
12.473158	15.336533	225.333984	80.600685
12.473158	15.336533	223.402344	80.581093
12.473158	15.336533	221.470703	76.663361
12.473158	15.336533	219.539063	72.747536
12.473158	15.336533	217.605469	74.028595
12.473158	15.336533	215.673828	76.607460
12.473158	15.336533	213.740234	70.098259
12.473158	15.336533	211.804688	76.570213
12.473158	15.336533	209.871094	66.171722
12.473158	15.336533	207.935547	50.589603
12.473158	15.336533	206.000000	59.655285
12.473158	15.336533	204.064453	45.378857
12.473158	15.336533	202.128906	36.294258
12.473158	15.336533	200.191406	36.285439
12.473158	15.336533	198.253906	34.981022
12.473158	15.336533	196.316406	25.905571
12.473158	15.336533	194.376953	23.309347
12.473158	15.336533	192.439453	27.187628
12.473158	15.336533	190.500000	27.181019
12.473158	15.336533	188.560547	21.998335
12.473158	15.336533	186.619141	25.874104
12.473158	15.336533	184.679688	25.867815
12.473158	15.336533	182.738281	21.982298
12.473158	15.336533	180.796875	27.148005
12.473158	15.336533	178.855469	20.679167
12.473158	15.336533	176.912109	21.966276
12.473158	15.336533	174.968750	20.669119
12.473158	15.336533	173.025391	27.121626
12.473158	15.336533	171.082031	32.279804
12.473158	15.336533	169.136719	25.817570
12.473158	15.336533	167.193359	27.101860
12.473158	15.336533	165.246094	18.063517
12.473158	15.336533	163.300781	24.508818
12.473158	15.336533	161.355469	23.213240
12.473158	15.336533	159.408203	27.075533
12.473158	15.336533	157.460938	25.779959
12.473158	15.336533	155.513672	30.928434
12.473158	15.336533	153.564453	23.190691
12.473158	15.336533	151.617188	32.201469
12.473158	15.336533	149.667969	29.618158
12.473158	15.336533	147.716797	33.473263
12.473158	15.336533	145.767578	41.187859
12.473158	15.336533	143.816406	45.038280
12.473158	15.336533	141.865234	43.740849
12.473158	15.336533	139.914063	60.450607
12.473158	15.336533	137.962891	66.865280
12.473158	15.336533	136.009766	71.991280
12.473158	15.336533	134.056641	52.695107
12.473158	15.336533	132.103516	43.687771
12.473158	15.336533	130.150391	53.954147
12.473158	15.336533	128.195313	55.225361
12.473158	15.336533	126.240234	57.779953
12.473158	15.336533	124.285156	43.645367
12.473158	15.336533	122.330078	46.201527
12.473158	15.336533	120.373047	47.473377
12.473158	15.336533	118.416016	59.006634
12.473158	15.336533	116.458984	47.450340
12.473158	15.336533	114.501953	43.592434
12.473158	15.336533	112.542969	42.300037
12.473158	15.336533	110.583984	32.037708
12.473158	15.336533	108.625000	24.342752
12.473158	15.336533	106.666016	24.336847
12.473158	15.336533	104.705078	16.647488
12.473158	15.336533	102.746094	17.923716
12.473158	15.336533	100.785156	6.399775
12.473158	15.336533	98.822266	6.398222
12.473158	15.336533	96.861328	5.117337
12.473158	15.336533	94.898438	3.837072
12.473158	15.336533	92.935547	2.557428
12.473158	15.336533	90.972656	-1.278404
12.473158	15.336533	89.007813	2.556188
12.473158	15.336533	87.044922	2.555568
12.473158	15.336533	85.080078	2.554949
12.473158	15.336533	83.113281	0.000000
12.473158	15.336533	81.148438	1.276855
12.473158	15.336533	79.181641	-1.276546
12.473158	15.336533	77.214844	3.828709
12.473158	15.336533	75.248047	1.275927
12.473158	15.336533	73.281250	2.551236
12.473158	15.336533	71.312500	2.550618
12.473158	15.336533	69.343750	2.550000
12.473158	15.336533	67.375000	0.000000
12.473158	15.336533	65.404297	0.000000
12.473158	15.336533	63.435547	-3.822222
12.473158	15.336533	61.464844	-1.273766
12.473158	15.336533	59.494141	0.000000
