#X		#Y		#Wave		#Intensity
-31.574329	-5.752732	1838.626953	19.285784
-31.574329	-5.752732	1837.066406	20.892931
-31.574329	-5.752732	1835.503906	20.888487
-31.574329	-5.752732	1833.941406	19.277576
-31.574329	-5.752732	1832.378906	24.091843
-31.574329	-5.752732	1830.816406	28.904058
-31.574329	-5.752732	1829.251953	20.870712
-31.574329	-5.752732	1827.687500	20.866270
-31.574329	-5.752732	1826.125000	24.071342
-31.574329	-5.752732	1824.560547	22.461803
-31.574329	-5.752732	1822.994141	20.852951
-31.574329	-5.752732	1821.429688	24.055977
-31.574329	-5.752732	1819.865234	27.257637
-31.574329	-5.752732	1818.298828	22.442688
-31.574329	-5.752732	1816.732422	17.629787
-31.574329	-5.752732	1815.166016	12.818934
-31.574329	-5.752732	1813.599609	17.622284
-31.574329	-5.752732	1812.033203	16.016848
-31.574329	-5.752732	1810.464844	28.824188
-31.574329	-5.752732	1808.896484	33.621059
-31.574329	-5.752732	1807.330078	25.610594
-31.574329	-5.752732	1805.759766	33.606747
-31.574329	-5.752732	1804.191406	14.399826
-31.574329	-5.752732	1802.623047	28.793520
-31.574329	-5.752732	1801.052734	17.592293
-31.574329	-5.752732	1799.484375	19.187508
-31.574329	-5.752732	1797.914063	22.380657
-31.574329	-5.752732	1796.343750	23.974171
-31.574329	-5.752732	1794.771484	19.175253
-31.574329	-5.752732	1793.201172	20.768766
-31.574329	-5.752732	1791.628906	19.167086
-31.574329	-5.752732	1790.058594	22.356838
-31.574329	-5.752732	1788.486328	20.755501
-31.574329	-5.752732	1786.914063	20.751080
-31.574329	-5.752732	1785.339844	20.746660
-31.574329	-5.752732	1783.767578	14.360012
-31.574329	-5.752732	1782.193359	20.737822
-31.574329	-5.752732	1780.621094	25.518036
-31.574329	-5.752732	1779.046875	22.323524
-31.574329	-5.752732	1777.470703	20.724571
-31.574329	-5.752732	1775.896484	28.689445
-31.574329	-5.752732	1774.322266	22.309259
-31.574329	-5.752732	1772.746094	20.711327
-31.574329	-5.752732	1771.169922	19.114075
-31.574329	-5.752732	1769.593750	22.295000
-31.574329	-5.752732	1768.017578	20.698090
-31.574329	-5.752732	1766.441406	25.469141
-31.574329	-5.752732	1764.863281	17.506304
-31.574329	-5.752732	1763.287109	25.458286
-31.574329	-5.752732	1761.708984	28.634466
-31.574329	-5.752732	1760.130859	25.447433
-31.574329	-5.752732	1758.552734	20.671633
-31.574329	-5.752732	1756.972656	20.667225
-31.574329	-5.752732	1755.394531	25.431162
-31.574329	-5.752732	1753.814453	25.425739
-31.574329	-5.752732	1752.234375	27.009087
-31.574329	-5.752732	1750.654297	23.826466
-31.574329	-5.752732	1749.074219	20.645201
-31.574329	-5.752732	1747.492188	23.816303
-31.574329	-5.752732	1745.912109	15.874149
-31.574329	-5.752732	1744.330078	22.219069
-31.574329	-5.752732	1742.748047	17.454117
-31.574329	-5.752732	1741.166016	25.382389
-31.574329	-5.752732	1739.583984	22.204851
-31.574329	-5.752732	1738.000000	23.785837
-31.574329	-5.752732	1736.417969	22.195377
-31.574329	-5.752732	1734.833984	25.360733
-31.574329	-5.752732	1733.250000	17.431784
-31.574329	-5.752732	1731.666016	20.596802
-31.574329	-5.752732	1730.082031	23.760468
-31.574329	-5.752732	1728.496094	12.669545
-31.574329	-5.752732	1726.912109	28.500391
-31.574329	-5.752732	1725.326172	23.745255
-31.574329	-5.752732	1723.740234	28.488222
-31.574329	-5.752732	1722.154297	20.570435
-31.574329	-5.752732	1720.566406	28.476059
-31.574329	-5.752732	1718.980469	23.724981
-31.574329	-5.752732	1717.392578	23.719915
-31.574329	-5.752732	1715.804688	25.295839
-31.574329	-5.752732	1714.216797	25.290436
-31.574329	-5.752732	1712.628906	25.285032
-31.574329	-5.752732	1711.041016	20.539700
-31.574329	-5.752732	1709.451172	31.592789
-31.574329	-5.752732	1707.861328	25.268829
-31.574329	-5.752732	1706.271484	14.210680
-31.574329	-5.752732	1704.681641	17.364897
-31.574329	-5.752732	1703.091797	26.830923
-31.574329	-5.752732	1701.501953	28.403141
-31.574329	-5.752732	1699.910156	23.664225
-31.574329	-5.752732	1698.318359	12.618221
-31.574329	-5.752732	1696.726563	18.923286
-31.574329	-5.752732	1695.134766	14.189430
-31.574329	-5.752732	1693.542969	18.915194
-31.574329	-5.752732	1691.949219	17.335220
-31.574329	-5.752732	1690.357422	20.482697
-31.574329	-5.752732	1688.763672	20.478315
-31.574329	-5.752732	1687.169922	25.198690
-31.574329	-5.752732	1685.576172	18.894974
-31.574329	-5.752732	1683.982422	20.465176
-31.574329	-5.752732	1682.386719	22.034704
-31.574329	-5.752732	1680.791016	17.309277
-31.574329	-5.752732	1679.195313	28.318211
-31.574329	-5.752732	1677.599609	20.447662
-31.574329	-5.752732	1676.003906	18.870726
-31.574329	-5.752732	1674.408203	22.011133
-31.574329	-5.752732	1672.810547	25.150196
-31.574329	-5.752732	1671.214844	20.430159
-31.574329	-5.752732	1669.617188	15.712141
-31.574329	-5.752732	1668.019531	23.563164
-31.574329	-5.752732	1666.419922	23.558117
-31.574329	-5.752732	1664.822266	15.702047
-31.574329	-5.752732	1663.222656	9.419210
-31.574329	-5.752732	1661.623047	15.695320
-31.574329	-5.752732	1660.023438	14.122762
-31.574329	-5.752732	1658.423828	17.257454
-31.574329	-5.752732	1656.824219	17.253756
-31.574329	-5.752732	1655.222656	21.954618
-31.574329	-5.752732	1653.623047	18.814211
-31.574329	-5.752732	1652.021484	20.377691
-31.574329	-5.752732	1650.419922	23.507681
-31.574329	-5.752732	1648.818359	14.101583
-31.574329	-5.752732	1647.214844	18.798080
-31.574329	-5.752732	1645.613281	15.661707
-31.574329	-5.752732	1644.009766	32.882530
-31.574329	-5.752732	1642.406250	23.482481
-31.574329	-5.752732	1640.802734	29.738096
-31.574329	-5.752732	1639.199219	20.342752
-31.574329	-5.752732	1637.593750	17.209404
-31.574329	-5.752732	1635.990234	10.949088
-31.574329	-5.752732	1634.384766	20.329657
-31.574329	-5.752732	1632.779297	18.761808
-31.574329	-5.752732	1631.173828	20.320929
-31.574329	-5.752732	1629.568359	23.442190
-31.574329	-5.752732	1627.960938	12.499817
-31.574329	-5.752732	1626.353516	21.869982
-31.574329	-5.752732	1624.748047	23.427090
-31.574329	-5.752732	1623.140625	14.053234
-31.574329	-5.752732	1621.531250	15.611350
-31.574329	-5.752732	1619.923828	20.290394
-31.574329	-5.752732	1618.314453	18.725569
-31.574329	-5.752732	1616.707031	28.082317
-31.574329	-5.752732	1615.097656	24.956694
-31.574329	-5.752732	1613.488281	23.391870
-31.574329	-5.752732	1611.878906	12.472982
-31.574329	-5.752732	1610.267578	23.381813
-31.574329	-5.752732	1608.656250	18.701427
-31.574329	-5.752732	1607.046875	15.581170
-31.574329	-5.752732	1605.435547	23.366728
-31.574329	-5.752732	1603.824219	29.591488
-31.574329	-5.752732	1602.210938	23.356674
-31.574329	-5.752732	1600.599609	28.021976
-31.574329	-5.752732	1598.986328	20.233740
-31.574329	-5.752732	1597.373047	20.229383
-31.574329	-5.752732	1595.759766	21.780800
-31.574329	-5.752732	1594.146484	17.109800
-31.574329	-5.752732	1592.533203	18.661219
-31.574329	-5.752732	1590.917969	21.766733
-31.574329	-5.752732	1589.302734	26.425339
-31.574329	-5.752732	1587.687500	15.540969
-31.574329	-5.752732	1586.072266	26.413954
-31.574329	-5.752732	1584.457031	20.194553
-31.574329	-5.752732	1582.839844	15.530924
-31.574329	-5.752732	1581.224609	18.633093
-31.574329	-5.752732	1579.607422	18.629076
-31.574329	-5.752732	1577.990234	20.177147
-31.574329	-5.752732	1576.373047	18.621042
-31.574329	-5.752732	1574.755859	13.962770
-31.574329	-5.752732	1573.136719	18.613012
-31.574329	-5.752732	1571.517578	21.710495
-31.574329	-5.752732	1569.898438	17.054567
-31.574329	-5.752732	1568.279297	15.500806
-31.574329	-5.752732	1566.660156	23.246191
-31.574329	-5.752732	1565.041016	21.691763
-31.574329	-5.752732	1563.419922	17.039848
-31.574329	-5.752732	1561.798828	20.133654
-31.574329	-5.752732	1560.177734	17.032490
-31.574329	-5.752732	1558.556641	24.769182
-31.574329	-5.752732	1556.935547	20.120613
-31.574329	-5.752732	1555.312500	13.926646
-31.574329	-5.752732	1553.691406	21.658991
-31.574329	-5.752732	1552.068359	20.107574
-31.574329	-5.752732	1550.445313	17.010424
-31.574329	-5.752732	1548.822266	15.460680
-31.574329	-5.752732	1547.197266	9.274403
-31.574329	-5.752732	1545.574219	15.453995
-31.574329	-5.752732	1543.949219	21.630915
-31.574329	-5.752732	1542.324219	15.447311
-31.574329	-5.752732	1540.699219	29.343544
-31.574329	-5.752732	1539.072266	21.616880
-31.574329	-5.752732	1537.447266	30.874577
-31.574329	-5.752732	1535.820313	18.520737
-31.574329	-5.752732	1534.193359	13.887547
-31.574329	-5.752732	1532.566406	18.512720
-31.574329	-5.752732	1530.939453	21.593496
-31.574329	-5.752732	1529.312500	15.420587
-31.574329	-5.752732	1527.683594	18.500696
-31.574329	-5.752732	1526.056641	16.955297
-31.574329	-5.752732	1524.427734	16.951626
-31.574329	-5.752732	1522.798828	18.488674
-31.574329	-5.752732	1521.167969	15.403891
-31.574329	-5.752732	1519.539063	29.261047
-31.574329	-5.752732	1517.908203	16.936934
-31.574329	-5.752732	1516.277344	29.248362
-31.574329	-5.752732	1514.646484	15.390537
-31.574329	-5.752732	1513.015625	13.848479
-31.574329	-5.752732	1511.384766	19.999020
-31.574329	-5.752732	1509.751953	18.456629
-31.574329	-5.752732	1508.121094	15.377187
-31.574329	-5.752732	1506.488281	21.523390
-31.574329	-5.752732	1504.855469	21.518717
-31.574329	-5.752732	1503.220703	16.903894
-31.574329	-5.752732	1501.587891	16.900223
-31.574329	-5.752732	1499.953125	16.896553
-31.574329	-5.752732	1498.318359	16.892883
-31.574329	-5.752732	1496.683594	21.495363
-31.574329	-5.752732	1495.048828	23.025743
-31.574329	-5.752732	1493.414063	26.090172
-31.574329	-5.752732	1491.777344	15.343824
-31.574329	-5.752732	1490.140625	19.942636
-31.574329	-5.752732	1488.505859	18.404585
-31.574329	-5.752732	1486.867188	19.933964
-31.574329	-5.752732	1485.230469	22.995726
-31.574329	-5.752732	1483.593750	18.392580
-31.574329	-5.752732	1481.955078	18.388578
-31.574329	-5.752732	1480.316406	16.852530
-31.574329	-5.752732	1478.677734	15.317147
-31.574329	-5.752732	1477.039063	15.313813
-31.574329	-5.752732	1475.400391	26.027815
-31.574329	-5.752732	1473.759766	18.368574
-31.574329	-5.752732	1472.119141	24.486099
-31.574329	-5.752732	1470.478516	21.420671
-31.574329	-5.752732	1468.837891	21.416004
-31.574329	-5.752732	1467.197266	19.881956
-31.574329	-5.752732	1465.556641	16.819529
-31.574329	-5.752732	1463.914063	24.459436
-31.574329	-5.752732	1462.271484	10.698670
-31.574329	-5.752732	1460.628906	24.448772
-31.574329	-5.752732	1458.986328	15.277150
-31.574329	-5.752732	1457.343750	22.910728
-31.574329	-5.752732	1455.699219	29.013926
-31.574329	-5.752732	1454.054688	21.374018
-31.574329	-5.752732	1452.410156	22.895735
-31.574329	-5.752732	1450.765625	16.786541
-31.574329	-5.752732	1449.121094	16.782877
-31.574329	-5.752732	1447.474609	13.728447
-31.574329	-5.752732	1445.830078	19.825647
-31.574329	-5.752732	1444.183594	19.821318
-31.574329	-5.752732	1442.537109	22.865755
-31.574329	-5.752732	1440.890625	12.192405
-31.574329	-5.752732	1439.242188	22.855764
-31.574329	-5.752732	1437.595703	21.327383
-31.574329	-5.752732	1435.947266	22.845774
-31.574329	-5.752732	1434.298828	19.795341
-31.574329	-5.752732	1432.650391	19.791012
-31.574329	-5.752732	1431.000000	15.220526
-31.574329	-5.752732	1429.351563	21.304073
-31.574329	-5.752732	1427.701172	10.649706
-31.574329	-5.752732	1426.050781	12.168429
-31.574329	-5.752732	1424.400391	25.852253
-31.574329	-5.752732	1422.750000	19.765041
-31.574329	-5.752732	1421.097656	15.200549
-31.574329	-5.752732	1419.447266	22.795830
-31.574329	-5.752732	1417.794922	24.310226
-31.574329	-5.752732	1416.142578	22.785845
-31.574329	-5.752732	1414.490234	19.743404
-31.574329	-5.752732	1412.835938	13.665515
-31.574329	-5.752732	1411.183594	13.662519
-31.574329	-5.752732	1409.529297	21.248148
-31.574329	-5.752732	1407.875000	22.760881
-31.574329	-5.752732	1406.220703	18.204712
-31.574329	-5.752732	1404.566406	18.200718
-31.574329	-5.752732	1402.910156	19.713120
-31.574329	-5.752732	1401.255859	15.160609
-31.574329	-5.752732	1399.599609	15.157282
-31.574329	-5.752732	1397.943359	13.638559
-31.574329	-5.752732	1396.287109	19.695816
-31.574329	-5.752732	1394.628906	21.206221
-31.574329	-5.752732	1392.970703	22.715960
-31.574329	-5.752732	1391.314453	12.112516
-31.574329	-5.752732	1389.656250	19.678514
-31.574329	-5.752732	1387.998047	16.647392
-31.574329	-5.752732	1386.337891	21.182932
-31.574329	-5.752732	1384.679688	16.640072
-31.574329	-5.752732	1383.019531	25.710821
-31.574329	-5.752732	1381.359375	22.681028
-31.574329	-5.752732	1379.699219	19.652567
-31.574329	-5.752732	1378.039063	21.159647
-31.574329	-5.752732	1376.376953	18.132849
-31.574329	-5.752732	1374.716797	15.107381
-31.574329	-5.752732	1373.054688	18.124866
-31.574329	-5.752732	1371.392578	22.651094
-31.574329	-5.752732	1369.728516	24.155846
-31.574329	-5.752732	1368.066406	19.622301
-31.574329	-5.752732	1366.402344	19.617977
-31.574329	-5.752732	1364.740234	30.174854
-31.574329	-5.752732	1363.076172	22.626152
-31.574329	-5.752732	1361.412109	15.080776
-31.574329	-5.752732	1359.746094	18.092941
-31.574329	-5.752732	1358.082031	21.103777
-31.574329	-5.752732	1356.416016	18.084961
-31.574329	-5.752732	1354.750000	13.560728
-31.574329	-5.752732	1353.083984	21.089811
-31.574329	-5.752732	1351.417969	25.603405
-31.574329	-5.752732	1349.750000	22.586252
-31.574329	-5.752732	1348.083984	18.065012
-31.574329	-5.752732	1346.416016	15.050852
-31.574329	-5.752732	1344.748047	13.542775
-31.574329	-5.752732	1343.078125	24.070724
-31.574329	-5.752732	1341.410156	21.057230
-31.574329	-5.752732	1339.740234	21.052576
-31.574329	-5.752732	1338.072266	21.047922
-31.574329	-5.752732	1336.402344	16.533997
-31.574329	-5.752732	1334.730469	15.027582
-31.574329	-5.752732	1333.060547	18.029110
-31.574329	-5.752732	1331.388672	12.016747
-31.574329	-5.752732	1329.718750	24.028177
-31.574329	-5.752732	1328.046875	22.521431
-31.574329	-5.752732	1326.375000	18.013157
-31.574329	-5.752732	1324.701172	22.511459
-31.574329	-5.752732	1323.029297	21.006042
-31.574329	-5.752732	1321.355469	22.501490
-31.574329	-5.752732	1319.681641	17.997204
-31.574329	-5.752732	1318.007813	16.493780
-31.574329	-5.752732	1316.333984	14.991023
-31.574329	-5.752732	1314.660156	11.990160
-31.574329	-5.752732	1312.984375	16.482815
-31.574329	-5.752732	1311.308594	14.981053
-31.574329	-5.752732	1309.632813	17.973276
-31.574329	-5.752732	1307.957031	16.471849
-31.574329	-5.752732	1306.279297	22.456627
-31.574329	-5.752732	1304.603516	25.445196
-31.574329	-5.752732	1302.925781	20.950214
-31.574329	-5.752732	1301.248047	19.449451
-31.574329	-5.752732	1299.570313	23.932470
-31.574329	-5.752732	1297.892578	20.936260
-31.574329	-5.752732	1296.212891	19.436495
-31.574329	-5.752732	1294.533203	14.947826
-31.574329	-5.752732	1292.853516	25.405657
-31.574329	-5.752732	1291.173828	19.423536
-31.574329	-5.752732	1289.494141	16.431646
-31.574329	-5.752732	1287.812500	22.401806
-31.574329	-5.752732	1286.132813	19.410580
-31.574329	-5.752732	1284.451172	17.913473
-31.574329	-5.752732	1282.769531	25.371771
-31.574329	-5.752732	1281.085938	19.397625
-31.574329	-5.752732	1279.404297	10.442550
-31.574329	-5.752732	1277.720703	22.371908
-31.574329	-5.752732	1276.039063	25.349182
-31.574329	-5.752732	1274.355469	20.871147
-31.574329	-5.752732	1272.669922	20.866497
-31.574329	-5.752732	1270.986328	16.391451
-31.574329	-5.752732	1269.300781	16.387796
-31.574329	-5.752732	1267.615234	20.852547
-31.574329	-5.752732	1265.929688	19.358761
-31.574329	-5.752732	1264.244141	25.309656
-31.574329	-5.752732	1262.558594	17.861654
-31.574329	-5.752732	1260.871094	22.322086
-31.574329	-5.752732	1259.185547	26.780525
-31.574329	-5.752732	1257.498047	8.924849
-31.574329	-5.752732	1255.808594	17.845713
-31.574329	-5.752732	1254.121094	17.841726
-31.574329	-5.752732	1252.433594	22.297176
-31.574329	-5.752732	1250.744141	17.833755
-31.574329	-5.752732	1249.054688	17.829771
-31.574329	-5.752732	1247.365234	16.340303
-31.574329	-5.752732	1245.673828	14.851501
-31.574329	-5.752732	1243.984375	17.817816
-31.574329	-5.752732	1242.292969	14.844859
-31.574329	-5.752732	1240.601563	11.873231
-31.574329	-5.752732	1238.910156	17.805862
-31.574329	-5.752732	1237.218750	14.834897
-31.574329	-5.752732	1235.525391	19.281050
-31.574329	-5.752732	1233.833984	13.345430
-31.574329	-5.752732	1232.140625	20.754910
-31.574329	-5.752732	1230.447266	25.196745
-31.574329	-5.752732	1228.753906	20.745613
-31.574329	-5.752732	1227.058594	14.814975
-31.574329	-5.752732	1225.365234	19.255150
-31.574329	-5.752732	1223.669922	25.174168
-31.574329	-5.752732	1221.974609	17.766016
-31.574329	-5.752732	1220.277344	26.643047
-31.574329	-5.752732	1218.582031	23.677397
-31.574329	-5.752732	1216.884766	23.672085
-31.574329	-5.752732	1215.189453	23.666773
-31.574329	-5.752732	1213.492188	11.830730
-31.574329	-5.752732	1211.792969	17.742111
-31.574329	-5.752732	1210.095703	20.694483
-31.574329	-5.752732	1208.396484	25.123371
-31.574329	-5.752732	1206.699219	16.252647
-31.574329	-5.752732	1205.000000	13.294632
-31.574329	-5.752732	1203.298828	16.245342
-31.574329	-5.752732	1201.599609	22.147760
-31.574329	-5.752732	1199.900391	16.238039
-31.574329	-5.752732	1198.199219	25.089510
-31.574329	-5.752732	1196.498047	25.083866
-31.574329	-5.752732	1194.796875	22.127844
-31.574329	-5.752732	1193.093750	14.748576
-31.574329	-5.752732	1191.392578	20.643360
-31.574329	-5.752732	1189.689453	23.587099
-31.574329	-5.752732	1187.986328	22.107927
-31.574329	-5.752732	1186.283203	14.735298
-31.574329	-5.752732	1184.580078	26.517563
-31.574329	-5.752732	1182.875000	14.728660
-31.574329	-5.752732	1181.169922	17.670408
-31.574329	-5.752732	1179.464844	22.083033
-31.574329	-5.752732	1177.759766	16.190573
-31.574329	-5.752732	1176.054688	23.544613
-31.574329	-5.752732	1174.347656	16.183270
-31.574329	-5.752732	1172.642578	17.650494
-31.574329	-5.752732	1170.935547	20.587597
-31.574329	-5.752732	1169.228516	14.702106
-31.574329	-5.752732	1167.519531	20.578302
-31.574329	-5.752732	1165.812500	13.225923
-31.574329	-5.752732	1164.103516	24.976656
-31.574329	-5.752732	1162.394531	17.626598
-31.574329	-5.752732	1160.685547	16.154064
-31.574329	-5.752732	1158.976563	13.213975
-31.574329	-5.752732	1157.265625	20.550425
-31.574329	-5.752732	1155.556641	19.078224
-31.574329	-5.752732	1153.845703	23.475580
-31.574329	-5.752732	1152.134766	20.536488
-31.574329	-5.752732	1150.423828	14.665601
-31.574329	-5.752732	1148.710938	19.060966
-31.574329	-5.752732	1146.998047	21.988445
-31.574329	-5.752732	1145.287109	19.052340
-31.574329	-5.752732	1143.572266	26.374189
-31.574329	-5.752732	1141.859375	19.043711
-31.574329	-5.752732	1140.146484	21.968536
-31.574329	-5.752732	1138.431641	19.035084
-31.574329	-5.752732	1136.716797	24.886393
-31.574329	-5.752732	1135.001953	21.953604
-31.574329	-5.752732	1133.287109	23.411869
-31.574329	-5.752732	1131.570313	23.406559
-31.574329	-5.752732	1129.855469	20.476093
-31.574329	-5.752732	1128.138672	26.320435
-31.574329	-5.752732	1126.421875	16.081060
-31.574329	-5.752732	1124.703125	14.615828
-31.574329	-5.752732	1122.986328	18.996264
-31.574329	-5.752732	1121.267578	20.452869
-31.574329	-5.752732	1119.548828	16.066462
-31.574329	-5.752732	1117.830078	13.142301
-31.574329	-5.752732	1116.111328	16.059162
-31.574329	-5.752732	1114.392578	17.515104
-31.574329	-5.752732	1112.671875	17.511124
-31.574329	-5.752732	1110.951172	18.966072
-31.574329	-5.752732	1109.230469	18.961758
-31.574329	-5.752732	1107.509766	24.790506
-31.574329	-5.752732	1105.787109	26.242800
-31.574329	-5.752732	1104.066406	17.491219
-31.574329	-5.752732	1102.343750	17.487238
-31.574329	-5.752732	1100.621094	20.397133
-31.574329	-5.752732	1098.896484	21.849096
-31.574329	-5.752732	1097.173828	18.931570
-31.574329	-5.752732	1095.449219	17.471315
-31.574329	-5.752732	1093.724609	18.922945
-31.574329	-5.752732	1092.000000	18.918633
-31.574329	-5.752732	1090.275391	18.914322
-31.574329	-5.752732	1088.550781	18.910009
-31.574329	-5.752732	1086.824219	21.814266
-31.574329	-5.752732	1085.097656	23.263243
-31.574329	-5.752732	1083.371094	23.257936
-31.574329	-5.752732	1081.644531	21.799339
-31.574329	-5.752732	1079.916016	15.982534
-31.574329	-5.752732	1078.189453	18.884138
-31.574329	-5.752732	1076.460938	14.522943
-31.574329	-5.752732	1074.732422	18.875515
-31.574329	-5.752732	1073.001953	17.419571
-31.574329	-5.752732	1071.273438	15.964293
-31.574329	-5.752732	1069.542969	17.411612
-31.574329	-5.752732	1067.812500	17.407633
-31.574329	-5.752732	1066.082031	21.754566
-31.574329	-5.752732	1064.351563	13.049755
-31.574329	-5.752732	1062.619141	17.395693
-31.574329	-5.752732	1060.888672	20.290333
-31.574329	-5.752732	1059.156250	18.836712
-31.574329	-5.752732	1057.421875	21.729694
-31.574329	-5.752732	1055.689453	21.724720
-31.574329	-5.752732	1053.957031	17.375797
-31.574329	-5.752732	1052.222656	20.267120
-31.574329	-5.752732	1050.488281	21.709799
-31.574329	-5.752732	1048.753906	21.704824
-31.574329	-5.752732	1047.019531	20.253193
-31.574329	-5.752732	1045.283203	20.248552
-31.574329	-5.752732	1043.546875	20.243910
-31.574329	-5.752732	1041.810547	20.239267
-31.574329	-5.752732	1040.074219	27.461277
-31.574329	-5.752732	1038.337891	23.119982
-31.574329	-5.752732	1036.599609	23.114677
-31.574329	-5.752732	1034.861328	24.553707
-31.574329	-5.752732	1033.123047	27.436081
-31.574329	-5.752732	1031.384766	28.873453
-31.574329	-5.752732	1029.646484	25.980141
-31.574329	-5.752732	1027.906250	17.316116
-31.574329	-5.752732	1026.167969	21.640173
-31.574329	-5.752732	1024.427734	24.519894
-31.574329	-5.752732	1022.685547	18.746197
-31.574329	-5.752732	1020.945313	18.741888
-31.574329	-5.752732	1019.203125	18.737577
-31.574329	-5.752732	1017.462891	25.938372
-31.574329	-5.752732	1015.720703	25.932405
-31.574329	-5.752732	1013.976563	24.486082
-31.574329	-5.752732	1012.234375	25.920473
-31.574329	-5.752732	1010.490234	23.035116
-31.574329	-5.752732	1008.746094	30.226631
-31.574329	-5.752732	1007.001953	21.585478
-31.574329	-5.752732	1005.257813	17.264406
-31.574329	-5.752732	1003.513672	25.890642
-31.574329	-5.752732	1001.767578	27.322714
-31.574329	-5.752732	1000.021484	35.942654
-31.574329	-5.752732	998.275391	25.872746
-31.574329	-5.752732	996.529297	35.926086
-31.574329	-5.752732	994.781250	30.170952
-31.574329	-5.752732	993.035156	34.473133
-31.574329	-5.752732	991.287109	37.337280
-31.574329	-5.752732	989.539063	41.635818
-31.574329	-5.752732	987.789063	38.755436
-31.574329	-5.752732	986.041016	37.311432
-31.574329	-5.752732	984.291016	31.563923
-31.574329	-5.752732	982.541016	41.597382
-31.574329	-5.752732	980.791016	47.324017
-31.574329	-5.752732	979.041016	27.240866
-31.574329	-5.752732	977.289063	44.435352
-31.574329	-5.752732	975.537109	45.858147
-31.574329	-5.752732	973.785156	44.414810
-31.574329	-5.752732	972.033203	35.810112
-31.574329	-5.752732	970.281250	38.665977
-31.574329	-5.752732	968.527344	27.203096
-31.574329	-5.752732	966.773438	42.942322
-31.574329	-5.752732	965.019531	31.483747
-31.574329	-5.752732	963.265625	35.768703
-31.574329	-5.752732	961.511719	40.051674
-31.574329	-5.752732	959.755859	35.752144
-31.574329	-5.752732	958.000000	27.165335
-31.574329	-5.752732	956.244141	31.447311
-31.574329	-5.752732	954.488281	35.727299
-31.574329	-5.752732	952.730469	35.719021
-31.574329	-5.752732	950.974609	28.568592
-31.574329	-5.752732	949.216797	31.418165
-31.574329	-5.752732	947.458984	34.266415
-31.574329	-5.752732	945.701172	32.831028
-31.574329	-5.752732	943.941406	39.958939
-31.574329	-5.752732	942.181641	35.669346
-31.574329	-5.752732	940.421875	44.219723
-31.574329	-5.752732	938.662109	37.078899
-31.574329	-5.752732	936.902344	35.644508
-31.574329	-5.752732	935.140625	32.785332
-31.574329	-5.752732	933.380859	31.352600
-31.574329	-5.752732	931.619141	19.947020
-31.574329	-5.752732	929.855469	28.489120
-31.574329	-5.752732	928.093750	21.361874
-31.574329	-5.752732	926.330078	24.204494
-31.574329	-5.752732	924.568359	21.351942
-31.574329	-5.752732	922.804688	17.077581
-31.574329	-5.752732	921.039063	25.610413
-31.574329	-5.752732	919.275391	25.604454
-31.574329	-5.752732	917.509766	18.487803
-31.574329	-5.752732	915.744141	15.639884
-31.574329	-5.752732	913.978516	17.057720
-31.574329	-5.752732	912.212891	19.896040
-31.574329	-5.752732	910.447266	18.470591
-31.574329	-5.752732	908.679688	25.568708
-31.574329	-5.752732	906.912109	25.562752
-31.574329	-5.752732	905.144531	15.618041
-31.574329	-5.752732	903.375000	25.550837
-31.574329	-5.752732	901.607422	28.383202
-31.574329	-5.752732	899.837891	17.025949
-31.574329	-5.752732	898.068359	21.277473
-31.574329	-5.752732	896.298828	19.854343
-31.574329	-5.752732	894.529297	24.103220
-31.574329	-5.752732	892.757813	21.262585
-31.574329	-5.752732	890.986328	24.091972
-31.574329	-5.752732	889.214844	19.835815
-31.574329	-5.752732	887.443359	24.080723
-31.574329	-5.752732	885.669922	29.739830
-31.574329	-5.752732	883.898438	26.901178
-31.574329	-5.752732	882.125000	28.310415
-31.574329	-5.752732	880.351563	19.812660
-31.574329	-5.752732	878.578125	28.297184
-31.574329	-5.752732	876.802734	24.046984
-31.574329	-5.752732	875.027344	24.041361
-31.574329	-5.752732	873.251953	19.794138
-31.574329	-5.752732	871.476563	26.857189
-31.574329	-5.752732	869.701172	21.198084
-31.574329	-5.752732	867.923828	22.605999
-31.574329	-5.752732	866.146484	26.838341
-31.574329	-5.752732	864.369141	35.305340
-31.574329	-5.752732	862.591797	12.706946
-31.574329	-5.752732	860.814453	22.584837
-31.574329	-5.752732	859.035156	19.757105
-31.574329	-5.752732	857.255859	21.163366
-31.574329	-5.752732	855.476563	21.158409
-31.574329	-5.752732	853.697266	18.332991
-31.574329	-5.752732	851.916016	22.558392
-31.574329	-5.752732	850.136719	15.505258
-31.574329	-5.752732	848.355469	21.138575
-31.574329	-5.752732	846.574219	30.995972
-31.574329	-5.752732	844.791016	25.354391
-31.574329	-5.752732	843.009766	22.531950
-31.574329	-5.752732	841.226563	22.526663
-31.574329	-5.752732	839.443359	19.706203
-31.574329	-5.752732	837.660156	21.108831
-31.574329	-5.752732	835.875000	23.917727
-31.574329	-5.752732	834.091797	25.318703
-31.574329	-5.752732	832.306641	28.125284
-31.574329	-5.752732	830.521484	21.089008
-31.574329	-5.752732	828.734375	19.678450
-31.574329	-5.752732	826.949219	26.700190
-31.574329	-5.752732	825.162109	21.074142
-31.574329	-5.752732	823.375000	21.069187
-31.574329	-5.752732	821.587891	19.659950
-31.574329	-5.752732	819.800781	30.886942
-31.574329	-5.752732	818.011719	16.843460
-31.574329	-5.752732	816.222656	23.855953
-31.574329	-5.752732	814.433594	21.044418
-31.574329	-5.752732	812.644531	22.442095
-31.574329	-5.752732	810.855469	12.620707
-31.574329	-5.752732	809.064453	26.637442
-31.574329	-5.752732	807.273438	19.622965
-31.574329	-5.752732	805.482422	28.026205
-31.574329	-5.752732	803.691406	26.618622
-31.574329	-5.752732	801.898438	21.009750
-31.574329	-5.752732	800.107422	14.003200
-31.574329	-5.752732	798.314453	18.199867
-31.574329	-5.752732	796.521484	23.794216
-31.574329	-5.752732	794.726563	20.989946
-31.574329	-5.752732	792.933594	20.984995
-31.574329	-5.752732	791.138672	27.973394
-31.574329	-5.752732	789.343750	22.373436
-31.574329	-5.752732	787.546875	23.766165
-31.574329	-5.752732	785.751953	30.748955
-31.574329	-5.752732	783.955078	23.754948
-31.574329	-5.752732	782.158203	20.955299
-31.574329	-5.752732	780.361328	25.140421
-31.574329	-5.752732	778.564453	19.549042
-31.574329	-5.752732	776.765625	29.316637
-31.574329	-5.752732	774.968750	19.539806
-31.574329	-5.752732	773.169922	26.512043
-31.574329	-5.752732	771.369141	27.900818
-31.574329	-5.752732	769.570313	26.499512
-31.574329	-5.752732	767.769531	25.098864
-31.574329	-5.752732	765.970703	23.698877
-31.574329	-5.752732	764.167969	22.299551
-31.574329	-5.752732	762.367188	27.867844
-31.574329	-5.752732	760.566406	30.647375
-31.574329	-5.752732	758.763672	27.854656
-31.574329	-5.752732	756.960938	23.670855
-31.574329	-5.752732	755.158203	26.449398
-31.574329	-5.752732	753.353516	22.267904
-31.574329	-5.752732	751.550781	22.262630
-31.574329	-5.752732	749.746094	26.430613
-31.574329	-5.752732	747.941406	26.424353
-31.574329	-5.752732	746.136719	26.418091
-31.574329	-5.752732	744.330078	20.851446
-31.574329	-5.752732	742.523438	25.015804
-31.574329	-5.752732	740.718750	26.399311
-31.574329	-5.752732	738.910156	26.393053
-31.574329	-5.752732	737.103516	27.775574
-31.574329	-5.752732	735.294922	26.380537
-31.574329	-5.752732	733.488281	22.209919
-31.574329	-5.752732	731.679688	29.143602
-31.574329	-5.752732	729.869141	24.974304
-31.574329	-5.752732	728.060547	22.194113
-31.574329	-5.752732	726.250000	24.962450
-31.574329	-5.752732	724.439453	27.729471
-31.574329	-5.752732	722.628906	19.406021
-31.574329	-5.752732	720.818359	27.716303
-31.574329	-5.752732	719.005859	22.167776
-31.574329	-5.752732	717.195313	26.317980
-31.574329	-5.752732	715.382813	19.387589
-31.574329	-5.752732	713.568359	26.305473
-31.574329	-5.752732	711.755859	17.994204
-31.574329	-5.752732	709.941406	15.222245
-31.574329	-5.752732	708.126953	17.985649
-31.574329	-5.752732	706.312500	19.364555
-31.574329	-5.752732	704.498047	20.742804
-31.574329	-5.752732	702.681641	22.120394
-31.574329	-5.752732	700.867188	22.115131
-31.574329	-5.752732	699.050781	20.728003
-31.574329	-5.752732	697.232422	22.104607
-31.574329	-5.752732	695.416016	23.480555
-31.574329	-5.752732	693.597656	22.094084
-31.574329	-5.752732	691.779297	19.327721
-31.574329	-5.752732	689.960938	17.942896
-31.574329	-5.752732	688.142578	26.217985
-31.574329	-5.752732	686.324219	19.313913
-31.574329	-5.752732	684.503906	19.309313
-31.574329	-5.752732	682.683594	22.062527
-31.574329	-5.752732	680.863281	27.571587
-31.574329	-5.752732	679.041016	20.673761
-31.574329	-5.752732	677.218750	22.046755
-31.574329	-5.752732	675.398438	20.663904
-31.574329	-5.752732	673.576172	16.527182
-31.574329	-5.752732	671.751953	17.900175
-31.574329	-5.752732	669.929688	27.532162
-31.574329	-5.752732	668.105469	28.901875
-31.574329	-5.752732	666.281250	31.646879
-31.574329	-5.752732	664.457031	24.761213
-31.574329	-5.752732	662.630859	23.380007
-31.574329	-5.752732	660.806641	28.874290
-31.574329	-5.752732	658.980469	23.368845
-31.574329	-5.752732	657.154297	27.486195
-31.574329	-5.752732	655.326172	28.853611
-31.574329	-5.752732	653.500000	27.473066
-31.574329	-5.752732	651.671875	30.213152
-31.574329	-5.752732	649.843750	27.459940
-31.574329	-5.752732	648.015625	27.453377
-31.574329	-5.752732	646.185547	27.446815
-31.574329	-5.752732	644.357422	27.440254
-31.574329	-5.752732	642.527344	32.920433
-31.574329	-5.752732	640.697266	32.912563
-31.574329	-5.752732	638.865234	28.791605
-31.574329	-5.752732	637.035156	37.008923
-31.574329	-5.752732	635.203125	32.888950
-31.574329	-5.752732	633.371094	35.621174
-31.574329	-5.752732	631.539063	30.133780
-31.574329	-5.752732	629.705078	34.234737
-31.574329	-5.752732	627.873047	30.119358
-31.574329	-5.752732	626.039063	31.480881
-31.574329	-5.752732	624.203125	34.210155
-31.574329	-5.752732	622.369141	41.042358
-31.574329	-5.752732	620.535156	41.032528
-31.574329	-5.752732	618.699219	36.920429
-31.574329	-5.752732	616.863281	30.076107
-31.574329	-5.752732	615.025391	35.535973
-31.574329	-5.752732	613.189453	28.695255
-31.574329	-5.752732	611.351563	36.885059
-31.574329	-5.752732	609.513672	28.681503
-31.574329	-5.752732	607.675781	32.771004
-31.574329	-5.752732	605.837891	35.493408
-31.574329	-5.752732	603.998047	31.390486
-31.574329	-5.752732	602.158203	28.654005
-31.574329	-5.752732	600.318359	31.375431
-31.574329	-5.752732	598.478516	25.912617
-31.574329	-5.752732	596.636719	31.360378
-31.574329	-5.752732	594.796875	29.989687
-31.574329	-5.752732	592.955078	25.893969
-31.574329	-5.752732	591.111328	21.800213
-31.574329	-5.752732	589.269531	23.157167
-31.574329	-5.752732	587.425781	27.237186
-31.574329	-5.752732	585.583984	23.146049
-31.574329	-5.752732	583.738281	25.862902
-31.574329	-5.752732	581.894531	25.856691
-31.574329	-5.752732	580.050781	20.408274
-31.574329	-5.752732	578.205078	28.564720
-31.574329	-5.752732	576.359375	21.758368
-31.574329	-5.752732	574.513672	33.989281
-31.574329	-5.752732	572.666016	28.544134
-31.574329	-5.752732	570.818359	25.819439
-31.574329	-5.752732	568.970703	25.813232
-31.574329	-5.752732	567.123047	27.165291
-31.574329	-5.752732	565.275391	24.442884
-31.574329	-5.752732	563.425781	17.648949
-31.574329	-5.752732	561.576172	25.788414
-31.574329	-5.752732	559.726563	23.068295
-31.574329	-5.752732	557.876953	18.992849
-31.574329	-5.752732	556.027344	24.413504
-31.574329	-5.752732	554.175781	25.763609
-31.574329	-5.752732	552.324219	31.180021
-31.574329	-5.752732	550.472656	33.883171
-31.574329	-5.752732	548.619141	27.100012
-31.574329	-5.752732	546.767578	29.802837
-31.574329	-5.752732	544.914063	36.567406
-31.574329	-5.752732	543.060547	23.018377
-31.574329	-5.752732	541.205078	32.488708
-31.574329	-5.752732	539.351563	39.247734
-31.574329	-5.752732	537.496094	46.003502
-31.574329	-5.752732	535.640625	44.639702
-31.574329	-5.752732	533.785156	45.981339
-31.574329	-5.752732	531.927734	54.082661
-31.574329	-5.752732	530.070313	56.773109
-31.574329	-5.752732	528.212891	82.436310
-31.574329	-5.752732	526.355469	108.087135
-31.574329	-5.752732	524.498047	182.353073
-31.574329	-5.752732	522.638672	376.772186
-31.574329	-5.752732	520.779297	596.749634
-31.574329	-5.752732	518.919922	462.976868
-31.574329	-5.752732	517.060547	246.951401
-31.574329	-5.752732	515.199219	136.262711
-31.574329	-5.752732	513.339844	91.719101
-31.574329	-5.752732	511.478516	86.303040
-31.574329	-5.752732	509.615234	62.015343
-31.574329	-5.752732	507.753906	59.304714
-31.574329	-5.752732	505.890625	51.205349
-31.574329	-5.752732	504.027344	45.804253
-31.574329	-5.752732	502.164063	61.955505
-31.574329	-5.752732	500.300781	63.287083
-31.574329	-5.752732	498.435547	72.695267
-31.574329	-5.752732	496.570313	63.256531
-31.574329	-5.752732	494.705078	63.241257
-31.574329	-5.752732	492.839844	59.190285
-31.574329	-5.752732	490.972656	57.831081
-31.574329	-5.752732	489.107422	60.506279
-31.574329	-5.752732	487.240234	61.835926
-31.574329	-5.752732	485.371094	48.381641
-31.574329	-5.752732	483.503906	38.964684
-31.574329	-5.752732	481.634766	42.985126
-31.574329	-5.752732	479.765625	48.346581
-31.574329	-5.752732	477.896484	36.251171
-31.574329	-5.752732	476.027344	36.242413
-31.574329	-5.752732	474.156250	33.549675
-31.574329	-5.752732	472.285156	37.566555
-31.574329	-5.752732	470.414063	37.557472
-31.574329	-5.752732	468.542969	26.820280
-31.574329	-5.752732	466.669922	33.517242
-31.574329	-5.752732	464.796875	24.126579
-31.574329	-5.752732	462.923828	34.841076
-31.574329	-5.752732	461.050781	33.492931
-31.574329	-5.752732	459.177734	33.484829
-31.574329	-5.752732	457.302734	30.798592
-31.574329	-5.752732	455.427734	28.113651
-31.574329	-5.752732	453.552734	34.798954
-31.574329	-5.752732	451.675781	22.747658
-31.574329	-5.752732	449.800781	22.742153
-31.574329	-5.752732	447.923828	17.386848
-31.574329	-5.752732	446.046875	29.416777
-31.574329	-5.752732	444.169922	25.399250
-31.574329	-5.752732	442.291016	33.411976
-31.574329	-5.752732	440.412109	24.050798
-31.574329	-5.752732	438.533203	38.739128
-31.574329	-5.752732	436.654297	25.374662
-31.574329	-5.752732	434.773438	25.368517
-31.574329	-5.752732	432.894531	25.362373
-31.574329	-5.752732	431.013672	28.025309
-31.574329	-5.752732	429.130859	22.681660
-31.574329	-5.752732	427.250000	36.015087
-31.574329	-5.752732	425.367188	21.337105
-31.574329	-5.752732	423.484375	29.331411
-31.574329	-5.752732	421.601563	26.658459
-31.574329	-5.752732	419.718750	33.314999
-31.574329	-5.752732	417.833984	34.639202
-31.574329	-5.752732	415.949219	25.307131
-31.574329	-5.752732	414.064453	31.959154
-31.574329	-5.752732	412.179688	34.614025
-31.574329	-5.752732	410.294922	30.612679
-31.574329	-5.752732	408.408203	29.274593
-31.574329	-5.752732	406.521484	33.258518
-31.574329	-5.752732	404.634766	34.580475
-31.574329	-5.752732	402.746094	53.187832
-31.574329	-5.752732	400.857422	73.115540
-31.574329	-5.752732	398.968750	78.414017
-31.574329	-5.752732	397.080078	74.408813
-31.574329	-5.752732	395.191406	83.689613
-31.574329	-5.752732	393.300781	73.044640
-31.574329	-5.752732	391.410156	71.699165
-31.574329	-5.752732	389.519531	61.062252
-31.574329	-5.752732	387.628906	61.047440
-31.574329	-5.752732	385.736328	54.398647
-31.574329	-5.752732	383.843750	53.058975
-31.574329	-5.752732	381.951172	49.067646
-31.574329	-5.752732	380.058594	64.965714
-31.574329	-5.752732	378.164063	71.577492
-31.574329	-5.752732	376.271484	75.535690
-31.574329	-5.752732	374.376953	82.141685
-31.574329	-5.752732	372.480469	84.770844
-31.574329	-5.752732	370.585938	60.914253
-31.574329	-5.752732	368.689453	46.336555
-31.574329	-5.752732	366.792969	51.619629
-31.574329	-5.752732	364.896484	54.253616
-31.574329	-5.752732	363.000000	42.334007
-31.574329	-5.752732	361.101563	60.840363
-31.574329	-5.752732	359.203125	56.858704
-31.574329	-5.752732	357.304688	52.878979
-31.574329	-5.752732	355.406250	56.831100
-31.574329	-5.752732	353.505859	54.174633
-31.574329	-5.752732	351.605469	50.198444
-31.574329	-5.752732	349.705078	54.148327
-31.574329	-5.752732	347.804688	46.212959
-31.574329	-5.752732	345.902344	44.881687
-31.574329	-5.752732	344.001953	54.108887
-31.574329	-5.752732	342.099609	46.179295
-31.574329	-5.752732	340.195313	46.168079
-31.574329	-5.752732	338.292969	59.344543
-31.574329	-5.752732	336.388672	42.190311
-31.574329	-5.752732	334.484375	42.180065
-31.574329	-5.752732	332.580078	44.805431
-31.574329	-5.752732	330.675781	38.207115
-31.574329	-5.752732	328.769531	42.149330
-31.574329	-5.752732	326.863281	38.188553
-31.574329	-5.752732	324.957031	40.812328
-31.574329	-5.752732	323.048828	35.537582
-31.574329	-5.752732	321.142578	40.792496
-31.574329	-5.752732	319.234375	31.573614
-31.574329	-5.752732	317.326172	34.196438
-31.574329	-5.752732	315.417969	31.558271
-31.574329	-5.752732	313.507813	30.235994
-31.574329	-5.752732	311.597656	40.742958
-31.574329	-5.752732	309.687500	36.791149
-31.574329	-5.752732	307.777344	44.664108
-31.574329	-5.752732	305.865234	28.893282
-31.574329	-5.752732	303.955078	30.199272
-31.574329	-5.752732	302.042969	36.755394
-31.574329	-5.752732	300.128906	38.058834
-31.574329	-5.752732	298.216797	34.113422
-31.574329	-5.752732	296.302734	30.169922
-31.574329	-5.752732	294.388672	47.211006
-31.574329	-5.752732	292.474609	38.021847
-31.574329	-5.752732	290.560547	48.498837
-31.574329	-5.752732	288.644531	36.692902
-31.574329	-5.752732	286.728516	48.475262
-31.574329	-5.752732	284.812500	51.083126
-31.574329	-5.752732	282.896484	54.999222
-31.574329	-5.752732	280.978516	54.985851
-31.574329	-5.752732	279.060547	70.678909
-31.574329	-5.752732	277.142578	60.193321
-31.574329	-5.752732	275.224609	66.719849
-31.574329	-5.752732	273.304688	61.471973
-31.574329	-5.752732	271.384766	78.455780
-31.574329	-5.752732	269.464844	81.051262
-31.574329	-5.752732	267.544922	82.338516
-31.574329	-5.752732	265.623047	141.117432
-31.574329	-5.752732	263.703125	209.012024
-31.574329	-5.752732	261.781250	287.321655
-31.574329	-5.752732	259.857422	295.085938
-31.574329	-5.752732	257.935547	296.319580
-31.574329	-5.752732	256.011719	271.451477
-31.574329	-5.752732	254.087891	297.480225
-31.574329	-5.752732	252.164063	756.563965
-31.574329	-5.752732	250.240234	1906.599243
-31.574329	-5.752732	248.314453	1823.997070
-31.574329	-5.752732	246.388672	842.041199
-31.574329	-5.752732	244.462891	379.217346
-31.574329	-5.752732	242.535156	254.052933
-31.574329	-5.752732	240.609375	197.982864
-31.574329	-5.752732	238.681641	169.286270
-31.574329	-5.752732	236.753906	141.905518
-31.574329	-5.752732	234.824219	127.553757
-31.574329	-5.752732	232.896484	106.702705
-31.574329	-5.752732	230.966797	78.056168
-31.574329	-5.752732	229.037109	83.239670
-31.574329	-5.752732	227.107422	71.516693
-31.574329	-5.752732	225.175781	80.599220
-31.574329	-5.752732	223.244141	90.976997
-31.574329	-5.752732	221.312500	84.458099
-31.574329	-5.752732	219.380859	94.829880
-31.574329	-5.752732	217.447266	89.611931
-31.574329	-5.752732	215.515625	89.590141
-31.574329	-5.752732	213.582031	75.289352
-31.574329	-5.752732	211.646484	64.888832
-31.574329	-5.752732	209.712891	72.657822
-31.574329	-5.752732	207.777344	62.262993
-31.574329	-5.752732	205.841797	57.060535
-31.574329	-5.752732	203.906250	50.564091
-31.574329	-5.752732	201.968750	37.589798
-31.574329	-5.752732	200.033203	37.580662
-31.574329	-5.752732	198.095703	40.162666
-31.574329	-5.752732	196.158203	31.086119
-31.574329	-5.752732	194.218750	28.488682
-31.574329	-5.752732	192.281250	29.776382
-31.574329	-5.752732	190.341797	32.357765
-31.574329	-5.752732	188.402344	34.937893
-31.574329	-5.752732	186.460938	23.286268
-31.574329	-5.752732	184.521484	18.107140
-31.574329	-5.752732	182.580078	29.740215
-31.574329	-5.752732	180.638672	28.440248
-31.574329	-5.752732	178.695313	24.556065
-31.574329	-5.752732	176.753906	25.842207
-31.574329	-5.752732	174.810547	31.003113
-31.574329	-5.752732	172.867188	23.246683
-31.574329	-5.752732	170.921875	20.658699
-31.574329	-5.752732	168.978516	20.653679
-31.574329	-5.752732	167.033203	24.520285
-31.574329	-5.752732	165.087891	25.804554
-31.574329	-5.752732	163.142578	28.378113
-31.574329	-5.752732	161.195313	30.950420
-31.574329	-5.752732	159.248047	34.810764
-31.574329	-5.752732	157.300781	29.646410
-31.574329	-5.752732	155.353516	24.484564
-31.574329	-5.752732	153.406250	33.497055
-31.574329	-5.752732	151.457031	36.064987
-31.574329	-5.752732	149.507813	43.782566
-31.574329	-5.752732	147.558594	52.783798
-31.574329	-5.752732	145.607422	39.900009
-31.574329	-5.752732	143.658203	41.177105
-31.574329	-5.752732	141.707031	48.885937
-31.574329	-5.752732	139.753906	60.449501
-31.574329	-5.752732	137.802734	60.434826
-31.574329	-5.752732	135.849609	71.989967
-31.574329	-5.752732	133.896484	52.694145
-31.574329	-5.752732	131.943359	51.396439
-31.574329	-5.752732	129.990234	53.953159
-31.574329	-5.752732	128.035156	48.802914
-31.574329	-5.752732	126.080078	43.655167
-31.574329	-5.752732	124.125000	46.211899
-31.574329	-5.752732	122.169922	47.484035
-31.574329	-5.752732	120.212891	59.019878
-31.574329	-5.752732	118.255859	65.419205
-31.574329	-5.752732	116.298828	57.708820
-31.574329	-5.752732	114.341797	53.848495
-31.574329	-5.752732	112.382813	37.172081
-31.574329	-5.752732	110.423828	34.600094
-31.574329	-5.752732	108.464844	35.872875
-31.574329	-5.752732	106.505859	25.617266
-31.574329	-5.752732	104.544922	20.488842
-31.574329	-5.752732	102.585938	16.643147
-31.574329	-5.752732	100.625000	10.239451
-31.574329	-5.752732	98.662109	5.118484
-31.574329	-5.752732	96.701172	8.955175
-31.574329	-5.752732	94.738281	3.837002
-31.574329	-5.752732	92.775391	1.278690
-31.574329	-5.752732	90.812500	0.000000
-31.574329	-5.752732	88.847656	0.000000
-31.574329	-5.752732	86.882813	1.277761
-31.574329	-5.752732	84.917969	1.277451
-31.574329	-5.752732	82.953125	0.000000
-31.574329	-5.752732	80.988281	2.553664
-31.574329	-5.752732	79.021484	-1.276522
-31.574329	-5.752732	77.054688	-1.276213
-31.574329	-5.752732	75.087891	2.551808
-31.574329	-5.752732	73.119141	1.275595
-31.574329	-5.752732	71.152344	0.000000
-31.574329	-5.752732	69.183594	-1.274977
-31.574329	-5.752732	67.212891	1.274668
-31.574329	-5.752732	65.244141	1.274359
-31.574329	-5.752732	63.273438	1.274051
-31.574329	-5.752732	61.302734	-1.273742
-31.574329	-5.752732	59.332031	-1.273434
-28.574329	-5.752732	1838.626953	19.285784
-28.574329	-5.752732	1837.066406	24.107229
-28.574329	-5.752732	1835.503906	24.102098
-28.574329	-5.752732	1833.941406	25.703436
-28.574329	-5.752732	1832.378906	27.304089
-28.574329	-5.752732	1830.816406	17.663591
-28.574329	-5.752732	1829.251953	19.265272
-28.574329	-5.752732	1827.687500	14.445879
-28.574329	-5.752732	1826.125000	20.861830
-28.574329	-5.752732	1824.560547	27.275047
-28.574329	-5.752732	1822.994141	22.457024
-28.574329	-5.752732	1821.429688	20.848513
-28.574329	-5.752732	1819.865234	24.050856
-28.574329	-5.752732	1818.298828	28.854885
-28.574329	-5.752732	1816.732422	22.437912
-28.574329	-5.752732	1815.166016	20.830769
-28.574329	-5.752732	1813.599609	22.428360
-28.574329	-5.752732	1812.033203	24.025270
-28.574329	-5.752732	1810.464844	27.222845
-28.574329	-5.752732	1808.896484	22.414042
-28.574329	-5.752732	1807.330078	20.808607
-28.574329	-5.752732	1805.759766	16.003214
-28.574329	-5.752732	1804.191406	14.399826
-28.574329	-5.752732	1802.623047	20.795321
-28.574329	-5.752732	1801.052734	19.191593
-28.574329	-5.752732	1799.484375	19.187508
-28.574329	-5.752732	1797.914063	15.986184
-28.574329	-5.752732	1796.343750	27.170727
-28.574329	-5.752732	1794.771484	19.175253
-28.574329	-5.752732	1793.201172	20.768766
-28.574329	-5.752732	1791.628906	9.583543
-28.574329	-5.752732	1790.058594	22.356838
-28.574329	-5.752732	1788.486328	23.948654
-28.574329	-5.752732	1786.914063	17.558605
-28.574329	-5.752732	1785.339844	28.726143
-28.574329	-5.752732	1783.767578	28.720024
-28.574329	-5.752732	1782.193359	19.142605
-28.574329	-5.752732	1780.621094	19.138527
-28.574329	-5.752732	1779.046875	19.134449
-28.574329	-5.752732	1777.470703	33.478153
-28.574329	-5.752732	1775.896484	20.720156
-28.574329	-5.752732	1774.322266	23.902779
-28.574329	-5.752732	1772.746094	20.711327
-28.574329	-5.752732	1771.169922	27.078272
-28.574329	-5.752732	1769.593750	19.110001
-28.574329	-5.752732	1768.017578	17.513767
-28.574329	-5.752732	1766.441406	20.693678
-28.574329	-5.752732	1764.863281	14.323339
-28.574329	-5.752732	1763.287109	15.911428
-28.574329	-5.752732	1761.708984	17.498840
-28.574329	-5.752732	1760.130859	17.495111
-28.574329	-5.752732	1758.552734	15.901256
-28.574329	-5.752732	1756.972656	22.257011
-28.574329	-5.752732	1755.394531	27.020609
-28.574329	-5.752732	1753.814453	19.069304
-28.574329	-5.752732	1752.234375	20.654007
-28.574329	-5.752732	1750.654297	17.472742
-28.574329	-5.752732	1749.074219	25.409477
-28.574329	-5.752732	1747.492188	28.579565
-28.574329	-5.752732	1745.912109	14.286735
-28.574329	-5.752732	1744.330078	19.044916
-28.574329	-5.752732	1742.748047	23.801067
-28.574329	-5.752732	1741.166016	19.036791
-28.574329	-5.752732	1739.583984	20.618792
-28.574329	-5.752732	1738.000000	14.271502
-28.574329	-5.752732	1736.417969	25.366146
-28.574329	-5.752732	1734.833984	26.945780
-28.574329	-5.752732	1733.250000	22.185905
-28.574329	-5.752732	1731.666016	15.843694
-28.574329	-5.752732	1730.082031	20.592405
-28.574329	-5.752732	1728.496094	20.588011
-28.574329	-5.752732	1726.912109	12.666841
-28.574329	-5.752732	1725.326172	17.413187
-28.574329	-5.752732	1723.740234	23.740187
-28.574329	-5.752732	1722.154297	25.317457
-28.574329	-5.752732	1720.566406	18.984039
-28.574329	-5.752732	1718.980469	18.979984
-28.574329	-5.752732	1717.392578	20.557259
-28.574329	-5.752732	1715.804688	17.390888
-28.574329	-5.752732	1714.216797	17.387175
-28.574329	-5.752732	1712.628906	14.222831
-28.574329	-5.752732	1711.041016	20.539700
-28.574329	-5.752732	1709.451172	18.955673
-28.574329	-5.752732	1707.861328	11.055113
-28.574329	-5.752732	1706.271484	11.052751
-28.574329	-5.752732	1704.681641	22.100779
-28.574329	-5.752732	1703.091797	22.096054
-28.574329	-5.752732	1701.501953	18.935427
-28.574329	-5.752732	1699.910156	22.086609
-28.574329	-5.752732	1698.318359	20.504610
-28.574329	-5.752732	1696.726563	20.500227
-28.574329	-5.752732	1695.134766	23.649050
-28.574329	-5.752732	1693.542969	18.915194
-28.574329	-5.752732	1691.949219	23.638937
-28.574329	-5.752732	1690.357422	23.633881
-28.574329	-5.752732	1688.763672	22.053572
-28.574329	-5.752732	1687.169922	11.024426
-28.574329	-5.752732	1685.576172	22.044136
-28.574329	-5.752732	1683.982422	25.187908
-28.574329	-5.752732	1682.386719	15.739075
-28.574329	-5.752732	1680.791016	20.456419
-28.574329	-5.752732	1679.195313	22.025274
-28.574329	-5.752732	1677.599609	18.874765
-28.574329	-5.752732	1676.003906	12.580483
-28.574329	-5.752732	1674.408203	20.438910
-28.574329	-5.752732	1672.810547	18.862646
-28.574329	-5.752732	1671.214844	23.573259
-28.574329	-5.752732	1669.617188	31.424282
-28.574329	-5.752732	1668.019531	18.850533
-28.574329	-5.752732	1666.419922	20.417036
-28.574329	-5.752732	1664.822266	26.693481
-28.574329	-5.752732	1663.222656	21.978157
-28.574329	-5.752732	1661.623047	15.695320
-28.574329	-5.752732	1660.023438	17.261154
-28.574329	-5.752732	1658.423828	25.101751
-28.574329	-5.752732	1656.824219	20.390802
-28.574329	-5.752732	1655.222656	20.386433
-28.574329	-5.752732	1653.623047	17.246361
-28.574329	-5.752732	1652.021484	21.945208
-28.574329	-5.752732	1650.419922	12.537430
-28.574329	-5.752732	1648.818359	18.802113
-28.574329	-5.752732	1647.214844	28.197119
-28.574329	-5.752732	1645.613281	21.926390
-28.574329	-5.752732	1644.009766	17.224182
-28.574329	-5.752732	1642.406250	15.654988
-28.574329	-5.752732	1640.802734	26.607769
-28.574329	-5.752732	1639.199219	12.518617
-28.574329	-5.752732	1637.593750	21.902878
-28.574329	-5.752732	1635.990234	20.334021
-28.574329	-5.752732	1634.384766	15.638198
-28.574329	-5.752732	1632.779297	23.452261
-28.574329	-5.752732	1631.173828	21.884077
-28.574329	-5.752732	1629.568359	25.005003
-28.574329	-5.752732	1627.960938	17.187248
-28.574329	-5.752732	1626.353516	17.183558
-28.574329	-5.752732	1624.748047	26.550701
-28.574329	-5.752732	1623.140625	17.176176
-28.574329	-5.752732	1621.531250	20.294754
-28.574329	-5.752732	1619.923828	20.290394
-28.574329	-5.752732	1618.314453	20.286034
-28.574329	-5.752732	1616.707031	15.601287
-28.574329	-5.752732	1615.097656	15.597934
-28.574329	-5.752732	1613.488281	12.475664
-28.574329	-5.752732	1611.878906	20.268597
-28.574329	-5.752732	1610.267578	28.058174
-28.574329	-5.752732	1608.656250	21.818331
-28.574329	-5.752732	1607.046875	21.813639
-28.574329	-5.752732	1605.435547	20.251163
-28.574329	-5.752732	1603.824219	15.574468
-28.574329	-5.752732	1602.210938	18.685339
-28.574329	-5.752732	1600.599609	14.010988
-28.574329	-5.752732	1598.986328	28.015945
-28.574329	-5.752732	1597.373047	14.004958
-28.574329	-5.752732	1595.759766	24.892344
-28.574329	-5.752732	1594.146484	26.442419
-28.574329	-5.752732	1592.533203	26.436726
-28.574329	-5.752732	1590.917969	18.657200
-28.574329	-5.752732	1589.302734	15.544317
-28.574329	-5.752732	1587.687500	21.757357
-28.574329	-5.752732	1586.072266	20.198906
-28.574329	-5.752732	1584.457031	21.747980
-28.574329	-5.752732	1582.839844	21.743294
-28.574329	-5.752732	1581.224609	20.185850
-28.574329	-5.752732	1579.607422	21.733921
-28.574329	-5.752732	1577.990234	13.968794
-28.574329	-5.752732	1576.373047	15.517535
-28.574329	-5.752732	1574.755859	20.168446
-28.574329	-5.752732	1573.136719	18.613012
-28.574329	-5.752732	1571.517578	17.058247
-28.574329	-5.752732	1569.898438	24.806643
-28.574329	-5.752732	1568.279297	13.950726
-28.574329	-5.752732	1566.660156	18.596952
-28.574329	-5.752732	1565.041016	21.691763
-28.574329	-5.752732	1563.419922	17.039848
-28.574329	-5.752732	1561.798828	20.133654
-28.574329	-5.752732	1560.177734	32.516571
-28.574329	-5.752732	1558.556641	18.576885
-28.574329	-5.752732	1556.935547	23.216091
-28.574329	-5.752732	1555.312500	17.021456
-28.574329	-5.752732	1553.691406	21.658991
-28.574329	-5.752732	1552.068359	12.373892
-28.574329	-5.752732	1550.445313	21.649632
-28.574329	-5.752732	1548.822266	13.914612
-28.574329	-5.752732	1547.197266	18.548805
-28.574329	-5.752732	1545.574219	20.090193
-28.574329	-5.752732	1543.949219	21.630915
-28.574329	-5.752732	1542.324219	26.260429
-28.574329	-5.752732	1540.699219	12.355176
-28.574329	-5.752732	1539.072266	24.705006
-28.574329	-5.752732	1537.447266	24.699661
-28.574329	-5.752732	1535.820313	27.781105
-28.574329	-5.752732	1534.193359	23.145910
-28.574329	-5.752732	1532.566406	12.341813
-28.574329	-5.752732	1530.939453	18.508711
-28.574329	-5.752732	1529.312500	18.504704
-28.574329	-5.752732	1527.683594	24.667595
-28.574329	-5.752732	1526.056641	23.120861
-28.574329	-5.752732	1524.427734	12.328455
-28.574329	-5.752732	1522.798828	16.947952
-28.574329	-5.752732	1521.167969	21.565447
-28.574329	-5.752732	1519.539063	18.480661
-28.574329	-5.752732	1517.908203	20.016376
-28.574329	-5.752732	1516.277344	16.933262
-28.574329	-5.752732	1514.646484	24.624859
-28.574329	-5.752732	1513.015625	12.309759
-28.574329	-5.752732	1511.384766	23.075792
-28.574329	-5.752732	1509.751953	13.842471
-28.574329	-5.752732	1508.121094	21.528061
-28.574329	-5.752732	1506.488281	12.299080
-28.574329	-5.752732	1504.855469	16.907564
-28.574329	-5.752732	1503.220703	16.903894
-28.574329	-5.752732	1501.587891	19.972992
-28.574329	-5.752732	1499.953125	23.040754
-28.574329	-5.752732	1498.318359	18.428600
-28.574329	-5.752732	1496.683594	21.495363
-28.574329	-5.752732	1495.048828	18.420593
-28.574329	-5.752732	1493.414063	12.277728
-28.574329	-5.752732	1491.777344	23.015736
-28.574329	-5.752732	1490.140625	23.010733
-28.574329	-5.752732	1488.505859	16.870869
-28.574329	-5.752732	1486.867188	23.000729
-28.574329	-5.752732	1485.230469	13.797436
-28.574329	-5.752732	1483.593750	22.990725
-28.574329	-5.752732	1481.955078	18.388578
-28.574329	-5.752732	1480.316406	21.448673
-28.574329	-5.752732	1478.677734	16.848862
-28.574329	-5.752732	1477.039063	13.782432
-28.574329	-5.752732	1475.400391	13.779431
-28.574329	-5.752732	1473.759766	21.430004
-28.574329	-5.752732	1472.119141	13.773431
-28.574329	-5.752732	1470.478516	16.830526
-28.574329	-5.752732	1468.837891	16.826860
-28.574329	-5.752732	1467.197266	19.881956
-28.574329	-5.752732	1465.556641	18.348576
-28.574329	-5.752732	1463.914063	24.459436
-28.574329	-5.752732	1462.271484	19.868959
-28.574329	-5.752732	1460.628906	30.560966
-28.574329	-5.752732	1458.986328	18.332581
-28.574329	-5.752732	1457.343750	21.383347
-28.574329	-5.752732	1455.699219	15.270487
-28.574329	-5.752732	1454.054688	27.480879
-28.574329	-5.752732	1452.410156	19.842970
-28.574329	-5.752732	1450.765625	19.838640
-28.574329	-5.752732	1449.121094	25.937174
-28.574329	-5.752732	1447.474609	13.728447
-28.574329	-5.752732	1445.830078	22.875748
-28.574329	-5.752732	1444.183594	19.821318
-28.574329	-5.752732	1442.537109	16.768221
-28.574329	-5.752732	1440.890625	16.764557
-28.574329	-5.752732	1439.242188	18.284611
-28.574329	-5.752732	1437.595703	24.374153
-28.574329	-5.752732	1435.947266	25.891876
-28.574329	-5.752732	1434.298828	19.795341
-28.574329	-5.752732	1432.650391	22.835783
-28.574329	-5.752732	1431.000000	21.308735
-28.574329	-5.752732	1429.351563	16.738914
-28.574329	-5.752732	1427.701172	19.778027
-28.574329	-5.752732	1426.050781	13.689483
-28.574329	-5.752732	1424.400391	15.207208
-28.574329	-5.752732	1422.750000	27.366982
-28.574329	-5.752732	1421.097656	24.320879
-28.574329	-5.752732	1419.447266	16.716942
-28.574329	-5.752732	1417.794922	21.271448
-28.574329	-5.752732	1416.142578	16.709620
-28.574329	-5.752732	1414.490234	12.149787
-28.574329	-5.752732	1412.835938	12.147124
-28.574329	-5.752732	1411.183594	16.698635
-28.574329	-5.752732	1409.529297	25.801323
-28.574329	-5.752732	1407.875000	22.760881
-28.574329	-5.752732	1406.220703	21.238831
-28.574329	-5.752732	1404.566406	21.234171
-28.574329	-5.752732	1402.910156	19.713120
-28.574329	-5.752732	1401.255859	22.740915
-28.574329	-5.752732	1399.599609	22.735924
-28.574329	-5.752732	1397.943359	19.700142
-28.574329	-5.752732	1396.287109	13.635565
-28.574329	-5.752732	1394.628906	19.691490
-28.574329	-5.752732	1392.970703	15.143973
-28.574329	-5.752732	1391.314453	21.196905
-28.574329	-5.752732	1389.656250	18.164783
-28.574329	-5.752732	1387.998047	18.160791
-28.574329	-5.752732	1386.337891	19.669865
-28.574329	-5.752732	1384.679688	15.127338
-28.574329	-5.752732	1383.019531	19.661217
-28.574329	-5.752732	1381.359375	15.120686
-28.574329	-5.752732	1379.699219	22.676039
-28.574329	-5.752732	1378.039063	27.205259
-28.574329	-5.752732	1376.376953	21.154989
-28.574329	-5.752732	1374.716797	24.171810
-28.574329	-5.752732	1373.054688	22.656082
-28.574329	-5.752732	1371.392578	16.610802
-28.574329	-5.752732	1369.728516	16.607143
-28.574329	-5.752732	1368.066406	22.641117
-28.574329	-5.752732	1366.402344	19.617977
-28.574329	-5.752732	1364.740234	19.613655
-28.574329	-5.752732	1363.076172	19.609331
-28.574329	-5.752732	1361.412109	25.637320
-28.574329	-5.752732	1359.746094	16.585196
-28.574329	-5.752732	1358.082031	19.596363
-28.574329	-5.752732	1356.416016	24.113281
-28.574329	-5.752732	1354.750000	22.601213
-28.574329	-5.752732	1353.083984	19.583397
-28.574329	-5.752732	1351.417969	25.603405
-28.574329	-5.752732	1349.750000	24.092003
-28.574329	-5.752732	1348.083984	22.581264
-28.574329	-5.752732	1346.416016	21.071194
-28.574329	-5.752732	1344.748047	21.066538
-28.574329	-5.752732	1343.078125	19.557465
-28.574329	-5.752732	1341.410156	22.561317
-28.574329	-5.752732	1339.740234	24.060087
-28.574329	-5.752732	1338.072266	24.054770
-28.574329	-5.752732	1336.402344	18.037088
-28.574329	-5.752732	1334.730469	15.027582
-28.574329	-5.752732	1333.060547	18.029110
-28.574329	-5.752732	1331.388672	18.025122
-28.574329	-5.752732	1329.718750	21.024654
-28.574329	-5.752732	1328.046875	25.524288
-28.574329	-5.752732	1326.375000	13.509867
-28.574329	-5.752732	1324.701172	19.509932
-28.574329	-5.752732	1323.029297	13.503884
-28.574329	-5.752732	1321.355469	19.501291
-28.574329	-5.752732	1319.681641	19.496971
-28.574329	-5.752732	1318.007813	16.493780
-28.574329	-5.752732	1316.333984	16.490126
-28.574329	-5.752732	1314.660156	16.486469
-28.574329	-5.752732	1312.984375	17.981253
-28.574329	-5.752732	1311.308594	20.973475
-28.574329	-5.752732	1309.632813	16.475504
-28.574329	-5.752732	1307.957031	19.466730
-28.574329	-5.752732	1306.279297	13.473976
-28.574329	-5.752732	1304.603516	14.967762
-28.574329	-5.752732	1302.925781	17.957327
-28.574329	-5.752732	1301.248047	20.945564
-28.574329	-5.752732	1299.570313	16.453573
-28.574329	-5.752732	1297.892578	19.440813
-28.574329	-5.752732	1296.212891	16.446264
-28.574329	-5.752732	1294.533203	14.947826
-28.574329	-5.752732	1292.853516	19.427856
-28.574329	-5.752732	1291.173828	13.447063
-28.574329	-5.752732	1289.494141	23.900576
-28.574329	-5.752732	1287.812500	20.908352
-28.574329	-5.752732	1286.132813	11.944972
-28.574329	-5.752732	1284.451172	13.435104
-28.574329	-5.752732	1282.769531	14.924572
-28.574329	-5.752732	1281.085938	19.397625
-28.574329	-5.752732	1279.404297	19.393307
-28.574329	-5.752732	1277.720703	19.388988
-28.574329	-5.752732	1276.039063	13.420156
-28.574329	-5.752732	1274.355469	14.907963
-28.574329	-5.752732	1272.669922	25.337889
-28.574329	-5.752732	1270.986328	16.391451
-28.574329	-5.752732	1269.300781	17.877598
-28.574329	-5.752732	1267.615234	22.342014
-28.574329	-5.752732	1265.929688	19.358761
-28.574329	-5.752732	1264.244141	19.354443
-28.574329	-5.752732	1262.558594	10.419298
-28.574329	-5.752732	1260.871094	19.345808
-28.574329	-5.752732	1259.185547	20.829296
-28.574329	-5.752732	1257.498047	26.774546
-28.574329	-5.752732	1255.808594	20.819998
-28.574329	-5.752732	1254.121094	17.841726
-28.574329	-5.752732	1252.433594	26.756613
-28.574329	-5.752732	1250.744141	11.889171
-28.574329	-5.752732	1249.054688	19.315586
-28.574329	-5.752732	1247.365234	19.311268
-28.574329	-5.752732	1245.673828	22.277252
-28.574329	-5.752732	1243.984375	17.817816
-28.574329	-5.752732	1242.292969	20.782803
-28.574329	-5.752732	1240.601563	17.809847
-28.574329	-5.752732	1238.910156	17.805862
-28.574329	-5.752732	1237.218750	19.285366
-28.574329	-5.752732	1235.525391	19.281050
-28.574329	-5.752732	1233.833984	17.793907
-28.574329	-5.752732	1232.140625	19.272417
-28.574329	-5.752732	1230.447266	17.785938
-28.574329	-5.752732	1228.753906	20.745613
-28.574329	-5.752732	1227.058594	10.370482
-28.574329	-5.752732	1225.365234	17.773985
-28.574329	-5.752732	1223.669922	13.327500
-28.574329	-5.752732	1221.974609	17.766016
-28.574329	-5.752732	1220.277344	23.682709
-28.574329	-5.752732	1218.582031	14.798373
-28.574329	-5.752732	1216.884766	25.151590
-28.574329	-5.752732	1215.189453	22.187599
-28.574329	-5.752732	1213.492188	17.746096
-28.574329	-5.752732	1211.792969	10.349566
-28.574329	-5.752732	1210.095703	22.172659
-28.574329	-5.752732	1208.396484	16.256298
-28.574329	-5.752732	1206.699219	20.685186
-28.574329	-5.752732	1205.000000	22.157721
-28.574329	-5.752732	1203.298828	17.722193
-28.574329	-5.752732	1201.599609	17.718208
-28.574329	-5.752732	1199.900391	14.761854
-28.574329	-5.752732	1198.199219	16.234388
-28.574329	-5.752732	1196.498047	13.279694
-28.574329	-5.752732	1194.796875	19.177464
-28.574329	-5.752732	1193.093750	16.223434
-28.574329	-5.752732	1191.392578	22.117886
-28.574329	-5.752732	1189.689453	19.164518
-28.574329	-5.752732	1187.986328	16.212479
-28.574329	-5.752732	1186.283203	23.576477
-28.574329	-5.752732	1184.580078	22.097969
-28.574329	-5.752732	1182.875000	17.674391
-28.574329	-5.752732	1181.169922	17.670408
-28.574329	-5.752732	1179.464844	19.138628
-28.574329	-5.752732	1177.759766	16.190573
-28.574329	-5.752732	1176.054688	17.658459
-28.574329	-5.752732	1174.347656	16.183270
-28.574329	-5.752732	1172.642578	14.708745
-28.574329	-5.752732	1170.935547	17.646511
-28.574329	-5.752732	1169.228516	14.702106
-28.574329	-5.752732	1167.519531	23.518061
-28.574329	-5.752732	1165.812500	20.573656
-28.574329	-5.752732	1164.103516	26.445869
-28.574329	-5.752732	1162.394531	14.688831
-28.574329	-5.752732	1160.685547	17.622616
-28.574329	-5.752732	1158.976563	17.618633
-28.574329	-5.752732	1157.265625	22.018312
-28.574329	-5.752732	1155.556641	19.078224
-28.574329	-5.752732	1153.845703	19.073910
-28.574329	-5.752732	1152.134766	14.668920
-28.574329	-5.752732	1150.423828	16.132160
-28.574329	-5.752732	1148.710938	23.459652
-28.574329	-5.752732	1146.998047	21.988445
-28.574329	-5.752732	1145.287109	29.311291
-28.574329	-5.752732	1143.572266	19.048025
-28.574329	-5.752732	1141.859375	21.973513
-28.574329	-5.752732	1140.146484	24.897675
-28.574329	-5.752732	1138.431641	17.570847
-28.574329	-5.752732	1136.716797	23.422487
-28.574329	-5.752732	1135.001953	26.344324
-28.574329	-5.752732	1133.287109	11.705935
-28.574329	-5.752732	1131.570313	10.240370
-28.574329	-5.752732	1129.855469	16.088360
-28.574329	-5.752732	1128.138672	20.471449
-28.574329	-5.752732	1126.421875	23.390633
-28.574329	-5.752732	1124.703125	19.000576
-28.574329	-5.752732	1122.986328	16.073761
-28.574329	-5.752732	1121.267578	20.452869
-28.574329	-5.752732	1119.548828	14.605874
-28.574329	-5.752732	1117.830078	18.983324
-28.574329	-5.752732	1116.111328	18.979010
-28.574329	-5.752732	1114.392578	17.515104
-28.574329	-5.752732	1112.671875	24.807426
-28.574329	-5.752732	1110.951172	23.342857
-28.574329	-5.752732	1109.230469	14.585968
-28.574329	-5.752732	1107.509766	24.790506
-28.574329	-5.752732	1105.787109	26.242800
-28.574329	-5.752732	1104.066406	21.864023
-28.574329	-5.752732	1102.343750	23.316317
-28.574329	-5.752732	1100.621094	18.940195
-28.574329	-5.752732	1098.896484	21.849096
-28.574329	-5.752732	1097.173828	16.019022
-28.574329	-5.752732	1095.449219	16.015371
-28.574329	-5.752732	1093.724609	23.289780
-28.574329	-5.752732	1092.000000	24.739752
-28.574329	-5.752732	1090.275391	21.824217
-28.574329	-5.752732	1088.550781	10.182313
-28.574329	-5.752732	1086.824219	18.905697
-28.574329	-5.752732	1085.097656	21.809290
-28.574329	-5.752732	1083.371094	10.175347
-28.574329	-5.752732	1081.644531	18.892761
-28.574329	-5.752732	1079.916016	24.700279
-28.574329	-5.752732	1078.189453	14.526259
-28.574329	-5.752732	1076.460938	21.784414
-28.574329	-5.752732	1074.732422	20.327477
-28.574329	-5.752732	1073.001953	17.419571
-28.574329	-5.752732	1071.273438	15.964293
-28.574329	-5.752732	1069.542969	13.058709
-28.574329	-5.752732	1067.812500	13.055724
-28.574329	-5.752732	1066.082031	20.304262
-28.574329	-5.752732	1064.351563	21.749592
-28.574329	-5.752732	1062.619141	15.946053
-28.574329	-5.752732	1060.888672	21.739643
-28.574329	-5.752732	1059.156250	18.836712
-28.574329	-5.752732	1057.421875	23.178341
-28.574329	-5.752732	1055.689453	18.828091
-28.574329	-5.752732	1053.957031	13.031847
-28.574329	-5.752732	1052.222656	21.714771
-28.574329	-5.752732	1050.488281	23.157118
-28.574329	-5.752732	1048.753906	18.810848
-28.574329	-5.752732	1047.019531	20.253193
-28.574329	-5.752732	1045.283203	26.033852
-28.574329	-5.752732	1043.546875	21.689903
-28.574329	-5.752732	1041.810547	20.239267
-28.574329	-5.752732	1040.074219	17.343966
-28.574329	-5.752732	1038.337891	14.449988
-28.574329	-5.752732	1036.599609	20.225342
-28.574329	-5.752732	1034.861328	23.109373
-28.574329	-5.752732	1033.123047	15.884047
-28.574329	-5.752732	1031.384766	24.542437
-28.574329	-5.752732	1029.646484	23.093458
-28.574329	-5.752732	1027.906250	20.202135
-28.574329	-5.752732	1026.167969	18.754816
-28.574329	-5.752732	1024.427734	28.846933
-28.574329	-5.752732	1022.685547	21.630226
-28.574329	-5.752732	1020.945313	21.625254
-28.574329	-5.752732	1019.203125	25.944338
-28.574329	-5.752732	1017.462891	20.174290
-28.574329	-5.752732	1015.720703	24.491716
-28.574329	-5.752732	1013.976563	24.486082
-28.574329	-5.752732	1012.234375	25.920473
-28.574329	-5.752732	1010.490234	23.035116
-28.574329	-5.752732	1008.746094	23.029814
-28.574329	-5.752732	1007.001953	25.902575
-28.574329	-5.752732	1005.257813	23.019207
-28.574329	-5.752732	1003.513672	24.452274
-28.574329	-5.752732	1001.767578	24.446640
-28.574329	-5.752732	1000.021484	24.441006
-28.574329	-5.752732	998.275391	27.310122
-28.574329	-5.752732	996.529297	28.740868
-28.574329	-5.752732	994.781250	28.734240
-28.574329	-5.752732	993.035156	35.909515
-28.574329	-5.752732	991.287109	41.645428
-28.574329	-5.752732	989.539063	28.714357
-28.574329	-5.752732	987.789063	40.190823
-28.574329	-5.752732	986.041016	33.006268
-28.574329	-5.752732	984.291016	32.998646
-28.574329	-5.752732	982.541016	30.122242
-28.574329	-5.752732	980.791016	37.285587
-28.574329	-5.752732	979.041016	40.144432
-28.574329	-5.752732	977.289063	34.401562
-28.574329	-5.752732	975.537109	41.558949
-28.574329	-5.752732	973.785156	38.683868
-28.574329	-5.752732	972.033203	37.242519
-28.574329	-5.752732	970.281250	35.801830
-28.574329	-5.752732	968.527344	35.793549
-28.574329	-5.752732	966.773438	34.353855
-28.574329	-5.752732	965.019531	34.345905
-28.574329	-5.752732	963.265625	40.060947
-28.574329	-5.752732	961.511719	32.899590
-28.574329	-5.752732	959.755859	32.891972
-28.574329	-5.752732	958.000000	21.446318
-28.574329	-5.752732	956.244141	37.165005
-28.574329	-5.752732	954.488281	31.440023
-28.574329	-5.752732	952.730469	42.862823
-28.574329	-5.752732	950.974609	35.710739
-28.574329	-5.752732	949.216797	42.842953
-28.574329	-5.752732	947.458984	37.121948
-28.574329	-5.752732	945.701172	38.540775
-28.574329	-5.752732	943.941406	39.958939
-28.574329	-5.752732	942.181641	34.242569
-28.574329	-5.752732	940.421875	39.940395
-28.574329	-5.752732	938.662109	35.652786
-28.574329	-5.752732	936.902344	31.367168
-28.574329	-5.752732	935.140625	24.232637
-28.574329	-5.752732	933.380859	18.526537
-28.574329	-5.752732	931.619141	19.947020
-28.574329	-5.752732	929.855469	14.244560
-28.574329	-5.752732	928.093750	17.089499
-28.574329	-5.752732	926.330078	21.356907
-28.574329	-5.752732	924.568359	22.775404
-28.574329	-5.752732	922.804688	22.770107
-28.574329	-5.752732	921.039063	21.342010
-28.574329	-5.752732	919.275391	27.026924
-28.574329	-5.752732	917.509766	14.221387
-28.574329	-5.752732	915.744141	24.170731
-28.574329	-5.752732	913.978516	15.636244
-28.574329	-5.752732	912.212891	22.738331
-28.574329	-5.752732	910.447266	21.312222
-28.574329	-5.752732	908.679688	18.466290
-28.574329	-5.752732	906.912109	31.243362
-28.574329	-5.752732	905.144531	21.297329
-28.574329	-5.752732	903.375000	26.970327
-28.574329	-5.752732	901.607422	25.544880
-28.574329	-5.752732	899.837891	21.282436
-28.574329	-5.752732	898.068359	28.369965
-28.574329	-5.752732	896.298828	24.108845
-28.574329	-5.752732	894.529297	19.849710
-28.574329	-5.752732	892.757813	18.427574
-28.574329	-5.752732	890.986328	21.257622
-28.574329	-5.752732	889.214844	17.002127
-28.574329	-5.752732	887.443359	25.497236
-28.574329	-5.752732	885.669922	31.156012
-28.574329	-5.752732	883.898438	22.653625
-28.574329	-5.752732	882.125000	24.063852
-28.574329	-5.752732	880.351563	24.058229
-28.574329	-5.752732	878.578125	18.393169
-28.574329	-5.752732	876.802734	22.632456
-28.574329	-5.752732	875.027344	31.112350
-28.574329	-5.752732	873.251953	32.518940
-28.574329	-5.752732	871.476563	22.616581
-28.574329	-5.752732	869.701172	25.437702
-28.574329	-5.752732	867.923828	26.844624
-28.574329	-5.752732	866.146484	18.363075
-28.574329	-5.752732	864.369141	25.419846
-28.574329	-5.752732	862.591797	22.590128
-28.574329	-5.752732	860.814453	18.350180
-28.574329	-5.752732	859.035156	25.401991
-28.574329	-5.752732	857.255859	19.752476
-28.574329	-5.752732	855.476563	23.979528
-28.574329	-5.752732	853.697266	22.563679
-28.574329	-5.752732	851.916016	22.558392
-28.574329	-5.752732	850.136719	19.733965
-28.574329	-5.752732	848.355469	25.366291
-28.574329	-5.752732	846.574219	23.951433
-28.574329	-5.752732	844.791016	23.945814
-28.574329	-5.752732	843.009766	19.715456
-28.574329	-5.752732	841.226563	19.710829
-28.574329	-5.752732	839.443359	22.521376
-28.574329	-5.752732	837.660156	21.108831
-28.574329	-5.752732	835.875000	15.476175
-28.574329	-5.752732	834.091797	19.692326
-28.574329	-5.752732	832.306641	23.906492
-28.574329	-5.752732	830.521484	19.683075
-28.574329	-5.752732	828.734375	19.678450
-28.574329	-5.752732	826.949219	12.647458
-28.574329	-5.752732	825.162109	22.479086
-28.574329	-5.752732	823.375000	21.069187
-28.574329	-5.752732	821.587891	16.851387
-28.574329	-5.752732	819.800781	26.675087
-28.574329	-5.752732	818.011719	21.054325
-28.574329	-5.752732	816.222656	26.662537
-28.574329	-5.752732	814.433594	19.641457
-28.574329	-5.752732	812.644531	15.428941
-28.574329	-5.752732	810.855469	15.425308
-28.574329	-5.752732	809.064453	22.431530
-28.574329	-5.752732	807.273438	22.426247
-28.574329	-5.752732	805.482422	21.019653
-28.574329	-5.752732	803.691406	19.613722
-28.574329	-5.752732	801.898438	25.211700
-28.574329	-5.752732	800.107422	14.003200
-28.574329	-5.752732	798.314453	20.999847
-28.574329	-5.752732	796.521484	23.794216
-28.574329	-5.752732	794.726563	19.590616
-28.574329	-5.752732	792.933594	26.580994
-28.574329	-5.752732	791.138672	23.777386
-28.574329	-5.752732	789.343750	20.975096
-28.574329	-5.752732	787.546875	23.766165
-28.574329	-5.752732	785.751953	26.555916
-28.574329	-5.752732	783.955078	23.754948
-28.574329	-5.752732	782.158203	25.146358
-28.574329	-5.752732	780.361328	26.537111
-28.574329	-5.752732	778.564453	19.549042
-28.574329	-5.752732	776.765625	19.544424
-28.574329	-5.752732	774.968750	23.726908
-28.574329	-5.752732	773.169922	22.325932
-28.574329	-5.752732	771.369141	23.715694
-28.574329	-5.752732	769.570313	23.710089
-28.574329	-5.752732	767.769531	27.887627
-28.574329	-5.752732	765.970703	29.275084
-28.574329	-5.752732	764.167969	25.086994
-28.574329	-5.752732	762.367188	26.474451
-28.574329	-5.752732	760.566406	27.861250
-28.574329	-5.752732	758.763672	23.676458
-28.574329	-5.752732	756.960938	26.455662
-28.574329	-5.752732	755.158203	26.449398
-28.574329	-5.752732	753.353516	18.092672
-28.574329	-5.752732	751.550781	25.045460
-28.574329	-5.752732	749.746094	27.821697
-28.574329	-5.752732	747.941406	22.252087
-28.574329	-5.752732	746.136719	23.637239
-28.574329	-5.752732	744.330078	25.021734
-28.574329	-5.752732	742.523438	26.405571
-28.574329	-5.752732	740.718750	25.009874
-28.574329	-5.752732	738.910156	22.225729
-28.574329	-5.752732	737.103516	30.553131
-28.574329	-5.752732	735.294922	20.826738
-28.574329	-5.752732	733.488281	23.598040
-28.574329	-5.752732	731.679688	22.204649
-28.574329	-5.752732	729.869141	23.586842
-28.574329	-5.752732	728.060547	26.355509
-28.574329	-5.752732	726.250000	19.415239
-28.574329	-5.752732	724.439453	19.410629
-28.574329	-5.752732	722.628906	18.019876
-28.574329	-5.752732	720.818359	22.173042
-28.574329	-5.752732	719.005859	20.782290
-28.574329	-5.752732	717.195313	18.007038
-28.574329	-5.752732	715.382813	16.617933
-28.574329	-5.752732	713.568359	22.151978
-28.574329	-5.752732	711.755859	20.762543
-28.574329	-5.752732	709.941406	20.757608
-28.574329	-5.752732	708.126953	24.903206
-28.574329	-5.752732	706.312500	20.747738
-28.574329	-5.752732	704.498047	22.125656
-28.574329	-5.752732	702.681641	17.972820
-28.574329	-5.752732	700.867188	24.879522
-28.574329	-5.752732	699.050781	22.109869
-28.574329	-5.752732	697.232422	20.723068
-28.574329	-5.752732	695.416016	22.099346
-28.574329	-5.752732	693.597656	17.951443
-28.574329	-5.752732	691.779297	24.849926
-28.574329	-5.752732	689.960938	17.942896
-28.574329	-5.752732	688.142578	19.318516
-28.574329	-5.752732	686.324219	22.073044
-28.574329	-5.752732	684.503906	23.447021
-28.574329	-5.752732	682.683594	24.820343
-28.574329	-5.752732	680.863281	24.814428
-28.574329	-5.752732	679.041016	22.052011
-28.574329	-5.752732	677.218750	27.558443
-28.574329	-5.752732	675.398438	17.908716
-28.574329	-5.752732	673.576172	17.904446
-28.574329	-5.752732	671.751953	17.900175
-28.574329	-5.752732	669.929688	16.519297
-28.574329	-5.752732	668.105469	27.525595
-28.574329	-5.752732	666.281250	26.143074
-28.574329	-5.752732	664.457031	27.512459
-28.574329	-5.752732	662.630859	22.004713
-28.574329	-5.752732	660.806641	30.249258
-28.574329	-5.752732	658.980469	26.118122
-28.574329	-5.752732	657.154297	30.234814
-28.574329	-5.752732	655.326172	27.479630
-28.574329	-5.752732	653.500000	20.604799
-28.574329	-5.752732	651.671875	23.346527
-28.574329	-5.752732	649.843750	37.070919
-28.574329	-5.752732	648.015625	28.826046
-28.574329	-5.752732	646.185547	26.074474
-28.574329	-5.752732	644.357422	39.788368
-28.574329	-5.752732	642.527344	26.062010
-28.574329	-5.752732	640.697266	31.541204
-28.574329	-5.752732	638.865234	28.791605
-28.574329	-5.752732	637.035156	27.414017
-28.574329	-5.752732	635.203125	31.518578
-28.574329	-5.752732	633.371094	24.660812
-28.574329	-5.752732	631.539063	27.394344
-28.574329	-5.752732	629.705078	24.649010
-28.574329	-5.752732	627.873047	26.012173
-28.574329	-5.752732	626.039063	27.374680
-28.574329	-5.752732	624.203125	34.210155
-28.574329	-5.752732	622.369141	30.097729
-28.574329	-5.752732	620.535156	24.619516
-28.574329	-5.752732	618.699219	30.083313
-28.574329	-5.752732	616.863281	23.240627
-28.574329	-5.752732	615.025391	28.702133
-28.574329	-5.752732	613.189453	27.328815
-28.574329	-5.752732	611.351563	23.223925
-28.574329	-5.752732	609.513672	23.218359
-28.574329	-5.752732	607.675781	24.578251
-28.574329	-5.752732	605.837891	32.763145
-28.574329	-5.752732	603.998047	31.390486
-28.574329	-5.752732	602.158203	30.018482
-28.574329	-5.752732	600.318359	34.103729
-28.574329	-5.752732	598.478516	25.912617
-28.574329	-5.752732	596.636719	25.906401
-28.574329	-5.752732	594.796875	32.716022
-28.574329	-5.752732	592.955078	25.893969
-28.574329	-5.752732	591.111328	21.800213
-28.574329	-5.752732	589.269531	21.794981
-28.574329	-5.752732	587.425781	27.237186
-28.574329	-5.752732	585.583984	27.230646
-28.574329	-5.752732	583.738281	31.307724
-28.574329	-5.752732	581.894531	25.856691
-28.574329	-5.752732	580.050781	27.211031
-28.574329	-5.752732	578.205078	20.403372
-28.574329	-5.752732	576.359375	20.398470
-28.574329	-5.752732	574.513672	31.270138
-28.574329	-5.752732	572.666016	21.747911
-28.574329	-5.752732	570.818359	21.742685
-28.574329	-5.752732	568.970703	19.020277
-28.574329	-5.752732	567.123047	28.523556
-28.574329	-5.752732	565.275391	21.727007
-28.574329	-5.752732	563.425781	19.006559
-28.574329	-5.752732	561.576172	17.644705
-28.574329	-5.752732	559.726563	17.640461
-28.574329	-5.752732	557.876953	24.419378
-28.574329	-5.752732	556.027344	25.769808
-28.574329	-5.752732	554.175781	32.543507
-28.574329	-5.752732	552.324219	24.401756
-28.574329	-5.752732	550.472656	24.395884
-28.574329	-5.752732	548.619141	25.745012
-28.574329	-5.752732	546.767578	28.448162
-28.574329	-5.752732	544.914063	37.921753
-28.574329	-5.752732	543.060547	31.142511
-28.574329	-5.752732	541.205078	31.135012
-28.574329	-5.752732	539.351563	43.307842
-28.574329	-5.752732	537.496094	39.238281
-28.574329	-5.752732	535.640625	40.581547
-28.574329	-5.752732	533.785156	48.686123
-28.574329	-5.752732	531.927734	56.786793
-28.574329	-5.752732	530.070313	48.662666
-28.574329	-5.752732	528.212891	78.382065
-28.574329	-5.752732	526.355469	104.033867
-28.574329	-5.752732	524.498047	202.614532
-28.574329	-5.752732	522.638672	398.379181
-28.574329	-5.752732	520.779297	604.850281
-28.574329	-5.752732	518.919922	483.223663
-28.574329	-5.752732	517.060547	263.144928
-28.574329	-5.752732	515.199219	140.310120
-28.574329	-5.752732	513.339844	97.114349
-28.574329	-5.752732	511.478516	80.909096
-28.574329	-5.752732	509.615234	63.363503
-28.574329	-5.752732	507.753906	62.000381
-28.574329	-5.752732	505.890625	48.510330
-28.574329	-5.752732	504.027344	52.540173
-28.574329	-5.752732	502.164063	55.221210
-28.574329	-5.752732	500.300781	49.821747
-28.574329	-5.752732	498.435547	59.233181
-28.574329	-5.752732	496.570313	57.872993
-28.574329	-5.752732	494.705078	52.476788
-28.574329	-5.752732	492.839844	56.499817
-28.574329	-5.752732	490.972656	51.106537
-28.574329	-5.752732	489.107422	52.438778
-28.574329	-5.752732	487.240234	47.049072
-28.574329	-5.752732	485.371094	38.974102
-28.574329	-5.752732	483.503906	40.308292
-28.574329	-5.752732	481.634766	47.014980
-28.574329	-5.752732	479.765625	34.916973
-28.574329	-5.752732	477.896484	36.251171
-28.574329	-5.752732	476.027344	32.215477
-28.574329	-5.752732	474.156250	36.233650
-28.574329	-5.752732	472.285156	36.224892
-28.574329	-5.752732	470.414063	37.557472
-28.574329	-5.752732	468.542969	34.866364
-28.574329	-5.752732	466.669922	29.495174
-28.574329	-5.752732	464.796875	33.509140
-28.574329	-5.752732	462.923828	29.480911
-28.574329	-5.752732	461.050781	30.813498
-28.574329	-5.752732	459.177734	32.145439
-28.574329	-5.752732	457.302734	24.103247
-28.574329	-5.752732	455.427734	25.436161
-28.574329	-5.752732	453.552734	24.091585
-28.574329	-5.752732	451.675781	24.085754
-28.574329	-5.752732	449.800781	33.444344
-28.574329	-5.752732	447.923828	26.748999
-28.574329	-5.752732	446.046875	30.753904
-28.574329	-5.752732	444.169922	28.072855
-28.574329	-5.752732	442.291016	21.383663
-28.574329	-5.752732	440.412109	29.395420
-28.574329	-5.752732	438.533203	26.716639
-28.574329	-5.752732	436.654297	22.703646
-28.574329	-5.752732	434.773438	29.374073
-28.574329	-5.752732	432.894531	24.027512
-28.574329	-5.752732	431.013672	18.683538
-28.574329	-5.752732	429.130859	24.015875
-28.574329	-5.752732	427.250000	24.010057
-28.574329	-5.752732	425.367188	32.005657
-28.574329	-5.752732	423.484375	22.665180
-28.574329	-5.752732	421.601563	23.992613
-28.574329	-5.752732	419.718750	26.651999
-28.574329	-5.752732	417.833984	29.310095
-28.574329	-5.752732	415.949219	31.966902
-28.574329	-5.752732	414.064453	26.632627
-28.574329	-5.752732	412.179688	21.300940
-28.574329	-5.752732	410.294922	22.626762
-28.574329	-5.752732	408.408203	26.613268
-28.574329	-5.752732	406.521484	37.249542
-28.574329	-5.752732	404.634766	39.900547
-28.574329	-5.752732	402.746094	42.550266
-28.574329	-5.752732	400.857422	57.163059
-28.574329	-5.752732	398.968750	82.401169
-28.574329	-5.752732	397.080078	85.038643
-28.574329	-5.752732	395.191406	69.077141
-28.574329	-5.752732	393.300781	75.700813
-28.574329	-5.752732	391.410156	57.093777
-28.574329	-5.752732	389.519531	54.425049
-28.574329	-5.752732	387.628906	51.757610
-28.574329	-5.752732	385.736328	42.457481
-28.574329	-5.752732	383.843750	46.426605
-28.574329	-5.752732	381.951172	53.046104
-28.574329	-5.752732	380.058594	50.381573
-28.574329	-5.752732	378.164063	53.020367
-28.574329	-5.752732	376.271484	71.560127
-28.574329	-5.752732	374.376953	78.167091
-28.574329	-5.752732	372.480469	54.306320
-28.574329	-5.752732	370.585938	59.590031
-28.574329	-5.752732	368.689453	62.223373
-28.574329	-5.752732	366.792969	50.296047
-28.574329	-5.752732	364.896484	42.344284
-28.574329	-5.752732	363.000000	50.271633
-28.574329	-5.752732	361.101563	54.227280
-28.574329	-5.752732	359.203125	59.503296
-28.574329	-5.752732	357.304688	48.913055
-28.574329	-5.752732	355.406250	56.831100
-28.574329	-5.752732	353.505859	52.853302
-28.574329	-5.752732	351.605469	47.556423
-28.574329	-5.752732	349.705078	51.506947
-28.574329	-5.752732	347.804688	51.494438
-28.574329	-5.752732	345.902344	48.841835
-28.574329	-5.752732	344.001953	51.469429
-28.574329	-5.752732	342.099609	47.498703
-28.574329	-5.752732	340.195313	46.168079
-28.574329	-5.752732	338.292969	46.156864
-28.574329	-5.752732	336.388672	40.871864
-28.574329	-5.752732	334.484375	42.180065
-28.574329	-5.752732	332.580078	39.534203
-28.574329	-5.752732	330.675781	38.207115
-28.574329	-5.752732	328.769531	31.611998
-28.574329	-5.752732	326.863281	34.238010
-28.574329	-5.752732	324.957031	26.330534
-28.574329	-5.752732	323.048828	31.588963
-28.574329	-5.752732	321.142578	26.317739
-28.574329	-5.752732	319.234375	28.942480
-28.574329	-5.752732	317.326172	42.087921
-28.574329	-5.752732	315.417969	27.613487
-28.574329	-5.752732	313.507813	31.550602
-28.574329	-5.752732	311.597656	35.485802
-28.574329	-5.752732	309.687500	27.593361
-28.574329	-5.752732	307.777344	31.527607
-28.574329	-5.752732	305.865234	30.206614
-28.574329	-5.752732	303.955078	30.199272
-28.574329	-5.752732	302.042969	35.442703
-28.574329	-5.752732	300.128906	27.559847
-28.574329	-5.752732	298.216797	38.049583
-28.574329	-5.752732	296.302734	35.416866
-28.574329	-5.752732	294.388672	38.031090
-28.574329	-5.752732	292.474609	31.466354
-28.574329	-5.752732	290.560547	39.323383
-28.574329	-5.752732	288.644531	39.313824
-28.574329	-5.752732	286.728516	47.165119
-28.574329	-5.752732	284.812500	48.463478
-28.574329	-5.752732	282.896484	52.380211
-28.574329	-5.752732	280.978516	43.203171
-28.574329	-5.752732	279.060547	47.119274
-28.574329	-5.752732	277.142578	56.267670
-28.574329	-5.752732	275.224609	48.404598
-28.574329	-5.752732	273.304688	60.164059
-28.574329	-5.752732	271.384766	65.379814
-28.574329	-5.752732	269.464844	82.358543
-28.574329	-5.752732	267.544922	82.338516
-28.574329	-5.752732	265.623047	104.531425
-28.574329	-5.752732	263.703125	206.399368
-28.574329	-5.752732	261.781250	257.283478
-28.574329	-5.752732	259.857422	253.303864
-28.574329	-5.752732	257.935547	233.661682
-28.574329	-5.752732	256.011719	229.689713
-28.574329	-5.752732	254.087891	257.033356
-28.574329	-5.752732	252.164063	669.167786
-28.574329	-5.752732	250.240234	1694.030396
-28.574329	-5.752732	248.314453	1676.669312
-28.574329	-5.752732	246.388672	789.902405
-28.574329	-5.752732	244.462891	380.520508
-28.574329	-5.752732	242.535156	226.693390
-28.574329	-5.752732	240.609375	177.142563
-28.574329	-5.752732	238.681641	140.637833
-28.574329	-5.752732	236.753906	115.867805
-28.574329	-5.752732	234.824219	109.331795
-28.574329	-5.752732	232.896484	89.786423
-28.574329	-5.752732	230.966797	84.560844
-28.574329	-5.752732	229.037109	72.834709
-28.574329	-5.752732	227.107422	75.417610
-28.574329	-5.752732	225.175781	79.299232
-28.574329	-5.752732	223.244141	70.182251
-28.574329	-5.752732	221.312500	75.362610
-28.574329	-5.752732	219.380859	80.540443
-28.574329	-5.752732	217.447266	96.105553
-28.574329	-5.752732	215.515625	79.202881
-28.574329	-5.752732	213.582031	59.712242
-28.574329	-5.752732	211.646484	57.102173
-28.574329	-5.752732	209.712891	62.278133
-28.574329	-5.752732	207.777344	47.994392
-28.574329	-5.752732	205.841797	50.576385
-28.574329	-5.752732	203.906250	44.081512
-28.574329	-5.752732	201.968750	29.812599
-28.574329	-5.752732	200.033203	40.172432
-28.574329	-5.752732	198.095703	32.389248
-28.574329	-5.752732	196.158203	32.381374
-28.574329	-5.752732	194.218750	31.078562
-28.574329	-5.752732	192.281250	32.365635
-28.574329	-5.752732	190.341797	24.591902
-28.574329	-5.752732	188.402344	21.997932
-28.574329	-5.752732	186.460938	25.873631
-28.574329	-5.752732	184.521484	24.573977
-28.574329	-5.752732	182.580078	28.447163
-28.574329	-5.752732	180.638672	25.854771
-28.574329	-5.752732	178.695313	24.556065
-28.574329	-5.752732	176.753906	27.134317
-28.574329	-5.752732	174.810547	25.835926
-28.574329	-5.752732	172.867188	32.287060
-28.574329	-5.752732	170.921875	29.696878
-28.574329	-5.752732	168.978516	23.235388
-28.574329	-5.752732	167.033203	25.810825
-28.574329	-5.752732	165.087891	19.353416
-28.574329	-5.752732	163.142578	29.668028
-28.574329	-5.752732	161.195313	27.081617
-28.574329	-5.752732	159.248047	27.075039
-28.574329	-5.752732	157.300781	29.646410
-28.574329	-5.752732	155.353516	27.061886
-28.574329	-5.752732	153.406250	32.208706
-28.574329	-5.752732	151.457031	36.064987
-28.574329	-5.752732	149.507813	36.056229
-28.574329	-5.752732	147.558594	39.909702
-28.574329	-5.752732	145.607422	46.335495
-28.574329	-5.752732	143.658203	45.037457
-28.574329	-5.752732	141.707031	52.745354
-28.574329	-5.752732	139.753906	63.021820
-28.574329	-5.752732	137.802734	64.292366
-28.574329	-5.752732	135.849609	64.276756
-28.574329	-5.752732	133.896484	52.694145
-28.574329	-5.752732	131.943359	48.826618
-28.574329	-5.752732	129.990234	55.237759
-28.574329	-5.752732	128.035156	51.371490
-28.574329	-5.752732	126.080078	52.642994
-28.574329	-5.752732	124.125000	46.211899
-28.574329	-5.752732	122.169922	57.750854
-28.574329	-5.752732	120.212891	47.472511
-28.574329	-5.752732	118.255859	50.026447
-28.574329	-5.752732	116.298828	47.449474
-28.574329	-5.752732	114.341797	41.027424
-28.574329	-5.752732	112.382813	34.608490
-28.574329	-5.752732	110.423828	32.037125
-28.574329	-5.752732	108.464844	25.623482
-28.574329	-5.752732	106.505859	23.055538
-28.574329	-5.752732	104.544922	16.647184
-28.574329	-5.752732	102.585938	19.203630
-28.574329	-5.752732	100.625000	8.959520
-28.574329	-5.752732	98.662109	8.957348
-28.574329	-5.752732	96.701172	7.675865
-28.574329	-5.752732	94.738281	3.837002
-28.574329	-5.752732	92.775391	2.557381
-28.574329	-5.752732	90.812500	1.278380
-28.574329	-5.752732	88.847656	1.278070
-28.574329	-5.752732	86.882813	1.277761
-28.574329	-5.752732	84.917969	2.554902
-28.574329	-5.752732	82.953125	2.554283
-28.574329	-5.752732	80.988281	2.553664
-28.574329	-5.752732	79.021484	1.276522
-28.574329	-5.752732	77.054688	2.552426
-28.574329	-5.752732	75.087891	2.551808
-28.574329	-5.752732	73.119141	2.551189
-28.574329	-5.752732	71.152344	2.550571
-28.574329	-5.752732	69.183594	0.000000
-28.574329	-5.752732	67.212891	1.274668
-28.574329	-5.752732	65.244141	1.274359
-28.574329	-5.752732	63.273438	3.822152
-28.574329	-5.752732	61.302734	-1.273742
-28.574329	-5.752732	59.332031	1.273434
-25.574329	-5.752732	1838.626953	16.071486
-25.574329	-5.752732	1837.066406	24.107229
-25.574329	-5.752732	1835.503906	22.495293
-25.574329	-5.752732	1833.941406	24.096970
-25.574329	-5.752732	1832.378906	22.485720
-25.574329	-5.752732	1830.816406	17.663591
-25.574329	-5.752732	1829.251953	12.843514
-25.574329	-5.752732	1827.687500	22.471367
-25.574329	-5.752732	1826.125000	22.466585
-25.574329	-5.752732	1824.560547	22.461803
-25.574329	-5.752732	1822.994141	27.269243
-25.574329	-5.752732	1821.429688	19.244781
-25.574329	-5.752732	1819.865234	19.240685
-25.574329	-5.752732	1818.298828	22.442688
-25.574329	-5.752732	1816.732422	22.437912
-25.574329	-5.752732	1815.166016	22.433136
-25.574329	-5.752732	1813.599609	22.428360
-25.574329	-5.752732	1812.033203	24.025270
-25.574329	-5.752732	1810.464844	27.222845
-25.574329	-5.752732	1808.896484	19.212034
-25.574329	-5.752732	1807.330078	25.610594
-25.574329	-5.752732	1805.759766	22.404499
-25.574329	-5.752732	1804.191406	19.199768
-25.574329	-5.752732	1802.623047	25.594240
-25.574329	-5.752732	1801.052734	27.188089
-25.574329	-5.752732	1799.484375	17.588549
-25.574329	-5.752732	1797.914063	17.584803
-25.574329	-5.752732	1796.343750	15.982780
-25.574329	-5.752732	1794.771484	19.175253
-25.574329	-5.752732	1793.201172	25.561558
-25.574329	-5.752732	1791.628906	25.556114
-25.574329	-5.752732	1790.058594	15.969171
-25.574329	-5.752732	1788.486328	17.562346
-25.574329	-5.752732	1786.914063	19.154842
-25.574329	-5.752732	1785.339844	30.322041
-25.574329	-5.752732	1783.767578	19.146683
-25.574329	-5.752732	1782.193359	17.547388
-25.574329	-5.752732	1780.621094	12.759018
-25.574329	-5.752732	1779.046875	27.107138
-25.574329	-5.752732	1777.470703	27.101362
-25.574329	-5.752732	1775.896484	30.283304
-25.574329	-5.752732	1774.322266	28.683334
-25.574329	-5.752732	1772.746094	15.931789
-25.574329	-5.752732	1771.169922	20.706913
-25.574329	-5.752732	1769.593750	22.295000
-25.574329	-5.752732	1768.017578	19.105928
-25.574329	-5.752732	1766.441406	31.836428
-25.574329	-5.752732	1764.863281	22.280748
-25.574329	-5.752732	1763.287109	25.458286
-25.574329	-5.752732	1761.708984	19.089645
-25.574329	-5.752732	1760.130859	23.856970
-25.574329	-5.752732	1758.552734	23.851883
-25.574329	-5.752732	1756.972656	19.077438
-25.574329	-5.752732	1755.394531	27.020609
-25.574329	-5.752732	1753.814453	15.891087
-25.574329	-5.752732	1752.234375	23.831547
-25.574329	-5.752732	1750.654297	22.238035
-25.574329	-5.752732	1749.074219	22.233292
-25.574329	-5.752732	1747.492188	14.289783
-25.574329	-5.752732	1745.912109	17.461565
-25.574329	-5.752732	1744.330078	25.393221
-25.574329	-5.752732	1742.748047	22.214329
-25.574329	-5.752732	1741.166016	22.209591
-25.574329	-5.752732	1739.583984	17.446669
-25.574329	-5.752732	1738.000000	19.028669
-25.574329	-5.752732	1736.417969	26.951530
-25.574329	-5.752732	1734.833984	22.190641
-25.574329	-5.752732	1733.250000	20.601198
-25.574329	-5.752732	1731.666016	22.181171
-25.574329	-5.752732	1730.082031	20.592405
-25.574329	-5.752732	1728.496094	20.588011
-25.574329	-5.752732	1726.912109	14.250196
-25.574329	-5.752732	1725.326172	22.162239
-25.574329	-5.752732	1723.740234	18.992149
-25.574329	-5.752732	1722.154297	22.152777
-25.574329	-5.752732	1720.566406	22.148046
-25.574329	-5.752732	1718.980469	15.816654
-25.574329	-5.752732	1717.392578	20.557259
-25.574329	-5.752732	1715.804688	20.552868
-25.574329	-5.752732	1714.216797	23.709784
-25.574329	-5.752732	1712.628906	12.642516
-25.574329	-5.752732	1711.041016	22.119677
-25.574329	-5.752732	1709.451172	18.955673
-25.574329	-5.752732	1707.861328	15.793019
-25.574329	-5.752732	1706.271484	18.947573
-25.574329	-5.752732	1704.681641	20.522150
-25.574329	-5.752732	1703.091797	33.144081
-25.574329	-5.752732	1701.501953	28.403141
-25.574329	-5.752732	1699.910156	23.664225
-25.574329	-5.752732	1698.318359	18.927332
-25.574329	-5.752732	1696.726563	14.192465
-25.574329	-5.752732	1695.134766	23.649050
-25.574329	-5.752732	1693.542969	17.338928
-25.574329	-5.752732	1691.949219	18.911150
-25.574329	-5.752732	1690.357422	31.511841
-25.574329	-5.752732	1688.763672	25.204081
-25.574329	-5.752732	1687.169922	20.473936
-25.574329	-5.752732	1685.576172	25.193298
-25.574329	-5.752732	1683.982422	28.336397
-25.574329	-5.752732	1682.386719	17.312983
-25.574329	-5.752732	1680.791016	20.456419
-25.574329	-5.752732	1679.195313	22.025274
-25.574329	-5.752732	1677.599609	14.156075
-25.574329	-5.752732	1676.003906	20.443287
-25.574329	-5.752732	1674.408203	20.438910
-25.574329	-5.752732	1672.810547	20.434534
-25.574329	-5.752732	1671.214844	23.573259
-25.574329	-5.752732	1669.617188	15.712141
-25.574329	-5.752732	1668.019531	20.421410
-25.574329	-5.752732	1666.419922	23.558117
-25.574329	-5.752732	1664.822266	25.123276
-25.574329	-5.752732	1663.222656	10.989079
-25.574329	-5.752732	1661.623047	18.834385
-25.574329	-5.752732	1660.023438	21.968740
-25.574329	-5.752732	1658.423828	15.688595
-25.574329	-5.752732	1656.824219	14.116710
-25.574329	-5.752732	1655.222656	20.386433
-25.574329	-5.752732	1653.623047	18.814211
-25.574329	-5.752732	1652.021484	21.945208
-25.574329	-5.752732	1650.419922	20.373323
-25.574329	-5.752732	1648.818359	23.502640
-25.574329	-5.752732	1647.214844	18.798080
-25.574329	-5.752732	1645.613281	20.360218
-25.574329	-5.752732	1644.009766	18.790016
-25.574329	-5.752732	1642.406250	15.654988
-25.574329	-5.752732	1640.802734	18.781956
-25.574329	-5.752732	1639.199219	18.777925
-25.574329	-5.752732	1637.593750	18.773895
-25.574329	-5.752732	1635.990234	28.154799
-25.574329	-5.752732	1634.384766	20.329657
-25.574329	-5.752732	1632.779297	20.325293
-25.574329	-5.752732	1631.173828	23.447226
-25.574329	-5.752732	1629.568359	20.316565
-25.574329	-5.752732	1627.960938	21.874680
-25.574329	-5.752732	1626.353516	23.432123
-25.574329	-5.752732	1624.748047	20.303478
-25.574329	-5.752732	1623.140625	17.176176
-25.574329	-5.752732	1621.531250	20.294754
-25.574329	-5.752732	1619.923828	14.047195
-25.574329	-5.752732	1618.314453	14.044177
-25.574329	-5.752732	1616.707031	17.161415
-25.574329	-5.752732	1615.097656	24.956694
-25.574329	-5.752732	1613.488281	18.713497
-25.574329	-5.752732	1611.878906	21.827719
-25.574329	-5.752732	1610.267578	12.470300
-25.574329	-5.752732	1608.656250	24.935236
-25.574329	-5.752732	1607.046875	24.929873
-25.574329	-5.752732	1605.435547	17.135601
-25.574329	-5.752732	1603.824219	15.574468
-25.574329	-5.752732	1602.210938	23.356674
-25.574329	-5.752732	1600.599609	15.567765
-25.574329	-5.752732	1598.986328	17.120855
-25.574329	-5.752732	1597.373047	24.897703
-25.574329	-5.752732	1595.759766	18.669256
-25.574329	-5.752732	1594.146484	13.998928
-25.574329	-5.752732	1592.533203	24.881624
-25.574329	-5.752732	1590.917969	18.657200
-25.574329	-5.752732	1589.302734	26.425339
-25.574329	-5.752732	1587.687500	18.649162
-25.574329	-5.752732	1586.072266	18.645144
-25.574329	-5.752732	1584.457031	20.194553
-25.574329	-5.752732	1582.839844	17.084017
-25.574329	-5.752732	1581.224609	24.844122
-25.574329	-5.752732	1579.607422	21.733921
-25.574329	-5.752732	1577.990234	24.833412
-25.574329	-5.752732	1576.373047	29.483318
-25.574329	-5.752732	1574.755859	9.308514
-25.574329	-5.752732	1573.136719	13.959759
-25.574329	-5.752732	1571.517578	23.261246
-25.574329	-5.752732	1569.898438	18.604982
-25.574329	-5.752732	1568.279297	24.801289
-25.574329	-5.752732	1566.660156	29.445175
-25.574329	-5.752732	1565.041016	18.592939
-25.574329	-5.752732	1563.419922	13.941694
-25.574329	-5.752732	1561.798828	13.938684
-25.574329	-5.752732	1560.177734	20.129307
-25.574329	-5.752732	1558.556641	26.317255
-25.574329	-5.752732	1556.935547	21.668352
-25.574329	-5.752732	1555.312500	32.495506
-25.574329	-5.752732	1553.691406	21.658991
-25.574329	-5.752732	1552.068359	24.747784
-25.574329	-5.752732	1550.445313	17.010424
-25.574329	-5.752732	1548.822266	26.283155
-25.574329	-5.752732	1547.197266	27.823208
-25.574329	-5.752732	1545.574219	24.726393
-25.574329	-5.752732	1543.949219	20.085850
-25.574329	-5.752732	1542.324219	10.813118
-25.574329	-5.752732	1540.699219	24.710352
-25.574329	-5.752732	1539.072266	15.440629
-25.574329	-5.752732	1537.447266	23.155931
-25.574329	-5.752732	1535.820313	18.520737
-25.574329	-5.752732	1534.193359	12.344485
-25.574329	-5.752732	1532.566406	20.055447
-25.574329	-5.752732	1530.939453	18.508711
-25.574329	-5.752732	1529.312500	20.046762
-25.574329	-5.752732	1527.683594	20.042421
-25.574329	-5.752732	1526.056641	16.955297
-25.574329	-5.752732	1524.427734	16.951626
-25.574329	-5.752732	1522.798828	24.651567
-25.574329	-5.752732	1521.167969	26.186613
-25.574329	-5.752732	1519.539063	18.480661
-25.574329	-5.752732	1517.908203	23.095819
-25.574329	-5.752732	1516.277344	18.472651
-25.574329	-5.752732	1514.646484	16.929590
-25.574329	-5.752732	1513.015625	23.080799
-25.574329	-5.752732	1511.384766	18.460634
-25.574329	-5.752732	1509.751953	16.918577
-25.574329	-5.752732	1508.121094	18.452623
-25.574329	-5.752732	1506.488281	26.135544
-25.574329	-5.752732	1504.855469	21.518717
-25.574329	-5.752732	1503.220703	16.903894
-25.574329	-5.752732	1501.587891	16.900223
-25.574329	-5.752732	1499.953125	10.752352
-25.574329	-5.752732	1498.318359	19.964317
-25.574329	-5.752732	1496.683594	27.636896
-25.574329	-5.752732	1495.048828	24.560793
-25.574329	-5.752732	1493.414063	24.555456
-25.574329	-5.752732	1491.777344	27.618883
-25.574329	-5.752732	1490.140625	19.942636
-25.574329	-5.752732	1488.505859	24.539446
-25.574329	-5.752732	1486.867188	19.933964
-25.574329	-5.752732	1485.230469	18.396582
-25.574329	-5.752732	1483.593750	19.925295
-25.574329	-5.752732	1481.955078	22.985723
-25.574329	-5.752732	1480.316406	16.852530
-25.574329	-5.752732	1478.677734	19.912291
-25.574329	-5.752732	1477.039063	21.439339
-25.574329	-5.752732	1475.400391	26.027815
-25.574329	-5.752732	1473.759766	22.960718
-25.574329	-5.752732	1472.119141	19.894957
-25.574329	-5.752732	1470.478516	19.890623
-25.574329	-5.752732	1468.837891	21.416004
-25.574329	-5.752732	1467.197266	13.764432
-25.574329	-5.752732	1465.556641	24.464767
-25.574329	-5.752732	1463.914063	13.758432
-25.574329	-5.752732	1462.271484	15.283815
-25.574329	-5.752732	1460.628906	24.448772
-25.574329	-5.752732	1458.986328	24.443441
-25.574329	-5.752732	1457.343750	21.383347
-25.574329	-5.752732	1455.699219	18.324585
-25.574329	-5.752732	1454.054688	21.374018
-25.574329	-5.752732	1452.410156	25.948500
-25.574329	-5.752732	1450.765625	21.364689
-25.574329	-5.752732	1449.121094	18.308592
-25.574329	-5.752732	1447.474609	15.253830
-25.574329	-5.752732	1445.830078	9.150299
-25.574329	-5.752732	1444.183594	24.395468
-25.574329	-5.752732	1442.537109	24.390139
-25.574329	-5.752732	1440.890625	18.288607
-25.574329	-5.752732	1439.242188	18.284611
-25.574329	-5.752732	1437.595703	25.897537
-25.574329	-5.752732	1435.947266	13.707463
-25.574329	-5.752732	1434.298828	16.749905
-25.574329	-5.752732	1432.650391	21.313396
-25.574329	-5.752732	1431.000000	21.308735
-25.574329	-5.752732	1429.351563	16.738914
-25.574329	-5.752732	1427.701172	19.778027
-25.574329	-5.752732	1426.050781	16.731590
-25.574329	-5.752732	1424.400391	16.727928
-25.574329	-5.752732	1422.750000	21.285429
-25.574329	-5.752732	1421.097656	25.840933
-25.574329	-5.752732	1419.447266	21.276108
-25.574329	-5.752732	1417.794922	21.271448
-25.574329	-5.752732	1416.142578	13.671507
-25.574329	-5.752732	1414.490234	21.262127
-25.574329	-5.752732	1412.835938	21.257467
-25.574329	-5.752732	1411.183594	19.734751
-25.574329	-5.752732	1409.529297	22.765873
-25.574329	-5.752732	1407.875000	16.691313
-25.574329	-5.752732	1406.220703	16.687653
-25.574329	-5.752732	1404.566406	13.650538
-25.574329	-5.752732	1402.910156	15.163938
-25.574329	-5.752732	1401.255859	18.192732
-25.574329	-5.752732	1399.599609	16.673010
-25.574329	-5.752732	1397.943359	30.307909
-25.574329	-5.752732	1396.287109	22.725941
-25.574329	-5.752732	1394.628906	13.632570
-25.574329	-5.752732	1392.970703	22.715960
-25.574329	-5.752732	1391.314453	21.196905
-25.574329	-5.752732	1389.656250	22.705978
-25.574329	-5.752732	1387.998047	19.674191
-25.574329	-5.752732	1386.337891	22.695999
-25.574329	-5.752732	1384.679688	19.665541
-25.574329	-5.752732	1383.019531	18.148815
-25.574329	-5.752732	1381.359375	13.608618
-25.574329	-5.752732	1379.699219	18.140831
-25.574329	-5.752732	1378.039063	16.625437
-25.574329	-5.752732	1376.376953	16.621778
-25.574329	-5.752732	1374.716797	21.150333
-25.574329	-5.752732	1373.054688	22.656082
-25.574329	-5.752732	1371.392578	18.120874
-25.574329	-5.752732	1369.728516	22.646105
-25.574329	-5.752732	1368.066406	28.678747
-25.574329	-5.752732	1366.402344	13.581677
-25.574329	-5.752732	1364.740234	21.122398
-25.574329	-5.752732	1363.076172	16.592512
-25.574329	-5.752732	1361.412109	15.080776
-25.574329	-5.752732	1359.746094	21.108431
-25.574329	-5.752732	1358.082031	19.596363
-25.574329	-5.752732	1356.416016	28.634521
-25.574329	-5.752732	1354.750000	18.080971
-25.574329	-5.752732	1353.083984	15.064151
-25.574329	-5.752732	1351.417969	22.591240
-25.574329	-5.752732	1349.750000	16.563251
-25.574329	-5.752732	1348.083984	19.570429
-25.574329	-5.752732	1346.416016	16.555937
-25.574329	-5.752732	1344.748047	18.057034
-25.574329	-5.752732	1343.078125	16.548624
-25.574329	-5.752732	1341.410156	21.057230
-25.574329	-5.752732	1339.740234	15.037555
-25.574329	-5.752732	1338.072266	19.544500
-25.574329	-5.752732	1336.402344	19.540178
-25.574329	-5.752732	1334.730469	13.524824
-25.574329	-5.752732	1333.060547	18.029110
-25.574329	-5.752732	1331.388672	18.025122
-25.574329	-5.752732	1329.718750	19.522894
-25.574329	-5.752732	1328.046875	27.025717
-25.574329	-5.752732	1326.375000	15.010963
-25.574329	-5.752732	1324.701172	13.506876
-25.574329	-5.752732	1323.029297	19.505611
-25.574329	-5.752732	1321.355469	16.501093
-25.574329	-5.752732	1319.681641	20.996737
-25.574329	-5.752732	1318.007813	20.992085
-25.574329	-5.752732	1316.333984	16.490126
-25.574329	-5.752732	1314.660156	23.980320
-25.574329	-5.752732	1312.984375	25.473440
-25.574329	-5.752732	1311.308594	20.973475
-25.574329	-5.752732	1309.632813	13.479958
-25.574329	-5.752732	1307.957031	17.969290
-25.574329	-5.752732	1306.279297	23.953735
-25.574329	-5.752732	1304.603516	23.948420
-25.574329	-5.752732	1302.925781	14.964439
-25.574329	-5.752732	1301.248047	23.937786
-25.574329	-5.752732	1299.570313	19.445133
-25.574329	-5.752732	1297.892578	19.440813
-25.574329	-5.752732	1296.212891	19.436495
-25.574329	-5.752732	1294.533203	17.937391
-25.574329	-5.752732	1292.853516	22.416758
-25.574329	-5.752732	1291.173828	14.941182
-25.574329	-5.752732	1289.494141	14.937860
-25.574329	-5.752732	1287.812500	29.869076
-25.574329	-5.752732	1286.132813	19.410580
-25.574329	-5.752732	1284.451172	17.913473
-25.574329	-5.752732	1282.769531	20.894400
-25.574329	-5.752732	1281.085938	23.873999
-25.574329	-5.752732	1279.404297	26.852270
-25.574329	-5.752732	1277.720703	17.897528
-25.574329	-5.752732	1276.039063	17.893541
-25.574329	-5.752732	1274.355469	22.361944
-25.574329	-5.752732	1272.669922	22.356960
-25.574329	-5.752732	1270.986328	17.881582
-25.574329	-5.752732	1269.300781	14.897998
-25.574329	-5.752732	1267.615234	13.405209
-25.574329	-5.752732	1265.929688	16.380489
-25.574329	-5.752732	1264.244141	23.820852
-25.574329	-5.752732	1262.558594	10.419298
-25.574329	-5.752732	1260.871094	19.345808
-25.574329	-5.752732	1259.185547	23.804911
-25.574329	-5.752732	1257.498047	20.824648
-25.574329	-5.752732	1255.808594	20.819998
-25.574329	-5.752732	1254.121094	29.736212
-25.574329	-5.752732	1252.433594	22.297176
-25.574329	-5.752732	1250.744141	16.347610
-25.574329	-5.752732	1249.054688	19.315586
-25.574329	-5.752732	1247.365234	22.282232
-25.574329	-5.752732	1245.673828	16.336651
-25.574329	-5.752732	1243.984375	20.787453
-25.574329	-5.752732	1242.292969	20.782803
-25.574329	-5.752732	1240.601563	23.746462
-25.574329	-5.752732	1238.910156	22.257326
-25.574329	-5.752732	1237.218750	17.801876
-25.574329	-5.752732	1235.525391	25.213680
-25.574329	-5.752732	1233.833984	25.208035
-25.574329	-5.752732	1232.140625	13.342443
-25.574329	-5.752732	1230.447266	13.339454
-25.574329	-5.752732	1228.753906	22.227442
-25.574329	-5.752732	1227.058594	19.259466
-25.574329	-5.752732	1225.365234	22.217482
-25.574329	-5.752732	1223.669922	22.212502
-25.574329	-5.752732	1221.974609	22.207520
-25.574329	-5.752732	1220.277344	13.321524
-25.574329	-5.752732	1218.582031	25.157234
-25.574329	-5.752732	1216.884766	23.672085
-25.574329	-5.752732	1215.189453	14.791733
-25.574329	-5.752732	1213.492188	14.788413
-25.574329	-5.752732	1211.792969	22.177639
-25.574329	-5.752732	1210.095703	25.129015
-25.574329	-5.752732	1208.396484	19.211988
-25.574329	-5.752732	1206.699219	20.685186
-25.574329	-5.752732	1205.000000	17.726177
-25.574329	-5.752732	1203.298828	16.245342
-25.574329	-5.752732	1201.599609	19.194727
-25.574329	-5.752732	1199.900391	19.190411
-25.574329	-5.752732	1198.199219	23.613655
-25.574329	-5.752732	1196.498047	23.608345
-25.574329	-5.752732	1194.796875	17.702274
-25.574329	-5.752732	1193.093750	19.173149
-25.574329	-5.752732	1191.392578	20.643360
-25.574329	-5.752732	1189.689453	23.587099
-25.574329	-5.752732	1187.986328	13.264756
-25.574329	-5.752732	1186.283203	20.629417
-25.574329	-5.752732	1184.580078	20.624771
-25.574329	-5.752732	1182.875000	25.038721
-25.574329	-5.752732	1181.169922	20.615477
-25.574329	-5.752732	1179.464844	13.249819
-25.574329	-5.752732	1177.759766	20.606182
-25.574329	-5.752732	1176.054688	14.715383
-25.574329	-5.752732	1174.347656	17.654476
-25.574329	-5.752732	1172.642578	20.592243
-25.574329	-5.752732	1170.935547	26.469767
-25.574329	-5.752732	1169.228516	17.642529
-25.574329	-5.752732	1167.519531	19.108425
-25.574329	-5.752732	1165.812500	19.104111
-25.574329	-5.752732	1164.103516	16.161366
-25.574329	-5.752732	1162.394531	27.908779
-25.574329	-5.752732	1160.685547	26.433922
-25.574329	-5.752732	1158.976563	16.150414
-25.574329	-5.752732	1157.265625	23.486200
-25.574329	-5.752732	1155.556641	17.610668
-25.574329	-5.752732	1153.845703	14.672238
-25.574329	-5.752732	1152.134766	24.937162
-25.574329	-5.752732	1150.423828	26.398081
-25.574329	-5.752732	1148.710938	16.128511
-25.574329	-5.752732	1146.998047	23.454342
-25.574329	-5.752732	1145.287109	21.983469
-25.574329	-5.752732	1143.572266	20.513258
-25.574329	-5.752732	1141.859375	14.649009
-25.574329	-5.752732	1140.146484	16.110260
-25.574329	-5.752732	1138.431641	16.106609
-25.574329	-5.752732	1136.716797	19.030769
-25.574329	-5.752732	1135.001953	11.708589
-25.574329	-5.752732	1133.287109	20.485384
-25.574329	-5.752732	1131.570313	26.332378
-25.574329	-5.752732	1129.855469	19.013515
-25.574329	-5.752732	1128.138672	17.546957
-25.574329	-5.752732	1126.421875	17.542974
-25.574329	-5.752732	1124.703125	19.000576
-25.574329	-5.752732	1122.986328	11.690008
-25.574329	-5.752732	1121.267578	30.679302
-25.574329	-5.752732	1119.548828	16.066462
-25.574329	-5.752732	1117.830078	16.062813
-25.574329	-5.752732	1116.111328	18.979010
-25.574329	-5.752732	1114.392578	20.434290
-25.574329	-5.752732	1112.671875	17.511124
-25.574329	-5.752732	1110.951172	23.342857
-25.574329	-5.752732	1109.230469	21.878952
-25.574329	-5.752732	1107.509766	14.582650
-25.574329	-5.752732	1105.787109	21.868999
-25.574329	-5.752732	1104.066406	21.864023
-25.574329	-5.752732	1102.343750	24.773586
-25.574329	-5.752732	1100.621094	21.854071
-25.574329	-5.752732	1098.896484	20.392488
-25.574329	-5.752732	1097.173828	16.019022
-25.574329	-5.752732	1095.449219	20.383202
-25.574329	-5.752732	1093.724609	21.834167
-25.574329	-5.752732	1092.000000	14.552795
-25.574329	-5.752732	1090.275391	21.824217
-25.574329	-5.752732	1088.550781	20.364626
-25.574329	-5.752732	1086.824219	26.177118
-25.574329	-5.752732	1085.097656	20.355337
-25.574329	-5.752732	1083.371094	27.618799
-25.574329	-5.752732	1081.644531	18.892761
-25.574329	-5.752732	1079.916016	11.623661
-25.574329	-5.752732	1078.189453	18.884138
-25.574329	-5.752732	1076.460938	14.522943
-25.574329	-5.752732	1074.732422	13.067664
-25.574329	-5.752732	1073.001953	14.516310
-25.574329	-5.752732	1071.273438	18.866892
-25.574329	-5.752732	1069.542969	26.117418
-25.574329	-5.752732	1067.812500	13.055724
-25.574329	-5.752732	1066.082031	14.503044
-25.574329	-5.752732	1064.351563	15.949700
-25.574329	-5.752732	1062.619141	21.744617
-25.574329	-5.752732	1060.888672	17.391714
-25.574329	-5.752732	1059.156250	21.734669
-25.574329	-5.752732	1057.421875	14.486463
-25.574329	-5.752732	1055.689453	14.483147
-25.574329	-5.752732	1053.957031	15.927814
-25.574329	-5.752732	1052.222656	15.924166
-25.574329	-5.752732	1050.488281	13.025879
-25.574329	-5.752732	1048.753906	17.363859
-25.574329	-5.752732	1047.019531	20.253193
-25.574329	-5.752732	1045.283203	18.802227
-25.574329	-5.752732	1043.546875	20.243910
-25.574329	-5.752732	1041.810547	17.347944
-25.574329	-5.752732	1040.074219	20.234625
-25.574329	-5.752732	1038.337891	17.339987
-25.574329	-5.752732	1036.599609	15.891340
-25.574329	-5.752732	1034.861328	17.332029
-25.574329	-5.752732	1033.123047	24.548073
-25.574329	-5.752732	1031.384766	25.986109
-25.574329	-5.752732	1029.646484	17.320093
-25.574329	-5.752732	1027.906250	17.316116
-25.574329	-5.752732	1026.167969	14.426782
-25.574329	-5.752732	1024.427734	21.635199
-25.574329	-5.752732	1022.685547	25.956272
-25.574329	-5.752732	1020.945313	25.950306
-25.574329	-5.752732	1019.203125	21.620283
-25.574329	-5.752732	1017.462891	24.497351
-25.574329	-5.752732	1015.720703	23.051027
-25.574329	-5.752732	1013.976563	18.724651
-25.574329	-5.752732	1012.234375	21.600393
-25.574329	-5.752732	1010.490234	28.793896
-25.574329	-5.752732	1008.746094	28.787268
-25.574329	-5.752732	1007.001953	25.902575
-25.574329	-5.752732	1005.257813	24.457909
-25.574329	-5.752732	1003.513672	21.575535
-25.574329	-5.752732	1001.767578	33.074863
-25.574329	-5.752732	1000.021484	23.003300
-25.574329	-5.752732	998.275391	27.310122
-25.574329	-5.752732	996.529297	34.489040
-25.574329	-5.752732	994.781250	25.860815
-25.574329	-5.752732	993.035156	31.600374
-25.574329	-5.752732	991.287109	38.773331
-25.574329	-5.752732	989.539063	37.328663
-25.574329	-5.752732	987.789063	40.190823
-25.574329	-5.752732	986.041016	22.960882
-25.574329	-5.752732	984.291016	34.433372
-25.574329	-5.752732	982.541016	35.859810
-25.574329	-5.752732	980.791016	37.285587
-25.574329	-5.752732	979.041016	34.409515
-25.574329	-5.752732	977.289063	37.268360
-25.574329	-5.752732	975.537109	37.259747
-25.574329	-5.752732	973.785156	38.683868
-25.574329	-5.752732	972.033203	37.242519
-25.574329	-5.752732	970.281250	42.962196
-25.574329	-5.752732	968.527344	38.657032
-25.574329	-5.752732	966.773438	32.922447
-25.574329	-5.752732	965.019531	31.483747
-25.574329	-5.752732	963.265625	27.184216
-25.574329	-5.752732	961.511719	34.330006
-25.574329	-5.752732	959.755859	35.752144
-25.574329	-5.752732	958.000000	35.743862
-25.574329	-5.752732	956.244141	32.876736
-25.574329	-5.752732	954.488281	45.730946
-25.574329	-5.752732	952.730469	44.291584
-25.574329	-5.752732	950.974609	42.852890
-25.574329	-5.752732	949.216797	34.274361
-25.574329	-5.752732	947.458984	28.555346
-25.574329	-5.752732	945.701172	32.831028
-25.574329	-5.752732	943.941406	38.531834
-25.574329	-5.752732	942.181641	27.108702
-25.574329	-5.752732	940.421875	32.808182
-25.574329	-5.752732	938.662109	37.078899
-25.574329	-5.752732	936.902344	38.496071
-25.574329	-5.752732	935.140625	29.934435
-25.574329	-5.752732	933.380859	38.478191
-25.574329	-5.752732	931.619141	22.796593
-25.574329	-5.752732	929.855469	29.913576
-25.574329	-5.752732	928.093750	19.937748
-25.574329	-5.752732	926.330078	29.899672
-25.574329	-5.752732	924.568359	21.351942
-25.574329	-5.752732	922.804688	19.923845
-25.574329	-5.752732	921.039063	22.764811
-25.574329	-5.752732	919.275391	15.647166
-25.574329	-5.752732	917.509766	18.487803
-25.574329	-5.752732	915.744141	19.905308
-25.574329	-5.752732	913.978516	31.272488
-25.574329	-5.752732	912.212891	25.580622
-25.574329	-5.752732	910.447266	18.470591
-25.574329	-5.752732	908.679688	18.466290
-25.574329	-5.752732	906.912109	19.882139
-25.574329	-5.752732	905.144531	18.457685
-25.574329	-5.752732	903.375000	26.970327
-25.574329	-5.752732	901.607422	26.964041
-25.574329	-5.752732	899.837891	32.633072
-25.574329	-5.752732	898.068359	25.532969
-25.574329	-5.752732	896.298828	31.199682
-25.574329	-5.752732	894.529297	26.938894
-25.574329	-5.752732	892.757813	32.602631
-25.574329	-5.752732	890.986328	19.840446
-25.574329	-5.752732	889.214844	19.835815
-25.574329	-5.752732	887.443359	21.247698
-25.574329	-5.752732	885.669922	22.658918
-25.574329	-5.752732	883.898438	22.653625
-25.574329	-5.752732	882.125000	33.972500
-25.574329	-5.752732	880.351563	19.812660
-25.574329	-5.752732	878.578125	26.882326
-25.574329	-5.752732	876.802734	26.876041
-25.574329	-5.752732	875.027344	21.212967
-25.574329	-5.752732	873.251953	24.035740
-25.574329	-5.752732	871.476563	15.548900
-25.574329	-5.752732	869.701172	28.264112
-25.574329	-5.752732	867.923828	22.605999
-25.574329	-5.752732	866.146484	22.600708
-25.574329	-5.752732	864.369141	25.419846
-25.574329	-5.752732	862.591797	28.237659
-25.574329	-5.752732	860.814453	26.819494
-25.574329	-5.752732	859.035156	25.401991
-25.574329	-5.752732	857.255859	18.341585
-25.574329	-5.752732	855.476563	23.979528
-25.574329	-5.752732	853.697266	22.563679
-25.574329	-5.752732	851.916016	21.148491
-25.574329	-5.752732	850.136719	22.553102
-25.574329	-5.752732	848.355469	26.775528
-25.574329	-5.752732	846.574219	21.133617
-25.574329	-5.752732	844.791016	16.902927
-25.574329	-5.752732	843.009766	19.715456
-25.574329	-5.752732	841.226563	19.710829
-25.574329	-5.752732	839.443359	25.336546
-25.574329	-5.752732	837.660156	22.516088
-25.574329	-5.752732	835.875000	25.324652
-25.574329	-5.752732	834.091797	18.285730
-25.574329	-5.752732	832.306641	25.312756
-25.574329	-5.752732	830.521484	16.871206
-25.574329	-5.752732	828.734375	18.272846
-25.574329	-5.752732	826.949219	15.458005
-25.574329	-5.752732	825.162109	22.479086
-25.574329	-5.752732	823.375000	16.855350
-25.574329	-5.752732	821.587891	21.064234
-25.574329	-5.752732	819.800781	23.867184
-25.574329	-5.752732	818.011719	29.476055
-25.574329	-5.752732	816.222656	23.855953
-25.574329	-5.752732	814.433594	19.641457
-25.574329	-5.752732	812.644531	21.039465
-25.574329	-5.752732	810.855469	21.034512
-25.574329	-5.752732	809.064453	11.215765
-25.574329	-5.752732	807.273438	16.819685
-25.574329	-5.752732	805.482422	22.420963
-25.574329	-5.752732	803.691406	15.410782
-25.574329	-5.752732	801.898438	22.410400
-25.574329	-5.752732	800.107422	21.004799
-25.574329	-5.752732	798.314453	25.199818
-25.574329	-5.752732	796.521484	22.394556
-25.574329	-5.752732	794.726563	22.389277
-25.574329	-5.752732	792.933594	16.787996
-25.574329	-5.752732	791.138672	19.581375
-25.574329	-5.752732	789.343750	20.975096
-25.574329	-5.752732	787.546875	18.174128
-25.574329	-5.752732	785.751953	27.953596
-25.574329	-5.752732	783.955078	20.960247
-25.574329	-5.752732	782.158203	19.558279
-25.574329	-5.752732	780.361328	25.140421
-25.574329	-5.752732	778.564453	19.549042
-25.574329	-5.752732	776.765625	20.940454
-25.574329	-5.752732	774.968750	22.331207
-25.574329	-5.752732	773.169922	18.139818
-25.574329	-5.752732	771.369141	19.530573
-25.574329	-5.752732	769.570313	32.078354
-25.574329	-5.752732	767.769531	26.493246
-25.574329	-5.752732	765.970703	30.669136
-25.574329	-5.752732	764.167969	29.268160
-25.574329	-5.752732	762.367188	26.474451
-25.574329	-5.752732	760.566406	32.040440
-25.574329	-5.752732	758.763672	18.105528
-25.574329	-5.752732	756.960938	27.848064
-25.574329	-5.752732	755.158203	23.665251
-25.574329	-5.752732	753.353516	26.443136
-25.574329	-5.752732	751.550781	19.479803
-25.574329	-5.752732	749.746094	30.603868
-25.574329	-5.752732	747.941406	26.424353
-25.574329	-5.752732	746.136719	25.027666
-25.574329	-5.752732	744.330078	29.192024
-25.574329	-5.752732	742.523438	26.405571
-25.574329	-5.752732	740.718750	23.620438
-25.574329	-5.752732	738.910156	37.505917
-25.574329	-5.752732	737.103516	31.941910
-25.574329	-5.752732	735.294922	24.992086
-25.574329	-5.752732	733.488281	18.045559
-25.574329	-5.752732	731.679688	29.143602
-25.574329	-5.752732	729.869141	26.361765
-25.574329	-5.752732	728.060547	23.581244
-25.574329	-5.752732	726.250000	29.122858
-25.574329	-5.752732	724.439453	19.410629
-25.574329	-5.752732	722.628906	20.792164
-25.574329	-5.752732	720.818359	20.787228
-25.574329	-5.752732	719.005859	24.938747
-25.574329	-5.752732	717.195313	26.317980
-25.574329	-5.752732	715.382813	26.311726
-25.574329	-5.752732	713.568359	23.536476
-25.574329	-5.752732	711.755859	16.610035
-25.574329	-5.752732	709.941406	17.989927
-25.574329	-5.752732	708.126953	19.369162
-25.574329	-5.752732	706.312500	22.130920
-25.574329	-5.752732	704.498047	19.359949
-25.574329	-5.752732	702.681641	22.120394
-25.574329	-5.752732	700.867188	26.261717
-25.574329	-5.752732	699.050781	23.491735
-25.574329	-5.752732	697.232422	16.578455
-25.574329	-5.752732	695.416016	20.718136
-25.574329	-5.752732	693.597656	19.332323
-25.574329	-5.752732	691.779297	23.469376
-25.574329	-5.752732	689.960938	20.703341
-25.574329	-5.752732	688.142578	24.838091
-25.574329	-5.752732	686.324219	24.832174
-25.574329	-5.752732	684.503906	20.688549
-25.574329	-5.752732	682.683594	22.062527
-25.574329	-5.752732	680.863281	17.921532
-25.574329	-5.752732	679.041016	24.808514
-25.574329	-5.752732	677.218750	26.180521
-25.574329	-5.752732	675.398438	22.041498
-25.574329	-5.752732	673.576172	22.036242
-25.574329	-5.752732	671.751953	26.161795
-25.574329	-5.752732	669.929688	30.285379
-25.574329	-5.752732	668.105469	23.396755
-25.574329	-5.752732	666.281250	22.015221
-25.574329	-5.752732	664.457031	22.009966
-25.574329	-5.752732	662.630859	27.505892
-25.574329	-5.752732	660.806641	28.874290
-25.574329	-5.752732	658.980469	28.867397
-25.574329	-5.752732	657.154297	27.486195
-25.574329	-5.752732	655.326172	23.357685
-25.574329	-5.752732	653.500000	30.220371
-25.574329	-5.752732	651.671875	31.586477
-25.574329	-5.752732	649.843750	32.951927
-25.574329	-5.752732	648.015625	34.316723
-25.574329	-5.752732	646.185547	39.797882
-25.574329	-5.752732	644.357422	31.556293
-25.574329	-5.752732	642.527344	34.292118
-25.574329	-5.752732	640.697266	31.541204
-25.574329	-5.752732	638.865234	26.049547
-25.574329	-5.752732	637.035156	32.896820
-25.574329	-5.752732	635.203125	34.259323
-25.574329	-5.752732	633.371094	30.140991
-25.574329	-5.752732	631.539063	27.394344
-25.574329	-5.752732	629.705078	28.757179
-25.574329	-5.752732	627.873047	27.381233
-25.574329	-5.752732	626.039063	34.218349
-25.574329	-5.752732	624.203125	36.946968
-25.574329	-5.752732	622.369141	36.938122
-25.574329	-5.752732	620.535156	36.929276
-25.574329	-5.752732	618.699219	35.553005
-25.574329	-5.752732	616.863281	30.076107
-25.574329	-5.752732	615.025391	34.169205
-25.574329	-5.752732	613.189453	35.527458
-25.574329	-5.752732	611.351563	30.054491
-25.574329	-5.752732	609.513672	35.510433
-25.574329	-5.752732	607.675781	27.309168
-25.574329	-5.752732	605.837891	35.493408
-25.574329	-5.752732	603.998047	30.025682
-25.574329	-5.752732	602.158203	35.476387
-25.574329	-5.752732	600.318359	32.739578
-25.574329	-5.752732	598.478516	30.004082
-25.574329	-5.752732	596.636719	34.087368
-25.574329	-5.752732	594.796875	36.805523
-25.574329	-5.752732	592.955078	36.796692
-25.574329	-5.752732	591.111328	31.337807
-25.574329	-5.752732	589.269531	24.519354
-25.574329	-5.752732	587.425781	28.599045
-25.574329	-5.752732	585.583984	27.230646
-25.574329	-5.752732	583.738281	38.113750
-25.574329	-5.752732	581.894531	34.021961
-25.574329	-5.752732	580.050781	23.129377
-25.574329	-5.752732	578.205078	20.403372
-25.574329	-5.752732	576.359375	27.197960
-25.574329	-5.752732	574.513672	25.831852
-25.574329	-5.752732	572.666016	25.825645
-25.574329	-5.752732	570.818359	28.537273
-25.574329	-5.752732	568.970703	20.378868
-25.574329	-5.752732	567.123047	21.732233
-25.574329	-5.752732	565.275391	29.874636
-25.574329	-5.752732	563.425781	17.648949
-25.574329	-5.752732	561.576172	21.716558
-25.574329	-5.752732	559.726563	23.068295
-25.574329	-5.752732	557.876953	21.706114
-25.574329	-5.752732	556.027344	18.988279
-25.574329	-5.752732	554.175781	24.407629
-25.574329	-5.752732	552.324219	28.468714
-25.574329	-5.752732	550.472656	28.461863
-25.574329	-5.752732	548.619141	32.520016
-25.574329	-5.752732	546.767578	25.738813
-25.574329	-5.752732	544.914063	21.669573
-25.574329	-5.752732	543.060547	43.328709
-25.574329	-5.752732	541.205078	28.427620
-25.574329	-5.752732	539.351563	33.834251
-25.574329	-5.752732	537.496094	41.944370
-25.574329	-5.752732	535.640625	47.345139
-25.574329	-5.752732	533.785156	52.743301
-25.574329	-5.752732	531.927734	50.026459
-25.574329	-5.752732	530.070313	64.883553
-25.574329	-5.752732	528.212891	72.976402
-25.574329	-5.752732	526.355469	122.949120
-25.574329	-5.752732	524.498047	176.950027
-25.574329	-5.752732	522.638672	364.618225
-25.574329	-5.752732	520.779297	560.296631
-25.574329	-5.752732	518.919922	464.326630
-25.574329	-5.752732	517.060547	253.698715
-25.574329	-5.752732	515.199219	147.055801
-25.574329	-5.752732	513.339844	83.626244
-25.574329	-5.752732	511.478516	74.166672
-25.574329	-5.752732	509.615234	75.496941
-25.574329	-5.752732	507.753906	64.696053
-25.574329	-5.752732	505.890625	70.070473
-25.574329	-5.752732	504.027344	75.442299
-25.574329	-5.752732	502.164063	56.568069
-25.574329	-5.752732	500.300781	63.287083
-25.574329	-5.752732	498.435547	67.310432
-25.574329	-5.752732	496.570313	65.948296
-25.574329	-5.752732	494.705078	63.241257
-25.574329	-5.752732	492.839844	71.297386
-25.574329	-5.752732	490.972656	57.831081
-25.574329	-5.752732	489.107422	63.195450
-25.574329	-5.752732	487.240234	55.114628
-25.574329	-5.752732	485.371094	55.101315
-25.574329	-5.752732	483.503906	41.651905
-25.574329	-5.752732	481.634766	44.328411
-25.574329	-5.752732	479.765625	47.003620
-25.574329	-5.752732	477.896484	42.964352
-25.574329	-5.752732	476.027344	45.638592
-25.574329	-5.752732	474.156250	45.627560
-25.574329	-5.752732	472.285156	38.908218
-25.574329	-5.752732	470.414063	40.240150
-25.574329	-5.752732	468.542969	33.525349
-25.574329	-5.752732	466.669922	40.220692
-25.574329	-5.752732	464.796875	33.509140
-25.574329	-5.752732	462.923828	36.181118
-25.574329	-5.752732	461.050781	36.172367
-25.574329	-5.752732	459.177734	29.466652
-25.574329	-5.752732	457.302734	36.154869
-25.574329	-5.752732	455.427734	37.484867
-25.574329	-5.752732	453.552734	30.783691
-25.574329	-5.752732	451.675781	32.114342
-25.574329	-5.752732	449.800781	38.795437
-25.574329	-5.752732	447.923828	29.423899
-25.574329	-5.752732	446.046875	37.439533
-25.574329	-5.752732	444.169922	40.104076
-25.574329	-5.752732	442.291016	36.084934
-25.574329	-5.752732	440.412109	34.740044
-25.574329	-5.752732	438.533203	22.709143
-25.574329	-5.752732	436.654297	28.045679
-25.574329	-5.752732	434.773438	32.044445
-25.574329	-5.752732	432.894531	30.701822
-25.574329	-5.752732	431.013672	26.690771
-25.574329	-5.752732	429.130859	30.686953
-25.574329	-5.752732	427.250000	24.010057
-25.574329	-5.752732	425.367188	32.005657
-25.574329	-5.752732	423.484375	23.998426
-25.574329	-5.752732	421.601563	34.655994
-25.574329	-5.752732	419.718750	31.982399
-25.574329	-5.752732	417.833984	29.310095
-25.574329	-5.752732	415.949219	31.966902
-25.574329	-5.752732	414.064453	30.627523
-25.574329	-5.752732	412.179688	29.288792
-25.574329	-5.752732	410.294922	29.281693
-25.574329	-5.752732	408.408203	31.935921
-25.574329	-5.752732	406.521484	31.928179
-25.574329	-5.752732	404.634766	37.240513
-25.574329	-5.752732	402.746094	47.869049
-25.574329	-5.752732	400.857422	79.762405
-25.574329	-5.752732	398.968750	79.743065
-25.574329	-5.752732	397.080078	96.997200
-25.574329	-5.752732	395.191406	86.346428
-25.574329	-5.752732	393.300781	73.044640
-25.574329	-5.752732	391.410156	70.371399
-25.574329	-5.752732	389.519531	61.062252
-25.574329	-5.752732	387.628906	54.411846
-25.574329	-5.752732	385.736328	54.398647
-25.574329	-5.752732	383.843750	51.732502
-25.574329	-5.752732	381.951172	47.741493
-25.574329	-5.752732	380.058594	59.662388
-25.574329	-5.752732	378.164063	72.903000
-25.574329	-5.752732	376.271484	80.836441
-25.574329	-5.752732	374.376953	99.364944
-25.574329	-5.752732	372.480469	88.744476
-25.574329	-5.752732	370.585938	56.941586
-25.574329	-5.752732	368.689453	64.871178
-25.574329	-5.752732	366.792969	47.648888
-25.574329	-5.752732	364.896484	52.930355
-25.574329	-5.752732	363.000000	54.240444
-25.574329	-5.752732	361.101563	66.130829
-25.574329	-5.752732	359.203125	62.147888
-25.574329	-5.752732	357.304688	51.557003
-25.574329	-5.752732	355.406250	68.725983
-25.574329	-5.752732	353.505859	51.531971
-25.574329	-5.752732	351.605469	70.013618
-25.574329	-5.752732	349.705078	58.110401
-25.574329	-5.752732	347.804688	58.096291
-25.574329	-5.752732	345.902344	51.481934
-25.574329	-5.752732	344.001953	58.068073
-25.574329	-5.752732	342.099609	63.331604
-25.574329	-5.752732	340.195313	47.487167
-25.574329	-5.752732	338.292969	44.838097
-25.574329	-5.752732	336.388672	51.419445
-25.574329	-5.752732	334.484375	38.225681
-25.574329	-5.752732	332.580078	39.534203
-25.574329	-5.752732	330.675781	39.524601
-25.574329	-5.752732	328.769531	38.197830
-25.574329	-5.752732	326.863281	34.238010
-25.574329	-5.752732	324.957031	32.913166
-25.574329	-5.752732	323.048828	28.956549
-25.574329	-5.752732	321.142578	34.213062
-25.574329	-5.752732	319.234375	47.360420
-25.574329	-5.752732	317.326172	40.772675
-25.574329	-5.752732	315.417969	42.077694
-25.574329	-5.752732	313.507813	42.067471
-25.574329	-5.752732	311.597656	32.857224
-25.574329	-5.752732	309.687500	42.047028
-25.574329	-5.752732	307.777344	39.409508
-25.574329	-5.752732	305.865234	36.773270
-25.574329	-5.752732	303.955078	43.329388
-25.574329	-5.752732	302.042969	35.442703
-25.574329	-5.752732	300.128906	35.434090
-25.574329	-5.752732	298.216797	38.049583
-25.574329	-5.752732	296.302734	31.481657
-25.574329	-5.752732	294.388672	28.851171
-25.574329	-5.752732	292.474609	40.644043
-25.574329	-5.752732	290.560547	39.323383
-25.574329	-5.752732	288.644531	41.934746
-25.574329	-5.752732	286.728516	47.165119
-25.574329	-5.752732	284.812500	62.871540
-25.574329	-5.752732	282.896484	58.927738
-25.574329	-5.752732	280.978516	58.913414
-25.574329	-5.752732	279.060547	58.899090
-25.574329	-5.752732	277.142578	79.821579
-25.574329	-5.752732	275.224609	71.952782
-25.574329	-5.752732	273.304688	58.856144
-25.574329	-5.752732	271.384766	73.225395
-25.574329	-5.752732	269.464844	99.353157
-25.574329	-5.752732	267.544922	99.329002
-25.574329	-5.752732	265.623047	152.877213
-25.574329	-5.752732	263.703125	220.768951
-25.574329	-5.752732	261.781250	312.135803
-25.574329	-5.752732	259.857422	347.313538
-25.574329	-5.752732	257.935547	336.786102
-25.574329	-5.752732	256.011719	288.417175
-25.574329	-5.752732	254.087891	317.051300
-25.574329	-5.752732	252.164063	804.827515
-25.574329	-5.752732	250.240234	2038.313721
-25.574329	-5.752732	248.314453	1951.768188
-25.574329	-5.752732	246.388672	853.772461
-25.574329	-5.752732	244.462891	389.642578
-25.574329	-5.752732	242.535156	259.264282
-25.574329	-5.752732	240.609375	217.520645
-25.574329	-5.752732	238.681641	199.236923
-25.574329	-5.752732	236.753906	151.018723
-25.574329	-5.752732	234.824219	114.538071
-25.574329	-5.752732	232.896484	109.305206
-25.574329	-5.752732	230.966797	88.463654
-25.574329	-5.752732	229.037109	78.037186
-25.574329	-5.752732	227.107422	84.519730
-25.574329	-5.752732	225.175781	81.899208
-25.574329	-5.752732	223.244141	85.778313
-25.574329	-5.752732	221.312500	83.158745
-25.574329	-5.752732	219.380859	102.624115
-25.574329	-5.752732	217.447266	87.014481
-25.574329	-5.752732	215.515625	88.291733
-25.574329	-5.752732	213.582031	76.587440
-25.574329	-5.752732	211.646484	71.377716
-25.574329	-5.752732	209.712891	60.980675
-25.574329	-5.752732	207.777344	64.857285
-25.574329	-5.752732	205.841797	53.170044
-25.574329	-5.752732	203.906250	44.081512
-25.574329	-5.752732	201.968750	42.774597
-25.574329	-5.752732	200.033203	36.284775
-25.574329	-5.752732	198.095703	31.093676
-25.574329	-5.752732	196.158203	27.200354
-25.574329	-5.752732	194.218750	33.668442
-25.574329	-5.752732	192.281250	24.597881
-25.574329	-5.752732	190.341797	29.769146
-25.574329	-5.752732	188.402344	28.467915
-25.574329	-5.752732	186.460938	29.754677
-25.574329	-5.752732	184.521484	23.280609
-25.574329	-5.752732	182.580078	34.912426
-25.574329	-5.752732	180.638672	24.562033
-25.574329	-5.752732	178.695313	23.263639
-25.574329	-5.752732	176.753906	33.594868
-25.574329	-5.752732	174.810547	29.711315
-25.574329	-5.752732	172.867188	28.412613
-25.574329	-5.752732	170.921875	24.532204
-25.574329	-5.752732	168.978516	25.817099
-25.574329	-5.752732	167.033203	33.554073
-25.574329	-5.752732	165.087891	23.224098
-25.574329	-5.752732	163.142578	29.668028
-25.574329	-5.752732	161.195313	29.660820
-25.574329	-5.752732	159.248047	27.075039
-25.574329	-5.752732	157.300781	29.646410
-25.574329	-5.752732	155.353516	34.793854
-25.574329	-5.752732	153.406250	41.227142
-25.574329	-5.752732	151.457031	34.776955
-25.574329	-5.752732	149.507813	41.207119
-25.574329	-5.752732	147.558594	45.059341
-25.574329	-5.752732	145.607422	45.048397
-25.574329	-5.752732	143.658203	46.324242
-25.574329	-5.752732	141.707031	57.891239
-25.574329	-5.752732	139.753906	61.735661
-25.574329	-5.752732	137.802734	66.864059
-25.574329	-5.752732	135.849609	74.561035
-25.574329	-5.752732	133.896484	57.835037
-25.574329	-5.752732	131.943359	48.826618
-25.574329	-5.752732	129.990234	61.660755
-25.574329	-5.752732	128.035156	64.214363
-25.574329	-5.752732	126.080078	48.791069
-25.574329	-5.752732	124.125000	52.630219
-25.574329	-5.752732	122.169922	53.900795
-25.574329	-5.752732	120.212891	56.453796
-25.574329	-5.752732	118.255859	59.005554
-25.574329	-5.752732	116.298828	53.861565
-25.574329	-5.752732	114.341797	38.463211
-25.574329	-5.752732	112.382813	34.608490
-25.574329	-5.752732	110.423828	35.881580
-25.574329	-5.752732	108.464844	38.435223
-25.574329	-5.752732	106.505859	32.021584
-25.574329	-5.752732	104.544922	17.927736
-25.574329	-5.752732	102.585938	11.522178
-25.574329	-5.752732	100.625000	7.679589
-25.574329	-5.752732	98.662109	2.559242
-25.574329	-5.752732	96.701172	6.396554
-25.574329	-5.752732	94.738281	1.279001
-25.574329	-5.752732	92.775391	2.557381
-25.574329	-5.752732	90.812500	1.278380
-25.574329	-5.752732	88.847656	5.112282
-25.574329	-5.752732	86.882813	3.833282
-25.574329	-5.752732	84.917969	1.277451
-25.574329	-5.752732	82.953125	-1.277141
-25.574329	-5.752732	80.988281	3.830495
-25.574329	-5.752732	79.021484	-1.276522
-25.574329	-5.752732	77.054688	1.276213
-25.574329	-5.752732	75.087891	1.275904
-25.574329	-5.752732	73.119141	0.000000
-25.574329	-5.752732	71.152344	2.550571
-25.574329	-5.752732	69.183594	1.274977
-25.574329	-5.752732	67.212891	2.549336
-25.574329	-5.752732	65.244141	0.000000
-25.574329	-5.752732	63.273438	2.548101
-25.574329	-5.752732	61.302734	2.547484
-25.574329	-5.752732	59.332031	2.546868
-22.574329	-5.752732	1838.626953	11.250040
-22.574329	-5.752732	1837.066406	17.678635
-22.574329	-5.752732	1835.503906	16.068066
-22.574329	-5.752732	1833.941406	22.490505
-22.574329	-5.752732	1832.378906	20.879597
-22.574329	-5.752732	1830.816406	24.086716
-22.574329	-5.752732	1829.251953	16.054394
-22.574329	-5.752732	1827.687500	22.471367
-22.574329	-5.752732	1826.125000	22.466585
-22.574329	-5.752732	1824.560547	24.066219
-22.574329	-5.752732	1822.994141	20.852951
-22.574329	-5.752732	1821.429688	20.848513
-22.574329	-5.752732	1819.865234	14.430513
-22.574329	-5.752732	1818.298828	24.045738
-22.574329	-5.752732	1816.732422	19.232496
-22.574329	-5.752732	1815.166016	17.626036
-22.574329	-5.752732	1813.599609	17.622284
-22.574329	-5.752732	1812.033203	27.228642
-22.574329	-5.752732	1810.464844	20.817469
-22.574329	-5.752732	1808.896484	20.813038
-22.574329	-5.752732	1807.330078	28.811918
-22.574329	-5.752732	1805.759766	25.605141
-22.574329	-5.752732	1804.191406	17.599787
-22.574329	-5.752732	1802.623047	20.795321
-22.574329	-5.752732	1801.052734	19.191593
-22.574329	-5.752732	1799.484375	15.989589
-22.574329	-5.752732	1797.914063	22.380657
-22.574329	-5.752732	1796.343750	19.179337
-22.574329	-5.752732	1794.771484	17.577314
-22.574329	-5.752732	1793.201172	17.573572
-22.574329	-5.752732	1791.628906	19.167086
-22.574329	-5.752732	1790.058594	22.356838
-22.574329	-5.752732	1788.486328	25.545231
-22.574329	-5.752732	1786.914063	17.558605
-22.574329	-5.752732	1785.339844	25.534349
-22.574329	-5.752732	1783.767578	30.315582
-22.574329	-5.752732	1782.193359	22.333038
-22.574329	-5.752732	1780.621094	17.543650
-22.574329	-5.752732	1779.046875	27.107138
-22.574329	-5.752732	1777.470703	27.101362
-22.574329	-5.752732	1775.896484	25.501730
-22.574329	-5.752732	1774.322266	17.528704
-22.574329	-5.752732	1772.746094	17.524969
-22.574329	-5.752732	1771.169922	27.078272
-22.574329	-5.752732	1769.593750	23.887501
-22.574329	-5.752732	1768.017578	15.921607
-22.574329	-5.752732	1766.441406	15.918214
-22.574329	-5.752732	1764.863281	22.280748
-22.574329	-5.752732	1763.287109	22.276001
-22.574329	-5.752732	1761.708984	22.271252
-22.574329	-5.752732	1760.130859	25.447433
-22.574329	-5.752732	1758.552734	20.671633
-22.574329	-5.752732	1756.972656	22.257011
-22.574329	-5.752732	1755.394531	27.020609
-22.574329	-5.752732	1753.814453	28.603956
-22.574329	-5.752732	1752.234375	25.420317
-22.574329	-5.752732	1750.654297	17.472742
-22.574329	-5.752732	1749.074219	20.645201
-22.574329	-5.752732	1747.492188	20.640797
-22.574329	-5.752732	1745.912109	15.874149
-22.574329	-5.752732	1744.330078	23.806145
-22.574329	-5.752732	1742.748047	17.454117
-22.574329	-5.752732	1741.166016	26.968788
-22.574329	-5.752732	1739.583984	23.790913
-22.574329	-5.752732	1738.000000	22.200115
-22.574329	-5.752732	1736.417969	17.439226
-22.574329	-5.752732	1734.833984	23.775688
-22.574329	-5.752732	1733.250000	23.770613
-22.574329	-5.752732	1731.666016	19.012432
-22.574329	-5.752732	1730.082031	22.176437
-22.574329	-5.752732	1728.496094	19.004316
-22.574329	-5.752732	1726.912109	20.583616
-22.574329	-5.752732	1725.326172	25.328272
-22.574329	-5.752732	1723.740234	28.488222
-22.574329	-5.752732	1722.154297	22.152777
-22.574329	-5.752732	1720.566406	11.074023
-22.574329	-5.752732	1718.980469	23.724981
-22.574329	-5.752732	1717.392578	15.813276
-22.574329	-5.752732	1715.804688	17.390888
-22.574329	-5.752732	1714.216797	23.709784
-22.574329	-5.752732	1712.628906	17.383461
-22.574329	-5.752732	1711.041016	18.959724
-22.574329	-5.752732	1709.451172	20.535313
-22.574329	-5.752732	1707.861328	18.951622
-22.574329	-5.752732	1706.271484	18.947573
-22.574329	-5.752732	1704.681641	22.100779
-22.574329	-5.752732	1703.091797	22.096054
-22.574329	-5.752732	1701.501953	17.357475
-22.574329	-5.752732	1699.910156	17.353765
-22.574329	-5.752732	1698.318359	22.081888
-22.574329	-5.752732	1696.726563	22.077168
-22.574329	-5.752732	1695.134766	22.072447
-22.574329	-5.752732	1693.542969	25.220259
-22.574329	-5.752732	1691.949219	31.518581
-22.574329	-5.752732	1690.357422	20.482697
-22.574329	-5.752732	1688.763672	15.752550
-22.574329	-5.752732	1687.169922	34.648197
-22.574329	-5.752732	1685.576172	25.193298
-22.574329	-5.752732	1683.982422	14.168199
-22.574329	-5.752732	1682.386719	18.886889
-22.574329	-5.752732	1680.791016	18.882847
-22.574329	-5.752732	1679.195313	18.878807
-22.574329	-5.752732	1677.599609	17.301868
-22.574329	-5.752732	1676.003906	22.015846
-22.574329	-5.752732	1674.408203	26.727806
-22.574329	-5.752732	1672.810547	31.437744
-22.574329	-5.752732	1671.214844	20.430159
-22.574329	-5.752732	1669.617188	21.996998
-22.574329	-5.752732	1668.019531	20.421410
-22.574329	-5.752732	1666.419922	23.558117
-22.574329	-5.752732	1664.822266	20.412663
-22.574329	-5.752732	1663.222656	20.408289
-22.574329	-5.752732	1661.623047	20.403917
-22.574329	-5.752732	1660.023438	17.261154
-22.574329	-5.752732	1658.423828	17.257454
-22.574329	-5.752732	1656.824219	26.664896
-22.574329	-5.752732	1655.222656	23.522806
-22.574329	-5.752732	1653.623047	20.382061
-22.574329	-5.752732	1652.021484	12.540118
-22.574329	-5.752732	1650.419922	21.940502
-22.574329	-5.752732	1648.818359	29.770010
-22.574329	-5.752732	1647.214844	23.497599
-22.574329	-5.752732	1645.613281	21.926390
-22.574329	-5.752732	1644.009766	25.053356
-22.574329	-5.752732	1642.406250	28.178978
-22.574329	-5.752732	1640.802734	26.607769
-22.574329	-5.752732	1639.199219	17.213099
-22.574329	-5.752732	1637.593750	18.773895
-22.574329	-5.752732	1635.990234	23.462332
-22.574329	-5.752732	1634.384766	25.021116
-22.574329	-5.752732	1632.779297	18.761808
-22.574329	-5.752732	1631.173828	18.757780
-22.574329	-5.752732	1629.568359	20.316565
-22.574329	-5.752732	1627.960938	23.437157
-22.574329	-5.752732	1626.353516	18.745699
-22.574329	-5.752732	1624.748047	14.056253
-22.574329	-5.752732	1623.140625	12.491764
-22.574329	-5.752732	1621.531250	18.733620
-22.574329	-5.752732	1619.923828	20.290394
-22.574329	-5.752732	1618.314453	26.527889
-22.574329	-5.752732	1616.707031	15.601287
-22.574329	-5.752732	1615.097656	20.277313
-22.574329	-5.752732	1613.488281	18.713497
-22.574329	-5.752732	1611.878906	28.064209
-22.574329	-5.752732	1610.267578	21.823025
-22.574329	-5.752732	1608.656250	20.259880
-22.574329	-5.752732	1607.046875	18.697405
-22.574329	-5.752732	1605.435547	26.482292
-22.574329	-5.752732	1603.824219	15.574468
-22.574329	-5.752732	1602.210938	23.356674
-22.574329	-5.752732	1600.599609	18.681318
-22.574329	-5.752732	1598.986328	29.572388
-22.574329	-5.752732	1597.373047	26.453810
-22.574329	-5.752732	1595.759766	24.892344
-22.574329	-5.752732	1594.146484	23.331547
-22.574329	-5.752732	1592.533203	21.771421
-22.574329	-5.752732	1590.917969	24.876265
-22.574329	-5.752732	1589.302734	21.762043
-22.574329	-5.752732	1587.687500	24.865549
-22.574329	-5.752732	1586.072266	23.306431
-22.574329	-5.752732	1584.457031	18.641127
-22.574329	-5.752732	1582.839844	13.977832
-22.574329	-5.752732	1581.224609	27.949638
-22.574329	-5.752732	1579.607422	24.838768
-22.574329	-5.752732	1577.990234	23.281324
-22.574329	-5.752732	1576.373047	20.172796
-22.574329	-5.752732	1574.755859	20.168446
-22.574329	-5.752732	1573.136719	20.164095
-22.574329	-5.752732	1571.517578	24.811995
-22.574329	-5.752732	1569.898438	21.705812
-22.574329	-5.752732	1568.279297	24.801289
-22.574329	-5.752732	1566.660156	21.696445
-22.574329	-5.752732	1565.041016	26.339996
-22.574329	-5.752732	1563.419922	21.687078
-22.574329	-5.752732	1561.798828	21.682398
-22.574329	-5.752732	1560.177734	24.774532
-22.574329	-5.752732	1558.556641	23.221107
-22.574329	-5.752732	1556.935547	23.216091
-22.574329	-5.752732	1555.312500	20.116266
-22.574329	-5.752732	1553.691406	21.658991
-22.574329	-5.752732	1552.068359	12.373892
-22.574329	-5.752732	1550.445313	23.196033
-22.574329	-5.752732	1548.822266	18.552816
-22.574329	-5.752732	1547.197266	20.094538
-22.574329	-5.752732	1545.574219	21.635593
-22.574329	-5.752732	1543.949219	12.360522
-22.574329	-5.752732	1542.324219	27.805161
-22.574329	-5.752732	1540.699219	16.988367
-22.574329	-5.752732	1539.072266	21.616880
-22.574329	-5.752732	1537.447266	24.699661
-22.574329	-5.752732	1535.820313	20.064131
-22.574329	-5.752732	1534.193359	23.145910
-22.574329	-5.752732	1532.566406	23.140900
-22.574329	-5.752732	1530.939453	20.051104
-22.574329	-5.752732	1529.312500	18.504704
-22.574329	-5.752732	1527.683594	13.875523
-22.574329	-5.752732	1526.056641	16.955297
-22.574329	-5.752732	1524.427734	20.033739
-22.574329	-5.752732	1522.798828	12.325784
-22.574329	-5.752732	1521.167969	26.186613
-22.574329	-5.752732	1519.539063	20.020718
-22.574329	-5.752732	1517.908203	20.016376
-22.574329	-5.752732	1516.277344	20.012037
-22.574329	-5.752732	1514.646484	18.468645
-22.574329	-5.752732	1513.015625	20.003359
-22.574329	-5.752732	1511.384766	13.845475
-22.574329	-5.752732	1509.751953	15.380524
-22.574329	-5.752732	1508.121094	18.452623
-22.574329	-5.752732	1506.488281	19.986004
-22.574329	-5.752732	1504.855469	19.981667
-22.574329	-5.752732	1503.220703	15.367176
-22.574329	-5.752732	1501.587891	16.900223
-22.574329	-5.752732	1499.953125	15.360503
-22.574329	-5.752732	1498.318359	18.428600
-22.574329	-5.752732	1496.683594	18.424597
-22.574329	-5.752732	1495.048828	18.420593
-22.574329	-5.752732	1493.414063	16.881876
-22.574329	-5.752732	1491.777344	16.878206
-22.574329	-5.752732	1490.140625	13.806440
-22.574329	-5.752732	1488.505859	24.539446
-22.574329	-5.752732	1486.867188	21.467346
-22.574329	-5.752732	1485.230469	16.863533
-22.574329	-5.752732	1483.593750	26.056154
-22.574329	-5.752732	1481.955078	18.388578
-22.574329	-5.752732	1480.316406	18.384577
-22.574329	-5.752732	1478.677734	22.975719
-22.574329	-5.752732	1477.039063	21.439339
-22.574329	-5.752732	1475.400391	24.496767
-22.574329	-5.752732	1473.759766	15.307146
-22.574329	-5.752732	1472.119141	19.894957
-22.574329	-5.752732	1470.478516	22.950718
-22.574329	-5.752732	1468.837891	21.416004
-22.574329	-5.752732	1467.197266	29.058245
-22.574329	-5.752732	1465.556641	27.522865
-22.574329	-5.752732	1463.914063	15.287148
-22.574329	-5.752732	1462.271484	21.397341
-22.574329	-5.752732	1460.628906	19.864628
-22.574329	-5.752732	1458.986328	32.082016
-22.574329	-5.752732	1457.343750	24.438110
-22.574329	-5.752732	1455.699219	22.905729
-22.574329	-5.752732	1454.054688	21.374018
-22.574329	-5.752732	1452.410156	21.369352
-22.574329	-5.752732	1450.765625	16.786541
-22.574329	-5.752732	1449.121094	18.308592
-22.574329	-5.752732	1447.474609	25.931511
-22.574329	-5.752732	1445.830078	24.400797
-22.574329	-5.752732	1444.183594	19.821318
-22.574329	-5.752732	1442.537109	15.243836
-22.574329	-5.752732	1440.890625	22.860760
-22.574329	-5.752732	1439.242188	22.855764
-22.574329	-5.752732	1437.595703	15.233846
-22.574329	-5.752732	1435.947266	24.368824
-22.574329	-5.752732	1434.298828	18.272623
-22.574329	-5.752732	1432.650391	12.179084
-22.574329	-5.752732	1431.000000	13.698473
-22.574329	-5.752732	1429.351563	18.260635
-22.574329	-5.752732	1427.701172	13.692479
-22.574329	-5.752732	1426.050781	18.252644
-22.574329	-5.752732	1424.400391	19.769369
-22.574329	-5.752732	1422.750000	30.407757
-22.574329	-5.752732	1421.097656	19.760714
-22.574329	-5.752732	1419.447266	22.795830
-22.574329	-5.752732	1417.794922	27.349005
-22.574329	-5.752732	1416.142578	15.190563
-22.574329	-5.752732	1414.490234	15.187234
-22.574329	-5.752732	1412.835938	19.739077
-22.574329	-5.752732	1411.183594	19.734751
-22.574329	-5.752732	1409.529297	19.730423
-22.574329	-5.752732	1407.875000	16.691313
-22.574329	-5.752732	1406.220703	21.238831
-22.574329	-5.752732	1404.566406	19.717445
-22.574329	-5.752732	1402.910156	22.745907
-22.574329	-5.752732	1401.255859	19.708792
-22.574329	-5.752732	1399.599609	16.673010
-22.574329	-5.752732	1397.943359	19.700142
-22.574329	-5.752732	1396.287109	19.695816
-22.574329	-5.752732	1394.628906	16.662029
-22.574329	-5.752732	1392.970703	25.744755
-22.574329	-5.752732	1391.314453	19.682840
-22.574329	-5.752732	1389.656250	13.623587
-22.574329	-5.752732	1387.998047	13.620593
-22.574329	-5.752732	1386.337891	22.695999
-22.574329	-5.752732	1384.679688	24.203743
-22.574329	-5.752732	1383.019531	18.148815
-22.574329	-5.752732	1381.359375	21.168961
-22.574329	-5.752732	1379.699219	16.629095
-22.574329	-5.752732	1378.039063	24.182453
-22.574329	-5.752732	1376.376953	12.088566
-22.574329	-5.752732	1374.716797	22.661072
-22.574329	-5.752732	1373.054688	18.124866
-22.574329	-5.752732	1371.392578	18.120874
-22.574329	-5.752732	1369.728516	22.646105
-22.574329	-5.752732	1368.066406	18.112894
-22.574329	-5.752732	1366.402344	19.617977
-22.574329	-5.752732	1364.740234	21.122398
-22.574329	-5.752732	1363.076172	16.592512
-22.574329	-5.752732	1361.412109	19.605009
-22.574329	-5.752732	1359.746094	16.585196
-22.574329	-5.752732	1358.082031	22.611189
-22.574329	-5.752732	1356.416016	16.577881
-22.574329	-5.752732	1354.750000	18.080971
-22.574329	-5.752732	1353.083984	24.102642
-22.574329	-5.752732	1351.417969	22.591240
-22.574329	-5.752732	1349.750000	18.069002
-22.574329	-5.752732	1348.083984	18.065012
-22.574329	-5.752732	1346.416016	19.566107
-22.574329	-5.752732	1344.748047	22.571291
-22.574329	-5.752732	1343.078125	19.557465
-22.574329	-5.752732	1341.410156	21.057230
-22.574329	-5.752732	1339.740234	27.067598
-22.574329	-5.752732	1338.072266	18.041077
-22.574329	-5.752732	1336.402344	18.037088
-22.574329	-5.752732	1334.730469	21.038616
-22.574329	-5.752732	1333.060547	19.531536
-22.574329	-5.752732	1331.388672	22.531403
-22.574329	-5.752732	1329.718750	15.017611
-22.574329	-5.752732	1328.046875	16.515717
-22.574329	-5.752732	1326.375000	16.512060
-22.574329	-5.752732	1324.701172	15.007640
-22.574329	-5.752732	1323.029297	22.506474
-22.574329	-5.752732	1321.355469	18.001192
-22.574329	-5.752732	1319.681641	14.997669
-22.574329	-5.752732	1318.007813	17.993216
-22.574329	-5.752732	1316.333984	16.490126
-22.574329	-5.752732	1314.660156	16.486469
-22.574329	-5.752732	1312.984375	17.981253
-22.574329	-5.752732	1311.308594	23.969687
-22.574329	-5.752732	1309.632813	20.968822
-22.574329	-5.752732	1307.957031	14.974408
-22.574329	-5.752732	1306.279297	20.959518
-22.574329	-5.752732	1304.603516	25.445196
-22.574329	-5.752732	1302.925781	22.446659
-22.574329	-5.752732	1301.248047	17.953341
-22.574329	-5.752732	1299.570313	14.957794
-22.574329	-5.752732	1297.892578	19.440813
-22.574329	-5.752732	1296.212891	19.436495
-22.574329	-5.752732	1294.533203	25.411306
-22.574329	-5.752732	1292.853516	17.933405
-22.574329	-5.752732	1291.173828	25.400009
-22.574329	-5.752732	1289.494141	20.913004
-22.574329	-5.752732	1287.812500	19.414900
-22.574329	-5.752732	1286.132813	23.889944
-22.574329	-5.752732	1284.451172	25.377419
-22.574329	-5.752732	1282.769531	17.909487
-22.574329	-5.752732	1281.085938	17.905500
-22.574329	-5.752732	1279.404297	26.852270
-22.574329	-5.752732	1277.720703	20.880447
-22.574329	-5.752732	1276.039063	19.384670
-22.574329	-5.752732	1274.355469	22.361944
-22.574329	-5.752732	1272.669922	22.356960
-22.574329	-5.752732	1270.986328	20.861847
-22.574329	-5.752732	1269.300781	17.877598
-22.574329	-5.752732	1267.615234	11.915741
-22.574329	-5.752732	1265.929688	16.380489
-22.574329	-5.752732	1264.244141	17.865641
-22.574329	-5.752732	1262.558594	31.257895
-22.574329	-5.752732	1260.871094	29.762781
-22.574329	-5.752732	1259.185547	20.829296
-22.574329	-5.752732	1257.498047	19.337172
-22.574329	-5.752732	1255.808594	17.845713
-22.574329	-5.752732	1254.121094	20.815348
-22.574329	-5.752732	1252.433594	16.351263
-22.574329	-5.752732	1250.744141	20.806049
-22.574329	-5.752732	1249.054688	25.258842
-22.574329	-5.752732	1247.365234	20.796751
-22.574329	-5.752732	1245.673828	19.306952
-22.574329	-5.752732	1243.984375	17.817816
-22.574329	-5.752732	1242.292969	16.329346
-22.574329	-5.752732	1240.601563	14.841538
-22.574329	-5.752732	1238.910156	17.805862
-22.574329	-5.752732	1237.218750	11.867918
-22.574329	-5.752732	1235.525391	17.797892
-22.574329	-5.752732	1233.833984	19.276733
-22.574329	-5.752732	1232.140625	23.719896
-22.574329	-5.752732	1230.447266	23.714584
-22.574329	-5.752732	1228.753906	26.672930
-22.574329	-5.752732	1227.058594	16.296473
-22.574329	-5.752732	1225.365234	14.811654
-22.574329	-5.752732	1223.669922	14.808333
-22.574329	-5.752732	1221.974609	14.805014
-22.574329	-5.752732	1220.277344	25.162878
-22.574329	-5.752732	1218.582031	22.197559
-22.574329	-5.752732	1216.884766	20.713074
-22.574329	-5.752732	1215.189453	22.187599
-22.574329	-5.752732	1213.492188	20.703779
-22.574329	-5.752732	1211.792969	20.699131
-22.574329	-5.752732	1210.095703	14.781774
-22.574329	-5.752732	1208.396484	22.167681
-22.574329	-5.752732	1206.699219	19.207674
-22.574329	-5.752732	1205.000000	28.066446
-22.574329	-5.752732	1203.298828	22.152740
-22.574329	-5.752732	1201.599609	20.671244
-22.574329	-5.752732	1199.900391	17.714226
-22.574329	-5.752732	1198.199219	25.089510
-22.574329	-5.752732	1196.498047	16.230736
-22.574329	-5.752732	1194.796875	19.177464
-22.574329	-5.752732	1193.093750	11.798861
-22.574329	-5.752732	1191.392578	17.694307
-22.574329	-5.752732	1189.689453	19.164518
-22.574329	-5.752732	1187.986328	17.686340
-22.574329	-5.752732	1186.283203	22.102947
-22.574329	-5.752732	1184.580078	17.678375
-22.574329	-5.752732	1182.875000	23.565855
-22.574329	-5.752732	1181.169922	22.088011
-22.574329	-5.752732	1179.464844	17.666426
-22.574329	-5.752732	1177.759766	20.606182
-22.574329	-5.752732	1176.054688	16.186922
-22.574329	-5.752732	1174.347656	10.298445
-22.574329	-5.752732	1172.642578	14.708745
-22.574329	-5.752732	1170.935547	19.117054
-22.574329	-5.752732	1169.228516	16.172318
-22.574329	-5.752732	1167.519531	26.457819
-22.574329	-5.752732	1165.812500	20.573656
-22.574329	-5.752732	1164.103516	20.569010
-22.574329	-5.752732	1162.394531	17.626598
-22.574329	-5.752732	1160.685547	11.748410
-22.574329	-5.752732	1158.976563	14.682194
-22.574329	-5.752732	1157.265625	17.614651
-22.574329	-5.752732	1155.556641	16.143112
-22.574329	-5.752732	1153.845703	22.008356
-22.574329	-5.752732	1152.134766	23.470270
-22.574329	-5.752732	1150.423828	16.132160
-22.574329	-5.752732	1148.710938	21.993423
-22.574329	-5.752732	1146.998047	17.590757
-22.574329	-5.752732	1145.287109	16.121210
-22.574329	-5.752732	1143.572266	26.374189
-22.574329	-5.752732	1141.859375	21.973513
-22.574329	-5.752732	1140.146484	17.574829
-22.574329	-5.752732	1138.431641	23.427795
-22.574329	-5.752732	1136.716797	26.350298
-22.574329	-5.752732	1135.001953	19.026457
-22.574329	-5.752732	1133.287109	21.948626
-22.574329	-5.752732	1131.570313	21.943649
-22.574329	-5.752732	1129.855469	16.088360
-22.574329	-5.752732	1128.138672	16.084709
-22.574329	-5.752732	1126.421875	19.004889
-22.574329	-5.752732	1124.703125	20.462158
-22.574329	-5.752732	1122.986328	23.380016
-22.574329	-5.752732	1121.267578	24.835627
-22.574329	-5.752732	1119.548828	16.066462
-22.574329	-5.752732	1117.830078	23.364090
-22.574329	-5.752732	1116.111328	16.059162
-22.574329	-5.752732	1114.392578	21.893881
-22.574329	-5.752732	1112.671875	13.133343
-22.574329	-5.752732	1110.951172	16.048214
-22.574329	-5.752732	1109.230469	21.878952
-22.574329	-5.752732	1107.509766	27.707037
-22.574329	-5.752732	1105.787109	20.411066
-22.574329	-5.752732	1104.066406	21.864023
-22.574329	-5.752732	1102.343750	16.029968
-22.574329	-5.752732	1100.621094	16.026320
-22.574329	-5.752732	1098.896484	20.392488
-22.574329	-5.752732	1097.173828	16.019022
-22.574329	-5.752732	1095.449219	21.839144
-22.574329	-5.752732	1093.724609	24.745390
-22.574329	-5.752732	1092.000000	23.284472
-22.574329	-5.752732	1090.275391	27.644009
-22.574329	-5.752732	1088.550781	26.183090
-22.574329	-5.752732	1086.824219	20.359982
-22.574329	-5.752732	1085.097656	23.263243
-22.574329	-5.752732	1083.371094	18.897074
-22.574329	-5.752732	1081.644531	11.626314
-22.574329	-5.752732	1079.916016	21.794365
-22.574329	-5.752732	1078.189453	27.599894
-22.574329	-5.752732	1076.460938	21.784414
-22.574329	-5.752732	1074.732422	24.683365
-22.574329	-5.752732	1073.001953	20.322834
-22.574329	-5.752732	1071.273438	18.866892
-22.574329	-5.752732	1069.542969	20.313547
-22.574329	-5.752732	1067.812500	20.308905
-22.574329	-5.752732	1066.082031	20.304262
-22.574329	-5.752732	1064.351563	20.299618
-22.574329	-5.752732	1062.619141	17.395693
-22.574329	-5.752732	1060.888672	13.043785
-22.574329	-5.752732	1059.156250	13.040801
-22.574329	-5.752732	1057.421875	15.935109
-22.574329	-5.752732	1055.689453	28.966293
-22.574329	-5.752732	1053.957031	27.511679
-22.574329	-5.752732	1052.222656	26.057726
-22.574329	-5.752732	1050.488281	20.262478
-22.574329	-5.752732	1048.753906	23.151812
-22.574329	-5.752732	1047.019531	18.806538
-22.574329	-5.752732	1045.283203	23.141201
-22.574329	-5.752732	1043.546875	26.027884
-22.574329	-5.752732	1041.810547	26.021915
-22.574329	-5.752732	1040.074219	21.679956
-22.574329	-5.752732	1038.337891	20.229984
-22.574329	-5.752732	1036.599609	33.227348
-22.574329	-5.752732	1034.861328	24.553707
-22.574329	-5.752732	1033.123047	21.660063
-22.574329	-5.752732	1031.384766	27.429781
-22.574329	-5.752732	1029.646484	14.433412
-22.574329	-5.752732	1027.906250	17.316116
-22.574329	-5.752732	1026.167969	20.197495
-22.574329	-5.752732	1024.427734	24.519894
-22.574329	-5.752732	1022.685547	20.188211
-22.574329	-5.752732	1020.945313	24.508621
-22.574329	-5.752732	1019.203125	24.502987
-22.574329	-5.752732	1017.462891	24.497351
-22.574329	-5.752732	1015.720703	24.491716
-22.574329	-5.752732	1013.976563	20.165009
-22.574329	-5.752732	1012.234375	21.600393
-22.574329	-5.752732	1010.490234	18.716032
-22.574329	-5.752732	1008.746094	20.151087
-22.574329	-5.752732	1007.001953	17.268383
-22.574329	-5.752732	1005.257813	24.457909
-22.574329	-5.752732	1003.513672	31.644119
-22.574329	-5.752732	1001.767578	28.760752
-22.574329	-5.752732	1000.021484	24.441006
-22.574329	-5.752732	998.275391	31.622246
-22.574329	-5.752732	996.529297	27.303825
-22.574329	-5.752732	994.781250	24.424105
-22.574329	-5.752732	993.035156	30.163992
-22.574329	-5.752732	991.287109	40.209377
-22.574329	-5.752732	989.539063	34.457230
-22.574329	-5.752732	987.789063	35.884663
-22.574329	-5.752732	986.041016	35.876377
-22.574329	-5.752732	984.291016	35.868095
-22.574329	-5.752732	982.541016	45.900558
-22.574329	-5.752732	980.791016	38.719650
-22.574329	-5.752732	979.041016	31.542055
-22.574329	-5.752732	977.289063	37.268360
-22.574329	-5.752732	975.537109	40.125881
-22.574329	-5.752732	973.785156	37.251133
-22.574329	-5.752732	972.033203	35.810112
-22.574329	-5.752732	970.281250	40.098049
-22.574329	-5.752732	968.527344	38.657032
-22.574329	-5.752732	966.773438	37.216679
-22.574329	-5.752732	965.019531	38.639145
-22.574329	-5.752732	963.265625	41.491695
-22.574329	-5.752732	961.511719	40.051674
-22.574329	-5.752732	959.755859	34.322056
-22.574329	-5.752732	958.000000	37.173615
-22.574329	-5.752732	956.244141	42.882698
-22.574329	-5.752732	954.488281	31.440023
-22.574329	-5.752732	952.730469	34.290260
-22.574329	-5.752732	950.974609	32.853882
-22.574329	-5.752732	949.216797	37.130558
-22.574329	-5.752732	947.458984	37.121948
-22.574329	-5.752732	945.701172	39.968208
-22.574329	-5.752732	943.941406	34.250519
-22.574329	-5.752732	942.181641	34.242569
-22.574329	-5.752732	940.421875	37.087509
-22.574329	-5.752732	938.662109	31.374453
-22.574329	-5.752732	936.902344	27.089827
-22.574329	-5.752732	935.140625	32.785332
-22.574329	-5.752732	933.380859	31.352600
-22.574329	-5.752732	931.619141	27.070953
-22.574329	-5.752732	929.855469	24.215752
-22.574329	-5.752732	928.093750	21.361874
-22.574329	-5.752732	926.330078	24.204494
-22.574329	-5.752732	924.568359	27.045794
-22.574329	-5.752732	922.804688	15.654449
-22.574329	-5.752732	921.039063	25.610413
-22.574329	-5.752732	919.275391	27.026924
-22.574329	-5.752732	917.509766	27.020636
-22.574329	-5.752732	915.744141	28.436153
-22.574329	-5.752732	913.978516	19.900673
-22.574329	-5.752732	912.212891	21.317186
-22.574329	-5.752732	910.447266	21.312222
-22.574329	-5.752732	908.679688	24.148224
-22.574329	-5.752732	906.912109	21.302292
-22.574329	-5.752732	905.144531	21.297329
-22.574329	-5.752732	903.375000	28.389820
-22.574329	-5.752732	901.607422	28.383202
-22.574329	-5.752732	899.837891	18.444778
-22.574329	-5.752732	898.068359	17.021978
-22.574329	-5.752732	896.298828	29.781515
-22.574329	-5.752732	894.529297	25.521057
-22.574329	-5.752732	892.757813	24.097595
-22.574329	-5.752732	890.986328	32.595020
-22.574329	-5.752732	889.214844	26.920036
-22.574329	-5.752732	887.443359	29.746777
-22.574329	-5.752732	885.669922	24.075100
-22.574329	-5.752732	883.898438	28.317030
-22.574329	-5.752732	882.125000	25.479374
-22.574329	-5.752732	880.351563	25.473419
-22.574329	-5.752732	878.578125	32.541763
-22.574329	-5.752732	876.802734	25.461514
-22.574329	-5.752732	875.027344	28.283955
-22.574329	-5.752732	873.251953	25.449606
-22.574329	-5.752732	871.476563	31.097799
-22.574329	-5.752732	869.701172	19.784880
-22.574329	-5.752732	867.923828	16.954500
-22.574329	-5.752732	866.146484	16.950531
-22.574329	-5.752732	864.369141	22.595417
-22.574329	-5.752732	862.591797	26.825777
-22.574329	-5.752732	860.814453	18.350180
-22.574329	-5.752732	859.035156	28.224434
-22.574329	-5.752732	857.255859	26.806932
-22.574329	-5.752732	855.476563	21.158409
-22.574329	-5.752732	853.697266	23.973909
-22.574329	-5.752732	851.916016	28.197989
-22.574329	-5.752732	850.136719	21.143534
-22.574329	-5.752732	848.355469	31.003244
-22.574329	-5.752732	846.574219	26.769249
-22.574329	-5.752732	844.791016	19.720083
-22.574329	-5.752732	843.009766	18.307209
-22.574329	-5.752732	841.226563	28.158327
-22.574329	-5.752732	839.443359	23.928961
-22.574329	-5.752732	837.660156	22.516088
-22.574329	-5.752732	835.875000	26.731577
-22.574329	-5.752732	834.091797	22.505514
-22.574329	-5.752732	832.306641	21.093964
-22.574329	-5.752732	830.521484	28.118677
-22.574329	-5.752732	828.734375	23.895260
-22.574329	-5.752732	826.949219	21.079098
-22.574329	-5.752732	825.162109	16.859314
-22.574329	-5.752732	823.375000	28.092251
-22.574329	-5.752732	821.587891	28.085644
-22.574329	-5.752732	819.800781	26.675087
-22.574329	-5.752732	818.011719	18.247082
-22.574329	-5.752732	816.222656	21.049372
-22.574329	-5.752732	814.433594	28.059223
-22.574329	-5.752732	812.644531	25.247356
-22.574329	-5.752732	810.855469	23.839113
-22.574329	-5.752732	809.064453	19.627588
-22.574329	-5.752732	807.273438	23.827887
-22.574329	-5.752732	805.482422	22.420963
-22.574329	-5.752732	803.691406	22.415682
-22.574329	-5.752732	801.898438	21.009750
-22.574329	-5.752732	800.107422	16.803839
-22.574329	-5.752732	798.314453	22.399837
-22.574329	-5.752732	796.521484	25.193876
-22.574329	-5.752732	794.726563	25.187935
-22.574329	-5.752732	792.933594	23.782995
-22.574329	-5.752732	791.138672	23.777386
-22.574329	-5.752732	789.343750	32.161812
-22.574329	-5.752732	787.546875	22.368156
-22.574329	-5.752732	785.751953	27.953596
-22.574329	-5.752732	783.955078	23.754948
-22.574329	-5.752732	782.158203	23.749338
-22.574329	-5.752732	780.361328	30.727180
-22.574329	-5.752732	778.564453	19.549042
-22.574329	-5.752732	776.765625	25.128546
-22.574329	-5.752732	774.968750	20.935507
-22.574329	-5.752732	773.169922	29.302784
-22.574329	-5.752732	771.369141	27.900818
-22.574329	-5.752732	769.570313	29.288933
-22.574329	-5.752732	767.769531	22.310101
-22.574329	-5.752732	765.970703	18.122671
-22.574329	-5.752732	764.167969	27.874437
-22.574329	-5.752732	762.367188	29.261236
-22.574329	-5.752732	760.566406	30.647375
-22.574329	-5.752732	758.763672	33.425587
-22.574329	-5.752732	756.960938	29.240467
-22.574329	-5.752732	755.158203	22.273178
-22.574329	-5.752732	753.353516	25.051392
-22.574329	-5.752732	751.550781	29.219704
-22.574329	-5.752732	749.746094	26.430613
-22.574329	-5.752732	747.941406	29.205862
-22.574329	-5.752732	746.136719	22.246813
-22.574329	-5.752732	744.330078	26.411831
-22.574329	-5.752732	742.523438	31.964640
-22.574329	-5.752732	740.718750	26.399311
-22.574329	-5.752732	738.910156	34.727703
-22.574329	-5.752732	737.103516	29.164352
-22.574329	-5.752732	735.294922	29.157434
-22.574329	-5.752732	733.488281	30.538639
-22.574329	-5.752732	731.679688	29.143602
-22.574329	-5.752732	729.869141	16.649536
-22.574329	-5.752732	728.060547	20.806980
-22.574329	-5.752732	726.250000	16.641634
-22.574329	-5.752732	724.439453	24.956524
-22.574329	-5.752732	722.628906	15.247587
-22.574329	-5.752732	720.818359	37.417007
-22.574329	-5.752732	719.005859	23.553261
-22.574329	-5.752732	717.195313	26.317980
-22.574329	-5.752732	715.382813	19.387589
-22.574329	-5.752732	713.568359	29.074471
-22.574329	-5.752732	711.755859	17.994204
-22.574329	-5.752732	709.941406	16.606087
-22.574329	-5.752732	708.126953	29.053741
-22.574329	-5.752732	706.312500	23.514103
-22.574329	-5.752732	704.498047	29.039925
-22.574329	-5.752732	702.681641	17.972820
-22.574329	-5.752732	700.867188	26.261717
-22.574329	-5.752732	699.050781	26.255468
-22.574329	-5.752732	697.232422	22.104607
-22.574329	-5.752732	695.416016	13.812091
-22.574329	-5.752732	693.597656	22.094084
-22.574329	-5.752732	691.779297	26.230478
-22.574329	-5.752732	689.960938	19.323118
-22.574329	-5.752732	688.142578	26.217985
-22.574329	-5.752732	686.324219	20.693480
-22.574329	-5.752732	684.503906	20.688549
-22.574329	-5.752732	682.683594	22.062527
-22.574329	-5.752732	680.863281	19.300110
-22.574329	-5.752732	679.041016	26.186764
-22.574329	-5.752732	677.218750	24.802599
-22.574329	-5.752732	675.398438	22.041498
-22.574329	-5.752732	673.576172	24.790771
-22.574329	-5.752732	671.751953	23.407923
-22.574329	-5.752732	669.929688	24.778946
-22.574329	-5.752732	668.105469	22.020475
-22.574329	-5.752732	666.281250	34.398781
-22.574329	-5.752732	664.457031	22.009966
-22.574329	-5.752732	662.630859	23.380007
-22.574329	-5.752732	660.806641	27.499325
-22.574329	-5.752732	658.980469	32.991310
-22.574329	-5.752732	657.154297	32.983433
-22.574329	-5.752732	655.326172	35.723518
-22.574329	-5.752732	653.500000	37.088638
-22.574329	-5.752732	651.671875	35.706451
-22.574329	-5.752732	649.843750	34.324924
-22.574329	-5.752732	648.015625	27.453377
-22.574329	-5.752732	646.185547	21.957453
-22.574329	-5.752732	644.357422	26.068241
-22.574329	-5.752732	642.527344	32.920433
-22.574329	-5.752732	640.697266	31.541204
-22.574329	-5.752732	638.865234	43.872921
-22.574329	-5.752732	637.035156	35.638222
-22.574329	-5.752732	635.203125	35.629696
-22.574329	-5.752732	633.371094	32.881081
-22.574329	-5.752732	631.539063	21.915476
-22.574329	-5.752732	629.705078	28.757179
-22.574329	-5.752732	627.873047	36.964664
-22.574329	-5.752732	626.039063	35.587082
-22.574329	-5.752732	624.203125	27.368126
-22.574329	-5.752732	622.369141	28.729650
-22.574329	-5.752732	620.535156	36.929276
-22.574329	-5.752732	618.699219	34.185585
-22.574329	-5.752732	616.863281	27.341915
-22.574329	-5.752732	615.025391	41.003048
-22.574329	-5.752732	613.189453	38.260342
-22.574329	-5.752732	611.351563	32.786716
-22.574329	-5.752732	609.513672	34.144646
-22.574329	-5.752732	607.675781	34.136459
-22.574329	-5.752732	605.837891	32.763145
-22.574329	-5.752732	603.998047	27.296074
-22.574329	-5.752732	602.158203	36.840862
-22.574329	-5.752732	600.318359	34.103729
-22.574329	-5.752732	598.478516	42.278481
-22.574329	-5.752732	596.636719	32.723873
-22.574329	-5.752732	594.796875	31.352854
-22.574329	-5.752732	592.955078	36.796692
-22.574329	-5.752732	591.111328	24.525240
-22.574329	-5.752732	589.269531	27.243727
-22.574329	-5.752732	587.425781	39.493919
-22.574329	-5.752732	585.583984	28.592178
-22.574329	-5.752732	583.738281	27.224108
-22.574329	-5.752732	581.894531	24.495811
-22.574329	-5.752732	580.050781	21.768826
-22.574329	-5.752732	578.205078	24.484045
-22.574329	-5.752732	576.359375	32.637550
-22.574329	-5.752732	574.513672	29.910566
-22.574329	-5.752732	572.666016	25.825645
-22.574329	-5.752732	570.818359	27.178356
-22.574329	-5.752732	568.970703	24.454641
-22.574329	-5.752732	567.123047	27.165291
-22.574329	-5.752732	565.275391	21.727007
-22.574329	-5.752732	563.425781	21.721783
-22.574329	-5.752732	561.576172	27.145699
-22.574329	-5.752732	559.726563	28.496128
-22.574329	-5.752732	557.876953	21.706114
-22.574329	-5.752732	556.027344	21.700891
-22.574329	-5.752732	554.175781	25.763609
-22.574329	-5.752732	552.324219	27.113062
-22.574329	-5.752732	550.472656	29.817190
-22.574329	-5.752732	548.619141	25.745012
-22.574329	-5.752732	546.767578	23.029465
-22.574329	-5.752732	544.914063	37.921753
-22.574329	-5.752732	543.060547	31.142511
-22.574329	-5.752732	541.205078	37.903492
-22.574329	-5.752732	539.351563	37.894363
-22.574329	-5.752732	537.496094	44.650455
-22.574329	-5.752732	535.640625	43.286983
-22.574329	-5.752732	533.785156	54.095692
-22.574329	-5.752732	531.927734	67.603325
-22.574329	-5.752732	530.070313	62.180073
-22.574329	-5.752732	528.212891	79.733482
-22.574329	-5.752732	526.355469	99.980598
-22.574329	-5.752732	524.498047	172.897736
-22.574329	-5.752732	522.638672	379.473053
-22.574329	-5.752732	520.779297	546.795471
-22.574329	-5.752732	518.919922	473.775146
-22.574329	-5.752732	517.060547	225.360031
-22.574329	-5.752732	515.199219	133.564438
-22.574329	-5.752732	513.339844	95.765533
-22.574329	-5.752732	511.478516	83.606071
-22.574329	-5.752732	509.615234	72.800621
-22.574329	-5.752732	507.753906	55.261208
-22.574329	-5.752732	505.890625	64.680435
-22.574329	-5.752732	504.027344	67.359200
-22.574329	-5.752732	502.164063	67.342941
-22.574329	-5.752732	500.300781	65.980148
-22.574329	-5.752732	498.435547	68.656639
-22.574329	-5.752732	496.570313	64.602409
-22.574329	-5.752732	494.705078	67.277931
-22.574329	-5.752732	492.839844	65.916451
-22.574329	-5.752732	490.972656	59.175987
-22.574329	-5.752732	489.107422	57.817112
-22.574329	-5.752732	487.240234	48.393333
-22.574329	-5.752732	485.371094	44.349838
-22.574329	-5.752732	483.503906	42.995514
-22.574329	-5.752732	481.634766	47.014980
-22.574329	-5.752732	479.765625	38.945858
-22.574329	-5.752732	477.896484	53.705441
-22.574329	-5.752732	476.027344	37.584724
-22.574329	-5.752732	474.156250	52.337498
-22.574329	-5.752732	472.285156	34.883228
-22.574329	-5.752732	470.414063	30.850780
-22.574329	-5.752732	468.542969	32.184338
-22.574329	-5.752732	466.669922	32.176556
-22.574329	-5.752732	464.796875	33.509140
-22.574329	-5.752732	462.923828	26.800827
-22.574329	-5.752732	461.050781	32.153214
-22.574329	-5.752732	459.177734	30.806044
-22.574329	-5.752732	457.302734	25.442316
-22.574329	-5.752732	455.427734	24.097414
-22.574329	-5.752732	453.552734	33.460533
-22.574329	-5.752732	451.675781	28.100048
-22.574329	-5.752732	449.800781	26.755474
-22.574329	-5.752732	447.923828	29.423899
-22.574329	-5.752732	446.046875	33.428158
-22.574329	-5.752732	444.169922	26.736052
-22.574329	-5.752732	442.291016	28.066059
-22.574329	-5.752732	440.412109	28.059265
-22.574329	-5.752732	438.533203	28.052471
-22.574329	-5.752732	436.654297	30.716696
-22.574329	-5.752732	434.773438	30.709259
-22.574329	-5.752732	432.894531	25.362373
-22.574329	-5.752732	431.013672	28.025309
-22.574329	-5.752732	429.130859	33.355381
-22.574329	-5.752732	427.250000	30.679518
-22.574329	-5.752732	425.367188	28.004950
-22.574329	-5.752732	423.484375	27.998165
-22.574329	-5.752732	421.601563	30.657227
-22.574329	-5.752732	419.718750	35.980198
-22.574329	-5.752732	417.833984	30.642372
-22.574329	-5.752732	415.949219	31.966902
-22.574329	-5.752732	414.064453	29.295891
-22.574329	-5.752732	412.179688	23.963556
-22.574329	-5.752732	410.294922	27.950706
-22.574329	-5.752732	408.408203	27.943932
-22.574329	-5.752732	406.521484	25.276476
-22.574329	-5.752732	404.634766	34.580475
-22.574329	-5.752732	402.746094	53.187832
-22.574329	-5.752732	400.857422	63.809925
-22.574329	-5.752732	398.968750	83.730217
-22.574329	-5.752732	397.080078	102.312119
-22.574329	-5.752732	395.191406	98.302086
-22.574329	-5.752732	393.300781	79.685066
-22.574329	-5.752732	391.410156	67.715874
-22.574329	-5.752732	389.519531	69.026894
-22.574329	-5.752732	387.628906	51.757610
-22.574329	-5.752732	385.736328	57.052242
-22.574329	-5.752732	383.843750	67.650192
-22.574329	-5.752732	381.951172	55.698410
-22.574329	-5.752732	380.058594	63.639881
-22.574329	-5.752732	378.164063	71.577492
-22.574329	-5.752732	376.271484	72.885315
-22.574329	-5.752732	374.376953	88.766014
-22.574329	-5.752732	372.480469	76.823578
-22.574329	-5.752732	370.585938	68.859596
-22.574329	-5.752732	368.689453	55.603863
-22.574329	-5.752732	366.792969	70.149750
-22.574329	-5.752732	364.896484	59.546650
-22.574329	-5.752732	363.000000	48.948696
-22.574329	-5.752732	361.101563	68.776062
-22.574329	-5.752732	359.203125	71.403954
-22.574329	-5.752732	357.304688	62.132797
-22.574329	-5.752732	355.406250	60.796059
-22.574329	-5.752732	353.505859	58.138634
-22.574329	-5.752732	351.605469	58.124516
-22.574329	-5.752732	349.705078	55.469021
-22.574329	-5.752732	347.804688	63.377769
-22.574329	-5.752732	345.902344	50.161884
-22.574329	-5.752732	344.001953	47.510242
-22.574329	-5.752732	342.099609	56.734562
-22.574329	-5.752732	340.195313	52.763519
-22.574329	-5.752732	338.292969	50.113171
-22.574329	-5.752732	336.388672	36.916523
-22.574329	-5.752732	334.484375	35.589428
-22.574329	-5.752732	332.580078	39.534203
-22.574329	-5.752732	330.675781	36.889626
-22.574329	-5.752732	328.769531	42.149330
-22.574329	-5.752732	326.863281	31.604319
-22.574329	-5.752732	324.957031	46.078434
-22.574329	-5.752732	323.048828	32.905170
-22.574329	-5.752732	321.142578	31.581287
-22.574329	-5.752732	319.234375	28.942480
-22.574329	-5.752732	317.326172	36.826931
-22.574329	-5.752732	315.417969	35.503056
-22.574329	-5.752732	313.507813	35.494427
-22.574329	-5.752732	311.597656	38.114380
-22.574329	-5.752732	309.687500	42.047028
-22.574329	-5.752732	307.777344	39.409508
-22.574329	-5.752732	305.865234	40.713261
-22.574329	-5.752732	303.955078	35.451317
-22.574329	-5.752732	302.042969	43.318859
-22.574329	-5.752732	300.128906	41.995956
-22.574329	-5.752732	298.216797	38.049583
-22.574329	-5.752732	296.302734	34.105129
-22.574329	-5.752732	294.388672	45.899590
-22.574329	-5.752732	292.474609	35.399651
-22.574329	-5.752732	290.560547	41.944942
-22.574329	-5.752732	288.644531	49.797508
-22.574329	-5.752732	286.728516	48.475262
-22.574329	-5.752732	284.812500	55.012596
-22.574329	-5.752732	282.896484	60.237244
-22.574329	-5.752732	280.978516	66.768532
-22.574329	-5.752732	279.060547	68.061172
-22.574329	-5.752732	277.142578	64.118973
-22.574329	-5.752732	275.224609	68.028084
-22.574329	-5.752732	273.304688	73.243202
-22.574329	-5.752732	271.384766	75.840584
-22.574329	-5.752732	269.464844	79.743980
-22.574329	-5.752732	267.544922	95.408127
-22.574329	-5.752732	265.623047	146.343994
-22.574329	-5.752732	263.703125	225.994247
-22.574329	-5.752732	261.781250	305.605774
-22.574329	-5.752732	259.857422	331.645264
-22.574329	-5.752732	257.935547	313.289398
-22.574329	-5.752732	256.011719	294.942474
-22.574329	-5.752732	254.087891	300.089691
-22.574329	-5.752732	252.164063	755.259521
-22.574329	-5.752732	250.240234	1945.722290
-22.574329	-5.752732	248.314453	1915.262207
-22.574329	-5.752732	246.388672	887.662659
-22.574329	-5.752732	244.462891	397.461487
-22.574329	-5.752732	242.535156	263.172791
-22.574329	-5.752732	240.609375	212.310562
-22.574329	-5.752732	238.681641	161.473068
-22.574329	-5.752732	236.753906	131.490433
-22.574329	-5.752732	234.824219	118.442772
-22.574329	-5.752732	232.896484	115.811470
-22.574329	-5.752732	230.966797	93.667397
-22.574329	-5.752732	229.037109	88.442146
-22.574329	-5.752732	227.107422	81.919128
-22.574329	-5.752732	225.175781	76.699257
-22.574329	-5.752732	223.244141	76.680611
-22.574329	-5.752732	221.312500	94.852943
-22.574329	-5.752732	219.380859	90.932762
-22.574329	-5.752732	217.447266	88.313210
-22.574329	-5.752732	215.515625	85.694923
-22.574329	-5.752732	213.582031	70.096977
-22.574329	-5.752732	211.646484	68.782166
-22.574329	-5.752732	209.712891	67.467979
-22.574329	-5.752732	207.777344	67.451576
-22.574329	-5.752732	205.841797	70.028839
-22.574329	-5.752732	203.906250	50.564091
-22.574329	-5.752732	201.968750	41.478397
-22.574329	-5.752732	200.033203	38.876545
-22.574329	-5.752732	198.095703	49.231655
-22.574329	-5.752732	196.158203	36.267139
-22.574329	-5.752732	194.218750	34.963383
-22.574329	-5.752732	192.281250	36.249508
-22.574329	-5.752732	190.341797	34.946388
-22.574329	-5.752732	188.402344	28.467915
-22.574329	-5.752732	186.460938	28.460995
-22.574329	-5.752732	184.521484	31.040812
-22.574329	-5.752732	182.580078	24.568003
-22.574329	-5.752732	180.638672	29.732986
-22.574329	-5.752732	178.695313	23.263639
-22.574329	-5.752732	176.753906	23.257986
-22.574329	-5.752732	174.810547	21.960539
-22.574329	-5.752732	172.867188	27.121132
-22.574329	-5.752732	170.921875	25.823372
-22.574329	-5.752732	168.978516	30.980518
-22.574329	-5.752732	167.033203	28.391909
-22.574329	-5.752732	165.087891	24.514326
-22.574329	-5.752732	163.142578	27.088200
-22.574329	-5.752732	161.195313	32.240021
-22.574329	-5.752732	159.248047	42.546490
-22.574329	-5.752732	157.300781	41.247181
-22.574329	-5.752732	155.353516	36.082516
-22.574329	-5.752732	153.406250	32.208706
-22.574329	-5.752732	151.457031	37.353024
-22.574329	-5.752732	149.507813	42.494843
-22.574329	-5.752732	147.558594	45.059341
-22.574329	-5.752732	145.607422	46.335495
-22.574329	-5.752732	143.658203	52.758163
-22.574329	-5.752732	141.707031	52.745354
-22.574329	-5.752732	139.753906	65.594139
-22.574329	-5.752732	137.802734	73.293297
-22.574329	-5.752732	135.849609	66.847824
-22.574329	-5.752732	133.896484	70.687263
-22.574329	-5.752732	131.943359	75.809746
-22.574329	-5.752732	129.990234	68.083748
-22.574329	-5.752732	128.035156	60.361500
-22.574329	-5.752732	126.080078	55.210945
-22.574329	-5.752732	124.125000	59.048538
-22.574329	-5.752732	122.169922	50.050739
-22.574329	-5.752732	120.212891	52.604675
-22.574329	-5.752732	118.255859	62.853745
-22.574329	-5.752732	116.298828	56.426399
-22.574329	-5.752732	114.341797	50.002174
-22.574329	-5.752732	112.382813	44.862858
-22.574329	-5.752732	110.423828	28.192669
-22.574329	-5.752732	108.464844	34.591702
-22.574329	-5.752732	106.505859	25.617266
-22.574329	-5.752732	104.544922	17.927736
-22.574329	-5.752732	102.585938	15.362904
-22.574329	-5.752732	100.625000	11.519383
-22.574329	-5.752732	98.662109	7.677726
-22.574329	-5.752732	96.701172	1.279311
-22.574329	-5.752732	94.738281	0.000000
-22.574329	-5.752732	92.775391	1.278690
-22.574329	-5.752732	90.812500	1.278380
-22.574329	-5.752732	88.847656	-1.278070
-22.574329	-5.752732	86.882813	0.000000
-22.574329	-5.752732	84.917969	2.554902
-22.574329	-5.752732	82.953125	1.277141
-22.574329	-5.752732	80.988281	1.276832
-22.574329	-5.752732	79.021484	0.000000
-22.574329	-5.752732	77.054688	2.552426
-22.574329	-5.752732	75.087891	5.103615
-22.574329	-5.752732	73.119141	1.275595
-22.574329	-5.752732	71.152344	1.275286
-22.574329	-5.752732	69.183594	1.274977
-22.574329	-5.752732	67.212891	5.098672
-22.574329	-5.752732	65.244141	0.000000
-22.574329	-5.752732	63.273438	1.274051
-22.574329	-5.752732	61.302734	2.547484
-22.574329	-5.752732	59.332031	1.273434
-19.574329	-5.752732	1838.626953	17.678635
-19.574329	-5.752732	1837.066406	27.321526
-19.574329	-5.752732	1835.503906	20.888487
-19.574329	-5.752732	1833.941406	20.884041
-19.574329	-5.752732	1832.378906	27.304089
-19.574329	-5.752732	1830.816406	22.480934
-19.574329	-5.752732	1829.251953	14.448955
-19.574329	-5.752732	1827.687500	19.261173
-19.574329	-5.752732	1826.125000	24.071342
-19.574329	-5.752732	1824.560547	19.252975
-19.574329	-5.752732	1822.994141	20.852951
-19.574329	-5.752732	1821.429688	27.263439
-19.574329	-5.752732	1819.865234	17.637295
-19.574329	-5.752732	1818.298828	22.442688
-19.574329	-5.752732	1816.732422	20.835203
-19.574329	-5.752732	1815.166016	22.433136
-19.574329	-5.752732	1813.599609	14.418232
-19.574329	-5.752732	1812.033203	33.635380
-19.574329	-5.752732	1810.464844	24.020157
-19.574329	-5.752732	1808.896484	20.813038
-19.574329	-5.752732	1807.330078	19.207945
-19.574329	-5.752732	1805.759766	24.004820
-19.574329	-5.752732	1804.191406	20.799747
-19.574329	-5.752732	1802.623047	20.795321
-19.574329	-5.752732	1801.052734	20.790892
-19.574329	-5.752732	1799.484375	19.187508
-19.574329	-5.752732	1797.914063	14.387566
-19.574329	-5.752732	1796.343750	17.581059
-19.574329	-5.752732	1794.771484	12.783502
-19.574329	-5.752732	1793.201172	17.573572
-19.574329	-5.752732	1791.628906	30.347887
-19.574329	-5.752732	1790.058594	27.147589
-19.574329	-5.752732	1788.486328	17.562346
-19.574329	-5.752732	1786.914063	23.943554
-19.574329	-5.752732	1785.339844	27.130247
-19.574329	-5.752732	1783.767578	20.742241
-19.574329	-5.752732	1782.193359	23.928255
-19.574329	-5.752732	1780.621094	14.353895
-19.574329	-5.752732	1779.046875	23.918062
-19.574329	-5.752732	1777.470703	23.912966
-19.574329	-5.752732	1775.896484	17.532440
-19.574329	-5.752732	1774.322266	19.122223
-19.574329	-5.752732	1772.746094	28.677221
-19.574329	-5.752732	1771.169922	12.742716
-19.574329	-5.752732	1769.593750	20.702501
-19.574329	-5.752732	1768.017578	15.921607
-19.574329	-5.752732	1766.441406	22.285500
-19.574329	-5.752732	1764.863281	23.872231
-19.574329	-5.752732	1763.287109	19.093714
-19.574329	-5.752732	1761.708984	20.680449
-19.574329	-5.752732	1760.130859	22.266504
-19.574329	-5.752732	1758.552734	22.261757
-19.574329	-5.752732	1756.972656	19.077438
-19.574329	-5.752732	1755.394531	17.483923
-19.574329	-5.752732	1753.814453	20.658413
-19.574329	-5.752732	1752.234375	19.065239
-19.574329	-5.752732	1750.654297	19.061172
-19.574329	-5.752732	1749.074219	20.645201
-19.574329	-5.752732	1747.492188	22.228550
-19.574329	-5.752732	1745.912109	15.874149
-19.574329	-5.752732	1744.330078	19.044916
-19.574329	-5.752732	1742.748047	23.801067
-19.574329	-5.752732	1741.166016	28.555187
-19.574329	-5.752732	1739.583984	30.135157
-19.574329	-5.752732	1738.000000	26.957281
-19.574329	-5.752732	1736.417969	22.195377
-19.574329	-5.752732	1734.833984	19.020550
-19.574329	-5.752732	1733.250000	20.601198
-19.574329	-5.752732	1731.666016	20.596802
-19.574329	-5.752732	1730.082031	20.592405
-19.574329	-5.752732	1728.496094	19.004316
-19.574329	-5.752732	1726.912109	23.750326
-19.574329	-5.752732	1725.326172	15.830171
-19.574329	-5.752732	1723.740234	25.322865
-19.574329	-5.752732	1722.154297	28.482140
-19.574329	-5.752732	1720.566406	23.730049
-19.574329	-5.752732	1718.980469	12.653323
-19.574329	-5.752732	1717.392578	25.301243
-19.574329	-5.752732	1715.804688	20.552868
-19.574329	-5.752732	1714.216797	23.709784
-19.574329	-5.752732	1712.628906	18.963776
-19.574329	-5.752732	1711.041016	22.119677
-19.574329	-5.752732	1709.451172	23.694592
-19.574329	-5.752732	1707.861328	25.268829
-19.574329	-5.752732	1706.271484	30.000324
-19.574329	-5.752732	1704.681641	25.258032
-19.574329	-5.752732	1703.091797	17.361185
-19.574329	-5.752732	1701.501953	22.091331
-19.574329	-5.752732	1699.910156	22.086609
-19.574329	-5.752732	1698.318359	22.081888
-19.574329	-5.752732	1696.726563	18.923286
-19.574329	-5.752732	1695.134766	18.919239
-19.574329	-5.752732	1693.542969	22.067726
-19.574329	-5.752732	1691.949219	23.638937
-19.574329	-5.752732	1690.357422	15.755920
-19.574329	-5.752732	1688.763672	20.478315
-19.574329	-5.752732	1687.169922	22.048853
-19.574329	-5.752732	1685.576172	29.917042
-19.574329	-5.752732	1683.982422	26.762154
-19.574329	-5.752732	1682.386719	18.886889
-19.574329	-5.752732	1680.791016	23.603559
-19.574329	-5.752732	1679.195313	22.025274
-19.574329	-5.752732	1677.599609	25.166355
-19.574329	-5.752732	1676.003906	29.878649
-19.574329	-5.752732	1674.408203	17.294462
-19.574329	-5.752732	1672.810547	26.722082
-19.574329	-5.752732	1671.214844	22.001709
-19.574329	-5.752732	1669.617188	17.283356
-19.574329	-5.752732	1668.019531	25.134043
-19.574329	-5.752732	1666.419922	23.558117
-19.574329	-5.752732	1664.822266	26.693481
-19.574329	-5.752732	1663.222656	20.408289
-19.574329	-5.752732	1661.623047	20.403917
-19.574329	-5.752732	1660.023438	25.107132
-19.574329	-5.752732	1658.423828	21.964033
-19.574329	-5.752732	1656.824219	20.390802
-19.574329	-5.752732	1655.222656	21.954618
-19.574329	-5.752732	1653.623047	25.085615
-19.574329	-5.752732	1652.021484	21.945208
-19.574329	-5.752732	1650.419922	20.373323
-19.574329	-5.752732	1648.818359	18.802113
-19.574329	-5.752732	1647.214844	17.231573
-19.574329	-5.752732	1645.613281	21.926390
-19.574329	-5.752732	1644.009766	25.053356
-19.574329	-5.752732	1642.406250	18.785986
-19.574329	-5.752732	1640.802734	21.912281
-19.574329	-5.752732	1639.199219	20.342752
-19.574329	-5.752732	1637.593750	21.902878
-19.574329	-5.752732	1635.990234	20.334021
-19.574329	-5.752732	1634.384766	15.638198
-19.574329	-5.752732	1632.779297	23.452261
-19.574329	-5.752732	1631.173828	23.447226
-19.574329	-5.752732	1629.568359	23.442190
-19.574329	-5.752732	1627.960938	17.187248
-19.574329	-5.752732	1626.353516	23.432123
-19.574329	-5.752732	1624.748047	15.618060
-19.574329	-5.752732	1623.140625	23.422056
-19.574329	-5.752732	1621.531250	23.417025
-19.574329	-5.752732	1619.923828	12.486396
-19.574329	-5.752732	1618.314453	21.846498
-19.574329	-5.752732	1616.707031	28.082317
-19.574329	-5.752732	1615.097656	23.396900
-19.574329	-5.752732	1613.488281	12.475664
-19.574329	-5.752732	1611.878906	28.064209
-19.574329	-5.752732	1610.267578	26.499388
-19.574329	-5.752732	1608.656250	31.169044
-19.574329	-5.752732	1607.046875	21.813639
-19.574329	-5.752732	1605.435547	24.924509
-19.574329	-5.752732	1603.824219	17.131914
-19.574329	-5.752732	1602.210938	14.014005
-19.574329	-5.752732	1600.599609	15.567765
-19.574329	-5.752732	1598.986328	26.459505
-19.574329	-5.752732	1597.373047	17.117170
-19.574329	-5.752732	1595.759766	26.448114
-19.574329	-5.752732	1594.146484	23.331547
-19.574329	-5.752732	1592.533203	20.216320
-19.574329	-5.752732	1590.917969	20.211966
-19.574329	-5.752732	1589.302734	13.989885
-19.574329	-5.752732	1587.687500	17.095066
-19.574329	-5.752732	1586.072266	20.198906
-19.574329	-5.752732	1584.457031	21.747980
-19.574329	-5.752732	1582.839844	13.977832
-19.574329	-5.752732	1581.224609	15.527576
-19.574329	-5.752732	1579.607422	27.943613
-19.574329	-5.752732	1577.990234	26.385500
-19.574329	-5.752732	1576.373047	21.724550
-19.574329	-5.752732	1574.755859	13.962770
-19.574329	-5.752732	1573.136719	17.061928
-19.574329	-5.752732	1571.517578	21.710495
-19.574329	-5.752732	1569.898438	26.357058
-19.574329	-5.752732	1568.279297	20.151047
-19.574329	-5.752732	1566.660156	17.047207
-19.574329	-5.752732	1565.041016	30.988232
-19.574329	-5.752732	1563.419922	30.981543
-19.574329	-5.752732	1561.798828	23.231140
-19.574329	-5.752732	1560.177734	26.322941
-19.574329	-5.752732	1558.556641	24.769182
-19.574329	-5.752732	1556.935547	20.120613
-19.574329	-5.752732	1555.312500	20.116266
-19.574329	-5.752732	1553.691406	24.753132
-19.574329	-5.752732	1552.068359	17.014101
-19.574329	-5.752732	1550.445313	18.556826
-19.574329	-5.752732	1548.822266	21.644951
-19.574329	-5.752732	1547.197266	21.640272
-19.574329	-5.752732	1545.574219	37.089588
-19.574329	-5.752732	1543.949219	21.630915
-19.574329	-5.752732	1542.324219	21.626236
-19.574329	-5.752732	1540.699219	24.710352
-19.574329	-5.752732	1539.072266	20.072819
-19.574329	-5.752732	1537.447266	13.893559
-19.574329	-5.752732	1535.820313	20.064131
-19.574329	-5.752732	1534.193359	13.887547
-19.574329	-5.752732	1532.566406	23.140900
-19.574329	-5.752732	1530.939453	12.339141
-19.574329	-5.752732	1529.312500	20.046762
-19.574329	-5.752732	1527.683594	16.958971
-19.574329	-5.752732	1526.056641	18.496689
-19.574329	-5.752732	1524.427734	21.574795
-19.574329	-5.752732	1522.798828	24.651567
-19.574329	-5.752732	1521.167969	21.565447
-19.574329	-5.752732	1519.539063	27.720993
-19.574329	-5.752732	1517.908203	20.016376
-19.574329	-5.752732	1516.277344	16.933262
-19.574329	-5.752732	1514.646484	16.929590
-19.574329	-5.752732	1513.015625	16.925919
-19.574329	-5.752732	1511.384766	23.075792
-19.574329	-5.752732	1509.751953	16.918577
-19.574329	-5.752732	1508.121094	16.914906
-19.574329	-5.752732	1506.488281	18.448620
-19.574329	-5.752732	1504.855469	16.907564
-19.574329	-5.752732	1503.220703	15.367176
-19.574329	-5.752732	1501.587891	18.436607
-19.574329	-5.752732	1499.953125	29.184956
-19.574329	-5.752732	1498.318359	16.892883
-19.574329	-5.752732	1496.683594	15.353831
-19.574329	-5.752732	1495.048828	24.560793
-19.574329	-5.752732	1493.414063	18.416592
-19.574329	-5.752732	1491.777344	18.412588
-19.574329	-5.752732	1490.140625	24.544783
-19.574329	-5.752732	1488.505859	16.870869
-19.574329	-5.752732	1486.867188	15.333818
-19.574329	-5.752732	1485.230469	16.863533
-19.574329	-5.752732	1483.593750	21.458010
-19.574329	-5.752732	1481.955078	16.856197
-19.574329	-5.752732	1480.316406	13.788433
-19.574329	-5.752732	1478.677734	21.444006
-19.574329	-5.752732	1477.039063	15.313813
-19.574329	-5.752732	1475.400391	15.310479
-19.574329	-5.752732	1473.759766	29.083576
-19.574329	-5.752732	1472.119141	16.834194
-19.574329	-5.752732	1470.478516	24.480766
-19.574329	-5.752732	1468.837891	21.416004
-19.574329	-5.752732	1467.197266	19.881956
-19.574329	-5.752732	1465.556641	21.406672
-19.574329	-5.752732	1463.914063	15.287148
-19.574329	-5.752732	1462.271484	24.454103
-19.574329	-5.752732	1460.628906	16.808531
-19.574329	-5.752732	1458.986328	16.804865
-19.574329	-5.752732	1457.343750	18.328583
-19.574329	-5.752732	1455.699219	15.270487
-19.574329	-5.752732	1454.054688	22.900732
-19.574329	-5.752732	1452.410156	18.316587
-19.574329	-5.752732	1450.765625	22.890738
-19.574329	-5.752732	1449.121094	19.834309
-19.574329	-5.752732	1447.474609	16.779213
-19.574329	-5.752732	1445.830078	19.825647
-19.574329	-5.752732	1444.183594	13.722451
-19.574329	-5.752732	1442.537109	15.243836
-19.574329	-5.752732	1440.890625	19.812658
-19.574329	-5.752732	1439.242188	24.379480
-19.574329	-5.752732	1437.595703	27.420921
-19.574329	-5.752732	1435.947266	18.276619
-19.574329	-5.752732	1434.298828	24.363497
-19.574329	-5.752732	1432.650391	25.880554
-19.574329	-5.752732	1431.000000	24.352840
-19.574329	-5.752732	1429.351563	25.869232
-19.574329	-5.752732	1427.701172	19.778027
-19.574329	-5.752732	1426.050781	15.210537
-19.574329	-5.752732	1424.400391	19.769369
-19.574329	-5.752732	1422.750000	22.805817
-19.574329	-5.752732	1421.097656	27.360989
-19.574329	-5.752732	1419.447266	13.677498
-19.574329	-5.752732	1417.794922	27.349005
-19.574329	-5.752732	1416.142578	18.228676
-19.574329	-5.752732	1414.490234	16.705957
-19.574329	-5.752732	1412.835938	16.702297
-19.574329	-5.752732	1411.183594	22.770866
-19.574329	-5.752732	1409.529297	25.801323
-19.574329	-5.752732	1407.875000	27.313057
-19.574329	-5.752732	1406.220703	21.238831
-19.574329	-5.752732	1404.566406	18.200718
-19.574329	-5.752732	1402.910156	19.713120
-19.574329	-5.752732	1401.255859	21.224854
-19.574329	-5.752732	1399.599609	19.704466
-19.574329	-5.752732	1397.943359	30.307909
-19.574329	-5.752732	1396.287109	24.241003
-19.574329	-5.752732	1394.628906	27.265141
-19.574329	-5.752732	1392.970703	22.715960
-19.574329	-5.752732	1391.314453	18.168776
-19.574329	-5.752732	1389.656250	21.192247
-19.574329	-5.752732	1387.998047	19.674191
-19.574329	-5.752732	1386.337891	28.748264
-19.574329	-5.752732	1384.679688	16.640072
-19.574329	-5.752732	1383.019531	19.661217
-19.574329	-5.752732	1381.359375	24.193098
-19.574329	-5.752732	1379.699219	25.699511
-19.574329	-5.752732	1378.039063	21.159647
-19.574329	-5.752732	1376.376953	15.110707
-19.574329	-5.752732	1374.716797	22.661072
-19.574329	-5.752732	1373.054688	19.635271
-19.574329	-5.752732	1371.392578	15.100729
-19.574329	-5.752732	1369.728516	19.626625
-19.574329	-5.752732	1368.066406	25.659933
-19.574329	-5.752732	1366.402344	15.090753
-19.574329	-5.752732	1364.740234	19.613655
-19.574329	-5.752732	1363.076172	24.134562
-19.574329	-5.752732	1361.412109	28.653475
-19.574329	-5.752732	1359.746094	21.108431
-19.574329	-5.752732	1358.082031	25.626015
-19.574329	-5.752732	1356.416016	21.099121
-19.574329	-5.752732	1354.750000	16.574223
-19.574329	-5.752732	1353.083984	18.076981
-19.574329	-5.752732	1351.417969	25.603405
-19.574329	-5.752732	1349.750000	15.057501
-19.574329	-5.752732	1348.083984	22.581264
-19.574329	-5.752732	1346.416016	22.576279
-19.574329	-5.752732	1344.748047	22.571291
-19.574329	-5.752732	1343.078125	22.566305
-19.574329	-5.752732	1341.410156	24.065407
-19.574329	-5.752732	1339.740234	19.548820
-19.574329	-5.752732	1338.072266	19.544500
-19.574329	-5.752732	1336.402344	24.049450
-19.574329	-5.752732	1334.730469	25.546890
-19.574329	-5.752732	1333.060547	19.531536
-19.574329	-5.752732	1331.388672	13.518841
-19.574329	-5.752732	1329.718750	18.021133
-19.574329	-5.752732	1328.046875	19.518574
-19.574329	-5.752732	1326.375000	25.518639
-19.574329	-5.752732	1324.701172	27.013752
-19.574329	-5.752732	1323.029297	18.005180
-19.574329	-5.752732	1321.355469	18.001192
-19.574329	-5.752732	1319.681641	20.996737
-19.574329	-5.752732	1318.007813	22.491520
-19.574329	-5.752732	1316.333984	22.486534
-19.574329	-5.752732	1314.660156	20.982780
-19.574329	-5.752732	1312.984375	23.975002
-19.574329	-5.752732	1311.308594	20.973475
-19.574329	-5.752732	1309.632813	19.471050
-19.574329	-5.752732	1307.957031	16.471849
-19.574329	-5.752732	1306.279297	20.959518
-19.574329	-5.752732	1304.603516	17.961315
-19.574329	-5.752732	1302.925781	13.467996
-19.574329	-5.752732	1301.248047	16.457228
-19.574329	-5.752732	1299.570313	16.453573
-19.574329	-5.752732	1297.892578	29.908943
-19.574329	-5.752732	1296.212891	16.446264
-19.574329	-5.752732	1294.533203	14.947826
-19.574329	-5.752732	1292.853516	25.405657
-19.574329	-5.752732	1291.173828	20.917654
-19.574329	-5.752732	1289.494141	16.431646
-19.574329	-5.752732	1287.812500	22.401806
-19.574329	-5.752732	1286.132813	14.931215
-19.574329	-5.752732	1284.451172	14.927894
-19.574329	-5.752732	1282.769531	17.909487
-19.574329	-5.752732	1281.085938	20.889750
-19.574329	-5.752732	1279.404297	28.344063
-19.574329	-5.752732	1277.720703	20.880447
-19.574329	-5.752732	1276.039063	19.384670
-19.574329	-5.752732	1274.355469	16.398758
-19.574329	-5.752732	1272.669922	14.904641
-19.574329	-5.752732	1270.986328	16.391451
-19.574329	-5.752732	1269.300781	22.346996
-19.574329	-5.752732	1267.615234	19.363079
-19.574329	-5.752732	1265.929688	10.423948
-19.574329	-5.752732	1264.244141	14.888033
-19.574329	-5.752732	1262.558594	20.838596
-19.574329	-5.752732	1260.871094	13.393251
-19.574329	-5.752732	1259.185547	11.902455
-19.574329	-5.752732	1257.498047	14.874748
-19.574329	-5.752732	1255.808594	13.384284
-19.574329	-5.752732	1254.121094	22.302158
-19.574329	-5.752732	1252.433594	23.783655
-19.574329	-5.752732	1250.744141	22.292196
-19.574329	-5.752732	1249.054688	16.343958
-19.574329	-5.752732	1247.365234	22.282232
-19.574329	-5.752732	1245.673828	19.306952
-19.574329	-5.752732	1243.984375	26.726725
-19.574329	-5.752732	1242.292969	25.236261
-19.574329	-5.752732	1240.601563	22.262308
-19.574329	-5.752732	1238.910156	13.354396
-19.574329	-5.752732	1237.218750	17.801876
-19.574329	-5.752732	1235.525391	14.831576
-19.574329	-5.752732	1233.833984	16.311081
-19.574329	-5.752732	1232.140625	26.684885
-19.574329	-5.752732	1230.447266	25.196745
-19.574329	-5.752732	1228.753906	20.745613
-19.574329	-5.752732	1227.058594	13.333477
-19.574329	-5.752732	1225.365234	19.255150
-19.574329	-5.752732	1223.669922	22.212502
-19.574329	-5.752732	1221.974609	19.246517
-19.574329	-5.752732	1220.277344	19.242201
-19.574329	-5.752732	1218.582031	25.157234
-19.574329	-5.752732	1216.884766	26.631096
-19.574329	-5.752732	1215.189453	17.750080
-19.574329	-5.752732	1213.492188	19.224937
-19.574329	-5.752732	1211.792969	13.306583
-19.574329	-5.752732	1210.095703	19.216305
-19.574329	-5.752732	1208.396484	20.689835
-19.574329	-5.752732	1206.699219	25.117727
-19.574329	-5.752732	1205.000000	19.203358
-19.574329	-5.752732	1203.298828	14.768494
-19.574329	-5.752732	1201.599609	19.194727
-19.574329	-5.752732	1199.900391	23.618967
-19.574329	-5.752732	1198.199219	20.661949
-19.574329	-5.752732	1196.498047	19.181780
-19.574329	-5.752732	1194.796875	22.127844
-19.574329	-5.752732	1193.093750	19.173149
-19.574329	-5.752732	1191.392578	16.219782
-19.574329	-5.752732	1189.689453	29.483873
-19.574329	-5.752732	1187.986328	26.529512
-19.574329	-5.752732	1186.283203	17.682358
-19.574329	-5.752732	1184.580078	17.678375
-19.574329	-5.752732	1182.875000	14.728660
-19.574329	-5.752732	1181.169922	20.615477
-19.574329	-5.752732	1179.464844	13.249819
-19.574329	-5.752732	1177.759766	23.549923
-19.574329	-5.752732	1176.054688	20.601536
-19.574329	-5.752732	1174.347656	23.539303
-19.574329	-5.752732	1172.642578	20.592243
-19.574329	-5.752732	1170.935547	14.705426
-19.574329	-5.752732	1169.228516	20.582951
-19.574329	-5.752732	1167.519531	24.987940
-19.574329	-5.752732	1165.812500	24.982298
-19.574329	-5.752732	1164.103516	26.445869
-19.574329	-5.752732	1162.394531	17.626598
-19.574329	-5.752732	1160.685547	16.154064
-19.574329	-5.752732	1158.976563	22.023291
-19.574329	-5.752732	1157.265625	29.357750
-19.574329	-5.752732	1155.556641	17.610668
-19.574329	-5.752732	1153.845703	24.942804
-19.574329	-5.752732	1152.134766	22.003380
-19.574329	-5.752732	1150.423828	24.931522
-19.574329	-5.752732	1148.710938	23.459652
-19.574329	-5.752732	1146.998047	19.056654
-19.574329	-5.752732	1145.287109	17.586775
-19.574329	-5.752732	1143.572266	21.978491
-19.574329	-5.752732	1141.859375	19.043711
-19.574329	-5.752732	1140.146484	21.968536
-19.574329	-5.752732	1138.431641	10.249660
-19.574329	-5.752732	1136.716797	19.030769
-19.574329	-5.752732	1135.001953	19.026457
-19.574329	-5.752732	1133.287109	20.485384
-19.574329	-5.752732	1131.570313	17.554920
-19.574329	-5.752732	1129.855469	20.476093
-19.574329	-5.752732	1128.138672	14.622463
-19.574329	-5.752732	1126.421875	21.928719
-19.574329	-5.752732	1124.703125	16.077410
-19.574329	-5.752732	1122.986328	20.457514
-19.574329	-5.752732	1121.267578	20.452869
-19.574329	-5.752732	1119.548828	21.908812
-19.574329	-5.752732	1117.830078	18.983324
-19.574329	-5.752732	1116.111328	23.358782
-19.574329	-5.752732	1114.392578	16.055513
-19.574329	-5.752732	1112.671875	21.888905
-19.574329	-5.752732	1110.951172	14.589286
-19.574329	-5.752732	1109.230469	18.961758
-19.574329	-5.752732	1107.509766	14.582650
-19.574329	-5.752732	1105.787109	18.953133
-19.574329	-5.752732	1104.066406	21.864023
-19.574329	-5.752732	1102.343750	20.401777
-19.574329	-5.752732	1100.621094	18.940195
-19.574329	-5.752732	1098.896484	21.849096
-19.574329	-5.752732	1097.173828	23.300394
-19.574329	-5.752732	1095.449219	17.471315
-19.574329	-5.752732	1093.724609	16.011723
-19.574329	-5.752732	1092.000000	11.642236
-19.574329	-5.752732	1090.275391	18.914322
-19.574329	-5.752732	1088.550781	14.546161
-19.574329	-5.752732	1086.824219	17.451412
-19.574329	-5.752732	1085.097656	21.809290
-19.574329	-5.752732	1083.371094	21.804316
-19.574329	-5.752732	1081.644531	21.799339
-19.574329	-5.752732	1079.916016	20.341408
-19.574329	-5.752732	1078.189453	17.431511
-19.574329	-5.752732	1076.460938	21.784414
-19.574329	-5.752732	1074.732422	18.875515
-19.574329	-5.752732	1073.001953	24.677727
-19.574329	-5.752732	1071.273438	26.123388
-19.574329	-5.752732	1069.542969	24.666451
-19.574329	-5.752732	1067.812500	20.308905
-19.574329	-5.752732	1066.082031	18.853956
-19.574329	-5.752732	1064.351563	17.399673
-19.574329	-5.752732	1062.619141	24.643900
-19.574329	-5.752732	1060.888672	24.638262
-19.574329	-5.752732	1059.156250	17.387735
-19.574329	-5.752732	1057.421875	20.281048
-19.574329	-5.752732	1055.689453	17.379776
-19.574329	-5.752732	1053.957031	28.959661
-19.574329	-5.752732	1052.222656	17.371817
-19.574329	-5.752732	1050.488281	17.367838
-19.574329	-5.752732	1048.753906	21.704824
-19.574329	-5.752732	1047.019531	24.593164
-19.574329	-5.752732	1045.283203	21.694878
-19.574329	-5.752732	1043.546875	20.243910
-19.574329	-5.752732	1041.810547	21.684929
-19.574329	-5.752732	1040.074219	27.461277
-19.574329	-5.752732	1038.337891	20.229984
-19.574329	-5.752732	1036.599609	26.004011
-19.574329	-5.752732	1034.861328	20.220701
-19.574329	-5.752732	1033.123047	24.548073
-19.574329	-5.752732	1031.384766	23.098763
-19.574329	-5.752732	1029.646484	24.536800
-19.574329	-5.752732	1027.906250	21.645145
-19.574329	-5.752732	1026.167969	24.525528
-19.574329	-5.752732	1024.427734	27.404587
-19.574329	-5.752732	1022.685547	17.304182
-19.574329	-5.752732	1020.945313	20.183571
-19.574329	-5.752732	1019.203125	20.178930
-19.574329	-5.752732	1017.462891	31.702456
-19.574329	-5.752732	1015.720703	25.932405
-19.574329	-5.752732	1013.976563	25.926439
-19.574329	-5.752732	1012.234375	23.040421
-19.574329	-5.752732	1010.490234	27.354200
-19.574329	-5.752732	1008.746094	23.029814
-19.574329	-5.752732	1007.001953	25.902575
-19.574329	-5.752732	1005.257813	18.703106
-19.574329	-5.752732	1003.513672	25.890642
-19.574329	-5.752732	1001.767578	40.265053
-19.574329	-5.752732	1000.021484	30.191830
-19.574329	-5.752732	998.275391	25.872746
-19.574329	-5.752732	996.529297	28.740868
-19.574329	-5.752732	994.781250	24.424105
-19.574329	-5.752732	993.035156	35.909515
-19.574329	-5.752732	991.287109	34.465183
-19.574329	-5.752732	989.539063	37.328663
-19.574329	-5.752732	987.789063	41.626209
-19.574329	-5.752732	986.041016	43.051655
-19.574329	-5.752732	984.291016	38.737541
-19.574329	-5.752732	982.541016	41.597382
-19.574329	-5.752732	980.791016	34.417465
-19.574329	-5.752732	979.041016	41.578163
-19.574329	-5.752732	977.289063	37.268360
-19.574329	-5.752732	975.537109	54.456551
-19.574329	-5.752732	973.785156	44.414810
-19.574329	-5.752732	972.033203	35.810112
-19.574329	-5.752732	970.281250	34.369759
-19.574329	-5.752732	968.527344	42.952259
-19.574329	-5.752732	966.773438	32.922447
-19.574329	-5.752732	965.019531	35.776985
-19.574329	-5.752732	963.265625	42.922443
-19.574329	-5.752732	961.511719	42.912506
-19.574329	-5.752732	959.755859	28.601713
-19.574329	-5.752732	958.000000	28.595089
-19.574329	-5.752732	956.244141	42.882698
-19.574329	-5.752732	954.488281	31.440023
-19.574329	-5.752732	952.730469	32.861500
-19.574329	-5.752732	950.974609	34.282310
-19.574329	-5.752732	949.216797	38.558659
-19.574329	-5.752732	947.458984	34.266415
-19.574329	-5.752732	945.701172	45.677956
-19.574329	-5.752732	943.941406	32.823414
-19.574329	-5.752732	942.181641	41.376438
-19.574329	-5.752732	940.421875	37.087509
-19.574329	-5.752732	938.662109	32.800564
-19.574329	-5.752732	936.902344	32.792950
-19.574329	-5.752732	935.140625	34.210781
-19.574329	-5.752732	933.380859	29.927481
-19.574329	-5.752732	931.619141	31.345316
-19.574329	-5.752732	929.855469	21.366840
-19.574329	-5.752732	928.093750	21.361874
-19.574329	-5.752732	926.330078	24.204494
-19.574329	-5.752732	924.568359	19.928478
-19.574329	-5.752732	922.804688	22.770107
-19.574329	-5.752732	921.039063	21.342010
-19.574329	-5.752732	919.275391	22.759516
-19.574329	-5.752732	917.509766	28.442774
-19.574329	-5.752732	915.744141	22.748922
-19.574329	-5.752732	913.978516	18.479197
-19.574329	-5.752732	912.212891	24.159477
-19.574329	-5.752732	910.447266	25.574665
-19.574329	-5.752732	908.679688	22.727741
-19.574329	-5.752732	906.912109	18.461987
-19.574329	-5.752732	905.144531	25.556793
-19.574329	-5.752732	903.375000	21.292364
-19.574329	-5.752732	901.607422	31.221521
-19.574329	-5.752732	899.837891	28.376583
-19.574329	-5.752732	898.068359	19.858976
-19.574329	-5.752732	896.298828	24.108845
-19.574329	-5.752732	894.529297	25.521057
-19.574329	-5.752732	892.757813	22.680090
-19.574329	-5.752732	890.986328	29.760672
-19.574329	-5.752732	889.214844	26.920036
-19.574329	-5.752732	887.443359	24.080723
-19.574329	-5.752732	885.669922	26.907465
-19.574329	-5.752732	883.898438	31.148733
-19.574329	-5.752732	882.125000	24.063852
-19.574329	-5.752732	880.351563	21.227850
-19.574329	-5.752732	878.578125	21.222889
-19.574329	-5.752732	876.802734	21.217928
-19.574329	-5.752732	875.027344	19.798769
-19.574329	-5.752732	873.251953	19.794138
-19.574329	-5.752732	871.476563	24.030117
-19.574329	-5.752732	869.701172	26.850906
-19.574329	-5.752732	867.923828	28.257500
-19.574329	-5.752732	866.146484	16.950531
-19.574329	-5.752732	864.369141	29.656487
-19.574329	-5.752732	862.591797	22.590128
-19.574329	-5.752732	860.814453	21.173285
-19.574329	-5.752732	859.035156	22.579548
-19.574329	-5.752732	857.255859	28.217823
-19.574329	-5.752732	855.476563	18.337288
-19.574329	-5.752732	853.697266	19.743219
-19.574329	-5.752732	851.916016	26.788090
-19.574329	-5.752732	850.136719	19.733965
-19.574329	-5.752732	848.355469	26.775528
-19.574329	-5.752732	846.574219	22.542526
-19.574329	-5.752732	844.791016	22.537237
-19.574329	-5.752732	843.009766	29.573183
-19.574329	-5.752732	841.226563	19.710829
-19.574329	-5.752732	839.443359	22.521376
-19.574329	-5.752732	837.660156	23.923344
-19.574329	-5.752732	835.875000	23.917727
-19.574329	-5.752732	834.091797	29.538488
-19.574329	-5.752732	832.306641	22.500229
-19.574329	-5.752732	830.521484	26.712744
-19.574329	-5.752732	828.734375	25.300863
-19.574329	-5.752732	826.949219	22.484371
-19.574329	-5.752732	825.162109	19.669199
-19.574329	-5.752732	823.375000	14.046125
-19.574329	-5.752732	821.587891	21.064234
-19.574329	-5.752732	819.800781	18.251375
-19.574329	-5.752732	818.011719	26.668812
-19.574329	-5.752732	816.222656	28.065828
-19.574329	-5.752732	814.433594	21.044418
-19.574329	-5.752732	812.644531	25.247356
-19.574329	-5.752732	810.855469	18.229910
-19.574329	-5.752732	809.064453	22.431530
-19.574329	-5.752732	807.273438	21.024607
-19.574329	-5.752732	805.482422	23.822275
-19.574329	-5.752732	803.691406	21.014702
-19.574329	-5.752732	801.898438	22.410400
-19.574329	-5.752732	800.107422	21.004799
-19.574329	-5.752732	798.314453	20.999847
-19.574329	-5.752732	796.521484	20.994896
-19.574329	-5.752732	794.726563	15.392627
-19.574329	-5.752732	792.933594	20.984995
-19.574329	-5.752732	791.138672	25.176054
-19.574329	-5.752732	789.343750	22.373436
-19.574329	-5.752732	787.546875	16.776117
-19.574329	-5.752732	785.751953	20.965197
-19.574329	-5.752732	783.955078	23.754948
-19.574329	-5.752732	782.158203	23.749338
-19.574329	-5.752732	780.361328	25.140421
-19.574329	-5.752732	778.564453	29.323565
-19.574329	-5.752732	776.765625	18.148394
-19.574329	-5.752732	774.968750	23.726908
-19.574329	-5.752732	773.169922	20.930559
-19.574329	-5.752732	771.369141	26.505777
-19.574329	-5.752732	769.570313	22.315378
-19.574329	-5.752732	767.769531	26.493246
-19.574329	-5.752732	765.970703	26.486980
-19.574329	-5.752732	764.167969	25.086994
-19.574329	-5.752732	762.367188	27.867844
-19.574329	-5.752732	760.566406	26.468187
-19.574329	-5.752732	758.763672	18.105528
-19.574329	-5.752732	756.960938	20.886049
-19.574329	-5.752732	755.158203	25.057325
-19.574329	-5.752732	753.353516	27.834881
-19.574329	-5.752732	751.550781	23.654045
-19.574329	-5.752732	749.746094	26.430613
-19.574329	-5.752732	747.941406	27.815107
-19.574329	-5.752732	746.136719	30.589369
-19.574329	-5.752732	744.330078	22.241543
-19.574329	-5.752732	742.523438	23.626038
-19.574329	-5.752732	740.718750	30.567625
-19.574329	-5.752732	738.910156	22.225729
-19.574329	-5.752732	737.103516	20.831680
-19.574329	-5.752732	735.294922	23.603638
-19.574329	-5.752732	733.488281	26.374279
-19.574329	-5.752732	731.679688	26.368021
-19.574329	-5.752732	729.869141	20.811920
-19.574329	-5.752732	728.060547	23.581244
-19.574329	-5.752732	726.250000	23.575647
-19.574329	-5.752732	724.439453	29.115944
-19.574329	-5.752732	722.628906	29.109030
-19.574329	-5.752732	720.818359	22.173042
-19.574329	-5.752732	719.005859	18.011318
-19.574329	-5.752732	717.195313	23.547667
-19.574329	-5.752732	715.382813	27.696554
-19.574329	-5.752732	713.568359	24.920975
-19.574329	-5.752732	711.755859	23.530882
-19.574329	-5.752732	709.941406	24.909128
-19.574329	-5.752732	708.126953	19.369162
-19.574329	-5.752732	706.312500	24.897285
-19.574329	-5.752732	704.498047	23.508511
-19.574329	-5.752732	702.681641	31.798065
-19.574329	-5.752732	700.867188	20.732935
-19.574329	-5.752732	699.050781	20.728003
-19.574329	-5.752732	697.232422	22.104607
-19.574329	-5.752732	695.416016	19.336927
-19.574329	-5.752732	693.597656	24.855844
-19.574329	-5.752732	691.779297	26.230478
-19.574329	-5.752732	689.960938	20.703341
-19.574329	-5.752732	688.142578	24.838091
-19.574329	-5.752732	686.324219	23.452610
-19.574329	-5.752732	684.503906	17.930077
-19.574329	-5.752732	682.683594	28.957067
-19.574329	-5.752732	680.863281	22.057268
-19.574329	-5.752732	679.041016	23.430262
-19.574329	-5.752732	677.218750	20.668833
-19.574329	-5.752732	675.398438	24.796684
-19.574329	-5.752732	673.576172	24.790771
-19.574329	-5.752732	671.751953	28.915668
-19.574329	-5.752732	669.929688	28.908772
-19.574329	-5.752732	668.105469	28.901875
-19.574329	-5.752732	666.281250	27.519026
-19.574329	-5.752732	664.457031	31.639328
-19.574329	-5.752732	662.630859	28.881186
-19.574329	-5.752732	660.806641	24.749393
-19.574329	-5.752732	658.980469	23.368845
-19.574329	-5.752732	657.154297	26.111885
-19.574329	-5.752732	655.326172	24.731667
-19.574329	-5.752732	653.500000	28.846720
-19.574329	-5.752732	651.671875	31.586477
-19.574329	-5.752732	649.843750	24.713945
-19.574329	-5.752732	648.015625	37.062057
-19.574329	-5.752732	646.185547	28.819157
-19.574329	-5.752732	644.357422	27.440254
-19.574329	-5.752732	642.527344	28.805380
-19.574329	-5.752732	640.697266	26.055779
-19.574329	-5.752732	638.865234	31.533661
-19.574329	-5.752732	637.035156	41.121025
-19.574329	-5.752732	635.203125	28.777832
-19.574329	-5.752732	633.371094	38.361263
-19.574329	-5.752732	631.539063	32.873215
-19.574329	-5.752732	629.705078	31.495958
-19.574329	-5.752732	627.873047	31.488419
-19.574329	-5.752732	626.039063	32.849613
-19.574329	-5.752732	624.203125	30.104939
-19.574329	-5.752732	622.369141	31.465807
-19.574329	-5.752732	620.535156	30.090521
-19.574329	-5.752732	618.699219	32.818161
-19.574329	-5.752732	616.863281	30.076107
-19.574329	-5.752732	615.025391	32.802437
-19.574329	-5.752732	613.189453	27.328815
-19.574329	-5.752732	611.351563	25.956152
-19.574329	-5.752732	609.513672	27.315716
-19.574329	-5.752732	607.675781	31.405544
-19.574329	-5.752732	605.837891	36.858540
-19.574329	-5.752732	603.998047	30.025682
-19.574329	-5.752732	602.158203	30.018482
-19.574329	-5.752732	600.318359	36.832027
-19.574329	-5.752732	598.478516	25.912617
-19.574329	-5.752732	596.636719	24.542906
-19.574329	-5.752732	594.796875	28.626518
-19.574329	-5.752732	592.955078	16.354086
-19.574329	-5.752732	591.111328	24.525240
-19.574329	-5.752732	589.269531	31.330286
-19.574329	-5.752732	587.425781	20.427889
-19.574329	-5.752732	585.583984	24.507582
-19.574329	-5.752732	583.738281	24.501698
-19.574329	-5.752732	581.894531	27.217569
-19.574329	-5.752732	580.050781	25.850481
-19.574329	-5.752732	578.205078	21.763596
-19.574329	-5.752732	576.359375	27.197960
-19.574329	-5.752732	574.513672	24.472282
-19.574329	-5.752732	572.666016	27.184889
-19.574329	-5.752732	570.818359	25.819439
-19.574329	-5.752732	568.970703	24.454641
-19.574329	-5.752732	567.123047	16.299175
-19.574329	-5.752732	565.275391	23.084946
-19.574329	-5.752732	563.425781	31.225063
-19.574329	-5.752732	561.576172	32.574841
-19.574329	-5.752732	559.726563	24.425253
-19.574329	-5.752732	557.876953	29.845905
-19.574329	-5.752732	556.027344	18.988279
-19.574329	-5.752732	554.175781	24.407629
-19.574329	-5.752732	552.324219	20.334797
-19.574329	-5.752732	550.472656	23.040556
-19.574329	-5.752732	548.619141	29.810013
-19.574329	-5.752732	546.767578	33.866859
-19.574329	-5.752732	544.914063	32.504360
-19.574329	-5.752732	543.060547	36.558598
-19.574329	-5.752732	541.205078	39.257187
-19.574329	-5.752732	539.351563	36.540993
-19.574329	-5.752732	537.496094	37.885235
-19.574329	-5.752732	535.640625	45.992420
-19.574329	-5.752732	533.785156	51.390907
-19.574329	-5.752732	531.927734	59.490925
-19.574329	-5.752732	530.070313	58.124851
-19.574329	-5.752732	528.212891	72.976402
-19.574329	-5.752732	526.355469	110.789314
-19.574329	-5.752732	524.498047	193.159180
-19.574329	-5.752732	522.638672	363.267792
-19.574329	-5.752732	520.779297	583.248535
-19.574329	-5.752732	518.919922	452.178558
-19.574329	-5.752732	517.060547	249.650330
-19.574329	-5.752732	515.199219	136.262711
-19.574329	-5.752732	513.339844	99.811966
-19.574329	-5.752732	511.478516	70.121216
-19.574329	-5.752732	509.615234	67.407982
-19.574329	-5.752732	507.753906	56.609043
-19.574329	-5.752732	505.890625	64.680435
-19.574329	-5.752732	504.027344	64.664825
-19.574329	-5.752732	502.164063	48.486916
-19.574329	-5.752732	500.300781	51.168282
-19.574329	-5.752732	498.435547	55.194553
-19.574329	-5.752732	496.570313	59.218880
-19.574329	-5.752732	494.705078	53.822346
-19.574329	-5.752732	492.839844	52.464115
-19.574329	-5.752732	490.972656	49.761627
-19.574329	-5.752732	489.107422	45.715855
-19.574329	-5.752732	487.240234	44.360554
-19.574329	-5.752732	485.371094	47.037708
-19.574329	-5.752732	483.503906	34.933853
-19.574329	-5.752732	481.634766	34.925415
-19.574329	-5.752732	479.765625	36.259933
-19.574329	-5.752732	477.896484	46.992260
-19.574329	-5.752732	476.027344	40.269344
-19.574329	-5.752732	474.156250	44.285572
-19.574329	-5.752732	472.285156	32.199905
-19.574329	-5.752732	470.414063	40.240150
-19.574329	-5.752732	468.542969	32.184338
-19.574329	-5.752732	466.669922	28.154486
-19.574329	-5.752732	464.796875	34.849503
-19.574329	-5.752732	462.923828	34.841076
-19.574329	-5.752732	461.050781	36.172367
-19.574329	-5.752732	459.177734	29.466652
-19.574329	-5.752732	457.302734	33.476730
-19.574329	-5.752732	455.427734	33.468632
-19.574329	-5.752732	453.552734	22.753162
-19.574329	-5.752732	451.675781	25.423853
-19.574329	-5.752732	449.800781	25.417700
-19.574329	-5.752732	447.923828	28.086449
-19.574329	-5.752732	446.046875	29.416777
-19.574329	-5.752732	444.169922	33.420067
-19.574329	-5.752732	442.291016	28.066059
-19.574329	-5.752732	440.412109	25.386953
-19.574329	-5.752732	438.533203	24.044975
-19.574329	-5.752732	436.654297	34.723221
-19.574329	-5.752732	434.773438	28.038887
-19.574329	-5.752732	432.894531	26.697235
-19.574329	-5.752732	431.013672	26.690771
-19.574329	-5.752732	429.130859	22.681660
-19.574329	-5.752732	427.250000	32.013412
-19.574329	-5.752732	425.367188	22.670673
-19.574329	-5.752732	423.484375	21.331934
-19.574329	-5.752732	421.601563	23.992613
-19.574329	-5.752732	419.718750	25.319399
-19.574329	-5.752732	417.833984	25.313265
-19.574329	-5.752732	415.949219	23.975176
-19.574329	-5.752732	414.064453	27.964260
-19.574329	-5.752732	412.179688	29.288792
-19.574329	-5.752732	410.294922	29.281693
-19.574329	-5.752732	408.408203	33.266582
-19.574329	-5.752732	406.521484	31.928179
-19.574329	-5.752732	404.634766	34.580475
-19.574329	-5.752732	402.746094	41.220570
-19.574329	-5.752732	400.857422	50.516190
-19.574329	-5.752732	398.968750	74.426857
-19.574329	-5.752732	397.080078	82.381187
-19.574329	-5.752732	395.191406	81.032799
-19.574329	-5.752732	393.300781	81.013145
-19.574329	-5.752732	391.410156	66.388115
-19.574329	-5.752732	389.519531	49.115288
-19.574329	-5.752732	387.628906	46.449139
-19.574329	-5.752732	385.736328	58.379036
-19.574329	-5.752732	383.843750	47.753078
-19.574329	-5.752732	381.951172	51.719952
-19.574329	-5.752732	380.058594	54.359066
-19.574329	-5.752732	378.164063	64.949951
-19.574329	-5.752732	376.271484	75.535690
-19.574329	-5.752732	374.376953	88.766014
-19.574329	-5.752732	372.480469	75.499031
-19.574329	-5.752732	370.585938	51.644695
-19.574329	-5.752732	368.689453	45.012653
-19.574329	-5.752732	366.792969	67.502586
-19.574329	-5.752732	364.896484	44.990803
-19.574329	-5.752732	363.000000	54.240444
-19.574329	-5.752732	361.101563	59.517746
-19.574329	-5.752732	359.203125	46.280342
-19.574329	-5.752732	357.304688	46.269104
-19.574329	-5.752732	355.406250	47.579525
-19.574329	-5.752732	353.505859	58.138634
-19.574329	-5.752732	351.605469	59.445526
-19.574329	-5.752732	349.705078	64.713860
-19.574329	-5.752732	347.804688	36.970367
-19.574329	-5.752732	345.902344	42.241585
-19.574329	-5.752732	344.001953	47.510242
-19.574329	-5.752732	342.099609	39.582253
-19.574329	-5.752732	340.195313	47.487167
-19.574329	-5.752732	338.292969	50.113171
-19.574329	-5.752732	336.388672	38.234970
-19.574329	-5.752732	334.484375	42.180065
-19.574329	-5.752732	332.580078	31.627363
-19.574329	-5.752732	330.675781	31.619680
-19.574329	-5.752732	328.769531	38.197830
-19.574329	-5.752732	326.863281	46.089630
-19.574329	-5.752732	324.957031	31.596640
-19.574329	-5.752732	323.048828	27.640343
-19.574329	-5.752732	321.142578	25.001852
-19.574329	-5.752732	319.234375	30.258047
-19.574329	-5.752732	317.326172	34.196438
-19.574329	-5.752732	315.417969	32.873199
-19.574329	-5.752732	313.507813	30.235994
-19.574329	-5.752732	311.597656	40.742958
-19.574329	-5.752732	309.687500	32.849239
-19.574329	-5.752732	307.777344	35.468555
-19.574329	-5.752732	305.865234	32.833275
-19.574329	-5.752732	303.955078	31.512283
-19.574329	-5.752732	302.042969	26.253853
-19.574329	-5.752732	300.128906	23.622725
-19.574329	-5.752732	298.216797	20.992874
-19.574329	-5.752732	296.302734	26.234715
-19.574329	-5.752732	294.388672	39.342506
-19.574329	-5.752732	292.474609	41.955139
-19.574329	-5.752732	290.560547	34.080265
-19.574329	-5.752732	288.644531	43.245205
-19.574329	-5.752732	286.728516	47.165119
-19.574329	-5.752732	284.812500	57.632244
-19.574329	-5.752732	282.896484	53.689716
-19.574329	-5.752732	280.978516	53.676666
-19.574329	-5.752732	279.060547	53.663616
-19.574329	-5.752732	277.142578	56.267670
-19.574329	-5.752732	275.224609	49.712830
-19.574329	-5.752732	273.304688	68.011543
-19.574329	-5.752732	271.384766	74.532990
-19.574329	-5.752732	269.464844	86.280373
-19.574329	-5.752732	267.544922	92.794205
-19.574329	-5.752732	265.623047	116.291214
-19.574329	-5.752732	263.703125	185.498169
-19.574329	-5.752732	261.781250	267.731537
-19.574329	-5.752732	259.857422	302.920074
-19.574329	-5.752732	257.935547	249.326157
-19.574329	-5.752732	256.011719	234.909927
-19.574329	-5.752732	254.087891	279.213898
-19.574329	-5.752732	252.164063	669.167786
-19.574329	-5.752732	250.240234	1734.457642
-19.574329	-5.752732	248.314453	1736.643433
-19.574329	-5.752732	246.388672	799.026733
-19.574329	-5.752732	244.462891	342.729095
-19.574329	-5.752732	242.535156	244.933090
-19.574329	-5.752732	240.609375	179.747589
-19.574329	-5.752732	238.681641	151.055450
-19.574329	-5.752732	236.753906	136.697983
-19.574329	-5.752732	234.824219	102.823944
-19.574329	-5.752732	232.896484	93.690178
-19.574329	-5.752732	230.966797	81.958977
-19.574329	-5.752732	229.037109	81.939049
-19.574329	-5.752732	227.107422	66.315483
-19.574329	-5.752732	225.175781	64.999374
-19.574329	-5.752732	223.244141	64.983566
-19.574329	-5.752732	221.312500	77.961319
-19.574329	-5.752732	219.380859	90.932762
-19.574329	-5.752732	217.447266	83.118309
-19.574329	-5.752732	215.515625	68.815620
-19.574329	-5.752732	213.582031	79.183624
-19.574329	-5.752732	211.646484	73.973267
-19.574329	-5.752732	209.712891	57.088291
-19.574329	-5.752732	207.777344	63.560139
-19.574329	-5.752732	205.841797	42.795403
-19.574329	-5.752732	203.906250	40.191967
-19.574329	-5.752732	201.968750	38.885998
-19.574329	-5.752732	200.033203	25.917698
-19.574329	-5.752732	198.095703	28.502537
-19.574329	-5.752732	196.158203	29.790863
-19.574329	-5.752732	194.218750	38.848202
-19.574329	-5.752732	192.281250	32.365635
-19.574329	-5.752732	190.341797	31.063456
-19.574329	-5.752732	188.402344	29.761909
-19.574329	-5.752732	186.460938	29.754677
-19.574329	-5.752732	184.521484	28.454077
-19.574329	-5.752732	182.580078	24.568003
-19.574329	-5.752732	180.638672	24.562033
-19.574329	-5.752732	178.695313	20.678791
-19.574329	-5.752732	176.753906	25.842207
-19.574329	-5.752732	174.810547	25.835926
-19.574329	-5.752732	172.867188	27.121132
-19.574329	-5.752732	170.921875	23.241035
-19.574329	-5.752732	168.978516	25.817099
-19.574329	-5.752732	167.033203	27.101366
-19.574329	-5.752732	165.087891	16.772961
-19.574329	-5.752732	163.142578	24.508371
-19.574329	-5.752732	161.195313	23.212816
-19.574329	-5.752732	159.248047	23.207176
-19.574329	-5.752732	157.300781	33.513332
-19.574329	-5.752732	155.353516	33.505192
-19.574329	-5.752732	153.406250	33.497055
-19.574329	-5.752732	151.457031	33.488918
-19.574329	-5.752732	149.507813	30.905340
-19.574329	-5.752732	147.558594	41.197113
-19.574329	-5.752732	145.607422	45.048397
-19.574329	-5.752732	143.658203	50.184597
-19.574329	-5.752732	141.707031	47.599464
-19.574329	-5.752732	139.753906	65.594139
-19.574329	-5.752732	137.802734	64.292366
-19.574329	-5.752732	135.849609	70.704430
-19.574329	-5.752732	133.896484	60.405483
-19.574329	-5.752732	131.943359	48.826618
-19.574329	-5.752732	129.990234	50.099365
-19.574329	-5.752732	128.035156	55.224350
-19.574329	-5.752732	126.080078	41.087215
-19.574329	-5.752732	124.125000	46.211899
-19.574329	-5.752732	122.169922	41.067272
-19.574329	-5.752732	120.212891	52.604675
-19.574329	-5.752732	118.255859	52.591908
-19.574329	-5.752732	116.298828	51.296726
-19.574329	-5.752732	114.341797	46.155853
-19.574329	-5.752732	112.382813	34.608490
-19.574329	-5.752732	110.423828	35.881580
-19.574329	-5.752732	108.464844	25.623482
-19.574329	-5.752732	106.505859	21.774675
-19.574329	-5.752732	104.544922	15.366631
-19.574329	-5.752732	102.585938	10.241936
-19.574329	-5.752732	100.625000	12.799314
-19.574329	-5.752732	98.662109	7.677726
-19.574329	-5.752732	96.701172	2.558621
-19.574329	-5.752732	94.738281	3.837002
-19.574329	-5.752732	92.775391	2.557381
-19.574329	-5.752732	90.812500	1.278380
-19.574329	-5.752732	88.847656	2.556141
-19.574329	-5.752732	86.882813	1.277761
-19.574329	-5.752732	84.917969	1.277451
-19.574329	-5.752732	82.953125	1.277141
-19.574329	-5.752732	80.988281	0.000000
-19.574329	-5.752732	79.021484	1.276522
-19.574329	-5.752732	77.054688	0.000000
-19.574329	-5.752732	75.087891	-2.551808
-19.574329	-5.752732	73.119141	0.000000
-19.574329	-5.752732	71.152344	0.000000
-19.574329	-5.752732	69.183594	1.274977
-19.574329	-5.752732	67.212891	2.549336
-19.574329	-5.752732	65.244141	0.000000
-19.574329	-5.752732	63.273438	3.822152
-19.574329	-5.752732	61.302734	-1.273742
-19.574329	-5.752732	59.332031	2.546868
-31.574329	-1.752732	1838.626953	9.642892
-31.574329	-1.752732	1837.066406	14.464337
-31.574329	-1.752732	1835.503906	16.068066
-31.574329	-1.752732	1833.941406	20.884041
-31.574329	-1.752732	1832.378906	28.910212
-31.574329	-1.752732	1830.816406	16.057810
-31.574329	-1.752732	1829.251953	19.265272
-31.574329	-1.752732	1827.687500	17.656075
-31.574329	-1.752732	1826.125000	24.071342
-31.574329	-1.752732	1824.560547	16.044146
-31.574329	-1.752732	1822.994141	19.248878
-31.574329	-1.752732	1821.429688	17.641048
-31.574329	-1.752732	1819.865234	17.637295
-31.574329	-1.752732	1818.298828	14.427443
-31.574329	-1.752732	1816.732422	22.437912
-31.574329	-1.752732	1815.166016	17.626036
-31.574329	-1.752732	1813.599609	22.428360
-31.574329	-1.752732	1812.033203	16.016848
-31.574329	-1.752732	1810.464844	20.817469
-31.574329	-1.752732	1808.896484	14.409026
-31.574329	-1.752732	1807.330078	24.009932
-31.574329	-1.752732	1805.759766	20.804178
-31.574329	-1.752732	1804.191406	12.799845
-31.574329	-1.752732	1802.623047	19.195681
-31.574329	-1.752732	1801.052734	15.992994
-31.574329	-1.752732	1799.484375	12.791671
-31.574329	-1.752732	1797.914063	11.190329
-31.574329	-1.752732	1796.343750	9.589668
-31.574329	-1.752732	1794.771484	17.577314
-31.574329	-1.752732	1793.201172	20.768766
-31.574329	-1.752732	1791.628906	22.361601
-31.574329	-1.752732	1790.058594	22.356838
-31.574329	-1.752732	1788.486328	23.948654
-31.574329	-1.752732	1786.914063	17.558605
-31.574329	-1.752732	1785.339844	19.150763
-31.574329	-1.752732	1783.767578	23.933353
-31.574329	-1.752732	1782.193359	17.547388
-31.574329	-1.752732	1780.621094	20.733404
-31.574329	-1.752732	1779.046875	20.728987
-31.574329	-1.752732	1777.470703	17.536175
-31.574329	-1.752732	1775.896484	20.720156
-31.574329	-1.752732	1774.322266	20.715740
-31.574329	-1.752732	1772.746094	17.524969
-31.574329	-1.752732	1771.169922	14.335555
-31.574329	-1.752732	1769.593750	17.517500
-31.574329	-1.752732	1768.017578	17.513767
-31.574329	-1.752732	1766.441406	23.877321
-31.574329	-1.752732	1764.863281	22.280748
-31.574329	-1.752732	1763.287109	25.458286
-31.574329	-1.752732	1761.708984	19.089645
-31.574329	-1.752732	1760.130859	22.266504
-31.574329	-1.752732	1758.552734	15.901256
-31.574329	-1.752732	1756.972656	20.667225
-31.574329	-1.752732	1755.394531	15.894476
-31.574329	-1.752732	1753.814453	12.712870
-31.574329	-1.752732	1752.234375	19.065239
-31.574329	-1.752732	1750.654297	12.707448
-31.574329	-1.752732	1749.074219	14.292830
-31.574329	-1.752732	1747.492188	17.465290
-31.574329	-1.752732	1745.912109	20.636395
-31.574329	-1.752732	1744.330078	19.044916
-31.574329	-1.752732	1742.748047	17.454117
-31.574329	-1.752732	1741.166016	17.450392
-31.574329	-1.752732	1739.583984	17.446669
-31.574329	-1.752732	1738.000000	12.685780
-31.574329	-1.752732	1736.417969	19.024609
-31.574329	-1.752732	1734.833984	19.020550
-31.574329	-1.752732	1733.250000	22.185905
-31.574329	-1.752732	1731.666016	15.843694
-31.574329	-1.752732	1730.082031	17.424343
-31.574329	-1.752732	1728.496094	20.588011
-31.574329	-1.752732	1726.912109	14.250196
-31.574329	-1.752732	1725.326172	17.413187
-31.574329	-1.752732	1723.740234	20.574827
-31.574329	-1.752732	1722.154297	20.570435
-31.574329	-1.752732	1720.566406	22.148046
-31.574329	-1.752732	1718.980469	23.724981
-31.574329	-1.752732	1717.392578	26.882570
-31.574329	-1.752732	1715.804688	11.066929
-31.574329	-1.752732	1714.216797	12.645218
-31.574329	-1.752732	1712.628906	23.704718
-31.574329	-1.752732	1711.041016	18.959724
-31.574329	-1.752732	1709.451172	20.535313
-31.574329	-1.752732	1707.861328	23.689528
-31.574329	-1.752732	1706.271484	17.368608
-31.574329	-1.752732	1704.681641	11.050389
-31.574329	-1.752732	1703.091797	15.782896
-31.574329	-1.752732	1701.501953	22.091331
-31.574329	-1.752732	1699.910156	23.664225
-31.574329	-1.752732	1698.318359	14.195499
-31.574329	-1.752732	1696.726563	12.615524
-31.574329	-1.752732	1695.134766	17.342636
-31.574329	-1.752732	1693.542969	22.067726
-31.574329	-1.752732	1691.949219	17.335220
-31.574329	-1.752732	1690.357422	15.755920
-31.574329	-1.752732	1688.763672	14.177296
-31.574329	-1.752732	1687.169922	7.874590
-31.574329	-1.752732	1685.576172	12.596649
-31.574329	-1.752732	1683.982422	18.890932
-31.574329	-1.752732	1682.386719	22.034704
-31.574329	-1.752732	1680.791016	15.735706
-31.574329	-1.752732	1679.195313	18.878807
-31.574329	-1.752732	1677.599609	17.301868
-31.574329	-1.752732	1676.003906	14.153045
-31.574329	-1.752732	1674.408203	22.011133
-31.574329	-1.752732	1672.810547	20.434534
-31.574329	-1.752732	1671.214844	22.001709
-31.574329	-1.752732	1669.617188	20.425783
-31.574329	-1.752732	1668.019531	15.708776
-31.574329	-1.752732	1666.419922	20.417036
-31.574329	-1.752732	1664.822266	18.842457
-31.574329	-1.752732	1663.222656	20.408289
-31.574329	-1.752732	1661.623047	17.264853
-31.574329	-1.752732	1660.023438	18.830349
-31.574329	-1.752732	1658.423828	17.257454
-31.574329	-1.752732	1656.824219	21.959326
-31.574329	-1.752732	1655.222656	14.113684
-31.574329	-1.752732	1653.623047	32.924870
-31.574329	-1.752732	1652.021484	15.675148
-31.574329	-1.752732	1650.419922	14.104609
-31.574329	-1.752732	1648.818359	17.235270
-31.574329	-1.752732	1647.214844	12.532053
-31.574329	-1.752732	1645.613281	14.095536
-31.574329	-1.752732	1644.009766	17.224182
-31.574329	-1.752732	1642.406250	20.351484
-31.574329	-1.752732	1640.802734	15.651629
-31.574329	-1.752732	1639.199219	17.213099
-31.574329	-1.752732	1637.593750	14.080421
-31.574329	-1.752732	1635.990234	17.205709
-31.574329	-1.752732	1634.384766	17.202017
-31.574329	-1.752732	1632.779297	12.507873
-31.574329	-1.752732	1631.173828	23.447226
-31.574329	-1.752732	1629.568359	20.316565
-31.574329	-1.752732	1627.960938	17.187248
-31.574329	-1.752732	1626.353516	10.934991
-31.574329	-1.752732	1624.748047	17.179865
-31.574329	-1.752732	1623.140625	10.930293
-31.574329	-1.752732	1621.531250	17.172485
-31.574329	-1.752732	1619.923828	21.851194
-31.574329	-1.752732	1618.314453	18.725569
-31.574329	-1.752732	1616.707031	23.401932
-31.574329	-1.752732	1615.097656	18.717520
-31.574329	-1.752732	1613.488281	18.713497
-31.574329	-1.752732	1611.878906	17.150351
-31.574329	-1.752732	1610.267578	15.587874
-31.574329	-1.752732	1608.656250	9.350714
-31.574329	-1.752732	1607.046875	12.464936
-31.574329	-1.752732	1605.435547	9.346691
-31.574329	-1.752732	1603.824219	20.246807
-31.574329	-1.752732	1602.210938	18.685339
-31.574329	-1.752732	1600.599609	15.567765
-31.574329	-1.752732	1598.986328	17.120855
-31.574329	-1.752732	1597.373047	23.341597
-31.574329	-1.752732	1595.759766	24.892344
-31.574329	-1.752732	1594.146484	15.554364
-31.574329	-1.752732	1592.533203	18.661219
-31.574329	-1.752732	1590.917969	20.211966
-31.574329	-1.752732	1589.302734	18.653181
-31.574329	-1.752732	1587.687500	15.540969
-31.574329	-1.752732	1586.072266	26.413954
-31.574329	-1.752732	1584.457031	23.301409
-31.574329	-1.752732	1582.839844	17.084017
-31.574329	-1.752732	1581.224609	17.080334
-31.574329	-1.752732	1579.607422	15.524229
-31.574329	-1.752732	1577.990234	20.177147
-31.574329	-1.752732	1576.373047	18.621042
-31.574329	-1.752732	1574.755859	10.859933
-31.574329	-1.752732	1573.136719	17.061928
-31.574329	-1.752732	1571.517578	10.855247
-31.574329	-1.752732	1569.898438	13.953736
-31.574329	-1.752732	1568.279297	13.950726
-31.574329	-1.752732	1566.660156	15.497460
-31.574329	-1.752732	1565.041016	15.494116
-31.574329	-1.752732	1563.419922	20.138002
-31.574329	-1.752732	1561.798828	9.292456
-31.574329	-1.752732	1560.177734	18.580898
-31.574329	-1.752732	1558.556641	20.124960
-31.574329	-1.752732	1556.935547	18.572874
-31.574329	-1.752732	1555.312500	18.568861
-31.574329	-1.752732	1553.691406	15.470708
-31.574329	-1.752732	1552.068359	12.373892
-31.574329	-1.752732	1550.445313	12.371218
-31.574329	-1.752732	1548.822266	18.552816
-31.574329	-1.752732	1547.197266	13.911604
-31.574329	-1.752732	1545.574219	23.180992
-31.574329	-1.752732	1543.949219	12.360522
-31.574329	-1.752732	1542.324219	12.357849
-31.574329	-1.752732	1540.699219	20.077162
-31.574329	-1.752732	1539.072266	26.249069
-31.574329	-1.752732	1537.447266	16.981016
-31.574329	-1.752732	1535.820313	16.977343
-31.574329	-1.752732	1534.193359	21.602850
-31.574329	-1.752732	1532.566406	12.341813
-31.574329	-1.752732	1530.939453	10.796748
-31.574329	-1.752732	1529.312500	16.962645
-31.574329	-1.752732	1527.683594	13.875523
-31.574329	-1.752732	1526.056641	12.331126
-31.574329	-1.752732	1524.427734	20.033739
-31.574329	-1.752732	1522.798828	18.488674
-31.574329	-1.752732	1521.167969	18.484669
-31.574329	-1.752732	1519.539063	21.560772
-31.574329	-1.752732	1517.908203	13.857491
-31.574329	-1.752732	1516.277344	20.012037
-31.574329	-1.752732	1514.646484	21.546751
-31.574329	-1.752732	1513.015625	18.464640
-31.574329	-1.752732	1511.384766	16.922247
-31.574329	-1.752732	1509.751953	15.380524
-31.574329	-1.752732	1508.121094	15.377187
-31.574329	-1.752732	1506.488281	24.598160
-31.574329	-1.752732	1504.855469	16.907564
-31.574329	-1.752732	1503.220703	23.050764
-31.574329	-1.752732	1501.587891	15.363839
-31.574329	-1.752732	1499.953125	23.040754
-31.574329	-1.752732	1498.318359	12.285733
-31.574329	-1.752732	1496.683594	18.424597
-31.574329	-1.752732	1495.048828	15.350495
-31.574329	-1.752732	1493.414063	16.881876
-31.574329	-1.752732	1491.777344	18.412588
-31.574329	-1.752732	1490.140625	16.874538
-31.574329	-1.752732	1488.505859	16.870869
-31.574329	-1.752732	1486.867188	21.467346
-31.574329	-1.752732	1485.230469	18.396582
-31.574329	-1.752732	1483.593750	22.990725
-31.574329	-1.752732	1481.955078	12.259052
-31.574329	-1.752732	1480.316406	16.852530
-31.574329	-1.752732	1478.677734	18.380577
-31.574329	-1.752732	1477.039063	18.376575
-31.574329	-1.752732	1475.400391	15.310479
-31.574329	-1.752732	1473.759766	16.837860
-31.574329	-1.752732	1472.119141	13.773431
-31.574329	-1.752732	1470.478516	13.770432
-31.574329	-1.752732	1468.837891	22.945719
-31.574329	-1.752732	1467.197266	13.764432
-31.574329	-1.752732	1465.556641	16.819529
-31.574329	-1.752732	1463.914063	18.344578
-31.574329	-1.752732	1462.271484	16.812197
-31.574329	-1.752732	1460.628906	21.392675
-31.574329	-1.752732	1458.986328	13.749435
-31.574329	-1.752732	1457.343750	24.438110
-31.574329	-1.752732	1455.699219	18.324585
-31.574329	-1.752732	1454.054688	15.267155
-31.574329	-1.752732	1452.410156	15.263824
-31.574329	-1.752732	1450.765625	19.838640
-31.574329	-1.752732	1449.121094	18.308592
-31.574329	-1.752732	1447.474609	22.880745
-31.574329	-1.752732	1445.830078	19.825647
-31.574329	-1.752732	1444.183594	12.197734
-31.574329	-1.752732	1442.537109	15.243836
-31.574329	-1.752732	1440.890625	15.240506
-31.574329	-1.752732	1439.242188	13.713458
-31.574329	-1.752732	1437.595703	19.803999
-31.574329	-1.752732	1435.947266	12.184412
-31.574329	-1.752732	1434.298828	13.704467
-31.574329	-1.752732	1432.650391	21.313396
-31.574329	-1.752732	1431.000000	15.220526
-31.574329	-1.752732	1429.351563	18.260635
-31.574329	-1.752732	1427.701172	21.299412
-31.574329	-1.752732	1426.050781	18.252644
-31.574329	-1.752732	1424.400391	15.207208
-31.574329	-1.752732	1422.750000	22.805817
-31.574329	-1.752732	1421.097656	13.680494
-31.574329	-1.752732	1419.447266	15.197220
-31.574329	-1.752732	1417.794922	18.232670
-31.574329	-1.752732	1416.142578	15.190563
-31.574329	-1.752732	1414.490234	15.187234
-31.574329	-1.752732	1412.835938	18.220686
-31.574329	-1.752732	1411.183594	21.252808
-31.574329	-1.752732	1409.529297	19.730423
-31.574329	-1.752732	1407.875000	18.208706
-31.574329	-1.752732	1406.220703	7.585297
-31.574329	-1.752732	1404.566406	15.167265
-31.574329	-1.752732	1402.910156	13.647544
-31.574329	-1.752732	1401.255859	13.644548
-31.574329	-1.752732	1399.599609	18.188738
-31.574329	-1.752732	1397.943359	19.700142
-31.574329	-1.752732	1396.287109	19.695816
-31.574329	-1.752732	1394.628906	21.206221
-31.574329	-1.752732	1392.970703	22.715960
-31.574329	-1.752732	1391.314453	25.739098
-31.574329	-1.752732	1389.656250	10.596124
-31.574329	-1.752732	1387.998047	21.187590
-31.574329	-1.752732	1386.337891	12.104532
-31.574329	-1.752732	1384.679688	18.152807
-31.574329	-1.752732	1383.019531	18.148815
-31.574329	-1.752732	1381.359375	12.096549
-31.574329	-1.752732	1379.699219	13.605623
-31.574329	-1.752732	1378.039063	13.602630
-31.574329	-1.752732	1376.376953	18.132849
-31.574329	-1.752732	1374.716797	13.596643
-31.574329	-1.752732	1373.054688	15.104055
-31.574329	-1.752732	1371.392578	24.161167
-31.574329	-1.752732	1369.728516	16.607143
-31.574329	-1.752732	1368.066406	18.112894
-31.574329	-1.752732	1366.402344	22.636129
-31.574329	-1.752732	1364.740234	24.139883
-31.574329	-1.752732	1363.076172	10.558871
-31.574329	-1.752732	1361.412109	12.064621
-31.574329	-1.752732	1359.746094	12.061961
-31.574329	-1.752732	1358.082031	18.088951
-31.574329	-1.752732	1356.416016	15.070801
-31.574329	-1.752732	1354.750000	15.067475
-31.574329	-1.752732	1353.083984	19.583397
-31.574329	-1.752732	1351.417969	15.060826
-31.574329	-1.752732	1349.750000	18.069002
-31.574329	-1.752732	1348.083984	18.065012
-31.574329	-1.752732	1346.416016	13.545767
-31.574329	-1.752732	1344.748047	16.552280
-31.574329	-1.752732	1343.078125	25.575146
-31.574329	-1.752732	1341.410156	22.561317
-31.574329	-1.752732	1339.740234	9.022532
-31.574329	-1.752732	1338.072266	16.537653
-31.574329	-1.752732	1336.402344	18.037088
-31.574329	-1.752732	1334.730469	16.530340
-31.574329	-1.752732	1333.060547	22.536388
-31.574329	-1.752732	1331.388672	13.518841
-31.574329	-1.752732	1329.718750	15.017611
-31.574329	-1.752732	1328.046875	16.515717
-31.574329	-1.752732	1326.375000	15.010963
-31.574329	-1.752732	1324.701172	24.012224
-31.574329	-1.752732	1323.029297	16.504747
-31.574329	-1.752732	1321.355469	16.501093
-31.574329	-1.752732	1319.681641	13.497903
-31.574329	-1.752732	1318.007813	13.494911
-31.574329	-1.752732	1316.333984	13.491920
-31.574329	-1.752732	1314.660156	13.488930
-31.574329	-1.752732	1312.984375	19.479691
-31.574329	-1.752732	1311.308594	16.479158
-31.574329	-1.752732	1309.632813	14.977731
-31.574329	-1.752732	1307.957031	17.969290
-31.574329	-1.752732	1306.279297	14.971085
-31.574329	-1.752732	1304.603516	8.980658
-31.574329	-1.752732	1302.925781	11.971552
-31.574329	-1.752732	1301.248047	17.953341
-31.574329	-1.752732	1299.570313	19.445133
-31.574329	-1.752732	1297.892578	16.449919
-31.574329	-1.752732	1296.212891	13.456035
-31.574329	-1.752732	1294.533203	16.442610
-31.574329	-1.752732	1292.853516	16.438955
-31.574329	-1.752732	1291.173828	13.447063
-31.574329	-1.752732	1289.494141	16.431646
-31.574329	-1.752732	1287.812500	17.921446
-31.574329	-1.752732	1286.132813	14.931215
-31.574329	-1.752732	1284.451172	13.435104
-31.574329	-1.752732	1282.769531	14.924572
-31.574329	-1.752732	1281.085938	26.858250
-31.574329	-1.752732	1279.404297	20.885099
-31.574329	-1.752732	1277.720703	13.423145
-31.574329	-1.752732	1276.039063	11.929028
-31.574329	-1.752732	1274.355469	14.907963
-31.574329	-1.752732	1272.669922	17.885569
-31.574329	-1.752732	1270.986328	16.391451
-31.574329	-1.752732	1269.300781	16.387796
-31.574329	-1.752732	1267.615234	20.852547
-31.574329	-1.752732	1265.929688	14.891355
-31.574329	-1.752732	1264.244141	13.399230
-31.574329	-1.752732	1262.558594	16.373182
-31.574329	-1.752732	1260.871094	16.369530
-31.574329	-1.752732	1259.185547	17.853683
-31.574329	-1.752732	1257.498047	17.849697
-31.574329	-1.752732	1255.808594	17.845713
-31.574329	-1.752732	1254.121094	16.354916
-31.574329	-1.752732	1252.433594	16.351263
-31.574329	-1.752732	1250.744141	22.292196
-31.574329	-1.752732	1249.054688	17.829771
-31.574329	-1.752732	1247.365234	20.796751
-31.574329	-1.752732	1245.673828	13.366351
-31.574329	-1.752732	1243.984375	11.878544
-31.574329	-1.752732	1242.292969	10.391401
-31.574329	-1.752732	1240.601563	19.294001
-31.574329	-1.752732	1238.910156	16.322041
-31.574329	-1.752732	1237.218750	17.801876
-31.574329	-1.752732	1235.525391	17.797892
-31.574329	-1.752732	1233.833984	20.759558
-31.574329	-1.752732	1232.140625	20.754910
-31.574329	-1.752732	1230.447266	17.785938
-31.574329	-1.752732	1228.753906	14.818295
-31.574329	-1.752732	1227.058594	17.777969
-31.574329	-1.752732	1225.365234	14.811654
-31.574329	-1.752732	1223.669922	20.731667
-31.574329	-1.752732	1221.974609	23.688023
-31.574329	-1.752732	1220.277344	20.722370
-31.574329	-1.752732	1218.582031	19.237885
-31.574329	-1.752732	1216.884766	11.836042
-31.574329	-1.752732	1215.189453	19.229254
-31.574329	-1.752732	1213.492188	13.309572
-31.574329	-1.752732	1211.792969	17.742111
-31.574329	-1.752732	1210.095703	16.259951
-31.574329	-1.752732	1208.396484	13.300608
-31.574329	-1.752732	1206.699219	11.820107
-31.574329	-1.752732	1205.000000	14.771813
-31.574329	-1.752732	1203.298828	17.722193
-31.574329	-1.752732	1201.599609	10.335622
-31.574329	-1.752732	1199.900391	16.238039
-31.574329	-1.752732	1198.199219	16.234388
-31.574329	-1.752732	1196.498047	17.706259
-31.574329	-1.752732	1194.796875	17.702274
-31.574329	-1.752732	1193.093750	19.173149
-31.574329	-1.752732	1191.392578	23.592411
-31.574329	-1.752732	1189.689453	16.216131
-31.574329	-1.752732	1187.986328	23.581789
-31.574329	-1.752732	1186.283203	13.261768
-31.574329	-1.752732	1184.580078	7.365990
-31.574329	-1.752732	1182.875000	16.201527
-31.574329	-1.752732	1181.169922	17.670408
-31.574329	-1.752732	1179.464844	11.777617
-31.574329	-1.752732	1177.759766	17.662443
-31.574329	-1.752732	1176.054688	20.601536
-31.574329	-1.752732	1174.347656	19.125683
-31.574329	-1.752732	1172.642578	25.004866
-31.574329	-1.752732	1170.935547	16.175968
-31.574329	-1.752732	1169.228516	14.702106
-31.574329	-1.752732	1167.519531	13.228909
-31.574329	-1.752732	1165.812500	16.165016
-31.574329	-1.752732	1164.103516	23.507441
-31.574329	-1.752732	1162.394531	11.751065
-31.574329	-1.752732	1160.685547	16.154064
-31.574329	-1.752732	1158.976563	10.277535
-31.574329	-1.752732	1157.265625	17.614651
-31.574329	-1.752732	1155.556641	16.143112
-31.574329	-1.752732	1153.845703	17.606686
-31.574329	-1.752732	1152.134766	20.536488
-31.574329	-1.752732	1150.423828	16.132160
-31.574329	-1.752732	1148.710938	20.527195
-31.574329	-1.752732	1146.998047	17.590757
-31.574329	-1.752732	1145.287109	11.724516
-31.574329	-1.752732	1143.572266	10.256629
-31.574329	-1.752732	1141.859375	20.508612
-31.574329	-1.752732	1140.146484	13.181122
-31.574329	-1.752732	1138.431641	17.570847
-31.574329	-1.752732	1136.716797	11.711244
-31.574329	-1.752732	1135.001953	17.562883
-31.574329	-1.752732	1133.287109	8.779450
-31.574329	-1.752732	1131.570313	13.166189
-31.574329	-1.752732	1129.855469	21.938673
-31.574329	-1.752732	1128.138672	21.933695
-31.574329	-1.752732	1126.421875	21.928719
-31.574329	-1.752732	1124.703125	17.538994
-31.574329	-1.752732	1122.986328	21.918764
-31.574329	-1.752732	1121.267578	21.913788
-31.574329	-1.752732	1119.548828	21.908812
-31.574329	-1.752732	1117.830078	18.983324
-31.574329	-1.752732	1116.111328	16.059162
-31.574329	-1.752732	1114.392578	30.651434
-31.574329	-1.752732	1112.671875	24.807426
-31.574329	-1.752732	1110.951172	27.719643
-31.574329	-1.752732	1109.230469	10.210177
-31.574329	-1.752732	1107.509766	20.415710
-31.574329	-1.752732	1105.787109	10.205533
-31.574329	-1.752732	1104.066406	24.779226
-31.574329	-1.752732	1102.343750	23.316317
-31.574329	-1.752732	1100.621094	14.569381
-31.574329	-1.752732	1098.896484	23.305702
-31.574329	-1.752732	1097.173828	17.475296
-31.574329	-1.752732	1095.449219	17.471315
-31.574329	-1.752732	1093.724609	27.656612
-31.574329	-1.752732	1092.000000	18.918633
-31.574329	-1.752732	1090.275391	11.639583
-31.574329	-1.752732	1088.550781	16.000776
-31.574329	-1.752732	1086.824219	15.997128
-31.574329	-1.752732	1085.097656	13.085574
-31.574329	-1.752732	1083.371094	20.350695
-31.574329	-1.752732	1081.644531	14.532893
-31.574329	-1.752732	1079.916016	14.529576
-31.574329	-1.752732	1078.189453	14.526259
-31.574329	-1.752732	1076.460938	21.784414
-31.574329	-1.752732	1074.732422	21.779440
-31.574329	-1.752732	1073.001953	18.871202
-31.574329	-1.752732	1071.273438	14.512993
-31.574329	-1.752732	1069.542969	14.509677
-31.574329	-1.752732	1067.812500	11.605088
-31.574329	-1.752732	1066.082031	14.503044
-31.574329	-1.752732	1064.351563	10.149809
-31.574329	-1.752732	1062.619141	20.294975
-31.574329	-1.752732	1060.888672	15.942405
-31.574329	-1.752732	1059.156250	10.142845
-31.574329	-1.752732	1057.421875	20.281048
-31.574329	-1.752732	1055.689453	13.034832
-31.574329	-1.752732	1053.957031	20.271763
-31.574329	-1.752732	1052.222656	11.581212
-31.574329	-1.752732	1050.488281	17.367838
-31.574329	-1.752732	1048.753906	18.810848
-31.574329	-1.752732	1047.019531	24.593164
-31.574329	-1.752732	1045.283203	17.355902
-31.574329	-1.752732	1043.546875	18.797916
-31.574329	-1.752732	1041.810547	14.456620
-31.574329	-1.752732	1040.074219	14.453304
-31.574329	-1.752732	1038.337891	14.449988
-31.574329	-1.752732	1036.599609	21.670010
-31.574329	-1.752732	1034.861328	20.220701
-31.574329	-1.752732	1033.123047	15.884047
-31.574329	-1.752732	1031.384766	18.767746
-31.574329	-1.752732	1029.646484	17.320093
-31.574329	-1.752732	1027.906250	15.873106
-31.574329	-1.752732	1026.167969	21.640173
-31.574329	-1.752732	1024.427734	21.635199
-31.574329	-1.752732	1022.685547	18.746197
-31.574329	-1.752732	1020.945313	24.508621
-31.574329	-1.752732	1019.203125	21.620283
-31.574329	-1.752732	1017.462891	23.056332
-31.574329	-1.752732	1015.720703	21.610338
-31.574329	-1.752732	1013.976563	24.486082
-31.574329	-1.752732	1012.234375	25.920473
-31.574329	-1.752732	1010.490234	15.836643
-31.574329	-1.752732	1008.746094	20.151087
-31.574329	-1.752732	1007.001953	25.902575
-31.574329	-1.752732	1005.257813	31.651411
-31.574329	-1.752732	1003.513672	24.452274
-31.574329	-1.752732	1001.767578	20.132526
-31.574329	-1.752732	1000.021484	21.565594
-31.574329	-1.752732	998.275391	27.310122
-31.574329	-1.752732	996.529297	25.866781
-31.574329	-1.752732	994.781250	20.113968
-31.574329	-1.752732	993.035156	27.291231
-31.574329	-1.752732	991.287109	28.720985
-31.574329	-1.752732	989.539063	40.200100
-31.574329	-1.752732	987.789063	34.449276
-31.574329	-1.752732	986.041016	30.136158
-31.574329	-1.752732	984.291016	24.390305
-31.574329	-1.752732	982.541016	27.253456
-31.574329	-1.752732	980.791016	31.549345
-31.574329	-1.752732	979.041016	31.542055
-31.574329	-1.752732	977.289063	32.968163
-31.574329	-1.752732	975.537109	35.826679
-31.574329	-1.752732	973.785156	47.280281
-31.574329	-1.752732	972.033203	28.648090
-31.574329	-1.752732	970.281250	42.962196
-31.574329	-1.752732	968.527344	34.361809
-31.574329	-1.752732	966.773438	27.196804
-31.574329	-1.752732	965.019531	41.501305
-31.574329	-1.752732	963.265625	32.907207
-31.574329	-1.752732	961.511719	32.899590
-31.574329	-1.752732	959.755859	30.031799
-31.574329	-1.752732	958.000000	24.305826
-31.574329	-1.752732	956.244141	37.165005
-31.574329	-1.752732	954.488281	38.585484
-31.574329	-1.752732	952.730469	32.861500
-31.574329	-1.752732	950.974609	31.425451
-31.574329	-1.752732	949.216797	31.418165
-31.574329	-1.752732	947.458984	28.555346
-31.574329	-1.752732	945.701172	34.258465
-31.574329	-1.752732	943.941406	39.958939
-31.574329	-1.752732	942.181641	35.669346
-31.574329	-1.752732	940.421875	35.661064
-31.574329	-1.752732	938.662109	38.505009
-31.574329	-1.752732	936.902344	28.515608
-31.574329	-1.752732	935.140625	31.359884
-31.574329	-1.752732	933.380859	25.652126
-31.574329	-1.752732	931.619141	27.070953
-31.574329	-1.752732	929.855469	15.669016
-31.574329	-1.752732	928.093750	22.785999
-31.574329	-1.752732	926.330078	18.509319
-31.574329	-1.752732	924.568359	21.351942
-31.574329	-1.752732	922.804688	18.500713
-31.574329	-1.752732	921.039063	18.496408
-31.574329	-1.752732	919.275391	17.069635
-31.574329	-1.752732	917.509766	25.598495
-31.574329	-1.752732	915.744141	17.061691
-31.574329	-1.752732	913.978516	24.165104
-31.574329	-1.752732	912.212891	15.632603
-31.574329	-1.752732	910.447266	19.891407
-31.574329	-1.752732	908.679688	17.045805
-31.574329	-1.752732	906.912109	15.621681
-31.574329	-1.752732	905.144531	21.297329
-31.574329	-1.752732	903.375000	24.131346
-31.574329	-1.752732	901.607422	19.868240
-31.574329	-1.752732	899.837891	22.701267
-31.574329	-1.752732	898.068359	24.114470
-31.574329	-1.752732	896.298828	18.436176
-31.574329	-1.752732	894.529297	26.938894
-31.574329	-1.752732	892.757813	19.845079
-31.574329	-1.752732	890.986328	26.926321
-31.574329	-1.752732	889.214844	19.835815
-31.574329	-1.752732	887.443359	25.497236
-31.574329	-1.752732	885.669922	21.242735
-31.574329	-1.752732	883.898438	21.237774
-31.574329	-1.752732	882.125000	22.648333
-31.574329	-1.752732	880.351563	15.567090
-31.574329	-1.752732	878.578125	19.808029
-31.574329	-1.752732	876.802734	22.632456
-31.574329	-1.752732	875.027344	22.627165
-31.574329	-1.752732	873.251953	15.552537
-31.574329	-1.752732	871.476563	19.789509
-31.574329	-1.752732	869.701172	22.611290
-31.574329	-1.752732	867.923828	21.193125
-31.574329	-1.752732	866.146484	18.363075
-31.574329	-1.752732	864.369141	25.419846
-31.574329	-1.752732	862.591797	21.178246
-31.574329	-1.752732	860.814453	25.407942
-31.574329	-1.752732	859.035156	29.635656
-31.574329	-1.752732	857.255859	21.163366
-31.574329	-1.752732	855.476563	23.979528
-31.574329	-1.752732	853.697266	25.384140
-31.574329	-1.752732	851.916016	23.968290
-31.574329	-1.752732	850.136719	19.733965
-31.574329	-1.752732	848.355469	19.729338
-31.574329	-1.752732	846.574219	28.178156
-31.574329	-1.752732	844.791016	21.128660
-31.574329	-1.752732	843.009766	18.307209
-31.574329	-1.752732	841.226563	25.342495
-31.574329	-1.752732	839.443359	25.336546
-31.574329	-1.752732	837.660156	28.145109
-31.574329	-1.752732	835.875000	21.103876
-31.574329	-1.752732	834.091797	21.098919
-31.574329	-1.752732	832.306641	25.312756
-31.574329	-1.752732	830.521484	21.089008
-31.574329	-1.752732	828.734375	28.112070
-31.574329	-1.752732	826.949219	22.484371
-31.574329	-1.752732	825.162109	26.693914
-31.574329	-1.752732	823.375000	21.069187
-31.574329	-1.752732	821.587891	16.851387
-31.574329	-1.752732	819.800781	12.635568
-31.574329	-1.752732	818.011719	19.650703
-31.574329	-1.752732	816.222656	22.452663
-31.574329	-1.752732	814.433594	22.447378
-31.574329	-1.752732	812.644531	26.649988
-31.574329	-1.752732	810.855469	16.827610
-31.574329	-1.752732	809.064453	23.833500
-31.574329	-1.752732	807.273438	19.622965
-31.574329	-1.752732	805.482422	16.815723
-31.574329	-1.752732	803.691406	21.014702
-31.574329	-1.752732	801.898438	21.009750
-31.574329	-1.752732	800.107422	23.805439
-31.574329	-1.752732	798.314453	23.799828
-31.574329	-1.752732	796.521484	23.794216
-31.574329	-1.752732	794.726563	22.389277
-31.574329	-1.752732	792.933594	25.181995
-31.574329	-1.752732	791.138672	23.777386
-31.574329	-1.752732	789.343750	15.381737
-31.574329	-1.752732	787.546875	20.970146
-31.574329	-1.752732	785.751953	25.158236
-31.574329	-1.752732	783.955078	18.165548
-31.574329	-1.752732	782.158203	26.543379
-31.574329	-1.752732	780.361328	15.363590
-31.574329	-1.752732	778.564453	23.738123
-31.574329	-1.752732	776.765625	22.336485
-31.574329	-1.752732	774.968750	18.144106
-31.574329	-1.752732	773.169922	19.535189
-31.574329	-1.752732	771.369141	22.320654
-31.574329	-1.752732	769.570313	23.710089
-31.574329	-1.752732	767.769531	27.887627
-31.574329	-1.752732	765.970703	22.304825
-31.574329	-1.752732	764.167969	29.268160
-31.574329	-1.752732	762.367188	26.474451
-31.574329	-1.752732	760.566406	22.289000
-31.574329	-1.752732	758.763672	27.854656
-31.574329	-1.752732	756.960938	20.886049
-31.574329	-1.752732	755.158203	20.881104
-31.574329	-1.752732	753.353516	19.484417
-31.574329	-1.752732	751.550781	33.393948
-31.574329	-1.752732	749.746094	29.212782
-31.574329	-1.752732	747.941406	26.424353
-31.574329	-1.752732	746.136719	37.541500
-31.574329	-1.752732	744.330078	29.192024
-31.574329	-1.752732	742.523438	23.626038
-31.574329	-1.752732	740.718750	31.957062
-31.574329	-1.752732	738.910156	26.393053
-31.574329	-1.752732	737.103516	20.831680
-31.574329	-1.752732	735.294922	29.157434
-31.574329	-1.752732	733.488281	23.598040
-31.574329	-1.752732	731.679688	22.204649
-31.574329	-1.752732	729.869141	22.199381
-31.574329	-1.752732	728.060547	31.904036
-31.574329	-1.752732	726.250000	24.962450
-31.574329	-1.752732	724.439453	16.637682
-31.574329	-1.752732	722.628906	20.792164
-31.574329	-1.752732	720.818359	29.102118
-31.574329	-1.752732	719.005859	19.396803
-31.574329	-1.752732	717.195313	24.932823
-31.574329	-1.752732	715.382813	19.387589
-31.574329	-1.752732	713.568359	19.382980
-31.574329	-1.752732	711.755859	23.530882
-31.574329	-1.752732	709.941406	22.141449
-31.574329	-1.752732	708.126953	22.136185
-31.574329	-1.752732	706.312500	23.514103
-31.574329	-1.752732	704.498047	17.977097
-31.574329	-1.752732	702.681641	26.267967
-31.574329	-1.752732	700.867188	22.115131
-31.574329	-1.752732	699.050781	19.346134
-31.574329	-1.752732	697.232422	16.578455
-31.574329	-1.752732	695.416016	17.955717
-31.574329	-1.752732	693.597656	26.236725
-31.574329	-1.752732	691.779297	24.849926
-31.574329	-1.752732	689.960938	22.083563
-31.574329	-1.752732	688.142578	23.458199
-31.574329	-1.752732	686.324219	22.073044
-31.574329	-1.752732	684.503906	13.792366
-31.574329	-1.752732	682.683594	17.925802
-31.574329	-1.752732	680.863281	24.814428
-31.574329	-1.752732	679.041016	19.295509
-31.574329	-1.752732	677.218750	16.535067
-31.574329	-1.752732	675.398438	16.531122
-31.574329	-1.752732	673.576172	17.904446
-31.574329	-1.752732	671.751953	16.523239
-31.574329	-1.752732	669.929688	27.532162
-31.574329	-1.752732	668.105469	27.525595
-31.574329	-1.752732	666.281250	17.887367
-31.574329	-1.752732	664.457031	22.009966
-31.574329	-1.752732	662.630859	24.755302
-31.574329	-1.752732	660.806641	23.374426
-31.574329	-1.752732	658.980469	24.743483
-31.574329	-1.752732	657.154297	27.486195
-31.574329	-1.752732	655.326172	32.975555
-31.574329	-1.752732	653.500000	28.846720
-31.574329	-1.752732	651.671875	26.093178
-31.574329	-1.752732	649.843750	30.205933
-31.574329	-1.752732	648.015625	26.080708
-31.574329	-1.752732	646.185547	28.819157
-31.574329	-1.752732	644.357422	23.324217
-31.574329	-1.752732	642.527344	31.548748
-31.574329	-1.752732	640.697266	31.541204
-31.574329	-1.752732	638.865234	27.420576
-31.574329	-1.752732	637.035156	34.267521
-31.574329	-1.752732	635.203125	39.740814
-31.574329	-1.752732	633.371094	34.251125
-31.574329	-1.752732	631.539063	19.176043
-31.574329	-1.752732	629.705078	34.234737
-31.574329	-1.752732	627.873047	31.488419
-31.574329	-1.752732	626.039063	32.849613
-31.574329	-1.752732	624.203125	32.841751
-31.574329	-1.752732	622.369141	35.570042
-31.574329	-1.752732	620.535156	32.826023
-31.574329	-1.752732	618.699219	28.715891
-31.574329	-1.752732	616.863281	39.645779
-31.574329	-1.752732	615.025391	35.535973
-31.574329	-1.752732	613.189453	30.061697
-31.574329	-1.752732	611.351563	32.786716
-31.574329	-1.752732	609.513672	28.681503
-31.574329	-1.752732	607.675781	28.674627
-31.574329	-1.752732	605.837891	27.302622
-31.574329	-1.752732	603.998047	27.296074
-31.574329	-1.752732	602.158203	24.560575
-31.574329	-1.752732	600.318359	34.103729
-31.574329	-1.752732	598.478516	36.823193
-31.574329	-1.752732	596.636719	20.452421
-31.574329	-1.752732	594.796875	25.900185
-31.574329	-1.752732	592.955078	34.071011
-31.574329	-1.752732	591.111328	31.337807
-31.574329	-1.752732	589.269531	28.605913
-31.574329	-1.752732	587.425781	29.960905
-31.574329	-1.752732	585.583984	24.507582
-31.574329	-1.752732	583.738281	27.224108
-31.574329	-1.752732	581.894531	31.300205
-31.574329	-1.752732	580.050781	27.211031
-31.574329	-1.752732	578.205078	23.123821
-31.574329	-1.752732	576.359375	23.118265
-31.574329	-1.752732	574.513672	21.753139
-31.574329	-1.752732	572.666016	19.029423
-31.574329	-1.752732	570.818359	29.896191
-31.574329	-1.752732	568.970703	23.096050
-31.574329	-1.752732	567.123047	23.090498
-31.574329	-1.752732	565.275391	24.442884
-31.574329	-1.752732	563.425781	20.364172
-31.574329	-1.752732	561.576172	25.788414
-31.574329	-1.752732	559.726563	23.068295
-31.574329	-1.752732	557.876953	29.845905
-31.574329	-1.752732	556.027344	31.195032
-31.574329	-1.752732	554.175781	28.475567
-31.574329	-1.752732	552.324219	21.690449
-31.574329	-1.752732	550.472656	18.974575
-31.574329	-1.752732	548.619141	24.390011
-31.574329	-1.752732	546.767578	29.802837
-31.574329	-1.752732	544.914063	33.858707
-31.574329	-1.752732	543.060547	28.434465
-31.574329	-1.752732	541.205078	29.781315
-31.574329	-1.752732	539.351563	39.247734
-31.574329	-1.752732	537.496094	32.473061
-31.574329	-1.752732	535.640625	43.286983
-31.574329	-1.752732	533.785156	48.686123
-31.574329	-1.752732	531.927734	52.730595
-31.574329	-1.752732	530.070313	60.828331
-31.574329	-1.752732	528.212891	77.030647
-31.574329	-1.752732	526.355469	99.980598
-31.574329	-1.752732	524.498047	183.703842
-31.574329	-1.752732	522.638672	361.917358
-31.574329	-1.752732	520.779297	533.294373
-31.574329	-1.752732	518.919922	423.833038
-31.574329	-1.752732	517.060547	205.118103
-31.574329	-1.752732	515.199219	140.310120
-31.574329	-1.752732	513.339844	82.277435
-31.574329	-1.752732	511.478516	86.303040
-31.574329	-1.752732	509.615234	68.756142
-31.574329	-1.752732	507.753906	78.174393
-31.574329	-1.752732	505.890625	57.942894
-31.574329	-1.752732	504.027344	71.400749
-31.574329	-1.752732	502.164063	57.914928
-31.574329	-1.752732	500.300781	71.366287
-31.574329	-1.752732	498.435547	63.271805
-31.574329	-1.752732	496.570313	86.136551
-31.574329	-1.752732	494.705078	67.277931
-31.574329	-1.752732	492.839844	67.261688
-31.574329	-1.752732	490.972656	75.314896
-31.574329	-1.752732	489.107422	71.262955
-31.574329	-1.752732	487.240234	60.491665
-31.574329	-1.752732	485.371094	57.789185
-31.574329	-1.752732	483.503906	52.400784
-31.574329	-1.752732	481.634766	51.044838
-31.574329	-1.752732	479.765625	45.660660
-31.574329	-1.752732	477.896484	49.677532
-31.574329	-1.752732	476.027344	38.927032
-31.574329	-1.752732	474.156250	36.233650
-31.574329	-1.752732	472.285156	52.324844
-31.574329	-1.752732	470.414063	38.898811
-31.574329	-1.752732	468.542969	38.889408
-31.574329	-1.752732	466.669922	33.517242
-31.574329	-1.752732	464.796875	26.807312
-31.574329	-1.752732	462.923828	30.820951
-31.574329	-1.752732	461.050781	38.851803
-31.574329	-1.752732	459.177734	40.181797
-31.574329	-1.752732	457.302734	26.781385
-31.574329	-1.752732	455.427734	33.468632
-31.574329	-1.752732	453.552734	32.122112
-31.574329	-1.752732	451.675781	32.114342
-31.574329	-1.752732	449.800781	34.782116
-31.574329	-1.752732	447.923828	29.423899
-31.574329	-1.752732	446.046875	28.079651
-31.574329	-1.752732	444.169922	32.083263
-31.574329	-1.752732	442.291016	25.393101
-31.574329	-1.752732	440.412109	30.731575
-31.574329	-1.752732	438.533203	25.380808
-31.574329	-1.752732	436.654297	34.723221
-31.574329	-1.752732	434.773438	28.038887
-31.574329	-1.752732	432.894531	26.697235
-31.574329	-1.752732	431.013672	29.359848
-31.574329	-1.752732	429.130859	33.355381
-31.574329	-1.752732	427.250000	26.677843
-31.574329	-1.752732	425.367188	24.004242
-31.574329	-1.752732	423.484375	22.665180
-31.574329	-1.752732	421.601563	21.326767
-31.574329	-1.752732	419.718750	26.651999
-31.574329	-1.752732	417.833984	21.316433
-31.574329	-1.752732	415.949219	22.643221
-31.574329	-1.752732	414.064453	27.964260
-31.574329	-1.752732	412.179688	39.939259
-31.574329	-1.752732	410.294922	33.274651
-31.574329	-1.752732	408.408203	29.274593
-31.574329	-1.752732	406.521484	33.258518
-31.574329	-1.752732	404.634766	39.900547
-31.574329	-1.752732	402.746094	51.858139
-31.574329	-1.752732	400.857422	65.139297
-31.574329	-1.752732	398.968750	93.033577
-31.574329	-1.752732	397.080078	103.640846
-31.574329	-1.752732	395.191406	107.600929
-31.574329	-1.752732	393.300781	96.950165
-31.574329	-1.752732	391.410156	67.715874
-31.574329	-1.752732	389.519531	70.354332
-31.574329	-1.752732	387.628906	65.028793
-31.574329	-1.752732	385.736328	65.013016
-31.574329	-1.752732	383.843750	46.426605
-31.574329	-1.752732	381.951172	59.676868
-31.574329	-1.752732	380.058594	62.314049
-31.574329	-1.752732	378.164063	62.298931
-31.574329	-1.752732	376.271484	91.437935
-31.574329	-1.752732	374.376953	109.963867
-31.574329	-1.752732	372.480469	99.340828
-31.574329	-1.752732	370.585938	59.590031
-31.574329	-1.752732	368.689453	58.251667
-31.574329	-1.752732	366.792969	60.884689
-31.574329	-1.752732	364.896484	60.869911
-31.574329	-1.752732	363.000000	62.178074
-31.574329	-1.752732	361.101563	59.517746
-31.574329	-1.752732	359.203125	62.147888
-31.574329	-1.752732	357.304688	63.454773
-31.574329	-1.752732	355.406250	71.369286
-31.574329	-1.752732	353.505859	46.246639
-31.574329	-1.752732	351.605469	64.729576
-31.574329	-1.752732	349.705078	58.110401
-31.574329	-1.752732	347.804688	55.455547
-31.574329	-1.752732	345.902344	64.682426
-31.574329	-1.752732	344.001953	56.748344
-31.574329	-1.752732	342.099609	50.137520
-31.574329	-1.752732	340.195313	50.125343
-31.574329	-1.752732	338.292969	54.069473
-31.574329	-1.752732	336.388672	42.190311
-31.574329	-1.752732	334.484375	50.088825
-31.574329	-1.752732	332.580078	47.441044
-31.574329	-1.752732	330.675781	44.794548
-31.574329	-1.752732	328.769531	44.783665
-31.574329	-1.752732	326.863281	47.406479
-31.574329	-1.752732	324.957031	32.913166
-31.574329	-1.752732	323.048828	32.905170
-31.574329	-1.752732	321.142578	25.001852
-31.574329	-1.752732	319.234375	38.151451
-31.574329	-1.752732	317.326172	32.881191
-31.574329	-1.752732	315.417969	46.022480
-31.574329	-1.752732	313.507813	36.809036
-31.574329	-1.752732	311.597656	43.371536
-31.574329	-1.752732	309.687500	72.268326
-31.574329	-1.752732	307.777344	63.055214
-31.574329	-1.752732	305.865234	45.966583
-31.574329	-1.752732	303.955078	40.703365
-31.574329	-1.752732	302.042969	30.191931
-31.574329	-1.752732	300.128906	31.496967
-31.574329	-1.752732	298.216797	34.113422
-31.574329	-1.752732	296.302734	35.416866
-31.574329	-1.752732	294.388672	44.588173
-31.574329	-1.752732	292.474609	34.088551
-31.574329	-1.752732	290.560547	32.769485
-31.574329	-1.752732	288.644531	44.555668
-31.574329	-1.752732	286.728516	56.336117
-31.574329	-1.752732	284.812500	52.392948
-31.574329	-1.752732	282.896484	65.475266
-31.574329	-1.752732	280.978516	57.604225
-31.574329	-1.752732	279.060547	70.678909
-31.574329	-1.752732	277.142578	60.193321
-31.574329	-1.752732	275.224609	75.877480
-31.574329	-1.752732	273.304688	64.087799
-31.574329	-1.752732	271.384766	78.455780
-31.574329	-1.752732	269.464844	92.816765
-31.574329	-1.752732	267.544922	109.784691
-31.574329	-1.752732	265.623047	148.957291
-31.574329	-1.752732	263.703125	220.768951
-31.574329	-1.752732	261.781250	339.561951
-31.574329	-1.752732	259.857422	396.929749
-31.574329	-1.752732	257.935547	400.749359
-31.574329	-1.752732	256.011719	358.890167
-31.574329	-1.752732	254.087891	410.992432
-31.574329	-1.752732	252.164063	1018.752502
-31.574329	-1.752732	250.240234	2338.257568
-31.574329	-1.752732	248.314453	1981.755249
-31.574329	-1.752732	246.388672	904.607727
-31.574329	-1.752732	244.462891	445.678131
-31.574329	-1.752732	242.535156	286.623840
-31.574329	-1.752732	240.609375	235.755905
-31.574329	-1.752732	238.681641	179.703888
-31.574329	-1.752732	236.753906	162.735687
-31.574329	-1.752732	234.824219	132.760025
-31.574329	-1.752732	232.896484	104.100197
-31.574329	-1.752732	230.966797	107.977699
-31.574329	-1.752732	229.037109	92.344002
-31.574329	-1.752732	227.107422	98.823074
-31.574329	-1.752732	225.175781	92.299110
-31.574329	-1.752732	223.244141	93.576340
-31.574329	-1.752732	221.312500	100.050362
-31.574329	-1.752732	219.380859	103.923157
-31.574329	-1.752732	217.447266	94.806824
-31.574329	-1.752732	215.515625	76.606064
-31.574329	-1.752732	213.582031	77.885536
-31.574329	-1.752732	211.646484	76.568825
-31.574329	-1.752732	209.712891	63.575596
-31.574329	-1.752732	207.777344	72.640160
-31.574329	-1.752732	205.841797	62.247860
-31.574329	-1.752732	203.906250	42.785000
-31.574329	-1.752732	201.968750	45.366997
-31.574329	-1.752732	200.033203	36.284775
-31.574329	-1.752732	198.095703	33.684814
-31.574329	-1.752732	196.158203	23.314589
-31.574329	-1.752732	194.218750	25.898802
-31.574329	-1.752732	192.281250	27.187132
-31.574329	-1.752732	190.341797	31.063456
-31.574329	-1.752732	188.402344	32.349903
-31.574329	-1.752732	186.460938	28.460995
-31.574329	-1.752732	184.521484	28.454077
-31.574329	-1.752732	182.580078	25.861057
-31.574329	-1.752732	180.638672	19.391079
-31.574329	-1.752732	178.695313	25.848488
-31.574329	-1.752732	176.753906	32.302757
-31.574329	-1.752732	174.810547	27.127724
-31.574329	-1.752732	172.867188	21.955202
-31.574329	-1.752732	170.921875	28.405710
-31.574329	-1.752732	168.978516	27.107952
-31.574329	-1.752732	167.033203	32.263531
-31.574329	-1.752732	165.087891	28.385010
-31.574329	-1.752732	163.142578	28.378113
-31.574329	-1.752732	161.195313	28.371220
-31.574329	-1.752732	159.248047	25.785751
-31.574329	-1.752732	157.300781	34.802307
-31.574329	-1.752732	155.353516	39.948498
-31.574329	-1.752732	153.406250	36.073750
-31.574329	-1.752732	151.457031	39.929096
-31.574329	-1.752732	149.507813	37.343952
-31.574329	-1.752732	147.558594	37.334881
-31.574329	-1.752732	145.607422	41.187107
-31.574329	-1.752732	143.658203	52.758163
-31.574329	-1.752732	141.707031	60.464184
-31.574329	-1.752732	139.753906	86.172691
-31.574329	-1.752732	137.802734	91.295158
-31.574329	-1.752732	135.849609	82.274246
-31.574329	-1.752732	133.896484	80.969048
-31.574329	-1.752732	131.943359	57.820995
-31.574329	-1.752732	129.990234	55.237759
-31.574329	-1.752732	128.035156	62.930073
-31.574329	-1.752732	126.080078	53.926971
-31.574329	-1.752732	124.125000	48.779224
-31.574329	-1.752732	122.169922	57.750854
-31.574329	-1.752732	120.212891	68.001167
-31.574329	-1.752732	118.255859	67.984665
-31.574329	-1.752732	116.298828	61.556072
-31.574329	-1.752732	114.341797	61.541138
-31.574329	-1.752732	112.382813	38.453876
-31.574329	-1.752732	110.423828	37.163063
-31.574329	-1.752732	108.464844	38.435223
-31.574329	-1.752732	106.505859	30.740719
-31.574329	-1.752732	104.544922	25.611052
-31.574329	-1.752732	102.585938	14.082662
-31.574329	-1.752732	100.625000	7.679589
-31.574329	-1.752732	98.662109	12.796210
-31.574329	-1.752732	96.701172	3.837932
-31.574329	-1.752732	94.738281	1.279001
-31.574329	-1.752732	92.775391	0.000000
-31.574329	-1.752732	90.812500	1.278380
-31.574329	-1.752732	88.847656	2.556141
-31.574329	-1.752732	86.882813	1.277761
-31.574329	-1.752732	84.917969	-1.277451
-31.574329	-1.752732	82.953125	0.000000
-31.574329	-1.752732	80.988281	-1.276832
-31.574329	-1.752732	79.021484	1.276522
-31.574329	-1.752732	77.054688	-2.552426
-31.574329	-1.752732	75.087891	1.275904
-31.574329	-1.752732	73.119141	3.826784
-31.574329	-1.752732	71.152344	2.550571
-31.574329	-1.752732	69.183594	-1.274977
-31.574329	-1.752732	67.212891	0.000000
-31.574329	-1.752732	65.244141	2.548719
-31.574329	-1.752732	63.273438	0.000000
-31.574329	-1.752732	61.302734	0.000000
-31.574329	-1.752732	59.332031	1.273434
-28.574329	-1.752732	1838.626953	22.500080
-28.574329	-1.752732	1837.066406	27.321526
-28.574329	-1.752732	1835.503906	20.888487
-28.574329	-1.752732	1833.941406	22.490505
-28.574329	-1.752732	1832.378906	17.667351
-28.574329	-1.752732	1830.816406	17.663591
-28.574329	-1.752732	1829.251953	27.292469
-28.574329	-1.752732	1827.687500	16.050978
-28.574329	-1.752732	1826.125000	33.699879
-28.574329	-1.752732	1824.560547	32.088291
-28.574329	-1.752732	1822.994141	22.457024
-28.574329	-1.752732	1821.429688	22.452244
-28.574329	-1.752732	1819.865234	19.240685
-28.574329	-1.752732	1818.298828	28.854885
-28.574329	-1.752732	1816.732422	22.437912
-28.574329	-1.752732	1815.166016	25.637869
-28.574329	-1.752732	1813.599609	27.234438
-28.574329	-1.752732	1812.033203	22.423586
-28.574329	-1.752732	1810.464844	20.817469
-28.574329	-1.752732	1808.896484	27.217051
-28.574329	-1.752732	1807.330078	28.811918
-28.574329	-1.752732	1805.759766	27.205463
-28.574329	-1.752732	1804.191406	27.199671
-28.574329	-1.752732	1802.623047	35.192081
-28.574329	-1.752732	1801.052734	19.191593
-28.574329	-1.752732	1799.484375	19.187508
-28.574329	-1.752732	1797.914063	22.380657
-28.574329	-1.752732	1796.343750	20.777615
-28.574329	-1.752732	1794.771484	22.371128
-28.574329	-1.752732	1793.201172	25.561558
-28.574329	-1.752732	1791.628906	30.347887
-28.574329	-1.752732	1790.058594	15.969171
-28.574329	-1.752732	1788.486328	19.158922
-28.574329	-1.752732	1786.914063	28.732264
-28.574329	-1.752732	1785.339844	28.726143
-28.574329	-1.752732	1783.767578	20.742241
-28.574329	-1.752732	1782.193359	30.309124
-28.574329	-1.752732	1780.621094	19.138527
-28.574329	-1.752732	1779.046875	25.512600
-28.574329	-1.752732	1777.470703	27.101362
-28.574329	-1.752732	1775.896484	22.314014
-28.574329	-1.752732	1774.322266	19.122223
-28.574329	-1.752732	1772.746094	28.677221
-28.574329	-1.752732	1771.169922	23.892593
-28.574329	-1.752732	1769.593750	19.110001
-28.574329	-1.752732	1768.017578	25.474571
-28.574329	-1.752732	1766.441406	20.693678
-28.574329	-1.752732	1764.863281	12.731856
-28.574329	-1.752732	1763.287109	20.684858
-28.574329	-1.752732	1761.708984	22.271252
-28.574329	-1.752732	1760.130859	25.447433
-28.574329	-1.752732	1758.552734	20.671633
-28.574329	-1.752732	1756.972656	23.846798
-28.574329	-1.752732	1755.394531	23.841713
-28.574329	-1.752732	1753.814453	23.836630
-28.574329	-1.752732	1752.234375	25.420317
-28.574329	-1.752732	1750.654297	23.826466
-28.574329	-1.752732	1749.074219	14.292830
-28.574329	-1.752732	1747.492188	14.289783
-28.574329	-1.752732	1745.912109	20.636395
-28.574329	-1.752732	1744.330078	25.393221
-28.574329	-1.752732	1742.748047	23.801067
-28.574329	-1.752732	1741.166016	22.209591
-28.574329	-1.752732	1739.583984	20.618792
-28.574329	-1.752732	1738.000000	22.200115
-28.574329	-1.752732	1736.417969	25.366146
-28.574329	-1.752732	1734.833984	22.190641
-28.574329	-1.752732	1733.250000	20.601198
-28.574329	-1.752732	1731.666016	26.934278
-28.574329	-1.752732	1730.082031	23.760468
-28.574329	-1.752732	1728.496094	23.755396
-28.574329	-1.752732	1726.912109	23.750326
-28.574329	-1.752732	1725.326172	26.911289
-28.574329	-1.752732	1723.740234	17.409470
-28.574329	-1.752732	1722.154297	26.899799
-28.574329	-1.752732	1720.566406	15.820032
-28.574329	-1.752732	1718.980469	15.816654
-28.574329	-1.752732	1717.392578	22.138586
-28.574329	-1.752732	1715.804688	18.971878
-28.574329	-1.752732	1714.216797	25.290436
-28.574329	-1.752732	1712.628906	17.383461
-28.574329	-1.752732	1711.041016	17.379747
-28.574329	-1.752732	1709.451172	18.955673
-28.574329	-1.752732	1707.861328	22.110226
-28.574329	-1.752732	1706.271484	25.263430
-28.574329	-1.752732	1704.681641	26.836658
-28.574329	-1.752732	1703.091797	22.096054
-28.574329	-1.752732	1701.501953	26.825188
-28.574329	-1.752732	1699.910156	18.931379
-28.574329	-1.752732	1698.318359	22.081888
-28.574329	-1.752732	1696.726563	28.384930
-28.574329	-1.752732	1695.134766	17.342636
-28.574329	-1.752732	1693.542969	28.372791
-28.574329	-1.752732	1691.949219	25.214867
-28.574329	-1.752732	1690.357422	20.482697
-28.574329	-1.752732	1688.763672	22.053572
-28.574329	-1.752732	1687.169922	18.899017
-28.574329	-1.752732	1685.576172	23.618717
-28.574329	-1.752732	1683.982422	26.762154
-28.574329	-1.752732	1682.386719	28.330334
-28.574329	-1.752732	1680.791016	26.750702
-28.574329	-1.752732	1679.195313	26.744976
-28.574329	-1.752732	1677.599609	29.885046
-28.574329	-1.752732	1676.003906	20.443287
-28.574329	-1.752732	1674.408203	14.150015
-28.574329	-1.752732	1672.810547	20.434534
-28.574329	-1.752732	1671.214844	20.430159
-28.574329	-1.752732	1669.617188	26.710640
-28.574329	-1.752732	1668.019531	21.992287
-28.574329	-1.752732	1666.419922	23.558117
-28.574329	-1.752732	1664.822266	23.553072
-28.574329	-1.752732	1663.222656	20.408289
-28.574329	-1.752732	1661.623047	21.973450
-28.574329	-1.752732	1660.023438	20.399546
-28.574329	-1.752732	1658.423828	18.826313
-28.574329	-1.752732	1656.824219	20.390802
-28.574329	-1.752732	1655.222656	20.386433
-28.574329	-1.752732	1653.623047	23.517763
-28.574329	-1.752732	1652.021484	20.377691
-28.574329	-1.752732	1650.419922	14.104609
-28.574329	-1.752732	1648.818359	14.101583
-28.574329	-1.752732	1647.214844	23.497599
-28.574329	-1.752732	1645.613281	23.492559
-28.574329	-1.752732	1644.009766	21.921686
-28.574329	-1.752732	1642.406250	18.785986
-28.574329	-1.752732	1640.802734	17.216791
-28.574329	-1.752732	1639.199219	26.602060
-28.574329	-1.752732	1637.593750	28.160843
-28.574329	-1.752732	1635.990234	23.462332
-28.574329	-1.752732	1634.384766	18.765837
-28.574329	-1.752732	1632.779297	15.634840
-28.574329	-1.752732	1631.173828	29.699820
-28.574329	-1.752732	1629.568359	23.442190
-28.574329	-1.752732	1627.960938	23.437157
-28.574329	-1.752732	1626.353516	15.621415
-28.574329	-1.752732	1624.748047	20.303478
-28.574329	-1.752732	1623.140625	26.544998
-28.574329	-1.752732	1621.531250	26.539295
-28.574329	-1.752732	1619.923828	28.094391
-28.574329	-1.752732	1618.314453	20.286034
-28.574329	-1.752732	1616.707031	26.522188
-28.574329	-1.752732	1615.097656	23.396900
-28.574329	-1.752732	1613.488281	21.832413
-28.574329	-1.752732	1611.878906	18.709473
-28.574329	-1.752732	1610.267578	18.705450
-28.574329	-1.752732	1608.656250	24.935236
-28.574329	-1.752732	1607.046875	23.371756
-28.574329	-1.752732	1605.435547	9.346691
-28.574329	-1.752732	1603.824219	14.017020
-28.574329	-1.752732	1602.210938	17.128227
-28.574329	-1.752732	1600.599609	21.794870
-28.574329	-1.752732	1598.986328	20.233740
-28.574329	-1.752732	1597.373047	14.004958
-28.574329	-1.752732	1595.759766	18.669256
-28.574329	-1.752732	1594.146484	20.220675
-28.574329	-1.752732	1592.533203	24.881624
-28.574329	-1.752732	1590.917969	23.321499
-28.574329	-1.752732	1589.302734	18.653181
-28.574329	-1.752732	1587.687500	24.865549
-28.574329	-1.752732	1586.072266	20.198906
-28.574329	-1.752732	1584.457031	17.087700
-28.574329	-1.752732	1582.839844	20.190201
-28.574329	-1.752732	1581.224609	20.185850
-28.574329	-1.752732	1579.607422	24.838768
-28.574329	-1.752732	1577.990234	18.625059
-28.574329	-1.752732	1576.373047	21.724550
-28.574329	-1.752732	1574.755859	20.168446
-28.574329	-1.752732	1573.136719	26.368433
-28.574329	-1.752732	1571.517578	21.710495
-28.574329	-1.752732	1569.898438	20.155397
-28.574329	-1.752732	1568.279297	29.451530
-28.574329	-1.752732	1566.660156	26.345684
-28.574329	-1.752732	1565.041016	21.691763
-28.574329	-1.752732	1563.419922	23.236156
-28.574329	-1.752732	1561.798828	21.682398
-28.574329	-1.752732	1560.177734	23.226124
-28.574329	-1.752732	1558.556641	18.576885
-28.574329	-1.752732	1556.935547	18.572874
-28.574329	-1.752732	1555.312500	23.211077
-28.574329	-1.752732	1553.691406	21.658991
-28.574329	-1.752732	1552.068359	23.201048
-28.574329	-1.752732	1550.445313	17.010424
-28.574329	-1.752732	1548.822266	20.098883
-28.574329	-1.752732	1547.197266	17.003071
-28.574329	-1.752732	1545.574219	20.090193
-28.574329	-1.752732	1543.949219	23.175980
-28.574329	-1.752732	1542.324219	13.902580
-28.574329	-1.752732	1540.699219	18.532764
-28.574329	-1.752732	1539.072266	23.160944
-28.574329	-1.752732	1537.447266	16.981016
-28.574329	-1.752732	1535.820313	18.520737
-28.574329	-1.752732	1534.193359	16.973667
-28.574329	-1.752732	1532.566406	32.397259
-28.574329	-1.752732	1530.939453	21.593496
-28.574329	-1.752732	1529.312500	21.588821
-28.574329	-1.752732	1527.683594	18.500696
-28.574329	-1.752732	1526.056641	24.662252
-28.574329	-1.752732	1524.427734	18.492682
-28.574329	-1.752732	1522.798828	21.570120
-28.574329	-1.752732	1521.167969	15.403891
-28.574329	-1.752732	1519.539063	21.560772
-28.574329	-1.752732	1517.908203	21.556099
-28.574329	-1.752732	1516.277344	18.472651
-28.574329	-1.752732	1514.646484	21.546751
-28.574329	-1.752732	1513.015625	24.619518
-28.574329	-1.752732	1511.384766	23.075792
-28.574329	-1.752732	1509.751953	15.380524
-28.574329	-1.752732	1508.121094	26.141216
-28.574329	-1.752732	1506.488281	23.060774
-28.574329	-1.752732	1504.855469	21.518717
-28.574329	-1.752732	1503.220703	18.440611
-28.574329	-1.752732	1501.587891	18.436607
-28.574329	-1.752732	1499.953125	21.504704
-28.574329	-1.752732	1498.318359	19.964317
-28.574329	-1.752732	1496.683594	23.030746
-28.574329	-1.752732	1495.048828	21.490694
-28.574329	-1.752732	1493.414063	21.486023
-28.574329	-1.752732	1491.777344	21.481354
-28.574329	-1.752732	1490.140625	21.476685
-28.574329	-1.752732	1488.505859	27.606876
-28.574329	-1.752732	1486.867188	23.000729
-28.574329	-1.752732	1485.230469	18.396582
-28.574329	-1.752732	1483.593750	16.859865
-28.574329	-1.752732	1481.955078	27.582867
-28.574329	-1.752732	1480.316406	21.448673
-28.574329	-1.752732	1478.677734	22.975719
-28.574329	-1.752732	1477.039063	16.845194
-28.574329	-1.752732	1475.400391	24.496767
-28.574329	-1.752732	1473.759766	26.022148
-28.574329	-1.752732	1472.119141	22.955719
-28.574329	-1.752732	1470.478516	13.770432
-28.574329	-1.752732	1468.837891	21.416004
-28.574329	-1.752732	1467.197266	22.940720
-28.574329	-1.752732	1465.556641	19.877625
-28.574329	-1.752732	1463.914063	15.287148
-28.574329	-1.752732	1462.271484	18.340578
-28.574329	-1.752732	1460.628906	13.752435
-28.574329	-1.752732	1458.986328	18.332581
-28.574329	-1.752732	1457.343750	21.383347
-28.574329	-1.752732	1455.699219	18.324585
-28.574329	-1.752732	1454.054688	16.793871
-28.574329	-1.752732	1452.410156	22.895735
-28.574329	-1.752732	1450.765625	24.416786
-28.574329	-1.752732	1449.121094	24.411457
-28.574329	-1.752732	1447.474609	24.406128
-28.574329	-1.752732	1445.830078	21.350698
-28.574329	-1.752732	1444.183594	21.346035
-28.574329	-1.752732	1442.537109	16.768221
-28.574329	-1.752732	1440.890625	21.336708
-28.574329	-1.752732	1439.242188	21.332047
-28.574329	-1.752732	1437.595703	24.374153
-28.574329	-1.752732	1435.947266	24.368824
-28.574329	-1.752732	1434.298828	24.363497
-28.574329	-1.752732	1432.650391	19.791012
-28.574329	-1.752732	1431.000000	21.308735
-28.574329	-1.752732	1429.351563	28.912672
-28.574329	-1.752732	1427.701172	22.820799
-28.574329	-1.752732	1426.050781	24.336859
-28.574329	-1.752732	1424.400391	25.852253
-28.574329	-1.752732	1422.750000	28.887369
-28.574329	-1.752732	1421.097656	16.720604
-28.574329	-1.752732	1419.447266	18.236664
-28.574329	-1.752732	1417.794922	21.271448
-28.574329	-1.752732	1416.142578	21.266788
-28.574329	-1.752732	1414.490234	24.299574
-28.574329	-1.752732	1412.835938	21.257467
-28.574329	-1.752732	1411.183594	22.770866
-28.574329	-1.752732	1409.529297	22.765873
-28.574329	-1.752732	1407.875000	27.313057
-28.574329	-1.752732	1406.220703	18.204712
-28.574329	-1.752732	1404.566406	22.750898
-28.574329	-1.752732	1402.910156	19.713120
-28.574329	-1.752732	1401.255859	25.773037
-28.574329	-1.752732	1399.599609	18.188738
-28.574329	-1.752732	1397.943359	18.184746
-28.574329	-1.752732	1396.287109	25.756067
-28.574329	-1.752732	1394.628906	21.206221
-28.574329	-1.752732	1392.970703	15.143973
-28.574329	-1.752732	1391.314453	21.196905
-28.574329	-1.752732	1389.656250	18.164783
-28.574329	-1.752732	1387.998047	22.700989
-28.574329	-1.752732	1386.337891	25.722132
-28.574329	-1.752732	1384.679688	12.101871
-28.574329	-1.752732	1383.019531	24.198420
-28.574329	-1.752732	1381.359375	18.144823
-28.574329	-1.752732	1379.699219	22.676039
-28.574329	-1.752732	1378.039063	27.205259
-28.574329	-1.752732	1376.376953	22.666061
-28.574329	-1.752732	1374.716797	15.107381
-28.574329	-1.752732	1373.054688	12.083244
-28.574329	-1.752732	1371.392578	33.221603
-28.574329	-1.752732	1369.728516	25.665586
-28.574329	-1.752732	1368.066406	21.131708
-28.574329	-1.752732	1366.402344	21.127054
-28.574329	-1.752732	1364.740234	25.648626
-28.574329	-1.752732	1363.076172	19.609331
-28.574329	-1.752732	1361.412109	28.653475
-28.574329	-1.752732	1359.746094	21.108431
-28.574329	-1.752732	1358.082031	21.103777
-28.574329	-1.752732	1356.416016	22.606201
-28.574329	-1.752732	1354.750000	22.601213
-28.574329	-1.752732	1353.083984	15.064151
-28.574329	-1.752732	1351.417969	19.579073
-28.574329	-1.752732	1349.750000	16.563251
-28.574329	-1.752732	1348.083984	16.559595
-28.574329	-1.752732	1346.416016	27.091534
-28.574329	-1.752732	1344.748047	24.076044
-28.574329	-1.752732	1343.078125	21.061884
-28.574329	-1.752732	1341.410156	15.040879
-28.574329	-1.752732	1339.740234	19.548820
-28.574329	-1.752732	1338.072266	18.041077
-28.574329	-1.752732	1336.402344	19.540178
-28.574329	-1.752732	1334.730469	18.033098
-28.574329	-1.752732	1333.060547	16.526684
-28.574329	-1.752732	1331.388672	13.518841
-28.574329	-1.752732	1329.718750	16.519371
-28.574329	-1.752732	1328.046875	25.524288
-28.574329	-1.752732	1326.375000	18.013157
-28.574329	-1.752732	1324.701172	27.013752
-28.574329	-1.752732	1323.029297	19.505611
-28.574329	-1.752732	1321.355469	19.501291
-28.574329	-1.752732	1319.681641	19.496971
-28.574329	-1.752732	1318.007813	17.993216
-28.574329	-1.752732	1316.333984	16.490126
-28.574329	-1.752732	1314.660156	17.985239
-28.574329	-1.752732	1312.984375	23.975002
-28.574329	-1.752732	1311.308594	26.965897
-28.574329	-1.752732	1309.632813	17.973276
-28.574329	-1.752732	1307.957031	19.466730
-28.574329	-1.752732	1306.279297	20.959518
-28.574329	-1.752732	1304.603516	25.445196
-28.574329	-1.752732	1302.925781	23.943104
-28.574329	-1.752732	1301.248047	14.961117
-28.574329	-1.752732	1299.570313	26.924030
-28.574329	-1.752732	1297.892578	29.908943
-28.574329	-1.752732	1296.212891	23.921839
-28.574329	-1.752732	1294.533203	20.926958
-28.574329	-1.752732	1292.853516	22.416758
-28.574329	-1.752732	1291.173828	20.917654
-28.574329	-1.752732	1289.494141	17.925432
-28.574329	-1.752732	1287.812500	29.869076
-28.574329	-1.752732	1286.132813	26.876188
-28.574329	-1.752732	1284.451172	19.406261
-28.574329	-1.752732	1282.769531	25.371771
-28.574329	-1.752732	1281.085938	16.413374
-28.574329	-1.752732	1279.404297	20.885099
-28.574329	-1.752732	1277.720703	22.371908
-28.574329	-1.752732	1276.039063	10.437899
-28.574329	-1.752732	1274.355469	23.852739
-28.574329	-1.752732	1272.669922	17.885569
-28.574329	-1.752732	1270.986328	19.371716
-28.574329	-1.752732	1269.300781	20.857197
-28.574329	-1.752732	1267.615234	17.873611
-28.574329	-1.752732	1265.929688	25.315302
-28.574329	-1.752732	1264.244141	22.332050
-28.574329	-1.752732	1262.558594	19.350126
-28.574329	-1.752732	1260.871094	19.345808
-28.574329	-1.752732	1259.185547	25.292717
-28.574329	-1.752732	1257.498047	16.362223
-28.574329	-1.752732	1255.808594	23.794283
-28.574329	-1.752732	1254.121094	16.354916
-28.574329	-1.752732	1252.433594	17.837742
-28.574329	-1.752732	1250.744141	16.347610
-28.574329	-1.752732	1249.054688	23.773027
-28.574329	-1.752732	1247.365234	20.796751
-28.574329	-1.752732	1245.673828	14.851501
-28.574329	-1.752732	1243.984375	23.757088
-28.574329	-1.752732	1242.292969	23.751776
-28.574329	-1.752732	1240.601563	19.294001
-28.574329	-1.752732	1238.910156	14.838218
-28.574329	-1.752732	1237.218750	19.285366
-28.574329	-1.752732	1235.525391	23.730522
-28.574329	-1.752732	1233.833984	22.242384
-28.574329	-1.752732	1232.140625	22.237404
-28.574329	-1.752732	1230.447266	22.232422
-28.574329	-1.752732	1228.753906	16.300125
-28.574329	-1.752732	1227.058594	20.740965
-28.574329	-1.752732	1225.365234	22.217482
-28.574329	-1.752732	1223.669922	20.731667
-28.574329	-1.752732	1221.974609	19.246517
-28.574329	-1.752732	1220.277344	19.242201
-28.574329	-1.752732	1218.582031	23.677397
-28.574329	-1.752732	1216.884766	16.274559
-28.574329	-1.752732	1215.189453	14.791733
-28.574329	-1.752732	1213.492188	17.746096
-28.574329	-1.752732	1211.792969	23.656149
-28.574329	-1.752732	1210.095703	20.694483
-28.574329	-1.752732	1208.396484	20.689835
-28.574329	-1.752732	1206.699219	26.595240
-28.574329	-1.752732	1205.000000	17.726177
-28.574329	-1.752732	1203.298828	13.291644
-28.574329	-1.752732	1201.599609	17.718208
-28.574329	-1.752732	1199.900391	17.714226
-28.574329	-1.752732	1198.199219	16.234388
-28.574329	-1.752732	1196.498047	19.181780
-28.574329	-1.752732	1194.796875	26.553411
-28.574329	-1.752732	1193.093750	22.122864
-28.574329	-1.752732	1191.392578	25.066936
-28.574329	-1.752732	1189.689453	26.535486
-28.574329	-1.752732	1187.986328	19.160204
-28.574329	-1.752732	1186.283203	23.576477
-28.574329	-1.752732	1184.580078	19.151573
-28.574329	-1.752732	1182.875000	17.674391
-28.574329	-1.752732	1181.169922	26.505613
-28.574329	-1.752732	1179.464844	19.138628
-28.574329	-1.752732	1177.759766	16.190573
-28.574329	-1.752732	1176.054688	23.544613
-28.574329	-1.752732	1174.347656	17.654476
-28.574329	-1.752732	1172.642578	26.475740
-28.574329	-1.752732	1170.935547	11.764340
-28.574329	-1.752732	1169.228516	23.523371
-28.574329	-1.752732	1167.519531	23.518061
-28.574329	-1.752732	1165.812500	20.573656
-28.574329	-1.752732	1164.103516	22.038225
-28.574329	-1.752732	1162.394531	22.033247
-28.574329	-1.752732	1160.685547	23.496820
-28.574329	-1.752732	1158.976563	16.150414
-28.574329	-1.752732	1157.265625	24.954088
-28.574329	-1.752732	1155.556641	17.610668
-28.574329	-1.752732	1153.845703	24.942804
-28.574329	-1.752732	1152.134766	23.470270
-28.574329	-1.752732	1150.423828	26.398081
-28.574329	-1.752732	1148.710938	27.858335
-28.574329	-1.752732	1146.998047	19.056654
-28.574329	-1.752732	1145.287109	26.380161
-28.574329	-1.752732	1143.572266	16.117559
-28.574329	-1.752732	1141.859375	17.578810
-28.574329	-1.752732	1140.146484	23.433105
-28.574329	-1.752732	1138.431641	20.499321
-28.574329	-1.752732	1136.716797	17.566864
-28.574329	-1.752732	1135.001953	24.880751
-28.574329	-1.752732	1133.287109	17.558901
-28.574329	-1.752732	1131.570313	21.943649
-28.574329	-1.752732	1129.855469	24.863829
-28.574329	-1.752732	1128.138672	21.933695
-28.574329	-1.752732	1126.421875	21.928719
-28.574329	-1.752732	1124.703125	23.385324
-28.574329	-1.752732	1122.986328	18.996264
-28.574329	-1.752732	1121.267578	18.991949
-28.574329	-1.752732	1119.548828	21.908812
-28.574329	-1.752732	1117.830078	27.744858
-28.574329	-1.752732	1116.111328	26.278629
-28.574329	-1.752732	1114.392578	18.974697
-28.574329	-1.752732	1112.671875	11.674083
-28.574329	-1.752732	1110.951172	20.424999
-28.574329	-1.752732	1109.230469	24.796146
-28.574329	-1.752732	1107.509766	23.332241
-28.574329	-1.752732	1105.787109	23.326933
-28.574329	-1.752732	1104.066406	24.779226
-28.574329	-1.752732	1102.343750	24.773586
-28.574329	-1.752732	1100.621094	21.854071
-28.574329	-1.752732	1098.896484	24.762308
-28.574329	-1.752732	1097.173828	27.669218
-28.574329	-1.752732	1095.449219	16.015371
-28.574329	-1.752732	1093.724609	23.289780
-28.574329	-1.752732	1092.000000	26.195030
-28.574329	-1.752732	1090.275391	23.279165
-28.574329	-1.752732	1088.550781	24.728474
-28.574329	-1.752732	1086.824219	18.905697
-28.574329	-1.752732	1085.097656	20.355337
-28.574329	-1.752732	1083.371094	18.897074
-28.574329	-1.752732	1081.644531	21.799339
-28.574329	-1.752732	1079.916016	18.888449
-28.574329	-1.752732	1078.189453	21.789389
-28.574329	-1.752732	1076.460938	20.332121
-28.574329	-1.752732	1074.732422	23.231401
-28.574329	-1.752732	1073.001953	18.871202
-28.574329	-1.752732	1071.273438	23.220789
-28.574329	-1.752732	1069.542969	21.764515
-28.574329	-1.752732	1067.812500	24.660812
-28.574329	-1.752732	1066.082031	26.105478
-28.574329	-1.752732	1064.351563	18.849646
-28.574329	-1.752732	1062.619141	15.946053
-28.574329	-1.752732	1060.888672	15.942405
-28.574329	-1.752732	1059.156250	20.285690
-28.574329	-1.752732	1057.421875	17.383755
-28.574329	-1.752732	1055.689453	17.379776
-28.574329	-1.752732	1053.957031	17.375797
-28.574329	-1.752732	1052.222656	20.267120
-28.574329	-1.752732	1050.488281	21.709799
-28.574329	-1.752732	1048.753906	24.598801
-28.574329	-1.752732	1047.019531	27.486477
-28.574329	-1.752732	1045.283203	26.033852
-28.574329	-1.752732	1043.546875	18.797916
-28.574329	-1.752732	1041.810547	23.130592
-28.574329	-1.752732	1040.074219	13.007974
-28.574329	-1.752732	1038.337891	21.674982
-28.574329	-1.752732	1036.599609	20.225342
-28.574329	-1.752732	1034.861328	25.998043
-28.574329	-1.752732	1033.123047	20.216059
-28.574329	-1.752732	1031.384766	25.986109
-28.574329	-1.752732	1029.646484	28.866823
-28.574329	-1.752732	1027.906250	20.202135
-28.574329	-1.752732	1026.167969	24.525528
-28.574329	-1.752732	1024.427734	24.519894
-28.574329	-1.752732	1022.685547	25.956272
-28.574329	-1.752732	1020.945313	28.833673
-28.574329	-1.752732	1019.203125	18.737577
-28.574329	-1.752732	1017.462891	23.056332
-28.574329	-1.752732	1015.720703	18.728960
-28.574329	-1.752732	1013.976563	24.486082
-28.574329	-1.752732	1012.234375	24.480446
-28.574329	-1.752732	1010.490234	25.914507
-28.574329	-1.752732	1008.746094	30.226631
-28.574329	-1.752732	1007.001953	33.097733
-28.574329	-1.752732	1005.257813	28.774010
-28.574329	-1.752732	1003.513672	27.329012
-28.574329	-1.752732	1001.767578	30.198790
-28.574329	-1.752732	1000.021484	28.754124
-28.574329	-1.752732	998.275391	25.872746
-28.574329	-1.752732	996.529297	21.555651
-28.574329	-1.752732	994.781250	30.170952
-28.574329	-1.752732	993.035156	28.727612
-28.574329	-1.752732	991.287109	37.337280
-28.574329	-1.752732	989.539063	31.585793
-28.574329	-1.752732	987.789063	27.272343
-28.574329	-1.752732	986.041016	38.746487
-28.574329	-1.752732	984.291016	38.737541
-28.574329	-1.752732	982.541016	41.597382
-28.574329	-1.752732	980.791016	45.889954
-28.574329	-1.752732	979.041016	41.578163
-28.574329	-1.752732	977.289063	38.701759
-28.574329	-1.752732	975.537109	50.157349
-28.574329	-1.752732	973.785156	42.982075
-28.574329	-1.752732	972.033203	42.972137
-28.574329	-1.752732	970.281250	45.826344
-28.574329	-1.752732	968.527344	41.520515
-28.574329	-1.752732	966.773438	35.785267
-28.574329	-1.752732	965.019531	37.208065
-28.574329	-1.752732	963.265625	40.060947
-28.574329	-1.752732	961.511719	41.482090
-28.574329	-1.752732	959.755859	47.192829
-28.574329	-1.752732	958.000000	30.024843
-28.574329	-1.752732	956.244141	35.735580
-28.574329	-1.752732	954.488281	41.443668
-28.574329	-1.752732	952.730469	42.862823
-28.574329	-1.752732	950.974609	32.853882
-28.574329	-1.752732	949.216797	35.702461
-28.574329	-1.752732	947.458984	39.977482
-28.574329	-1.752732	945.701172	45.677956
-28.574329	-1.752732	943.941406	42.813148
-28.574329	-1.752732	942.181641	31.389023
-28.574329	-1.752732	940.421875	32.808182
-28.574329	-1.752732	938.662109	37.078899
-28.574329	-1.752732	936.902344	37.070290
-28.574329	-1.752732	935.140625	25.658087
-28.574329	-1.752732	933.380859	24.227009
-28.574329	-1.752732	931.619141	25.646168
-28.574329	-1.752732	929.855469	17.093472
-28.574329	-1.752732	928.093750	18.513624
-28.574329	-1.752732	926.330078	29.899672
-28.574329	-1.752732	924.568359	27.045794
-28.574329	-1.752732	922.804688	19.923845
-28.574329	-1.752732	921.039063	22.764811
-28.574329	-1.752732	919.275391	24.181984
-28.574329	-1.752732	917.509766	25.598495
-28.574329	-1.752732	915.744141	24.170731
-28.574329	-1.752732	913.978516	27.008057
-28.574329	-1.752732	912.212891	27.001768
-28.574329	-1.752732	910.447266	17.049776
-28.574329	-1.752732	908.679688	22.727741
-28.574329	-1.752732	906.912109	26.982904
-28.574329	-1.752732	905.144531	18.457685
-28.574329	-1.752732	903.375000	18.453382
-28.574329	-1.752732	901.607422	25.544880
-28.574329	-1.752732	899.837891	24.120096
-28.574329	-1.752732	898.068359	25.532969
-28.574329	-1.752732	896.298828	21.272511
-28.574329	-1.752732	894.529297	19.849710
-28.574329	-1.752732	892.757813	24.097595
-28.574329	-1.752732	890.986328	22.674797
-28.574329	-1.752732	889.214844	26.920036
-28.574329	-1.752732	887.443359	24.080723
-28.574329	-1.752732	885.669922	22.658918
-28.574329	-1.752732	883.898438	25.485329
-28.574329	-1.752732	882.125000	25.479374
-28.574329	-1.752732	880.351563	21.227850
-28.574329	-1.752732	878.578125	25.467466
-28.574329	-1.752732	876.802734	26.876041
-28.574329	-1.752732	875.027344	16.970373
-28.574329	-1.752732	873.251953	28.277340
-28.574329	-1.752732	871.476563	15.548900
-28.574329	-1.752732	869.701172	19.784880
-28.574329	-1.752732	867.923828	21.193125
-28.574329	-1.752732	866.146484	24.013252
-28.574329	-1.752732	864.369141	25.419846
-28.574329	-1.752732	862.591797	31.061426
-28.574329	-1.752732	860.814453	26.819494
-28.574329	-1.752732	859.035156	32.458099
-28.574329	-1.752732	857.255859	18.341585
-28.574329	-1.752732	855.476563	22.568970
-28.574329	-1.752732	853.697266	21.153450
-28.574329	-1.752732	851.916016	22.558392
-28.574329	-1.752732	850.136719	19.733965
-28.574329	-1.752732	848.355469	23.957052
-28.574329	-1.752732	846.574219	16.906895
-28.574329	-1.752732	844.791016	26.762970
-28.574329	-1.752732	843.009766	32.389679
-28.574329	-1.752732	841.226563	30.974161
-28.574329	-1.752732	839.443359	21.113789
-28.574329	-1.752732	837.660156	29.552364
-28.574329	-1.752732	835.875000	33.766201
-28.574329	-1.752732	834.091797	32.351677
-28.574329	-1.752732	832.306641	32.344078
-28.574329	-1.752732	830.521484	21.089008
-28.574329	-1.752732	828.734375	21.084053
-28.574329	-1.752732	826.949219	22.484371
-28.574329	-1.752732	825.162109	25.288971
-28.574329	-1.752732	823.375000	23.878412
-28.574329	-1.752732	821.587891	22.468515
-28.574329	-1.752732	819.800781	25.271135
-28.574329	-1.752732	818.011719	26.668812
-28.574329	-1.752732	816.222656	22.452663
-28.574329	-1.752732	814.433594	22.447378
-28.574329	-1.752732	812.644531	14.026310
-28.574329	-1.752732	810.855469	22.436811
-28.574329	-1.752732	809.064453	21.029558
-28.574329	-1.752732	807.273438	29.434448
-28.574329	-1.752732	805.482422	21.019653
-28.574329	-1.752732	803.691406	18.212742
-28.574329	-1.752732	801.898438	23.811050
-28.574329	-1.752732	800.107422	28.006399
-28.574329	-1.752732	798.314453	20.999847
-28.574329	-1.752732	796.521484	25.193876
-28.574329	-1.752732	794.726563	25.187935
-28.574329	-1.752732	792.933594	23.782995
-28.574329	-1.752732	791.138672	25.176054
-28.574329	-1.752732	789.343750	27.966795
-28.574329	-1.752732	787.546875	25.164175
-28.574329	-1.752732	785.751953	20.965197
-28.574329	-1.752732	783.955078	25.152298
-28.574329	-1.752732	782.158203	25.146358
-28.574329	-1.752732	780.361328	26.537111
-28.574329	-1.752732	778.564453	29.323565
-28.574329	-1.752732	776.765625	26.524576
-28.574329	-1.752732	774.968750	27.914009
-28.574329	-1.752732	773.169922	22.325932
-28.574329	-1.752732	771.369141	27.900818
-28.574329	-1.752732	769.570313	26.499512
-28.574329	-1.752732	767.769531	29.282007
-28.574329	-1.752732	765.970703	27.881033
-28.574329	-1.752732	764.167969	19.512106
-28.574329	-1.752732	762.367188	26.474451
-28.574329	-1.752732	760.566406	32.040440
-28.574329	-1.752732	758.763672	26.461924
-28.574329	-1.752732	756.960938	25.063257
-28.574329	-1.752732	755.158203	23.665251
-28.574329	-1.752732	753.353516	25.051392
-28.574329	-1.752732	751.550781	22.262630
-28.574329	-1.752732	749.746094	26.430613
-28.574329	-1.752732	747.941406	30.596619
-28.574329	-1.752732	746.136719	25.027666
-28.574329	-1.752732	744.330078	30.582121
-28.574329	-1.752732	742.523438	22.236271
-28.574329	-1.752732	740.718750	25.009874
-28.574329	-1.752732	738.910156	19.447514
-28.574329	-1.752732	737.103516	29.164352
-28.574329	-1.752732	735.294922	26.380537
-28.574329	-1.752732	733.488281	30.538639
-28.574329	-1.752732	731.679688	27.755812
-28.574329	-1.752732	729.869141	24.974304
-28.574329	-1.752732	728.060547	34.678299
-28.574329	-1.752732	726.250000	27.736055
-28.574329	-1.752732	724.439453	27.729471
-28.574329	-1.752732	722.628906	27.722887
-28.574329	-1.752732	720.818359	24.944672
-28.574329	-1.752732	719.005859	20.782290
-28.574329	-1.752732	717.195313	23.547667
-28.574329	-1.752732	715.382813	22.157244
-28.574329	-1.752732	713.568359	19.382980
-28.574329	-1.752732	711.755859	31.835899
-28.574329	-1.752732	709.941406	26.292969
-28.574329	-1.752732	708.126953	23.519695
-28.574329	-1.752732	706.312500	22.130920
-28.574329	-1.752732	704.498047	26.274218
-28.574329	-1.752732	702.681641	31.798065
-28.574329	-1.752732	700.867188	24.879522
-28.574329	-1.752732	699.050781	26.255468
-28.574329	-1.752732	697.232422	20.723068
-28.574329	-1.752732	695.416016	34.530228
-28.574329	-1.752732	693.597656	26.236725
-28.574329	-1.752732	691.779297	27.611029
-28.574329	-1.752732	689.960938	22.083563
-28.574329	-1.752732	688.142578	24.838091
-28.574329	-1.752732	686.324219	27.591305
-28.574329	-1.752732	684.503906	23.447021
-28.574329	-1.752732	682.683594	27.578159
-28.574329	-1.752732	680.863281	17.921532
-28.574329	-1.752732	679.041016	28.943264
-28.574329	-1.752732	677.218750	27.558443
-28.574329	-1.752732	675.398438	28.929466
-28.574329	-1.752732	673.576172	17.904446
-28.574329	-1.752732	671.751953	23.407923
-28.574329	-1.752732	669.929688	24.778946
-28.574329	-1.752732	668.105469	27.525595
-28.574329	-1.752732	666.281250	35.774734
-28.574329	-1.752732	664.457031	28.888081
-28.574329	-1.752732	662.630859	28.881186
-28.574329	-1.752732	660.806641	32.999191
-28.574329	-1.752732	658.980469	27.492760
-28.574329	-1.752732	657.154297	35.732052
-28.574329	-1.752732	655.326172	37.097500
-28.574329	-1.752732	653.500000	27.473066
-28.574329	-1.752732	651.671875	31.586477
-28.574329	-1.752732	649.843750	31.578930
-28.574329	-1.752732	648.015625	27.453377
-28.574329	-1.752732	646.185547	30.191498
-28.574329	-1.752732	644.357422	27.440254
-28.574329	-1.752732	642.527344	24.690325
-28.574329	-1.752732	640.697266	38.397987
-28.574329	-1.752732	638.865234	35.646748
-28.574329	-1.752732	637.035156	34.267521
-28.574329	-1.752732	635.203125	32.888950
-28.574329	-1.752732	633.371094	30.140991
-28.574329	-1.752732	631.539063	32.873215
-28.574329	-1.752732	629.705078	32.865349
-28.574329	-1.752732	627.873047	38.333729
-28.574329	-1.752732	626.039063	35.587082
-28.574329	-1.752732	624.203125	30.104939
-28.574329	-1.752732	622.369141	32.833885
-28.574329	-1.752732	620.535156	34.193775
-28.574329	-1.752732	618.699219	32.818161
-28.574329	-1.752732	616.863281	34.177395
-28.574329	-1.752732	615.025391	30.068901
-28.574329	-1.752732	613.189453	31.428137
-28.574329	-1.752732	611.351563	27.322266
-28.574329	-1.752732	609.513672	32.778858
-28.574329	-1.752732	607.675781	34.136459
-28.574329	-1.752732	605.837891	27.302622
-28.574329	-1.752732	603.998047	28.660877
-28.574329	-1.752732	602.158203	30.018482
-28.574329	-1.752732	600.318359	32.739578
-28.574329	-1.752732	598.478516	27.276438
-28.574329	-1.752732	596.636719	36.814358
-28.574329	-1.752732	594.796875	28.626518
-28.574329	-1.752732	592.955078	24.531128
-28.574329	-1.752732	591.111328	27.250267
-28.574329	-1.752732	589.269531	29.968100
-28.574329	-1.752732	587.425781	29.960905
-28.574329	-1.752732	585.583984	23.146049
-28.574329	-1.752732	583.738281	24.501698
-28.574329	-1.752732	581.894531	25.856691
-28.574329	-1.752732	580.050781	25.850481
-28.574329	-1.752732	578.205078	28.564720
-28.574329	-1.752732	576.359375	20.398470
-28.574329	-1.752732	574.513672	25.831852
-28.574329	-1.752732	572.666016	24.466400
-28.574329	-1.752732	570.818359	20.383766
-28.574329	-1.752732	568.970703	16.303093
-28.574329	-1.752732	567.123047	20.373968
-28.574329	-1.752732	565.275391	27.158760
-28.574329	-1.752732	563.425781	25.794617
-28.574329	-1.752732	561.576172	28.502983
-28.574329	-1.752732	559.726563	20.354378
-28.574329	-1.752732	557.876953	27.132641
-28.574329	-1.752732	556.027344	21.700891
-28.574329	-1.752732	554.175781	29.831547
-28.574329	-1.752732	552.324219	21.690449
-28.574329	-1.752732	550.472656	25.751209
-28.574329	-1.752732	548.619141	33.875015
-28.574329	-1.752732	546.767578	29.802837
-28.574329	-1.752732	544.914063	29.795662
-28.574329	-1.752732	543.060547	31.142511
-28.574329	-1.752732	541.205078	44.671974
-28.574329	-1.752732	539.351563	44.661213
-28.574329	-1.752732	537.496094	37.885235
-28.574329	-1.752732	535.640625	47.345139
-28.574329	-1.752732	533.785156	55.448086
-28.574329	-1.752732	531.927734	52.730595
-28.574329	-1.752732	530.070313	58.124851
-28.574329	-1.752732	528.212891	75.679237
-28.574329	-1.752732	526.355469	105.384956
-28.574329	-1.752732	524.498047	208.017578
-28.574329	-1.752732	522.638672	370.019989
-28.574329	-1.752732	520.779297	554.896179
-28.574329	-1.752732	518.919922	448.129211
-28.574329	-1.752732	517.060547	255.048172
-28.574329	-1.752732	515.199219	160.547165
-28.574329	-1.752732	513.339844	98.463158
-28.574329	-1.752732	511.478516	67.424248
-28.574329	-1.752732	509.615234	68.756142
-28.574329	-1.752732	507.753906	72.783058
-28.574329	-1.752732	505.890625	66.027946
-28.574329	-1.752732	504.027344	53.887356
-28.574329	-1.752732	502.164063	53.874352
-28.574329	-1.752732	500.300781	59.247482
-28.574329	-1.752732	498.435547	64.618011
-28.574329	-1.752732	496.570313	64.602409
-28.574329	-1.752732	494.705078	78.042404
-28.574329	-1.752732	492.839844	59.190285
-28.574329	-1.752732	490.972656	48.416718
-28.574329	-1.752732	489.107422	72.607536
-28.574329	-1.752732	487.240234	51.081852
-28.574329	-1.752732	485.371094	52.413445
-28.574329	-1.752732	483.503906	51.057171
-28.574329	-1.752732	481.634766	48.358265
-28.574329	-1.752732	479.765625	40.288818
-28.574329	-1.752732	477.896484	37.593807
-28.574329	-1.752732	476.027344	33.557789
-28.574329	-1.752732	474.156250	41.601601
-28.574329	-1.752732	472.285156	41.591541
-28.574329	-1.752732	470.414063	41.581490
-28.574329	-1.752732	468.542969	34.866364
-28.574329	-1.752732	466.669922	28.154486
-28.574329	-1.752732	464.796875	29.488043
-28.574329	-1.752732	462.923828	25.460787
-28.574329	-1.752732	461.050781	21.435476
-28.574329	-1.752732	459.177734	30.806044
-28.574329	-1.752732	457.302734	29.459522
-28.574329	-1.752732	455.427734	32.129887
-28.574329	-1.752732	453.552734	29.445271
-28.574329	-1.752732	451.675781	40.142925
-28.574329	-1.752732	449.800781	32.106567
-28.574329	-1.752732	447.923828	28.086449
-28.574329	-1.752732	446.046875	40.113789
-28.574329	-1.752732	444.169922	21.388842
-28.574329	-1.752732	442.291016	34.748455
-28.574329	-1.752732	440.412109	33.403885
-28.574329	-1.752732	438.533203	32.059967
-28.574329	-1.752732	436.654297	29.381187
-28.574329	-1.752732	434.773438	37.385185
-28.574329	-1.752732	432.894531	33.371544
-28.574329	-1.752732	431.013672	25.356232
-28.574329	-1.752732	429.130859	26.684305
-28.574329	-1.752732	427.250000	25.343950
-28.574329	-1.752732	425.367188	26.671379
-28.574329	-1.752732	423.484375	29.331411
-28.574329	-1.752732	421.601563	33.323074
-28.574329	-1.752732	419.718750	21.321600
-28.574329	-1.752732	417.833984	30.642372
-28.574329	-1.752732	415.949219	30.634947
-28.574329	-1.752732	414.064453	33.290787
-28.574329	-1.752732	412.179688	31.951408
-28.574329	-1.752732	410.294922	35.936623
-28.574329	-1.752732	408.408203	33.266582
-28.574329	-1.752732	406.521484	35.919201
-28.574329	-1.752732	404.634766	34.580475
-28.574329	-1.752732	402.746094	49.198746
-28.574329	-1.752732	400.857422	49.186817
-28.574329	-1.752732	398.968750	94.362625
-28.574329	-1.752732	397.080078	96.997200
-28.574329	-1.752732	395.191406	83.689613
-28.574329	-1.752732	393.300781	69.060387
-28.574329	-1.752732	391.410156	77.010216
-28.574329	-1.752732	389.519531	62.389690
-28.574329	-1.752732	387.628906	54.411846
-28.574329	-1.752732	385.736328	55.725445
-28.574329	-1.752732	383.843750	50.406029
-28.574329	-1.752732	381.951172	55.698410
-28.574329	-1.752732	380.058594	46.404079
-28.574329	-1.752732	378.164063	62.298931
-28.574329	-1.752732	376.271484	86.137184
-28.574329	-1.752732	374.376953	72.867622
-28.574329	-1.752732	372.480469	67.551765
-28.574329	-1.752732	370.585938	58.265808
-28.574329	-1.752732	368.689453	48.984356
-28.574329	-1.752732	366.792969	50.296047
-28.574329	-1.752732	364.896484	47.637321
-28.574329	-1.752732	363.000000	58.209259
-28.574329	-1.752732	361.101563	68.776062
-28.574329	-1.752732	359.203125	78.015434
-28.574329	-1.752732	357.304688	51.557003
-28.574329	-1.752732	355.406250	54.187794
-28.574329	-1.752732	353.505859	47.567970
-28.574329	-1.752732	351.605469	43.593388
-28.574329	-1.752732	349.705078	54.148327
-28.574329	-1.752732	347.804688	42.251846
-28.574329	-1.752732	345.902344	58.082180
-28.574329	-1.752732	344.001953	47.510242
-28.574329	-1.752732	342.099609	43.540478
-28.574329	-1.752732	340.195313	54.082607
-28.574329	-1.752732	338.292969	38.244259
-28.574329	-1.752732	336.388672	42.190311
-28.574329	-1.752732	334.484375	39.543812
-28.574329	-1.752732	332.580078	48.758850
-28.574329	-1.752732	330.675781	42.159573
-28.574329	-1.752732	328.769531	42.149330
-28.574329	-1.752732	326.863281	39.505398
-28.574329	-1.752732	324.957031	30.280113
-28.574329	-1.752732	323.048828	39.486202
-28.574329	-1.752732	321.142578	32.897175
-28.574329	-1.752732	319.234375	32.889183
-28.574329	-1.752732	317.326172	43.403172
-28.574329	-1.752732	315.417969	44.707550
-28.574329	-1.752732	313.507813	32.865211
-28.574329	-1.752732	311.597656	32.857224
-28.574329	-1.752732	309.687500	34.163208
-28.574329	-1.752732	307.777344	38.095856
-28.574329	-1.752732	305.865234	32.833275
-28.574329	-1.752732	303.955078	35.451317
-28.574329	-1.752732	302.042969	36.755394
-28.574329	-1.752732	300.128906	38.058834
-28.574329	-1.752732	298.216797	36.737530
-28.574329	-1.752732	296.302734	34.105129
-28.574329	-1.752732	294.388672	32.785423
-28.574329	-1.752732	292.474609	38.021847
-28.574329	-1.752732	290.560547	36.701824
-28.574329	-1.752732	288.644531	48.487049
-28.574329	-1.752732	286.728516	55.025974
-28.574329	-1.752732	284.812500	55.012596
-28.574329	-1.752732	282.896484	60.237244
-28.574329	-1.752732	280.978516	54.985851
-28.574329	-1.752732	279.060547	66.752304
-28.574329	-1.752732	277.142578	74.587379
-28.574329	-1.752732	275.224609	61.486923
-28.574329	-1.752732	273.304688	71.935287
-28.574329	-1.752732	271.384766	61.457027
-28.574329	-1.752732	269.464844	88.894936
-28.574329	-1.752732	267.544922	99.329002
-28.574329	-1.752732	265.623047	133.277573
-28.574329	-1.752732	263.703125	197.255096
-28.574329	-1.752732	261.781250	271.649567
-28.574329	-1.752732	259.857422	280.723358
-28.574329	-1.752732	257.935547	259.769135
-28.574329	-1.752732	256.011719	236.214981
-28.574329	-1.752732	254.087891	255.728622
-28.574329	-1.752732	252.164063	679.603149
-28.574329	-1.752732	250.240234	1786.621704
-28.574329	-1.752732	248.314453	1822.693359
-28.574329	-1.752732	246.388672	818.578735
-28.574329	-1.752732	244.462891	354.457458
-28.574329	-1.752732	242.535156	246.235931
-28.574329	-1.752732	240.609375	182.352631
-28.574329	-1.752732	238.681641	164.077469
-28.574329	-1.752732	236.753906	140.603638
-28.574329	-1.752732	234.824219	127.553757
-28.574329	-1.752732	232.896484	102.798943
-28.574329	-1.752732	230.966797	85.861786
-28.574329	-1.752732	229.037109	76.736565
-28.574329	-1.752732	227.107422	72.817001
-28.574329	-1.752732	225.175781	66.299362
-28.574329	-1.752732	223.244141	83.178970
-28.574329	-1.752732	221.312500	76.661964
-28.574329	-1.752732	219.380859	88.334686
-28.574329	-1.752732	217.447266	74.027245
-28.574329	-1.752732	215.515625	79.202881
-28.574329	-1.752732	213.582031	73.991257
-28.574329	-1.752732	211.646484	75.271042
-28.574329	-1.752732	209.712891	59.683212
-28.574329	-1.752732	207.777344	53.182976
-28.574329	-1.752732	205.841797	53.170044
-28.574329	-1.752732	203.906250	54.453636
-28.574329	-1.752732	201.968750	38.885998
-28.574329	-1.752732	200.033203	40.172432
-28.574329	-1.752732	198.095703	44.049374
-28.574329	-1.752732	196.158203	20.724079
-28.574329	-1.752732	194.218750	25.898802
-28.574329	-1.752732	192.281250	32.365635
-28.574329	-1.752732	190.341797	34.946388
-28.574329	-1.752732	188.402344	25.879921
-28.574329	-1.752732	186.460938	29.754677
-28.574329	-1.752732	184.521484	24.573977
-28.574329	-1.752732	182.580078	24.568003
-28.574329	-1.752732	180.638672	32.318466
-28.574329	-1.752732	178.695313	29.725761
-28.574329	-1.752732	176.753906	31.010649
-28.574329	-1.752732	174.810547	25.835926
-28.574329	-1.752732	172.867188	28.412613
-28.574329	-1.752732	170.921875	36.152721
-28.574329	-1.752732	168.978516	34.853081
-28.574329	-1.752732	167.033203	29.682449
-28.574329	-1.752732	165.087891	32.255692
-28.574329	-1.752732	163.142578	27.088200
-28.574329	-1.752732	161.195313	32.240021
-28.574329	-1.752732	159.248047	28.364326
-28.574329	-1.752732	157.300781	42.536156
-28.574329	-1.752732	155.353516	32.216530
-28.574329	-1.752732	153.406250	32.208706
-28.574329	-1.752732	151.457031	37.353024
-28.574329	-1.752732	149.507813	32.193062
-28.574329	-1.752732	147.558594	43.771931
-28.574329	-1.752732	145.607422	46.335495
-28.574329	-1.752732	143.658203	55.331734
-28.574329	-1.752732	141.707031	51.458881
-28.574329	-1.752732	139.753906	63.021820
-28.574329	-1.752732	137.802734	82.294228
-28.574329	-1.752732	135.849609	65.562294
-28.574329	-1.752732	133.896484	56.549812
-28.574329	-1.752732	131.943359	50.111530
-28.574329	-1.752732	129.990234	55.237759
-28.574329	-1.752732	128.035156	57.792927
-28.574329	-1.752732	126.080078	48.791069
-28.574329	-1.752732	124.125000	61.615864
-28.574329	-1.752732	122.169922	57.750854
-28.574329	-1.752732	120.212891	60.302917
-28.574329	-1.752732	118.255859	66.701935
-28.574329	-1.752732	116.298828	52.579147
-28.574329	-1.752732	114.341797	42.309532
-28.574329	-1.752732	112.382813	52.553635
-28.574329	-1.752732	110.423828	35.881580
-28.574329	-1.752732	108.464844	35.872875
-28.574329	-1.752732	106.505859	26.898129
-28.574329	-1.752732	104.544922	16.647184
-28.574329	-1.752732	102.585938	7.681452
-28.574329	-1.752732	100.625000	8.959520
-28.574329	-1.752732	98.662109	3.838863
-28.574329	-1.752732	96.701172	2.558621
-28.574329	-1.752732	94.738281	2.558001
-28.574329	-1.752732	92.775391	5.114762
-28.574329	-1.752732	90.812500	2.556761
-28.574329	-1.752732	88.847656	2.556141
-28.574329	-1.752732	86.882813	0.000000
-28.574329	-1.752732	84.917969	0.000000
-28.574329	-1.752732	82.953125	2.554283
-28.574329	-1.752732	80.988281	2.553664
-28.574329	-1.752732	79.021484	2.553045
-28.574329	-1.752732	77.054688	5.104852
-28.574329	-1.752732	75.087891	-1.275904
-28.574329	-1.752732	73.119141	3.826784
-28.574329	-1.752732	71.152344	2.550571
-28.574329	-1.752732	69.183594	0.000000
-28.574329	-1.752732	67.212891	0.000000
-28.574329	-1.752732	65.244141	1.274359
-28.574329	-1.752732	63.273438	0.000000
-28.574329	-1.752732	61.302734	2.547484
-28.574329	-1.752732	59.332031	0.000000
-25.574329	-1.752732	1838.626953	17.678635
-25.574329	-1.752732	1837.066406	32.142971
-25.574329	-1.752732	1835.503906	16.068066
-25.574329	-1.752732	1833.941406	19.277576
-25.574329	-1.752732	1832.378906	22.485720
-25.574329	-1.752732	1830.816406	22.480934
-25.574329	-1.752732	1829.251953	24.081591
-25.574329	-1.752732	1827.687500	19.261173
-25.574329	-1.752732	1826.125000	22.466585
-25.574329	-1.752732	1824.560547	17.648561
-25.574329	-1.752732	1822.994141	27.269243
-25.574329	-1.752732	1821.429688	20.848513
-25.574329	-1.752732	1819.865234	19.240685
-25.574329	-1.752732	1818.298828	17.633541
-25.574329	-1.752732	1816.732422	17.629787
-25.574329	-1.752732	1815.166016	17.626036
-25.574329	-1.752732	1813.599609	24.030386
-25.574329	-1.752732	1812.033203	16.016848
-25.574329	-1.752732	1810.464844	17.614782
-25.574329	-1.752732	1808.896484	20.813038
-25.574329	-1.752732	1807.330078	24.009932
-25.574329	-1.752732	1805.759766	22.404499
-25.574329	-1.752732	1804.191406	23.999710
-25.574329	-1.752732	1802.623047	27.193880
-25.574329	-1.752732	1801.052734	14.393695
-25.574329	-1.752732	1799.484375	19.187508
-25.574329	-1.752732	1797.914063	20.782040
-25.574329	-1.752732	1796.343750	20.777615
-25.574329	-1.752732	1794.771484	23.969065
-25.574329	-1.752732	1793.201172	25.561558
-25.574329	-1.752732	1791.628906	22.361601
-25.574329	-1.752732	1790.058594	27.147589
-25.574329	-1.752732	1788.486328	22.352077
-25.574329	-1.752732	1786.914063	19.154842
-25.574329	-1.752732	1785.339844	22.342556
-25.574329	-1.752732	1783.767578	14.360012
-25.574329	-1.752732	1782.193359	25.523474
-25.574329	-1.752732	1780.621094	25.518036
-25.574329	-1.752732	1779.046875	30.296211
-25.574329	-1.752732	1777.470703	23.912966
-25.574329	-1.752732	1775.896484	17.532440
-25.574329	-1.752732	1774.322266	15.935185
-25.574329	-1.752732	1772.746094	22.304506
-25.574329	-1.752732	1771.169922	20.706913
-25.574329	-1.752732	1769.593750	27.072500
-25.574329	-1.752732	1768.017578	17.513767
-25.574329	-1.752732	1766.441406	20.693678
-25.574329	-1.752732	1764.863281	22.280748
-25.574329	-1.752732	1763.287109	22.276001
-25.574329	-1.752732	1761.708984	22.271252
-25.574329	-1.752732	1760.130859	20.676041
-25.574329	-1.752732	1758.552734	22.261757
-25.574329	-1.752732	1756.972656	28.616158
-25.574329	-1.752732	1755.394531	22.252266
-25.574329	-1.752732	1753.814453	23.836630
-25.574329	-1.752732	1752.234375	23.831547
-25.574329	-1.752732	1750.654297	23.826466
-25.574329	-1.752732	1749.074219	25.409477
-25.574329	-1.752732	1747.492188	19.053043
-25.574329	-1.752732	1745.912109	25.398640
-25.574329	-1.752732	1744.330078	22.219069
-25.574329	-1.752732	1742.748047	25.387804
-25.574329	-1.752732	1741.166016	15.863993
-25.574329	-1.752732	1739.583984	22.204851
-25.574329	-1.752732	1738.000000	23.785837
-25.574329	-1.752732	1736.417969	26.951530
-25.574329	-1.752732	1734.833984	23.775688
-25.574329	-1.752732	1733.250000	22.185905
-25.574329	-1.752732	1731.666016	23.765541
-25.574329	-1.752732	1730.082031	25.344500
-25.574329	-1.752732	1728.496094	23.755396
-25.574329	-1.752732	1726.912109	36.417164
-25.574329	-1.752732	1725.326172	18.996204
-25.574329	-1.752732	1723.740234	15.826791
-25.574329	-1.752732	1722.154297	20.570435
-25.574329	-1.752732	1720.566406	15.820032
-25.574329	-1.752732	1718.980469	20.561651
-25.574329	-1.752732	1717.392578	23.719915
-25.574329	-1.752732	1715.804688	25.295839
-25.574329	-1.752732	1714.216797	20.548479
-25.574329	-1.752732	1712.628906	23.704718
-25.574329	-1.752732	1711.041016	20.539700
-25.574329	-1.752732	1709.451172	20.535313
-25.574329	-1.752732	1707.861328	20.530924
-25.574329	-1.752732	1706.271484	20.526537
-25.574329	-1.752732	1704.681641	18.943523
-25.574329	-1.752732	1703.091797	18.939476
-25.574329	-1.752732	1701.501953	36.292900
-25.574329	-1.752732	1699.910156	26.819454
-25.574329	-1.752732	1698.318359	23.659166
-25.574329	-1.752732	1696.726563	14.192465
-25.574329	-1.752732	1695.134766	18.919239
-25.574329	-1.752732	1693.542969	25.220259
-25.574329	-1.752732	1691.949219	25.214867
-25.574329	-1.752732	1690.357422	20.482697
-25.574329	-1.752732	1688.763672	36.230865
-25.574329	-1.752732	1687.169922	28.348526
-25.574329	-1.752732	1685.576172	29.917042
-25.574329	-1.752732	1683.982422	23.613665
-25.574329	-1.752732	1682.386719	25.182520
-25.574329	-1.752732	1680.791016	18.882847
-25.574329	-1.752732	1679.195313	25.171741
-25.574329	-1.752732	1677.599609	15.728971
-25.574329	-1.752732	1676.003906	25.160967
-25.574329	-1.752732	1674.408203	25.155581
-25.574329	-1.752732	1672.810547	22.006422
-25.574329	-1.752732	1671.214844	17.287058
-25.574329	-1.752732	1669.617188	26.710640
-25.574329	-1.752732	1668.019531	21.992287
-25.574329	-1.752732	1666.419922	25.128658
-25.574329	-1.752732	1664.822266	25.123276
-25.574329	-1.752732	1663.222656	23.548025
-25.574329	-1.752732	1661.623047	21.973450
-25.574329	-1.752732	1660.023438	18.830349
-25.574329	-1.752732	1658.423828	28.239471
-25.574329	-1.752732	1656.824219	25.096373
-25.574329	-1.752732	1655.222656	18.818245
-25.574329	-1.752732	1653.623047	20.382061
-25.574329	-1.752732	1652.021484	25.080236
-25.574329	-1.752732	1650.419922	21.940502
-25.574329	-1.752732	1648.818359	20.368954
-25.574329	-1.752732	1647.214844	18.798080
-25.574329	-1.752732	1645.613281	18.794048
-25.574329	-1.752732	1644.009766	20.355850
-25.574329	-1.752732	1642.406250	21.916983
-25.574329	-1.752732	1640.802734	20.347118
-25.574329	-1.752732	1639.199219	20.342752
-25.574329	-1.752732	1637.593750	21.902878
-25.574329	-1.752732	1635.990234	28.154799
-25.574329	-1.752732	1634.384766	23.457296
-25.574329	-1.752732	1632.779297	23.452261
-25.574329	-1.752732	1631.173828	26.573523
-25.574329	-1.752732	1629.568359	17.190939
-25.574329	-1.752732	1627.960938	23.437157
-25.574329	-1.752732	1626.353516	15.621415
-25.574329	-1.752732	1624.748047	10.932642
-25.574329	-1.752732	1623.140625	20.299116
-25.574329	-1.752732	1621.531250	21.855890
-25.574329	-1.752732	1619.923828	29.655191
-25.574329	-1.752732	1618.314453	20.286034
-25.574329	-1.752732	1616.707031	20.281673
-25.574329	-1.752732	1615.097656	24.956694
-25.574329	-1.752732	1613.488281	20.272955
-25.574329	-1.752732	1611.878906	17.150351
-25.574329	-1.752732	1610.267578	15.587874
-25.574329	-1.752732	1608.656250	17.142975
-25.574329	-1.752732	1607.046875	23.371756
-25.574329	-1.752732	1605.435547	26.482292
-25.574329	-1.752732	1603.824219	24.919147
-25.574329	-1.752732	1602.210938	21.799562
-25.574329	-1.752732	1600.599609	17.124542
-25.574329	-1.752732	1598.986328	29.572388
-25.574329	-1.752732	1597.373047	14.004958
-25.574329	-1.752732	1595.759766	21.780800
-25.574329	-1.752732	1594.146484	23.331547
-25.574329	-1.752732	1592.533203	23.326523
-25.574329	-1.752732	1590.917969	17.102432
-25.574329	-1.752732	1589.302734	15.544317
-25.574329	-1.752732	1587.687500	27.973743
-25.574329	-1.752732	1586.072266	20.198906
-25.574329	-1.752732	1584.457031	13.980844
-25.574329	-1.752732	1582.839844	18.637110
-25.574329	-1.752732	1581.224609	20.185850
-25.574329	-1.752732	1579.607422	17.076653
-25.574329	-1.752732	1577.990234	26.385500
-25.574329	-1.752732	1576.373047	24.828056
-25.574329	-1.752732	1574.755859	27.925541
-25.574329	-1.752732	1573.136719	23.266264
-25.574329	-1.752732	1571.517578	26.362745
-25.574329	-1.752732	1569.898438	18.604982
-25.574329	-1.752732	1568.279297	21.701128
-25.574329	-1.752732	1566.660156	18.596952
-25.574329	-1.752732	1565.041016	15.494116
-25.574329	-1.752732	1563.419922	12.392617
-25.574329	-1.752732	1561.798828	15.487427
-25.574329	-1.752732	1560.177734	18.580898
-25.574329	-1.752732	1558.556641	23.221107
-25.574329	-1.752732	1556.935547	23.216091
-25.574329	-1.752732	1555.312500	15.474051
-25.574329	-1.752732	1553.691406	13.923637
-25.574329	-1.752732	1552.068359	20.107574
-25.574329	-1.752732	1550.445313	24.742435
-25.574329	-1.752732	1548.822266	20.098883
-25.574329	-1.752732	1547.197266	21.640272
-25.574329	-1.752732	1545.574219	13.908596
-25.574329	-1.752732	1543.949219	29.356241
-25.574329	-1.752732	1542.324219	23.170967
-25.574329	-1.752732	1540.699219	18.532764
-25.574329	-1.752732	1539.072266	16.984692
-25.574329	-1.752732	1537.447266	13.893559
-25.574329	-1.752732	1535.820313	23.150921
-25.574329	-1.752732	1534.193359	24.688971
-25.574329	-1.752732	1532.566406	16.969994
-25.574329	-1.752732	1530.939453	20.051104
-25.574329	-1.752732	1529.312500	26.214996
-25.574329	-1.752732	1527.683594	20.042421
-25.574329	-1.752732	1526.056641	27.745033
-25.574329	-1.752732	1524.427734	24.656910
-25.574329	-1.752732	1522.798828	24.651567
-25.574329	-1.752732	1521.167969	10.782723
-25.574329	-1.752732	1519.539063	23.100828
-25.574329	-1.752732	1517.908203	24.635542
-25.574329	-1.752732	1516.277344	23.090813
-25.574329	-1.752732	1514.646484	24.624859
-25.574329	-1.752732	1513.015625	26.158237
-25.574329	-1.752732	1511.384766	27.690950
-25.574329	-1.752732	1509.751953	18.456629
-25.574329	-1.752732	1508.121094	21.528061
-25.574329	-1.752732	1506.488281	24.598160
-25.574329	-1.752732	1504.855469	27.666924
-25.574329	-1.752732	1503.220703	19.977329
-25.574329	-1.752732	1501.587891	21.509375
-25.574329	-1.752732	1499.953125	16.896553
-25.574329	-1.752732	1498.318359	27.642900
-25.574329	-1.752732	1496.683594	23.030746
-25.574329	-1.752732	1495.048828	16.885544
-25.574329	-1.752732	1493.414063	15.347159
-25.574329	-1.752732	1491.777344	21.481354
-25.574329	-1.752732	1490.140625	24.544783
-25.574329	-1.752732	1488.505859	19.938299
-25.574329	-1.752732	1486.867188	18.400583
-25.574329	-1.752732	1485.230469	19.929630
-25.574329	-1.752732	1483.593750	18.392580
-25.574329	-1.752732	1481.955078	21.453341
-25.574329	-1.752732	1480.316406	21.448673
-25.574329	-1.752732	1478.677734	21.444006
-25.574329	-1.752732	1477.039063	19.907957
-25.574329	-1.752732	1475.400391	32.152008
-25.574329	-1.752732	1473.759766	19.899290
-25.574329	-1.752732	1472.119141	19.894957
-25.574329	-1.752732	1470.478516	21.420671
-25.574329	-1.752732	1468.837891	29.064577
-25.574329	-1.752732	1467.197266	21.411339
-25.574329	-1.752732	1465.556641	21.406672
-25.574329	-1.752732	1463.914063	16.815863
-25.574329	-1.752732	1462.271484	22.925722
-25.574329	-1.752732	1460.628906	27.504869
-25.574329	-1.752732	1458.986328	19.860296
-25.574329	-1.752732	1457.343750	22.910728
-25.574329	-1.752732	1455.699219	15.270487
-25.574329	-1.752732	1454.054688	16.793871
-25.574329	-1.752732	1452.410156	24.422117
-25.574329	-1.752732	1450.765625	19.838640
-25.574329	-1.752732	1449.121094	16.782877
-25.574329	-1.752732	1447.474609	25.931511
-25.574329	-1.752732	1445.830078	21.350698
-25.574329	-1.752732	1444.183594	19.821318
-25.574329	-1.752732	1442.537109	22.865755
-25.574329	-1.752732	1440.890625	24.384809
-25.574329	-1.752732	1439.242188	16.760893
-25.574329	-1.752732	1437.595703	27.420921
-25.574329	-1.752732	1435.947266	10.661361
-25.574329	-1.752732	1434.298828	18.272623
-25.574329	-1.752732	1432.650391	18.268627
-25.574329	-1.752732	1431.000000	27.396946
-25.574329	-1.752732	1429.351563	18.260635
-25.574329	-1.752732	1427.701172	25.863573
-25.574329	-1.752732	1426.050781	24.336859
-25.574329	-1.752732	1424.400391	16.727928
-25.574329	-1.752732	1422.750000	25.846594
-25.574329	-1.752732	1421.097656	19.760714
-25.574329	-1.752732	1419.447266	19.756386
-25.574329	-1.752732	1417.794922	24.310226
-25.574329	-1.752732	1416.142578	21.266788
-25.574329	-1.752732	1414.490234	18.224682
-25.574329	-1.752732	1412.835938	21.257467
-25.574329	-1.752732	1411.183594	15.180577
-25.574329	-1.752732	1409.529297	22.765873
-25.574329	-1.752732	1407.875000	25.795666
-25.574329	-1.752732	1406.220703	16.687653
-25.574329	-1.752732	1404.566406	22.750898
-25.574329	-1.752732	1402.910156	21.229513
-25.574329	-1.752732	1401.255859	15.160609
-25.574329	-1.752732	1399.599609	24.251652
-25.574329	-1.752732	1397.943359	25.761723
-25.574329	-1.752732	1396.287109	18.180754
-25.574329	-1.752732	1394.628906	19.691490
-25.574329	-1.752732	1392.970703	18.172768
-25.574329	-1.752732	1391.314453	12.112516
-25.574329	-1.752732	1389.656250	18.164783
-25.574329	-1.752732	1387.998047	18.160791
-25.574329	-1.752732	1386.337891	25.722132
-25.574329	-1.752732	1384.679688	22.691008
-25.574329	-1.752732	1383.019531	24.198420
-25.574329	-1.752732	1381.359375	24.193098
-25.574329	-1.752732	1379.699219	25.699511
-25.574329	-1.752732	1378.039063	25.693857
-25.574329	-1.752732	1376.376953	22.666061
-25.574329	-1.752732	1374.716797	22.661072
-25.574329	-1.752732	1373.054688	18.124866
-25.574329	-1.752732	1371.392578	16.610802
-25.574329	-1.752732	1369.728516	19.626625
-25.574329	-1.752732	1368.066406	25.659933
-25.574329	-1.752732	1366.402344	27.163355
-25.574329	-1.752732	1364.740234	25.648626
-25.574329	-1.752732	1363.076172	24.134562
-25.574329	-1.752732	1361.412109	25.637320
-25.574329	-1.752732	1359.746094	22.616177
-25.574329	-1.752732	1358.082031	16.581539
-25.574329	-1.752732	1356.416016	19.592041
-25.574329	-1.752732	1354.750000	22.601213
-25.574329	-1.752732	1353.083984	18.076981
-25.574329	-1.752732	1351.417969	25.603405
-25.574329	-1.752732	1349.750000	16.563251
-25.574329	-1.752732	1348.083984	24.086683
-25.574329	-1.752732	1346.416016	21.071194
-25.574329	-1.752732	1344.748047	30.095055
-25.574329	-1.752732	1343.078125	21.061884
-25.574329	-1.752732	1341.410156	24.065407
-25.574329	-1.752732	1339.740234	27.067598
-25.574329	-1.752732	1338.072266	24.054770
-25.574329	-1.752732	1336.402344	18.037088
-25.574329	-1.752732	1334.730469	21.038616
-25.574329	-1.752732	1333.060547	18.029110
-25.574329	-1.752732	1331.388672	24.033495
-25.574329	-1.752732	1329.718750	22.526417
-25.574329	-1.752732	1328.046875	16.515717
-25.574329	-1.752732	1326.375000	24.017542
-25.574329	-1.752732	1324.701172	21.010696
-25.574329	-1.752732	1323.029297	16.504747
-25.574329	-1.752732	1321.355469	18.001192
-25.574329	-1.752732	1319.681641	17.997204
-25.574329	-1.752732	1318.007813	26.989822
-25.574329	-1.752732	1316.333984	22.486534
-25.574329	-1.752732	1314.660156	22.481550
-25.574329	-1.752732	1312.984375	20.978127
-25.574329	-1.752732	1311.308594	22.471581
-25.574329	-1.752732	1309.632813	19.471050
-25.574329	-1.752732	1307.957031	25.456493
-25.574329	-1.752732	1306.279297	22.456627
-25.574329	-1.752732	1304.603516	25.445196
-25.574329	-1.752732	1302.925781	23.943104
-25.574329	-1.752732	1301.248047	17.953341
-25.574329	-1.752732	1299.570313	16.453573
-25.574329	-1.752732	1297.892578	28.413496
-25.574329	-1.752732	1296.212891	19.436495
-25.574329	-1.752732	1294.533203	22.421740
-25.574329	-1.752732	1292.853516	25.405657
-25.574329	-1.752732	1291.173828	20.917654
-25.574329	-1.752732	1289.494141	22.406790
-25.574329	-1.752732	1287.812500	23.895260
-25.574329	-1.752732	1286.132813	28.369310
-25.574329	-1.752732	1284.451172	14.927894
-25.574329	-1.752732	1282.769531	23.879314
-25.574329	-1.752732	1281.085938	20.889750
-25.574329	-1.752732	1279.404297	22.376892
-25.574329	-1.752732	1277.720703	22.371908
-25.574329	-1.752732	1276.039063	26.840311
-25.574329	-1.752732	1274.355469	20.871147
-25.574329	-1.752732	1272.669922	26.828354
-25.574329	-1.752732	1270.986328	14.901320
-25.574329	-1.752732	1269.300781	19.367397
-25.574329	-1.752732	1267.615234	23.831482
-25.574329	-1.752732	1265.929688	26.804438
-25.574329	-1.752732	1264.244141	16.376837
-25.574329	-1.752732	1262.558594	23.815538
-25.574329	-1.752732	1260.871094	23.810225
-25.574329	-1.752732	1259.185547	17.853683
-25.574329	-1.752732	1257.498047	17.849697
-25.574329	-1.752732	1255.808594	22.307140
-25.574329	-1.752732	1254.121094	22.302158
-25.574329	-1.752732	1252.433594	16.351263
-25.574329	-1.752732	1250.744141	19.319902
-25.574329	-1.752732	1249.054688	16.343958
-25.574329	-1.752732	1247.365234	28.224161
-25.574329	-1.752732	1245.673828	31.188152
-25.574329	-1.752732	1243.984375	23.757088
-25.574329	-1.752732	1242.292969	16.329346
-25.574329	-1.752732	1240.601563	23.746462
-25.574329	-1.752732	1238.910156	22.257326
-25.574329	-1.752732	1237.218750	19.285366
-25.574329	-1.752732	1235.525391	22.247366
-25.574329	-1.752732	1233.833984	29.656513
-25.574329	-1.752732	1232.140625	14.824936
-25.574329	-1.752732	1230.447266	20.750261
-25.574329	-1.752732	1228.753906	16.300125
-25.574329	-1.752732	1227.058594	16.296473
-25.574329	-1.752732	1225.365234	20.736317
-25.574329	-1.752732	1223.669922	28.135834
-25.574329	-1.752732	1221.974609	19.246517
-25.574329	-1.752732	1220.277344	17.762032
-25.574329	-1.752732	1218.582031	22.197559
-25.574329	-1.752732	1216.884766	22.192579
-25.574329	-1.752732	1215.189453	23.666773
-25.574329	-1.752732	1213.492188	29.576826
-25.574329	-1.752732	1211.792969	17.742111
-25.574329	-1.752732	1210.095703	19.216305
-25.574329	-1.752732	1208.396484	13.300608
-25.574329	-1.752732	1206.699219	10.342593
-25.574329	-1.752732	1205.000000	16.248995
-25.574329	-1.752732	1203.298828	23.629591
-25.574329	-1.752732	1201.599609	16.241692
-25.574329	-1.752732	1199.900391	10.333298
-25.574329	-1.752732	1198.199219	19.186094
-25.574329	-1.752732	1196.498047	17.706259
-25.574329	-1.752732	1194.796875	20.652655
-25.574329	-1.752732	1193.093750	16.223434
-25.574329	-1.752732	1191.392578	22.117886
-25.574329	-1.752732	1189.689453	30.958069
-25.574329	-1.752732	1187.986328	28.003374
-25.574329	-1.752732	1186.283203	17.682358
-25.574329	-1.752732	1184.580078	17.678375
-25.574329	-1.752732	1182.875000	16.201527
-25.574329	-1.752732	1181.169922	11.780272
-25.574329	-1.752732	1179.464844	17.666426
-25.574329	-1.752732	1177.759766	19.134314
-25.574329	-1.752732	1176.054688	23.544613
-25.574329	-1.752732	1174.347656	22.068096
-25.574329	-1.752732	1172.642578	23.533991
-25.574329	-1.752732	1170.935547	23.528681
-25.574329	-1.752732	1169.228516	20.582951
-25.574329	-1.752732	1167.519531	16.168667
-25.574329	-1.752732	1165.812500	14.695469
-25.574329	-1.752732	1164.103516	16.161366
-25.574329	-1.752732	1162.394531	19.095480
-25.574329	-1.752732	1160.685547	23.496820
-25.574329	-1.752732	1158.976563	19.086853
-25.574329	-1.752732	1157.265625	13.210988
-25.574329	-1.752732	1155.556641	17.610668
-25.574329	-1.752732	1153.845703	23.475580
-25.574329	-1.752732	1152.134766	20.536488
-25.574329	-1.752732	1150.423828	21.998402
-25.574329	-1.752732	1148.710938	16.128511
-25.574329	-1.752732	1146.998047	19.056654
-25.574329	-1.752732	1145.287109	16.121210
-25.574329	-1.752732	1143.572266	24.908957
-25.574329	-1.752732	1141.859375	21.973513
-25.574329	-1.752732	1140.146484	19.039398
-25.574329	-1.752732	1138.431641	26.356270
-25.574329	-1.752732	1136.716797	21.958582
-25.574329	-1.752732	1135.001953	23.417177
-25.574329	-1.752732	1133.287109	21.948626
-25.574329	-1.752732	1131.570313	24.869469
-25.574329	-1.752732	1129.855469	24.863829
-25.574329	-1.752732	1128.138672	24.858189
-25.574329	-1.752732	1126.421875	23.390633
-25.574329	-1.752732	1124.703125	27.770073
-25.574329	-1.752732	1122.986328	26.302517
-25.574329	-1.752732	1121.267578	23.374706
-25.574329	-1.752732	1119.548828	16.066462
-25.574329	-1.752732	1117.830078	21.903835
-25.574329	-1.752732	1116.111328	20.438934
-25.574329	-1.752732	1114.392578	29.191841
-25.574329	-1.752732	1112.671875	27.725946
-25.574329	-1.752732	1110.951172	24.801786
-25.574329	-1.752732	1109.230469	16.044565
-25.574329	-1.752732	1107.509766	18.957445
-25.574329	-1.752732	1105.787109	20.411066
-25.574329	-1.752732	1104.066406	27.694429
-25.574329	-1.752732	1102.343750	21.859047
-25.574329	-1.752732	1100.621094	21.854071
-25.574329	-1.752732	1098.896484	17.479277
-25.574329	-1.752732	1097.173828	20.387844
-25.574329	-1.752732	1095.449219	23.295086
-25.574329	-1.752732	1093.724609	21.834167
-25.574329	-1.752732	1092.000000	24.739752
-25.574329	-1.752732	1090.275391	17.459373
-25.574329	-1.752732	1088.550781	24.728474
-25.574329	-1.752732	1086.824219	20.359982
-25.574329	-1.752732	1085.097656	24.717196
-25.574329	-1.752732	1083.371094	23.257936
-25.574329	-1.752732	1081.644531	23.252628
-25.574329	-1.752732	1079.916016	15.982534
-25.574329	-1.752732	1078.189453	17.431511
-25.574329	-1.752732	1076.460938	20.332121
-25.574329	-1.752732	1074.732422	21.779440
-25.574329	-1.752732	1073.001953	20.322834
-25.574329	-1.752732	1071.273438	14.512993
-25.574329	-1.752732	1069.542969	14.509677
-25.574329	-1.752732	1067.812500	26.111448
-25.574329	-1.752732	1066.082031	23.204870
-25.574329	-1.752732	1064.351563	18.849646
-25.574329	-1.752732	1062.619141	24.643900
-25.574329	-1.752732	1060.888672	23.188951
-25.574329	-1.752732	1059.156250	11.591823
-25.574329	-1.752732	1057.421875	17.383755
-25.574329	-1.752732	1055.689453	21.724720
-25.574329	-1.752732	1053.957031	24.615711
-25.574329	-1.752732	1052.222656	21.714771
-25.574329	-1.752732	1050.488281	15.920519
-25.574329	-1.752732	1048.753906	23.151812
-25.574329	-1.752732	1047.019531	20.253193
-25.574329	-1.752732	1045.283203	24.587526
-25.574329	-1.752732	1043.546875	23.135897
-25.574329	-1.752732	1041.810547	18.793606
-25.574329	-1.752732	1040.074219	26.015947
-25.574329	-1.752732	1038.337891	20.229984
-25.574329	-1.752732	1036.599609	21.670010
-25.574329	-1.752732	1034.861328	10.110351
-25.574329	-1.752732	1033.123047	24.548073
-25.574329	-1.752732	1031.384766	17.324072
-25.574329	-1.752732	1029.646484	17.320093
-25.574329	-1.752732	1027.906250	17.316116
-25.574329	-1.752732	1026.167969	23.082850
-25.574329	-1.752732	1024.427734	27.404587
-25.574329	-1.752732	1022.685547	17.304182
-25.574329	-1.752732	1020.945313	21.625254
-25.574329	-1.752732	1019.203125	24.502987
-25.574329	-1.752732	1017.462891	36.025517
-25.574329	-1.752732	1015.720703	33.135853
-25.574329	-1.752732	1013.976563	31.687870
-25.574329	-1.752732	1012.234375	23.040421
-25.574329	-1.752732	1010.490234	25.914507
-25.574329	-1.752732	1008.746094	31.665995
-25.574329	-1.752732	1007.001953	30.219669
-25.574329	-1.752732	1005.257813	28.774010
-25.574329	-1.752732	1003.513672	30.205750
-25.574329	-1.752732	1001.767578	21.570564
-25.574329	-1.752732	1000.021484	23.003300
-25.574329	-1.752732	998.275391	30.184870
-25.574329	-1.752732	996.529297	24.429737
-25.574329	-1.752732	994.781250	31.607664
-25.574329	-1.752732	993.035156	27.291231
-25.574329	-1.752732	991.287109	28.720985
-25.574329	-1.752732	989.539063	34.457230
-25.574329	-1.752732	987.789063	38.755436
-25.574329	-1.752732	986.041016	38.746487
-25.574329	-1.752732	984.291016	31.563923
-25.574329	-1.752732	982.541016	30.122242
-25.574329	-1.752732	980.791016	24.379038
-25.574329	-1.752732	979.041016	43.011894
-25.574329	-1.752732	977.289063	38.701759
-25.574329	-1.752732	975.537109	31.527477
-25.574329	-1.752732	973.785156	45.847546
-25.574329	-1.752732	972.033203	37.242519
-25.574329	-1.752732	970.281250	31.505611
-25.574329	-1.752732	968.527344	37.225292
-25.574329	-1.752732	966.773438	34.353855
-25.574329	-1.752732	965.019531	27.190510
-25.574329	-1.752732	963.265625	32.907207
-25.574329	-1.752732	961.511719	31.469172
-25.574329	-1.752732	959.755859	41.472485
-25.574329	-1.752732	958.000000	35.743862
-25.574329	-1.752732	956.244141	37.165005
-25.574329	-1.752732	954.488281	37.156391
-25.574329	-1.752732	952.730469	34.290260
-25.574329	-1.752732	950.974609	28.568592
-25.574329	-1.752732	949.216797	38.558659
-25.574329	-1.752732	947.458984	35.694180
-25.574329	-1.752732	945.701172	38.540775
-25.574329	-1.752732	943.941406	31.396309
-25.574329	-1.752732	942.181641	31.389023
-25.574329	-1.752732	940.421875	44.219723
-25.574329	-1.752732	938.662109	35.652786
-25.574329	-1.752732	936.902344	31.367168
-25.574329	-1.752732	935.140625	32.785332
-25.574329	-1.752732	933.380859	21.376772
-25.574329	-1.752732	931.619141	19.947020
-25.574329	-1.752732	929.855469	24.215752
-25.574329	-1.752732	928.093750	24.210123
-25.574329	-1.752732	926.330078	24.204494
-25.574329	-1.752732	924.568359	25.622330
-25.574329	-1.752732	922.804688	21.346975
-25.574329	-1.752732	921.039063	19.919210
-25.574329	-1.752732	919.275391	19.914576
-25.574329	-1.752732	917.509766	21.332081
-25.574329	-1.752732	915.744141	19.905308
-25.574329	-1.752732	913.978516	22.743628
-25.574329	-1.752732	912.212891	21.317186
-25.574329	-1.752732	910.447266	22.733036
-25.574329	-1.752732	908.679688	21.307257
-25.574329	-1.752732	906.912109	22.722445
-25.574329	-1.752732	905.144531	29.816259
-25.574329	-1.752732	903.375000	19.872873
-25.574329	-1.752732	901.607422	25.544880
-25.574329	-1.752732	899.837891	19.863607
-25.574329	-1.752732	898.068359	24.114470
-25.574329	-1.752732	896.298828	24.108845
-25.574329	-1.752732	894.529297	22.685385
-25.574329	-1.752732	892.757813	14.175056
-25.574329	-1.752732	890.986328	25.509146
-25.574329	-1.752732	889.214844	28.336880
-25.574329	-1.752732	887.443359	24.080723
-25.574329	-1.752732	885.669922	15.578006
-25.574329	-1.752732	883.898438	26.901178
-25.574329	-1.752732	882.125000	21.232811
-25.574329	-1.752732	880.351563	29.718990
-25.574329	-1.752732	878.578125	29.712044
-25.574329	-1.752732	876.802734	26.876041
-25.574329	-1.752732	875.027344	25.455559
-25.574329	-1.752732	873.251953	22.621872
-25.574329	-1.752732	871.476563	25.443653
-25.574329	-1.752732	869.701172	22.611290
-25.574329	-1.752732	867.923828	26.844624
-25.574329	-1.752732	866.146484	25.425797
-25.574329	-1.752732	864.369141	25.419846
-25.574329	-1.752732	862.591797	18.354479
-25.574329	-1.752732	860.814453	22.584837
-25.574329	-1.752732	859.035156	22.579548
-25.574329	-1.752732	857.255859	21.163366
-25.574329	-1.752732	855.476563	26.800650
-25.574329	-1.752732	853.697266	32.435291
-25.574329	-1.752732	851.916016	29.607887
-25.574329	-1.752732	850.136719	22.553102
-25.574329	-1.752732	848.355469	21.138575
-25.574329	-1.752732	846.574219	18.315802
-25.574329	-1.752732	844.791016	21.128660
-25.574329	-1.752732	843.009766	28.164936
-25.574329	-1.752732	841.226563	23.934578
-25.574329	-1.752732	839.443359	18.298616
-25.574329	-1.752732	837.660156	22.516088
-25.574329	-1.752732	835.875000	21.103876
-25.574329	-1.752732	834.091797	21.098919
-25.574329	-1.752732	832.306641	23.906492
-25.574329	-1.752732	830.521484	19.683075
-25.574329	-1.752732	828.734375	18.272846
-25.574329	-1.752732	826.949219	23.889645
-25.574329	-1.752732	825.162109	19.669199
-25.574329	-1.752732	823.375000	23.878412
-25.574329	-1.752732	821.587891	16.851387
-25.574329	-1.752732	819.800781	21.059278
-25.574329	-1.752732	818.011719	25.265190
-25.574329	-1.752732	816.222656	22.452663
-25.574329	-1.752732	814.433594	18.238495
-25.574329	-1.752732	812.644531	25.247356
-25.574329	-1.752732	810.855469	16.827610
-25.574329	-1.752732	809.064453	29.441381
-25.574329	-1.752732	807.273438	18.221325
-25.574329	-1.752732	805.482422	22.420963
-25.574329	-1.752732	803.691406	22.415682
-25.574329	-1.752732	801.898438	23.811050
-25.574329	-1.752732	800.107422	19.604479
-25.574329	-1.752732	798.314453	20.999847
-25.574329	-1.752732	796.521484	23.794216
-25.574329	-1.752732	794.726563	22.389277
-25.574329	-1.752732	792.933594	29.378994
-25.574329	-1.752732	791.138672	22.378716
-25.574329	-1.752732	789.343750	25.170115
-25.574329	-1.752732	787.546875	20.970146
-25.574329	-1.752732	785.751953	23.760557
-25.574329	-1.752732	783.955078	18.165548
-25.574329	-1.752732	782.158203	27.940399
-25.574329	-1.752732	780.361328	19.553661
-25.574329	-1.752732	778.564453	16.756323
-25.574329	-1.752732	776.765625	26.524576
-25.574329	-1.752732	774.968750	25.122608
-25.574329	-1.752732	773.169922	26.512043
-25.574329	-1.752732	771.369141	22.320654
-25.574329	-1.752732	769.570313	23.710089
-25.574329	-1.752732	767.769531	22.310101
-25.574329	-1.752732	765.970703	19.516722
-25.574329	-1.752732	764.167969	18.118385
-25.574329	-1.752732	762.367188	30.654629
-25.574329	-1.752732	760.566406	26.468187
-25.574329	-1.752732	758.763672	32.032856
-25.574329	-1.752732	756.960938	20.886049
-25.574329	-1.752732	755.158203	32.017693
-25.574329	-1.752732	753.353516	32.010113
-25.574329	-1.752732	751.550781	23.654045
-25.574329	-1.752732	749.746094	20.866274
-25.574329	-1.752732	747.941406	29.205862
-25.574329	-1.752732	746.136719	30.589369
-25.574329	-1.752732	744.330078	23.631638
-25.574329	-1.752732	742.523438	25.015804
-25.574329	-1.752732	740.718750	23.620438
-25.574329	-1.752732	738.910156	25.003944
-25.574329	-1.752732	737.103516	30.553131
-25.574329	-1.752732	735.294922	24.992086
-25.574329	-1.752732	733.488281	23.598040
-25.574329	-1.752732	731.679688	24.980230
-25.574329	-1.752732	729.869141	30.524149
-25.574329	-1.752732	728.060547	30.516905
-25.574329	-1.752732	726.250000	23.575647
-25.574329	-1.752732	724.439453	20.797102
-25.574329	-1.752732	722.628906	19.406021
-25.574329	-1.752732	720.818359	27.716303
-25.574329	-1.752732	719.005859	30.480692
-25.574329	-1.752732	717.195313	23.547667
-25.574329	-1.752732	715.382813	27.696554
-25.574329	-1.752732	713.568359	26.305473
-25.574329	-1.752732	711.755859	27.683392
-25.574329	-1.752732	709.941406	23.525290
-25.574329	-1.752732	708.126953	27.670229
-25.574329	-1.752732	706.312500	24.897285
-25.574329	-1.752732	704.498047	22.125656
-25.574329	-1.752732	702.681641	31.798065
-25.574329	-1.752732	700.867188	16.586348
-25.574329	-1.752732	699.050781	23.491735
-25.574329	-1.752732	697.232422	17.959993
-25.574329	-1.752732	695.416016	23.480555
-25.574329	-1.752732	693.597656	20.713203
-25.574329	-1.752732	691.779297	24.849926
-25.574329	-1.752732	689.960938	28.984676
-25.574329	-1.752732	688.142578	27.597879
-25.574329	-1.752732	686.324219	24.832174
-25.574329	-1.752732	684.503906	19.309313
-25.574329	-1.752732	682.683594	26.199251
-25.574329	-1.752732	680.863281	17.921532
-25.574329	-1.752732	679.041016	19.295509
-25.574329	-1.752732	677.218750	22.046755
-25.574329	-1.752732	675.398438	20.663904
-25.574329	-1.752732	673.576172	20.658976
-25.574329	-1.752732	671.751953	17.900175
-25.574329	-1.752732	669.929688	20.649122
-25.574329	-1.752732	668.105469	26.149315
-25.574329	-1.752732	666.281250	17.887367
-25.574329	-1.752732	664.457031	31.639328
-25.574329	-1.752732	662.630859	26.130596
-25.574329	-1.752732	660.806641	23.374426
-25.574329	-1.752732	658.980469	23.368845
-25.574329	-1.752732	657.154297	19.240335
-25.574329	-1.752732	655.326172	26.105648
-25.574329	-1.752732	653.500000	32.967678
-25.574329	-1.752732	651.671875	28.839827
-25.574329	-1.752732	649.843750	24.713945
-25.574329	-1.752732	648.015625	23.335371
-25.574329	-1.752732	646.185547	30.191498
-25.574329	-1.752732	644.357422	31.556293
-25.574329	-1.752732	642.527344	42.522224
-25.574329	-1.752732	640.697266	28.798491
-25.574329	-1.752732	638.865234	20.565432
-25.574329	-1.752732	637.035156	37.008923
-25.574329	-1.752732	635.203125	35.629696
-25.574329	-1.752732	633.371094	30.140991
-25.574329	-1.752732	631.539063	30.133780
-25.574329	-1.752732	629.705078	39.712296
-25.574329	-1.752732	627.873047	36.964664
-25.574329	-1.752732	626.039063	35.587082
-25.574329	-1.752732	624.203125	38.315376
-25.574329	-1.752732	622.369141	34.201965
-25.574329	-1.752732	620.535156	27.355019
-25.574329	-1.752732	618.699219	41.022701
-25.574329	-1.752732	616.863281	31.443203
-25.574329	-1.752732	615.025391	32.802437
-25.574329	-1.752732	613.189453	28.695255
-25.574329	-1.752732	611.351563	39.617283
-25.574329	-1.752732	609.513672	35.510433
-25.574329	-1.752732	607.675781	32.771004
-25.574329	-1.752732	605.837891	34.128277
-25.574329	-1.752732	603.998047	42.308914
-25.574329	-1.752732	602.158203	42.298771
-25.574329	-1.752732	600.318359	34.103729
-25.574329	-1.752732	598.478516	32.731728
-25.574329	-1.752732	596.636719	23.179411
-25.574329	-1.752732	594.796875	23.173849
-25.574329	-1.752732	592.955078	32.708172
-25.574329	-1.752732	591.111328	31.337807
-25.574329	-1.752732	589.269531	27.243727
-25.574329	-1.752732	587.425781	29.960905
-25.574329	-1.752732	585.583984	28.592178
-25.574329	-1.752732	583.738281	25.862902
-25.574329	-1.752732	581.894531	32.661083
-25.574329	-1.752732	580.050781	35.374340
-25.574329	-1.752732	578.205078	25.844271
-25.574329	-1.752732	576.359375	24.478163
-25.574329	-1.752732	574.513672	25.831852
-25.574329	-1.752732	572.666016	33.981113
-25.574329	-1.752732	570.818359	29.896191
-25.574329	-1.752732	568.970703	16.303093
-25.574329	-1.752732	567.123047	24.448761
-25.574329	-1.752732	565.275391	28.516697
-25.574329	-1.752732	563.425781	27.152229
-25.574329	-1.752732	561.576172	25.788414
-25.574329	-1.752732	559.726563	28.496128
-25.574329	-1.752732	557.876953	24.419378
-25.574329	-1.752732	556.027344	24.413504
-25.574329	-1.752732	554.175781	24.407629
-25.574329	-1.752732	552.324219	32.535675
-25.574329	-1.752732	550.472656	31.172518
-25.574329	-1.752732	548.619141	42.005020
-25.574329	-1.752732	546.767578	28.448162
-25.574329	-1.752732	544.914063	36.567406
-25.574329	-1.752732	543.060547	28.434465
-25.574329	-1.752732	541.205078	28.427620
-25.574329	-1.752732	539.351563	47.367954
-25.574329	-1.752732	537.496094	43.297413
-25.574329	-1.752732	535.640625	48.697857
-25.574329	-1.752732	533.785156	45.981339
-25.574329	-1.752732	531.927734	54.082661
-25.574329	-1.752732	530.070313	59.476589
-25.574329	-1.752732	528.212891	79.733482
-25.574329	-1.752732	526.355469	113.491493
-25.574329	-1.752732	524.498047	203.965286
-25.574329	-1.752732	522.638672	357.866028
-25.574329	-1.752732	520.779297	557.596375
-25.574329	-1.752732	518.919922	446.779419
-25.574329	-1.752732	517.060547	255.048172
-25.574329	-1.752732	515.199219	151.103210
-25.574329	-1.752732	513.339844	87.672676
-25.574329	-1.752732	511.478516	83.606071
-25.574329	-1.752732	509.615234	68.756142
-25.574329	-1.752732	507.753906	56.609043
-25.574329	-1.752732	505.890625	53.900364
-25.574329	-1.752732	504.027344	53.887356
-25.574329	-1.752732	502.164063	65.996078
-25.574329	-1.752732	500.300781	63.287083
-25.574329	-1.752732	498.435547	53.848347
-25.574329	-1.752732	496.570313	63.256531
-25.574329	-1.752732	494.705078	51.131229
-25.574329	-1.752732	492.839844	52.464115
-25.574329	-1.752732	490.972656	44.381992
-25.574329	-1.752732	489.107422	57.817112
-25.574329	-1.752732	487.240234	55.114628
-25.574329	-1.752732	485.371094	49.725574
-25.574329	-1.752732	483.503906	48.369953
-25.574329	-1.752732	481.634766	36.268700
-25.574329	-1.752732	479.765625	36.259933
-25.574329	-1.752732	477.896484	37.593807
-25.574329	-1.752732	476.027344	41.611656
-25.574329	-1.752732	474.156250	41.601601
-25.574329	-1.752732	472.285156	42.933205
-25.574329	-1.752732	470.414063	40.240150
-25.574329	-1.752732	468.542969	38.889408
-25.574329	-1.752732	466.669922	37.539314
-25.574329	-1.752732	464.796875	29.488043
-25.574329	-1.752732	462.923828	25.460787
-25.574329	-1.752732	461.050781	34.832649
-25.574329	-1.752732	459.177734	29.466652
-25.574329	-1.752732	457.302734	26.781385
-25.574329	-1.752732	455.427734	34.807377
-25.574329	-1.752732	453.552734	30.783691
-25.574329	-1.752732	451.675781	24.085754
-25.574329	-1.752732	449.800781	29.431021
-25.574329	-1.752732	447.923828	28.086449
-25.574329	-1.752732	446.046875	33.428158
-25.574329	-1.752732	444.169922	26.736052
-25.574329	-1.752732	442.291016	28.066059
-25.574329	-1.752732	440.412109	29.395420
-25.574329	-1.752732	438.533203	28.052471
-25.574329	-1.752732	436.654297	21.368135
-25.574329	-1.752732	434.773438	33.379627
-25.574329	-1.752732	432.894531	28.032099
-25.574329	-1.752732	431.013672	28.025309
-25.574329	-1.752732	429.130859	24.015875
-25.574329	-1.752732	427.250000	28.011734
-25.574329	-1.752732	425.367188	24.004242
-25.574329	-1.752732	423.484375	23.998426
-25.574329	-1.752732	421.601563	26.658459
-25.574329	-1.752732	419.718750	23.986799
-25.574329	-1.752732	417.833984	26.645540
-25.574329	-1.752732	415.949219	30.634947
-25.574329	-1.752732	414.064453	29.295891
-25.574329	-1.752732	412.179688	27.957481
-25.574329	-1.752732	410.294922	31.943665
-25.574329	-1.752732	408.408203	35.927910
-25.574329	-1.752732	406.521484	33.258518
-25.574329	-1.752732	404.634766	43.890602
-25.574329	-1.752732	402.746094	54.517529
-25.574329	-1.752732	400.857422	47.857445
-25.574329	-1.752732	398.968750	82.401169
-25.574329	-1.752732	397.080078	77.066269
-25.574329	-1.752732	395.191406	79.704391
-25.574329	-1.752732	393.300781	63.748051
-25.574329	-1.752732	391.410156	66.388115
-25.574329	-1.752732	389.519531	67.699455
-25.574329	-1.752732	387.628906	67.683029
-25.574329	-1.752732	385.736328	57.052242
-25.574329	-1.752732	383.843750	58.364876
-25.574329	-1.752732	381.951172	50.393799
-25.574329	-1.752732	380.058594	59.662388
-25.574329	-1.752732	378.164063	55.671383
-25.574329	-1.752732	376.271484	66.259377
-25.574329	-1.752732	374.376953	76.842224
-25.574329	-1.752732	372.480469	62.253586
-25.574329	-1.752732	370.585938	63.562702
-25.574329	-1.752732	368.689453	46.336555
-25.574329	-1.752732	366.792969	54.266788
-25.574329	-1.752732	364.896484	48.960579
-25.574329	-1.752732	363.000000	52.917507
-25.574329	-1.752732	361.101563	60.840363
-25.574329	-1.752732	359.203125	58.181000
-25.574329	-1.752732	357.304688	47.591080
-25.574329	-1.752732	355.406250	59.474407
-25.574329	-1.752732	353.505859	55.495968
-25.574329	-1.752732	351.605469	59.445526
-25.574329	-1.752732	349.705078	51.506947
-25.574329	-1.752732	347.804688	42.251846
-25.574329	-1.752732	345.902344	55.442081
-25.574329	-1.752732	344.001953	43.551056
-25.574329	-1.752732	342.099609	51.456928
-25.574329	-1.752732	340.195313	46.168079
-25.574329	-1.752732	338.292969	50.113171
-25.574329	-1.752732	336.388672	38.234970
-25.574329	-1.752732	334.484375	44.816319
-25.574329	-1.752732	332.580078	35.580784
-25.574329	-1.752732	330.675781	32.937168
-25.574329	-1.752732	328.769531	30.294832
-25.574329	-1.752732	326.863281	34.238010
-25.574329	-1.752732	324.957031	35.546219
-25.574329	-1.752732	323.048828	35.537582
-25.574329	-1.752732	321.142578	28.949514
-25.574329	-1.752732	319.234375	30.258047
-25.574329	-1.752732	317.326172	30.250694
-25.574329	-1.752732	315.417969	31.558271
-25.574329	-1.752732	313.507813	39.438251
-25.574329	-1.752732	311.597656	32.857224
-25.574329	-1.752732	309.687500	36.791149
-25.574329	-1.752732	307.777344	31.527607
-25.574329	-1.752732	305.865234	30.206614
-25.574329	-1.752732	303.955078	36.764332
-25.574329	-1.752732	302.042969	30.191931
-25.574329	-1.752732	300.128906	28.872219
-25.574329	-1.752732	298.216797	32.801365
-25.574329	-1.752732	296.302734	31.481657
-25.574329	-1.752732	294.388672	35.408257
-25.574329	-1.752732	292.474609	30.155256
-25.574329	-1.752732	290.560547	38.012604
-25.574329	-1.752732	288.644531	48.487049
-25.574329	-1.752732	286.728516	55.025974
-25.574329	-1.752732	284.812500	53.702774
-25.574329	-1.752732	282.896484	41.904171
-25.574329	-1.752732	280.978516	51.058292
-25.574329	-1.752732	279.060547	54.972485
-25.574329	-1.752732	277.142578	66.736076
-25.574329	-1.752732	275.224609	71.952782
-25.574329	-1.752732	273.304688	86.322342
-25.574329	-1.752732	271.384766	78.455780
-25.574329	-1.752732	269.464844	87.587654
-25.574329	-1.752732	267.544922	98.022041
-25.574329	-1.752732	265.623047	121.517784
-25.574329	-1.752732	263.703125	228.606903
-25.574329	-1.752732	261.781250	308.217773
-25.574329	-1.752732	259.857422	297.697327
-25.574329	-1.752732	257.935547	278.044342
-25.574329	-1.752732	256.011719	241.435196
-25.574329	-1.752732	254.087891	245.290710
-25.574329	-1.752732	252.164063	646.992615
-25.574329	-1.752732	250.240234	1785.317627
-25.574329	-1.752732	248.314453	1820.085815
-25.574329	-1.752732	246.388672	817.275269
-25.574329	-1.752732	244.462891	398.764648
-25.574329	-1.752732	242.535156	247.538757
-25.574329	-1.752732	240.609375	200.587891
-25.574329	-1.752732	238.681641	161.473068
-25.574329	-1.752732	236.753906	140.603638
-25.574329	-1.752732	234.824219	119.744347
-25.574329	-1.752732	232.896484	115.811470
-25.574329	-1.752732	230.966797	89.764587
-25.574329	-1.752732	229.037109	79.337807
-25.574329	-1.752732	227.107422	72.817001
-25.574329	-1.752732	225.175781	89.699135
-25.574329	-1.752732	223.244141	84.478638
-25.574329	-1.752732	221.312500	81.859390
-25.574329	-1.752732	219.380859	83.138527
-25.574329	-1.752732	217.447266	87.014481
-25.574329	-1.752732	215.515625	88.291733
-25.574329	-1.752732	213.582031	67.500793
-25.574329	-1.752732	211.646484	73.973267
-25.574329	-1.752732	209.712891	68.765442
-25.574329	-1.752732	207.777344	51.885830
-25.574329	-1.752732	205.841797	54.466877
-25.574329	-1.752732	203.906250	42.785000
-25.574329	-1.752732	201.968750	40.182198
-25.574329	-1.752732	200.033203	36.284775
-25.574329	-1.752732	198.095703	34.980385
-25.574329	-1.752732	196.158203	37.562393
-25.574329	-1.752732	194.218750	27.193743
-25.574329	-1.752732	192.281250	29.776382
-25.574329	-1.752732	190.341797	31.063456
-25.574329	-1.752732	188.402344	28.467915
-25.574329	-1.752732	186.460938	32.342041
-25.574329	-1.752732	184.521484	29.747444
-25.574329	-1.752732	182.580078	16.809687
-25.574329	-1.752732	180.638672	24.562033
-25.574329	-1.752732	178.695313	21.971214
-25.574329	-1.752732	176.753906	25.842207
-25.574329	-1.752732	174.810547	25.835926
-25.574329	-1.752732	172.867188	24.538166
-25.574329	-1.752732	170.921875	25.823372
-25.574329	-1.752732	168.978516	21.944534
-25.574329	-1.752732	167.033203	33.554073
-25.574329	-1.752732	165.087891	30.965466
-25.574329	-1.752732	163.142578	27.088200
-25.574329	-1.752732	161.195313	29.660820
-25.574329	-1.752732	159.248047	29.653614
-25.574329	-1.752732	157.300781	43.825130
-25.574329	-1.752732	155.353516	34.793854
-25.574329	-1.752732	153.406250	36.073750
-25.574329	-1.752732	151.457031	39.929096
-25.574329	-1.752732	149.507813	46.358009
-25.574329	-1.752732	147.558594	43.771931
-25.574329	-1.752732	145.607422	46.335495
-25.574329	-1.752732	143.658203	52.758163
-25.574329	-1.752732	141.707031	56.604767
-25.574329	-1.752732	139.753906	73.311096
-25.574329	-1.752732	137.802734	55.291435
-25.574329	-1.752732	135.849609	57.849079
-25.574329	-1.752732	133.896484	59.120258
-25.574329	-1.752732	131.943359	53.966263
-25.574329	-1.752732	129.990234	61.660755
-25.574329	-1.752732	128.035156	47.518627
-25.574329	-1.752732	126.080078	42.371193
-25.574329	-1.752732	124.125000	47.495564
-25.574329	-1.752732	122.169922	57.750854
-25.574329	-1.752732	120.212891	47.472511
-25.574329	-1.752732	118.255859	51.309177
-25.574329	-1.752732	116.298828	51.296726
-25.574329	-1.752732	114.341797	46.155853
-25.574329	-1.752732	112.382813	35.890285
-25.574329	-1.752732	110.423828	29.474154
-25.574329	-1.752732	108.464844	28.185829
-25.574329	-1.752732	106.505859	24.336403
-25.574329	-1.752732	104.544922	19.208288
-25.574329	-1.752732	102.585938	15.362904
-25.574329	-1.752732	100.625000	7.679589
-25.574329	-1.752732	98.662109	3.838863
-25.574329	-1.752732	96.701172	2.558621
-25.574329	-1.752732	94.738281	7.674003
-25.574329	-1.752732	92.775391	3.836071
-25.574329	-1.752732	90.812500	1.278380
-25.574329	-1.752732	88.847656	1.278070
-25.574329	-1.752732	86.882813	2.555521
-25.574329	-1.752732	84.917969	1.277451
-25.574329	-1.752732	82.953125	3.831424
-25.574329	-1.752732	80.988281	2.553664
-25.574329	-1.752732	79.021484	3.829567
-25.574329	-1.752732	77.054688	0.000000
-25.574329	-1.752732	75.087891	0.000000
-25.574329	-1.752732	73.119141	0.000000
-25.574329	-1.752732	71.152344	1.275286
-25.574329	-1.752732	69.183594	-1.274977
-25.574329	-1.752732	67.212891	2.549336
-25.574329	-1.752732	65.244141	-1.274359
-25.574329	-1.752732	63.273438	-1.274051
-25.574329	-1.752732	61.302734	1.273742
-25.574329	-1.752732	59.332031	-1.273434
-22.574329	-1.752732	1838.626953	12.857189
-22.574329	-1.752732	1837.066406	25.714378
-22.574329	-1.752732	1835.503906	17.674873
-22.574329	-1.752732	1833.941406	22.490505
-22.574329	-1.752732	1832.378906	25.697966
-22.574329	-1.752732	1830.816406	14.452029
-22.574329	-1.752732	1829.251953	19.265272
-22.574329	-1.752732	1827.687500	12.840781
-22.574329	-1.752732	1826.125000	19.257074
-22.574329	-1.752732	1824.560547	12.835317
-22.574329	-1.752732	1822.994141	14.436658
-22.574329	-1.752732	1821.429688	17.641048
-22.574329	-1.752732	1819.865234	27.257637
-22.574329	-1.752732	1818.298828	22.442688
-22.574329	-1.752732	1816.732422	25.643328
-22.574329	-1.752732	1815.166016	19.228401
-22.574329	-1.752732	1813.599609	27.234438
-22.574329	-1.752732	1812.033203	16.016848
-22.574329	-1.752732	1810.464844	11.209407
-22.574329	-1.752732	1808.896484	28.818052
-22.574329	-1.752732	1807.330078	25.610594
-22.574329	-1.752732	1805.759766	24.004820
-22.574329	-1.752732	1804.191406	22.399729
-22.574329	-1.752732	1802.623047	14.396760
-22.574329	-1.752732	1801.052734	22.390192
-22.574329	-1.752732	1799.484375	28.781260
-22.574329	-1.752732	1797.914063	19.183422
-22.574329	-1.752732	1796.343750	22.375893
-22.574329	-1.752732	1794.771484	25.567003
-22.574329	-1.752732	1793.201172	19.171169
-22.574329	-1.752732	1791.628906	15.972572
-22.574329	-1.752732	1790.058594	14.372253
-22.574329	-1.752732	1788.486328	17.562346
-22.574329	-1.752732	1786.914063	20.751080
-22.574329	-1.752732	1785.339844	23.938454
-22.574329	-1.752732	1783.767578	30.315582
-22.574329	-1.752732	1782.193359	19.142605
-22.574329	-1.752732	1780.621094	15.948772
-22.574329	-1.752732	1779.046875	19.134449
-22.574329	-1.752732	1777.470703	22.318769
-22.574329	-1.752732	1775.896484	14.344723
-22.574329	-1.752732	1774.322266	15.935185
-22.574329	-1.752732	1772.746094	20.711327
-22.574329	-1.752732	1771.169922	20.706913
-22.574329	-1.752732	1769.593750	15.925000
-22.574329	-1.752732	1768.017578	27.066732
-22.574329	-1.752732	1766.441406	22.285500
-22.574329	-1.752732	1764.863281	30.238159
-22.574329	-1.752732	1763.287109	28.640572
-22.574329	-1.752732	1761.708984	19.089645
-22.574329	-1.752732	1760.130859	22.266504
-22.574329	-1.752732	1758.552734	25.442009
-22.574329	-1.752732	1756.972656	23.846798
-22.574329	-1.752732	1755.394531	14.305028
-22.574329	-1.752732	1753.814453	15.891087
-22.574329	-1.752732	1752.234375	22.242777
-22.574329	-1.752732	1750.654297	22.238035
-22.574329	-1.752732	1749.074219	22.233292
-22.574329	-1.752732	1747.492188	15.877536
-22.574329	-1.752732	1745.912109	26.986053
-22.574329	-1.752732	1744.330078	15.870764
-22.574329	-1.752732	1742.748047	15.867378
-22.574329	-1.752732	1741.166016	17.450392
-22.574329	-1.752732	1739.583984	23.790913
-22.574329	-1.752732	1738.000000	25.371559
-22.574329	-1.752732	1736.417969	19.024609
-22.574329	-1.752732	1734.833984	20.605597
-22.574329	-1.752732	1733.250000	20.601198
-22.574329	-1.752732	1731.666016	22.181171
-22.574329	-1.752732	1730.082031	25.344500
-22.574329	-1.752732	1728.496094	19.004316
-22.574329	-1.752732	1726.912109	17.416904
-22.574329	-1.752732	1725.326172	20.579222
-22.574329	-1.752732	1723.740234	18.992149
-22.574329	-1.752732	1722.154297	18.988094
-22.574329	-1.752732	1720.566406	23.730049
-22.574329	-1.752732	1718.980469	26.888311
-22.574329	-1.752732	1717.392578	22.138586
-22.574329	-1.752732	1715.804688	20.552868
-22.574329	-1.752732	1714.216797	18.967827
-22.574329	-1.752732	1712.628906	12.642516
-22.574329	-1.752732	1711.041016	18.959724
-22.574329	-1.752732	1709.451172	18.955673
-22.574329	-1.752732	1707.861328	14.213717
-22.574329	-1.752732	1706.271484	25.263430
-22.574329	-1.752732	1704.681641	20.522150
-22.574329	-1.752732	1703.091797	17.361185
-22.574329	-1.752732	1701.501953	20.513380
-22.574329	-1.752732	1699.910156	17.353765
-22.574329	-1.752732	1698.318359	18.927332
-22.574329	-1.752732	1696.726563	17.346346
-22.574329	-1.752732	1695.134766	23.649050
-22.574329	-1.752732	1693.542969	20.491461
-22.574329	-1.752732	1691.949219	23.638937
-22.574329	-1.752732	1690.357422	15.755920
-22.574329	-1.752732	1688.763672	23.628826
-22.574329	-1.752732	1687.169922	23.623772
-22.574329	-1.752732	1685.576172	26.767879
-22.574329	-1.752732	1683.982422	17.316687
-22.574329	-1.752732	1682.386719	22.034704
-22.574329	-1.752732	1680.791016	14.162136
-22.574329	-1.752732	1679.195313	26.744976
-22.574329	-1.752732	1677.599609	15.728971
-22.574329	-1.752732	1676.003906	31.451210
-22.574329	-1.752732	1674.408203	22.011133
-22.574329	-1.752732	1672.810547	23.578308
-22.574329	-1.752732	1671.214844	22.001709
-22.574329	-1.752732	1669.617188	15.712141
-22.574329	-1.752732	1668.019531	20.421410
-22.574329	-1.752732	1666.419922	17.275953
-22.574329	-1.752732	1664.822266	18.842457
-22.574329	-1.752732	1663.222656	20.408289
-22.574329	-1.752732	1661.623047	20.403917
-22.574329	-1.752732	1660.023438	14.122762
-22.574329	-1.752732	1658.423828	23.532892
-22.574329	-1.752732	1656.824219	23.527849
-22.574329	-1.752732	1655.222656	26.659180
-22.574329	-1.752732	1653.623047	17.246361
-22.574329	-1.752732	1652.021484	18.810177
-22.574329	-1.752732	1650.419922	17.238966
-22.574329	-1.752732	1648.818359	21.935797
-22.574329	-1.752732	1647.214844	21.931093
-22.574329	-1.752732	1645.613281	18.794048
-22.574329	-1.752732	1644.009766	14.092512
-22.574329	-1.752732	1642.406250	20.351484
-22.574329	-1.752732	1640.802734	20.347118
-22.574329	-1.752732	1639.199219	18.777925
-22.574329	-1.752732	1637.593750	25.031860
-22.574329	-1.752732	1635.990234	20.334021
-22.574329	-1.752732	1634.384766	26.584936
-22.574329	-1.752732	1632.779297	20.325293
-22.574329	-1.752732	1631.173828	18.757780
-22.574329	-1.752732	1629.568359	15.628127
-22.574329	-1.752732	1627.960938	14.062294
-22.574329	-1.752732	1626.353516	26.556406
-22.574329	-1.752732	1624.748047	15.618060
-22.574329	-1.752732	1623.140625	14.053234
-22.574329	-1.752732	1621.531250	23.417025
-22.574329	-1.752732	1619.923828	18.729595
-22.574329	-1.752732	1618.314453	21.846498
-22.574329	-1.752732	1616.707031	21.841803
-22.574329	-1.752732	1615.097656	12.478347
-22.574329	-1.752732	1613.488281	12.475664
-22.574329	-1.752732	1611.878906	18.709473
-22.574329	-1.752732	1610.267578	21.823025
-22.574329	-1.752732	1608.656250	28.052141
-22.574329	-1.752732	1607.046875	21.813639
-22.574329	-1.752732	1605.435547	15.577819
-22.574329	-1.752732	1603.824219	15.574468
-22.574329	-1.752732	1602.210938	17.128227
-22.574329	-1.752732	1600.599609	17.124542
-22.574329	-1.752732	1598.986328	20.233740
-22.574329	-1.752732	1597.373047	18.673277
-22.574329	-1.752732	1595.759766	26.448114
-22.574329	-1.752732	1594.146484	12.443492
-22.574329	-1.752732	1592.533203	24.881624
-22.574329	-1.752732	1590.917969	23.321499
-22.574329	-1.752732	1589.302734	17.098749
-22.574329	-1.752732	1587.687500	24.865549
-22.574329	-1.752732	1586.072266	17.091383
-22.574329	-1.752732	1584.457031	21.747980
-22.574329	-1.752732	1582.839844	17.084017
-22.574329	-1.752732	1581.224609	15.527576
-22.574329	-1.752732	1579.607422	20.181498
-22.574329	-1.752732	1577.990234	20.177147
-22.574329	-1.752732	1576.373047	18.621042
-22.574329	-1.752732	1574.755859	17.065609
-22.574329	-1.752732	1573.136719	18.613012
-22.574329	-1.752732	1571.517578	12.405997
-22.574329	-1.752732	1569.898438	23.256227
-22.574329	-1.752732	1568.279297	18.600967
-22.574329	-1.752732	1566.660156	20.146698
-22.574329	-1.752732	1565.041016	18.592939
-22.574329	-1.752732	1563.419922	15.490771
-22.574329	-1.752732	1561.798828	21.682398
-22.574329	-1.752732	1560.177734	21.677715
-22.574329	-1.752732	1558.556641	23.221107
-22.574329	-1.752732	1556.935547	15.477395
-22.574329	-1.752732	1555.312500	21.663671
-22.574329	-1.752732	1553.691406	20.111919
-22.574329	-1.752732	1552.068359	23.201048
-22.574329	-1.752732	1550.445313	21.649632
-22.574329	-1.752732	1548.822266	21.644951
-22.574329	-1.752732	1547.197266	12.365870
-22.574329	-1.752732	1545.574219	16.999395
-22.574329	-1.752732	1543.949219	15.450653
-22.574329	-1.752732	1542.324219	13.902580
-22.574329	-1.752732	1540.699219	23.165955
-22.574329	-1.752732	1539.072266	15.440629
-22.574329	-1.752732	1537.447266	20.068474
-22.574329	-1.752732	1535.820313	12.347157
-22.574329	-1.752732	1534.193359	23.145910
-22.574329	-1.752732	1532.566406	21.598173
-22.574329	-1.752732	1530.939453	21.593496
-22.574329	-1.752732	1529.312500	15.420587
-22.574329	-1.752732	1527.683594	23.125870
-22.574329	-1.752732	1526.056641	20.038080
-22.574329	-1.752732	1524.427734	16.951626
-22.574329	-1.752732	1522.798828	13.866507
-22.574329	-1.752732	1521.167969	16.944279
-22.574329	-1.752732	1519.539063	18.480661
-22.574329	-1.752732	1517.908203	16.936934
-22.574329	-1.752732	1516.277344	27.708975
-22.574329	-1.752732	1514.646484	16.929590
-22.574329	-1.752732	1513.015625	20.003359
-22.574329	-1.752732	1511.384766	26.152565
-22.574329	-1.752732	1509.751953	27.684942
-22.574329	-1.752732	1508.121094	18.452623
-22.574329	-1.752732	1506.488281	21.523390
-22.574329	-1.752732	1504.855469	19.981667
-22.574329	-1.752732	1503.220703	18.440611
-22.574329	-1.752732	1501.587891	15.363839
-22.574329	-1.752732	1499.953125	18.432604
-22.574329	-1.752732	1498.318359	23.035749
-22.574329	-1.752732	1496.683594	16.889214
-22.574329	-1.752732	1495.048828	19.955645
-22.574329	-1.752732	1493.414063	30.694319
-22.574329	-1.752732	1491.777344	21.481354
-22.574329	-1.752732	1490.140625	18.408587
-22.574329	-1.752732	1488.505859	15.337153
-22.574329	-1.752732	1486.867188	26.067492
-22.574329	-1.752732	1485.230469	22.995726
-22.574329	-1.752732	1483.593750	13.794435
-22.574329	-1.752732	1481.955078	16.856197
-22.574329	-1.752732	1480.316406	16.852530
-22.574329	-1.752732	1478.677734	19.912291
-22.574329	-1.752732	1477.039063	18.376575
-22.574329	-1.752732	1475.400391	13.779431
-22.574329	-1.752732	1473.759766	16.837860
-22.574329	-1.752732	1472.119141	19.894957
-22.574329	-1.752732	1470.478516	13.770432
-22.574329	-1.752732	1468.837891	18.356575
-22.574329	-1.752732	1467.197266	21.411339
-22.574329	-1.752732	1465.556641	18.348576
-22.574329	-1.752732	1463.914063	18.344578
-22.574329	-1.752732	1462.271484	18.340578
-22.574329	-1.752732	1460.628906	22.920725
-22.574329	-1.752732	1458.986328	25.971155
-22.574329	-1.752732	1457.343750	22.910728
-22.574329	-1.752732	1455.699219	18.324585
-22.574329	-1.752732	1454.054688	22.900732
-22.574329	-1.752732	1452.410156	19.842970
-22.574329	-1.752732	1450.765625	21.364689
-22.574329	-1.752732	1449.121094	24.411457
-22.574329	-1.752732	1447.474609	18.304596
-22.574329	-1.752732	1445.830078	13.725449
-22.574329	-1.752732	1444.183594	15.247168
-22.574329	-1.752732	1442.537109	13.719453
-22.574329	-1.752732	1440.890625	18.288607
-22.574329	-1.752732	1439.242188	18.284611
-22.574329	-1.752732	1437.595703	25.897537
-22.574329	-1.752732	1435.947266	24.368824
-22.574329	-1.752732	1434.298828	19.795341
-22.574329	-1.752732	1432.650391	16.746241
-22.574329	-1.752732	1431.000000	18.264631
-22.574329	-1.752732	1429.351563	16.738914
-22.574329	-1.752732	1427.701172	18.256639
-22.574329	-1.752732	1426.050781	24.336859
-22.574329	-1.752732	1424.400391	21.290091
-22.574329	-1.752732	1422.750000	18.244654
-22.574329	-1.752732	1421.097656	15.200549
-22.574329	-1.752732	1419.447266	18.236664
-22.574329	-1.752732	1417.794922	19.752058
-22.574329	-1.752732	1416.142578	13.671507
-22.574329	-1.752732	1414.490234	24.299574
-22.574329	-1.752732	1412.835938	19.739077
-22.574329	-1.752732	1411.183594	12.144462
-22.574329	-1.752732	1409.529297	9.106350
-22.574329	-1.752732	1407.875000	13.656528
-22.574329	-1.752732	1406.220703	19.721771
-22.574329	-1.752732	1404.566406	24.267624
-22.574329	-1.752732	1402.910156	18.196724
-22.574329	-1.752732	1401.255859	16.676670
-22.574329	-1.752732	1399.599609	18.188738
-22.574329	-1.752732	1397.943359	24.246328
-22.574329	-1.752732	1396.287109	18.180754
-22.574329	-1.752732	1394.628906	19.691490
-22.574329	-1.752732	1392.970703	18.172768
-22.574329	-1.752732	1391.314453	21.196905
-22.574329	-1.752732	1389.656250	21.192247
-22.574329	-1.752732	1387.998047	15.133992
-22.574329	-1.752732	1386.337891	13.617599
-22.574329	-1.752732	1384.679688	18.152807
-22.574329	-1.752732	1383.019531	12.099210
-22.574329	-1.752732	1381.359375	16.632755
-22.574329	-1.752732	1379.699219	21.164303
-22.574329	-1.752732	1378.039063	15.114034
-22.574329	-1.752732	1376.376953	18.132849
-22.574329	-1.752732	1374.716797	16.618120
-22.574329	-1.752732	1373.054688	24.166489
-22.574329	-1.752732	1371.392578	18.120874
-22.574329	-1.752732	1369.728516	15.097404
-22.574329	-1.752732	1368.066406	21.131708
-22.574329	-1.752732	1366.402344	13.581677
-22.574329	-1.752732	1364.740234	19.613655
-22.574329	-1.752732	1363.076172	18.100922
-22.574329	-1.752732	1361.412109	21.113087
-22.574329	-1.752732	1359.746094	21.108431
-22.574329	-1.752732	1358.082031	25.626015
-22.574329	-1.752732	1356.416016	13.563721
-22.574329	-1.752732	1354.750000	15.067475
-22.574329	-1.752732	1353.083984	18.076981
-22.574329	-1.752732	1351.417969	16.566908
-22.574329	-1.752732	1349.750000	16.563251
-22.574329	-1.752732	1348.083984	15.054176
-22.574329	-1.752732	1346.416016	25.586449
-22.574329	-1.752732	1344.748047	22.571291
-22.574329	-1.752732	1343.078125	25.575146
-22.574329	-1.752732	1341.410156	21.057230
-22.574329	-1.752732	1339.740234	22.556332
-22.574329	-1.752732	1338.072266	19.544500
-22.574329	-1.752732	1336.402344	18.037088
-22.574329	-1.752732	1334.730469	19.535856
-22.574329	-1.752732	1333.060547	13.521832
-22.574329	-1.752732	1331.388672	24.033495
-22.574329	-1.752732	1329.718750	15.017611
-22.574329	-1.752732	1328.046875	21.020002
-22.574329	-1.752732	1326.375000	15.010963
-22.574329	-1.752732	1324.701172	13.506876
-22.574329	-1.752732	1323.029297	24.006907
-22.574329	-1.752732	1321.355469	19.501291
-22.574329	-1.752732	1319.681641	14.997669
-22.574329	-1.752732	1318.007813	19.492649
-22.574329	-1.752732	1316.333984	17.989227
-22.574329	-1.752732	1314.660156	17.985239
-22.574329	-1.752732	1312.984375	17.981253
-22.574329	-1.752732	1311.308594	14.981053
-22.574329	-1.752732	1309.632813	20.968822
-22.574329	-1.752732	1307.957031	22.461611
-22.574329	-1.752732	1306.279297	14.971085
-22.574329	-1.752732	1304.603516	16.464539
-22.574329	-1.752732	1302.925781	22.446659
-22.574329	-1.752732	1301.248047	22.441675
-22.574329	-1.752732	1299.570313	16.453573
-22.574329	-1.752732	1297.892578	19.440813
-22.574329	-1.752732	1296.212891	17.941380
-22.574329	-1.752732	1294.533203	20.926958
-22.574329	-1.752732	1292.853516	17.933405
-22.574329	-1.752732	1291.173828	17.929419
-22.574329	-1.752732	1289.494141	20.913004
-22.574329	-1.752732	1287.812500	26.882168
-22.574329	-1.752732	1286.132813	16.424337
-22.574329	-1.752732	1284.451172	20.899052
-22.574329	-1.752732	1282.769531	25.371771
-22.574329	-1.752732	1281.085938	25.366125
-22.574329	-1.752732	1279.404297	22.376892
-22.574329	-1.752732	1277.720703	17.897528
-22.574329	-1.752732	1276.039063	22.366926
-22.574329	-1.752732	1274.355469	22.361944
-22.574329	-1.752732	1272.669922	19.376034
-22.574329	-1.752732	1270.986328	22.351978
-22.574329	-1.752732	1269.300781	22.346996
-22.574329	-1.752732	1267.615234	16.384144
-22.574329	-1.752732	1265.929688	20.847897
-22.574329	-1.752732	1264.244141	16.376837
-22.574329	-1.752732	1262.558594	16.373182
-22.574329	-1.752732	1260.871094	13.393251
-22.574329	-1.752732	1259.185547	14.878069
-22.574329	-1.752732	1257.498047	23.799597
-22.574329	-1.752732	1255.808594	22.307140
-22.574329	-1.752732	1254.121094	17.841726
-22.574329	-1.752732	1252.433594	25.270134
-22.574329	-1.752732	1250.744141	25.264488
-22.574329	-1.752732	1249.054688	20.801399
-22.574329	-1.752732	1247.365234	22.282232
-22.574329	-1.752732	1245.673828	16.336651
-22.574329	-1.752732	1243.984375	25.241907
-22.574329	-1.752732	1242.292969	17.813831
-22.574329	-1.752732	1240.601563	17.809847
-22.574329	-1.752732	1238.910156	13.354396
-22.574329	-1.752732	1237.218750	16.318386
-22.574329	-1.752732	1235.525391	19.281050
-22.574329	-1.752732	1233.833984	23.725210
-22.574329	-1.752732	1232.140625	17.789923
-22.574329	-1.752732	1230.447266	14.821615
-22.574329	-1.752732	1228.753906	19.263783
-22.574329	-1.752732	1227.058594	16.296473
-22.574329	-1.752732	1225.365234	19.255150
-22.574329	-1.752732	1223.669922	10.365833
-22.574329	-1.752732	1221.974609	22.207520
-22.574329	-1.752732	1220.277344	13.321524
-22.574329	-1.752732	1218.582031	16.278210
-22.574329	-1.752732	1216.884766	14.795053
-22.574329	-1.752732	1215.189453	20.708426
-22.574329	-1.752732	1213.492188	17.746096
-22.574329	-1.752732	1211.792969	16.263603
-22.574329	-1.752732	1210.095703	20.694483
-22.574329	-1.752732	1208.396484	25.123371
-22.574329	-1.752732	1206.699219	14.775133
-22.574329	-1.752732	1205.000000	19.203358
-22.574329	-1.752732	1203.298828	13.291644
-22.574329	-1.752732	1201.599609	25.100796
-22.574329	-1.752732	1199.900391	23.618967
-22.574329	-1.752732	1198.199219	17.710241
-22.574329	-1.752732	1196.498047	19.181780
-22.574329	-1.752732	1194.796875	25.078222
-22.574329	-1.752732	1193.093750	20.648006
-22.574329	-1.752732	1191.392578	20.643360
-22.574329	-1.752732	1189.689453	16.216131
-22.574329	-1.752732	1187.986328	10.317033
-22.574329	-1.752732	1186.283203	19.155888
-22.574329	-1.752732	1184.580078	26.517563
-22.574329	-1.752732	1182.875000	25.038721
-22.574329	-1.752732	1181.169922	14.725341
-22.574329	-1.752732	1179.464844	19.138628
-22.574329	-1.752732	1177.759766	16.190573
-22.574329	-1.752732	1176.054688	25.016151
-22.574329	-1.752732	1174.347656	20.596889
-22.574329	-1.752732	1172.642578	13.237870
-22.574329	-1.752732	1170.935547	17.646511
-22.574329	-1.752732	1169.228516	10.291475
-22.574329	-1.752732	1167.519531	20.578302
-22.574329	-1.752732	1165.812500	19.104111
-22.574329	-1.752732	1164.103516	17.630581
-22.574329	-1.752732	1162.394531	27.908779
-22.574329	-1.752732	1160.685547	19.091166
-22.574329	-1.752732	1158.976563	17.618633
-22.574329	-1.752732	1157.265625	20.550425
-22.574329	-1.752732	1155.556641	20.545778
-22.574329	-1.752732	1153.845703	14.672238
-22.574329	-1.752732	1152.134766	13.202027
-22.574329	-1.752732	1150.423828	17.598721
-22.574329	-1.752732	1148.710938	21.993423
-22.574329	-1.752732	1146.998047	20.522549
-22.574329	-1.752732	1145.287109	17.586775
-22.574329	-1.752732	1143.572266	14.652328
-22.574329	-1.752732	1141.859375	19.043711
-22.574329	-1.752732	1140.146484	20.503967
-22.574329	-1.752732	1138.431641	16.106609
-22.574329	-1.752732	1136.716797	14.639054
-22.574329	-1.752732	1135.001953	17.562883
-22.574329	-1.752732	1133.287109	23.411869
-22.574329	-1.752732	1131.570313	17.554920
-22.574329	-1.752732	1129.855469	10.238047
-22.574329	-1.752732	1128.138672	13.160217
-22.574329	-1.752732	1126.421875	14.619145
-22.574329	-1.752732	1124.703125	14.615828
-22.574329	-1.752732	1122.986328	30.686270
-22.574329	-1.752732	1121.267578	17.531031
-22.574329	-1.752732	1119.548828	30.672335
-22.574329	-1.752732	1117.830078	26.284601
-22.574329	-1.752732	1116.111328	21.898857
-22.574329	-1.752732	1114.392578	26.272657
-22.574329	-1.752732	1112.671875	21.888905
-22.574329	-1.752732	1110.951172	30.637501
-22.574329	-1.752732	1109.230469	11.668775
-22.574329	-1.752732	1107.509766	13.124386
-22.574329	-1.752732	1105.787109	20.411066
-22.574329	-1.752732	1104.066406	18.948820
-22.574329	-1.752732	1102.343750	18.944508
-22.574329	-1.752732	1100.621094	21.854071
-22.574329	-1.752732	1098.896484	23.305702
-22.574329	-1.752732	1097.173828	21.844120
-22.574329	-1.752732	1095.449219	17.471315
-22.574329	-1.752732	1093.724609	20.378557
-22.574329	-1.752732	1092.000000	20.373913
-22.574329	-1.752732	1090.275391	16.004425
-22.574329	-1.752732	1088.550781	24.728474
-22.574329	-1.752732	1086.824219	17.451412
-22.574329	-1.752732	1085.097656	11.631621
-22.574329	-1.752732	1083.371094	23.257936
-22.574329	-1.752732	1081.644531	23.252628
-22.574329	-1.752732	1079.916016	26.153238
-22.574329	-1.752732	1078.189453	23.242016
-22.574329	-1.752732	1076.460938	24.689003
-22.574329	-1.752732	1074.732422	10.163738
-22.574329	-1.752732	1073.001953	13.064679
-22.574329	-1.752732	1071.273438	23.220789
-22.574329	-1.752732	1069.542969	13.058709
-22.574329	-1.752732	1067.812500	18.858269
-22.574329	-1.752732	1066.082031	14.503044
-22.574329	-1.752732	1064.351563	21.749592
-22.574329	-1.752732	1062.619141	21.744617
-22.574329	-1.752732	1060.888672	18.841024
-22.574329	-1.752732	1059.156250	18.836712
-22.574329	-1.752732	1057.421875	17.383755
-22.574329	-1.752732	1055.689453	18.828091
-22.574329	-1.752732	1053.957031	21.719746
-22.574329	-1.752732	1052.222656	20.267120
-22.574329	-1.752732	1050.488281	18.815159
-22.574329	-1.752732	1048.753906	21.704824
-22.574329	-1.752732	1047.019531	21.699850
-22.574329	-1.752732	1045.283203	23.141201
-22.574329	-1.752732	1043.546875	27.473877
-22.574329	-1.752732	1041.810547	18.793606
-22.574329	-1.752732	1040.074219	23.125286
-22.574329	-1.752732	1038.337891	20.229984
-22.574329	-1.752732	1036.599609	17.336008
-22.574329	-1.752732	1034.861328	18.776365
-22.574329	-1.752732	1033.123047	14.440042
-22.574329	-1.752732	1031.384766	23.098763
-22.574329	-1.752732	1029.646484	27.423483
-22.574329	-1.752732	1027.906250	30.303204
-22.574329	-1.752732	1026.167969	24.525528
-22.574329	-1.752732	1024.427734	25.962240
-22.574329	-1.752732	1022.685547	21.630226
-22.574329	-1.752732	1020.945313	18.741888
-22.574329	-1.752732	1019.203125	31.709747
-22.574329	-1.752732	1017.462891	18.733269
-22.574329	-1.752732	1015.720703	20.169649
-22.574329	-1.752732	1013.976563	21.605366
-22.574329	-1.752732	1012.234375	23.040421
-22.574329	-1.752732	1010.490234	28.793896
-22.574329	-1.752732	1008.746094	35.984085
-22.574329	-1.752732	1007.001953	30.219669
-22.574329	-1.752732	1005.257813	23.019207
-22.574329	-1.752732	1003.513672	27.329012
-22.574329	-1.752732	1001.767578	27.322714
-22.574329	-1.752732	1000.021484	28.754124
-22.574329	-1.752732	998.275391	27.310122
-22.574329	-1.752732	996.529297	20.118607
-22.574329	-1.752732	994.781250	21.550680
-22.574329	-1.752732	993.035156	25.854851
-22.574329	-1.752732	991.287109	28.720985
-22.574329	-1.752732	989.539063	30.150076
-22.574329	-1.752732	987.789063	27.272343
-22.574329	-1.752732	986.041016	38.746487
-22.574329	-1.752732	984.291016	38.737541
-22.574329	-1.752732	982.541016	32.991028
-22.574329	-1.752732	980.791016	43.021832
-22.574329	-1.752732	979.041016	25.807137
-22.574329	-1.752732	977.289063	32.968163
-22.574329	-1.752732	975.537109	37.259747
-22.574329	-1.752732	973.785156	35.818398
-22.574329	-1.752732	972.033203	38.674923
-22.574329	-1.752732	970.281250	34.369759
-22.574329	-1.752732	968.527344	38.657032
-22.574329	-1.752732	966.773438	27.196804
-22.574329	-1.752732	965.019531	30.052668
-22.574329	-1.752732	963.265625	41.491695
-22.574329	-1.752732	961.511719	32.899590
-22.574329	-1.752732	959.755859	42.902569
-22.574329	-1.752732	958.000000	35.743862
-22.574329	-1.752732	956.244141	34.306156
-22.574329	-1.752732	954.488281	38.585484
-22.574329	-1.752732	952.730469	31.432737
-22.574329	-1.752732	950.974609	37.139172
-22.574329	-1.752732	949.216797	42.842953
-22.574329	-1.752732	947.458984	52.827389
-22.574329	-1.752732	945.701172	35.685902
-22.574329	-1.752732	943.941406	37.104729
-22.574329	-1.752732	942.181641	41.376438
-22.574329	-1.752732	940.421875	41.366837
-22.574329	-1.752732	938.662109	32.800564
-22.574329	-1.752732	936.902344	24.238266
-22.574329	-1.752732	935.140625	29.934435
-22.574329	-1.752732	933.380859	29.927481
-22.574329	-1.752732	931.619141	24.221380
-22.574329	-1.752732	929.855469	17.093472
-22.574329	-1.752732	928.093750	22.785999
-22.574329	-1.752732	926.330078	24.204494
-22.574329	-1.752732	924.568359	29.892719
-22.574329	-1.752732	922.804688	28.462635
-22.574329	-1.752732	921.039063	18.496408
-22.574329	-1.752732	919.275391	15.647166
-22.574329	-1.752732	917.509766	29.864912
-22.574329	-1.752732	915.744141	28.436153
-22.574329	-1.752732	913.978516	21.322149
-22.574329	-1.752732	912.212891	21.317186
-22.574329	-1.752732	910.447266	26.995480
-22.574329	-1.752732	908.679688	17.045805
-22.574329	-1.752732	906.912109	21.302292
-22.574329	-1.752732	905.144531	22.717150
-22.574329	-1.752732	903.375000	26.970327
-22.574329	-1.752732	901.607422	24.125721
-22.574329	-1.752732	899.837891	24.120096
-22.574329	-1.752732	898.068359	22.695972
-22.574329	-1.752732	896.298828	17.018009
-22.574329	-1.752732	894.529297	26.938894
-22.574329	-1.752732	892.757813	24.097595
-22.574329	-1.752732	890.986328	19.840446
-22.574329	-1.752732	889.214844	24.086348
-22.574329	-1.752732	887.443359	21.247698
-22.574329	-1.752732	885.669922	24.075100
-22.574329	-1.752732	883.898438	22.653625
-22.574329	-1.752732	882.125000	24.063852
-22.574329	-1.752732	880.351563	19.812660
-22.574329	-1.752732	878.578125	32.541763
-22.574329	-1.752732	876.802734	32.534157
-22.574329	-1.752732	875.027344	22.627165
-22.574329	-1.752732	873.251953	19.794138
-22.574329	-1.752732	871.476563	21.203045
-22.574329	-1.752732	869.701172	28.264112
-22.574329	-1.752732	867.923828	25.431749
-22.574329	-1.752732	866.146484	15.537987
-22.574329	-1.752732	864.369141	24.007631
-22.574329	-1.752732	862.591797	18.354479
-22.574329	-1.752732	860.814453	22.584837
-22.574329	-1.752732	859.035156	22.579548
-22.574329	-1.752732	857.255859	31.039604
-22.574329	-1.752732	855.476563	29.621771
-22.574329	-1.752732	853.697266	19.743219
-22.574329	-1.752732	851.916016	22.558392
-22.574329	-1.752732	850.136719	22.553102
-22.574329	-1.752732	848.355469	22.547813
-22.574329	-1.752732	846.574219	15.497986
-22.574329	-1.752732	844.791016	28.171547
-22.574329	-1.752732	843.009766	26.756691
-22.574329	-1.752732	841.226563	21.118746
-22.574329	-1.752732	839.443359	22.521376
-22.574329	-1.752732	837.660156	22.516088
-22.574329	-1.752732	835.875000	25.324652
-22.574329	-1.752732	834.091797	21.098919
-22.574329	-1.752732	832.306641	19.687700
-22.574329	-1.752732	830.521484	23.900875
-22.574329	-1.752732	828.734375	19.678450
-22.574329	-1.752732	826.949219	18.268551
-22.574329	-1.752732	825.162109	22.479086
-22.574329	-1.752732	823.375000	22.473801
-22.574329	-1.752732	821.587891	18.255669
-22.574329	-1.752732	819.800781	25.271135
-22.574329	-1.752732	818.011719	18.247082
-22.574329	-1.752732	816.222656	21.049372
-22.574329	-1.752732	814.433594	18.238495
-22.574329	-1.752732	812.644531	19.636833
-22.574329	-1.752732	810.855469	25.241413
-22.574329	-1.752732	809.064453	18.225618
-22.574329	-1.752732	807.273438	21.024607
-22.574329	-1.752732	805.482422	19.618343
-22.574329	-1.752732	803.691406	15.410782
-22.574329	-1.752732	801.898438	15.407150
-22.574329	-1.752732	800.107422	19.604479
-22.574329	-1.752732	798.314453	26.599808
-22.574329	-1.752732	796.521484	22.394556
-22.574329	-1.752732	794.726563	19.590616
-22.574329	-1.752732	792.933594	18.186996
-22.574329	-1.752732	791.138672	16.784037
-22.574329	-1.752732	789.343750	16.780077
-22.574329	-1.752732	787.546875	20.970146
-22.574329	-1.752732	785.751953	15.374477
-22.574329	-1.752732	783.955078	16.768198
-22.574329	-1.752732	782.158203	22.352320
-22.574329	-1.752732	780.361328	23.743731
-22.574329	-1.752732	778.564453	23.738123
-22.574329	-1.752732	776.765625	22.336485
-22.574329	-1.752732	774.968750	22.331207
-22.574329	-1.752732	773.169922	25.116673
-22.574329	-1.752732	771.369141	25.110735
-22.574329	-1.752732	769.570313	25.104799
-22.574329	-1.752732	767.769531	30.676390
-22.574329	-1.752732	765.970703	30.669136
-22.574329	-1.752732	764.167969	23.693272
-22.574329	-1.752732	762.367188	33.441414
-22.574329	-1.752732	760.566406	25.075125
-22.574329	-1.752732	758.763672	27.854656
-22.574329	-1.752732	756.960938	12.531629
-22.574329	-1.752732	755.158203	23.665251
-22.574329	-1.752732	753.353516	13.917440
-22.574329	-1.752732	751.550781	20.871216
-22.574329	-1.752732	749.746094	27.821697
-22.574329	-1.752732	747.941406	20.861330
-22.574329	-1.752732	746.136719	25.027666
-22.574329	-1.752732	744.330078	20.851446
-22.574329	-1.752732	742.523438	30.574873
-22.574329	-1.752732	740.718750	29.178186
-22.574329	-1.752732	738.910156	25.003944
-22.574329	-1.752732	737.103516	29.164352
-22.574329	-1.752732	735.294922	23.603638
-22.574329	-1.752732	733.488281	24.986158
-22.574329	-1.752732	731.679688	23.592440
-22.574329	-1.752732	729.869141	23.586842
-22.574329	-1.752732	728.060547	23.581244
-22.574329	-1.752732	726.250000	24.962450
-22.574329	-1.752732	724.439453	22.183577
-22.574329	-1.752732	722.628906	19.406021
-22.574329	-1.752732	720.818359	15.243966
-22.574329	-1.752732	719.005859	26.324234
-22.574329	-1.752732	717.195313	24.932823
-22.574329	-1.752732	715.382813	22.157244
-22.574329	-1.752732	713.568359	23.536476
-22.574329	-1.752732	711.755859	19.378374
-22.574329	-1.752732	709.941406	23.525290
-22.574329	-1.752732	708.126953	23.519695
-22.574329	-1.752732	706.312500	27.663651
-22.574329	-1.752732	704.498047	24.891363
-22.574329	-1.752732	702.681641	23.502918
-22.574329	-1.752732	700.867188	16.586348
-22.574329	-1.752732	699.050781	20.728003
-22.574329	-1.752732	697.232422	16.578455
-22.574329	-1.752732	695.416016	29.005390
-22.574329	-1.752732	693.597656	20.713203
-22.574329	-1.752732	691.779297	15.186067
-22.574329	-1.752732	689.960938	17.942896
-22.574329	-1.752732	688.142578	24.838091
-22.574329	-1.752732	686.324219	22.073044
-22.574329	-1.752732	684.503906	19.309313
-22.574329	-1.752732	682.683594	26.199251
-22.574329	-1.752732	680.863281	26.193007
-22.574329	-1.752732	679.041016	20.673761
-22.574329	-1.752732	677.218750	19.290911
-22.574329	-1.752732	675.398438	28.929466
-22.574329	-1.752732	673.576172	20.658976
-22.574329	-1.752732	671.751953	15.146302
-22.574329	-1.752732	669.929688	28.908772
-22.574329	-1.752732	668.105469	24.773035
-22.574329	-1.752732	666.281250	23.391172
-22.574329	-1.752732	664.457031	24.761213
-22.574329	-1.752732	662.630859	22.004713
-22.574329	-1.752732	660.806641	27.499325
-22.574329	-1.752732	658.980469	28.867397
-22.574329	-1.752732	657.154297	32.983433
-22.574329	-1.752732	655.326172	21.983704
-22.574329	-1.752732	653.500000	27.473066
-22.574329	-1.752732	651.671875	21.973202
-22.574329	-1.752732	649.843750	26.086943
-22.574329	-1.752732	648.015625	32.944054
-22.574329	-1.752732	646.185547	27.446815
-22.574329	-1.752732	644.357422	23.324217
-22.574329	-1.752732	642.527344	31.548748
-22.574329	-1.752732	640.697266	24.684422
-22.574329	-1.752732	638.865234	32.904690
-22.574329	-1.752732	637.035156	38.379623
-22.574329	-1.752732	635.203125	23.296341
-22.574329	-1.752732	633.371094	28.770947
-22.574329	-1.752732	631.539063	27.394344
-22.574329	-1.752732	629.705078	31.495958
-22.574329	-1.752732	627.873047	39.702789
-22.574329	-1.752732	626.039063	36.955818
-22.574329	-1.752732	624.203125	24.631313
-22.574329	-1.752732	622.369141	30.097729
-22.574329	-1.752732	620.535156	31.458271
-22.574329	-1.752732	618.699219	27.348467
-22.574329	-1.752732	616.863281	27.341915
-22.574329	-1.752732	615.025391	27.335365
-22.574329	-1.752732	613.189453	27.328815
-22.574329	-1.752732	611.351563	23.223925
-22.574329	-1.752732	609.513672	38.242004
-22.574329	-1.752732	607.675781	35.501919
-22.574329	-1.752732	605.837891	32.763145
-22.574329	-1.752732	603.998047	31.390486
-22.574329	-1.752732	602.158203	30.018482
-22.574329	-1.752732	600.318359	28.647133
-22.574329	-1.752732	598.478516	31.367905
-22.574329	-1.752732	596.636719	24.542906
-22.574329	-1.752732	594.796875	25.900185
-22.574329	-1.752732	592.955078	31.345331
-22.574329	-1.752732	591.111328	32.700321
-22.574329	-1.752732	589.269531	34.054657
-22.574329	-1.752732	587.425781	28.599045
-22.574329	-1.752732	585.583984	24.507582
-22.574329	-1.752732	583.738281	23.140491
-22.574329	-1.752732	581.894531	25.856691
-22.574329	-1.752732	580.050781	23.129377
-22.574329	-1.752732	578.205078	19.043146
-22.574329	-1.752732	576.359375	19.038572
-22.574329	-1.752732	574.513672	32.629707
-22.574329	-1.752732	572.666016	17.670177
-22.574329	-1.752732	570.818359	16.307014
-22.574329	-1.752732	568.970703	21.737459
-22.574329	-1.752732	567.123047	21.732233
-22.574329	-1.752732	565.275391	20.369070
-22.574329	-1.752732	563.425781	25.794617
-22.574329	-1.752732	561.576172	25.788414
-22.574329	-1.752732	559.726563	27.139170
-22.574329	-1.752732	557.876953	27.132641
-22.574329	-1.752732	556.027344	18.988279
-22.574329	-1.752732	554.175781	29.831547
-22.574329	-1.752732	552.324219	24.401756
-22.574329	-1.752732	550.472656	28.461863
-22.574329	-1.752732	548.619141	17.615007
-22.574329	-1.752732	546.767578	25.738813
-22.574329	-1.752732	544.914063	33.858707
-22.574329	-1.752732	543.060547	33.850555
-22.574329	-1.752732	541.205078	29.781315
-22.574329	-1.752732	539.351563	37.894363
-22.574329	-1.752732	537.496094	36.532192
-22.574329	-1.752732	535.640625	35.170673
-22.574329	-1.752732	533.785156	43.276554
-22.574329	-1.752732	531.927734	45.970261
-22.574329	-1.752732	530.070313	63.531811
-22.574329	-1.752732	528.212891	74.327820
-22.574329	-1.752732	526.355469	112.140404
-22.574329	-1.752732	524.498047	194.509949
-22.574329	-1.752732	522.638672	384.874786
-22.574329	-1.752732	520.779297	560.296631
-22.574329	-1.752732	518.919922	467.026215
-22.574329	-1.752732	517.060547	233.456802
-22.574329	-1.752732	515.199219	138.960983
-22.574329	-1.752732	513.339844	90.370293
-22.574329	-1.752732	511.478516	76.863647
-22.574329	-1.752732	509.615234	56.622707
-22.574329	-1.752732	507.753906	56.609043
-22.574329	-1.752732	505.890625	60.637913
-22.574329	-1.752732	504.027344	48.498623
-22.574329	-1.752732	502.164063	55.221210
-22.574329	-1.752732	500.300781	41.742542
-22.574329	-1.752732	498.435547	51.155926
-22.574329	-1.752732	496.570313	63.256531
-22.574329	-1.752732	494.705078	63.241257
-22.574329	-1.752732	492.839844	59.190285
-22.574329	-1.752732	490.972656	47.071808
-22.574329	-1.752732	489.107422	56.472530
-22.574329	-1.752732	487.240234	43.016296
-22.574329	-1.752732	485.371094	38.974102
-22.574329	-1.752732	483.503906	41.651905
-22.574329	-1.752732	481.634766	49.701550
-22.574329	-1.752732	479.765625	37.602898
-22.574329	-1.752732	477.896484	36.251171
-22.574329	-1.752732	476.027344	36.242413
-22.574329	-1.752732	474.156250	33.549675
-22.574329	-1.752732	472.285156	37.566555
-22.574329	-1.752732	470.414063	34.874798
-22.574329	-1.752732	468.542969	46.935490
-22.574329	-1.752732	466.669922	33.517242
-22.574329	-1.752732	464.796875	34.849503
-22.574329	-1.752732	462.923828	25.460787
-22.574329	-1.752732	461.050781	26.794346
-22.574329	-1.752732	459.177734	30.806044
-22.574329	-1.752732	457.302734	26.781385
-22.574329	-1.752732	455.427734	32.129887
-22.574329	-1.752732	453.552734	33.460533
-22.574329	-1.752732	451.675781	22.747658
-22.574329	-1.752732	449.800781	22.742153
-22.574329	-1.752732	447.923828	21.399199
-22.574329	-1.752732	446.046875	25.405399
-22.574329	-1.752732	444.169922	28.072855
-22.574329	-1.752732	442.291016	32.075497
-22.574329	-1.752732	440.412109	28.059265
-22.574329	-1.752732	438.533203	25.380808
-22.574329	-1.752732	436.654297	25.374662
-22.574329	-1.752732	434.773438	30.709259
-22.574329	-1.752732	432.894531	22.692650
-22.574329	-1.752732	431.013672	24.021694
-22.574329	-1.752732	429.130859	24.015875
-22.574329	-1.752732	427.250000	25.343950
-22.574329	-1.752732	425.367188	22.670673
-22.574329	-1.752732	423.484375	30.664656
-22.574329	-1.752732	421.601563	22.659689
-22.574329	-1.752732	419.718750	30.649799
-22.574329	-1.752732	417.833984	27.977818
-22.574329	-1.752732	415.949219	26.639084
-22.574329	-1.752732	414.064453	25.300997
-22.574329	-1.752732	412.179688	27.957481
-22.574329	-1.752732	410.294922	25.288734
-22.574329	-1.752732	408.408203	35.927910
-22.574329	-1.752732	406.521484	37.249542
-22.574329	-1.752732	404.634766	30.590420
-22.574329	-1.752732	402.746094	42.550266
-22.574329	-1.752732	400.857422	65.139297
-22.574329	-1.752732	398.968750	66.452553
-22.574329	-1.752732	397.080078	78.394997
-22.574329	-1.752732	395.191406	66.420326
-22.574329	-1.752732	393.300781	70.388474
-22.574329	-1.752732	391.410156	59.749302
-22.574329	-1.752732	389.519531	51.770168
-22.574329	-1.752732	387.628906	53.084728
-22.574329	-1.752732	385.736328	53.071854
-22.574329	-1.752732	383.843750	61.017822
-22.574329	-1.752732	381.951172	53.046104
-22.574329	-1.752732	380.058594	55.684895
-22.574329	-1.752732	378.164063	56.996891
-22.574329	-1.752732	376.271484	64.934189
-22.574329	-1.752732	374.376953	67.568161
-22.574329	-1.752732	372.480469	63.578133
-22.574329	-1.752732	370.585938	55.617363
-22.574329	-1.752732	368.689453	51.632160
-22.574329	-1.752732	366.792969	51.619629
-22.574329	-1.752732	364.896484	51.607098
-22.574329	-1.752732	363.000000	52.917507
-22.574329	-1.752732	361.101563	59.517746
-22.574329	-1.752732	359.203125	62.147888
-22.574329	-1.752732	357.304688	38.337257
-22.574329	-1.752732	355.406250	47.579525
-22.574329	-1.752732	353.505859	44.925308
-22.574329	-1.752732	351.605469	56.803505
-22.574329	-1.752732	349.705078	55.469021
-22.574329	-1.752732	347.804688	48.853699
-22.574329	-1.752732	345.902344	48.841835
-22.574329	-1.752732	344.001953	43.551056
-22.574329	-1.752732	342.099609	38.262844
-22.574329	-1.752732	340.195313	39.572639
-22.574329	-1.752732	338.292969	40.881794
-22.574329	-1.752732	336.388672	43.508759
-22.574329	-1.752732	334.484375	30.316921
-22.574329	-1.752732	332.580078	30.309557
-22.574329	-1.752732	330.675781	31.619680
-22.574329	-1.752732	328.769531	34.246330
-22.574329	-1.752732	326.863281	26.336931
-22.574329	-1.752732	324.957031	32.913166
-22.574329	-1.752732	323.048828	31.588963
-22.574329	-1.752732	321.142578	38.160721
-22.574329	-1.752732	319.234375	42.098152
-22.574329	-1.752732	317.326172	18.413465
-22.574329	-1.752732	315.417969	26.298559
-22.574329	-1.752732	313.507813	27.606777
-22.574329	-1.752732	311.597656	32.857224
-22.574329	-1.752732	309.687500	31.535271
-22.574329	-1.752732	307.777344	30.213955
-22.574329	-1.752732	305.865234	35.459938
-22.574329	-1.752732	303.955078	32.825294
-22.574329	-1.752732	302.042969	30.191931
-22.574329	-1.752732	300.128906	31.496967
-22.574329	-1.752732	298.216797	30.177258
-22.574329	-1.752732	296.302734	34.105129
-22.574329	-1.752732	294.388672	38.031090
-22.574329	-1.752732	292.474609	28.844158
-22.574329	-1.752732	290.560547	39.323383
-22.574329	-1.752732	288.644531	34.071980
-22.574329	-1.752732	286.728516	45.854977
-22.574329	-1.752732	284.812500	52.392948
-22.574329	-1.752732	282.896484	54.999222
-22.574329	-1.752732	280.978516	44.512356
-22.574329	-1.752732	279.060547	58.899090
-22.574329	-1.752732	277.142578	62.810425
-22.574329	-1.752732	275.224609	65.411621
-22.574329	-1.752732	273.304688	56.240314
-22.574329	-1.752732	271.384766	75.840584
-22.574329	-1.752732	269.464844	79.743980
-22.574329	-1.752732	267.544922	96.715080
-22.574329	-1.752732	265.623047	104.531425
-22.574329	-1.752732	263.703125	202.480392
-22.574329	-1.752732	261.781250	261.201508
-22.574329	-1.752732	259.857422	257.220917
-22.574329	-1.752732	257.935547	268.906738
-22.574329	-1.752732	256.011719	219.249268
-22.574329	-1.752732	254.087891	245.290710
-22.574329	-1.752732	252.164063	631.339600
-22.574329	-1.752732	250.240234	1648.386719
-22.574329	-1.752732	248.314453	1662.327637
-22.574329	-1.752732	246.388672	746.887939
-22.574329	-1.752732	244.462891	351.851166
-22.574329	-1.752732	242.535156	224.087723
-22.574329	-1.752732	240.609375	195.377823
-22.574329	-1.752732	238.681641	143.242233
-22.574329	-1.752732	236.753906	135.396088
-22.574329	-1.752732	234.824219	105.427086
-22.574329	-1.752732	232.896484	92.388924
-22.574329	-1.752732	230.966797	92.366463
-22.574329	-1.752732	229.037109	75.435951
-22.574329	-1.752732	227.107422	61.114269
-22.574329	-1.752732	225.175781	66.299362
-22.574329	-1.752732	223.244141	76.680611
-22.574329	-1.752732	221.312500	67.566483
-22.574329	-1.752732	219.380859	80.540443
-22.574329	-1.752732	217.447266	77.923416
-22.574329	-1.752732	215.515625	66.218803
-22.574329	-1.752732	213.582031	61.010334
-22.574329	-1.752732	211.646484	62.293278
-22.574329	-1.752732	209.712891	55.790829
-22.574329	-1.752732	207.777344	58.371559
-22.574329	-1.752732	205.841797	45.389065
-22.574329	-1.752732	203.906250	42.785000
-22.574329	-1.752732	201.968750	40.182198
-22.574329	-1.752732	200.033203	32.397121
-22.574329	-1.752732	198.095703	29.798107
-22.574329	-1.752732	196.158203	29.790863
-22.574329	-1.752732	194.218750	27.193743
-22.574329	-1.752732	192.281250	23.303255
-22.574329	-1.752732	190.341797	22.003281
-22.574329	-1.752732	188.402344	28.467915
-22.574329	-1.752732	186.460938	33.635719
-22.574329	-1.752732	184.521484	28.454077
-22.574329	-1.752732	182.580078	31.033268
-22.574329	-1.752732	180.638672	25.854771
-22.574329	-1.752732	178.695313	25.848488
-22.574329	-1.752732	176.753906	19.381655
-22.574329	-1.752732	174.810547	24.544130
-22.574329	-1.752732	172.867188	19.372236
-22.574329	-1.752732	170.921875	28.405710
-22.574329	-1.752732	168.978516	20.653679
-22.574329	-1.752732	167.033203	19.358118
-22.574329	-1.752732	165.087891	21.933870
-22.574329	-1.752732	163.142578	30.957941
-22.574329	-1.752732	161.195313	20.633614
-22.574329	-1.752732	159.248047	25.785751
-22.574329	-1.752732	157.300781	34.802307
-22.574329	-1.752732	155.353516	30.927870
-22.574329	-1.752732	153.406250	36.073750
-22.574329	-1.752732	151.457031	30.912848
-22.574329	-1.752732	149.507813	46.358009
-22.574329	-1.752732	147.558594	41.197113
-22.574329	-1.752732	145.607422	36.038719
-22.574329	-1.752732	143.658203	37.316750
-22.574329	-1.752732	141.707031	37.307690
-22.574329	-1.752732	139.753906	51.446384
-22.574329	-1.752732	137.802734	70.721603
-22.574329	-1.752732	135.849609	57.849079
-22.574329	-1.752732	133.896484	60.405483
-22.574329	-1.752732	131.943359	48.826618
-22.574329	-1.752732	129.990234	43.676369
-22.574329	-1.752732	128.035156	44.950054
-22.574329	-1.752732	126.080078	53.926971
-22.574329	-1.752732	124.125000	64.183189
-22.574329	-1.752732	122.169922	42.350624
-22.574329	-1.752732	120.212891	51.321632
-22.574329	-1.752732	118.255859	47.460991
-22.574329	-1.752732	116.298828	47.449474
-22.574329	-1.752732	114.341797	47.437962
-22.574329	-1.752732	112.382813	37.172081
-22.574329	-1.752732	110.423828	38.444550
-22.574329	-1.752732	108.464844	34.591702
-22.574329	-1.752732	106.505859	21.774675
-22.574329	-1.752732	104.544922	25.611052
-22.574329	-1.752732	102.585938	16.643147
-22.574329	-1.752732	100.625000	10.239451
-22.574329	-1.752732	98.662109	6.398105
-22.574329	-1.752732	96.701172	3.837932
-22.574329	-1.752732	94.738281	2.558001
-22.574329	-1.752732	92.775391	3.836071
-22.574329	-1.752732	90.812500	3.835141
-22.574329	-1.752732	88.847656	3.834212
-22.574329	-1.752732	86.882813	1.277761
-22.574329	-1.752732	84.917969	3.832353
-22.574329	-1.752732	82.953125	0.000000
-22.574329	-1.752732	80.988281	-1.276832
-22.574329	-1.752732	79.021484	0.000000
-22.574329	-1.752732	77.054688	1.276213
-22.574329	-1.752732	75.087891	1.275904
-22.574329	-1.752732	73.119141	1.275595
-22.574329	-1.752732	71.152344	-1.275286
-22.574329	-1.752732	69.183594	5.099907
-22.574329	-1.752732	67.212891	-1.274668
-22.574329	-1.752732	65.244141	0.000000
-22.574329	-1.752732	63.273438	0.000000
-22.574329	-1.752732	61.302734	1.273742
-22.574329	-1.752732	59.332031	0.000000
-19.574329	-1.752732	1838.626953	20.892931
-19.574329	-1.752732	1837.066406	19.285784
-19.574329	-1.752732	1835.503906	19.281679
-19.574329	-1.752732	1833.941406	14.458182
-19.574329	-1.752732	1832.378906	16.061228
-19.574329	-1.752732	1830.816406	19.269373
-19.574329	-1.752732	1829.251953	25.687029
-19.574329	-1.752732	1827.687500	17.656075
-19.574329	-1.752732	1826.125000	8.023781
-19.574329	-1.752732	1824.560547	20.857389
-19.574329	-1.752732	1822.994141	20.852951
-19.574329	-1.752732	1821.429688	17.641048
-19.574329	-1.752732	1819.865234	19.240685
-19.574329	-1.752732	1818.298828	27.251835
-19.574329	-1.752732	1816.732422	20.835203
-19.574329	-1.752732	1815.166016	19.228401
-19.574329	-1.752732	1813.599609	14.418232
-19.574329	-1.752732	1812.033203	17.618532
-19.574329	-1.752732	1810.464844	22.418814
-19.574329	-1.752732	1808.896484	22.414042
-19.574329	-1.752732	1807.330078	22.409269
-19.574329	-1.752732	1805.759766	19.203856
-19.574329	-1.752732	1804.191406	20.799747
-19.574329	-1.752732	1802.623047	19.195681
-19.574329	-1.752732	1801.052734	20.790892
-19.574329	-1.752732	1799.484375	17.588549
-19.574329	-1.752732	1797.914063	12.788947
-19.574329	-1.752732	1796.343750	20.777615
-19.574329	-1.752732	1794.771484	22.371128
-19.574329	-1.752732	1793.201172	17.573572
-19.574329	-1.752732	1791.628906	19.167086
-19.574329	-1.752732	1790.058594	15.969171
-19.574329	-1.752732	1788.486328	17.562346
-19.574329	-1.752732	1786.914063	14.366132
-19.574329	-1.752732	1785.339844	25.534349
-19.574329	-1.752732	1783.767578	12.764456
-19.574329	-1.752732	1782.193359	19.142605
-19.574329	-1.752732	1780.621094	22.328281
-19.574329	-1.752732	1779.046875	20.728987
-19.574329	-1.752732	1777.470703	17.536175
-19.574329	-1.752732	1775.896484	17.532440
-19.574329	-1.752732	1774.322266	15.935185
-19.574329	-1.752732	1772.746094	20.711327
-19.574329	-1.752732	1771.169922	14.335555
-19.574329	-1.752732	1769.593750	20.702501
-19.574329	-1.752732	1768.017578	17.513767
-19.574329	-1.752732	1766.441406	14.326392
-19.574329	-1.752732	1764.863281	12.731856
-19.574329	-1.752732	1763.287109	25.458286
-19.574329	-1.752732	1761.708984	17.498840
-19.574329	-1.752732	1760.130859	12.723717
-19.574329	-1.752732	1758.552734	17.491381
-19.574329	-1.752732	1756.972656	11.128506
-19.574329	-1.752732	1755.394531	17.483923
-19.574329	-1.752732	1753.814453	19.069304
-19.574329	-1.752732	1752.234375	20.654007
-19.574329	-1.752732	1750.654297	25.414896
-19.574329	-1.752732	1749.074219	14.292830
-19.574329	-1.752732	1747.492188	20.640797
-19.574329	-1.752732	1745.912109	12.699320
-19.574329	-1.752732	1744.330078	14.283688
-19.574329	-1.752732	1742.748047	17.454117
-19.574329	-1.752732	1741.166016	25.382389
-19.574329	-1.752732	1739.583984	15.860609
-19.574329	-1.752732	1738.000000	17.442947
-19.574329	-1.752732	1736.417969	19.024609
-19.574329	-1.752732	1734.833984	20.605597
-19.574329	-1.752732	1733.250000	20.601198
-19.574329	-1.752732	1731.666016	19.012432
-19.574329	-1.752732	1730.082031	23.760468
-19.574329	-1.752732	1728.496094	28.506475
-19.574329	-1.752732	1726.912109	20.583616
-19.574329	-1.752732	1725.326172	17.413187
-19.574329	-1.752732	1723.740234	17.409470
-19.574329	-1.752732	1722.154297	20.570435
-19.574329	-1.752732	1720.566406	18.984039
-19.574329	-1.752732	1718.980469	15.816654
-19.574329	-1.752732	1717.392578	9.487966
-19.574329	-1.752732	1715.804688	14.228909
-19.574329	-1.752732	1714.216797	11.064566
-19.574329	-1.752732	1712.628906	22.124403
-19.574329	-1.752732	1711.041016	17.379747
-19.574329	-1.752732	1709.451172	14.216755
-19.574329	-1.752732	1707.861328	20.530924
-19.574329	-1.752732	1706.271484	14.210680
-19.574329	-1.752732	1704.681641	17.364897
-19.574329	-1.752732	1703.091797	18.939476
-19.574329	-1.752732	1701.501953	18.935427
-19.574329	-1.752732	1699.910156	18.931379
-19.574329	-1.752732	1698.318359	14.195499
-19.574329	-1.752732	1696.726563	25.231049
-19.574329	-1.752732	1695.134766	15.766033
-19.574329	-1.752732	1693.542969	17.338928
-19.574329	-1.752732	1691.949219	15.759291
-19.574329	-1.752732	1690.357422	18.907104
-19.574329	-1.752732	1688.763672	18.903061
-19.574329	-1.752732	1687.169922	20.473936
-19.574329	-1.752732	1685.576172	18.894974
-19.574329	-1.752732	1683.982422	17.316687
-19.574329	-1.752732	1682.386719	14.165167
-19.574329	-1.752732	1680.791016	17.309277
-19.574329	-1.752732	1679.195313	20.452040
-19.574329	-1.752732	1677.599609	22.020559
-19.574329	-1.752732	1676.003906	17.298164
-19.574329	-1.752732	1674.408203	17.294462
-19.574329	-1.752732	1672.810547	20.434534
-19.574329	-1.752732	1671.214844	18.858608
-19.574329	-1.752732	1669.617188	12.569713
-19.574329	-1.752732	1668.019531	17.279654
-19.574329	-1.752732	1666.419922	21.987577
-19.574329	-1.752732	1664.822266	20.412663
-19.574329	-1.752732	1663.222656	17.268553
-19.574329	-1.752732	1661.623047	23.542980
-19.574329	-1.752732	1660.023438	7.845979
-19.574329	-1.752732	1658.423828	14.119736
-19.574329	-1.752732	1656.824219	17.253756
-19.574329	-1.752732	1655.222656	15.681870
-19.574329	-1.752732	1653.623047	23.517763
-19.574329	-1.752732	1652.021484	23.512722
-19.574329	-1.752732	1650.419922	15.671787
-19.574329	-1.752732	1648.818359	12.534741
-19.574329	-1.752732	1647.214844	18.798080
-19.574329	-1.752732	1645.613281	17.227877
-19.574329	-1.752732	1644.009766	12.526678
-19.574329	-1.752732	1642.406250	15.654988
-19.574329	-1.752732	1640.802734	17.216791
-19.574329	-1.752732	1639.199219	21.907579
-19.574329	-1.752732	1637.593750	18.773895
-19.574329	-1.752732	1635.990234	15.641555
-19.574329	-1.752732	1634.384766	10.946738
-19.574329	-1.752732	1632.779297	20.325293
-19.574329	-1.752732	1631.173828	12.505187
-19.574329	-1.752732	1629.568359	14.065314
-19.574329	-1.752732	1627.960938	15.624771
-19.574329	-1.752732	1626.353516	14.059274
-19.574329	-1.752732	1624.748047	18.741673
-19.574329	-1.752732	1623.140625	12.491764
-19.574329	-1.752732	1621.531250	15.611350
-19.574329	-1.752732	1619.923828	21.851194
-19.574329	-1.752732	1618.314453	18.725569
-19.574329	-1.752732	1616.707031	17.161415
-19.574329	-1.752732	1615.097656	23.396900
-19.574329	-1.752732	1613.488281	15.594581
-19.574329	-1.752732	1611.878906	14.032104
-19.574329	-1.752732	1610.267578	15.587874
-19.574329	-1.752732	1608.656250	18.701427
-19.574329	-1.752732	1607.046875	15.581170
-19.574329	-1.752732	1605.435547	17.135601
-19.574329	-1.752732	1603.824219	18.689362
-19.574329	-1.752732	1602.210938	21.799562
-19.574329	-1.752732	1600.599609	14.010988
-19.574329	-1.752732	1598.986328	21.790180
-19.574329	-1.752732	1597.373047	15.561065
-19.574329	-1.752732	1595.759766	17.113485
-19.574329	-1.752732	1594.146484	9.332619
-19.574329	-1.752732	1592.533203	15.551015
-19.574329	-1.752732	1590.917969	18.657200
-19.574329	-1.752732	1589.302734	12.435453
-19.574329	-1.752732	1587.687500	17.095066
-19.574329	-1.752732	1586.072266	13.983858
-19.574329	-1.752732	1584.457031	21.747980
-19.574329	-1.752732	1582.839844	13.977832
-19.574329	-1.752732	1581.224609	13.974819
-19.574329	-1.752732	1579.607422	21.733921
-19.574329	-1.752732	1577.990234	13.968794
-19.574329	-1.752732	1576.373047	18.621042
-19.574329	-1.752732	1574.755859	23.271284
-19.574329	-1.752732	1573.136719	17.061928
-19.574329	-1.752732	1571.517578	15.507497
-19.574329	-1.752732	1569.898438	18.604982
-19.574329	-1.752732	1568.279297	7.750403
-19.574329	-1.752732	1566.660156	7.748730
-19.574329	-1.752732	1565.041016	18.592939
-19.574329	-1.752732	1563.419922	17.039848
-19.574329	-1.752732	1561.798828	18.584911
-19.574329	-1.752732	1560.177734	12.387266
-19.574329	-1.752732	1558.556641	12.384591
-19.574329	-1.752732	1556.935547	15.477395
-19.574329	-1.752732	1555.312500	15.474051
-19.574329	-1.752732	1553.691406	17.017778
-19.574329	-1.752732	1552.068359	15.467365
-19.574329	-1.752732	1550.445313	17.010424
-19.574329	-1.752732	1548.822266	13.914612
-19.574329	-1.752732	1547.197266	13.911604
-19.574329	-1.752732	1545.574219	16.999395
-19.574329	-1.752732	1543.949219	13.905588
-19.574329	-1.752732	1542.324219	18.536774
-19.574329	-1.752732	1540.699219	13.899573
-19.574329	-1.752732	1539.072266	15.440629
-19.574329	-1.752732	1537.447266	10.806102
-19.574329	-1.752732	1535.820313	15.433948
-19.574329	-1.752732	1534.193359	10.801425
-19.574329	-1.752732	1532.566406	16.969994
-19.574329	-1.752732	1530.939453	20.051104
-19.574329	-1.752732	1529.312500	16.962645
-19.574329	-1.752732	1527.683594	20.042421
-19.574329	-1.752732	1526.056641	18.496689
-19.574329	-1.752732	1524.427734	15.410568
-19.574329	-1.752732	1522.798828	16.947952
-19.574329	-1.752732	1521.167969	10.782723
-19.574329	-1.752732	1519.539063	12.320441
-19.574329	-1.752732	1517.908203	15.397213
-19.574329	-1.752732	1516.277344	13.854487
-19.574329	-1.752732	1514.646484	12.312429
-19.574329	-1.752732	1513.015625	12.309759
-19.574329	-1.752732	1511.384766	13.845475
-19.574329	-1.752732	1509.751953	18.456629
-19.574329	-1.752732	1508.121094	16.914906
-19.574329	-1.752732	1506.488281	21.523390
-19.574329	-1.752732	1504.855469	19.981667
-19.574329	-1.752732	1503.220703	16.903894
-19.574329	-1.752732	1501.587891	16.900223
-19.574329	-1.752732	1499.953125	12.288403
-19.574329	-1.752732	1498.318359	13.821450
-19.574329	-1.752732	1496.683594	13.818448
-19.574329	-1.752732	1495.048828	21.490694
-19.574329	-1.752732	1493.414063	15.347159
-19.574329	-1.752732	1491.777344	19.946972
-19.574329	-1.752732	1490.140625	23.010733
-19.574329	-1.752732	1488.505859	18.404585
-19.574329	-1.752732	1486.867188	21.467346
-19.574329	-1.752732	1485.230469	12.264387
-19.574329	-1.752732	1483.593750	16.859865
-19.574329	-1.752732	1481.955078	18.388578
-19.574329	-1.752732	1480.316406	10.724337
-19.574329	-1.752732	1478.677734	24.507435
-19.574329	-1.752732	1477.039063	15.313813
-19.574329	-1.752732	1475.400391	18.372576
-19.574329	-1.752732	1473.759766	19.899290
-19.574329	-1.752732	1472.119141	10.712668
-19.574329	-1.752732	1470.478516	18.360575
-19.574329	-1.752732	1468.837891	10.708002
-19.574329	-1.752732	1467.197266	22.940720
-19.574329	-1.752732	1465.556641	18.348576
-19.574329	-1.752732	1463.914063	10.701003
-19.574329	-1.752732	1462.271484	10.698670
-19.574329	-1.752732	1460.628906	18.336580
-19.574329	-1.752732	1458.986328	13.749435
-19.574329	-1.752732	1457.343750	12.219055
-19.574329	-1.752732	1455.699219	12.216390
-19.574329	-1.752732	1454.054688	15.267155
-19.574329	-1.752732	1452.410156	16.790205
-19.574329	-1.752732	1450.765625	12.208393
-19.574329	-1.752732	1449.121094	15.257160
-19.574329	-1.752732	1447.474609	18.304596
-19.574329	-1.752732	1445.830078	21.350698
-19.574329	-1.752732	1444.183594	22.870752
-19.574329	-1.752732	1442.537109	15.243836
-19.574329	-1.752732	1440.890625	19.812658
-19.574329	-1.752732	1439.242188	16.760893
-19.574329	-1.752732	1437.595703	12.187077
-19.574329	-1.752732	1435.947266	19.799669
-19.574329	-1.752732	1434.298828	16.749905
-19.574329	-1.752732	1432.650391	21.313396
-19.574329	-1.752732	1431.000000	10.654367
-19.574329	-1.752732	1429.351563	12.173757
-19.574329	-1.752732	1427.701172	10.649706
-19.574329	-1.752732	1426.050781	12.168429
-19.574329	-1.752732	1424.400391	4.562162
-19.574329	-1.752732	1422.750000	18.244654
-19.574329	-1.752732	1421.097656	24.320879
-19.574329	-1.752732	1419.447266	13.677498
-19.574329	-1.752732	1417.794922	7.596946
-19.574329	-1.752732	1416.142578	4.557169
-19.574329	-1.752732	1414.490234	13.668510
-19.574329	-1.752732	1412.835938	9.110343
-19.574329	-1.752732	1411.183594	15.180577
-19.574329	-1.752732	1409.529297	15.177249
-19.574329	-1.752732	1407.875000	16.691313
-19.574329	-1.752732	1406.220703	12.136475
-19.574329	-1.752732	1404.566406	21.234171
-19.574329	-1.752732	1402.910156	9.098362
-19.574329	-1.752732	1401.255859	12.128488
-19.574329	-1.752732	1399.599609	19.704466
-19.574329	-1.752732	1397.943359	10.607768
-19.574329	-1.752732	1396.287109	13.635565
-19.574329	-1.752732	1394.628906	13.632570
-19.574329	-1.752732	1392.970703	19.687164
-19.574329	-1.752732	1391.314453	16.654711
-19.574329	-1.752732	1389.656250	16.651051
-19.574329	-1.752732	1387.998047	15.133992
-19.574329	-1.752732	1386.337891	19.669865
-19.574329	-1.752732	1384.679688	16.640072
-19.574329	-1.752732	1383.019531	19.661217
-19.574329	-1.752732	1381.359375	15.120686
-19.574329	-1.752732	1379.699219	18.140831
-19.574329	-1.752732	1378.039063	12.091227
-19.574329	-1.752732	1376.376953	18.132849
-19.574329	-1.752732	1374.716797	18.128857
-19.574329	-1.752732	1373.054688	12.083244
-19.574329	-1.752732	1371.392578	13.590656
-19.574329	-1.752732	1369.728516	10.568183
-19.574329	-1.752732	1368.066406	15.094078
-19.574329	-1.752732	1366.402344	15.090753
-19.574329	-1.752732	1364.740234	18.104912
-19.574329	-1.752732	1363.076172	13.575691
-19.574329	-1.752732	1361.412109	18.096931
-19.574329	-1.752732	1359.746094	27.139412
-19.574329	-1.752732	1358.082031	16.581539
-19.574329	-1.752732	1356.416016	9.042480
-19.574329	-1.752732	1354.750000	18.080971
-19.574329	-1.752732	1353.083984	19.583397
-19.574329	-1.752732	1351.417969	13.554744
-19.574329	-1.752732	1349.750000	21.080502
-19.574329	-1.752732	1348.083984	18.065012
-19.574329	-1.752732	1346.416016	16.555937
-19.574329	-1.752732	1344.748047	15.047527
-19.574329	-1.752732	1343.078125	22.566305
-19.574329	-1.752732	1341.410156	7.520440
-19.574329	-1.752732	1339.740234	12.030044
-19.574329	-1.752732	1338.072266	12.027385
-19.574329	-1.752732	1336.402344	15.030907
-19.574329	-1.752732	1334.730469	19.535856
-19.574329	-1.752732	1333.060547	16.526684
-19.574329	-1.752732	1331.388672	16.523027
-19.574329	-1.752732	1329.718750	15.017611
-19.574329	-1.752732	1328.046875	16.515717
-19.574329	-1.752732	1326.375000	18.013157
-19.574329	-1.752732	1324.701172	18.009169
-19.574329	-1.752732	1323.029297	15.004316
-19.574329	-1.752732	1321.355469	18.001192
-19.574329	-1.752732	1319.681641	17.997204
-19.574329	-1.752732	1318.007813	10.496042
-19.574329	-1.752732	1316.333984	19.488329
-19.574329	-1.752732	1314.660156	16.486469
-19.574329	-1.752732	1312.984375	13.485939
-19.574329	-1.752732	1311.308594	10.486737
-19.574329	-1.752732	1309.632813	11.982184
-19.574329	-1.752732	1307.957031	22.461611
-19.574329	-1.752732	1306.279297	17.965302
-19.574329	-1.752732	1304.603516	14.967762
-19.574329	-1.752732	1302.925781	14.964439
-19.574329	-1.752732	1301.248047	10.472782
-19.574329	-1.752732	1299.570313	20.940912
-19.574329	-1.752732	1297.892578	14.954472
-19.574329	-1.752732	1296.212891	11.960919
-19.574329	-1.752732	1294.533203	17.937391
-19.574329	-1.752732	1292.853516	23.911207
-19.574329	-1.752732	1291.173828	20.917654
-19.574329	-1.752732	1289.494141	17.925432
-19.574329	-1.752732	1287.812500	17.921446
-19.574329	-1.752732	1286.132813	22.396824
-19.574329	-1.752732	1284.451172	16.420683
-19.574329	-1.752732	1282.769531	11.939657
-19.574329	-1.752732	1281.085938	13.429125
-19.574329	-1.752732	1279.404297	16.409721
-19.574329	-1.752732	1277.720703	16.406067
-19.574329	-1.752732	1276.039063	13.420156
-19.574329	-1.752732	1274.355469	11.926370
-19.574329	-1.752732	1272.669922	19.376034
-19.574329	-1.752732	1270.986328	10.430923
-19.574329	-1.752732	1269.300781	16.387796
-19.574329	-1.752732	1267.615234	14.894676
-19.574329	-1.752732	1265.929688	14.891355
-19.574329	-1.752732	1264.244141	13.399230
-19.574329	-1.752732	1262.558594	13.396240
-19.574329	-1.752732	1260.871094	14.881391
-19.574329	-1.752732	1259.185547	17.853683
-19.574329	-1.752732	1257.498047	11.899798
-19.574329	-1.752732	1255.808594	16.358570
-19.574329	-1.752732	1254.121094	14.868106
-19.574329	-1.752732	1252.433594	17.837742
-19.574329	-1.752732	1250.744141	14.861464
-19.574329	-1.752732	1249.054688	16.343958
-19.574329	-1.752732	1247.365234	14.854822
-19.574329	-1.752732	1245.673828	17.821800
-19.574329	-1.752732	1243.984375	16.332998
-19.574329	-1.752732	1242.292969	17.813831
-19.574329	-1.752732	1240.601563	14.841538
-19.574329	-1.752732	1238.910156	16.322041
-19.574329	-1.752732	1237.218750	13.351408
-19.574329	-1.752732	1235.525391	16.314734
-19.574329	-1.752732	1233.833984	19.276733
-19.574329	-1.752732	1232.140625	19.272417
-19.574329	-1.752732	1230.447266	13.339454
-19.574329	-1.752732	1228.753906	13.336465
-19.574329	-1.752732	1227.058594	14.814975
-19.574329	-1.752732	1225.365234	14.811654
-19.574329	-1.752732	1223.669922	13.327500
-19.574329	-1.752732	1221.974609	17.766016
-19.574329	-1.752732	1220.277344	11.841354
-19.574329	-1.752732	1218.582031	17.758047
-19.574329	-1.752732	1216.884766	16.274559
-19.574329	-1.752732	1215.189453	17.750080
-19.574329	-1.752732	1213.492188	13.309572
-19.574329	-1.752732	1211.792969	19.220621
-19.574329	-1.752732	1210.095703	17.738129
-19.574329	-1.752732	1208.396484	17.734144
-19.574329	-1.752732	1206.699219	22.162701
-19.574329	-1.752732	1205.000000	14.771813
-19.574329	-1.752732	1203.298828	14.768494
-19.574329	-1.752732	1201.599609	20.671244
-19.574329	-1.752732	1199.900391	22.142782
-19.574329	-1.752732	1198.199219	16.234388
-19.574329	-1.752732	1196.498047	16.230736
-19.574329	-1.752732	1194.796875	11.801517
-19.574329	-1.752732	1193.093750	16.223434
-19.574329	-1.752732	1191.392578	13.270731
-19.574329	-1.752732	1189.689453	10.319356
-19.574329	-1.752732	1187.986328	11.790895
-19.574329	-1.752732	1186.283203	20.629417
-19.574329	-1.752732	1184.580078	16.205177
-19.574329	-1.752732	1182.875000	11.782928
-19.574329	-1.752732	1181.169922	14.725341
-19.574329	-1.752732	1179.464844	16.194223
-19.574329	-1.752732	1177.759766	19.134314
-19.574329	-1.752732	1176.054688	17.658459
-19.574329	-1.752732	1174.347656	7.356032
-19.574329	-1.752732	1172.642578	16.179619
-19.574329	-1.752732	1170.935547	13.234883
-19.574329	-1.752732	1169.228516	13.231896
-19.574329	-1.752732	1167.519531	17.638546
-19.574329	-1.752732	1165.812500	16.165016
-19.574329	-1.752732	1164.103516	24.976656
-19.574329	-1.752732	1162.394531	13.219948
-19.574329	-1.752732	1160.685547	14.685513
-19.574329	-1.752732	1158.976563	16.150414
-19.574329	-1.752732	1157.265625	11.743100
-19.574329	-1.752732	1155.556641	20.545778
-19.574329	-1.752732	1153.845703	10.270567
-19.574329	-1.752732	1152.134766	11.735135
-19.574329	-1.752732	1150.423828	14.665601
-19.574329	-1.752732	1148.710938	13.196054
-19.574329	-1.752732	1146.998047	13.193068
-19.574329	-1.752732	1145.287109	21.983469
-19.574329	-1.752732	1143.572266	17.582792
-19.574329	-1.752732	1141.859375	21.973513
-19.574329	-1.752732	1140.146484	14.645691
-19.574329	-1.752732	1138.431641	19.035084
-19.574329	-1.752732	1136.716797	23.422487
-19.574329	-1.752732	1135.001953	13.172162
-19.574329	-1.752732	1133.287109	13.169176
-19.574329	-1.752732	1131.570313	19.017830
-19.574329	-1.752732	1129.855469	13.163203
-19.574329	-1.752732	1128.138672	13.160217
-19.574329	-1.752732	1126.421875	17.542974
-19.574329	-1.752732	1124.703125	8.769497
-19.574329	-1.752732	1122.986328	14.612510
-19.574329	-1.752732	1121.267578	14.609192
-19.574329	-1.752732	1119.548828	13.145287
-19.574329	-1.752732	1117.830078	18.983324
-19.574329	-1.752732	1116.111328	16.059162
-19.574329	-1.752732	1114.392578	16.055513
-19.574329	-1.752732	1112.671875	14.592604
-19.574329	-1.752732	1110.951172	16.048214
-19.574329	-1.752732	1109.230469	18.961758
-19.574329	-1.752732	1107.509766	21.873976
-19.574329	-1.752732	1105.787109	13.121400
-19.574329	-1.752732	1104.066406	13.118414
-19.574329	-1.752732	1102.343750	14.572699
-19.574329	-1.752732	1100.621094	18.940195
-19.574329	-1.752732	1098.896484	18.935883
-19.574329	-1.752732	1097.173828	18.931570
-19.574329	-1.752732	1095.449219	20.383202
-19.574329	-1.752732	1093.724609	14.556112
-19.574329	-1.752732	1092.000000	16.008074
-19.574329	-1.752732	1090.275391	13.094530
-19.574329	-1.752732	1088.550781	21.819241
-19.574329	-1.752732	1086.824219	20.359982
-19.574329	-1.752732	1085.097656	13.085574
-19.574329	-1.752732	1083.371094	14.536210
-19.574329	-1.752732	1081.644531	23.252628
-19.574329	-1.752732	1079.916016	20.341408
-19.574329	-1.752732	1078.189453	15.978886
-19.574329	-1.752732	1076.460938	15.975237
-19.574329	-1.752732	1074.732422	14.519627
-19.574329	-1.752732	1073.001953	20.322834
-19.574329	-1.752732	1071.273438	14.512993
-19.574329	-1.752732	1069.542969	13.058709
-19.574329	-1.752732	1067.812500	15.956996
-19.574329	-1.752732	1066.082031	20.304262
-19.574329	-1.752732	1064.351563	13.049755
-19.574329	-1.752732	1062.619141	13.046770
-19.574329	-1.752732	1060.888672	13.043785
-19.574329	-1.752732	1059.156250	17.387735
-19.574329	-1.752732	1057.421875	17.383755
-19.574329	-1.752732	1055.689453	15.931461
-19.574329	-1.752732	1053.957031	18.823780
-19.574329	-1.752732	1052.222656	15.924166
-19.574329	-1.752732	1050.488281	14.473199
-19.574329	-1.752732	1048.753906	11.575906
-19.574329	-1.752732	1047.019531	15.913223
-19.574329	-1.752732	1045.283203	11.570601
-19.574329	-1.752732	1043.546875	14.459935
-19.574329	-1.752732	1041.810547	14.456620
-19.574329	-1.752732	1040.074219	13.007974
-19.574329	-1.752732	1038.337891	23.119982
-19.574329	-1.752732	1036.599609	13.002006
-19.574329	-1.752732	1034.861328	17.332029
-19.574329	-1.752732	1033.123047	21.660063
-19.574329	-1.752732	1031.384766	15.880400
-19.574329	-1.752732	1029.646484	18.763435
-19.574329	-1.752732	1027.906250	27.417183
-19.574329	-1.752732	1026.167969	14.426782
-19.574329	-1.752732	1024.427734	11.538774
-19.574329	-1.752732	1022.685547	18.746197
-19.574329	-1.752732	1020.945313	17.300203
-19.574329	-1.752732	1019.203125	11.530817
-19.574329	-1.752732	1017.462891	24.497351
-19.574329	-1.752732	1015.720703	20.169649
-19.574329	-1.752732	1013.976563	11.522861
-19.574329	-1.752732	1012.234375	23.040421
-19.574329	-1.752732	1010.490234	25.914507
-19.574329	-1.752732	1008.746094	18.711723
-19.574329	-1.752732	1007.001953	12.951287
-19.574329	-1.752732	1005.257813	20.141808
-19.574329	-1.752732	1003.513672	18.698797
-19.574329	-1.752732	1001.767578	20.132526
-19.574329	-1.752732	1000.021484	24.441006
-19.574329	-1.752732	998.275391	21.560621
-19.574329	-1.752732	996.529297	25.866781
-19.574329	-1.752732	994.781250	28.734240
-19.574329	-1.752732	993.035156	17.236567
-19.574329	-1.752732	991.287109	28.720985
-19.574329	-1.752732	989.539063	30.150076
-19.574329	-1.752732	987.789063	34.449276
-19.574329	-1.752732	986.041016	28.701103
-19.574329	-1.752732	984.291016	35.868095
-19.574329	-1.752732	982.541016	27.253456
-19.574329	-1.752732	980.791016	30.115284
-19.574329	-1.752732	979.041016	32.975784
-19.574329	-1.752732	977.289063	40.135155
-19.574329	-1.752732	975.537109	31.527477
-19.574329	-1.752732	973.785156	22.923773
-19.574329	-1.752732	972.033203	30.080496
-19.574329	-1.752732	970.281250	28.641464
-19.574329	-1.752732	968.527344	34.361809
-19.574329	-1.752732	966.773438	32.922447
-19.574329	-1.752732	965.019531	25.759430
-19.574329	-1.752732	963.265625	35.768703
-19.574329	-1.752732	961.511719	38.621258
-19.574329	-1.752732	959.755859	38.612312
-19.574329	-1.752732	958.000000	32.884354
-19.574329	-1.752732	956.244141	38.594429
-19.574329	-1.752732	954.488281	34.298210
-19.574329	-1.752732	952.730469	34.290260
-19.574329	-1.752732	950.974609	21.426445
-19.574329	-1.752732	949.216797	34.274361
-19.574329	-1.752732	947.458984	28.555346
-19.574329	-1.752732	945.701172	27.121286
-19.574329	-1.752732	943.941406	39.958939
-19.574329	-1.752732	942.181641	38.522892
-19.574329	-1.752732	940.421875	28.528852
-19.574329	-1.752732	938.662109	37.078899
-19.574329	-1.752732	936.902344	32.792950
-19.574329	-1.752732	935.140625	31.359884
-19.574329	-1.752732	933.380859	19.951654
-19.574329	-1.752732	931.619141	22.796593
-19.574329	-1.752732	929.855469	22.791296
-19.574329	-1.752732	928.093750	24.210123
-19.574329	-1.752732	926.330078	18.509319
-19.574329	-1.752732	924.568359	12.811165
-19.574329	-1.752732	922.804688	24.193239
-19.574329	-1.752732	921.039063	18.496408
-19.574329	-1.752732	919.275391	15.647166
-19.574329	-1.752732	917.509766	15.643525
-19.574329	-1.752732	915.744141	12.796269
-19.574329	-1.752732	913.978516	17.057720
-19.574329	-1.752732	912.212891	17.053749
-19.574329	-1.752732	910.447266	18.470591
-19.574329	-1.752732	908.679688	12.784354
-19.574329	-1.752732	906.912109	21.302292
-19.574329	-1.752732	905.144531	18.457685
-19.574329	-1.752732	903.375000	25.550837
-19.574329	-1.752732	901.607422	21.287401
-19.574329	-1.752732	899.837891	21.282436
-19.574329	-1.752732	898.068359	11.347986
-19.574329	-1.752732	896.298828	21.272511
-19.574329	-1.752732	894.529297	17.014038
-19.574329	-1.752732	892.757813	24.097595
-19.574329	-1.752732	890.986328	28.343496
-19.574329	-1.752732	889.214844	24.086348
-19.574329	-1.752732	887.443359	24.080723
-19.574329	-1.752732	885.669922	16.994188
-19.574329	-1.752732	883.898438	18.406071
-19.574329	-1.752732	882.125000	16.986250
-19.574329	-1.752732	880.351563	19.812660
-19.574329	-1.752732	878.578125	26.882326
-19.574329	-1.752732	876.802734	24.046984
-19.574329	-1.752732	875.027344	15.556175
-19.574329	-1.752732	873.251953	16.966404
-19.574329	-1.752732	871.476563	16.962437
-19.574329	-1.752732	869.701172	21.198084
-19.574329	-1.752732	867.923828	21.193125
-19.574329	-1.752732	866.146484	22.600708
-19.574329	-1.752732	864.369141	14.122136
-19.574329	-1.752732	862.591797	22.590128
-19.574329	-1.752732	860.814453	21.173285
-19.574329	-1.752732	859.035156	14.112217
-19.574329	-1.752732	857.255859	18.341585
-19.574329	-1.752732	855.476563	16.926727
-19.574329	-1.752732	853.697266	21.153450
-19.574329	-1.752732	851.916016	16.918793
-19.574329	-1.752732	850.136719	15.505258
-19.574329	-1.752732	848.355469	23.957052
-19.574329	-1.752732	846.574219	18.315802
-19.574329	-1.752732	844.791016	28.171547
-19.574329	-1.752732	843.009766	16.898962
-19.574329	-1.752732	841.226563	18.302914
-19.574329	-1.752732	839.443359	19.706203
-19.574329	-1.752732	837.660156	21.108831
-19.574329	-1.752732	835.875000	16.883101
-19.574329	-1.752732	834.091797	18.285730
-19.574329	-1.752732	832.306641	14.062642
-19.574329	-1.752732	830.521484	15.465273
-19.574329	-1.752732	828.734375	21.084053
-19.574329	-1.752732	826.949219	19.673824
-19.574329	-1.752732	825.162109	14.049428
-19.574329	-1.752732	823.375000	22.473801
-19.574329	-1.752732	821.587891	22.468515
-19.574329	-1.752732	819.800781	14.039519
-19.574329	-1.752732	818.011719	18.247082
-19.574329	-1.752732	816.222656	18.242788
-19.574329	-1.752732	814.433594	14.029612
-19.574329	-1.752732	812.644531	12.623678
-19.574329	-1.752732	810.855469	25.241413
-19.574329	-1.752732	809.064453	22.431530
-19.574329	-1.752732	807.273438	23.827887
-19.574329	-1.752732	805.482422	11.210482
-19.574329	-1.752732	803.691406	15.410782
-19.574329	-1.752732	801.898438	14.006500
-19.574329	-1.752732	800.107422	16.803839
-19.574329	-1.752732	798.314453	15.399888
-19.574329	-1.752732	796.521484	20.994896
-19.574329	-1.752732	794.726563	25.187935
-19.574329	-1.752732	792.933594	12.590998
-19.574329	-1.752732	791.138672	19.581375
-19.574329	-1.752732	789.343750	19.576756
-19.574329	-1.752732	787.546875	20.970146
-19.574329	-1.752732	785.751953	19.567516
-19.574329	-1.752732	783.955078	23.754948
-19.574329	-1.752732	782.158203	13.970200
-19.574329	-1.752732	780.361328	23.743731
-19.574329	-1.752732	778.564453	19.549042
-19.574329	-1.752732	776.765625	20.940454
-19.574329	-1.752732	774.968750	16.748405
-19.574329	-1.752732	773.169922	27.907413
-19.574329	-1.752732	771.369141	29.295858
-19.574329	-1.752732	769.570313	23.710089
-19.574329	-1.752732	767.769531	29.282007
-19.574329	-1.752732	765.970703	18.122671
-19.574329	-1.752732	764.167969	19.512106
-19.574329	-1.752732	762.367188	19.507490
-19.574329	-1.752732	760.566406	18.109812
-19.574329	-1.752732	758.763672	18.105528
-19.574329	-1.752732	756.960938	22.278452
-19.574329	-1.752732	755.158203	18.096956
-19.574329	-1.752732	753.353516	15.309184
-19.574329	-1.752732	751.550781	25.045460
-19.574329	-1.752732	749.746094	23.648443
-19.574329	-1.752732	747.941406	16.689064
-19.574329	-1.752732	746.136719	16.685110
-19.574329	-1.752732	744.330078	20.851446
-19.574329	-1.752732	742.523438	19.456738
-19.574329	-1.752732	740.718750	19.452126
-19.574329	-1.752732	738.910156	12.501972
-19.574329	-1.752732	737.103516	26.386795
-19.574329	-1.752732	735.294922	22.215189
-19.574329	-1.752732	733.488281	16.657438
-19.574329	-1.752732	731.679688	13.877906
-19.574329	-1.752732	729.869141	22.199381
-19.574329	-1.752732	728.060547	22.194113
-19.574329	-1.752732	726.250000	18.028437
-19.574329	-1.752732	724.439453	18.024157
-19.574329	-1.752732	722.628906	24.950598
-19.574329	-1.752732	720.818359	19.401411
-19.574329	-1.752732	719.005859	18.011318
-19.574329	-1.752732	717.195313	20.777353
-19.574329	-1.752732	715.382813	20.772415
-19.574329	-1.752732	713.568359	16.613983
-19.574329	-1.752732	711.755859	16.610035
-19.574329	-1.752732	709.941406	23.525290
-19.574329	-1.752732	708.126953	16.602139
-19.574329	-1.752732	706.312500	20.747738
-19.574329	-1.752732	704.498047	23.508511
-19.574329	-1.752732	702.681641	22.120394
-19.574329	-1.752732	700.867188	17.968544
-19.574329	-1.752732	699.050781	22.109869
-19.574329	-1.752732	697.232422	23.486145
-19.574329	-1.752732	695.416016	20.718136
-19.574329	-1.752732	693.597656	17.951443
-19.574329	-1.752732	691.779297	17.947168
-19.574329	-1.752732	689.960938	22.083563
-19.574329	-1.752732	688.142578	24.838091
-19.574329	-1.752732	686.324219	24.832174
-19.574329	-1.752732	684.503906	24.826258
-19.574329	-1.752732	682.683594	23.441435
-19.574329	-1.752732	680.863281	16.542952
-19.574329	-1.752732	679.041016	16.539009
-19.574329	-1.752732	677.218750	17.912989
-19.574329	-1.752732	675.398438	16.531122
-19.574329	-1.752732	673.576172	19.281712
-19.574329	-1.752732	671.751953	22.030985
-19.574329	-1.752732	669.929688	27.532162
-19.574329	-1.752732	668.105469	17.891636
-19.574329	-1.752732	666.281250	16.511415
-19.574329	-1.752732	664.457031	24.761213
-19.574329	-1.752732	662.630859	22.004713
-19.574329	-1.752732	660.806641	23.374426
-19.574329	-1.752732	658.980469	28.867397
-19.574329	-1.752732	657.154297	21.988955
-19.574329	-1.752732	655.326172	20.609722
-19.574329	-1.752732	653.500000	19.231146
-19.574329	-1.752732	651.671875	19.226551
-19.574329	-1.752732	649.843750	24.713945
-19.574329	-1.752732	648.015625	30.198715
-19.574329	-1.752732	646.185547	23.329794
-19.574329	-1.752732	644.357422	23.324217
-19.574329	-1.752732	642.527344	30.177063
-19.574329	-1.752732	640.697266	24.684422
-19.574329	-1.752732	638.865234	15.081316
-19.574329	-1.752732	637.035156	23.301914
-19.574329	-1.752732	635.203125	30.148205
-19.574329	-1.752732	633.371094	24.660812
-19.574329	-1.752732	631.539063	28.764063
-19.574329	-1.752732	629.705078	27.387789
-19.574329	-1.752732	627.873047	23.274048
-19.574329	-1.752732	626.039063	30.112146
-19.574329	-1.752732	624.203125	28.736532
-19.574329	-1.752732	622.369141	19.153101
-19.574329	-1.752732	620.535156	20.516264
-19.574329	-1.752732	618.699219	31.450737
-19.574329	-1.752732	616.863281	30.076107
-19.574329	-1.752732	615.025391	20.501524
-19.574329	-1.752732	613.189453	36.893898
-19.574329	-1.752732	611.351563	31.420605
-19.574329	-1.752732	609.513672	30.047289
-19.574329	-1.752732	607.675781	24.578251
-19.574329	-1.752732	605.837891	21.842096
-19.574329	-1.752732	603.998047	23.201664
-19.574329	-1.752732	602.158203	23.196098
-19.574329	-1.752732	600.318359	27.282984
-19.574329	-1.752732	598.478516	32.731728
-19.574329	-1.752732	596.636719	21.815916
-19.574329	-1.752732	594.796875	25.900185
-19.574329	-1.752732	592.955078	24.531128
-19.574329	-1.752732	591.111328	17.712673
-19.574329	-1.752732	589.269531	19.070608
-19.574329	-1.752732	587.425781	12.256734
-19.574329	-1.752732	585.583984	24.507582
-19.574329	-1.752732	583.738281	21.779285
-19.574329	-1.752732	581.894531	16.330542
-19.574329	-1.752732	580.050781	20.408274
-19.574329	-1.752732	578.205078	19.043146
-19.574329	-1.752732	576.359375	32.637550
-19.574329	-1.752732	574.513672	21.753139
-19.574329	-1.752732	572.666016	19.029423
-19.574329	-1.752732	570.818359	25.819439
-19.574329	-1.752732	568.970703	19.020277
-19.574329	-1.752732	567.123047	24.448761
-19.574329	-1.752732	565.275391	24.442884
-19.574329	-1.752732	563.425781	21.721783
-19.574329	-1.752732	561.576172	20.359274
-19.574329	-1.752732	559.726563	16.283503
-19.574329	-1.752732	557.876953	14.922953
-19.574329	-1.752732	556.027344	20.344585
-19.574329	-1.752732	554.175781	16.271753
-19.574329	-1.752732	552.324219	21.690449
-19.574329	-1.752732	550.472656	21.685228
-19.574329	-1.752732	548.619141	24.390011
-19.574329	-1.752732	546.767578	29.802837
-19.574329	-1.752732	544.914063	17.606527
-19.574329	-1.752732	543.060547	31.142511
-19.574329	-1.752732	541.205078	32.488708
-19.574329	-1.752732	539.351563	24.360662
-19.574329	-1.752732	537.496094	32.473061
-19.574329	-1.752732	535.640625	41.934265
-19.574329	-1.752732	533.785156	43.276554
-19.574329	-1.752732	531.927734	47.322327
-19.574329	-1.752732	530.070313	59.476589
-19.574329	-1.752732	528.212891	77.030647
-19.574329	-1.752732	526.355469	116.193672
-19.574329	-1.752732	524.498047	193.159180
-19.574329	-1.752732	522.638672	401.080048
-19.574329	-1.752732	520.779297	611.600891
-19.574329	-1.752732	518.919922	454.878143
-19.574329	-1.752732	517.060547	252.349258
-19.574329	-1.752732	515.199219	132.215302
-19.574329	-1.752732	513.339844	86.323860
-19.574329	-1.752732	511.478516	78.212128
-19.574329	-1.752732	509.615234	48.533749
-19.574329	-1.752732	507.753906	53.913376
-19.574329	-1.752732	505.890625	44.467800
-19.574329	-1.752732	504.027344	51.192989
-19.574329	-1.752732	502.164063	56.568069
-19.574329	-1.752732	500.300781	41.742542
-19.574329	-1.752732	498.435547	53.848347
-19.574329	-1.752732	496.570313	52.489460
-19.574329	-1.752732	494.705078	48.440109
-19.574329	-1.752732	492.839844	53.809349
-19.574329	-1.752732	490.972656	45.726902
-19.574329	-1.752732	489.107422	47.060440
-19.574329	-1.752732	487.240234	38.983517
-19.574329	-1.752732	485.371094	34.942295
-19.574329	-1.752732	483.503906	36.277466
-19.574329	-1.752732	481.634766	33.582130
-19.574329	-1.752732	479.765625	29.545132
-19.574329	-1.752732	477.896484	37.593807
-19.574329	-1.752732	476.027344	29.530853
-19.574329	-1.752732	474.156250	28.181728
-19.574329	-1.752732	472.285156	34.883228
-19.574329	-1.752732	470.414063	29.509443
-19.574329	-1.752732	468.542969	36.207378
-19.574329	-1.752732	466.669922	29.495174
-19.574329	-1.752732	464.796875	29.488043
-19.574329	-1.752732	462.923828	22.780704
-19.574329	-1.752732	461.050781	21.435476
-19.574329	-1.752732	459.177734	20.090899
-19.574329	-1.752732	457.302734	24.103247
-19.574329	-1.752732	455.427734	16.064943
-19.574329	-1.752732	453.552734	26.768427
-19.574329	-1.752732	451.675781	22.747658
-19.574329	-1.752732	449.800781	28.093248
-19.574329	-1.752732	447.923828	30.761349
-19.574329	-1.752732	446.046875	25.405399
-19.574329	-1.752732	444.169922	24.062447
-19.574329	-1.752732	442.291016	24.056622
-19.574329	-1.752732	440.412109	21.378487
-19.574329	-1.752732	438.533203	26.716639
-19.574329	-1.752732	436.654297	29.381187
-19.574329	-1.752732	434.773438	21.362963
-19.574329	-1.752732	432.894531	29.366961
-19.574329	-1.752732	431.013672	29.359848
-19.574329	-1.752732	429.130859	18.679014
-19.574329	-1.752732	427.250000	16.006706
-19.574329	-1.752732	425.367188	21.337105
-19.574329	-1.752732	423.484375	22.665180
-19.574329	-1.752732	421.601563	15.995075
-19.574329	-1.752732	419.718750	14.658600
-19.574329	-1.752732	417.833984	15.987325
-19.574329	-1.752732	415.949219	21.311268
-19.574329	-1.752732	414.064453	26.632627
-19.574329	-1.752732	412.179688	26.626173
-19.574329	-1.752732	410.294922	13.309860
-19.574329	-1.752732	408.408203	23.951941
-19.574329	-1.752732	406.521484	29.267498
-19.574329	-1.752732	404.634766	34.580475
-19.574329	-1.752732	402.746094	37.231483
-19.574329	-1.752732	400.857422	50.516190
-19.574329	-1.752732	398.968750	61.136349
-19.574329	-1.752732	397.080078	69.093895
-19.574329	-1.752732	395.191406	67.748734
-19.574329	-1.752732	393.300781	55.779545
-19.574329	-1.752732	391.410156	59.749302
-19.574329	-1.752732	389.519531	46.460407
-19.574329	-1.752732	387.628906	43.794903
-19.574329	-1.752732	385.736328	42.457481
-19.574329	-1.752732	383.843750	39.794231
-19.574329	-1.752732	381.951172	34.479969
-19.574329	-1.752732	380.058594	42.426586
-19.574329	-1.752732	378.164063	47.718330
-19.574329	-1.752732	376.271484	62.283813
-19.574329	-1.752732	374.376953	63.593563
-19.574329	-1.752732	372.480469	55.630863
-19.574329	-1.752732	370.585938	43.699356
-19.574329	-1.752732	368.689453	45.012653
-19.574329	-1.752732	366.792969	37.060246
-19.574329	-1.752732	364.896484	34.404732
-19.574329	-1.752732	363.000000	42.334007
-19.574329	-1.752732	361.101563	51.582047
-19.574329	-1.752732	359.203125	51.569523
-19.574329	-1.752732	357.304688	48.913055
-19.574329	-1.752732	355.406250	47.579525
-19.574329	-1.752732	353.505859	38.318645
-19.574329	-1.752732	351.605469	43.593388
-19.574329	-1.752732	349.705078	46.224182
-19.574329	-1.752732	347.804688	38.290737
-19.574329	-1.752732	345.902344	38.281437
-19.574329	-1.752732	344.001953	36.952412
-19.574329	-1.752732	342.099609	42.221069
-19.574329	-1.752732	340.195313	29.019936
-19.574329	-1.752732	338.292969	31.650423
-19.574329	-1.752732	336.388672	31.642735
-19.574329	-1.752732	334.484375	27.680668
-19.574329	-1.752732	332.580078	32.945171
-19.574329	-1.752732	330.675781	31.619680
-19.574329	-1.752732	328.769531	36.880665
-19.574329	-1.752732	326.863281	32.921165
-19.574329	-1.752732	324.957031	32.913166
-19.574329	-1.752732	323.048828	26.324137
-19.574329	-1.752732	321.142578	35.528950
-19.574329	-1.752732	319.234375	18.417942
-19.574329	-1.752732	317.326172	23.674456
-19.574329	-1.752732	315.417969	21.038847
-19.574329	-1.752732	313.507813	27.606777
-19.574329	-1.752732	311.597656	28.914358
-19.574329	-1.752732	309.687500	34.163208
-19.574329	-1.752732	307.777344	36.782207
-19.574329	-1.752732	305.865234	28.893282
-19.574329	-1.752732	303.955078	22.321201
-19.574329	-1.752732	302.042969	31.504623
-19.574329	-1.752732	300.128906	20.997978
-19.574329	-1.752732	298.216797	20.992874
-19.574329	-1.752732	296.302734	32.793392
-19.574329	-1.752732	294.388672	23.605503
-19.574329	-1.752732	292.474609	24.910864
-19.574329	-1.752732	290.560547	27.526367
-19.574329	-1.752732	288.644531	38.003361
-19.574329	-1.752732	286.728516	36.683983
-19.574329	-1.752732	284.812500	51.083126
-19.574329	-1.752732	282.896484	36.666149
-19.574329	-1.752732	280.978516	52.367477
-19.574329	-1.752732	279.060547	45.810406
-19.574329	-1.752732	277.142578	54.959122
-19.574329	-1.752732	275.224609	47.096367
-19.574329	-1.752732	273.304688	44.469086
-19.574329	-1.752732	271.384766	66.687416
-19.574329	-1.752732	269.464844	62.749363
-19.574329	-1.752732	267.544922	65.348030
-19.574329	-1.752732	265.623047	88.851715
-19.574329	-1.752732	263.703125	151.533722
-19.574329	-1.752732	261.781250	248.141434
-19.574329	-1.752732	259.857422	237.635574
-19.574329	-1.752732	257.935547	212.775726
-19.574329	-1.752732	256.011719	194.453217
-19.574329	-1.752732	254.087891	210.062790
-19.574329	-1.752732	252.164063	543.943420
-19.574329	-1.752732	250.240234	1469.724609
-19.574329	-1.752732	248.314453	1441.987671
-19.574329	-1.752732	246.388672	607.416748
-19.574329	-1.752732	244.462891	304.937683
-19.574329	-1.752732	242.535156	195.425339
-19.574329	-1.752732	240.609375	149.789658
-19.574329	-1.752732	238.681641	128.918015
-19.574329	-1.752732	236.753906	115.867805
-19.574329	-1.752732	234.824219	79.395706
-19.574329	-1.752732	232.896484	75.472641
-19.574329	-1.752732	230.966797	78.056168
-19.574329	-1.752732	229.037109	67.632233
-19.574329	-1.752732	227.107422	53.312447
-19.574329	-1.752732	225.175781	51.999496
-19.574329	-1.752732	223.244141	63.683895
-19.574329	-1.752732	221.312500	74.063255
-19.574329	-1.752732	219.380859	67.550049
-19.574329	-1.752732	217.447266	64.936180
-19.574329	-1.752732	215.515625	68.815620
-19.574329	-1.752732	213.582031	58.414150
-19.574329	-1.752732	211.646484	48.017735
-19.574329	-1.752732	209.712891	54.493366
-19.574329	-1.752732	207.777344	50.588684
-19.574329	-1.752732	205.841797	36.311249
-19.574329	-1.752732	203.906250	35.005909
-19.574329	-1.752732	201.968750	36.293598
-19.574329	-1.752732	200.033203	27.213583
-19.574329	-1.752732	198.095703	24.615828
-19.574329	-1.752732	196.158203	25.905098
-19.574329	-1.752732	194.218750	32.373501
-19.574329	-1.752732	192.281250	27.187132
-19.574329	-1.752732	190.341797	27.180525
-19.574329	-1.752732	188.402344	21.997932
-19.574329	-1.752732	186.460938	18.111542
-19.574329	-1.752732	184.521484	21.987242
-19.574329	-1.752732	182.580078	28.447163
-19.574329	-1.752732	180.638672	27.147511
-19.574329	-1.752732	178.695313	21.971214
-19.574329	-1.752732	176.753906	24.550097
-19.574329	-1.752732	174.810547	24.544130
-19.574329	-1.752732	172.867188	20.663719
-19.574329	-1.752732	170.921875	23.241035
-19.574329	-1.752732	168.978516	25.817099
-19.574329	-1.752732	167.033203	20.648661
-19.574329	-1.752732	165.087891	16.772961
-19.574329	-1.752732	163.142578	19.348713
-19.574329	-1.752732	161.195313	15.475210
-19.574329	-1.752732	159.248047	30.942902
-19.574329	-1.752732	157.300781	28.357437
-19.574329	-1.752732	155.353516	30.927870
-19.574329	-1.752732	153.406250	23.190268
-19.574329	-1.752732	151.457031	30.912848
-19.574329	-1.752732	149.507813	37.343952
-19.574329	-1.752732	147.558594	36.047474
-19.574329	-1.752732	145.607422	36.038719
-19.574329	-1.752732	143.658203	33.456398
-19.574329	-1.752732	141.707031	28.302383
-19.574329	-1.752732	139.753906	43.729427
-19.574329	-1.752732	137.802734	60.434826
-19.574329	-1.752732	135.849609	50.135868
-19.574329	-1.752732	133.896484	44.982807
-19.574329	-1.752732	131.943359	44.971886
-19.574329	-1.752732	129.990234	46.245567
-19.574329	-1.752732	128.035156	44.950054
-19.574329	-1.752732	126.080078	38.519264
-19.574329	-1.752732	124.125000	39.793579
-19.574329	-1.752732	122.169922	39.783920
-19.574329	-1.752732	120.212891	42.340347
-19.574329	-1.752732	118.255859	39.764614
-19.574329	-1.752732	116.298828	42.319801
-19.574329	-1.752732	114.341797	37.181103
-19.574329	-1.752732	112.382813	30.763102
-19.574329	-1.752732	110.423828	32.037125
-19.574329	-1.752732	108.464844	24.342308
-19.574329	-1.752732	106.505859	19.212950
-19.574329	-1.752732	104.544922	15.366631
-19.574329	-1.752732	102.585938	6.401210
-19.574329	-1.752732	100.625000	5.119726
-19.574329	-1.752732	98.662109	2.559242
-19.574329	-1.752732	96.701172	1.279311
-19.574329	-1.752732	94.738281	1.279001
-19.574329	-1.752732	92.775391	0.000000
-19.574329	-1.752732	90.812500	1.278380
-19.574329	-1.752732	88.847656	3.834212
-19.574329	-1.752732	86.882813	1.277761
-19.574329	-1.752732	84.917969	-3.832353
-19.574329	-1.752732	82.953125	1.277141
-19.574329	-1.752732	80.988281	2.553664
-19.574329	-1.752732	79.021484	1.276522
-19.574329	-1.752732	77.054688	1.276213
-19.574329	-1.752732	75.087891	1.275904
-19.574329	-1.752732	73.119141	3.826784
-19.574329	-1.752732	71.152344	0.000000
-19.574329	-1.752732	69.183594	-1.274977
-19.574329	-1.752732	67.212891	1.274668
-19.574329	-1.752732	65.244141	1.274359
-19.574329	-1.752732	63.273438	0.000000
-19.574329	-1.752732	61.302734	0.000000
-19.574329	-1.752732	59.332031	2.546868
-31.574329	2.247268	1838.626953	20.892931
-31.574329	2.247268	1837.066406	12.857189
-31.574329	2.247268	1835.503906	24.102098
-31.574329	2.247268	1833.941406	36.948689
-31.574329	2.247268	1832.378906	24.091843
-31.574329	2.247268	1830.816406	17.663591
-31.574329	2.247268	1829.251953	20.870712
-31.574329	2.247268	1827.687500	19.261173
-31.574329	2.247268	1826.125000	22.466585
-31.574329	2.247268	1824.560547	25.670633
-31.574329	2.247268	1822.994141	25.665171
-31.574329	2.247268	1821.429688	24.055977
-31.574329	2.247268	1819.865234	24.050856
-31.574329	2.247268	1818.298828	22.442688
-31.574329	2.247268	1816.732422	28.848743
-31.574329	2.247268	1815.166016	19.228401
-31.574329	2.247268	1813.599609	11.214180
-31.574329	2.247268	1812.033203	14.415163
-31.574329	2.247268	1810.464844	22.418814
-31.574329	2.247268	1808.896484	30.419056
-31.574329	2.247268	1807.330078	19.207945
-31.574329	2.247268	1805.759766	25.605141
-31.574329	2.247268	1804.191406	28.799652
-31.574329	2.247268	1802.623047	11.197480
-31.574329	2.247268	1801.052734	30.386688
-31.574329	2.247268	1799.484375	27.182301
-31.574329	2.247268	1797.914063	17.584803
-31.574329	2.247268	1796.343750	23.974171
-31.574329	2.247268	1794.771484	23.969065
-31.574329	2.247268	1793.201172	20.768766
-31.574329	2.247268	1791.628906	23.958858
-31.574329	2.247268	1790.058594	25.550673
-31.574329	2.247268	1788.486328	19.158922
-31.574329	2.247268	1786.914063	23.943554
-31.574329	2.247268	1785.339844	17.554865
-31.574329	2.247268	1783.767578	20.742241
-31.574329	2.247268	1782.193359	19.142605
-31.574329	2.247268	1780.621094	17.543650
-31.574329	2.247268	1779.046875	23.918062
-31.574329	2.247268	1777.470703	19.130373
-31.574329	2.247268	1775.896484	22.314014
-31.574329	2.247268	1774.322266	25.496296
-31.574329	2.247268	1772.746094	30.270401
-31.574329	2.247268	1771.169922	17.521235
-31.574329	2.247268	1769.593750	22.295000
-31.574329	2.247268	1768.017578	19.105928
-31.574329	2.247268	1766.441406	22.285500
-31.574329	2.247268	1764.863281	20.689268
-31.574329	2.247268	1763.287109	15.911428
-31.574329	2.247268	1761.708984	20.680449
-31.574329	2.247268	1760.130859	23.856970
-31.574329	2.247268	1758.552734	20.671633
-31.574329	2.247268	1756.972656	28.616158
-31.574329	2.247268	1755.394531	28.610056
-31.574329	2.247268	1753.814453	20.658413
-31.574329	2.247268	1752.234375	12.710158
-31.574329	2.247268	1750.654297	17.472742
-31.574329	2.247268	1749.074219	19.057108
-31.574329	2.247268	1747.492188	23.816303
-31.574329	2.247268	1745.912109	17.461565
-31.574329	2.247268	1744.330078	17.457840
-31.574329	2.247268	1742.748047	17.454117
-31.574329	2.247268	1741.166016	23.795990
-31.574329	2.247268	1739.583984	15.860609
-31.574329	2.247268	1738.000000	36.471615
-31.574329	2.247268	1736.417969	25.366146
-31.574329	2.247268	1734.833984	26.945780
-31.574329	2.247268	1733.250000	20.601198
-31.574329	2.247268	1731.666016	23.765541
-31.574329	2.247268	1730.082031	20.592405
-31.574329	2.247268	1728.496094	19.004316
-31.574329	2.247268	1726.912109	20.583616
-31.574329	2.247268	1725.326172	12.664136
-31.574329	2.247268	1723.740234	22.157507
-31.574329	2.247268	1722.154297	25.317457
-31.574329	2.247268	1720.566406	25.312052
-31.574329	2.247268	1718.980469	33.214973
-31.574329	2.247268	1717.392578	20.557259
-31.574329	2.247268	1715.804688	20.552868
-31.574329	2.247268	1714.216797	25.290436
-31.574329	2.247268	1712.628906	30.025976
-31.574329	2.247268	1711.041016	20.539700
-31.574329	2.247268	1709.451172	28.433510
-31.574329	2.247268	1707.861328	15.793019
-31.574329	2.247268	1706.271484	17.368608
-31.574329	2.247268	1704.681641	20.522150
-31.574329	2.247268	1703.091797	22.096054
-31.574329	2.247268	1701.501953	29.981092
-31.574329	2.247268	1699.910156	25.241838
-31.574329	2.247268	1698.318359	20.504610
-31.574329	2.247268	1696.726563	15.769405
-31.574329	2.247268	1695.134766	20.495844
-31.574329	2.247268	1693.542969	23.643993
-31.574329	2.247268	1691.949219	23.638937
-31.574329	2.247268	1690.357422	33.087433
-31.574329	2.247268	1688.763672	20.478315
-31.574329	2.247268	1687.169922	20.473936
-31.574329	2.247268	1685.576172	28.342461
-31.574329	2.247268	1683.982422	28.336397
-31.574329	2.247268	1682.386719	22.034704
-31.574329	2.247268	1680.791016	25.177130
-31.574329	2.247268	1679.195313	26.744976
-31.574329	2.247268	1677.599609	18.874765
-31.574329	2.247268	1676.003906	25.160967
-31.574329	2.247268	1674.408203	17.294462
-31.574329	2.247268	1672.810547	26.722082
-31.574329	2.247268	1671.214844	14.143956
-31.574329	2.247268	1669.617188	17.283356
-31.574329	2.247268	1668.019531	21.992287
-31.574329	2.247268	1666.419922	21.987577
-31.574329	2.247268	1664.822266	17.272253
-31.574329	2.247268	1663.222656	20.408289
-31.574329	2.247268	1661.623047	23.542980
-31.574329	2.247268	1660.023438	23.537937
-31.574329	2.247268	1658.423828	26.670610
-31.574329	2.247268	1656.824219	21.959326
-31.574329	2.247268	1655.222656	14.113684
-31.574329	2.247268	1653.623047	21.949913
-31.574329	2.247268	1652.021484	23.512722
-31.574329	2.247268	1650.419922	20.373323
-31.574329	2.247268	1648.818359	26.636326
-31.574329	2.247268	1647.214844	23.497599
-31.574329	2.247268	1645.613281	26.624901
-31.574329	2.247268	1644.009766	26.619190
-31.574329	2.247268	1642.406250	23.482481
-31.574329	2.247268	1640.802734	20.347118
-31.574329	2.247268	1639.199219	20.342752
-31.574329	2.247268	1637.593750	26.596352
-31.574329	2.247268	1635.990234	23.462332
-31.574329	2.247268	1634.384766	20.329657
-31.574329	2.247268	1632.779297	25.015745
-31.574329	2.247268	1631.173828	17.194632
-31.574329	2.247268	1629.568359	20.316565
-31.574329	2.247268	1627.960938	24.999634
-31.574329	2.247268	1626.353516	24.994265
-31.574329	2.247268	1624.748047	28.112507
-31.574329	2.247268	1623.140625	21.860586
-31.574329	2.247268	1621.531250	17.172485
-31.574329	2.247268	1619.923828	18.729595
-31.574329	2.247268	1618.314453	17.165106
-31.574329	2.247268	1616.707031	17.161415
-31.574329	2.247268	1615.097656	21.837107
-31.574329	2.247268	1613.488281	17.154039
-31.574329	2.247268	1611.878906	20.268597
-31.574329	2.247268	1610.267578	15.587874
-31.574329	2.247268	1608.656250	18.701427
-31.574329	2.247268	1607.046875	28.046106
-31.574329	2.247268	1605.435547	23.366728
-31.574329	2.247268	1603.824219	18.689362
-31.574329	2.247268	1602.210938	14.014005
-31.574329	2.247268	1600.599609	28.021976
-31.574329	2.247268	1598.986328	12.451531
-31.574329	2.247268	1597.373047	15.561065
-31.574329	2.247268	1595.759766	14.001943
-31.574329	2.247268	1594.146484	20.220675
-31.574329	2.247268	1592.533203	27.991827
-31.574329	2.247268	1590.917969	20.211966
-31.574329	2.247268	1589.302734	21.762043
-31.574329	2.247268	1587.687500	23.311453
-31.574329	2.247268	1586.072266	20.198906
-31.574329	2.247268	1584.457031	24.854836
-31.574329	2.247268	1582.839844	21.743294
-31.574329	2.247268	1581.224609	23.291365
-31.574329	2.247268	1579.607422	24.838768
-31.574329	2.247268	1577.990234	26.385500
-31.574329	2.247268	1576.373047	24.828056
-31.574329	2.247268	1574.755859	26.374121
-31.574329	2.247268	1573.136719	21.715179
-31.574329	2.247268	1571.517578	18.608997
-31.574329	2.247268	1569.898438	18.604982
-31.574329	2.247268	1568.279297	23.251209
-31.574329	2.247268	1566.660156	23.246191
-31.574329	2.247268	1565.041016	23.241173
-31.574329	2.247268	1563.419922	26.334311
-31.574329	2.247268	1561.798828	24.779882
-31.574329	2.247268	1560.177734	20.129307
-31.574329	2.247268	1558.556641	17.028812
-31.574329	2.247268	1556.935547	20.120613
-31.574329	2.247268	1555.312500	23.211077
-31.574329	2.247268	1553.691406	23.206062
-31.574329	2.247268	1552.068359	18.560839
-31.574329	2.247268	1550.445313	24.742435
-31.574329	2.247268	1548.822266	18.552816
-31.574329	2.247268	1547.197266	21.640272
-31.574329	2.247268	1545.574219	18.544794
-31.574329	2.247268	1543.949219	16.995718
-31.574329	2.247268	1542.324219	16.992043
-31.574329	2.247268	1540.699219	21.621559
-31.574329	2.247268	1539.072266	23.160944
-31.574329	2.247268	1537.447266	18.524746
-31.574329	2.247268	1535.820313	18.520737
-31.574329	2.247268	1534.193359	13.887547
-31.574329	2.247268	1532.566406	18.512720
-31.574329	2.247268	1530.939453	21.593496
-31.574329	2.247268	1529.312500	16.962645
-31.574329	2.247268	1527.683594	16.958971
-31.574329	2.247268	1526.056641	15.413907
-31.574329	2.247268	1524.427734	24.656910
-31.574329	2.247268	1522.798828	18.488674
-31.574329	2.247268	1521.167969	13.863502
-31.574329	2.247268	1519.539063	21.560772
-31.574329	2.247268	1517.908203	24.635542
-31.574329	2.247268	1516.277344	29.248362
-31.574329	2.247268	1514.646484	23.085806
-31.574329	2.247268	1513.015625	15.387199
-31.574329	2.247268	1511.384766	24.614178
-31.574329	2.247268	1509.751953	18.456629
-31.574329	2.247268	1508.121094	24.603498
-31.574329	2.247268	1506.488281	21.523390
-31.574329	2.247268	1504.855469	19.981667
-31.574329	2.247268	1503.220703	21.514046
-31.574329	2.247268	1501.587891	23.045759
-31.574329	2.247268	1499.953125	26.112856
-31.574329	2.247268	1498.318359	18.428600
-31.574329	2.247268	1496.683594	19.959980
-31.574329	2.247268	1495.048828	30.700991
-31.574329	2.247268	1493.414063	24.555456
-31.574329	2.247268	1491.777344	21.481354
-31.574329	2.247268	1490.140625	19.942636
-31.574329	2.247268	1488.505859	19.938299
-31.574329	2.247268	1486.867188	23.000729
-31.574329	2.247268	1485.230469	26.061823
-31.574329	2.247268	1483.593750	21.458010
-31.574329	2.247268	1481.955078	26.050486
-31.574329	2.247268	1480.316406	19.916626
-31.574329	2.247268	1478.677734	12.253717
-31.574329	2.247268	1477.039063	15.313813
-31.574329	2.247268	1475.400391	21.434671
-31.574329	2.247268	1473.759766	21.430004
-31.574329	2.247268	1472.119141	21.425337
-31.574329	2.247268	1470.478516	16.830526
-31.574329	2.247268	1468.837891	16.826860
-31.574329	2.247268	1467.197266	18.352575
-31.574329	2.247268	1465.556641	21.406672
-31.574329	2.247268	1463.914063	21.402006
-31.574329	2.247268	1462.271484	21.397341
-31.574329	2.247268	1460.628906	25.976820
-31.574329	2.247268	1458.986328	18.332581
-31.574329	2.247268	1457.343750	18.328583
-31.574329	2.247268	1455.699219	24.432779
-31.574329	2.247268	1454.054688	29.007595
-31.574329	2.247268	1452.410156	24.422117
-31.574329	2.247268	1450.765625	21.364689
-31.574329	2.247268	1449.121094	18.308592
-31.574329	2.247268	1447.474609	21.355362
-31.574329	2.247268	1445.830078	25.925848
-31.574329	2.247268	1444.183594	22.870752
-31.574329	2.247268	1442.537109	24.390139
-31.574329	2.247268	1440.890625	22.860760
-31.574329	2.247268	1439.242188	19.808329
-31.574329	2.247268	1437.595703	9.140307
-31.574329	2.247268	1435.947266	18.276619
-31.574329	2.247268	1434.298828	13.704467
-31.574329	2.247268	1432.650391	25.880554
-31.574329	2.247268	1431.000000	25.874893
-31.574329	2.247268	1429.351563	22.825794
-31.574329	2.247268	1427.701172	30.427732
-31.574329	2.247268	1426.050781	19.773697
-31.574329	2.247268	1424.400391	21.290091
-31.574329	2.247268	1422.750000	18.244654
-31.574329	2.247268	1421.097656	19.760714
-31.574329	2.247268	1419.447266	30.394440
-31.574329	2.247268	1417.794922	21.271448
-31.574329	2.247268	1416.142578	21.266788
-31.574329	2.247268	1414.490234	21.262127
-31.574329	2.247268	1412.835938	16.702297
-31.574329	2.247268	1411.183594	21.252808
-31.574329	2.247268	1409.529297	24.283598
-31.574329	2.247268	1407.875000	22.760881
-31.574329	2.247268	1406.220703	19.721771
-31.574329	2.247268	1404.566406	28.817804
-31.574329	2.247268	1402.910156	24.262300
-31.574329	2.247268	1401.255859	25.773037
-31.574329	2.247268	1399.599609	13.641554
-31.574329	2.247268	1397.943359	22.730932
-31.574329	2.247268	1396.287109	21.210878
-31.574329	2.247268	1394.628906	21.206221
-31.574329	2.247268	1392.970703	22.715960
-31.574329	2.247268	1391.314453	22.710968
-31.574329	2.247268	1389.656250	22.705978
-31.574329	2.247268	1387.998047	16.647392
-31.574329	2.247268	1386.337891	22.695999
-31.574329	2.247268	1384.679688	19.665541
-31.574329	2.247268	1383.019531	22.686018
-31.574329	2.247268	1381.359375	21.168961
-31.574329	2.247268	1379.699219	24.187775
-31.574329	2.247268	1378.039063	19.648243
-31.574329	2.247268	1376.376953	22.666061
-31.574329	2.247268	1374.716797	22.661072
-31.574329	2.247268	1373.054688	28.697704
-31.574329	2.247268	1371.392578	22.651094
-31.574329	2.247268	1369.728516	19.626625
-31.574329	2.247268	1368.066406	27.169340
-31.574329	2.247268	1366.402344	19.617977
-31.574329	2.247268	1364.740234	22.631140
-31.574329	2.247268	1363.076172	22.626152
-31.574329	2.247268	1361.412109	15.080776
-31.574329	2.247268	1359.746094	24.123922
-31.574329	2.247268	1358.082031	21.103777
-31.574329	2.247268	1356.416016	22.606201
-31.574329	2.247268	1354.750000	16.574223
-31.574329	2.247268	1353.083984	15.064151
-31.574329	2.247268	1351.417969	28.615570
-31.574329	2.247268	1349.750000	27.103502
-31.574329	2.247268	1348.083984	25.592100
-31.574329	2.247268	1346.416016	18.061022
-31.574329	2.247268	1344.748047	12.038022
-31.574329	2.247268	1343.078125	21.061884
-31.574329	2.247268	1341.410156	15.040879
-31.574329	2.247268	1339.740234	28.571354
-31.574329	2.247268	1338.072266	24.054770
-31.574329	2.247268	1336.402344	28.558722
-31.574329	2.247268	1334.730469	25.546890
-31.574329	2.247268	1333.060547	27.043665
-31.574329	2.247268	1331.388672	16.523027
-31.574329	2.247268	1329.718750	13.515850
-31.574329	2.247268	1328.046875	18.017145
-31.574329	2.247268	1326.375000	16.512060
-31.574329	2.247268	1324.701172	21.010696
-31.574329	2.247268	1323.029297	30.008633
-31.574329	2.247268	1321.355469	22.501490
-31.574329	2.247268	1319.681641	11.998136
-31.574329	2.247268	1318.007813	17.993216
-31.574329	2.247268	1316.333984	17.989227
-31.574329	2.247268	1314.660156	25.479090
-31.574329	2.247268	1312.984375	19.479691
-31.574329	2.247268	1311.308594	16.479158
-31.574329	2.247268	1309.632813	16.475504
-31.574329	2.247268	1307.957031	14.974408
-31.574329	2.247268	1306.279297	16.468193
-31.574329	2.247268	1304.603516	17.961315
-31.574329	2.247268	1302.925781	22.446659
-31.574329	2.247268	1301.248047	17.953341
-31.574329	2.247268	1299.570313	17.949352
-31.574329	2.247268	1297.892578	13.459024
-31.574329	2.247268	1296.212891	17.941380
-31.574329	2.247268	1294.533203	23.916523
-31.574329	2.247268	1292.853516	25.405657
-31.574329	2.247268	1291.173828	14.941182
-31.574329	2.247268	1289.494141	20.913004
-31.574329	2.247268	1287.812500	17.921446
-31.574329	2.247268	1286.132813	14.931215
-31.574329	2.247268	1284.451172	19.406261
-31.574329	2.247268	1282.769531	17.909487
-31.574329	2.247268	1281.085938	16.413374
-31.574329	2.247268	1279.404297	23.868685
-31.574329	2.247268	1277.720703	14.914606
-31.574329	2.247268	1276.039063	14.911284
-31.574329	2.247268	1274.355469	17.889555
-31.574329	2.247268	1272.669922	19.376034
-31.574329	2.247268	1270.986328	10.430923
-31.574329	2.247268	1269.300781	19.367397
-31.574329	2.247268	1267.615234	19.363079
-31.574329	2.247268	1265.929688	17.869625
-31.574329	2.247268	1264.244141	19.354443
-31.574329	2.247268	1262.558594	16.373182
-31.574329	2.247268	1260.871094	29.762781
-31.574329	2.247268	1259.185547	28.268332
-31.574329	2.247268	1257.498047	22.312122
-31.574329	2.247268	1255.808594	14.871427
-31.574329	2.247268	1254.121094	14.868106
-31.574329	2.247268	1252.433594	20.810699
-31.574329	2.247268	1250.744141	14.861464
-31.574329	2.247268	1249.054688	23.773027
-31.574329	2.247268	1247.365234	20.796751
-31.574329	2.247268	1245.673828	17.821800
-31.574329	2.247268	1243.984375	19.302633
-31.574329	2.247268	1242.292969	29.689718
-31.574329	2.247268	1240.601563	25.230616
-31.574329	2.247268	1238.910156	22.257326
-31.574329	2.247268	1237.218750	22.252346
-31.574329	2.247268	1235.525391	25.213680
-31.574329	2.247268	1233.833984	14.828257
-31.574329	2.247268	1232.140625	17.789923
-31.574329	2.247268	1230.447266	19.268099
-31.574329	2.247268	1228.753906	26.672930
-31.574329	2.247268	1227.058594	23.703959
-31.574329	2.247268	1225.365234	22.217482
-31.574329	2.247268	1223.669922	25.174168
-31.574329	2.247268	1221.974609	23.688023
-31.574329	2.247268	1220.277344	22.202539
-31.574329	2.247268	1218.582031	20.717722
-31.574329	2.247268	1216.884766	25.151590
-31.574329	2.247268	1215.189453	20.708426
-31.574329	2.247268	1213.492188	22.182619
-31.574329	2.247268	1211.792969	19.220621
-31.574329	2.247268	1210.095703	20.694483
-31.574329	2.247268	1208.396484	20.689835
-31.574329	2.247268	1206.699219	22.162701
-31.574329	2.247268	1205.000000	20.680538
-31.574329	2.247268	1203.298828	28.060139
-31.574329	2.247268	1201.599609	23.624279
-31.574329	2.247268	1199.900391	14.761854
-31.574329	2.247268	1198.199219	19.186094
-31.574329	2.247268	1196.498047	22.132822
-31.574329	2.247268	1194.796875	28.028601
-31.574329	2.247268	1193.093750	23.597721
-31.574329	2.247268	1191.392578	16.219782
-31.574329	2.247268	1189.689453	13.267743
-31.574329	2.247268	1187.986328	16.212479
-31.574329	2.247268	1186.283203	22.102947
-31.574329	2.247268	1184.580078	17.678375
-31.574329	2.247268	1182.875000	14.728660
-31.574329	2.247268	1181.169922	22.088011
-31.574329	2.247268	1179.464844	20.610830
-31.574329	2.247268	1177.759766	20.606182
-31.574329	2.247268	1176.054688	22.073074
-31.574329	2.247268	1174.347656	23.539303
-31.574329	2.247268	1172.642578	14.708745
-31.574329	2.247268	1170.935547	24.999224
-31.574329	2.247268	1169.228516	24.993582
-31.574329	2.247268	1167.519531	16.168667
-31.574329	2.247268	1165.812500	24.982298
-31.574329	2.247268	1164.103516	17.630581
-31.574329	2.247268	1162.394531	24.971014
-31.574329	2.247268	1160.685547	17.622616
-31.574329	2.247268	1158.976563	14.682194
-31.574329	2.247268	1157.265625	24.954088
-31.574329	2.247268	1155.556641	13.208001
-31.574329	2.247268	1153.845703	17.606686
-31.574329	2.247268	1152.134766	22.003380
-31.574329	2.247268	1150.423828	27.864641
-31.574329	2.247268	1148.710938	23.459652
-31.574329	2.247268	1146.998047	21.988445
-31.574329	2.247268	1145.287109	21.983469
-31.574329	2.247268	1143.572266	26.374189
-31.574329	2.247268	1141.859375	20.508612
-31.574329	2.247268	1140.146484	20.503967
-31.574329	2.247268	1138.431641	19.035084
-31.574329	2.247268	1136.716797	23.422487
-31.574329	2.247268	1135.001953	26.344324
-31.574329	2.247268	1133.287109	20.485384
-31.574329	2.247268	1131.570313	24.869469
-31.574329	2.247268	1129.855469	21.938673
-31.574329	2.247268	1128.138672	20.471449
-31.574329	2.247268	1126.421875	26.314463
-31.574329	2.247268	1124.703125	19.000576
-31.574329	2.247268	1122.986328	16.073761
-31.574329	2.247268	1121.267578	20.452869
-31.574329	2.247268	1119.548828	26.290573
-31.574329	2.247268	1117.830078	24.824347
-31.574329	2.247268	1116.111328	17.519087
-31.574329	2.247268	1114.392578	24.813065
-31.574329	2.247268	1112.671875	23.348166
-31.574329	2.247268	1110.951172	26.260714
-31.574329	2.247268	1109.230469	18.961758
-31.574329	2.247268	1107.509766	24.790506
-31.574329	2.247268	1105.787109	20.411066
-31.574329	2.247268	1104.066406	23.321625
-31.574329	2.247268	1102.343750	18.944508
-31.574329	2.247268	1100.621094	23.311010
-31.574329	2.247268	1098.896484	23.305702
-31.574329	2.247268	1097.173828	13.106472
-31.574329	2.247268	1095.449219	20.383202
-31.574329	2.247268	1093.724609	16.011723
-31.574329	2.247268	1092.000000	17.463354
-31.574329	2.247268	1090.275391	27.644009
-31.574329	2.247268	1088.550781	24.728474
-31.574329	2.247268	1086.824219	26.177118
-31.574329	2.247268	1085.097656	21.809290
-31.574329	2.247268	1083.371094	18.897074
-31.574329	2.247268	1081.644531	23.252628
-31.574329	2.247268	1079.916016	23.247322
-31.574329	2.247268	1078.189453	11.621008
-31.574329	2.247268	1076.460938	15.975237
-31.574329	2.247268	1074.732422	10.163738
-31.574329	2.247268	1073.001953	14.516310
-31.574329	2.247268	1071.273438	17.415592
-31.574329	2.247268	1069.542969	15.960645
-31.574329	2.247268	1067.812500	20.308905
-31.574329	2.247268	1066.082031	23.204870
-31.574329	2.247268	1064.351563	20.299618
-31.574329	2.247268	1062.619141	20.294975
-31.574329	2.247268	1060.888672	26.087570
-31.574329	2.247268	1059.156250	18.836712
-31.574329	2.247268	1057.421875	17.383755
-31.574329	2.247268	1055.689453	20.276405
-31.574329	2.247268	1053.957031	21.719746
-31.574329	2.247268	1052.222656	15.924166
-31.574329	2.247268	1050.488281	26.051758
-31.574329	2.247268	1048.753906	23.151812
-31.574329	2.247268	1047.019531	24.593164
-31.574329	2.247268	1045.283203	21.694878
-31.574329	2.247268	1043.546875	18.797916
-31.574329	2.247268	1041.810547	18.793606
-31.574329	2.247268	1040.074219	15.898635
-31.574329	2.247268	1038.337891	23.119982
-31.574329	2.247268	1036.599609	27.448679
-31.574329	2.247268	1034.861328	21.665037
-31.574329	2.247268	1033.123047	21.660063
-31.574329	2.247268	1031.384766	24.542437
-31.574329	2.247268	1029.646484	18.763435
-31.574329	2.247268	1027.906250	18.759125
-31.574329	2.247268	1026.167969	18.754816
-31.574329	2.247268	1024.427734	15.865813
-31.574329	2.247268	1022.685547	20.188211
-31.574329	2.247268	1020.945313	24.508621
-31.574329	2.247268	1019.203125	31.709747
-31.574329	2.247268	1017.462891	18.733269
-31.574329	2.247268	1015.720703	27.373095
-31.574329	2.247268	1013.976563	28.807154
-31.574329	2.247268	1012.234375	18.720341
-31.574329	2.247268	1010.490234	25.914507
-31.574329	2.247268	1008.746094	20.151087
-31.574329	2.247268	1007.001953	18.707415
-31.574329	2.247268	1005.257813	27.335308
-31.574329	2.247268	1003.513672	20.137167
-31.574329	2.247268	1001.767578	24.446640
-31.574329	2.247268	1000.021484	27.316418
-31.574329	2.247268	998.275391	27.310122
-31.574329	2.247268	996.529297	35.926086
-31.574329	2.247268	994.781250	33.044376
-31.574329	2.247268	993.035156	22.982090
-31.574329	2.247268	991.287109	25.848886
-31.574329	2.247268	989.539063	31.585793
-31.574329	2.247268	987.789063	28.707729
-31.574329	2.247268	986.041016	30.136158
-31.574329	2.247268	984.291016	31.563923
-31.574329	2.247268	982.541016	34.425419
-31.574329	2.247268	980.791016	35.851528
-31.574329	2.247268	979.041016	37.276974
-31.574329	2.247268	977.289063	41.568554
-31.574329	2.247268	975.537109	37.259747
-31.574329	2.247268	973.785156	32.952923
-31.574329	2.247268	972.033203	27.215687
-31.574329	2.247268	970.281250	25.777319
-31.574329	2.247268	968.527344	34.361809
-31.574329	2.247268	966.773438	32.922447
-31.574329	2.247268	965.019531	44.363461
-31.574329	2.247268	963.265625	34.337955
-31.574329	2.247268	961.511719	31.469172
-31.574329	2.247268	959.755859	37.182228
-31.574329	2.247268	958.000000	38.603371
-31.574329	2.247268	956.244141	40.023849
-31.574329	2.247268	954.488281	47.160038
-31.574329	2.247268	952.730469	37.147781
-31.574329	2.247268	950.974609	38.567600
-31.574329	2.247268	949.216797	29.990067
-31.574329	2.247268	947.458984	28.555346
-31.574329	2.247268	945.701172	39.968208
-31.574329	2.247268	943.941406	34.250519
-31.574329	2.247268	942.181641	31.389023
-31.574329	2.247268	940.421875	39.940395
-31.574329	2.247268	938.662109	34.226677
-31.574329	2.247268	936.902344	24.238266
-31.574329	2.247268	935.140625	34.210781
-31.574329	2.247268	933.380859	38.478191
-31.574329	2.247268	931.619141	24.221380
-31.574329	2.247268	929.855469	18.517927
-31.574329	2.247268	928.093750	29.906624
-31.574329	2.247268	926.330078	18.509319
-31.574329	2.247268	924.568359	24.198868
-31.574329	2.247268	922.804688	22.770107
-31.574329	2.247268	921.039063	25.610413
-31.574329	2.247268	919.275391	21.337046
-31.574329	2.247268	917.509766	22.754219
-31.574329	2.247268	915.744141	18.483500
-31.574329	2.247268	913.978516	27.008057
-31.574329	2.247268	912.212891	24.159477
-31.574329	2.247268	910.447266	29.837109
-31.574329	2.247268	908.679688	21.307257
-31.574329	2.247268	906.912109	31.243362
-31.574329	2.247268	905.144531	25.556793
-31.574329	2.247268	903.375000	21.292364
-31.574329	2.247268	901.607422	29.802361
-31.574329	2.247268	899.837891	25.538925
-31.574329	2.247268	898.068359	22.695972
-31.574329	2.247268	896.298828	32.617851
-31.574329	2.247268	894.529297	17.014038
-31.574329	2.247268	892.757813	24.097595
-31.574329	2.247268	890.986328	21.257622
-31.574329	2.247268	889.214844	21.252659
-31.574329	2.247268	887.443359	26.913750
-31.574329	2.247268	885.669922	24.075100
-31.574329	2.247268	883.898438	26.901178
-31.574329	2.247268	882.125000	28.310415
-31.574329	2.247268	880.351563	25.473419
-31.574329	2.247268	878.578125	19.808029
-31.574329	2.247268	876.802734	22.632456
-31.574329	2.247268	875.027344	24.041361
-31.574329	2.247268	873.251953	25.449606
-31.574329	2.247268	871.476563	28.270727
-31.574329	2.247268	869.701172	25.437702
-31.574329	2.247268	867.923828	22.605999
-31.574329	2.247268	866.146484	25.425797
-31.574329	2.247268	864.369141	21.183205
-31.574329	2.247268	862.591797	24.002010
-31.574329	2.247268	860.814453	19.761732
-31.574329	2.247268	859.035156	22.579548
-31.574329	2.247268	857.255859	25.396040
-31.574329	2.247268	855.476563	25.390089
-31.574329	2.247268	853.697266	26.794369
-31.574329	2.247268	851.916016	25.378189
-31.574329	2.247268	850.136719	21.143534
-31.574329	2.247268	848.355469	28.184767
-31.574329	2.247268	846.574219	21.133617
-31.574329	2.247268	844.791016	25.354391
-31.574329	2.247268	843.009766	26.756691
-31.574329	2.247268	841.226563	19.710829
-31.574329	2.247268	839.443359	9.853102
-31.574329	2.247268	837.660156	26.737854
-31.574329	2.247268	835.875000	23.917727
-31.574329	2.247268	834.091797	15.472541
-31.574329	2.247268	832.306641	28.125284
-31.574329	2.247268	830.521484	23.900875
-31.574329	2.247268	828.734375	23.895260
-31.574329	2.247268	826.949219	28.105463
-31.574329	2.247268	825.162109	26.693914
-31.574329	2.247268	823.375000	23.878412
-31.574329	2.247268	821.587891	19.659950
-31.574329	2.247268	819.800781	26.675087
-31.574329	2.247268	818.011719	19.650703
-31.574329	2.247268	816.222656	26.662537
-31.574329	2.247268	814.433594	22.447378
-31.574329	2.247268	812.644531	29.455250
-31.574329	2.247268	810.855469	25.241413
-31.574329	2.247268	809.064453	25.235470
-31.574329	2.247268	807.273438	14.016404
-31.574329	2.247268	805.482422	25.223585
-31.574329	2.247268	803.691406	25.217642
-31.574329	2.247268	801.898438	19.609100
-31.574329	2.247268	800.107422	16.803839
-31.574329	2.247268	798.314453	19.599857
-31.574329	2.247268	796.521484	22.394556
-31.574329	2.247268	794.726563	26.587265
-31.574329	2.247268	792.933594	22.383995
-31.574329	2.247268	791.138672	26.574724
-31.574329	2.247268	789.343750	22.373436
-31.574329	2.247268	787.546875	26.562185
-31.574329	2.247268	785.751953	26.555916
-31.574329	2.247268	783.955078	18.165548
-31.574329	2.247268	782.158203	15.367219
-31.574329	2.247268	780.361328	22.347040
-31.574329	2.247268	778.564453	29.323565
-31.574329	2.247268	776.765625	27.920607
-31.574329	2.247268	774.968750	20.935507
-31.574329	2.247268	773.169922	26.512043
-31.574329	2.247268	771.369141	27.900818
-31.574329	2.247268	769.570313	27.894222
-31.574329	2.247268	767.769531	22.310101
-31.574329	2.247268	765.970703	26.486980
-31.574329	2.247268	764.167969	32.055603
-31.574329	2.247268	762.367188	33.441414
-31.574329	2.247268	760.566406	26.468187
-31.574329	2.247268	758.763672	20.890993
-31.574329	2.247268	756.960938	20.886049
-31.574329	2.247268	755.158203	26.449398
-31.574329	2.247268	753.353516	29.226624
-31.574329	2.247268	751.550781	25.045460
-31.574329	2.247268	749.746094	22.257359
-31.574329	2.247268	747.941406	23.642841
-31.574329	2.247268	746.136719	26.418091
-31.574329	2.247268	744.330078	23.631638
-31.574329	2.247268	742.523438	30.574873
-31.574329	2.247268	740.718750	25.009874
-31.574329	2.247268	738.910156	29.171268
-31.574329	2.247268	737.103516	31.941910
-31.574329	2.247268	735.294922	30.545885
-31.574329	2.247268	733.488281	24.986158
-31.574329	2.247268	731.679688	23.592440
-31.574329	2.247268	729.869141	23.586842
-31.574329	2.247268	728.060547	23.581244
-31.574329	2.247268	726.250000	16.641634
-31.574329	2.247268	724.439453	23.570049
-31.574329	2.247268	722.628906	34.653606
-31.574329	2.247268	720.818359	22.173042
-31.574329	2.247268	719.005859	24.938747
-31.574329	2.247268	717.195313	22.162510
-31.574329	2.247268	715.382813	22.157244
-31.574329	2.247268	713.568359	19.382980
-31.574329	2.247268	711.755859	12.457526
-31.574329	2.247268	709.941406	26.292969
-31.574329	2.247268	708.126953	22.136185
-31.574329	2.247268	706.312500	22.130920
-31.574329	2.247268	704.498047	26.274218
-31.574329	2.247268	702.681641	30.415541
-31.574329	2.247268	700.867188	23.497326
-31.574329	2.247268	699.050781	19.346134
-31.574329	2.247268	697.232422	20.723068
-31.574329	2.247268	695.416016	20.718136
-31.574329	2.247268	693.597656	15.189683
-31.574329	2.247268	691.779297	20.708273
-31.574329	2.247268	689.960938	20.703341
-31.574329	2.247268	688.142578	13.798940
-31.574329	2.247268	686.324219	17.934349
-31.574329	2.247268	684.503906	20.688549
-31.574329	2.247268	682.683594	31.714882
-31.574329	2.247268	680.863281	19.300110
-31.574329	2.247268	679.041016	19.295509
-31.574329	2.247268	677.218750	13.779222
-31.574329	2.247268	675.398438	19.286310
-31.574329	2.247268	673.576172	22.036242
-31.574329	2.247268	671.751953	17.900175
-31.574329	2.247268	669.929688	28.908772
-31.574329	2.247268	668.105469	31.654432
-31.574329	2.247268	666.281250	23.391172
-31.574329	2.247268	664.457031	17.883099
-31.574329	2.247268	662.630859	24.755302
-31.574329	2.247268	660.806641	23.374426
-31.574329	2.247268	658.980469	30.242035
-31.574329	2.247268	657.154297	28.860504
-31.574329	2.247268	655.326172	31.601574
-31.574329	2.247268	653.500000	37.088638
-31.574329	2.247268	651.671875	31.586477
-31.574329	2.247268	649.843750	24.713945
-31.574329	2.247268	648.015625	23.335371
-31.574329	2.247268	646.185547	31.563837
-31.574329	2.247268	644.357422	28.812267
-31.574329	2.247268	642.527344	35.663803
-31.574329	2.247268	640.697266	28.798491
-31.574329	2.247268	638.865234	30.162632
-31.574329	2.247268	637.035156	35.638222
-31.574329	2.247268	635.203125	20.555593
-31.574329	2.247268	633.371094	31.511038
-31.574329	2.247268	631.539063	43.830952
-31.574329	2.247268	629.705078	34.234737
-31.574329	2.247268	627.873047	32.857479
-31.574329	2.247268	626.039063	36.955818
-31.574329	2.247268	624.203125	36.946968
-31.574329	2.247268	622.369141	35.570042
-31.574329	2.247268	620.535156	35.561523
-31.574329	2.247268	618.699219	38.287853
-31.574329	2.247268	616.863281	41.012875
-31.574329	2.247268	615.025391	35.535973
-31.574329	2.247268	613.189453	32.794579
-31.574329	2.247268	611.351563	31.420605
-31.574329	2.247268	609.513672	25.949930
-31.574329	2.247268	607.675781	27.309168
-31.574329	2.247268	605.837891	28.667751
-31.574329	2.247268	603.998047	25.931271
-31.574329	2.247268	602.158203	28.654005
-31.574329	2.247268	600.318359	21.826387
-31.574329	2.247268	598.478516	25.912617
-31.574329	2.247268	596.636719	34.087368
-31.574329	2.247268	594.796875	31.352854
-31.574329	2.247268	592.955078	34.071011
-31.574329	2.247268	591.111328	25.887754
-31.574329	2.247268	589.269531	25.881540
-31.574329	2.247268	587.425781	24.513468
-31.574329	2.247268	585.583984	27.230646
-31.574329	2.247268	583.738281	27.224108
-31.574329	2.247268	581.894531	23.134933
-31.574329	2.247268	580.050781	25.850481
-31.574329	2.247268	578.205078	32.645393
-31.574329	2.247268	576.359375	20.398470
-31.574329	2.247268	574.513672	24.472282
-31.574329	2.247268	572.666016	19.029423
-31.574329	2.247268	570.818359	25.819439
-31.574329	2.247268	568.970703	29.889006
-31.574329	2.247268	567.123047	20.373968
-31.574329	2.247268	565.275391	25.800821
-31.574329	2.247268	563.425781	27.152229
-31.574329	2.247268	561.576172	21.716558
-31.574329	2.247268	559.726563	23.068295
-31.574329	2.247268	557.876953	29.845905
-31.574329	2.247268	556.027344	27.126114
-31.574329	2.247268	554.175781	20.339691
-31.574329	2.247268	552.324219	28.468714
-31.574329	2.247268	550.472656	17.619249
-31.574329	2.247268	548.619141	24.390011
-31.574329	2.247268	546.767578	25.738813
-31.574329	2.247268	544.914063	28.441315
-31.574329	2.247268	543.060547	28.434465
-31.574329	2.247268	541.205078	28.427620
-31.574329	2.247268	539.351563	36.540993
-31.574329	2.247268	537.496094	44.650455
-31.574329	2.247268	535.640625	51.403294
-31.574329	2.247268	533.785156	62.210049
-31.574329	2.247268	531.927734	60.842991
-31.574329	2.247268	530.070313	62.180073
-31.574329	2.247268	528.212891	66.219330
-31.574329	2.247268	526.355469	101.331688
-31.574329	2.247268	524.498047	199.912994
-31.574329	2.247268	522.638672	351.113861
-31.574329	2.247268	520.779297	585.948730
-31.574329	2.247268	518.919922	426.532623
-31.574329	2.247268	517.060547	248.300873
-31.574329	2.247268	515.199219	126.818764
-31.574329	2.247268	513.339844	105.207207
-31.574329	2.247268	511.478516	86.303040
-31.574329	2.247268	509.615234	74.148781
-31.574329	2.247268	507.753906	71.435219
-31.574329	2.247268	505.890625	68.722969
-31.574329	2.247268	504.027344	72.747932
-31.574329	2.247268	502.164063	56.568069
-31.574329	2.247268	500.300781	52.514812
-31.574329	2.247268	498.435547	65.964226
-31.574329	2.247268	496.570313	61.910645
-31.574329	2.247268	494.705078	60.550140
-31.574329	2.247268	492.839844	57.845051
-31.574329	2.247268	490.972656	47.071808
-31.574329	2.247268	489.107422	53.783360
-31.574329	2.247268	487.240234	52.426109
-31.574329	2.247268	485.371094	56.445248
-31.574329	2.247268	483.503906	45.682732
-31.574329	2.247268	481.634766	44.328411
-31.574329	2.247268	479.765625	41.631779
-31.574329	2.247268	477.896484	49.677532
-31.574329	2.247268	476.027344	41.611656
-31.574329	2.247268	474.156250	38.917625
-31.574329	2.247268	472.285156	37.566555
-31.574329	2.247268	470.414063	33.533459
-31.574329	2.247268	468.542969	34.866364
-31.574329	2.247268	466.669922	32.176556
-31.574329	2.247268	464.796875	40.210968
-31.574329	2.247268	462.923828	28.140869
-31.574329	2.247268	461.050781	25.454628
-31.574329	2.247268	459.177734	38.842403
-31.574329	2.247268	457.302734	30.798592
-31.574329	2.247268	455.427734	20.081179
-31.574329	2.247268	453.552734	24.091585
-31.574329	2.247268	451.675781	37.466732
-31.574329	2.247268	449.800781	32.106567
-31.574329	2.247268	447.923828	32.098801
-31.574329	2.247268	446.046875	33.428158
-31.574329	2.247268	444.169922	33.420067
-31.574329	2.247268	442.291016	25.393101
-31.574329	2.247268	440.412109	33.403885
-31.574329	2.247268	438.533203	22.709143
-31.574329	2.247268	436.654297	24.039154
-31.574329	2.247268	434.773438	30.709259
-31.574329	2.247268	432.894531	28.032099
-31.574329	2.247268	431.013672	30.694386
-31.574329	2.247268	429.130859	26.684305
-31.574329	2.247268	427.250000	24.010057
-31.574329	2.247268	425.367188	29.338518
-31.574329	2.247268	423.484375	18.665443
-31.574329	2.247268	421.601563	26.658459
-31.574329	2.247268	419.718750	27.984600
-31.574329	2.247268	417.833984	30.642372
-31.574329	2.247268	415.949219	26.639084
-31.574329	2.247268	414.064453	27.964260
-31.574329	2.247268	412.179688	26.626173
-31.574329	2.247268	410.294922	41.260567
-31.574329	2.247268	408.408203	26.613268
-31.574329	2.247268	406.521484	35.919201
-31.574329	2.247268	404.634766	38.570530
-31.574329	2.247268	402.746094	47.869049
-31.574329	2.247268	400.857422	59.821804
-31.574329	2.247268	398.968750	83.730217
-31.574329	2.247268	397.080078	90.353561
-31.574329	2.247268	395.191406	70.405548
-31.574329	2.247268	393.300781	69.060387
-31.574329	2.247268	391.410156	74.354691
-31.574329	2.247268	389.519531	63.717133
-31.574329	2.247268	387.628906	66.355911
-31.574329	2.247268	385.736328	58.379036
-31.574329	2.247268	383.843750	62.344299
-31.574329	2.247268	381.951172	51.719952
-31.574329	2.247268	380.058594	51.707401
-31.574329	2.247268	378.164063	58.322403
-31.574329	2.247268	376.271484	75.535690
-31.574329	2.247268	374.376953	80.816818
-31.574329	2.247268	372.480469	64.902672
-31.574329	2.247268	370.585938	62.238480
-31.574329	2.247268	368.689453	59.575569
-31.574329	2.247268	366.792969	47.648888
-31.574329	2.247268	364.896484	50.283840
-31.574329	2.247268	363.000000	50.271633
-31.574329	2.247268	361.101563	67.453445
-31.574329	2.247268	359.203125	58.181000
-31.574329	2.247268	357.304688	54.200951
-31.574329	2.247268	355.406250	51.544483
-31.574329	2.247268	353.505859	56.817299
-31.574329	2.247268	351.605469	50.198444
-31.574329	2.247268	349.705078	58.110401
-31.574329	2.247268	347.804688	48.853699
-31.574329	2.247268	345.902344	59.402229
-31.574329	2.247268	344.001953	59.387802
-31.574329	2.247268	342.099609	46.179295
-31.574329	2.247268	340.195313	43.529903
-31.574329	2.247268	338.292969	46.156864
-31.574329	2.247268	336.388672	36.916523
-31.574329	2.247268	334.484375	47.452572
-31.574329	2.247268	332.580078	51.394466
-31.574329	2.247268	330.675781	36.889626
-31.574329	2.247268	328.769531	47.417999
-31.574329	2.247268	326.863281	39.505398
-31.574329	2.247268	324.957031	35.546219
-31.574329	2.247268	323.048828	44.751030
-31.574329	2.247268	321.142578	34.213062
-31.574329	2.247268	319.234375	43.413719
-31.574329	2.247268	317.326172	32.881191
-31.574329	2.247268	315.417969	35.503056
-31.574329	2.247268	313.507813	34.179821
-31.574329	2.247268	311.597656	31.542936
-31.574329	2.247268	309.687500	35.477180
-31.574329	2.247268	307.777344	31.527607
-31.574329	2.247268	305.865234	34.146606
-31.574329	2.247268	303.955078	36.764332
-31.574329	2.247268	302.042969	36.755394
-31.574329	2.247268	300.128906	41.995956
-31.574329	2.247268	298.216797	44.609859
-31.574329	2.247268	296.302734	35.416866
-31.574329	2.247268	294.388672	36.719673
-31.574329	2.247268	292.474609	39.332943
-31.574329	2.247268	290.560547	40.634163
-31.574329	2.247268	288.644531	45.866127
-31.574329	2.247268	286.728516	47.165119
-31.574329	2.247268	284.812500	53.702774
-31.574329	2.247268	282.896484	48.451698
-31.574329	2.247268	280.978516	61.531788
-31.574329	2.247268	279.060547	54.972485
-31.574329	2.247268	277.142578	64.118973
-31.574329	2.247268	275.224609	60.178688
-31.574329	2.247268	273.304688	64.087799
-31.574329	2.247268	271.384766	73.225395
-31.574329	2.247268	269.464844	67.978477
-31.574329	2.247268	267.544922	98.022041
-31.574329	2.247268	265.623047	129.357635
-31.574329	2.247268	263.703125	212.931000
-31.574329	2.247268	261.781250	276.873596
-31.574329	2.247268	259.857422	289.863190
-31.574329	2.247268	257.935547	263.685242
-31.574329	2.247268	256.011719	253.180695
-31.574329	2.247268	254.087891	251.814407
-31.574329	2.247268	252.164063	674.385437
-31.574329	2.247268	250.240234	1825.744873
-31.574329	2.247268	248.314453	1848.769043
-31.574329	2.247268	246.388672	818.578735
-31.574329	2.247268	244.462891	349.244843
-31.574329	2.247268	242.535156	239.721741
-31.574329	2.247268	240.609375	194.075302
-31.574329	2.247268	238.681641	164.077469
-31.574329	2.247268	236.753906	143.207397
-31.574329	2.247268	234.824219	111.934929
-31.574329	2.247268	232.896484	104.100197
-31.574329	2.247268	230.966797	85.861786
-31.574329	2.247268	229.037109	72.834709
-31.574329	2.247268	227.107422	81.919128
-31.574329	2.247268	225.175781	77.999245
-31.574329	2.247268	223.244141	85.778313
-31.574329	2.247268	221.312500	85.757454
-31.574329	2.247268	219.380859	87.035645
-31.574329	2.247268	217.447266	92.209381
-31.574329	2.247268	215.515625	74.009247
-31.574329	2.247268	213.582031	64.904610
-31.574329	2.247268	211.646484	76.568825
-31.574329	2.247268	209.712891	71.360359
-31.574329	2.247268	207.777344	59.668701
-31.574329	2.247268	205.841797	53.170044
-31.574329	2.247268	203.906250	42.785000
-31.574329	2.247268	201.968750	44.070797
-31.574329	2.247268	200.033203	38.876545
-31.574329	2.247268	198.095703	32.389248
-31.574329	2.247268	196.158203	29.790863
-31.574329	2.247268	194.218750	32.373501
-31.574329	2.247268	192.281250	31.071009
-31.574329	2.247268	190.341797	31.063456
-31.574329	2.247268	188.402344	28.467915
-31.574329	2.247268	186.460938	25.873631
-31.574329	2.247268	184.521484	19.400507
-31.574329	2.247268	182.580078	27.154110
-31.574329	2.247268	180.638672	21.976555
-31.574329	2.247268	178.695313	25.848488
-31.574329	2.247268	176.753906	29.718538
-31.574329	2.247268	174.810547	31.003113
-31.574329	2.247268	172.867188	21.955202
-31.574329	2.247268	170.921875	23.241035
-31.574329	2.247268	168.978516	24.526243
-31.574329	2.247268	167.033203	28.391909
-31.574329	2.247268	165.087891	29.675238
-31.574329	2.247268	163.142578	20.638628
-31.574329	2.247268	161.195313	29.660820
-31.574329	2.247268	159.248047	28.364326
-31.574329	2.247268	157.300781	32.224358
-31.574329	2.247268	155.353516	36.082516
-31.574329	2.247268	153.406250	34.785404
-31.574329	2.247268	151.457031	47.657307
-31.574329	2.247268	149.507813	32.193062
-31.574329	2.247268	147.558594	39.909702
-31.574329	2.247268	145.607422	34.751621
-31.574329	2.247268	143.658203	47.611027
-31.574329	2.247268	141.707031	41.167103
-31.574329	2.247268	139.753906	46.301746
-31.574329	2.247268	137.802734	69.435753
-31.574329	2.247268	135.849609	68.133362
-31.574329	2.247268	133.896484	74.542938
-31.574329	2.247268	131.943359	60.390816
-31.574329	2.247268	129.990234	61.660755
-31.574329	2.247268	128.035156	57.792927
-31.574329	2.247268	126.080078	55.210945
-31.574329	2.247268	124.125000	52.630219
-31.574329	2.247268	122.169922	50.050739
-31.574329	2.247268	120.212891	51.321632
-31.574329	2.247268	118.255859	48.743721
-31.574329	2.247268	116.298828	39.754963
-31.574329	2.247268	114.341797	47.437962
-31.574329	2.247268	112.382813	39.735676
-31.574329	2.247268	110.423828	39.726032
-31.574329	2.247268	108.464844	30.748177
-31.574329	2.247268	106.505859	24.336403
-31.574329	2.247268	104.544922	16.647184
-31.574329	2.247268	102.585938	16.643147
-31.574329	2.247268	100.625000	8.959520
-31.574329	2.247268	98.662109	0.000000
-31.574329	2.247268	96.701172	3.837932
-31.574329	2.247268	94.738281	3.837002
-31.574329	2.247268	92.775391	2.557381
-31.574329	2.247268	90.812500	-1.278380
-31.574329	2.247268	88.847656	1.278070
-31.574329	2.247268	86.882813	1.277761
-31.574329	2.247268	84.917969	1.277451
-31.574329	2.247268	82.953125	1.277141
-31.574329	2.247268	80.988281	2.553664
-31.574329	2.247268	79.021484	-1.276522
-31.574329	2.247268	77.054688	1.276213
-31.574329	2.247268	75.087891	2.551808
-31.574329	2.247268	73.119141	0.000000
-31.574329	2.247268	71.152344	0.000000
-31.574329	2.247268	69.183594	0.000000
-31.574329	2.247268	67.212891	2.549336
-31.574329	2.247268	65.244141	2.548719
-31.574329	2.247268	63.273438	1.274051
-31.574329	2.247268	61.302734	3.821227
-31.574329	2.247268	59.332031	1.273434
-28.574329	2.247268	1838.626953	22.500080
-28.574329	2.247268	1837.066406	24.107229
-28.574329	2.247268	1835.503906	17.674873
-28.574329	2.247268	1833.941406	28.916365
-28.574329	2.247268	1832.378906	19.273474
-28.574329	2.247268	1830.816406	25.692497
-28.574329	2.247268	1829.251953	16.054394
-28.574329	2.247268	1827.687500	19.261173
-28.574329	2.247268	1826.125000	22.466585
-28.574329	2.247268	1824.560547	22.461803
-28.574329	2.247268	1822.994141	22.457024
-28.574329	2.247268	1821.429688	24.055977
-28.574329	2.247268	1819.865234	20.844076
-28.574329	2.247268	1818.298828	20.839640
-28.574329	2.247268	1816.732422	27.246035
-28.574329	2.247268	1815.166016	19.228401
-28.574329	2.247268	1813.599609	14.418232
-28.574329	2.247268	1812.033203	20.821901
-28.574329	2.247268	1810.464844	20.817469
-28.574329	2.247268	1808.896484	27.217051
-28.574329	2.247268	1807.330078	20.808607
-28.574329	2.247268	1805.759766	27.205463
-28.574329	2.247268	1804.191406	17.599787
-28.574329	2.247268	1802.623047	20.795321
-28.574329	2.247268	1801.052734	22.390192
-28.574329	2.247268	1799.484375	33.578136
-28.574329	2.247268	1797.914063	25.577894
-28.574329	2.247268	1796.343750	25.572449
-28.574329	2.247268	1794.771484	23.969065
-28.574329	2.247268	1793.201172	23.963961
-28.574329	2.247268	1791.628906	20.764343
-28.574329	2.247268	1790.058594	23.953754
-28.574329	2.247268	1788.486328	15.965769
-28.574329	2.247268	1786.914063	27.136026
-28.574329	2.247268	1785.339844	23.938454
-28.574329	2.247268	1783.767578	22.337797
-28.574329	2.247268	1782.193359	28.713907
-28.574329	2.247268	1780.621094	22.328281
-28.574329	2.247268	1779.046875	23.918062
-28.574329	2.247268	1777.470703	27.101362
-28.574329	2.247268	1775.896484	20.720156
-28.574329	2.247268	1774.322266	20.715740
-28.574329	2.247268	1772.746094	20.711327
-28.574329	2.247268	1771.169922	22.299753
-28.574329	2.247268	1769.593750	22.295000
-28.574329	2.247268	1768.017578	20.698090
-28.574329	2.247268	1766.441406	20.693678
-28.574329	2.247268	1764.863281	22.280748
-28.574329	2.247268	1763.287109	25.458286
-28.574329	2.247268	1761.708984	27.043663
-28.574329	2.247268	1760.130859	17.495111
-28.574329	2.247268	1758.552734	22.261757
-28.574329	2.247268	1756.972656	22.257011
-28.574329	2.247268	1755.394531	23.841713
-28.574329	2.247268	1753.814453	25.425739
-28.574329	2.247268	1752.234375	22.242777
-28.574329	2.247268	1750.654297	20.649603
-28.574329	2.247268	1749.074219	22.233292
-28.574329	2.247268	1747.492188	25.404058
-28.574329	2.247268	1745.912109	20.636395
-28.574329	2.247268	1744.330078	23.806145
-28.574329	2.247268	1742.748047	22.214329
-28.574329	2.247268	1741.166016	23.795990
-28.574329	2.247268	1739.583984	25.376974
-28.574329	2.247268	1738.000000	20.614391
-28.574329	2.247268	1736.417969	19.024609
-28.574329	2.247268	1734.833984	12.680367
-28.574329	2.247268	1733.250000	20.601198
-28.574329	2.247268	1731.666016	30.103018
-28.574329	2.247268	1730.082031	22.176437
-28.574329	2.247268	1728.496094	22.171703
-28.574329	2.247268	1726.912109	26.917036
-28.574329	2.247268	1725.326172	23.745255
-28.574329	2.247268	1723.740234	20.574827
-28.574329	2.247268	1722.154297	23.735117
-28.574329	2.247268	1720.566406	22.148046
-28.574329	2.247268	1718.980469	17.398319
-28.574329	2.247268	1717.392578	23.719915
-28.574329	2.247268	1715.804688	22.133858
-28.574329	2.247268	1714.216797	22.129131
-28.574329	2.247268	1712.628906	22.124403
-28.574329	2.247268	1711.041016	25.279631
-28.574329	2.247268	1709.451172	25.274231
-28.574329	2.247268	1707.861328	14.213717
-28.574329	2.247268	1706.271484	18.947573
-28.574329	2.247268	1704.681641	23.679405
-28.574329	2.247268	1703.091797	18.939476
-28.574329	2.247268	1701.501953	18.935427
-28.574329	2.247268	1699.910156	26.819454
-28.574329	2.247268	1698.318359	33.122833
-28.574329	2.247268	1696.726563	29.961870
-28.574329	2.247268	1695.134766	31.532066
-28.574329	2.247268	1693.542969	23.643993
-28.574329	2.247268	1691.949219	22.063007
-28.574329	2.247268	1690.357422	17.331512
-28.574329	2.247268	1688.763672	15.752550
-28.574329	2.247268	1687.169922	14.174263
-28.574329	2.247268	1685.576172	22.044136
-28.574329	2.247268	1683.982422	25.187908
-28.574329	2.247268	1682.386719	23.608612
-28.574329	2.247268	1680.791016	23.603559
-28.574329	2.247268	1679.195313	17.305573
-28.574329	2.247268	1677.599609	15.728971
-28.574329	2.247268	1676.003906	31.451210
-28.574329	2.247268	1674.408203	22.011133
-28.574329	2.247268	1672.810547	18.862646
-28.574329	2.247268	1671.214844	23.573259
-28.574329	2.247268	1669.617188	25.139425
-28.574329	2.247268	1668.019531	23.563164
-28.574329	2.247268	1666.419922	14.134871
-28.574329	2.247268	1664.822266	28.263685
-28.574329	2.247268	1663.222656	17.268553
-28.574329	2.247268	1661.623047	20.403917
-28.574329	2.247268	1660.023438	15.691957
-28.574329	2.247268	1658.423828	23.532892
-28.574329	2.247268	1656.824219	28.233419
-28.574329	2.247268	1655.222656	25.090994
-28.574329	2.247268	1653.623047	25.085615
-28.574329	2.247268	1652.021484	20.377691
-28.574329	2.247268	1650.419922	25.074860
-28.574329	2.247268	1648.818359	21.935797
-28.574329	2.247268	1647.214844	18.798080
-28.574329	2.247268	1645.613281	26.624901
-28.574329	2.247268	1644.009766	26.619190
-28.574329	2.247268	1642.406250	23.482481
-28.574329	2.247268	1640.802734	14.086466
-28.574329	2.247268	1639.199219	15.648271
-28.574329	2.247268	1637.593750	25.031860
-28.574329	2.247268	1635.990234	20.334021
-28.574329	2.247268	1634.384766	21.893476
-28.574329	2.247268	1632.779297	20.325293
-28.574329	2.247268	1631.173828	18.757780
-28.574329	2.247268	1629.568359	25.005003
-28.574329	2.247268	1627.960938	15.624771
-28.574329	2.247268	1626.353516	18.745699
-28.574329	2.247268	1624.748047	24.988895
-28.574329	2.247268	1623.140625	15.614705
-28.574329	2.247268	1621.531250	17.172485
-28.574329	2.247268	1619.923828	26.533592
-28.574329	2.247268	1618.314453	23.406961
-28.574329	2.247268	1616.707031	24.962059
-28.574329	2.247268	1615.097656	18.717520
-28.574329	2.247268	1613.488281	17.154039
-28.574329	2.247268	1611.878906	24.945965
-28.574329	2.247268	1610.267578	23.381813
-28.574329	2.247268	1608.656250	18.701427
-28.574329	2.247268	1607.046875	28.046106
-28.574329	2.247268	1605.435547	24.924509
-28.574329	2.247268	1603.824219	23.361700
-28.574329	2.247268	1602.210938	26.470898
-28.574329	2.247268	1600.599609	24.908424
-28.574329	2.247268	1598.986328	34.241711
-28.574329	2.247268	1597.373047	20.229383
-28.574329	2.247268	1595.759766	18.669256
-28.574329	2.247268	1594.146484	27.997856
-28.574329	2.247268	1592.533203	21.771421
-28.574329	2.247268	1590.917969	18.657200
-28.574329	2.247268	1589.302734	10.881021
-28.574329	2.247268	1587.687500	20.203259
-28.574329	2.247268	1586.072266	15.537621
-28.574329	2.247268	1584.457031	24.854836
-28.574329	2.247268	1582.839844	20.190201
-28.574329	2.247268	1581.224609	24.844122
-28.574329	2.247268	1579.607422	21.733921
-28.574329	2.247268	1577.990234	26.385500
-28.574329	2.247268	1576.373047	27.931564
-28.574329	2.247268	1574.755859	26.374121
-28.574329	2.247268	1573.136719	20.164095
-28.574329	2.247268	1571.517578	18.608997
-28.574329	2.247268	1569.898438	21.705812
-28.574329	2.247268	1568.279297	24.801289
-28.574329	2.247268	1566.660156	21.696445
-28.574329	2.247268	1565.041016	21.691763
-28.574329	2.247268	1563.419922	17.039848
-28.574329	2.247268	1561.798828	20.133654
-28.574329	2.247268	1560.177734	17.032490
-28.574329	2.247268	1558.556641	17.028812
-28.574329	2.247268	1556.935547	21.668352
-28.574329	2.247268	1555.312500	15.474051
-28.574329	2.247268	1553.691406	20.111919
-28.574329	2.247268	1552.068359	20.107574
-28.574329	2.247268	1550.445313	23.196033
-28.574329	2.247268	1548.822266	17.006748
-28.574329	2.247268	1547.197266	20.094538
-28.574329	2.247268	1545.574219	15.453995
-28.574329	2.247268	1543.949219	23.175980
-28.574329	2.247268	1542.324219	29.349892
-28.574329	2.247268	1540.699219	15.443971
-28.574329	2.247268	1539.072266	15.440629
-28.574329	2.247268	1537.447266	21.612204
-28.574329	2.247268	1535.820313	16.977343
-28.574329	2.247268	1534.193359	24.688971
-28.574329	2.247268	1532.566406	20.055447
-28.574329	2.247268	1530.939453	15.423926
-28.574329	2.247268	1529.312500	24.672939
-28.574329	2.247268	1527.683594	18.500696
-28.574329	2.247268	1526.056641	20.038080
-28.574329	2.247268	1524.427734	20.033739
-28.574329	2.247268	1522.798828	10.785060
-28.574329	2.247268	1521.167969	15.403891
-28.574329	2.247268	1519.539063	24.640882
-28.574329	2.247268	1517.908203	24.635542
-28.574329	2.247268	1516.277344	23.090813
-28.574329	2.247268	1514.646484	20.007698
-28.574329	2.247268	1513.015625	27.696959
-28.574329	2.247268	1511.384766	18.460634
-28.574329	2.247268	1509.751953	21.532734
-28.574329	2.247268	1508.121094	16.914906
-28.574329	2.247268	1506.488281	21.523390
-28.574329	2.247268	1504.855469	26.129871
-28.574329	2.247268	1503.220703	16.903894
-28.574329	2.247268	1501.587891	26.118526
-28.574329	2.247268	1499.953125	21.504704
-28.574329	2.247268	1498.318359	23.035749
-28.574329	2.247268	1496.683594	18.424597
-28.574329	2.247268	1495.048828	33.771088
-28.574329	2.247268	1493.414063	18.416592
-28.574329	2.247268	1491.777344	16.878206
-28.574329	2.247268	1490.140625	19.942636
-28.574329	2.247268	1488.505859	15.337153
-28.574329	2.247268	1486.867188	19.933964
-28.574329	2.247268	1485.230469	16.863533
-28.574329	2.247268	1483.593750	19.925295
-28.574329	2.247268	1481.955078	27.582867
-28.574329	2.247268	1480.316406	16.852530
-28.574329	2.247268	1478.677734	22.975719
-28.574329	2.247268	1477.039063	24.502100
-28.574329	2.247268	1475.400391	21.434671
-28.574329	2.247268	1473.759766	21.430004
-28.574329	2.247268	1472.119141	19.894957
-28.574329	2.247268	1470.478516	15.300479
-28.574329	2.247268	1468.837891	22.945719
-28.574329	2.247268	1467.197266	21.411339
-28.574329	2.247268	1465.556641	22.935720
-28.574329	2.247268	1463.914063	25.988152
-28.574329	2.247268	1462.271484	21.397341
-28.574329	2.247268	1460.628906	25.976820
-28.574329	2.247268	1458.986328	21.388010
-28.574329	2.247268	1457.343750	13.746437
-28.574329	2.247268	1455.699219	24.432779
-28.574329	2.247268	1454.054688	18.320585
-28.574329	2.247268	1452.410156	15.263824
-28.574329	2.247268	1450.765625	19.838640
-28.574329	2.247268	1449.121094	19.834309
-28.574329	2.247268	1447.474609	27.456894
-28.574329	2.247268	1445.830078	22.875748
-28.574329	2.247268	1444.183594	18.296600
-28.574329	2.247268	1442.537109	21.341372
-28.574329	2.247268	1440.890625	19.812658
-28.574329	2.247268	1439.242188	22.855764
-28.574329	2.247268	1437.595703	15.233846
-28.574329	2.247268	1435.947266	18.276619
-28.574329	2.247268	1434.298828	16.749905
-28.574329	2.247268	1432.650391	16.746241
-28.574329	2.247268	1431.000000	16.742579
-28.574329	2.247268	1429.351563	22.825794
-28.574329	2.247268	1427.701172	24.342186
-28.574329	2.247268	1426.050781	19.773697
-28.574329	2.247268	1424.400391	16.727928
-28.574329	2.247268	1422.750000	22.805817
-28.574329	2.247268	1421.097656	21.280769
-28.574329	2.247268	1419.447266	21.276108
-28.574329	2.247268	1417.794922	25.829615
-28.574329	2.247268	1416.142578	25.823957
-28.574329	2.247268	1414.490234	22.780851
-28.574329	2.247268	1412.835938	22.775858
-28.574329	2.247268	1411.183594	16.698635
-28.574329	2.247268	1409.529297	22.765873
-28.574329	2.247268	1407.875000	22.760881
-28.574329	2.247268	1406.220703	13.653534
-28.574329	2.247268	1404.566406	16.683992
-28.574329	2.247268	1402.910156	15.163938
-28.574329	2.247268	1401.255859	18.192732
-28.574329	2.247268	1399.599609	25.767380
-28.574329	2.247268	1397.943359	21.215536
-28.574329	2.247268	1396.287109	22.725941
-28.574329	2.247268	1394.628906	16.662029
-28.574329	2.247268	1392.970703	24.230356
-28.574329	2.247268	1391.314453	27.253162
-28.574329	2.247268	1389.656250	19.678514
-28.574329	2.247268	1387.998047	25.727787
-28.574329	2.247268	1386.337891	18.156799
-28.574329	2.247268	1384.679688	28.741943
-28.574329	2.247268	1383.019531	16.636414
-28.574329	2.247268	1381.359375	24.193098
-28.574329	2.247268	1379.699219	25.699511
-28.574329	2.247268	1378.039063	15.114034
-28.574329	2.247268	1376.376953	21.154989
-28.574329	2.247268	1374.716797	13.596643
-28.574329	2.247268	1373.054688	18.124866
-28.574329	2.247268	1371.392578	21.141022
-28.574329	2.247268	1369.728516	22.646105
-28.574329	2.247268	1368.066406	21.131708
-28.574329	2.247268	1366.402344	18.108902
-28.574329	2.247268	1364.740234	19.613655
-28.574329	2.247268	1363.076172	22.626152
-28.574329	2.247268	1361.412109	22.621164
-28.574329	2.247268	1359.746094	27.139412
-28.574329	2.247268	1358.082031	18.088951
-28.574329	2.247268	1356.416016	19.592041
-28.574329	2.247268	1354.750000	21.094465
-28.574329	2.247268	1353.083984	27.115471
-28.574329	2.247268	1351.417969	15.060826
-28.574329	2.247268	1349.750000	22.586252
-28.574329	2.247268	1348.083984	19.570429
-28.574329	2.247268	1346.416016	18.061022
-28.574329	2.247268	1344.748047	19.561787
-28.574329	2.247268	1343.078125	24.070724
-28.574329	2.247268	1341.410156	18.049055
-28.574329	2.247268	1339.740234	19.548820
-28.574329	2.247268	1338.072266	13.530807
-28.574329	2.247268	1336.402344	22.546360
-28.574329	2.247268	1334.730469	21.038616
-28.574329	2.247268	1333.060547	13.521832
-28.574329	2.247268	1331.388672	22.531403
-28.574329	2.247268	1329.718750	25.529938
-28.574329	2.247268	1328.046875	22.521431
-28.574329	2.247268	1326.375000	19.514252
-28.574329	2.247268	1324.701172	24.012224
-28.574329	2.247268	1323.029297	19.505611
-28.574329	2.247268	1321.355469	22.501490
-28.574329	2.247268	1319.681641	32.994873
-28.574329	2.247268	1318.007813	16.493780
-28.574329	2.247268	1316.333984	17.989227
-28.574329	2.247268	1314.660156	20.982780
-28.574329	2.247268	1312.984375	20.978127
-28.574329	2.247268	1311.308594	14.981053
-28.574329	2.247268	1309.632813	19.471050
-28.574329	2.247268	1307.957031	25.456493
-28.574329	2.247268	1306.279297	22.456627
-28.574329	2.247268	1304.603516	25.445196
-28.574329	2.247268	1302.925781	19.453772
-28.574329	2.247268	1301.248047	22.441675
-28.574329	2.247268	1299.570313	19.445133
-28.574329	2.247268	1297.892578	19.440813
-28.574329	2.247268	1296.212891	20.931608
-28.574329	2.247268	1294.533203	22.421740
-28.574329	2.247268	1292.853516	22.416758
-28.574329	2.247268	1291.173828	29.882364
-28.574329	2.247268	1289.494141	29.875719
-28.574329	2.247268	1287.812500	14.934538
-28.574329	2.247268	1286.132813	19.410580
-28.574329	2.247268	1284.451172	16.420683
-28.574329	2.247268	1282.769531	14.924572
-28.574329	2.247268	1281.085938	20.889750
-28.574329	2.247268	1279.404297	11.934342
-28.574329	2.247268	1277.720703	25.354830
-28.574329	2.247268	1276.039063	19.384670
-28.574329	2.247268	1274.355469	20.871147
-28.574329	2.247268	1272.669922	11.923713
-28.574329	2.247268	1270.986328	17.881582
-28.574329	2.247268	1269.300781	16.387796
-28.574329	2.247268	1267.615234	19.363079
-28.574329	2.247268	1265.929688	23.826168
-28.574329	2.247268	1264.244141	23.820852
-28.574329	2.247268	1262.558594	20.838596
-28.574329	2.247268	1260.871094	14.881391
-28.574329	2.247268	1259.185547	22.317104
-28.574329	2.247268	1257.498047	31.236971
-28.574329	2.247268	1255.808594	25.281425
-28.574329	2.247268	1254.121094	22.302158
-28.574329	2.247268	1252.433594	19.324221
-28.574329	2.247268	1250.744141	22.292196
-28.574329	2.247268	1249.054688	19.315586
-28.574329	2.247268	1247.365234	22.282232
-28.574329	2.247268	1245.673828	25.247551
-28.574329	2.247268	1243.984375	17.817816
-28.574329	2.247268	1242.292969	16.329346
-28.574329	2.247268	1240.601563	19.294001
-28.574329	2.247268	1238.910156	14.838218
-28.574329	2.247268	1237.218750	22.252346
-28.574329	2.247268	1235.525391	22.247366
-28.574329	2.247268	1233.833984	17.793907
-28.574329	2.247268	1232.140625	22.237404
-28.574329	2.247268	1230.447266	23.714584
-28.574329	2.247268	1228.753906	19.263783
-28.574329	2.247268	1227.058594	29.629950
-28.574329	2.247268	1225.365234	19.255150
-28.574329	2.247268	1223.669922	28.135834
-28.574329	2.247268	1221.974609	20.727018
-28.574329	2.247268	1220.277344	22.202539
-28.574329	2.247268	1218.582031	20.717722
-28.574329	2.247268	1216.884766	19.233568
-28.574329	2.247268	1215.189453	22.187599
-28.574329	2.247268	1213.492188	25.140303
-28.574329	2.247268	1211.792969	17.742111
-28.574329	2.247268	1210.095703	23.650837
-28.574329	2.247268	1208.396484	22.167681
-28.574329	2.247268	1206.699219	20.685186
-28.574329	2.247268	1205.000000	23.634901
-28.574329	2.247268	1203.298828	22.152740
-28.574329	2.247268	1201.599609	14.765174
-28.574329	2.247268	1199.900391	19.190411
-28.574329	2.247268	1198.199219	16.234388
-28.574329	2.247268	1196.498047	19.181780
-28.574329	2.247268	1194.796875	20.652655
-28.574329	2.247268	1193.093750	14.748576
-28.574329	2.247268	1191.392578	22.117886
-28.574329	2.247268	1189.689453	23.587099
-28.574329	2.247268	1187.986328	20.634066
-28.574329	2.247268	1186.283203	16.208828
-28.574329	2.247268	1184.580078	16.205177
-28.574329	2.247268	1182.875000	14.728660
-28.574329	2.247268	1181.169922	17.670408
-28.574329	2.247268	1179.464844	25.027435
-28.574329	2.247268	1177.759766	23.549923
-28.574329	2.247268	1176.054688	17.658459
-28.574329	2.247268	1174.347656	17.654476
-28.574329	2.247268	1172.642578	19.121368
-28.574329	2.247268	1170.935547	16.175968
-28.574329	2.247268	1169.228516	23.523371
-28.574329	2.247268	1167.519531	19.108425
-28.574329	2.247268	1165.812500	26.451845
-28.574329	2.247268	1164.103516	19.099794
-28.574329	2.247268	1162.394531	23.502131
-28.574329	2.247268	1160.685547	17.622616
-28.574329	2.247268	1158.976563	19.086853
-28.574329	2.247268	1157.265625	20.550425
-28.574329	2.247268	1155.556641	24.948446
-28.574329	2.247268	1153.845703	14.672238
-28.574329	2.247268	1152.134766	17.602703
-28.574329	2.247268	1150.423828	29.331202
-28.574329	2.247268	1148.710938	19.060966
-28.574329	2.247268	1146.998047	27.852032
-28.574329	2.247268	1145.287109	23.449032
-28.574329	2.247268	1143.572266	8.791396
-28.574329	2.247268	1141.859375	21.973513
-28.574329	2.247268	1140.146484	24.897675
-28.574329	2.247268	1138.431641	23.427795
-28.574329	2.247268	1136.716797	21.958582
-28.574329	2.247268	1135.001953	20.490030
-28.574329	2.247268	1133.287109	17.558901
-28.574329	2.247268	1131.570313	17.554920
-28.574329	2.247268	1129.855469	14.625781
-28.574329	2.247268	1128.138672	23.395941
-28.574329	2.247268	1126.421875	27.776377
-28.574329	2.247268	1124.703125	21.923742
-28.574329	2.247268	1122.986328	20.457514
-28.574329	2.247268	1121.267578	17.531031
-28.574329	2.247268	1119.548828	23.369398
-28.574329	2.247268	1117.830078	23.364090
-28.574329	2.247268	1116.111328	17.519087
-28.574329	2.247268	1114.392578	16.055513
-28.574329	2.247268	1112.671875	18.970385
-28.574329	2.247268	1110.951172	20.424999
-28.574329	2.247268	1109.230469	23.337549
-28.574329	2.247268	1107.509766	16.040916
-28.574329	2.247268	1105.787109	20.411066
-28.574329	2.247268	1104.066406	20.406422
-28.574329	2.247268	1102.343750	11.658158
-28.574329	2.247268	1100.621094	16.026320
-28.574329	2.247268	1098.896484	17.479277
-28.574329	2.247268	1097.173828	20.387844
-28.574329	2.247268	1095.449219	20.383202
-28.574329	2.247268	1093.724609	24.745390
-28.574329	2.247268	1092.000000	20.373913
-28.574329	2.247268	1090.275391	23.279165
-28.574329	2.247268	1088.550781	18.910009
-28.574329	2.247268	1086.824219	15.997128
-28.574329	2.247268	1085.097656	23.263243
-28.574329	2.247268	1083.371094	23.257936
-28.574329	2.247268	1081.644531	26.159208
-28.574329	2.247268	1079.916016	23.247322
-28.574329	2.247268	1078.189453	21.789389
-28.574329	2.247268	1076.460938	18.879826
-28.574329	2.247268	1074.732422	27.587290
-28.574329	2.247268	1073.001953	21.774466
-28.574329	2.247268	1071.273438	23.220789
-28.574329	2.247268	1069.542969	15.960645
-28.574329	2.247268	1067.812500	17.407633
-28.574329	2.247268	1066.082031	20.304262
-28.574329	2.247268	1064.351563	18.849646
-28.574329	2.247268	1062.619141	24.643900
-28.574329	2.247268	1060.888672	26.087570
-28.574329	2.247268	1059.156250	24.632624
-28.574329	2.247268	1057.421875	26.075632
-28.574329	2.247268	1055.689453	18.828091
-28.574329	2.247268	1053.957031	24.615711
-28.574329	2.247268	1052.222656	26.057726
-28.574329	2.247268	1050.488281	20.262478
-28.574329	2.247268	1048.753906	17.363859
-28.574329	2.247268	1047.019531	23.146507
-28.574329	2.247268	1045.283203	15.909576
-28.574329	2.247268	1043.546875	26.027884
-28.574329	2.247268	1041.810547	23.130592
-28.574329	2.247268	1040.074219	28.906609
-28.574329	2.247268	1038.337891	15.894987
-28.574329	2.247268	1036.599609	26.004011
-28.574329	2.247268	1034.861328	23.109373
-28.574329	2.247268	1033.123047	28.880085
-28.574329	2.247268	1031.384766	15.880400
-28.574329	2.247268	1029.646484	21.650118
-28.574329	2.247268	1027.906250	21.645145
-28.574329	2.247268	1026.167969	25.968206
-28.574329	2.247268	1024.427734	31.731627
-28.574329	2.247268	1022.685547	17.304182
-28.574329	2.247268	1020.945313	25.950306
-28.574329	2.247268	1019.203125	24.502987
-28.574329	2.247268	1017.462891	24.497351
-28.574329	2.247268	1015.720703	18.728960
-28.574329	2.247268	1013.976563	23.045723
-28.574329	2.247268	1012.234375	24.480446
-28.574329	2.247268	1010.490234	23.035116
-28.574329	2.247268	1008.746094	27.347904
-28.574329	2.247268	1007.001953	24.463543
-28.574329	2.247268	1005.257813	30.212709
-28.574329	2.247268	1003.513672	25.890642
-28.574329	2.247268	1001.767578	25.884678
-28.574329	2.247268	1000.021484	30.191830
-28.574329	2.247268	998.275391	25.872746
-28.574329	2.247268	996.529297	28.740868
-28.574329	2.247268	994.781250	25.860815
-28.574329	2.247268	993.035156	38.782276
-28.574329	2.247268	991.287109	38.773331
-28.574329	2.247268	989.539063	31.585793
-28.574329	2.247268	987.789063	35.884663
-28.574329	2.247268	986.041016	37.311432
-28.574329	2.247268	984.291016	38.737541
-28.574329	2.247268	982.541016	30.122242
-28.574329	2.247268	980.791016	37.285587
-28.574329	2.247268	979.041016	45.879353
-28.574329	2.247268	977.289063	44.435352
-28.574329	2.247268	975.537109	40.125881
-28.574329	2.247268	973.785156	37.251133
-28.574329	2.247268	972.033203	38.674923
-28.574329	2.247268	970.281250	42.962196
-28.574329	2.247268	968.527344	35.793549
-28.574329	2.247268	966.773438	42.942322
-28.574329	2.247268	965.019531	40.070225
-28.574329	2.247268	963.265625	32.907207
-28.574329	2.247268	961.511719	32.899590
-28.574329	2.247268	959.755859	41.472485
-28.574329	2.247268	958.000000	37.173615
-28.574329	2.247268	956.244141	44.312119
-28.574329	2.247268	954.488281	32.869118
-28.574329	2.247268	952.730469	37.147781
-28.574329	2.247268	950.974609	35.710739
-28.574329	2.247268	949.216797	34.274361
-28.574329	2.247268	947.458984	49.971855
-28.574329	2.247268	945.701172	29.976158
-28.574329	2.247268	943.941406	34.250519
-28.574329	2.247268	942.181641	34.242569
-28.574329	2.247268	940.421875	37.087509
-28.574329	2.247268	938.662109	35.652786
-28.574329	2.247268	936.902344	34.218727
-28.574329	2.247268	935.140625	28.508986
-28.574329	2.247268	933.380859	22.801891
-28.574329	2.247268	931.619141	29.920528
-28.574329	2.247268	929.855469	22.791296
-28.574329	2.247268	928.093750	21.361874
-28.574329	2.247268	926.330078	19.933113
-28.574329	2.247268	924.568359	25.622330
-28.574329	2.247268	922.804688	22.770107
-28.574329	2.247268	921.039063	22.764811
-28.574329	2.247268	919.275391	24.181984
-28.574329	2.247268	917.509766	22.754219
-28.574329	2.247268	915.744141	32.701576
-28.574329	2.247268	913.978516	25.586580
-28.574329	2.247268	912.212891	27.001768
-28.574329	2.247268	910.447266	29.837109
-28.574329	2.247268	908.679688	21.307257
-28.574329	2.247268	906.912109	21.302292
-28.574329	2.247268	905.144531	19.877506
-28.574329	2.247268	903.375000	26.970327
-28.574329	2.247268	901.607422	24.125721
-28.574329	2.247268	899.837891	21.282436
-28.574329	2.247268	898.068359	26.951468
-28.574329	2.247268	896.298828	24.108845
-28.574329	2.247268	894.529297	21.267548
-28.574329	2.247268	892.757813	29.767618
-28.574329	2.247268	890.986328	26.926321
-28.574329	2.247268	889.214844	24.086348
-28.574329	2.247268	887.443359	18.414671
-28.574329	2.247268	885.669922	25.491282
-28.574329	2.247268	883.898438	22.653625
-28.574329	2.247268	882.125000	25.479374
-28.574329	2.247268	880.351563	25.473419
-28.574329	2.247268	878.578125	22.637747
-28.574329	2.247268	876.802734	21.217928
-28.574329	2.247268	875.027344	19.798769
-28.574329	2.247268	873.251953	25.449606
-28.574329	2.247268	871.476563	24.030117
-28.574329	2.247268	869.701172	25.437702
-28.574329	2.247268	867.923828	24.018873
-28.574329	2.247268	866.146484	25.425797
-28.574329	2.247268	864.369141	22.595417
-28.574329	2.247268	862.591797	24.002010
-28.574329	2.247268	860.814453	26.819494
-28.574329	2.247268	859.035156	31.046879
-28.574329	2.247268	857.255859	25.396040
-28.574329	2.247268	855.476563	22.568970
-28.574329	2.247268	853.697266	25.384140
-28.574329	2.247268	851.916016	31.017788
-28.574329	2.247268	850.136719	21.143534
-28.574329	2.247268	848.355469	23.957052
-28.574329	2.247268	846.574219	19.724710
-28.574329	2.247268	844.791016	18.311506
-28.574329	2.247268	843.009766	23.940197
-28.574329	2.247268	841.226563	21.118746
-28.574329	2.247268	839.443359	25.336546
-28.574329	2.247268	837.660156	15.479811
-28.574329	2.247268	835.875000	23.917727
-28.574329	2.247268	834.091797	26.725298
-28.574329	2.247268	832.306641	23.906492
-28.574329	2.247268	830.521484	28.118677
-28.574329	2.247268	828.734375	18.272846
-28.574329	2.247268	826.949219	23.889645
-28.574329	2.247268	825.162109	23.884027
-28.574329	2.247268	823.375000	22.473801
-28.574329	2.247268	821.587891	23.872797
-28.574329	2.247268	819.800781	18.251375
-28.574329	2.247268	818.011719	23.861568
-28.574329	2.247268	816.222656	14.032914
-28.574329	2.247268	814.433594	23.850340
-28.574329	2.247268	812.644531	23.844727
-28.574329	2.247268	810.855469	18.229910
-28.574329	2.247268	809.064453	18.225618
-28.574329	2.247268	807.273438	23.827887
-28.574329	2.247268	805.482422	26.624895
-28.574329	2.247268	803.691406	22.415682
-28.574329	2.247268	801.898438	25.211700
-28.574329	2.247268	800.107422	28.006399
-28.574329	2.247268	798.314453	18.199867
-28.574329	2.247268	796.521484	19.595238
-28.574329	2.247268	794.726563	23.788605
-28.574329	2.247268	792.933594	20.984995
-28.574329	2.247268	791.138672	22.378716
-28.574329	2.247268	789.343750	27.966795
-28.574329	2.247268	787.546875	22.368156
-28.574329	2.247268	785.751953	25.158236
-28.574329	2.247268	783.955078	26.549648
-28.574329	2.247268	782.158203	32.131458
-28.574329	2.247268	780.361328	27.933802
-28.574329	2.247268	778.564453	32.116283
-28.574329	2.247268	776.765625	26.524576
-28.574329	2.247268	774.968750	26.518309
-28.574329	2.247268	773.169922	26.512043
-28.574329	2.247268	771.369141	30.690899
-28.574329	2.247268	769.570313	25.104799
-28.574329	2.247268	767.769531	32.070770
-28.574329	2.247268	765.970703	26.486980
-28.574329	2.247268	764.167969	12.543497
-28.574329	2.247268	762.367188	29.261236
-28.574329	2.247268	760.566406	25.075125
-28.574329	2.247268	758.763672	26.461924
-28.574329	2.247268	756.960938	25.063257
-28.574329	2.247268	755.158203	27.841473
-28.574329	2.247268	753.353516	20.876160
-28.574329	2.247268	751.550781	25.045460
-28.574329	2.247268	749.746094	33.386036
-28.574329	2.247268	747.941406	30.596619
-28.574329	2.247268	746.136719	30.589369
-28.574329	2.247268	744.330078	33.362312
-28.574329	2.247268	742.523438	22.236271
-28.574329	2.247268	740.718750	20.841562
-28.574329	2.247268	738.910156	26.393053
-28.574329	2.247268	737.103516	24.998016
-28.574329	2.247268	735.294922	27.768986
-28.574329	2.247268	733.488281	27.762398
-28.574329	2.247268	731.679688	26.368021
-28.574329	2.247268	729.869141	23.586842
-28.574329	2.247268	728.060547	24.968376
-28.574329	2.247268	726.250000	22.188845
-28.574329	2.247268	724.439453	23.570049
-28.574329	2.247268	722.628906	22.178308
-28.574329	2.247268	720.818359	22.173042
-28.574329	2.247268	719.005859	26.324234
-28.574329	2.247268	717.195313	20.777353
-28.574329	2.247268	715.382813	22.157244
-28.574329	2.247268	713.568359	23.536476
-28.574329	2.247268	711.755859	26.299221
-28.574329	2.247268	709.941406	22.141449
-28.574329	2.247268	708.126953	22.136185
-28.574329	2.247268	706.312500	26.280468
-28.574329	2.247268	704.498047	23.508511
-28.574329	2.247268	702.681641	27.650492
-28.574329	2.247268	700.867188	31.790501
-28.574329	2.247268	699.050781	24.873602
-28.574329	2.247268	697.232422	27.630758
-28.574329	2.247268	695.416016	23.480555
-28.574329	2.247268	693.597656	27.617605
-28.574329	2.247268	691.779297	27.611029
-28.574329	2.247268	689.960938	23.463787
-28.574329	2.247268	688.142578	23.458199
-28.574329	2.247268	686.324219	17.934349
-28.574329	2.247268	684.503906	12.413129
-28.574329	2.247268	682.683594	17.925802
-28.574329	2.247268	680.863281	19.300110
-28.574329	2.247268	679.041016	20.673761
-28.574329	2.247268	677.218750	23.424677
-28.574329	2.247268	675.398438	24.796684
-28.574329	2.247268	673.576172	20.658976
-28.574329	2.247268	671.751953	15.146302
-28.574329	2.247268	669.929688	23.402338
-28.574329	2.247268	668.105469	22.020475
-28.574329	2.247268	666.281250	20.639269
-28.574329	2.247268	664.457031	17.883099
-28.574329	2.247268	662.630859	23.380007
-28.574329	2.247268	660.806641	23.374426
-28.574329	2.247268	658.980469	24.743483
-28.574329	2.247268	657.154297	31.609123
-28.574329	2.247268	655.326172	21.983704
-28.574329	2.247268	653.500000	27.473066
-28.574329	2.247268	651.671875	32.959805
-28.574329	2.247268	649.843750	39.816914
-28.574329	2.247268	648.015625	38.434727
-28.574329	2.247268	646.185547	24.702133
-28.574329	2.247268	644.357422	32.928307
-28.574329	2.247268	642.527344	35.663803
-28.574329	2.247268	640.697266	34.283916
-28.574329	2.247268	638.865234	24.678518
-28.574329	2.247268	637.035156	39.750324
-28.574329	2.247268	635.203125	38.370441
-28.574329	2.247268	633.371094	31.511038
-28.574329	2.247268	631.539063	26.024628
-28.574329	2.247268	629.705078	30.126568
-28.574329	2.247268	627.873047	42.440914
-28.574329	2.247268	626.039063	34.218349
-28.574329	2.247268	624.203125	35.578564
-28.574329	2.247268	622.369141	28.729650
-28.574329	2.247268	620.535156	34.193775
-28.574329	2.247268	618.699219	34.185585
-28.574329	2.247268	616.863281	24.607723
-28.574329	2.247268	615.025391	32.802437
-28.574329	2.247268	613.189453	25.962374
-28.574329	2.247268	611.351563	32.786716
-28.574329	2.247268	609.513672	24.584145
-28.574329	2.247268	607.675781	27.309168
-28.574329	2.247268	605.837891	24.572359
-28.574329	2.247268	603.998047	25.931271
-28.574329	2.247268	602.158203	28.654005
-28.574329	2.247268	600.318359	32.739578
-28.574329	2.247268	598.478516	30.004082
-28.574329	2.247268	596.636719	23.179411
-28.574329	2.247268	594.796875	25.900185
-28.574329	2.247268	592.955078	31.345331
-28.574329	2.247268	591.111328	31.337807
-28.574329	2.247268	589.269531	23.157167
-28.574329	2.247268	587.425781	24.513468
-28.574329	2.247268	585.583984	20.422985
-28.574329	2.247268	583.738281	27.224108
-28.574329	2.247268	581.894531	21.774055
-28.574329	2.247268	580.050781	19.047722
-28.574329	2.247268	578.205078	25.844271
-28.574329	2.247268	576.359375	23.118265
-28.574329	2.247268	574.513672	21.753139
-28.574329	2.247268	572.666016	23.107157
-28.574329	2.247268	570.818359	31.255110
-28.574329	2.247268	568.970703	24.454641
-28.574329	2.247268	567.123047	28.523556
-28.574329	2.247268	565.275391	28.516697
-28.574329	2.247268	563.425781	24.437006
-28.574329	2.247268	561.576172	24.431129
-28.574329	2.247268	559.726563	23.068295
-28.574329	2.247268	557.876953	33.915802
-28.574329	2.247268	556.027344	25.769808
-28.574329	2.247268	554.175781	24.407629
-28.574329	2.247268	552.324219	25.757408
-28.574329	2.247268	550.472656	29.817190
-28.574329	2.247268	548.619141	29.810013
-28.574329	2.247268	546.767578	32.512188
-28.574329	2.247268	544.914063	29.795662
-28.574329	2.247268	543.060547	32.496532
-28.574329	2.247268	541.205078	35.196098
-28.574329	2.247268	539.351563	36.540993
-28.574329	2.247268	537.496094	39.238281
-28.574329	2.247268	535.640625	50.050575
-28.574329	2.247268	533.785156	52.743301
-28.574329	2.247268	531.927734	44.618195
-28.574329	2.247268	530.070313	58.124851
-28.574329	2.247268	528.212891	77.030647
-28.574329	2.247268	526.355469	101.331688
-28.574329	2.247268	524.498047	174.248489
-28.574329	2.247268	522.638672	379.473053
-28.574329	2.247268	520.779297	569.747375
-28.574329	2.247268	518.919922	475.124939
-28.574329	2.247268	517.060547	250.999786
-28.574329	2.247268	515.199219	159.198029
-28.574329	2.247268	513.339844	93.067917
-28.574329	2.247268	511.478516	76.863647
-28.574329	2.247268	509.615234	66.059822
-28.574329	2.247268	507.753906	75.478722
-28.574329	2.247268	505.890625	56.595383
-28.574329	2.247268	504.027344	66.012016
-28.574329	2.247268	502.164063	61.955505
-28.574329	2.247268	500.300781	49.821747
-28.574329	2.247268	498.435547	60.579388
-28.574329	2.247268	496.570313	67.294182
-28.574329	2.247268	494.705078	51.131229
-28.574329	2.247268	492.839844	47.083179
-28.574329	2.247268	490.972656	60.520897
-28.574329	2.247268	489.107422	57.817112
-28.574329	2.247268	487.240234	51.081852
-28.574329	2.247268	485.371094	52.413445
-28.574329	2.247268	483.503906	48.369953
-28.574329	2.247268	481.634766	41.641842
-28.574329	2.247268	479.765625	37.602898
-28.574329	2.247268	477.896484	38.936443
-28.574329	2.247268	476.027344	34.900101
-28.574329	2.247268	474.156250	45.627560
-28.574329	2.247268	472.285156	36.224892
-28.574329	2.247268	470.414063	38.898811
-28.574329	2.247268	468.542969	41.571434
-28.574329	2.247268	466.669922	32.176556
-28.574329	2.247268	464.796875	29.488043
-28.574329	2.247268	462.923828	26.800827
-28.574329	2.247268	461.050781	20.095758
-28.574329	2.247268	459.177734	26.787865
-28.574329	2.247268	457.302734	21.425108
-28.574329	2.247268	455.427734	30.791142
-28.574329	2.247268	453.552734	33.460533
-28.574329	2.247268	451.675781	26.761950
-28.574329	2.247268	449.800781	26.755474
-28.574329	2.247268	447.923828	32.098801
-28.574329	2.247268	446.046875	29.416777
-28.574329	2.247268	444.169922	25.399250
-28.574329	2.247268	442.291016	36.084934
-28.574329	2.247268	440.412109	30.731575
-28.574329	2.247268	438.533203	30.724134
-28.574329	2.247268	436.654297	32.052204
-28.574329	2.247268	434.773438	26.703703
-28.574329	2.247268	432.894531	24.027512
-28.574329	2.247268	431.013672	25.356232
-28.574329	2.247268	429.130859	34.689598
-28.574329	2.247268	427.250000	20.008381
-28.574329	2.247268	425.367188	34.672794
-28.574329	2.247268	423.484375	30.664656
-28.574329	2.247268	421.601563	33.323074
-28.574329	2.247268	419.718750	23.986799
-28.574329	2.247268	417.833984	22.648710
-28.574329	2.247268	415.949219	27.971039
-28.574329	2.247268	414.064453	25.300997
-28.574329	2.247268	412.179688	30.620100
-28.574329	2.247268	410.294922	23.957748
-28.574329	2.247268	408.408203	26.613268
-28.574329	2.247268	406.521484	34.588860
-28.574329	2.247268	404.634766	38.570530
-28.574329	2.247268	402.746094	46.539352
-28.574329	2.247268	400.857422	62.480553
-28.574329	2.247268	398.968750	73.097809
-28.574329	2.247268	397.080078	79.723724
-28.574329	2.247268	395.191406	91.660049
-28.574329	2.247268	393.300781	73.044640
-28.574329	2.247268	391.410156	74.354691
-28.574329	2.247268	389.519531	59.734810
-28.574329	2.247268	387.628906	51.757610
-28.574329	2.247268	385.736328	53.071854
-28.574329	2.247268	383.843750	47.753078
-28.574329	2.247268	381.951172	47.741493
-28.574329	2.247268	380.058594	46.404079
-28.574329	2.247268	378.164063	54.345875
-28.574329	2.247268	376.271484	67.584564
-28.574329	2.247268	374.376953	75.517357
-28.574329	2.247268	372.480469	64.902672
-28.574329	2.247268	370.585938	47.672024
-28.574329	2.247268	368.689453	47.660454
-28.574329	2.247268	366.792969	48.972466
-28.574329	2.247268	364.896484	62.193169
-28.574329	2.247268	363.000000	47.625759
-28.574329	2.247268	361.101563	56.872513
-28.574329	2.247268	359.203125	56.858704
-28.574329	2.247268	357.304688	64.776749
-28.574329	2.247268	355.406250	51.544483
-28.574329	2.247268	353.505859	52.853302
-28.574329	2.247268	351.605469	55.482491
-28.574329	2.247268	349.705078	50.186256
-28.574329	2.247268	347.804688	50.174068
-28.574329	2.247268	345.902344	48.841835
-28.574329	2.247268	344.001953	48.829971
-28.574329	2.247268	342.099609	52.776337
-28.574329	2.247268	340.195313	50.125343
-28.574329	2.247268	338.292969	46.156864
-28.574329	2.247268	336.388672	40.871864
-28.574329	2.247268	334.484375	38.225681
-28.574329	2.247268	332.580078	38.216396
-28.574329	2.247268	330.675781	35.572140
-28.574329	2.247268	328.769531	39.514999
-28.574329	2.247268	326.863281	40.822243
-28.574329	2.247268	324.957031	35.546219
-28.574329	2.247268	323.048828	34.221378
-28.574329	2.247268	321.142578	31.581287
-28.574329	2.247268	319.234375	34.204750
-28.574329	2.247268	317.326172	35.511684
-28.574329	2.247268	315.417969	28.928415
-28.574329	2.247268	313.507813	34.179821
-28.574329	2.247268	311.597656	31.542936
-28.574329	2.247268	309.687500	35.477180
-28.574329	2.247268	307.777344	32.841255
-28.574329	2.247268	305.865234	34.146606
-28.574329	2.247268	303.955078	31.512283
-28.574329	2.247268	302.042969	35.442703
-28.574329	2.247268	300.128906	36.746460
-28.574329	2.247268	298.216797	39.361641
-28.574329	2.247268	296.302734	39.352074
-28.574329	2.247268	294.388672	39.342506
-28.574329	2.247268	292.474609	38.021847
-28.574329	2.247268	290.560547	38.012604
-28.574329	2.247268	288.644531	41.934746
-28.574329	2.247268	286.728516	55.025974
-28.574329	2.247268	284.812500	55.012596
-28.574329	2.247268	282.896484	51.070709
-28.574329	2.247268	280.978516	52.367477
-28.574329	2.247268	279.060547	53.663616
-28.574329	2.247268	277.142578	58.884773
-28.574329	2.247268	275.224609	52.329296
-28.574329	2.247268	273.304688	60.164059
-28.574329	2.247268	271.384766	69.302605
-28.574329	2.247268	269.464844	105.889549
-28.574329	2.247268	267.544922	84.952438
-28.574329	2.247268	265.623047	129.357635
-28.574329	2.247268	263.703125	211.624680
-28.574329	2.247268	261.781250	288.627655
-28.574329	2.247268	259.857422	288.557495
-28.574329	2.247268	257.935547	255.853012
-28.574329	2.247268	256.011719	251.875641
-28.574329	2.247268	254.087891	255.728622
-28.574329	2.247268	252.164063	669.167786
-28.574329	2.247268	250.240234	1793.142212
-28.574329	2.247268	248.314453	1770.541870
-28.574329	2.247268	246.388672	822.489197
-28.574329	2.247268	244.462891	366.185822
-28.574329	2.247268	242.535156	256.658600
-28.574329	2.247268	240.609375	196.680344
-28.574329	2.247268	238.681641	175.797287
-28.574329	2.247268	236.753906	127.584778
-28.574329	2.247268	234.824219	114.538071
-28.574329	2.247268	232.896484	105.401451
-28.574329	2.247268	230.966797	87.162720
-28.574329	2.247268	229.037109	63.730370
-28.574329	2.247268	227.107422	66.315483
-28.574329	2.247268	225.175781	75.399269
-28.574329	2.247268	223.244141	81.879295
-28.574329	2.247268	221.312500	90.954872
-28.574329	2.247268	219.380859	90.932762
-28.574329	2.247268	217.447266	97.404274
-28.574329	2.247268	215.515625	79.202881
-28.574329	2.247268	213.582031	73.991257
-28.574329	2.247268	211.646484	75.271042
-28.574329	2.247268	209.712891	64.873055
-28.574329	2.247268	207.777344	66.154434
-28.574329	2.247268	205.841797	54.466877
-28.574329	2.247268	203.906250	45.378029
-28.574329	2.247268	201.968750	31.108799
-28.574329	2.247268	200.033203	36.284775
-28.574329	2.247268	198.095703	32.389248
-28.574329	2.247268	196.158203	38.857647
-28.574329	2.247268	194.218750	33.668442
-28.574329	2.247268	192.281250	28.481758
-28.574329	2.247268	190.341797	32.357765
-28.574329	2.247268	188.402344	36.231892
-28.574329	2.247268	186.460938	29.754677
-28.574329	2.247268	184.521484	27.160709
-28.574329	2.247268	182.580078	27.154110
-28.574329	2.247268	180.638672	21.976555
-28.574329	2.247268	178.695313	23.263639
-28.574329	2.247268	176.753906	32.302757
-28.574329	2.247268	174.810547	28.419519
-28.574329	2.247268	172.867188	30.995579
-28.574329	2.247268	170.921875	23.241035
-28.574329	2.247268	168.978516	25.817099
-28.574329	2.247268	167.033203	27.101366
-28.574329	2.247268	165.087891	28.385010
-28.574329	2.247268	163.142578	25.798285
-28.574329	2.247268	161.195313	38.688026
-28.574329	2.247268	159.248047	33.521477
-28.574329	2.247268	157.300781	38.669231
-28.574329	2.247268	155.353516	41.237160
-28.574329	2.247268	153.406250	39.938797
-28.574329	2.247268	151.457031	45.081238
-28.574329	2.247268	149.507813	38.631676
-28.574329	2.247268	147.558594	38.622292
-28.574329	2.247268	145.607422	39.900009
-28.574329	2.247268	143.658203	52.758163
-28.574329	2.247268	141.707031	50.172409
-28.574329	2.247268	139.753906	55.304863
-28.574329	2.247268	137.802734	72.007454
-28.574329	2.247268	135.849609	65.562294
-28.574329	2.247268	133.896484	56.549812
-28.574329	2.247268	131.943359	62.960640
-28.574329	2.247268	129.990234	51.383965
-28.574329	2.247268	128.035156	44.950054
-28.574329	2.247268	126.080078	59.062874
-28.574329	2.247268	124.125000	51.346554
-28.574329	2.247268	122.169922	52.617443
-28.574329	2.247268	120.212891	52.604675
-28.574329	2.247268	118.255859	57.722824
-28.574329	2.247268	116.298828	56.426399
-28.574329	2.247268	114.341797	48.720066
-28.574329	2.247268	112.382813	41.017471
-28.574329	2.247268	110.423828	30.755638
-28.574329	2.247268	108.464844	26.904655
-28.574329	2.247268	106.505859	28.178991
-28.574329	2.247268	104.544922	17.927736
-28.574329	2.247268	102.585938	8.961694
-28.574329	2.247268	100.625000	10.239451
-28.574329	2.247268	98.662109	7.677726
-28.574329	2.247268	96.701172	-1.279311
-28.574329	2.247268	94.738281	6.395003
-28.574329	2.247268	92.775391	5.114762
-28.574329	2.247268	90.812500	6.391902
-28.574329	2.247268	88.847656	1.278070
-28.574329	2.247268	86.882813	1.277761
-28.574329	2.247268	84.917969	1.277451
-28.574329	2.247268	82.953125	0.000000
-28.574329	2.247268	80.988281	1.276832
-28.574329	2.247268	79.021484	1.276522
-28.574329	2.247268	77.054688	1.276213
-28.574329	2.247268	75.087891	2.551808
-28.574329	2.247268	73.119141	2.551189
-28.574329	2.247268	71.152344	1.275286
-28.574329	2.247268	69.183594	5.099907
-28.574329	2.247268	67.212891	3.824004
-28.574329	2.247268	65.244141	0.000000
-28.574329	2.247268	63.273438	2.548101
-28.574329	2.247268	61.302734	1.273742
-28.574329	2.247268	59.332031	2.546868
-25.574329	2.247268	1838.626953	14.464337
-25.574329	2.247268	1837.066406	24.107229
-25.574329	2.247268	1835.503906	27.315712
-25.574329	2.247268	1833.941406	20.884041
-25.574329	2.247268	1832.378906	24.091843
-25.574329	2.247268	1830.816406	20.875154
-25.574329	2.247268	1829.251953	24.081591
-25.574329	2.247268	1827.687500	17.656075
-25.574329	2.247268	1826.125000	28.885611
-25.574329	2.247268	1824.560547	24.066219
-25.574329	2.247268	1822.994141	17.644804
-25.574329	2.247268	1821.429688	17.641048
-25.574329	2.247268	1819.865234	27.257637
-25.574329	2.247268	1818.298828	30.457933
-25.574329	2.247268	1816.732422	22.437912
-25.574329	2.247268	1815.166016	24.035503
-25.574329	2.247268	1813.599609	20.826334
-25.574329	2.247268	1812.033203	17.618532
-25.574329	2.247268	1810.464844	14.412094
-25.574329	2.247268	1808.896484	30.419056
-25.574329	2.247268	1807.330078	33.613903
-25.574329	2.247268	1805.759766	32.006428
-25.574329	2.247268	1804.191406	19.199768
-25.574329	2.247268	1802.623047	25.594240
-25.574329	2.247268	1801.052734	27.188089
-25.574329	2.247268	1799.484375	33.578136
-25.574329	2.247268	1797.914063	27.176514
-25.574329	2.247268	1796.343750	19.179337
-25.574329	2.247268	1794.771484	25.567003
-25.574329	2.247268	1793.201172	23.963961
-25.574329	2.247268	1791.628906	23.958858
-25.574329	2.247268	1790.058594	23.953754
-25.574329	2.247268	1788.486328	22.352077
-25.574329	2.247268	1786.914063	20.751080
-25.574329	2.247268	1785.339844	19.150763
-25.574329	2.247268	1783.767578	17.551126
-25.574329	2.247268	1782.193359	28.713907
-25.574329	2.247268	1780.621094	20.733404
-25.574329	2.247268	1779.046875	19.134449
-25.574329	2.247268	1777.470703	22.318769
-25.574329	2.247268	1775.896484	30.283304
-25.574329	2.247268	1774.322266	25.496296
-25.574329	2.247268	1772.746094	22.304506
-25.574329	2.247268	1771.169922	22.299753
-25.574329	2.247268	1769.593750	22.295000
-25.574329	2.247268	1768.017578	30.251053
-25.574329	2.247268	1766.441406	14.326392
-25.574329	2.247268	1764.863281	23.872231
-25.574329	2.247268	1763.287109	20.684858
-25.574329	2.247268	1761.708984	19.089645
-25.574329	2.247268	1760.130859	23.856970
-25.574329	2.247268	1758.552734	25.442009
-25.574329	2.247268	1756.972656	23.846798
-25.574329	2.247268	1755.394531	28.610056
-25.574329	2.247268	1753.814453	28.603956
-25.574329	2.247268	1752.234375	19.065239
-25.574329	2.247268	1750.654297	25.414896
-25.574329	2.247268	1749.074219	20.645201
-25.574329	2.247268	1747.492188	25.404058
-25.574329	2.247268	1745.912109	26.986053
-25.574329	2.247268	1744.330078	28.567375
-25.574329	2.247268	1742.748047	25.387804
-25.574329	2.247268	1741.166016	30.141586
-25.574329	2.247268	1739.583984	20.618792
-25.574329	2.247268	1738.000000	15.857224
-25.574329	2.247268	1736.417969	20.609993
-25.574329	2.247268	1734.833984	30.115871
-25.574329	2.247268	1733.250000	25.355322
-25.574329	2.247268	1731.666016	20.596802
-25.574329	2.247268	1730.082031	19.008375
-25.574329	2.247268	1728.496094	26.922783
-25.574329	2.247268	1726.912109	22.166971
-25.574329	2.247268	1725.326172	22.162239
-25.574329	2.247268	1723.740234	23.740187
-25.574329	2.247268	1722.154297	22.152777
-25.574329	2.247268	1720.566406	30.058062
-25.574329	2.247268	1718.980469	17.398319
-25.574329	2.247268	1717.392578	30.045225
-25.574329	2.247268	1715.804688	28.457819
-25.574329	2.247268	1714.216797	26.871088
-25.574329	2.247268	1712.628906	20.544088
-25.574329	2.247268	1711.041016	28.439585
-25.574329	2.247268	1709.451172	23.694592
-25.574329	2.247268	1707.861328	20.530924
-25.574329	2.247268	1706.271484	20.526537
-25.574329	2.247268	1704.681641	23.679405
-25.574329	2.247268	1703.091797	17.361185
-25.574329	2.247268	1701.501953	26.825188
-25.574329	2.247268	1699.910156	26.819454
-25.574329	2.247268	1698.318359	26.813721
-25.574329	2.247268	1696.726563	26.807989
-25.574329	2.247268	1695.134766	26.802256
-25.574329	2.247268	1693.542969	29.949059
-25.574329	2.247268	1691.949219	22.063007
-25.574329	2.247268	1690.357422	25.209473
-25.574329	2.247268	1688.763672	20.478315
-25.574329	2.247268	1687.169922	20.473936
-25.574329	2.247268	1685.576172	25.193298
-25.574329	2.247268	1683.982422	29.910641
-25.574329	2.247268	1682.386719	23.608612
-25.574329	2.247268	1680.791016	25.177130
-25.574329	2.247268	1679.195313	15.732339
-25.574329	2.247268	1677.599609	22.020559
-25.574329	2.247268	1676.003906	26.733528
-25.574329	2.247268	1674.408203	29.872253
-25.574329	2.247268	1672.810547	25.150196
-25.574329	2.247268	1671.214844	22.001709
-25.574329	2.247268	1669.617188	26.710640
-25.574329	2.247268	1668.019531	21.992287
-25.574329	2.247268	1666.419922	26.699200
-25.574329	2.247268	1664.822266	20.412663
-25.574329	2.247268	1663.222656	23.548025
-25.574329	2.247268	1661.623047	26.682045
-25.574329	2.247268	1660.023438	28.245523
-25.574329	2.247268	1658.423828	21.964033
-25.574329	2.247268	1656.824219	23.527849
-25.574329	2.247268	1655.222656	23.522806
-25.574329	2.247268	1653.623047	21.949913
-25.574329	2.247268	1652.021484	21.945208
-25.574329	2.247268	1650.419922	20.373323
-25.574329	2.247268	1648.818359	23.502640
-25.574329	2.247268	1647.214844	18.798080
-25.574329	2.247268	1645.613281	31.323414
-25.574329	2.247268	1644.009766	25.053356
-25.574329	2.247268	1642.406250	21.916983
-25.574329	2.247268	1640.802734	25.042606
-25.574329	2.247268	1639.199219	26.602060
-25.574329	2.247268	1637.593750	26.596352
-25.574329	2.247268	1635.990234	18.769865
-25.574329	2.247268	1634.384766	23.457296
-25.574329	2.247268	1632.779297	18.761808
-25.574329	2.247268	1631.173828	26.573523
-25.574329	2.247268	1629.568359	31.256254
-25.574329	2.247268	1627.960938	26.562111
-25.574329	2.247268	1626.353516	26.556406
-25.574329	2.247268	1624.748047	23.427090
-25.574329	2.247268	1623.140625	28.106468
-25.574329	2.247268	1621.531250	23.417025
-25.574329	2.247268	1619.923828	26.533592
-25.574329	2.247268	1618.314453	20.286034
-25.574329	2.247268	1616.707031	28.082317
-25.574329	2.247268	1615.097656	18.717520
-25.574329	2.247268	1613.488281	17.154039
-25.574329	2.247268	1611.878906	24.945965
-25.574329	2.247268	1610.267578	24.940599
-25.574329	2.247268	1608.656250	17.142975
-25.574329	2.247268	1607.046875	17.139288
-25.574329	2.247268	1605.435547	28.040073
-25.574329	2.247268	1603.824219	20.246807
-25.574329	2.247268	1602.210938	26.470898
-25.574329	2.247268	1600.599609	28.021976
-25.574329	2.247268	1598.986328	15.564415
-25.574329	2.247268	1597.373047	24.897703
-25.574329	2.247268	1595.759766	20.225029
-25.574329	2.247268	1594.146484	24.886984
-25.574329	2.247268	1592.533203	24.881624
-25.574329	2.247268	1590.917969	21.766733
-25.574329	2.247268	1589.302734	21.762043
-25.574329	2.247268	1587.687500	21.757357
-25.574329	2.247268	1586.072266	21.752668
-25.574329	2.247268	1584.457031	18.641127
-25.574329	2.247268	1582.839844	26.402571
-25.574329	2.247268	1581.224609	20.185850
-25.574329	2.247268	1579.607422	17.076653
-25.574329	2.247268	1577.990234	13.968794
-25.574329	2.247268	1576.373047	21.724550
-25.574329	2.247268	1574.755859	13.962770
-25.574329	2.247268	1573.136719	20.164095
-25.574329	2.247268	1571.517578	20.159746
-25.574329	2.247268	1569.898438	17.054567
-25.574329	2.247268	1568.279297	21.701128
-25.574329	2.247268	1566.660156	26.345684
-25.574329	2.247268	1565.041016	23.241173
-25.574329	2.247268	1563.419922	20.138002
-25.574329	2.247268	1561.798828	17.036169
-25.574329	2.247268	1560.177734	21.677715
-25.574329	2.247268	1558.556641	26.317255
-25.574329	2.247268	1556.935547	21.668352
-25.574329	2.247268	1555.312500	26.305887
-25.574329	2.247268	1553.691406	20.111919
-25.574329	2.247268	1552.068359	20.107574
-25.574329	2.247268	1550.445313	24.742435
-25.574329	2.247268	1548.822266	30.921360
-25.574329	2.247268	1547.197266	26.277473
-25.574329	2.247268	1545.574219	26.271791
-25.574329	2.247268	1543.949219	29.356241
-25.574329	2.247268	1542.324219	24.715698
-25.574329	2.247268	1540.699219	21.621559
-25.574329	2.247268	1539.072266	20.072819
-25.574329	2.247268	1537.447266	23.155931
-25.574329	2.247268	1535.820313	24.694315
-25.574329	2.247268	1534.193359	13.887547
-25.574329	2.247268	1532.566406	26.226353
-25.574329	2.247268	1530.939453	20.051104
-25.574329	2.247268	1529.312500	26.214996
-25.574329	2.247268	1527.683594	24.667595
-25.574329	2.247268	1526.056641	23.120861
-25.574329	2.247268	1524.427734	16.951626
-25.574329	2.247268	1522.798828	21.570120
-25.574329	2.247268	1521.167969	20.025057
-25.574329	2.247268	1519.539063	33.881214
-25.574329	2.247268	1517.908203	27.714983
-25.574329	2.247268	1516.277344	16.933262
-25.574329	2.247268	1514.646484	18.468645
-25.574329	2.247268	1513.015625	21.542078
-25.574329	2.247268	1511.384766	26.152565
-25.574329	2.247268	1509.751953	29.222996
-25.574329	2.247268	1508.121094	26.141216
-25.574329	2.247268	1506.488281	19.986004
-25.574329	2.247268	1504.855469	23.055769
-25.574329	2.247268	1503.220703	24.587481
-25.574329	2.247268	1501.587891	15.363839
-25.574329	2.247268	1499.953125	21.504704
-25.574329	2.247268	1498.318359	19.964317
-25.574329	2.247268	1496.683594	19.959980
-25.574329	2.247268	1495.048828	15.350495
-25.574329	2.247268	1493.414063	21.486023
-25.574329	2.247268	1491.777344	24.550119
-25.574329	2.247268	1490.140625	24.544783
-25.574329	2.247268	1488.505859	16.870869
-25.574329	2.247268	1486.867188	19.933964
-25.574329	2.247268	1485.230469	21.462677
-25.574329	2.247268	1483.593750	27.588869
-25.574329	2.247268	1481.955078	22.985723
-25.574329	2.247268	1480.316406	18.384577
-25.574329	2.247268	1478.677734	18.380577
-25.574329	2.247268	1477.039063	19.907957
-25.574329	2.247268	1475.400391	22.965719
-25.574329	2.247268	1473.759766	16.837860
-25.574329	2.247268	1472.119141	19.894957
-25.574329	2.247268	1470.478516	24.480766
-25.574329	2.247268	1468.837891	21.416004
-25.574329	2.247268	1467.197266	24.470100
-25.574329	2.247268	1465.556641	19.877625
-25.574329	2.247268	1463.914063	30.574295
-25.574329	2.247268	1462.271484	18.340578
-25.574329	2.247268	1460.628906	21.392675
-25.574329	2.247268	1458.986328	19.860296
-25.574329	2.247268	1457.343750	22.910728
-25.574329	2.247268	1455.699219	24.432779
-25.574329	2.247268	1454.054688	22.900732
-25.574329	2.247268	1452.410156	18.316587
-25.574329	2.247268	1450.765625	25.942837
-25.574329	2.247268	1449.121094	25.937174
-25.574329	2.247268	1447.474609	28.982277
-25.574329	2.247268	1445.830078	21.350698
-25.574329	2.247268	1444.183594	18.296600
-25.574329	2.247268	1442.537109	19.816988
-25.574329	2.247268	1440.890625	24.384809
-25.574329	2.247268	1439.242188	21.332047
-25.574329	2.247268	1437.595703	24.374153
-25.574329	2.247268	1435.947266	24.368824
-25.574329	2.247268	1434.298828	21.318060
-25.574329	2.247268	1432.650391	24.358168
-25.574329	2.247268	1431.000000	25.874893
-25.574329	2.247268	1429.351563	24.347513
-25.574329	2.247268	1427.701172	19.778027
-25.574329	2.247268	1426.050781	16.731590
-25.574329	2.247268	1424.400391	16.727928
-25.574329	2.247268	1422.750000	10.642715
-25.574329	2.247268	1421.097656	16.720604
-25.574329	2.247268	1419.447266	21.276108
-25.574329	2.247268	1417.794922	22.790836
-25.574329	2.247268	1416.142578	19.747732
-25.574329	2.247268	1414.490234	24.299574
-25.574329	2.247268	1412.835938	21.257467
-25.574329	2.247268	1411.183594	21.252808
-25.574329	2.247268	1409.529297	19.730423
-25.574329	2.247268	1407.875000	21.243490
-25.574329	2.247268	1406.220703	28.824127
-25.574329	2.247268	1404.566406	21.234171
-25.574329	2.247268	1402.910156	22.745907
-25.574329	2.247268	1401.255859	22.740915
-25.574329	2.247268	1399.599609	21.220196
-25.574329	2.247268	1397.943359	19.700142
-25.574329	2.247268	1396.287109	22.725941
-25.574329	2.247268	1394.628906	27.265141
-25.574329	2.247268	1392.970703	21.201563
-25.574329	2.247268	1391.314453	18.168776
-25.574329	2.247268	1389.656250	22.705978
-25.574329	2.247268	1387.998047	24.214388
-25.574329	2.247268	1386.337891	30.261332
-25.574329	2.247268	1384.679688	25.716476
-25.574329	2.247268	1383.019531	19.661217
-25.574329	2.247268	1381.359375	18.144823
-25.574329	2.247268	1379.699219	27.211246
-25.574329	2.247268	1378.039063	18.136841
-25.574329	2.247268	1376.376953	16.621778
-25.574329	2.247268	1374.716797	22.661072
-25.574329	2.247268	1373.054688	18.124866
-25.574329	2.247268	1371.392578	27.181313
-25.574329	2.247268	1369.728516	15.097404
-25.574329	2.247268	1368.066406	19.622301
-25.574329	2.247268	1366.402344	19.617977
-25.574329	2.247268	1364.740234	18.104912
-25.574329	2.247268	1363.076172	15.084102
-25.574329	2.247268	1361.412109	24.129242
-25.574329	2.247268	1359.746094	22.616177
-25.574329	2.247268	1358.082031	19.596363
-25.574329	2.247268	1356.416016	19.592041
-25.574329	2.247268	1354.750000	21.094465
-25.574329	2.247268	1353.083984	22.596226
-25.574329	2.247268	1351.417969	19.579073
-25.574329	2.247268	1349.750000	25.597752
-25.574329	2.247268	1348.083984	15.054176
-25.574329	2.247268	1346.416016	18.061022
-25.574329	2.247268	1344.748047	13.542775
-25.574329	2.247268	1343.078125	18.053043
-25.574329	2.247268	1341.410156	22.561317
-25.574329	2.247268	1339.740234	19.548820
-25.574329	2.247268	1338.072266	22.551346
-25.574329	2.247268	1336.402344	18.037088
-25.574329	2.247268	1334.730469	22.541374
-25.574329	2.247268	1333.060547	16.526684
-25.574329	2.247268	1331.388672	13.518841
-25.574329	2.247268	1329.718750	13.515850
-25.574329	2.247268	1328.046875	13.512858
-25.574329	2.247268	1326.375000	22.516445
-25.574329	2.247268	1324.701172	18.009169
-25.574329	2.247268	1323.029297	18.005180
-25.574329	2.247268	1321.355469	21.001390
-25.574329	2.247268	1319.681641	23.996271
-25.574329	2.247268	1318.007813	25.490389
-25.574329	2.247268	1316.333984	22.486534
-25.574329	2.247268	1314.660156	22.481550
-25.574329	2.247268	1312.984375	19.479691
-25.574329	2.247268	1311.308594	17.977264
-25.574329	2.247268	1309.632813	17.973276
-25.574329	2.247268	1307.957031	19.466730
-25.574329	2.247268	1306.279297	25.450844
-25.574329	2.247268	1304.603516	23.948420
-25.574329	2.247268	1302.925781	20.950214
-25.574329	2.247268	1301.248047	23.937786
-25.574329	2.247268	1299.570313	16.453573
-25.574329	2.247268	1297.892578	16.449919
-25.574329	2.247268	1296.212891	31.397413
-25.574329	2.247268	1294.533203	20.926958
-25.574329	2.247268	1292.853516	28.394558
-25.574329	2.247268	1291.173828	16.435301
-25.574329	2.247268	1289.494141	11.950288
-25.574329	2.247268	1287.812500	19.414900
-25.574329	2.247268	1286.132813	16.424337
-25.574329	2.247268	1284.451172	16.420683
-25.574329	2.247268	1282.769531	20.894400
-25.574329	2.247268	1281.085938	14.921249
-25.574329	2.247268	1279.404297	23.868685
-25.574329	2.247268	1277.720703	14.914606
-25.574329	2.247268	1276.039063	22.366926
-25.574329	2.247268	1274.355469	20.871147
-25.574329	2.247268	1272.669922	22.356960
-25.574329	2.247268	1270.986328	22.351978
-25.574329	2.247268	1269.300781	17.877598
-25.574329	2.247268	1267.615234	23.831482
-25.574329	2.247268	1265.929688	23.826168
-25.574329	2.247268	1264.244141	16.376837
-25.574329	2.247268	1262.558594	16.373182
-25.574329	2.247268	1260.871094	23.810225
-25.574329	2.247268	1259.185547	13.390263
-25.574329	2.247268	1257.498047	20.824648
-25.574329	2.247268	1255.808594	25.281425
-25.574329	2.247268	1254.121094	23.788969
-25.574329	2.247268	1252.433594	19.324221
-25.574329	2.247268	1250.744141	22.292196
-25.574329	2.247268	1249.054688	22.287214
-25.574329	2.247268	1247.365234	25.253197
-25.574329	2.247268	1245.673828	28.217852
-25.574329	2.247268	1243.984375	16.332998
-25.574329	2.247268	1242.292969	16.329346
-25.574329	2.247268	1240.601563	19.294001
-25.574329	2.247268	1238.910156	23.741148
-25.574329	2.247268	1237.218750	17.801876
-25.574329	2.247268	1235.525391	17.797892
-25.574329	2.247268	1233.833984	17.793907
-25.574329	2.247268	1232.140625	25.202391
-25.574329	2.247268	1230.447266	26.678907
-25.574329	2.247268	1228.753906	19.263783
-25.574329	2.247268	1227.058594	29.629950
-25.574329	2.247268	1225.365234	25.179811
-25.574329	2.247268	1223.669922	17.770000
-25.574329	2.247268	1221.974609	22.207520
-25.574329	2.247268	1220.277344	16.281862
-25.574329	2.247268	1218.582031	16.278210
-25.574329	2.247268	1216.884766	19.233568
-25.574329	2.247268	1215.189453	16.270906
-25.574329	2.247268	1213.492188	17.746096
-25.574329	2.247268	1211.792969	23.656149
-25.574329	2.247268	1210.095703	25.129015
-25.574329	2.247268	1208.396484	20.689835
-25.574329	2.247268	1206.699219	22.162701
-25.574329	2.247268	1205.000000	22.157721
-25.574329	2.247268	1203.298828	14.768494
-25.574329	2.247268	1201.599609	22.147760
-25.574329	2.247268	1199.900391	23.618967
-25.574329	2.247268	1198.199219	20.661949
-25.574329	2.247268	1196.498047	19.181780
-25.574329	2.247268	1194.796875	25.078222
-25.574329	2.247268	1193.093750	22.122864
-25.574329	2.247268	1191.392578	28.015987
-25.574329	2.247268	1189.689453	25.061293
-25.574329	2.247268	1187.986328	17.686340
-25.574329	2.247268	1186.283203	17.682358
-25.574329	2.247268	1184.580078	20.624771
-25.574329	2.247268	1182.875000	20.620123
-25.574329	2.247268	1181.169922	19.142942
-25.574329	2.247268	1179.464844	19.138628
-25.574329	2.247268	1177.759766	20.606182
-25.574329	2.247268	1176.054688	22.073074
-25.574329	2.247268	1174.347656	19.125683
-25.574329	2.247268	1172.642578	22.063118
-25.574329	2.247268	1170.935547	24.999224
-25.574329	2.247268	1169.228516	16.172318
-25.574329	2.247268	1167.519531	23.518061
-25.574329	2.247268	1165.812500	23.512751
-25.574329	2.247268	1164.103516	26.445869
-25.574329	2.247268	1162.394531	14.688831
-25.574329	2.247268	1160.685547	27.902473
-25.574329	2.247268	1158.976563	17.618633
-25.574329	2.247268	1157.265625	19.082539
-25.574329	2.247268	1155.556641	20.545778
-25.574329	2.247268	1153.845703	19.073910
-25.574329	2.247268	1152.134766	22.003380
-25.574329	2.247268	1150.423828	20.531841
-25.574329	2.247268	1148.710938	14.662282
-25.574329	2.247268	1146.998047	14.658964
-25.574329	2.247268	1145.287109	17.586775
-25.574329	2.247268	1143.572266	14.652328
-25.574329	2.247268	1141.859375	26.368216
-25.574329	2.247268	1140.146484	21.968536
-25.574329	2.247268	1138.431641	24.892033
-25.574329	2.247268	1136.716797	19.030769
-25.574329	2.247268	1135.001953	21.953604
-25.574329	2.247268	1133.287109	19.022142
-25.574329	2.247268	1131.570313	23.406559
-25.574329	2.247268	1129.855469	23.401251
-25.574329	2.247268	1128.138672	24.858189
-25.574329	2.247268	1126.421875	21.928719
-25.574329	2.247268	1124.703125	23.385324
-25.574329	2.247268	1122.986328	17.535011
-25.574329	2.247268	1121.267578	20.452869
-25.574329	2.247268	1119.548828	21.908812
-25.574329	2.247268	1117.830078	20.443579
-25.574329	2.247268	1116.111328	17.519087
-25.574329	2.247268	1114.392578	21.893881
-25.574329	2.247268	1112.671875	14.592604
-25.574329	2.247268	1110.951172	13.130357
-25.574329	2.247268	1109.230469	14.585968
-25.574329	2.247268	1107.509766	20.415710
-25.574329	2.247268	1105.787109	24.784866
-25.574329	2.247268	1104.066406	20.406422
-25.574329	2.247268	1102.343750	23.316317
-25.574329	2.247268	1100.621094	20.397133
-25.574329	2.247268	1098.896484	23.305702
-25.574329	2.247268	1097.173828	24.756668
-25.574329	2.247268	1095.449219	18.927258
-25.574329	2.247268	1093.724609	20.378557
-25.574329	2.247268	1092.000000	23.284472
-25.574329	2.247268	1090.275391	23.279165
-25.574329	2.247268	1088.550781	16.000776
-25.574329	2.247268	1086.824219	13.088559
-25.574329	2.247268	1085.097656	20.355337
-25.574329	2.247268	1083.371094	18.897074
-25.574329	2.247268	1081.644531	18.892761
-25.574329	2.247268	1079.916016	21.794365
-25.574329	2.247268	1078.189453	11.621008
-25.574329	2.247268	1076.460938	23.236710
-25.574329	2.247268	1074.732422	20.327477
-25.574329	2.247268	1073.001953	21.774466
-25.574329	2.247268	1071.273438	18.866892
-25.574329	2.247268	1069.542969	27.568386
-25.574329	2.247268	1067.812500	24.660812
-25.574329	2.247268	1066.082031	23.204870
-25.574329	2.247268	1064.351563	23.199564
-25.574329	2.247268	1062.619141	14.496411
-25.574329	2.247268	1060.888672	23.188951
-25.574329	2.247268	1059.156250	20.285690
-25.574329	2.247268	1057.421875	23.178341
-25.574329	2.247268	1055.689453	21.724720
-25.574329	2.247268	1053.957031	27.511679
-25.574329	2.247268	1052.222656	17.371817
-25.574329	2.247268	1050.488281	20.262478
-25.574329	2.247268	1048.753906	17.363859
-25.574329	2.247268	1047.019531	24.593164
-25.574329	2.247268	1045.283203	21.694878
-25.574329	2.247268	1043.546875	23.135897
-25.574329	2.247268	1041.810547	23.130592
-25.574329	2.247268	1040.074219	24.570618
-25.574329	2.247268	1038.337891	26.009979
-25.574329	2.247268	1036.599609	20.225342
-25.574329	2.247268	1034.861328	21.665037
-25.574329	2.247268	1033.123047	23.104067
-25.574329	2.247268	1031.384766	18.767746
-25.574329	2.247268	1029.646484	25.980141
-25.574329	2.247268	1027.906250	24.531164
-25.574329	2.247268	1026.167969	20.197495
-25.574329	2.247268	1024.427734	24.519894
-25.574329	2.247268	1022.685547	17.304182
-25.574329	2.247268	1020.945313	18.741888
-25.574329	2.247268	1019.203125	18.737577
-25.574329	2.247268	1017.462891	21.615311
-25.574329	2.247268	1015.720703	27.373095
-25.574329	2.247268	1013.976563	27.366796
-25.574329	2.247268	1012.234375	24.480446
-25.574329	2.247268	1010.490234	33.112980
-25.574329	2.247268	1008.746094	28.787268
-25.574329	2.247268	1007.001953	28.780638
-25.574329	2.247268	1005.257813	25.896608
-25.574329	2.247268	1003.513672	35.959225
-25.574329	2.247268	1001.767578	28.760752
-25.574329	2.247268	1000.021484	33.067242
-25.574329	2.247268	998.275391	33.059620
-25.574329	2.247268	996.529297	27.303825
-25.574329	2.247268	994.781250	33.044376
-25.574329	2.247268	993.035156	30.163992
-25.574329	2.247268	991.287109	30.157034
-25.574329	2.247268	989.539063	33.021511
-25.574329	2.247268	987.789063	35.884663
-25.574329	2.247268	986.041016	28.701103
-25.574329	2.247268	984.291016	28.694475
-25.574329	2.247268	982.541016	34.425419
-25.574329	2.247268	980.791016	30.115284
-25.574329	2.247268	979.041016	35.843243
-25.574329	2.247268	977.289063	37.268360
-25.574329	2.247268	975.537109	28.661343
-25.574329	2.247268	973.785156	45.847546
-25.574329	2.247268	972.033203	41.539730
-25.574329	2.247268	970.281250	37.233906
-25.574329	2.247268	968.527344	35.793549
-25.574329	2.247268	966.773438	37.216679
-25.574329	2.247268	965.019531	38.639145
-25.574329	2.247268	963.265625	34.337955
-25.574329	2.247268	961.511719	41.482090
-25.574329	2.247268	959.755859	41.472485
-25.574329	2.247268	958.000000	47.181896
-25.574329	2.247268	956.244141	41.453274
-25.574329	2.247268	954.488281	38.585484
-25.574329	2.247268	952.730469	34.290260
-25.574329	2.247268	950.974609	29.997023
-25.574329	2.247268	949.216797	37.130558
-25.574329	2.247268	947.458984	39.977482
-25.574329	2.247268	945.701172	28.548721
-25.574329	2.247268	943.941406	27.114994
-25.574329	2.247268	942.181641	31.389023
-25.574329	2.247268	940.421875	32.808182
-25.574329	2.247268	938.662109	42.783344
-25.574329	2.247268	936.902344	32.792950
-25.574329	2.247268	935.140625	35.636230
-25.574329	2.247268	933.380859	31.352600
-25.574329	2.247268	931.619141	24.221380
-25.574329	2.247268	929.855469	29.913576
-25.574329	2.247268	928.093750	24.210123
-25.574329	2.247268	926.330078	14.237939
-25.574329	2.247268	924.568359	22.775404
-25.574329	2.247268	922.804688	25.616371
-25.574329	2.247268	921.039063	34.147217
-25.574329	2.247268	919.275391	22.759516
-25.574329	2.247268	917.509766	28.442774
-25.574329	2.247268	915.744141	21.327116
-25.574329	2.247268	913.978516	21.322149
-25.574329	2.247268	912.212891	22.738331
-25.574329	2.247268	910.447266	19.891407
-25.574329	2.247268	908.679688	19.886772
-25.574329	2.247268	906.912109	25.562752
-25.574329	2.247268	905.144531	24.136972
-25.574329	2.247268	903.375000	22.711855
-25.574329	2.247268	901.607422	24.125721
-25.574329	2.247268	899.837891	28.376583
-25.574329	2.247268	898.068359	19.858976
-25.574329	2.247268	896.298828	26.945181
-25.574329	2.247268	894.529297	19.849710
-25.574329	2.247268	892.757813	21.262585
-25.574329	2.247268	890.986328	22.674797
-25.574329	2.247268	889.214844	28.336880
-25.574329	2.247268	887.443359	28.330263
-25.574329	2.247268	885.669922	18.410370
-25.574329	2.247268	883.898438	19.821922
-25.574329	2.247268	882.125000	25.479374
-25.574329	2.247268	880.351563	29.718990
-25.574329	2.247268	878.578125	25.467466
-25.574329	2.247268	876.802734	32.534157
-25.574329	2.247268	875.027344	24.041361
-25.574329	2.247268	873.251953	26.863474
-25.574329	2.247268	871.476563	29.684263
-25.574329	2.247268	869.701172	25.437702
-25.574329	2.247268	867.923828	26.844624
-25.574329	2.247268	866.146484	24.013252
-25.574329	2.247268	864.369141	25.419846
-25.574329	2.247268	862.591797	21.178246
-25.574329	2.247268	860.814453	22.584837
-25.574329	2.247268	859.035156	21.168325
-25.574329	2.247268	857.255859	28.217823
-25.574329	2.247268	855.476563	21.158409
-25.574329	2.247268	853.697266	31.025059
-25.574329	2.247268	851.916016	23.968290
-25.574329	2.247268	850.136719	21.143534
-25.574329	2.247268	848.355469	26.775528
-25.574329	2.247268	846.574219	21.133617
-25.574329	2.247268	844.791016	22.537237
-25.574329	2.247268	843.009766	28.164936
-25.574329	2.247268	841.226563	21.118746
-25.574329	2.247268	839.443359	21.113789
-25.574329	2.247268	837.660156	25.330599
-25.574329	2.247268	835.875000	26.731577
-25.574329	2.247268	834.091797	18.285730
-25.574329	2.247268	832.306641	19.687700
-25.574329	2.247268	830.521484	22.494942
-25.574329	2.247268	828.734375	26.706467
-25.574329	2.247268	826.949219	19.673824
-25.574329	2.247268	825.162109	28.098856
-25.574329	2.247268	823.375000	26.687637
-25.574329	2.247268	821.587891	16.851387
-25.574329	2.247268	819.800781	18.251375
-25.574329	2.247268	818.011719	28.072433
-25.574329	2.247268	816.222656	21.049372
-25.574329	2.247268	814.433594	29.462185
-25.574329	2.247268	812.644531	35.065773
-25.574329	2.247268	810.855469	30.850616
-25.574329	2.247268	809.064453	19.627588
-25.574329	2.247268	807.273438	28.032808
-25.574329	2.247268	805.482422	28.026205
-25.574329	2.247268	803.691406	30.821564
-25.574329	2.247268	801.898438	18.208450
-25.574329	2.247268	800.107422	22.405119
-25.574329	2.247268	798.314453	25.199818
-25.574329	2.247268	796.521484	20.994896
-25.574329	2.247268	794.726563	23.788605
-25.574329	2.247268	792.933594	19.585997
-25.574329	2.247268	791.138672	25.176054
-25.574329	2.247268	789.343750	25.170115
-25.574329	2.247268	787.546875	25.164175
-25.574329	2.247268	785.751953	25.158236
-25.574329	2.247268	783.955078	27.946997
-25.574329	2.247268	782.158203	23.749338
-25.574329	2.247268	780.361328	23.743731
-25.574329	2.247268	778.564453	20.945402
-25.574329	2.247268	776.765625	22.336485
-25.574329	2.247268	774.968750	23.726908
-25.574329	2.247268	773.169922	29.302784
-25.574329	2.247268	771.369141	25.110735
-25.574329	2.247268	769.570313	22.315378
-25.574329	2.247268	767.769531	20.915720
-25.574329	2.247268	765.970703	22.304825
-25.574329	2.247268	764.167969	29.268160
-25.574329	2.247268	762.367188	22.294275
-25.574329	2.247268	760.566406	32.040440
-25.574329	2.247268	758.763672	29.247391
-25.574329	2.247268	756.960938	20.886049
-25.574329	2.247268	755.158203	18.096956
-25.574329	2.247268	753.353516	26.443136
-25.574329	2.247268	751.550781	25.045460
-25.574329	2.247268	749.746094	23.648443
-25.574329	2.247268	747.941406	37.550396
-25.574329	2.247268	746.136719	29.198942
-25.574329	2.247268	744.330078	25.021734
-25.574329	2.247268	742.523438	30.574873
-25.574329	2.247268	740.718750	27.788750
-25.574329	2.247268	738.910156	37.505917
-25.574329	2.247268	737.103516	23.609238
-25.574329	2.247268	735.294922	27.768986
-25.574329	2.247268	733.488281	18.045559
-25.574329	2.247268	731.679688	22.204649
-25.574329	2.247268	729.869141	22.199381
-25.574329	2.247268	728.060547	27.742640
-25.574329	2.247268	726.250000	18.028437
-25.574329	2.247268	724.439453	20.797102
-25.574329	2.247268	722.628906	29.109030
-25.574329	2.247268	720.818359	26.330488
-25.574329	2.247268	719.005859	24.938747
-25.574329	2.247268	717.195313	27.703136
-25.574329	2.247268	715.382813	26.311726
-25.574329	2.247268	713.568359	24.920975
-25.574329	2.247268	711.755859	33.220070
-25.574329	2.247268	709.941406	24.909128
-25.574329	2.247268	708.126953	17.985649
-25.574329	2.247268	706.312500	24.897285
-25.574329	2.247268	704.498047	22.125656
-25.574329	2.247268	702.681641	16.590296
-25.574329	2.247268	700.867188	27.643913
-25.574329	2.247268	699.050781	19.346134
-25.574329	2.247268	697.232422	22.104607
-25.574329	2.247268	695.416016	26.242973
-25.574329	2.247268	693.597656	16.570562
-25.574329	2.247268	691.779297	28.991581
-25.574329	2.247268	689.960938	22.083563
-25.574329	2.247268	688.142578	27.597879
-25.574329	2.247268	686.324219	19.313913
-25.574329	2.247268	684.503906	24.826258
-25.574329	2.247268	682.683594	22.062527
-25.574329	2.247268	680.863281	26.193007
-25.574329	2.247268	679.041016	26.186764
-25.574329	2.247268	677.218750	22.046755
-25.574329	2.247268	675.398438	23.419090
-25.574329	2.247268	673.576172	24.790771
-25.574329	2.247268	671.751953	31.669542
-25.574329	2.247268	669.929688	30.285379
-25.574329	2.247268	668.105469	23.396755
-25.574329	2.247268	666.281250	20.639269
-25.574329	2.247268	664.457031	27.512459
-25.574329	2.247268	662.630859	27.505892
-25.574329	2.247268	660.806641	28.874290
-25.574329	2.247268	658.980469	24.743483
-25.574329	2.247268	657.154297	27.486195
-25.574329	2.247268	655.326172	23.357685
-25.574329	2.247268	653.500000	26.099413
-25.574329	2.247268	651.671875	34.333126
-25.574329	2.247268	649.843750	20.594955
-25.574329	2.247268	648.015625	30.198715
-25.574329	2.247268	646.185547	34.308521
-25.574329	2.247268	644.357422	28.812267
-25.574329	2.247268	642.527344	26.062010
-25.574329	2.247268	640.697266	23.313065
-25.574329	2.247268	638.865234	26.049547
-25.574329	2.247268	637.035156	34.267521
-25.574329	2.247268	635.203125	37.000069
-25.574329	2.247268	633.371094	30.140991
-25.574329	2.247268	631.539063	31.503496
-25.574329	2.247268	629.705078	28.757179
-25.574329	2.247268	627.873047	34.226543
-25.574329	2.247268	626.039063	42.430752
-25.574329	2.247268	624.203125	35.578564
-25.574329	2.247268	622.369141	31.465807
-25.574329	2.247268	620.535156	41.032528
-25.574329	2.247268	618.699219	38.287853
-25.574329	2.247268	616.863281	42.379971
-25.574329	2.247268	615.025391	32.802437
-25.574329	2.247268	613.189453	34.161018
-25.574329	2.247268	611.351563	32.786716
-25.574329	2.247268	609.513672	27.315716
-25.574329	2.247268	607.675781	31.405544
-25.574329	2.247268	605.837891	34.128277
-25.574329	2.247268	603.998047	39.579308
-25.574329	2.247268	602.158203	31.382957
-25.574329	2.247268	600.318359	31.375431
-25.574329	2.247268	598.478516	27.276438
-25.574329	2.247268	596.636719	31.360378
-25.574329	2.247268	594.796875	28.626518
-25.574329	2.247268	592.955078	34.071011
-25.574329	2.247268	591.111328	23.162727
-25.574329	2.247268	589.269531	34.054657
-25.574329	2.247268	587.425781	23.151608
-25.574329	2.247268	585.583984	34.038307
-25.574329	2.247268	583.738281	34.030136
-25.574329	2.247268	581.894531	23.134933
-25.574329	2.247268	580.050781	32.653236
-25.574329	2.247268	578.205078	21.763596
-25.574329	2.247268	576.359375	23.118265
-25.574329	2.247268	574.513672	25.831852
-25.574329	2.247268	572.666016	31.262623
-25.574329	2.247268	570.818359	21.742685
-25.574329	2.247268	568.970703	29.889006
-25.574329	2.247268	567.123047	23.090498
-25.574329	2.247268	565.275391	19.011131
-25.574329	2.247268	563.425781	21.721783
-25.574329	2.247268	561.576172	20.359274
-25.574329	2.247268	559.726563	36.637878
-25.574329	2.247268	557.876953	25.776011
-25.574329	2.247268	556.027344	27.126114
-25.574329	2.247268	554.175781	17.627731
-25.574329	2.247268	552.324219	24.401756
-25.574329	2.247268	550.472656	21.685228
-25.574329	2.247268	548.619141	25.745012
-25.574329	2.247268	546.767578	23.029465
-25.574329	2.247268	544.914063	33.858707
-25.574329	2.247268	543.060547	33.850555
-25.574329	2.247268	541.205078	23.012835
-25.574329	2.247268	539.351563	50.074696
-25.574329	2.247268	537.496094	48.709591
-25.574329	2.247268	535.640625	39.228828
-25.574329	2.247268	533.785156	44.628948
-25.574329	2.247268	531.927734	47.322327
-25.574329	2.247268	530.070313	58.124851
-25.574329	2.247268	528.212891	64.867920
-25.574329	2.247268	526.355469	112.140404
-25.574329	2.247268	524.498047	216.122162
-25.574329	2.247268	522.638672	363.267792
-25.574329	2.247268	520.779297	584.598633
-25.574329	2.247268	518.919922	446.779419
-25.574329	2.247268	517.060547	248.300873
-25.574329	2.247268	515.199219	159.198029
-25.574329	2.247268	513.339844	98.463158
-25.574329	2.247268	511.478516	74.166672
-25.574329	2.247268	509.615234	59.319027
-25.574329	2.247268	507.753906	70.087387
-25.574329	2.247268	505.890625	66.027946
-25.574329	2.247268	504.027344	55.234543
-25.574329	2.247268	502.164063	52.527493
-25.574329	2.247268	500.300781	57.900948
-25.574329	2.247268	498.435547	56.540764
-25.574329	2.247268	496.570313	71.331833
-25.574329	2.247268	494.705078	55.167904
-25.574329	2.247268	492.839844	61.880753
-25.574329	2.247268	490.972656	52.451447
-25.574329	2.247268	489.107422	60.506279
-25.574329	2.247268	487.240234	56.458889
-25.574329	2.247268	485.371094	49.725574
-25.574329	2.247268	483.503906	42.995514
-25.574329	2.247268	481.634766	40.298553
-25.574329	2.247268	479.765625	42.974739
-25.574329	2.247268	477.896484	37.593807
-25.574329	2.247268	476.027344	51.007839
-25.574329	2.247268	474.156250	46.969547
-25.574329	2.247268	472.285156	40.249882
-25.574329	2.247268	470.414063	44.264164
-25.574329	2.247268	468.542969	38.889408
-25.574329	2.247268	466.669922	37.539314
-25.574329	2.247268	464.796875	36.189869
-25.574329	2.247268	462.923828	38.861202
-25.574329	2.247268	461.050781	36.172367
-25.574329	2.247268	459.177734	28.127258
-25.574329	2.247268	457.302734	36.154869
-25.574329	2.247268	455.427734	24.097414
-25.574329	2.247268	453.552734	29.445271
-25.574329	2.247268	451.675781	28.100048
-25.574329	2.247268	449.800781	37.457664
-25.574329	2.247268	447.923828	25.411549
-25.574329	2.247268	446.046875	22.731146
-25.574329	2.247268	444.169922	28.072855
-25.574329	2.247268	442.291016	28.066059
-25.574329	2.247268	440.412109	26.723108
-25.574329	2.247268	438.533203	28.052471
-25.574329	2.247268	436.654297	30.716696
-25.574329	2.247268	434.773438	33.379627
-25.574329	2.247268	432.894531	28.032099
-25.574329	2.247268	431.013672	29.359848
-25.574329	2.247268	429.130859	26.684305
-25.574329	2.247268	427.250000	30.679518
-25.574329	2.247268	425.367188	24.004242
-25.574329	2.247268	423.484375	23.998426
-25.574329	2.247268	421.601563	27.991381
-25.574329	2.247268	419.718750	33.314999
-25.574329	2.247268	417.833984	23.980988
-25.574329	2.247268	415.949219	30.634947
-25.574329	2.247268	414.064453	25.300997
-25.574329	2.247268	412.179688	34.614025
-25.574329	2.247268	410.294922	27.950706
-25.574329	2.247268	408.408203	45.242554
-25.574329	2.247268	406.521484	34.588860
-25.574329	2.247268	404.634766	33.250458
-25.574329	2.247268	402.746094	46.539352
-25.574329	2.247268	400.857422	62.480553
-25.574329	2.247268	398.968750	75.755913
-25.574329	2.247268	397.080078	98.325928
-25.574329	2.247268	395.191406	61.106701
-25.574329	2.247268	393.300781	59.763798
-25.574329	2.247268	391.410156	66.388115
-25.574329	2.247268	389.519531	59.734810
-25.574329	2.247268	387.628906	51.757610
-25.574329	2.247268	385.736328	45.111073
-25.574329	2.247268	383.843750	53.058975
-25.574329	2.247268	381.951172	47.741493
-25.574329	2.247268	380.058594	53.033234
-25.574329	2.247268	378.164063	53.020367
-25.574329	2.247268	376.271484	62.283813
-25.574329	2.247268	374.376953	75.517357
-25.574329	2.247268	372.480469	71.525398
-25.574329	2.247268	370.585938	55.617363
-25.574329	2.247268	368.689453	62.223373
-25.574329	2.247268	366.792969	59.561108
-25.574329	2.247268	364.896484	52.930355
-25.574329	2.247268	363.000000	56.886322
-25.574329	2.247268	361.101563	59.517746
-25.574329	2.247268	359.203125	51.569523
-25.574329	2.247268	357.304688	59.488850
-25.574329	2.247268	355.406250	50.222832
-25.574329	2.247268	353.505859	51.531971
-25.574329	2.247268	351.605469	52.840469
-25.574329	2.247268	349.705078	59.431091
-25.574329	2.247268	347.804688	55.455547
-25.574329	2.247268	345.902344	63.362381
-25.574329	2.247268	344.001953	42.231327
-25.574329	2.247268	342.099609	50.137520
-25.574329	2.247268	340.195313	40.891727
-25.574329	2.247268	338.292969	38.244259
-25.574329	2.247268	336.388672	40.871864
-25.574329	2.247268	334.484375	40.861938
-25.574329	2.247268	332.580078	34.262978
-25.574329	2.247268	330.675781	38.207115
-25.574329	2.247268	328.769531	40.832165
-25.574329	2.247268	326.863281	50.040173
-25.574329	2.247268	324.957031	35.546219
-25.574329	2.247268	323.048828	35.537582
-25.574329	2.247268	321.142578	36.844837
-25.574329	2.247268	319.234375	42.098152
-25.574329	2.247268	317.326172	38.142181
-25.574329	2.247268	315.417969	35.503056
-25.574329	2.247268	313.507813	31.550602
-25.574329	2.247268	311.597656	31.542936
-25.574329	2.247268	309.687500	30.221300
-25.574329	2.247268	307.777344	28.900305
-25.574329	2.247268	305.865234	36.773270
-25.574329	2.247268	303.955078	42.016376
-25.574329	2.247268	302.042969	39.380779
-25.574329	2.247268	300.128906	35.434090
-25.574329	2.247268	298.216797	40.673695
-25.574329	2.247268	296.302734	27.546450
-25.574329	2.247268	294.388672	39.342506
-25.574329	2.247268	292.474609	32.777454
-25.574329	2.247268	290.560547	40.634163
-25.574329	2.247268	288.644531	49.797508
-25.574329	2.247268	286.728516	53.715832
-25.574329	2.247268	284.812500	49.773300
-25.574329	2.247268	282.896484	53.689716
-25.574329	2.247268	280.978516	53.676666
-25.574329	2.247268	279.060547	62.825699
-25.574329	2.247268	277.142578	57.576221
-25.574329	2.247268	275.224609	68.028084
-25.574329	2.247268	273.304688	73.243202
-25.574329	2.247268	271.384766	66.687416
-25.574329	2.247268	269.464844	95.431328
-25.574329	2.247268	267.544922	99.329002
-25.574329	2.247268	265.623047	131.970932
-25.574329	2.247268	263.703125	220.768951
-25.574329	2.247268	261.781250	299.075714
-25.574329	2.247268	259.857422	292.474548
-25.574329	2.247268	257.935547	259.769135
-25.574329	2.247268	256.011719	234.909927
-25.574329	2.247268	254.087891	272.690216
-25.574329	2.247268	252.164063	671.776611
-25.574329	2.247268	250.240234	1814.007935
-25.574329	2.247268	248.314453	1796.617554
-25.574329	2.247268	246.388672	825.096130
-25.574329	2.247268	244.462891	384.429962
-25.574329	2.247268	242.535156	241.024582
-25.574329	2.247268	240.609375	200.587891
-25.574329	2.247268	238.681641	164.077469
-25.574329	2.247268	236.753906	132.792313
-25.574329	2.247268	234.824219	123.649048
-25.574329	2.247268	232.896484	100.196442
-25.574329	2.247268	230.966797	92.366463
-25.574329	2.247268	229.037109	81.939049
-25.574329	2.247268	227.107422	83.219429
-25.574329	2.247268	225.175781	64.999374
-25.574329	2.247268	223.244141	70.182251
-25.574329	2.247268	221.312500	84.458099
-25.574329	2.247268	219.380859	85.736603
-25.574329	2.247268	217.447266	90.910652
-25.574329	2.247268	215.515625	74.009247
-25.574329	2.247268	213.582031	72.693161
-25.574329	2.247268	211.646484	67.484383
-25.574329	2.247268	209.712891	59.683212
-25.574329	2.247268	207.777344	54.480122
-25.574329	2.247268	205.841797	57.060535
-25.574329	2.247268	203.906250	49.267574
-25.574329	2.247268	201.968750	44.070797
-25.574329	2.247268	200.033203	40.172432
-25.574329	2.247268	198.095703	31.093676
-25.574329	2.247268	196.158203	31.086119
-25.574329	2.247268	194.218750	33.668442
-25.574329	2.247268	192.281250	45.311886
-25.574329	2.247268	190.341797	32.357765
-25.574329	2.247268	188.402344	28.467915
-25.574329	2.247268	186.460938	29.754677
-25.574329	2.247268	184.521484	28.454077
-25.574329	2.247268	182.580078	24.568003
-25.574329	2.247268	180.638672	27.147511
-25.574329	2.247268	178.695313	32.310612
-25.574329	2.247268	176.753906	21.965876
-25.574329	2.247268	174.810547	32.294910
-25.574329	2.247268	172.867188	23.246683
-25.574329	2.247268	170.921875	24.532204
-25.574329	2.247268	168.978516	25.817099
-25.574329	2.247268	167.033203	24.520285
-25.574329	2.247268	165.087891	29.675238
-25.574329	2.247268	163.142578	21.928543
-25.574329	2.247268	161.195313	27.081617
-25.574329	2.247268	159.248047	29.653614
-25.574329	2.247268	157.300781	36.091282
-25.574329	2.247268	155.353516	36.082516
-25.574329	2.247268	153.406250	33.497055
-25.574329	2.247268	151.457031	34.776955
-25.574329	2.247268	149.507813	41.207119
-25.574329	2.247268	147.558594	46.346748
-25.574329	2.247268	145.607422	39.900009
-25.574329	2.247268	143.658203	42.463890
-25.574329	2.247268	141.707031	57.891239
-25.574329	2.247268	139.753906	55.304863
-25.574329	2.247268	137.802734	78.436684
-25.574329	2.247268	135.849609	65.562294
-25.574329	2.247268	133.896484	65.546371
-25.574329	2.247268	131.943359	50.111530
-25.574329	2.247268	129.990234	55.237759
-25.574329	2.247268	128.035156	51.371490
-25.574329	2.247268	126.080078	55.210945
-25.574329	2.247268	124.125000	52.630219
-25.574329	2.247268	122.169922	62.884262
-25.574329	2.247268	120.212891	46.189468
-25.574329	2.247268	118.255859	51.309177
-25.574329	2.247268	116.298828	52.579147
-25.574329	2.247268	114.341797	42.309532
-25.574329	2.247268	112.382813	37.172081
-25.574329	2.247268	110.423828	25.629700
-25.574329	2.247268	108.464844	29.467003
-25.574329	2.247268	106.505859	29.459856
-25.574329	2.247268	104.544922	19.208288
-25.574329	2.247268	102.585938	19.203630
-25.574329	2.247268	100.625000	8.959520
-25.574329	2.247268	98.662109	2.559242
-25.574329	2.247268	96.701172	3.837932
-25.574329	2.247268	94.738281	3.837002
-25.574329	2.247268	92.775391	2.557381
-25.574329	2.247268	90.812500	-1.278380
-25.574329	2.247268	88.847656	3.834212
-25.574329	2.247268	86.882813	0.000000
-25.574329	2.247268	84.917969	2.554902
-25.574329	2.247268	82.953125	1.277141
-25.574329	2.247268	80.988281	-1.276832
-25.574329	2.247268	79.021484	2.553045
-25.574329	2.247268	77.054688	3.828639
-25.574329	2.247268	75.087891	2.551808
-25.574329	2.247268	73.119141	1.275595
-25.574329	2.247268	71.152344	5.101143
-25.574329	2.247268	69.183594	1.274977
-25.574329	2.247268	67.212891	3.824004
-25.574329	2.247268	65.244141	1.274359
-25.574329	2.247268	63.273438	1.274051
-25.574329	2.247268	61.302734	1.273742
-25.574329	2.247268	59.332031	0.000000
-22.574329	2.247268	1838.626953	22.500080
-22.574329	2.247268	1837.066406	19.285784
-22.574329	2.247268	1835.503906	28.922520
-22.574329	2.247268	1833.941406	22.490505
-22.574329	2.247268	1832.378906	25.697966
-22.574329	2.247268	1830.816406	28.904058
-22.574329	2.247268	1829.251953	22.476151
-22.574329	2.247268	1827.687500	19.261173
-22.574329	2.247268	1826.125000	27.280853
-22.574329	2.247268	1824.560547	19.252975
-22.574329	2.247268	1822.994141	17.644804
-22.574329	2.247268	1821.429688	17.641048
-22.574329	2.247268	1819.865234	20.844076
-22.574329	2.247268	1818.298828	12.824393
-22.574329	2.247268	1816.732422	20.835203
-22.574329	2.247268	1815.166016	22.433136
-22.574329	2.247268	1813.599609	24.030386
-22.574329	2.247268	1812.033203	19.220217
-22.574329	2.247268	1810.464844	16.013437
-22.574329	2.247268	1808.896484	22.414042
-22.574329	2.247268	1807.330078	16.006620
-22.574329	2.247268	1805.759766	27.205463
-22.574329	2.247268	1804.191406	28.799652
-22.574329	2.247268	1802.623047	19.195681
-22.574329	2.247268	1801.052734	23.989491
-22.574329	2.247268	1799.484375	22.385424
-22.574329	2.247268	1797.914063	20.782040
-22.574329	2.247268	1796.343750	23.974171
-22.574329	2.247268	1794.771484	22.371128
-22.574329	2.247268	1793.201172	11.183182
-22.574329	2.247268	1791.628906	17.569830
-22.574329	2.247268	1790.058594	17.566088
-22.574329	2.247268	1788.486328	27.141808
-22.574329	2.247268	1786.914063	31.924738
-22.574329	2.247268	1785.339844	22.342556
-22.574329	2.247268	1783.767578	27.124468
-22.574329	2.247268	1782.193359	25.523474
-22.574329	2.247268	1780.621094	23.923159
-22.574329	2.247268	1779.046875	20.728987
-22.574329	2.247268	1777.470703	15.941978
-22.574329	2.247268	1775.896484	30.283304
-22.574329	2.247268	1774.322266	22.309259
-22.574329	2.247268	1772.746094	25.490864
-22.574329	2.247268	1771.169922	19.114075
-22.574329	2.247268	1769.593750	23.887501
-22.574329	2.247268	1768.017578	20.698090
-22.574329	2.247268	1766.441406	20.693678
-22.574329	2.247268	1764.863281	12.731856
-22.574329	2.247268	1763.287109	25.458286
-22.574329	2.247268	1761.708984	27.043663
-22.574329	2.247268	1760.130859	30.218828
-22.574329	2.247268	1758.552734	20.671633
-22.574329	2.247268	1756.972656	20.667225
-22.574329	2.247268	1755.394531	25.431162
-22.574329	2.247268	1753.814453	14.301978
-22.574329	2.247268	1752.234375	27.009087
-22.574329	2.247268	1750.654297	20.649603
-22.574329	2.247268	1749.074219	19.057108
-22.574329	2.247268	1747.492188	19.053043
-22.574329	2.247268	1745.912109	20.636395
-22.574329	2.247268	1744.330078	17.457840
-22.574329	2.247268	1742.748047	25.387804
-22.574329	2.247268	1741.166016	22.209591
-22.574329	2.247268	1739.583984	22.204851
-22.574329	2.247268	1738.000000	20.614391
-22.574329	2.247268	1736.417969	25.366146
-22.574329	2.247268	1734.833984	25.360733
-22.574329	2.247268	1733.250000	23.770613
-22.574329	2.247268	1731.666016	15.843694
-22.574329	2.247268	1730.082031	31.680624
-22.574329	2.247268	1728.496094	22.171703
-22.574329	2.247268	1726.912109	22.166971
-22.574329	2.247268	1725.326172	23.745255
-22.574329	2.247268	1723.740234	25.322865
-22.574329	2.247268	1722.154297	25.317457
-22.574329	2.247268	1720.566406	20.566042
-22.574329	2.247268	1718.980469	18.979984
-22.574329	2.247268	1717.392578	22.138586
-22.574329	2.247268	1715.804688	25.295839
-22.574329	2.247268	1714.216797	25.290436
-22.574329	2.247268	1712.628906	25.285032
-22.574329	2.247268	1711.041016	30.019562
-22.574329	2.247268	1709.451172	22.114952
-22.574329	2.247268	1707.861328	26.848131
-22.574329	2.247268	1706.271484	22.105501
-22.574329	2.247268	1704.681641	22.100779
-22.574329	2.247268	1703.091797	23.674343
-22.574329	2.247268	1701.501953	18.935427
-22.574329	2.247268	1699.910156	25.241838
-22.574329	2.247268	1698.318359	14.195499
-22.574329	2.247268	1696.726563	22.077168
-22.574329	2.247268	1695.134766	15.766033
-22.574329	2.247268	1693.542969	17.338928
-22.574329	2.247268	1691.949219	23.638937
-22.574329	2.247268	1690.357422	18.907104
-22.574329	2.247268	1688.763672	17.327806
-22.574329	2.247268	1687.169922	15.749181
-22.574329	2.247268	1685.576172	20.469555
-22.574329	2.247268	1683.982422	22.039419
-22.574329	2.247268	1682.386719	26.756426
-22.574329	2.247268	1680.791016	14.162136
-22.574329	2.247268	1679.195313	26.744976
-22.574329	2.247268	1677.599609	23.593458
-22.574329	2.247268	1676.003906	25.160967
-22.574329	2.247268	1674.408203	29.872253
-22.574329	2.247268	1672.810547	20.434534
-22.574329	2.247268	1671.214844	23.573259
-22.574329	2.247268	1669.617188	23.568213
-22.574329	2.247268	1668.019531	26.704920
-22.574329	2.247268	1666.419922	26.699200
-22.574329	2.247268	1664.822266	25.123276
-22.574329	2.247268	1663.222656	15.698684
-22.574329	2.247268	1661.623047	29.821110
-22.574329	2.247268	1660.023438	23.537937
-22.574329	2.247268	1658.423828	20.395174
-22.574329	2.247268	1656.824219	25.096373
-22.574329	2.247268	1655.222656	21.954618
-22.574329	2.247268	1653.623047	26.653465
-22.574329	2.247268	1652.021484	26.647751
-22.574329	2.247268	1650.419922	20.373323
-22.574329	2.247268	1648.818359	23.502640
-22.574329	2.247268	1647.214844	28.197119
-22.574329	2.247268	1645.613281	26.624901
-22.574329	2.247268	1644.009766	21.921686
-22.574329	2.247268	1642.406250	23.482481
-22.574329	2.247268	1640.802734	31.303259
-22.574329	2.247268	1639.199219	25.037233
-22.574329	2.247268	1637.593750	20.338387
-22.574329	2.247268	1635.990234	20.334021
-22.574329	2.247268	1634.384766	29.712576
-22.574329	2.247268	1632.779297	20.325293
-22.574329	2.247268	1631.173828	20.320929
-22.574329	2.247268	1629.568359	23.442190
-22.574329	2.247268	1627.960938	15.624771
-22.574329	2.247268	1626.353516	26.556406
-22.574329	2.247268	1624.748047	24.988895
-22.574329	2.247268	1623.140625	17.176176
-22.574329	2.247268	1621.531250	20.294754
-22.574329	2.247268	1619.923828	23.411993
-22.574329	2.247268	1618.314453	20.286034
-22.574329	2.247268	1616.707031	20.281673
-22.574329	2.247268	1615.097656	23.396900
-22.574329	2.247268	1613.488281	21.832413
-22.574329	2.247268	1611.878906	21.827719
-22.574329	2.247268	1610.267578	34.293324
-22.574329	2.247268	1608.656250	26.493689
-22.574329	2.247268	1607.046875	21.813639
-22.574329	2.247268	1605.435547	18.693382
-22.574329	2.247268	1603.824219	28.034040
-22.574329	2.247268	1602.210938	28.028009
-22.574329	2.247268	1600.599609	28.021976
-22.574329	2.247268	1598.986328	23.346622
-22.574329	2.247268	1597.373047	24.897703
-22.574329	2.247268	1595.759766	18.669256
-22.574329	2.247268	1594.146484	21.776110
-22.574329	2.247268	1592.533203	21.771421
-22.574329	2.247268	1590.917969	24.876265
-22.574329	2.247268	1589.302734	18.653181
-22.574329	2.247268	1587.687500	18.649162
-22.574329	2.247268	1586.072266	15.537621
-22.574329	2.247268	1584.457031	26.408262
-22.574329	2.247268	1582.839844	20.190201
-22.574329	2.247268	1581.224609	24.844122
-22.574329	2.247268	1579.607422	24.838768
-22.574329	2.247268	1577.990234	26.385500
-22.574329	2.247268	1576.373047	12.414028
-22.574329	2.247268	1574.755859	18.617027
-22.574329	2.247268	1573.136719	17.061928
-22.574329	2.247268	1571.517578	20.159746
-22.574329	2.247268	1569.898438	20.155397
-22.574329	2.247268	1568.279297	27.901451
-22.574329	2.247268	1566.660156	18.596952
-22.574329	2.247268	1565.041016	29.438820
-22.574329	2.247268	1563.419922	24.785234
-22.574329	2.247268	1561.798828	23.231140
-22.574329	2.247268	1560.177734	17.032490
-22.574329	2.247268	1558.556641	20.124960
-22.574329	2.247268	1556.935547	21.668352
-22.574329	2.247268	1555.312500	24.758482
-22.574329	2.247268	1553.691406	20.111919
-22.574329	2.247268	1552.068359	24.747784
-22.574329	2.247268	1550.445313	20.103230
-22.574329	2.247268	1548.822266	23.191019
-22.574329	2.247268	1547.197266	21.640272
-22.574329	2.247268	1545.574219	18.544794
-22.574329	2.247268	1543.949219	20.085850
-22.574329	2.247268	1542.324219	20.081505
-22.574329	2.247268	1540.699219	21.621559
-22.574329	2.247268	1539.072266	20.072819
-22.574329	2.247268	1537.447266	16.981016
-22.574329	2.247268	1535.820313	21.607527
-22.574329	2.247268	1534.193359	18.516727
-22.574329	2.247268	1532.566406	24.683626
-22.574329	2.247268	1530.939453	20.051104
-22.574329	2.247268	1529.312500	20.046762
-22.574329	2.247268	1527.683594	24.667595
-22.574329	2.247268	1526.056641	23.120861
-22.574329	2.247268	1524.427734	21.574795
-22.574329	2.247268	1522.798828	24.651567
-22.574329	2.247268	1521.167969	20.025057
-22.574329	2.247268	1519.539063	16.940607
-22.574329	2.247268	1517.908203	20.016376
-22.574329	2.247268	1516.277344	21.551424
-22.574329	2.247268	1514.646484	18.468645
-22.574329	2.247268	1513.015625	23.080799
-22.574329	2.247268	1511.384766	26.152565
-22.574329	2.247268	1509.751953	16.918577
-22.574329	2.247268	1508.121094	15.377187
-22.574329	2.247268	1506.488281	16.911234
-22.574329	2.247268	1504.855469	19.981667
-22.574329	2.247268	1503.220703	23.050764
-22.574329	2.247268	1501.587891	21.509375
-22.574329	2.247268	1499.953125	21.504704
-22.574329	2.247268	1498.318359	26.107183
-22.574329	2.247268	1496.683594	16.889214
-22.574329	2.247268	1495.048828	19.955645
-22.574329	2.247268	1493.414063	16.881876
-22.574329	2.247268	1491.777344	24.550119
-22.574329	2.247268	1490.140625	18.408587
-22.574329	2.247268	1488.505859	15.337153
-22.574329	2.247268	1486.867188	19.933964
-22.574329	2.247268	1485.230469	16.863533
-22.574329	2.247268	1483.593750	15.327149
-22.574329	2.247268	1481.955078	30.647631
-22.574329	2.247268	1480.316406	18.384577
-22.574329	2.247268	1478.677734	22.975719
-22.574329	2.247268	1477.039063	22.970720
-22.574329	2.247268	1475.400391	15.310479
-22.574329	2.247268	1473.759766	19.899290
-22.574329	2.247268	1472.119141	21.425337
-22.574329	2.247268	1470.478516	19.890623
-22.574329	2.247268	1468.837891	16.826860
-22.574329	2.247268	1467.197266	22.940720
-22.574329	2.247268	1465.556641	22.935720
-22.574329	2.247268	1463.914063	13.758432
-22.574329	2.247268	1462.271484	22.925722
-22.574329	2.247268	1460.628906	19.864628
-22.574329	2.247268	1458.986328	19.860296
-22.574329	2.247268	1457.343750	19.855965
-22.574329	2.247268	1455.699219	21.378681
-22.574329	2.247268	1454.054688	19.847301
-22.574329	2.247268	1452.410156	22.895735
-22.574329	2.247268	1450.765625	13.734443
-22.574329	2.247268	1449.121094	21.360025
-22.574329	2.247268	1447.474609	16.779213
-22.574329	2.247268	1445.830078	16.775549
-22.574329	2.247268	1444.183594	21.346035
-22.574329	2.247268	1442.537109	19.816988
-22.574329	2.247268	1440.890625	27.432911
-22.574329	2.247268	1439.242188	24.379480
-22.574329	2.247268	1437.595703	24.374153
-22.574329	2.247268	1435.947266	24.368824
-22.574329	2.247268	1434.298828	15.227185
-22.574329	2.247268	1432.650391	15.223855
-22.574329	2.247268	1431.000000	18.264631
-22.574329	2.247268	1429.351563	22.825794
-22.574329	2.247268	1427.701172	24.342186
-22.574329	2.247268	1426.050781	22.815805
-22.574329	2.247268	1424.400391	15.207208
-22.574329	2.247268	1422.750000	25.846594
-22.574329	2.247268	1421.097656	27.360989
-22.574329	2.247268	1419.447266	15.197220
-22.574329	2.247268	1417.794922	25.829615
-22.574329	2.247268	1416.142578	18.228676
-22.574329	2.247268	1414.490234	19.743404
-22.574329	2.247268	1412.835938	18.220686
-22.574329	2.247268	1411.183594	30.361155
-22.574329	2.247268	1409.529297	24.283598
-22.574329	2.247268	1407.875000	13.656528
-22.574329	2.247268	1406.220703	25.790009
-22.574329	2.247268	1404.566406	28.817804
-22.574329	2.247268	1402.910156	25.778694
-22.574329	2.247268	1401.255859	19.708792
-22.574329	2.247268	1399.599609	21.220196
-22.574329	2.247268	1397.943359	19.700142
-22.574329	2.247268	1396.287109	21.210878
-22.574329	2.247268	1394.628906	19.691490
-22.574329	2.247268	1392.970703	19.687164
-22.574329	2.247268	1391.314453	15.140646
-22.574329	2.247268	1389.656250	27.247173
-22.574329	2.247268	1387.998047	19.674191
-22.574329	2.247268	1386.337891	19.669865
-22.574329	2.247268	1384.679688	31.767412
-22.574329	2.247268	1383.019531	24.198420
-22.574329	2.247268	1381.359375	19.656891
-22.574329	2.247268	1379.699219	24.187775
-22.574329	2.247268	1378.039063	16.625437
-22.574329	2.247268	1376.376953	15.110707
-22.574329	2.247268	1374.716797	24.171810
-22.574329	2.247268	1373.054688	25.676893
-22.574329	2.247268	1371.392578	21.141022
-22.574329	2.247268	1369.728516	25.665586
-22.574329	2.247268	1368.066406	22.641117
-22.574329	2.247268	1366.402344	27.163355
-22.574329	2.247268	1364.740234	19.613655
-22.574329	2.247268	1363.076172	33.185024
-22.574329	2.247268	1361.412109	27.145397
-22.574329	2.247268	1359.746094	24.123922
-22.574329	2.247268	1358.082031	21.103777
-22.574329	2.247268	1356.416016	19.592041
-22.574329	2.247268	1354.750000	15.067475
-22.574329	2.247268	1353.083984	13.557735
-22.574329	2.247268	1351.417969	18.072990
-22.574329	2.247268	1349.750000	19.574751
-22.574329	2.247268	1348.083984	22.581264
-22.574329	2.247268	1346.416016	24.081364
-22.574329	2.247268	1344.748047	21.066538
-22.574329	2.247268	1343.078125	19.557465
-22.574329	2.247268	1341.410156	21.057230
-22.574329	2.247268	1339.740234	21.052576
-22.574329	2.247268	1338.072266	15.034230
-22.574329	2.247268	1336.402344	24.049450
-22.574329	2.247268	1334.730469	16.530340
-22.574329	2.247268	1333.060547	30.048517
-22.574329	2.247268	1331.388672	24.033495
-22.574329	2.247268	1329.718750	25.529938
-22.574329	2.247268	1328.046875	18.017145
-22.574329	2.247268	1326.375000	12.008771
-22.574329	2.247268	1324.701172	19.509932
-22.574329	2.247268	1323.029297	10.503021
-22.574329	2.247268	1321.355469	22.501490
-22.574329	2.247268	1319.681641	22.496504
-22.574329	2.247268	1318.007813	14.994347
-22.574329	2.247268	1316.333984	14.991023
-22.574329	2.247268	1314.660156	25.479090
-22.574329	2.247268	1312.984375	19.479691
-22.574329	2.247268	1311.308594	19.475370
-22.574329	2.247268	1309.632813	20.968822
-22.574329	2.247268	1307.957031	19.466730
-22.574329	2.247268	1306.279297	16.468193
-22.574329	2.247268	1304.603516	22.451643
-22.574329	2.247268	1302.925781	19.453772
-22.574329	2.247268	1301.248047	17.953341
-22.574329	2.247268	1299.570313	19.445133
-22.574329	2.247268	1297.892578	26.918049
-22.574329	2.247268	1296.212891	22.426723
-22.574329	2.247268	1294.533203	16.442610
-22.574329	2.247268	1292.853516	23.911207
-22.574329	2.247268	1291.173828	20.917654
-22.574329	2.247268	1289.494141	14.937860
-22.574329	2.247268	1287.812500	16.427992
-22.574329	2.247268	1286.132813	26.876188
-22.574329	2.247268	1284.451172	14.927894
-22.574329	2.247268	1282.769531	22.386858
-22.574329	2.247268	1281.085938	17.905500
-22.574329	2.247268	1279.404297	14.917928
-22.574329	2.247268	1277.720703	25.354830
-22.574329	2.247268	1276.039063	20.875797
-22.574329	2.247268	1274.355469	14.907963
-22.574329	2.247268	1272.669922	19.376034
-22.574329	2.247268	1270.986328	19.371716
-22.574329	2.247268	1269.300781	32.775593
-22.574329	2.247268	1267.615234	22.342014
-22.574329	2.247268	1265.929688	19.358761
-22.574329	2.247268	1264.244141	17.865641
-22.574329	2.247268	1262.558594	28.280952
-22.574329	2.247268	1260.871094	19.345808
-22.574329	2.247268	1259.185547	11.902455
-22.574329	2.247268	1257.498047	17.849697
-22.574329	2.247268	1255.808594	19.332855
-22.574329	2.247268	1254.121094	23.788969
-22.574329	2.247268	1252.433594	19.324221
-22.574329	2.247268	1250.744141	19.319902
-22.574329	2.247268	1249.054688	16.343958
-22.574329	2.247268	1247.365234	19.311268
-22.574329	2.247268	1245.673828	28.217852
-22.574329	2.247268	1243.984375	22.272270
-22.574329	2.247268	1242.292969	13.360373
-22.574329	2.247268	1240.601563	22.262308
-22.574329	2.247268	1238.910156	22.257326
-22.574329	2.247268	1237.218750	25.219326
-22.574329	2.247268	1235.525391	16.314734
-22.574329	2.247268	1233.833984	20.759558
-22.574329	2.247268	1232.140625	17.789923
-22.574329	2.247268	1230.447266	20.750261
-22.574329	2.247268	1228.753906	13.336465
-22.574329	2.247268	1227.058594	23.703959
-22.574329	2.247268	1225.365234	23.698647
-22.574329	2.247268	1223.669922	16.289167
-22.574329	2.247268	1221.974609	22.207520
-22.574329	2.247268	1220.277344	20.722370
-22.574329	2.247268	1218.582031	23.677397
-22.574329	2.247268	1216.884766	19.233568
-22.574329	2.247268	1215.189453	17.750080
-22.574329	2.247268	1213.492188	20.703779
-22.574329	2.247268	1211.792969	13.306583
-22.574329	2.247268	1210.095703	22.172659
-22.574329	2.247268	1208.396484	25.123371
-22.574329	2.247268	1206.699219	31.027781
-22.574329	2.247268	1205.000000	22.157721
-22.574329	2.247268	1203.298828	23.629591
-22.574329	2.247268	1201.599609	20.671244
-22.574329	2.247268	1199.900391	19.190411
-22.574329	2.247268	1198.199219	17.710241
-22.574329	2.247268	1196.498047	13.279694
-22.574329	2.247268	1194.796875	20.652655
-22.574329	2.247268	1193.093750	16.223434
-22.574329	2.247268	1191.392578	19.168833
-22.574329	2.247268	1189.689453	23.587099
-22.574329	2.247268	1187.986328	19.160204
-22.574329	2.247268	1186.283203	22.102947
-22.574329	2.247268	1184.580078	20.624771
-22.574329	2.247268	1182.875000	19.147257
-22.574329	2.247268	1181.169922	22.088011
-22.574329	2.247268	1179.464844	26.499638
-22.574329	2.247268	1177.759766	23.549923
-22.574329	2.247268	1176.054688	14.715383
-22.574329	2.247268	1174.347656	26.481714
-22.574329	2.247268	1172.642578	13.237870
-22.574329	2.247268	1170.935547	17.646511
-22.574329	2.247268	1169.228516	19.112740
-22.574329	2.247268	1167.519531	20.578302
-22.574329	2.247268	1165.812500	20.573656
-22.574329	2.247268	1164.103516	14.692150
-22.574329	2.247268	1162.394531	24.971014
-22.574329	2.247268	1160.685547	17.622616
-22.574329	2.247268	1158.976563	19.086853
-22.574329	2.247268	1157.265625	17.614651
-22.574329	2.247268	1155.556641	23.480890
-22.574329	2.247268	1153.845703	22.008356
-22.574329	2.247268	1152.134766	20.536488
-22.574329	2.247268	1150.423828	19.065281
-22.574329	2.247268	1148.710938	23.459652
-22.574329	2.247268	1146.998047	24.920238
-22.574329	2.247268	1145.287109	19.052340
-22.574329	2.247268	1143.572266	17.582792
-22.574329	2.247268	1141.859375	23.438414
-22.574329	2.247268	1140.146484	26.362244
-22.574329	2.247268	1138.431641	19.035084
-22.574329	2.247268	1136.716797	21.958582
-22.574329	2.247268	1135.001953	21.953604
-22.574329	2.247268	1133.287109	17.558901
-22.574329	2.247268	1131.570313	26.332378
-22.574329	2.247268	1129.855469	20.476093
-22.574329	2.247268	1128.138672	19.009203
-22.574329	2.247268	1126.421875	17.542974
-22.574329	2.247268	1124.703125	19.000576
-22.574329	2.247268	1122.986328	20.457514
-22.574329	2.247268	1121.267578	24.835627
-22.574329	2.247268	1119.548828	23.369398
-22.574329	2.247268	1117.830078	24.824347
-22.574329	2.247268	1116.111328	21.898857
-22.574329	2.247268	1114.392578	21.893881
-22.574329	2.247268	1112.671875	16.051863
-22.574329	2.247268	1110.951172	23.342857
-22.574329	2.247268	1109.230469	17.503162
-22.574329	2.247268	1107.509766	11.666121
-22.574329	2.247268	1105.787109	16.037266
-22.574329	2.247268	1104.066406	21.864023
-22.574329	2.247268	1102.343750	17.487238
-22.574329	2.247268	1100.621094	17.483257
-22.574329	2.247268	1098.896484	18.935883
-22.574329	2.247268	1097.173828	18.931570
-22.574329	2.247268	1095.449219	27.662916
-22.574329	2.247268	1093.724609	18.922945
-22.574329	2.247268	1092.000000	26.195030
-22.574329	2.247268	1090.275391	18.914322
-22.574329	2.247268	1088.550781	16.000776
-22.574329	2.247268	1086.824219	26.177118
-22.574329	2.247268	1085.097656	17.447432
-22.574329	2.247268	1083.371094	21.804316
-22.574329	2.247268	1081.644531	24.705919
-22.574329	2.247268	1079.916016	20.341408
-22.574329	2.247268	1078.189453	17.431511
-22.574329	2.247268	1076.460938	15.975237
-22.574329	2.247268	1074.732422	21.779440
-22.574329	2.247268	1073.001953	17.419571
-22.574329	2.247268	1071.273438	14.512993
-22.574329	2.247268	1069.542969	21.764515
-22.574329	2.247268	1067.812500	15.956996
-22.574329	2.247268	1066.082031	18.853956
-22.574329	2.247268	1064.351563	14.499727
-22.574329	2.247268	1062.619141	30.442463
-22.574329	2.247268	1060.888672	13.043785
-22.574329	2.247268	1059.156250	26.081602
-22.574329	2.247268	1057.421875	21.729694
-22.574329	2.247268	1055.689453	24.621349
-22.574329	2.247268	1053.957031	17.375797
-22.574329	2.247268	1052.222656	18.819469
-22.574329	2.247268	1050.488281	24.604437
-22.574329	2.247268	1048.753906	14.469883
-22.574329	2.247268	1047.019531	17.359880
-22.574329	2.247268	1045.283203	23.141201
-22.574329	2.247268	1043.546875	17.351923
-22.574329	2.247268	1041.810547	24.576254
-22.574329	2.247268	1040.074219	23.125286
-22.574329	2.247268	1038.337891	18.784985
-22.574329	2.247268	1036.599609	20.225342
-22.574329	2.247268	1034.861328	27.442379
-22.574329	2.247268	1033.123047	23.104067
-22.574329	2.247268	1031.384766	20.211418
-22.574329	2.247268	1029.646484	15.876753
-22.574329	2.247268	1027.906250	24.531164
-22.574329	2.247268	1026.167969	36.066952
-22.574329	2.247268	1024.427734	28.846933
-22.574329	2.247268	1022.685547	25.956272
-22.574329	2.247268	1020.945313	23.066938
-22.574329	2.247268	1019.203125	28.827044
-22.574329	2.247268	1017.462891	25.938372
-22.574329	2.247268	1015.720703	27.373095
-22.574329	2.247268	1013.976563	18.724651
-22.574329	2.247268	1012.234375	20.160368
-22.574329	2.247268	1010.490234	30.233591
-22.574329	2.247268	1008.746094	21.590450
-22.574329	2.247268	1007.001953	27.341606
-22.574329	2.247268	1005.257813	27.335308
-22.574329	2.247268	1003.513672	28.767382
-22.574329	2.247268	1001.767578	33.074863
-22.574329	2.247268	1000.021484	27.316418
-22.574329	2.247268	998.275391	25.872746
-22.574329	2.247268	996.529297	27.303825
-22.574329	2.247268	994.781250	28.734240
-22.574329	2.247268	993.035156	31.600374
-22.574329	2.247268	991.287109	27.284935
-22.574329	2.247268	989.539063	34.457230
-22.574329	2.247268	987.789063	27.272343
-22.574329	2.247268	986.041016	38.746487
-22.574329	2.247268	984.291016	34.433372
-22.574329	2.247268	982.541016	40.162987
-22.574329	2.247268	980.791016	38.719650
-22.574329	2.247268	979.041016	40.144432
-22.574329	2.247268	977.289063	34.401562
-22.574329	2.247268	975.537109	34.393612
-22.574329	2.247268	973.785156	30.087452
-22.574329	2.247268	972.033203	32.945305
-22.574329	2.247268	970.281250	38.665977
-22.574329	2.247268	968.527344	41.520515
-22.574329	2.247268	966.773438	37.216679
-22.574329	2.247268	965.019531	34.345905
-22.574329	2.247268	963.265625	42.922443
-22.574329	2.247268	961.511719	42.912506
-22.574329	2.247268	959.755859	32.891972
-22.574329	2.247268	958.000000	45.752144
-22.574329	2.247268	956.244141	40.023849
-22.574329	2.247268	954.488281	34.298210
-22.574329	2.247268	952.730469	34.290260
-22.574329	2.247268	950.974609	35.710739
-22.574329	2.247268	949.216797	34.274361
-22.574329	2.247268	947.458984	39.977482
-22.574329	2.247268	945.701172	35.685902
-22.574329	2.247268	943.941406	19.979469
-22.574329	2.247268	942.181641	37.096119
-22.574329	2.247268	940.421875	45.646164
-22.574329	2.247268	938.662109	39.931122
-22.574329	2.247268	936.902344	28.515608
-22.574329	2.247268	935.140625	27.083536
-22.574329	2.247268	933.380859	32.777718
-22.574329	2.247268	931.619141	21.371805
-22.574329	2.247268	929.855469	32.762489
-22.574329	2.247268	928.093750	24.210123
-22.574329	2.247268	926.330078	28.475878
-22.574329	2.247268	924.568359	25.622330
-22.574329	2.247268	922.804688	25.616371
-22.574329	2.247268	921.039063	15.650807
-22.574329	2.247268	919.275391	21.337046
-22.574329	2.247268	917.509766	21.332081
-22.574329	2.247268	915.744141	18.483500
-22.574329	2.247268	913.978516	22.743628
-22.574329	2.247268	912.212891	18.474894
-22.574329	2.247268	910.447266	21.312222
-22.574329	2.247268	908.679688	22.727741
-22.574329	2.247268	906.912109	29.823210
-22.574329	2.247268	905.144531	24.136972
-22.574329	2.247268	903.375000	25.550837
-22.574329	2.247268	901.607422	25.544880
-22.574329	2.247268	899.837891	24.120096
-22.574329	2.247268	898.068359	26.951468
-22.574329	2.247268	896.298828	22.690678
-22.574329	2.247268	894.529297	28.356730
-22.574329	2.247268	892.757813	25.515102
-22.574329	2.247268	890.986328	22.674797
-22.574329	2.247268	889.214844	19.835815
-22.574329	2.247268	887.443359	28.330263
-22.574329	2.247268	885.669922	26.907465
-22.574329	2.247268	883.898438	25.485329
-22.574329	2.247268	882.125000	24.063852
-22.574329	2.247268	880.351563	25.473419
-22.574329	2.247268	878.578125	26.882326
-22.574329	2.247268	876.802734	25.461514
-22.574329	2.247268	875.027344	22.627165
-22.574329	2.247268	873.251953	25.449606
-22.574329	2.247268	871.476563	26.857189
-22.574329	2.247268	869.701172	24.024496
-22.574329	2.247268	867.923828	15.541624
-22.574329	2.247268	866.146484	19.775620
-22.574329	2.247268	864.369141	26.832058
-22.574329	2.247268	862.591797	22.590128
-22.574329	2.247268	860.814453	25.407942
-22.574329	2.247268	859.035156	19.757105
-22.574329	2.247268	857.255859	23.985149
-22.574329	2.247268	855.476563	22.568970
-22.574329	2.247268	853.697266	19.743219
-22.574329	2.247268	851.916016	19.738592
-22.574329	2.247268	850.136719	32.420086
-22.574329	2.247268	848.355469	26.775528
-22.574329	2.247268	846.574219	35.222694
-22.574329	2.247268	844.791016	18.311506
-22.574329	2.247268	843.009766	30.981430
-22.574329	2.247268	841.226563	21.118746
-22.574329	2.247268	839.443359	22.521376
-22.574329	2.247268	837.660156	14.072555
-22.574329	2.247268	835.875000	19.696951
-22.574329	2.247268	834.091797	16.879135
-22.574329	2.247268	832.306641	25.312756
-22.574329	2.247268	830.521484	22.494942
-22.574329	2.247268	828.734375	25.300863
-22.574329	2.247268	826.949219	18.268551
-22.574329	2.247268	825.162109	19.669199
-22.574329	2.247268	823.375000	22.473801
-22.574329	2.247268	821.587891	22.468515
-22.574329	2.247268	819.800781	25.271135
-22.574329	2.247268	818.011719	25.265190
-22.574329	2.247268	816.222656	30.872412
-22.574329	2.247268	814.433594	19.641457
-22.574329	2.247268	812.644531	28.052620
-22.574329	2.247268	810.855469	23.839113
-22.574329	2.247268	809.064453	23.833500
-22.574329	2.247268	807.273438	25.229527
-22.574329	2.247268	805.482422	23.822275
-22.574329	2.247268	803.691406	21.014702
-22.574329	2.247268	801.898438	19.609100
-22.574329	2.247268	800.107422	23.805439
-22.574329	2.247268	798.314453	18.199867
-22.574329	2.247268	796.521484	16.795918
-22.574329	2.247268	794.726563	27.986595
-22.574329	2.247268	792.933594	23.782995
-22.574329	2.247268	791.138672	20.980045
-22.574329	2.247268	789.343750	27.966795
-22.574329	2.247268	787.546875	25.164175
-22.574329	2.247268	785.751953	19.567516
-22.574329	2.247268	783.955078	23.754948
-22.574329	2.247268	782.158203	23.749338
-22.574329	2.247268	780.361328	26.537111
-22.574329	2.247268	778.564453	25.134483
-22.574329	2.247268	776.765625	26.524576
-22.574329	2.247268	774.968750	30.705410
-22.574329	2.247268	773.169922	33.488895
-22.574329	2.247268	771.369141	23.715694
-22.574329	2.247268	769.570313	29.288933
-22.574329	2.247268	767.769531	27.887627
-22.574329	2.247268	765.970703	32.063187
-22.574329	2.247268	764.167969	27.874437
-22.574329	2.247268	762.367188	22.294275
-22.574329	2.247268	760.566406	27.861250
-22.574329	2.247268	758.763672	30.640123
-22.574329	2.247268	756.960938	33.417679
-22.574329	2.247268	755.158203	25.057325
-22.574329	2.247268	753.353516	20.876160
-22.574329	2.247268	751.550781	19.479803
-22.574329	2.247268	749.746094	27.821697
-22.574329	2.247268	747.941406	22.252087
-22.574329	2.247268	746.136719	31.979795
-22.574329	2.247268	744.330078	29.192024
-22.574329	2.247268	742.523438	29.185104
-22.574329	2.247268	740.718750	23.620438
-22.574329	2.247268	738.910156	22.225729
-22.574329	2.247268	737.103516	27.775574
-22.574329	2.247268	735.294922	33.322784
-22.574329	2.247268	733.488281	23.598040
-22.574329	2.247268	731.679688	26.368021
-22.574329	2.247268	729.869141	30.524149
-22.574329	2.247268	728.060547	22.194113
-22.574329	2.247268	726.250000	30.509661
-22.574329	2.247268	724.439453	30.502419
-22.574329	2.247268	722.628906	23.564453
-22.574329	2.247268	720.818359	26.330488
-22.574329	2.247268	719.005859	24.938747
-22.574329	2.247268	717.195313	16.621881
-22.574329	2.247268	715.382813	22.157244
-22.574329	2.247268	713.568359	23.536476
-22.574329	2.247268	711.755859	16.610035
-22.574329	2.247268	709.941406	20.757608
-22.574329	2.247268	708.126953	24.903206
-22.574329	2.247268	706.312500	19.364555
-22.574329	2.247268	704.498047	19.359949
-22.574329	2.247268	702.681641	20.737869
-22.574329	2.247268	700.867188	22.115131
-22.574329	2.247268	699.050781	23.491735
-22.574329	2.247268	697.232422	20.723068
-22.574329	2.247268	695.416016	19.336927
-22.574329	2.247268	693.597656	17.951443
-22.574329	2.247268	691.779297	17.947168
-22.574329	2.247268	689.960938	20.703341
-22.574329	2.247268	688.142578	30.357668
-22.574329	2.247268	686.324219	26.211740
-22.574329	2.247268	684.503906	26.205496
-22.574329	2.247268	682.683594	26.199251
-22.574329	2.247268	680.863281	26.193007
-22.574329	2.247268	679.041016	22.052011
-22.574329	2.247268	677.218750	28.936365
-22.574329	2.247268	675.398438	19.286310
-22.574329	2.247268	673.576172	19.281712
-22.574329	2.247268	671.751953	23.407923
-22.574329	2.247268	669.929688	23.402338
-22.574329	2.247268	668.105469	23.396755
-22.574329	2.247268	666.281250	23.391172
-22.574329	2.247268	664.457031	30.263704
-22.574329	2.247268	662.630859	26.130596
-22.574329	2.247268	660.806641	23.374426
-22.574329	2.247268	658.980469	28.867397
-22.574329	2.247268	657.154297	32.983433
-22.574329	2.247268	655.326172	24.731667
-22.574329	2.247268	653.500000	32.967678
-22.574329	2.247268	651.671875	28.839827
-22.574329	2.247268	649.843750	26.086943
-22.574329	2.247268	648.015625	30.198715
-22.574329	2.247268	646.185547	28.819157
-22.574329	2.247268	644.357422	27.440254
-22.574329	2.247268	642.527344	24.690325
-22.574329	2.247268	640.697266	27.427135
-22.574329	2.247268	638.865234	34.275719
-22.574329	2.247268	637.035156	38.379623
-22.574329	2.247268	635.203125	31.518578
-22.574329	2.247268	633.371094	34.251125
-22.574329	2.247268	631.539063	32.873215
-22.574329	2.247268	629.705078	38.342903
-22.574329	2.247268	627.873047	30.119358
-22.574329	2.247268	626.039063	31.480881
-22.574329	2.247268	624.203125	32.841751
-22.574329	2.247268	622.369141	34.201965
-22.574329	2.247268	620.535156	39.664776
-22.574329	2.247268	618.699219	27.348467
-22.574329	2.247268	616.863281	34.177395
-22.574329	2.247268	615.025391	27.335365
-22.574329	2.247268	613.189453	28.695255
-22.574329	2.247268	611.351563	32.786716
-22.574329	2.247268	609.513672	28.681503
-22.574329	2.247268	607.675781	23.212793
-22.574329	2.247268	605.837891	31.398014
-22.574329	2.247268	603.998047	30.025682
-22.574329	2.247268	602.158203	30.018482
-22.574329	2.247268	600.318359	24.554686
-22.574329	2.247268	598.478516	25.912617
-22.574329	2.247268	596.636719	31.360378
-22.574329	2.247268	594.796875	25.900185
-22.574329	2.247268	592.955078	25.893969
-22.574329	2.247268	591.111328	21.800213
-22.574329	2.247268	589.269531	28.605913
-22.574329	2.247268	587.425781	27.237186
-22.574329	2.247268	585.583984	25.869114
-22.574329	2.247268	583.738281	29.946518
-22.574329	2.247268	581.894531	28.578447
-22.574329	2.247268	580.050781	20.408274
-22.574329	2.247268	578.205078	19.043146
-22.574329	2.247268	576.359375	17.678673
-22.574329	2.247268	574.513672	23.112711
-22.574329	2.247268	572.666016	24.466400
-22.574329	2.247268	570.818359	27.178356
-22.574329	2.247268	568.970703	20.378868
-22.574329	2.247268	567.123047	25.807026
-22.574329	2.247268	565.275391	21.727007
-22.574329	2.247268	563.425781	28.509840
-22.574329	2.247268	561.576172	36.646694
-22.574329	2.247268	559.726563	28.496128
-22.574329	2.247268	557.876953	25.776011
-22.574329	2.247268	556.027344	32.551338
-22.574329	2.247268	554.175781	27.119587
-22.574329	2.247268	552.324219	31.180021
-22.574329	2.247268	550.472656	29.817190
-22.574329	2.247268	548.619141	28.455013
-22.574329	2.247268	546.767578	21.674791
-22.574329	2.247268	544.914063	23.023920
-22.574329	2.247268	543.060547	31.142511
-22.574329	2.247268	541.205078	32.488708
-22.574329	2.247268	539.351563	40.601105
-22.574329	2.247268	537.496094	37.885235
-22.574329	2.247268	535.640625	36.523392
-22.574329	2.247268	533.785156	48.686123
-22.574329	2.247268	531.927734	48.674393
-22.574329	2.247268	530.070313	55.421368
-22.574329	2.247268	528.212891	68.922157
-22.574329	2.247268	526.355469	104.033867
-22.574329	2.247268	524.498047	198.562241
-22.574329	2.247268	522.638672	352.464294
-22.574329	2.247268	520.779297	595.399536
-22.574329	2.247268	518.919922	469.725800
-22.574329	2.247268	517.060547	250.999786
-22.574329	2.247268	515.199219	124.120491
-22.574329	2.247268	513.339844	99.811966
-22.574329	2.247268	511.478516	78.212128
-22.574329	2.247268	509.615234	62.015343
-22.574329	2.247268	507.753906	71.435219
-22.574329	2.247268	505.890625	55.247875
-22.574329	2.247268	504.027344	45.804253
-22.574329	2.247268	502.164063	61.955505
-22.574329	2.247268	500.300781	55.207882
-22.574329	2.247268	498.435547	57.886971
-22.574329	2.247268	496.570313	57.872993
-22.574329	2.247268	494.705078	48.440109
-22.574329	2.247268	492.839844	57.845051
-22.574329	2.247268	490.972656	57.831081
-22.574329	2.247268	489.107422	61.850864
-22.574329	2.247268	487.240234	56.458889
-22.574329	2.247268	485.371094	43.005905
-22.574329	2.247268	483.503906	49.713562
-22.574329	2.247268	481.634766	40.298553
-22.574329	2.247268	479.765625	44.317699
-22.574329	2.247268	477.896484	44.306988
-22.574329	2.247268	476.027344	34.900101
-22.574329	2.247268	474.156250	40.259613
-22.574329	2.247268	472.285156	28.174915
-22.574329	2.247268	470.414063	37.557472
-22.574329	2.247268	468.542969	36.207378
-22.574329	2.247268	466.669922	34.857933
-22.574329	2.247268	464.796875	30.828407
-22.574329	2.247268	462.923828	32.160992
-22.574329	2.247268	461.050781	29.473780
-22.574329	2.247268	459.177734	32.145439
-22.574329	2.247268	457.302734	29.459522
-22.574329	2.247268	455.427734	32.129887
-22.574329	2.247268	453.552734	32.122112
-22.574329	2.247268	451.675781	41.481022
-22.574329	2.247268	449.800781	33.444344
-22.574329	2.247268	447.923828	25.411549
-22.574329	2.247268	446.046875	34.765282
-22.574329	2.247268	444.169922	25.399250
-22.574329	2.247268	442.291016	33.411976
-22.574329	2.247268	440.412109	37.412354
-22.574329	2.247268	438.533203	33.395798
-22.574329	2.247268	436.654297	26.710171
-22.574329	2.247268	434.773438	30.709259
-22.574329	2.247268	432.894531	32.036682
-22.574329	2.247268	431.013672	30.694386
-22.574329	2.247268	429.130859	32.021168
-22.574329	2.247268	427.250000	26.677843
-22.574329	2.247268	425.367188	14.669259
-22.574329	2.247268	423.484375	31.997902
-22.574329	2.247268	421.601563	22.659689
-22.574329	2.247268	419.718750	15.991199
-22.574329	2.247268	417.833984	21.316433
-22.574329	2.247268	415.949219	29.302992
-22.574329	2.247268	414.064453	30.627523
-22.574329	2.247268	412.179688	23.963556
-22.574329	2.247268	410.294922	31.943665
-22.574329	2.247268	408.408203	23.951941
-22.574329	2.247268	406.521484	41.240566
-22.574329	2.247268	404.634766	33.250458
-22.574329	2.247268	402.746094	39.890873
-22.574329	2.247268	400.857422	54.504311
-22.574329	2.247268	398.968750	83.730217
-22.574329	2.247268	397.080078	93.011017
-22.574329	2.247268	395.191406	89.003242
-22.574329	2.247268	393.300781	81.013145
-22.574329	2.247268	391.410156	67.715874
-22.574329	2.247268	389.519531	58.407372
-22.574329	2.247268	387.628906	57.066086
-22.574329	2.247268	385.736328	50.418259
-22.574329	2.247268	383.843750	51.732502
-22.574329	2.247268	381.951172	51.719952
-22.574329	2.247268	380.058594	53.033234
-22.574329	2.247268	378.164063	64.949951
-22.574329	2.247268	376.271484	68.909752
-22.574329	2.247268	374.376953	90.090881
-22.574329	2.247268	372.480469	70.200851
-22.574329	2.247268	370.585938	70.183815
-22.574329	2.247268	368.689453	59.575569
-22.574329	2.247268	366.792969	45.001728
-22.574329	2.247268	364.896484	47.637321
-22.574329	2.247268	363.000000	50.271633
-22.574329	2.247268	361.101563	55.549896
-22.574329	2.247268	359.203125	54.214115
-22.574329	2.247268	357.304688	51.557003
-22.574329	2.247268	355.406250	55.509445
-22.574329	2.247268	353.505859	48.889305
-22.574329	2.247268	351.605469	60.766541
-22.574329	2.247268	349.705078	62.072475
-22.574329	2.247268	347.804688	50.174068
-22.574329	2.247268	345.902344	52.801983
-22.574329	2.247268	344.001953	55.428616
-22.574329	2.247268	342.099609	40.901661
-22.574329	2.247268	340.195313	39.572639
-22.574329	2.247268	338.292969	47.475632
-22.574329	2.247268	336.388672	48.782551
-22.574329	2.247268	334.484375	44.816319
-22.574329	2.247268	332.580078	40.852013
-22.574329	2.247268	330.675781	40.842087
-22.574329	2.247268	328.769531	31.611998
-22.574329	2.247268	326.863281	32.921165
-22.574329	2.247268	324.957031	38.179272
-22.574329	2.247268	323.048828	34.221378
-22.574329	2.247268	321.142578	32.897175
-22.574329	2.247268	319.234375	36.835884
-22.574329	2.247268	317.326172	31.565943
-22.574329	2.247268	315.417969	32.873199
-22.574329	2.247268	313.507813	28.921387
-22.574329	2.247268	311.597656	39.428669
-22.574329	2.247268	309.687500	42.047028
-22.574329	2.247268	307.777344	40.723156
-22.574329	2.247268	305.865234	34.146606
-22.574329	2.247268	303.955078	28.886259
-22.574329	2.247268	302.042969	28.879238
-22.574329	2.247268	300.128906	35.434090
-22.574329	2.247268	298.216797	27.553148
-22.574329	2.247268	296.302734	36.728600
-22.574329	2.247268	294.388672	31.474005
-22.574329	2.247268	292.474609	26.221962
-22.574329	2.247268	290.560547	39.323383
-22.574329	2.247268	288.644531	40.624283
-22.574329	2.247268	286.728516	49.785404
-22.574329	2.247268	284.812500	52.392948
-22.574329	2.247268	282.896484	60.237244
-22.574329	2.247268	280.978516	64.150162
-22.574329	2.247268	279.060547	56.281353
-22.574329	2.247268	277.142578	54.959122
-22.574329	2.247268	275.224609	53.637527
-22.574329	2.247268	273.304688	79.782776
-22.574329	2.247268	271.384766	70.610199
-22.574329	2.247268	269.464844	88.894936
-22.574329	2.247268	267.544922	100.635963
-22.574329	2.247268	265.623047	125.437714
-22.574329	2.247268	263.703125	202.480392
-22.574329	2.247268	261.781250	275.567596
-22.574329	2.247268	259.857422	302.920074
-22.574329	2.247268	257.935547	271.517487
-22.574329	2.247268	256.011719	240.130142
-22.574329	2.247268	254.087891	254.423874
-22.574329	2.247268	252.164063	648.297058
-22.574329	2.247268	250.240234	1747.498657
-22.574329	2.247268	248.314453	1719.694214
-22.574329	2.247268	246.388672	814.668335
-22.574329	2.247268	244.462891	360.973236
-22.574329	2.247268	242.535156	261.869965
-22.574329	2.247268	240.609375	186.260193
-22.574329	2.247268	238.681641	174.495087
-22.574329	2.247268	236.753906	144.509293
-22.574329	2.247268	234.824219	124.950623
-22.574329	2.247268	232.896484	96.292686
-22.574329	2.247268	230.966797	88.463654
-22.574329	2.247268	229.037109	80.638428
-22.574329	2.247268	227.107422	76.717911
-22.574329	2.247268	225.175781	79.299232
-22.574329	2.247268	223.244141	80.579620
-22.574329	2.247268	221.312500	89.655518
-22.574329	2.247268	219.380859	97.427963
-22.574329	2.247268	217.447266	89.611931
-22.574329	2.247268	215.515625	77.904472
-22.574329	2.247268	213.582031	64.904610
-22.574329	2.247268	211.646484	76.568825
-22.574329	2.247268	209.712891	66.170517
-22.574329	2.247268	207.777344	64.857285
-22.574329	2.247268	205.841797	62.247860
-22.574329	2.247268	203.906250	50.564091
-22.574329	2.247268	201.968750	40.182198
-22.574329	2.247268	200.033203	32.397121
-22.574329	2.247268	198.095703	28.502537
-22.574329	2.247268	196.158203	33.676628
-22.574329	2.247268	194.218750	29.783623
-22.574329	2.247268	192.281250	33.660259
-22.574329	2.247268	190.341797	24.591902
-22.574329	2.247268	188.402344	25.879921
-22.574329	2.247268	186.460938	29.754677
-22.574329	2.247268	184.521484	29.747444
-22.574329	2.247268	182.580078	25.861057
-22.574329	2.247268	180.638672	32.318466
-22.574329	2.247268	178.695313	29.725761
-22.574329	2.247268	176.753906	33.594868
-22.574329	2.247268	174.810547	28.419519
-22.574329	2.247268	172.867188	29.704096
-22.574329	2.247268	170.921875	25.823372
-22.574329	2.247268	168.978516	20.653679
-22.574329	2.247268	167.033203	21.939201
-22.574329	2.247268	165.087891	32.255692
-22.574329	2.247268	163.142578	24.508371
-22.574329	2.247268	161.195313	29.660820
-22.574329	2.247268	159.248047	34.810764
-22.574329	2.247268	157.300781	21.912565
-22.574329	2.247268	155.353516	30.927870
-22.574329	2.247268	153.406250	32.208706
-22.574329	2.247268	151.457031	33.488918
-22.574329	2.247268	149.507813	37.343952
-22.574329	2.247268	147.558594	34.760063
-22.574329	2.247268	145.607422	50.196785
-22.574329	2.247268	143.658203	51.471378
-22.574329	2.247268	141.707031	54.031826
-22.574329	2.247268	139.753906	66.880302
-22.574329	2.247268	137.802734	69.435753
-22.574329	2.247268	135.849609	66.847824
-22.574329	2.247268	133.896484	61.690704
-22.574329	2.247268	131.943359	56.536083
-22.574329	2.247268	129.990234	56.522358
-22.574329	2.247268	128.035156	56.508636
-22.574329	2.247268	126.080078	59.062874
-22.574329	2.247268	124.125000	51.346554
-22.574329	2.247268	122.169922	60.317558
-22.574329	2.247268	120.212891	46.189468
-22.574329	2.247268	118.255859	55.157368
-22.574329	2.247268	116.298828	51.296726
-22.574329	2.247268	114.341797	56.412708
-22.574329	2.247268	112.382813	41.017471
-22.574329	2.247268	110.423828	32.037125
-22.574329	2.247268	108.464844	26.904655
-22.574329	2.247268	106.505859	29.459856
-22.574329	2.247268	104.544922	19.208288
-22.574329	2.247268	102.585938	10.241936
-22.574329	2.247268	100.625000	10.239451
-22.574329	2.247268	98.662109	3.838863
-22.574329	2.247268	96.701172	5.117243
-22.574329	2.247268	94.738281	3.837002
-22.574329	2.247268	92.775391	0.000000
-22.574329	2.247268	90.812500	0.000000
-22.574329	2.247268	88.847656	0.000000
-22.574329	2.247268	86.882813	2.555521
-22.574329	2.247268	84.917969	1.277451
-22.574329	2.247268	82.953125	-1.277141
-22.574329	2.247268	80.988281	0.000000
-22.574329	2.247268	79.021484	1.276522
-22.574329	2.247268	77.054688	3.828639
-22.574329	2.247268	75.087891	1.275904
-22.574329	2.247268	73.119141	2.551189
-22.574329	2.247268	71.152344	-3.825857
-22.574329	2.247268	69.183594	0.000000
-22.574329	2.247268	67.212891	-1.274668
-22.574329	2.247268	65.244141	1.274359
-22.574329	2.247268	63.273438	1.274051
-22.574329	2.247268	61.302734	-1.273742
-22.574329	2.247268	59.332031	0.000000
-19.574329	2.247268	1838.626953	19.285784
-19.574329	2.247268	1837.066406	24.107229
-19.574329	2.247268	1835.503906	25.708906
-19.574329	2.247268	1833.941406	24.096970
-19.574329	2.247268	1832.378906	25.697966
-19.574329	2.247268	1830.816406	19.269373
-19.574329	2.247268	1829.251953	20.870712
-19.574329	2.247268	1827.687500	25.681562
-19.574329	2.247268	1826.125000	20.861830
-19.574329	2.247268	1824.560547	12.835317
-19.574329	2.247268	1822.994141	28.873316
-19.574329	2.247268	1821.429688	22.452244
-19.574329	2.247268	1819.865234	27.257637
-19.574329	2.247268	1818.298828	24.045738
-19.574329	2.247268	1816.732422	20.835203
-19.574329	2.247268	1815.166016	20.830769
-19.574329	2.247268	1813.599609	20.826334
-19.574329	2.247268	1812.033203	17.618532
-19.574329	2.247268	1810.464844	24.020157
-19.574329	2.247268	1808.896484	30.419056
-19.574329	2.247268	1807.330078	22.409269
-19.574329	2.247268	1805.759766	27.205463
-19.574329	2.247268	1804.191406	25.599689
-19.574329	2.247268	1802.623047	25.594240
-19.574329	2.247268	1801.052734	20.790892
-19.574329	2.247268	1799.484375	28.781260
-19.574329	2.247268	1797.914063	25.577894
-19.574329	2.247268	1796.343750	19.179337
-19.574329	2.247268	1794.771484	15.979377
-19.574329	2.247268	1793.201172	23.963961
-19.574329	2.247268	1791.628906	19.167086
-19.574329	2.247268	1790.058594	31.938341
-19.574329	2.247268	1788.486328	20.755501
-19.574329	2.247268	1786.914063	20.751080
-19.574329	2.247268	1785.339844	20.746660
-19.574329	2.247268	1783.767578	20.742241
-19.574329	2.247268	1782.193359	25.523474
-19.574329	2.247268	1780.621094	27.112913
-19.574329	2.247268	1779.046875	15.945374
-19.574329	2.247268	1777.470703	20.724571
-19.574329	2.247268	1775.896484	19.126297
-19.574329	2.247268	1774.322266	17.528704
-19.574329	2.247268	1772.746094	22.304506
-19.574329	2.247268	1771.169922	25.485432
-19.574329	2.247268	1769.593750	15.925000
-19.574329	2.247268	1768.017578	20.698090
-19.574329	2.247268	1766.441406	19.101856
-19.574329	2.247268	1764.863281	22.280748
-19.574329	2.247268	1763.287109	20.684858
-19.574329	2.247268	1761.708984	27.043663
-19.574329	2.247268	1760.130859	27.037899
-19.574329	2.247268	1758.552734	22.261757
-19.574329	2.247268	1756.972656	22.257011
-19.574329	2.247268	1755.394531	20.662819
-19.574329	2.247268	1753.814453	27.014847
-19.574329	2.247268	1752.234375	20.654007
-19.574329	2.247268	1750.654297	30.180189
-19.574329	2.247268	1749.074219	17.469015
-19.574329	2.247268	1747.492188	25.404058
-19.574329	2.247268	1745.912109	23.811224
-19.574329	2.247268	1744.330078	20.631992
-19.574329	2.247268	1742.748047	20.627592
-19.574329	2.247268	1741.166016	22.209591
-19.574329	2.247268	1739.583984	28.549095
-19.574329	2.247268	1738.000000	25.371559
-19.574329	2.247268	1736.417969	20.609993
-19.574329	2.247268	1734.833984	23.775688
-19.574329	2.247268	1733.250000	22.185905
-19.574329	2.247268	1731.666016	15.843694
-19.574329	2.247268	1730.082031	12.672250
-19.574329	2.247268	1728.496094	30.090168
-19.574329	2.247268	1726.912109	15.833550
-19.574329	2.247268	1725.326172	23.745255
-19.574329	2.247268	1723.740234	20.574827
-19.574329	2.247268	1722.154297	26.899799
-19.574329	2.247268	1720.566406	26.894054
-19.574329	2.247268	1718.980469	23.724981
-19.574329	2.247268	1717.392578	15.813276
-19.574329	2.247268	1715.804688	12.647920
-19.574329	2.247268	1714.216797	25.290436
-19.574329	2.247268	1712.628906	18.963776
-19.574329	2.247268	1711.041016	17.379747
-19.574329	2.247268	1709.451172	20.535313
-19.574329	2.247268	1707.861328	20.530924
-19.574329	2.247268	1706.271484	12.631715
-19.574329	2.247268	1704.681641	18.943523
-19.574329	2.247268	1703.091797	22.096054
-19.574329	2.247268	1701.501953	28.403141
-19.574329	2.247268	1699.910156	17.353765
-19.574329	2.247268	1698.318359	20.504610
-19.574329	2.247268	1696.726563	22.077168
-19.574329	2.247268	1695.134766	14.189430
-19.574329	2.247268	1693.542969	20.491461
-19.574329	2.247268	1691.949219	22.063007
-19.574329	2.247268	1690.357422	25.209473
-19.574329	2.247268	1688.763672	25.204081
-19.574329	2.247268	1687.169922	23.623772
-19.574329	2.247268	1685.576172	15.745811
-19.574329	2.247268	1683.982422	18.890932
-19.574329	2.247268	1682.386719	12.591260
-19.574329	2.247268	1680.791016	22.029989
-19.574329	2.247268	1679.195313	18.878807
-19.574329	2.247268	1677.599609	20.447662
-19.574329	2.247268	1676.003906	15.725605
-19.574329	2.247268	1674.408203	18.866686
-19.574329	2.247268	1672.810547	15.718872
-19.574329	2.247268	1671.214844	18.858608
-19.574329	2.247268	1669.617188	21.996998
-19.574329	2.247268	1668.019531	15.708776
-19.574329	2.247268	1666.419922	25.128658
-19.574329	2.247268	1664.822266	23.553072
-19.574329	2.247268	1663.222656	26.687763
-19.574329	2.247268	1661.623047	14.125789
-19.574329	2.247268	1660.023438	29.814720
-19.574329	2.247268	1658.423828	26.670610
-19.574329	2.247268	1656.824219	10.979663
-19.574329	2.247268	1655.222656	20.386433
-19.574329	2.247268	1653.623047	21.949913
-19.574329	2.247268	1652.021484	23.512722
-19.574329	2.247268	1650.419922	20.373323
-19.574329	2.247268	1648.818359	23.502640
-19.574329	2.247268	1647.214844	15.665067
-19.574329	2.247268	1645.613281	25.058731
-19.574329	2.247268	1644.009766	17.224182
-19.574329	2.247268	1642.406250	17.220488
-19.574329	2.247268	1640.802734	15.651629
-19.574329	2.247268	1639.199219	21.907579
-19.574329	2.247268	1637.593750	28.160843
-19.574329	2.247268	1635.990234	25.026487
-19.574329	2.247268	1634.384766	25.021116
-19.574329	2.247268	1632.779297	23.452261
-19.574329	2.247268	1631.173828	18.757780
-19.574329	2.247268	1629.568359	20.316565
-19.574329	2.247268	1627.960938	17.187248
-19.574329	2.247268	1626.353516	17.183558
-19.574329	2.247268	1624.748047	20.303478
-19.574329	2.247268	1623.140625	17.176176
-19.574329	2.247268	1621.531250	24.978159
-19.574329	2.247268	1619.923828	24.972792
-19.574329	2.247268	1618.314453	23.406961
-19.574329	2.247268	1616.707031	21.841803
-19.574329	2.247268	1615.097656	18.717520
-19.574329	2.247268	1613.488281	17.154039
-19.574329	2.247268	1611.878906	24.945965
-19.574329	2.247268	1610.267578	26.499388
-19.574329	2.247268	1608.656250	24.935236
-19.574329	2.247268	1607.046875	18.697405
-19.574329	2.247268	1605.435547	24.924509
-19.574329	2.247268	1603.824219	17.131914
-19.574329	2.247268	1602.210938	20.242451
-19.574329	2.247268	1600.599609	17.124542
-19.574329	2.247268	1598.986328	24.903063
-19.574329	2.247268	1597.373047	17.117170
-19.574329	2.247268	1595.759766	18.669256
-19.574329	2.247268	1594.146484	21.776110
-19.574329	2.247268	1592.533203	21.771421
-19.574329	2.247268	1590.917969	26.431032
-19.574329	2.247268	1589.302734	26.425339
-19.574329	2.247268	1587.687500	29.527840
-19.574329	2.247268	1586.072266	13.983858
-19.574329	2.247268	1584.457031	17.087700
-19.574329	2.247268	1582.839844	12.424740
-19.574329	2.247268	1581.224609	17.080334
-19.574329	2.247268	1579.607422	18.629076
-19.574329	2.247268	1577.990234	27.937588
-19.574329	2.247268	1576.373047	20.172796
-19.574329	2.247268	1574.755859	20.168446
-19.574329	2.247268	1573.136719	20.164095
-19.574329	2.247268	1571.517578	21.710495
-19.574329	2.247268	1569.898438	20.155397
-19.574329	2.247268	1568.279297	18.600967
-19.574329	2.247268	1566.660156	18.596952
-19.574329	2.247268	1565.041016	18.592939
-19.574329	2.247268	1563.419922	18.588924
-19.574329	2.247268	1561.798828	13.938684
-19.574329	2.247268	1560.177734	24.774532
-19.574329	2.247268	1558.556641	24.769182
-19.574329	2.247268	1556.935547	21.668352
-19.574329	2.247268	1555.312500	24.758482
-19.574329	2.247268	1553.691406	20.111919
-19.574329	2.247268	1552.068359	21.654310
-19.574329	2.247268	1550.445313	23.196033
-19.574329	2.247268	1548.822266	20.098883
-19.574329	2.247268	1547.197266	18.548805
-19.574329	2.247268	1545.574219	21.635593
-19.574329	2.247268	1543.949219	26.266111
-19.574329	2.247268	1542.324219	24.715698
-19.574329	2.247268	1540.699219	18.532764
-19.574329	2.247268	1539.072266	20.072819
-19.574329	2.247268	1537.447266	16.981016
-19.574329	2.247268	1535.820313	20.064131
-19.574329	2.247268	1534.193359	15.430607
-19.574329	2.247268	1532.566406	18.512720
-19.574329	2.247268	1530.939453	16.966318
-19.574329	2.247268	1529.312500	24.672939
-19.574329	2.247268	1527.683594	23.125870
-19.574329	2.247268	1526.056641	21.579470
-19.574329	2.247268	1524.427734	24.656910
-19.574329	2.247268	1522.798828	20.029398
-19.574329	2.247268	1521.167969	20.025057
-19.574329	2.247268	1519.539063	23.100828
-19.574329	2.247268	1517.908203	26.175262
-19.574329	2.247268	1516.277344	23.090813
-19.574329	2.247268	1514.646484	16.929590
-19.574329	2.247268	1513.015625	16.925919
-19.574329	2.247268	1511.384766	19.999020
-19.574329	2.247268	1509.751953	21.532734
-19.574329	2.247268	1508.121094	16.914906
-19.574329	2.247268	1506.488281	15.373850
-19.574329	2.247268	1504.855469	15.370513
-19.574329	2.247268	1503.220703	18.440611
-19.574329	2.247268	1501.587891	26.118526
-19.574329	2.247268	1499.953125	23.040754
-19.574329	2.247268	1498.318359	23.035749
-19.574329	2.247268	1496.683594	18.424597
-19.574329	2.247268	1495.048828	21.490694
-19.574329	2.247268	1493.414063	18.416592
-19.574329	2.247268	1491.777344	21.481354
-19.574329	2.247268	1490.140625	19.942636
-19.574329	2.247268	1488.505859	24.539446
-19.574329	2.247268	1486.867188	23.000729
-19.574329	2.247268	1485.230469	19.929630
-19.574329	2.247268	1483.593750	18.392580
-19.574329	2.247268	1481.955078	27.582867
-19.574329	2.247268	1480.316406	18.384577
-19.574329	2.247268	1478.677734	21.444006
-19.574329	2.247268	1477.039063	21.439339
-19.574329	2.247268	1475.400391	21.434671
-19.574329	2.247268	1473.759766	19.899290
-19.574329	2.247268	1472.119141	22.955719
-19.574329	2.247268	1470.478516	22.950718
-19.574329	2.247268	1468.837891	19.886290
-19.574329	2.247268	1467.197266	18.352575
-19.574329	2.247268	1465.556641	24.464767
-19.574329	2.247268	1463.914063	15.287148
-19.574329	2.247268	1462.271484	22.925722
-19.574329	2.247268	1460.628906	21.392675
-19.574329	2.247268	1458.986328	24.443441
-19.574329	2.247268	1457.343750	24.438110
-19.574329	2.247268	1455.699219	18.324585
-19.574329	2.247268	1454.054688	22.900732
-19.574329	2.247268	1452.410156	24.422117
-19.574329	2.247268	1450.765625	21.364689
-19.574329	2.247268	1449.121094	16.782877
-19.574329	2.247268	1447.474609	21.355362
-19.574329	2.247268	1445.830078	22.875748
-19.574329	2.247268	1444.183594	18.296600
-19.574329	2.247268	1442.537109	21.341372
-19.574329	2.247268	1440.890625	19.812658
-19.574329	2.247268	1439.242188	19.808329
-19.574329	2.247268	1437.595703	16.757231
-19.574329	2.247268	1435.947266	18.276619
-19.574329	2.247268	1434.298828	18.272623
-19.574329	2.247268	1432.650391	19.791012
-19.574329	2.247268	1431.000000	13.698473
-19.574329	2.247268	1429.351563	18.260635
-19.574329	2.247268	1427.701172	18.256639
-19.574329	2.247268	1426.050781	18.252644
-19.574329	2.247268	1424.400391	15.207208
-19.574329	2.247268	1422.750000	24.326204
-19.574329	2.247268	1421.097656	21.280769
-19.574329	2.247268	1419.447266	16.716942
-19.574329	2.247268	1417.794922	19.752058
-19.574329	2.247268	1416.142578	19.747732
-19.574329	2.247268	1414.490234	15.187234
-19.574329	2.247268	1412.835938	22.775858
-19.574329	2.247268	1411.183594	21.252808
-19.574329	2.247268	1409.529297	12.141799
-19.574329	2.247268	1407.875000	16.691313
-19.574329	2.247268	1406.220703	18.204712
-19.574329	2.247268	1404.566406	21.234171
-19.574329	2.247268	1402.910156	19.713120
-19.574329	2.247268	1401.255859	21.224854
-19.574329	2.247268	1399.599609	24.251652
-19.574329	2.247268	1397.943359	25.761723
-19.574329	2.247268	1396.287109	21.210878
-19.574329	2.247268	1394.628906	16.662029
-19.574329	2.247268	1392.970703	24.230356
-19.574329	2.247268	1391.314453	25.739098
-19.574329	2.247268	1389.656250	24.219711
-19.574329	2.247268	1387.998047	25.727787
-19.574329	2.247268	1386.337891	15.130666
-19.574329	2.247268	1384.679688	19.665541
-19.574329	2.247268	1383.019531	18.148815
-19.574329	2.247268	1381.359375	21.168961
-19.574329	2.247268	1379.699219	21.164303
-19.574329	2.247268	1378.039063	24.182453
-19.574329	2.247268	1376.376953	21.154989
-19.574329	2.247268	1374.716797	21.150333
-19.574329	2.247268	1373.054688	24.166489
-19.574329	2.247268	1371.392578	25.671240
-19.574329	2.247268	1369.728516	18.116884
-19.574329	2.247268	1368.066406	22.641117
-19.574329	2.247268	1366.402344	21.127054
-19.574329	2.247268	1364.740234	15.087427
-19.574329	2.247268	1363.076172	19.609331
-19.574329	2.247268	1361.412109	18.096931
-19.574329	2.247268	1359.746094	13.569706
-19.574329	2.247268	1358.082031	31.655664
-19.574329	2.247268	1356.416016	16.577881
-19.574329	2.247268	1354.750000	28.628204
-19.574329	2.247268	1353.083984	18.076981
-19.574329	2.247268	1351.417969	19.579073
-19.574329	2.247268	1349.750000	22.586252
-19.574329	2.247268	1348.083984	21.075848
-19.574329	2.247268	1346.416016	19.566107
-19.574329	2.247268	1344.748047	18.057034
-19.574329	2.247268	1343.078125	15.044203
-19.574329	2.247268	1341.410156	19.553143
-19.574329	2.247268	1339.740234	18.045065
-19.574329	2.247268	1338.072266	16.537653
-19.574329	2.247268	1336.402344	27.055632
-19.574329	2.247268	1334.730469	15.027582
-19.574329	2.247268	1333.060547	24.038813
-19.574329	2.247268	1331.388672	25.535589
-19.574329	2.247268	1329.718750	19.522894
-19.574329	2.247268	1328.046875	19.518574
-19.574329	2.247268	1326.375000	19.514252
-19.574329	2.247268	1324.701172	18.009169
-19.574329	2.247268	1323.029297	21.006042
-19.574329	2.247268	1321.355469	21.001390
-19.574329	2.247268	1319.681641	17.997204
-19.574329	2.247268	1318.007813	19.492649
-19.574329	2.247268	1316.333984	19.488329
-19.574329	2.247268	1314.660156	19.484009
-19.574329	2.247268	1312.984375	25.473440
-19.574329	2.247268	1311.308594	20.973475
-19.574329	2.247268	1309.632813	17.973276
-19.574329	2.247268	1307.957031	14.974408
-19.574329	2.247268	1306.279297	23.953735
-19.574329	2.247268	1304.603516	16.464539
-19.574329	2.247268	1302.925781	19.453772
-19.574329	2.247268	1301.248047	13.465005
-19.574329	2.247268	1299.570313	14.957794
-19.574329	2.247268	1297.892578	20.936260
-19.574329	2.247268	1296.212891	13.456035
-19.574329	2.247268	1294.533203	14.947826
-19.574329	2.247268	1292.853516	22.416758
-19.574329	2.247268	1291.173828	17.929419
-19.574329	2.247268	1289.494141	20.913004
-19.574329	2.247268	1287.812500	11.947630
-19.574329	2.247268	1286.132813	14.931215
-19.574329	2.247268	1284.451172	17.913473
-19.574329	2.247268	1282.769531	17.909487
-19.574329	2.247268	1281.085938	19.397625
-19.574329	2.247268	1279.404297	17.901514
-19.574329	2.247268	1277.720703	19.388988
-19.574329	2.247268	1276.039063	25.349182
-19.574329	2.247268	1274.355469	17.889555
-19.574329	2.247268	1272.669922	14.904641
-19.574329	2.247268	1270.986328	20.861847
-19.574329	2.247268	1269.300781	19.367397
-19.574329	2.247268	1267.615234	28.299885
-19.574329	2.247268	1265.929688	19.358761
-19.574329	2.247268	1264.244141	10.421623
-19.574329	2.247268	1262.558594	17.861654
-19.574329	2.247268	1260.871094	23.810225
-19.574329	2.247268	1259.185547	22.317104
-19.574329	2.247268	1257.498047	10.412324
-19.574329	2.247268	1255.808594	19.332855
-19.574329	2.247268	1254.121094	17.841726
-19.574329	2.247268	1252.433594	22.297176
-19.574329	2.247268	1250.744141	23.778341
-19.574329	2.247268	1249.054688	22.287214
-19.574329	2.247268	1247.365234	16.340303
-19.574329	2.247268	1245.673828	19.306952
-19.574329	2.247268	1243.984375	22.272270
-19.574329	2.247268	1242.292969	22.267288
-19.574329	2.247268	1240.601563	23.746462
-19.574329	2.247268	1238.910156	23.741148
-19.574329	2.247268	1237.218750	17.801876
-19.574329	2.247268	1235.525391	19.281050
-19.574329	2.247268	1233.833984	17.793907
-19.574329	2.247268	1232.140625	20.754910
-19.574329	2.247268	1230.447266	19.268099
-19.574329	2.247268	1228.753906	20.745613
-19.574329	2.247268	1227.058594	20.740965
-19.574329	2.247268	1225.365234	25.179811
-19.574329	2.247268	1223.669922	14.808333
-19.574329	2.247268	1221.974609	29.610027
-19.574329	2.247268	1220.277344	25.162878
-19.574329	2.247268	1218.582031	19.237885
-19.574329	2.247268	1216.884766	17.754065
-19.574329	2.247268	1215.189453	13.312560
-19.574329	2.247268	1213.492188	17.746096
-19.574329	2.247268	1211.792969	20.699131
-19.574329	2.247268	1210.095703	17.738129
-19.574329	2.247268	1208.396484	17.734144
-19.574329	2.247268	1206.699219	16.252647
-19.574329	2.247268	1205.000000	14.771813
-19.574329	2.247268	1203.298828	25.106440
-19.574329	2.247268	1201.599609	14.765174
-19.574329	2.247268	1199.900391	20.666595
-19.574329	2.247268	1198.199219	19.186094
-19.574329	2.247268	1196.498047	19.181780
-19.574329	2.247268	1194.796875	19.177464
-19.574329	2.247268	1193.093750	19.173149
-19.574329	2.247268	1191.392578	17.694307
-19.574329	2.247268	1189.689453	17.690325
-19.574329	2.247268	1187.986328	17.686340
-19.574329	2.247268	1186.283203	20.629417
-19.574329	2.247268	1184.580078	17.678375
-19.574329	2.247268	1182.875000	19.147257
-19.574329	2.247268	1181.169922	25.033079
-19.574329	2.247268	1179.464844	19.138628
-19.574329	2.247268	1177.759766	11.774961
-19.574329	2.247268	1176.054688	20.601536
-19.574329	2.247268	1174.347656	14.712064
-19.574329	2.247268	1172.642578	22.063118
-19.574329	2.247268	1170.935547	23.528681
-19.574329	2.247268	1169.228516	17.642529
-19.574329	2.247268	1167.519531	20.578302
-19.574329	2.247268	1165.812500	17.634563
-19.574329	2.247268	1164.103516	16.161366
-19.574329	2.247268	1162.394531	19.095480
-19.574329	2.247268	1160.685547	17.622616
-19.574329	2.247268	1158.976563	22.023291
-19.574329	2.247268	1157.265625	20.550425
-19.574329	2.247268	1155.556641	19.078224
-19.574329	2.247268	1153.845703	26.410028
-19.574329	2.247268	1152.134766	23.470270
-19.574329	2.247268	1150.423828	16.132160
-19.574329	2.247268	1148.710938	24.925880
-19.574329	2.247268	1146.998047	19.056654
-19.574329	2.247268	1145.287109	17.586775
-19.574329	2.247268	1143.572266	23.443724
-19.574329	2.247268	1141.859375	24.903315
-19.574329	2.247268	1140.146484	21.968536
-19.574329	2.247268	1138.431641	24.892033
-19.574329	2.247268	1136.716797	19.030769
-19.574329	2.247268	1135.001953	19.026457
-19.574329	2.247268	1133.287109	20.485384
-19.574329	2.247268	1131.570313	11.703279
-19.574329	2.247268	1129.855469	27.788984
-19.574329	2.247268	1128.138672	21.933695
-19.574329	2.247268	1126.421875	14.619145
-19.574329	2.247268	1124.703125	26.308489
-19.574329	2.247268	1122.986328	26.302517
-19.574329	2.247268	1121.267578	13.148273
-19.574329	2.247268	1119.548828	14.605874
-19.574329	2.247268	1117.830078	30.665369
-19.574329	2.247268	1116.111328	17.519087
-19.574329	2.247268	1114.392578	23.353474
-19.574329	2.247268	1112.671875	17.511124
-19.574329	2.247268	1110.951172	23.342857
-19.574329	2.247268	1109.230469	23.337549
-19.574329	2.247268	1107.509766	29.165300
-19.574329	2.247268	1105.787109	23.326933
-19.574329	2.247268	1104.066406	24.779226
-19.574329	2.247268	1102.343750	21.859047
-19.574329	2.247268	1100.621094	18.940195
-19.574329	2.247268	1098.896484	14.566064
-19.574329	2.247268	1097.173828	26.212944
-19.574329	2.247268	1095.449219	20.383202
-19.574329	2.247268	1093.724609	26.201002
-19.574329	2.247268	1092.000000	14.552795
-19.574329	2.247268	1090.275391	18.914322
-19.574329	2.247268	1088.550781	21.819241
-19.574329	2.247268	1086.824219	20.359982
-19.574329	2.247268	1085.097656	17.447432
-19.574329	2.247268	1083.371094	18.897074
-19.574329	2.247268	1081.644531	29.065786
-19.574329	2.247268	1079.916016	18.888449
-19.574329	2.247268	1078.189453	21.789389
-19.574329	2.247268	1076.460938	14.522943
-19.574329	2.247268	1074.732422	14.519627
-19.574329	2.247268	1073.001953	20.322834
-19.574329	2.247268	1071.273438	14.512993
-19.574329	2.247268	1069.542969	23.215483
-19.574329	2.247268	1067.812500	20.308905
-19.574329	2.247268	1066.082031	15.953348
-19.574329	2.247268	1064.351563	18.849646
-19.574329	2.247268	1062.619141	18.845335
-19.574329	2.247268	1060.888672	18.841024
-19.574329	2.247268	1059.156250	11.591823
-19.574329	2.247268	1057.421875	18.832401
-19.574329	2.247268	1055.689453	18.828091
-19.574329	2.247268	1053.957031	17.375797
-19.574329	2.247268	1052.222656	21.714771
-19.574329	2.247268	1050.488281	17.367838
-19.574329	2.247268	1048.753906	13.022895
-19.574329	2.247268	1047.019531	14.466567
-19.574329	2.247268	1045.283203	14.463251
-19.574329	2.247268	1043.546875	21.689903
-19.574329	2.247268	1041.810547	17.347944
-19.574329	2.247268	1040.074219	24.570618
-19.574329	2.247268	1038.337891	24.564981
-19.574329	2.247268	1036.599609	26.004011
-19.574329	2.247268	1034.861328	20.220701
-19.574329	2.247268	1033.123047	18.772055
-19.574329	2.247268	1031.384766	12.993054
-19.574329	2.247268	1029.646484	28.866823
-19.574329	2.247268	1027.906250	21.645145
-19.574329	2.247268	1026.167969	25.968206
-19.574329	2.247268	1024.427734	18.750505
-19.574329	2.247268	1022.685547	24.514257
-19.574329	2.247268	1020.945313	20.183571
-19.574329	2.247268	1019.203125	20.178930
-19.574329	2.247268	1017.462891	17.292248
-19.574329	2.247268	1015.720703	18.728960
-19.574329	2.247268	1013.976563	20.165009
-19.574329	2.247268	1012.234375	28.800526
-19.574329	2.247268	1010.490234	30.233591
-19.574329	2.247268	1008.746094	33.105358
-19.574329	2.247268	1007.001953	18.707415
-19.574329	2.247268	1005.257813	25.896608
-19.574329	2.247268	1003.513672	28.767382
-19.574329	2.247268	1001.767578	27.322714
-19.574329	2.247268	1000.021484	34.504948
-19.574329	2.247268	998.275391	22.997997
-19.574329	2.247268	996.529297	35.926086
-19.574329	2.247268	994.781250	30.170952
-19.574329	2.247268	993.035156	35.909515
-19.574329	2.247268	991.287109	28.720985
-19.574329	2.247268	989.539063	28.714357
-19.574329	2.247268	987.789063	34.449276
-19.574329	2.247268	986.041016	35.876377
-19.574329	2.247268	984.291016	31.563923
-19.574329	2.247268	982.541016	48.769344
-19.574329	2.247268	980.791016	37.285587
-19.574329	2.247268	979.041016	35.843243
-19.574329	2.247268	977.289063	37.268360
-19.574329	2.247268	975.537109	40.125881
-19.574329	2.247268	973.785156	34.385658
-19.574329	2.247268	972.033203	40.107327
-19.574329	2.247268	970.281250	45.826344
-19.574329	2.247268	968.527344	50.110970
-19.574329	2.247268	966.773438	45.805141
-19.574329	2.247268	965.019531	34.345905
-19.574329	2.247268	963.265625	35.768703
-19.574329	2.247268	961.511719	38.621258
-19.574329	2.247268	959.755859	32.891972
-19.574329	2.247268	958.000000	34.314106
-19.574329	2.247268	956.244141	30.017887
-19.574329	2.247268	954.488281	35.727299
-19.574329	2.247268	952.730469	38.576542
-19.574329	2.247268	950.974609	32.853882
-19.574329	2.247268	949.216797	31.418165
-19.574329	2.247268	947.458984	35.694180
-19.574329	2.247268	945.701172	44.250519
-19.574329	2.247268	943.941406	39.958939
-19.574329	2.247268	942.181641	35.669346
-19.574329	2.247268	940.421875	35.661064
-19.574329	2.247268	938.662109	45.635567
-19.574329	2.247268	936.902344	35.644508
-19.574329	2.247268	935.140625	28.508986
-19.574329	2.247268	933.380859	32.777718
-19.574329	2.247268	931.619141	28.495741
-19.574329	2.247268	929.855469	24.215752
-19.574329	2.247268	928.093750	17.089499
-19.574329	2.247268	926.330078	19.933113
-19.574329	2.247268	924.568359	21.351942
-19.574329	2.247268	922.804688	17.077581
-19.574329	2.247268	921.039063	18.496408
-19.574329	2.247268	919.275391	24.181984
-19.574329	2.247268	917.509766	19.909941
-19.574329	2.247268	915.744141	19.905308
-19.574329	2.247268	913.978516	21.322149
-19.574329	2.247268	912.212891	24.159477
-19.574329	2.247268	910.447266	18.470591
-19.574329	2.247268	908.679688	25.568708
-19.574329	2.247268	906.912109	21.302292
-19.574329	2.247268	905.144531	18.457685
-19.574329	2.247268	903.375000	19.872873
-19.574329	2.247268	901.607422	25.544880
-19.574329	2.247268	899.837891	19.863607
-19.574329	2.247268	898.068359	26.951468
-19.574329	2.247268	896.298828	21.272511
-19.574329	2.247268	894.529297	19.849710
-19.574329	2.247268	892.757813	24.097595
-19.574329	2.247268	890.986328	26.926321
-19.574329	2.247268	889.214844	25.503191
-19.574329	2.247268	887.443359	31.163290
-19.574329	2.247268	885.669922	21.242735
-19.574329	2.247268	883.898438	25.485329
-19.574329	2.247268	882.125000	21.232811
-19.574329	2.247268	880.351563	21.227850
-19.574329	2.247268	878.578125	16.978312
-19.574329	2.247268	876.802734	26.876041
-19.574329	2.247268	875.027344	25.455559
-19.574329	2.247268	873.251953	26.863474
-19.574329	2.247268	871.476563	19.789509
-19.574329	2.247268	869.701172	29.677319
-19.574329	2.247268	867.923828	24.018873
-19.574329	2.247268	866.146484	29.663429
-19.574329	2.247268	864.369141	18.358778
-19.574329	2.247268	862.591797	24.002010
-19.574329	2.247268	860.814453	25.407942
-19.574329	2.247268	859.035156	25.401991
-19.574329	2.247268	857.255859	21.163366
-19.574329	2.247268	855.476563	25.390089
-19.574329	2.247268	853.697266	21.153450
-19.574329	2.247268	851.916016	22.558392
-19.574329	2.247268	850.136719	21.143534
-19.574329	2.247268	848.355469	19.729338
-19.574329	2.247268	846.574219	28.178156
-19.574329	2.247268	844.791016	26.762970
-19.574329	2.247268	843.009766	21.123703
-19.574329	2.247268	841.226563	23.934578
-19.574329	2.247268	839.443359	23.928961
-19.574329	2.247268	837.660156	22.516088
-19.574329	2.247268	835.875000	25.324652
-19.574329	2.247268	834.091797	26.725298
-19.574329	2.247268	832.306641	23.906492
-19.574329	2.247268	830.521484	21.089008
-19.574329	2.247268	828.734375	25.300863
-19.574329	2.247268	826.949219	21.079098
-19.574329	2.247268	825.162109	26.693914
-19.574329	2.247268	823.375000	15.450738
-19.574329	2.247268	821.587891	15.447104
-19.574329	2.247268	819.800781	21.059278
-19.574329	2.247268	818.011719	19.650703
-19.574329	2.247268	816.222656	29.469120
-19.574329	2.247268	814.433594	23.850340
-19.574329	2.247268	812.644531	21.039465
-19.574329	2.247268	810.855469	29.448317
-19.574329	2.247268	809.064453	21.029558
-19.574329	2.247268	807.273438	32.237728
-19.574329	2.247268	805.482422	29.427515
-19.574329	2.247268	803.691406	19.613722
-19.574329	2.247268	801.898438	19.609100
-19.574329	2.247268	800.107422	21.004799
-19.574329	2.247268	798.314453	23.799828
-19.574329	2.247268	796.521484	20.994896
-19.574329	2.247268	794.726563	27.986595
-19.574329	2.247268	792.933594	19.585997
-19.574329	2.247268	791.138672	26.574724
-19.574329	2.247268	789.343750	13.983397
-19.574329	2.247268	787.546875	25.164175
-19.574329	2.247268	785.751953	22.362877
-19.574329	2.247268	783.955078	25.152298
-19.574329	2.247268	782.158203	26.543379
-19.574329	2.247268	780.361328	20.950352
-19.574329	2.247268	778.564453	16.756323
-19.574329	2.247268	776.765625	29.316637
-19.574329	2.247268	774.968750	23.726908
-19.574329	2.247268	773.169922	23.721302
-19.574329	2.247268	771.369141	20.925613
-19.574329	2.247268	769.570313	26.499512
-19.574329	2.247268	767.769531	26.493246
-19.574329	2.247268	765.970703	26.486980
-19.574329	2.247268	764.167969	32.055603
-19.574329	2.247268	762.367188	30.654629
-19.574329	2.247268	760.566406	32.040440
-19.574329	2.247268	758.763672	18.105528
-19.574329	2.247268	756.960938	25.063257
-19.574329	2.247268	755.158203	29.233545
-19.574329	2.247268	753.353516	32.010113
-19.574329	2.247268	751.550781	27.828289
-19.574329	2.247268	749.746094	29.212782
-19.574329	2.247268	747.941406	27.815107
-19.574329	2.247268	746.136719	36.151073
-19.574329	2.247268	744.330078	30.582121
-19.574329	2.247268	742.523438	27.795338
-19.574329	2.247268	740.718750	23.620438
-19.574329	2.247268	738.910156	23.614838
-19.574329	2.247268	737.103516	36.108246
-19.574329	2.247268	735.294922	22.215189
-19.574329	2.247268	733.488281	23.598040
-19.574329	2.247268	731.679688	23.592440
-19.574329	2.247268	729.869141	30.524149
-19.574329	2.247268	728.060547	20.806980
-19.574329	2.247268	726.250000	22.188845
-19.574329	2.247268	724.439453	29.115944
-19.574329	2.247268	722.628906	18.019876
-19.574329	2.247268	720.818359	27.716303
-19.574329	2.247268	719.005859	26.324234
-19.574329	2.247268	717.195313	30.473450
-19.574329	2.247268	715.382813	24.926899
-19.574329	2.247268	713.568359	24.920975
-19.574329	2.247268	711.755859	22.146713
-19.574329	2.247268	709.941406	20.757608
-19.574329	2.247268	708.126953	27.670229
-19.574329	2.247268	706.312500	17.981373
-19.574329	2.247268	704.498047	31.805632
-19.574329	2.247268	702.681641	20.737869
-19.574329	2.247268	700.867188	23.497326
-19.574329	2.247268	699.050781	23.491735
-19.574329	2.247268	697.232422	19.341532
-19.574329	2.247268	695.416016	23.480555
-19.574329	2.247268	693.597656	23.474964
-19.574329	2.247268	691.779297	24.849926
-19.574329	2.247268	689.960938	27.604454
-19.574329	2.247268	688.142578	17.938622
-19.574329	2.247268	686.324219	20.693480
-19.574329	2.247268	684.503906	26.205496
-19.574329	2.247268	682.683594	19.304710
-19.574329	2.247268	680.863281	23.435848
-19.574329	2.247268	679.041016	24.808514
-19.574329	2.247268	677.218750	24.802599
-19.574329	2.247268	675.398438	24.796684
-19.574329	2.247268	673.576172	26.168037
-19.574329	2.247268	671.751953	27.538733
-19.574329	2.247268	669.929688	24.778946
-19.574329	2.247268	668.105469	27.525595
-19.574329	2.247268	666.281250	27.519026
-19.574329	2.247268	664.457031	19.258720
-19.574329	2.247268	662.630859	30.256481
-19.574329	2.247268	660.806641	34.374157
-19.574329	2.247268	658.980469	24.743483
-19.574329	2.247268	657.154297	19.240335
-19.574329	2.247268	655.326172	31.601574
-19.574329	2.247268	653.500000	27.473066
-19.574329	2.247268	651.671875	24.719852
-19.574329	2.247268	649.843750	31.578930
-19.574329	2.247268	648.015625	31.571384
-19.574329	2.247268	646.185547	27.446815
-19.574329	2.247268	644.357422	37.044342
-19.574329	2.247268	642.527344	32.920433
-19.574329	2.247268	640.697266	27.427135
-19.574329	2.247268	638.865234	31.533661
-19.574329	2.247268	637.035156	31.526119
-19.574329	2.247268	635.203125	37.000069
-19.574329	2.247268	633.371094	28.770947
-19.574329	2.247268	631.539063	41.091518
-19.574329	2.247268	629.705078	30.126568
-19.574329	2.247268	627.873047	27.381233
-19.574329	2.247268	626.039063	24.637211
-19.574329	2.247268	624.203125	32.841751
-19.574329	2.247268	622.369141	39.674278
-19.574329	2.247268	620.535156	30.090521
-19.574329	2.247268	618.699219	38.287853
-19.574329	2.247268	616.863281	34.177395
-19.574329	2.247268	615.025391	35.535973
-19.574329	2.247268	613.189453	32.794579
-19.574329	2.247268	611.351563	31.420605
-19.574329	2.247268	609.513672	27.315716
-19.574329	2.247268	607.675781	24.578251
-19.574329	2.247268	605.837891	34.128277
-19.574329	2.247268	603.998047	34.120094
-19.574329	2.247268	602.158203	23.196098
-19.574329	2.247268	600.318359	28.647133
-19.574329	2.247268	598.478516	28.640261
-19.574329	2.247268	596.636719	27.269896
-19.574329	2.247268	594.796875	25.900185
-19.574329	2.247268	592.955078	34.071011
-19.574329	2.247268	591.111328	24.525240
-19.574329	2.247268	589.269531	20.432795
-19.574329	2.247268	587.425781	28.599045
-19.574329	2.247268	585.583984	27.230646
-19.574329	2.247268	583.738281	24.501698
-19.574329	2.247268	581.894531	24.495811
-19.574329	2.247268	580.050781	24.489929
-19.574329	2.247268	578.205078	25.844271
-19.574329	2.247268	576.359375	21.758368
-19.574329	2.247268	574.513672	23.112711
-19.574329	2.247268	572.666016	27.184889
-19.574329	2.247268	570.818359	27.178356
-19.574329	2.247268	568.970703	29.889006
-19.574329	2.247268	567.123047	24.448761
-19.574329	2.247268	565.275391	20.369070
-19.574329	2.247268	563.425781	20.364172
-19.574329	2.247268	561.576172	21.716558
-19.574329	2.247268	559.726563	25.782211
-19.574329	2.247268	557.876953	21.706114
-19.574329	2.247268	556.027344	27.126114
-19.574329	2.247268	554.175781	25.763609
-19.574329	2.247268	552.324219	27.113062
-19.574329	2.247268	550.472656	24.395884
-19.574329	2.247268	548.619141	23.035009
-19.574329	2.247268	546.767578	25.738813
-19.574329	2.247268	544.914063	33.858707
-19.574329	2.247268	543.060547	28.434465
-19.574329	2.247268	541.205078	31.135012
-19.574329	2.247268	539.351563	27.067402
-19.574329	2.247268	537.496094	37.885235
-19.574329	2.247268	535.640625	36.523392
-19.574329	2.247268	533.785156	47.333733
-19.574329	2.247268	531.927734	50.026459
-19.574329	2.247268	530.070313	60.828331
-19.574329	2.247268	528.212891	70.273575
-19.574329	2.247268	526.355469	105.384956
-19.574329	2.247268	524.498047	191.808426
-19.574329	2.247268	522.638672	375.421722
-19.574329	2.247268	520.779297	565.697083
-19.574329	2.247268	518.919922	465.676422
-19.574329	2.247268	517.060547	238.854645
-19.574329	2.247268	515.199219	136.262711
-19.574329	2.247268	513.339844	102.509590
-19.574329	2.247268	511.478516	79.560616
-19.574329	2.247268	509.615234	70.104301
-19.574329	2.247268	507.753906	60.652546
-19.574329	2.247268	505.890625	61.985420
-19.574329	2.247268	504.027344	60.623276
-19.574329	2.247268	502.164063	47.140057
-19.574329	2.247268	500.300781	56.554413
-19.574329	2.247268	498.435547	45.771091
-19.574329	2.247268	496.570313	68.640060
-19.574329	2.247268	494.705078	59.204578
-19.574329	2.247268	492.839844	59.190285
-19.574329	2.247268	490.972656	57.831081
-19.574329	2.247268	489.107422	55.127945
-19.574329	2.247268	487.240234	44.360554
-19.574329	2.247268	485.371094	43.005905
-19.574329	2.247268	483.503906	34.933853
-19.574329	2.247268	481.634766	41.641842
-19.574329	2.247268	479.765625	33.574013
-19.574329	2.247268	477.896484	40.279079
-19.574329	2.247268	476.027344	33.557789
-19.574329	2.247268	474.156250	37.575638
-19.574329	2.247268	472.285156	29.516579
-19.574329	2.247268	470.414063	34.874798
-19.574329	2.247268	468.542969	30.843323
-19.574329	2.247268	466.669922	32.176556
-19.574329	2.247268	464.796875	32.168774
-19.574329	2.247268	462.923828	26.800827
-19.574329	2.247268	461.050781	32.153214
-19.574329	2.247268	459.177734	22.769686
-19.574329	2.247268	457.302734	28.120453
-19.574329	2.247268	455.427734	30.791142
-19.574329	2.247268	453.552734	28.106848
-19.574329	2.247268	451.675781	28.100048
-19.574329	2.247268	449.800781	22.742153
-19.574329	2.247268	447.923828	29.423899
-19.574329	2.247268	446.046875	33.428158
-19.574329	2.247268	444.169922	26.736052
-19.574329	2.247268	442.291016	26.729580
-19.574329	2.247268	440.412109	22.714643
-19.574329	2.247268	438.533203	28.052471
-19.574329	2.247268	436.654297	26.710171
-19.574329	2.247268	434.773438	30.709259
-19.574329	2.247268	432.894531	20.022926
-19.574329	2.247268	431.013672	29.359848
-19.574329	2.247268	429.130859	29.352736
-19.574329	2.247268	427.250000	30.679518
-19.574329	2.247268	425.367188	22.670673
-19.574329	2.247268	423.484375	22.665180
-19.574329	2.247268	421.601563	23.992613
-19.574329	2.247268	419.718750	22.654200
-19.574329	2.247268	417.833984	27.977818
-19.574329	2.247268	415.949219	25.307131
-19.574329	2.247268	414.064453	29.295891
-19.574329	2.247268	412.179688	27.957481
-19.574329	2.247268	410.294922	31.943665
-19.574329	2.247268	408.408203	26.613268
-19.574329	2.247268	406.521484	26.606815
-19.574329	2.247268	404.634766	43.890602
-19.574329	2.247268	402.746094	46.539352
-19.574329	2.247268	400.857422	58.492432
-19.574329	2.247268	398.968750	78.414017
-19.574329	2.247268	397.080078	81.052460
-19.574329	2.247268	395.191406	73.062363
-19.574329	2.247268	393.300781	75.700813
-19.574329	2.247268	391.410156	79.665733
-19.574329	2.247268	389.519531	63.717133
-19.574329	2.247268	387.628906	51.757610
-19.574329	2.247268	385.736328	47.764668
-19.574329	2.247268	383.843750	51.732502
-19.574329	2.247268	381.951172	43.763035
-19.574329	2.247268	380.058594	49.055740
-19.574329	2.247268	378.164063	53.020367
-19.574329	2.247268	376.271484	62.283813
-19.574329	2.247268	374.376953	78.167091
-19.574329	2.247268	372.480469	67.551765
-19.574329	2.247268	370.585938	67.535370
-19.574329	2.247268	368.689453	48.984356
-19.574329	2.247268	366.792969	46.325306
-19.574329	2.247268	364.896484	43.667545
-19.574329	2.247268	363.000000	43.656944
-19.574329	2.247268	361.101563	63.485596
-19.574329	2.247268	359.203125	51.569523
-19.574329	2.247268	357.304688	42.303181
-19.574329	2.247268	355.406250	42.292912
-19.574329	2.247268	353.505859	52.853302
-19.574329	2.247268	351.605469	55.482491
-19.574329	2.247268	349.705078	48.865566
-19.574329	2.247268	347.804688	51.494438
-19.574329	2.247268	345.902344	42.241585
-19.574329	2.247268	344.001953	42.231327
-19.574329	2.247268	342.099609	56.734562
-19.574329	2.247268	340.195313	38.253551
-19.574329	2.247268	338.292969	40.881794
-19.574329	2.247268	336.388672	31.642735
-19.574329	2.247268	334.484375	32.953175
-19.574329	2.247268	332.580078	35.580784
-19.574329	2.247268	330.675781	38.207115
-19.574329	2.247268	328.769531	44.783665
-19.574329	2.247268	326.863281	40.822243
-19.574329	2.247268	324.957031	36.862747
-19.574329	2.247268	323.048828	31.588963
-19.574329	2.247268	321.142578	31.581287
-19.574329	2.247268	319.234375	38.151451
-19.574329	2.247268	317.326172	28.935448
-19.574329	2.247268	315.417969	31.558271
-19.574329	2.247268	313.507813	42.067471
-19.574329	2.247268	311.597656	26.285780
-19.574329	2.247268	309.687500	30.221300
-19.574329	2.247268	307.777344	28.900305
-19.574329	2.247268	305.865234	22.326628
-19.574329	2.247268	303.955078	35.451317
-19.574329	2.247268	302.042969	28.879238
-19.574329	2.247268	300.128906	38.058834
-19.574329	2.247268	298.216797	32.801365
-19.574329	2.247268	296.302734	34.105129
-19.574329	2.247268	294.388672	31.474005
-19.574329	2.247268	292.474609	35.399651
-19.574329	2.247268	290.560547	36.701824
-19.574329	2.247268	288.644531	43.245205
-19.574329	2.247268	286.728516	34.063698
-19.574329	2.247268	284.812500	51.083126
-19.574329	2.247268	282.896484	49.761204
-19.574329	2.247268	280.978516	49.749104
-19.574329	2.247268	279.060547	51.045879
-19.574329	2.247268	277.142578	60.193321
-19.574329	2.247268	275.224609	58.870457
-19.574329	2.247268	273.304688	48.392830
-19.574329	2.247268	271.384766	61.457027
-19.574329	2.247268	269.464844	69.285759
-19.574329	2.247268	267.544922	77.110672
-19.574329	2.247268	265.623047	105.838066
-19.574329	2.247268	263.703125	206.399368
-19.574329	2.247268	261.781250	276.873596
-19.574329	2.247268	259.857422	284.640411
-19.574329	2.247268	257.935547	255.853012
-19.574329	2.247268	256.011719	224.469482
-19.574329	2.247268	254.087891	251.814407
-19.574329	2.247268	252.164063	631.339600
-19.574329	2.247268	250.240234	1684.901611
-19.574329	2.247268	248.314453	1672.757935
-19.574329	2.247268	246.388672	814.668335
-19.574329	2.247268	244.462891	351.851166
-19.574329	2.247268	242.535156	212.362198
-19.574329	2.247268	240.609375	197.982864
-19.574329	2.247268	238.681641	153.659851
-19.574329	2.247268	236.753906	148.414948
-19.574329	2.247268	234.824219	115.839638
-19.574329	2.247268	232.896484	84.581413
-19.574329	2.247268	230.966797	83.259911
-19.574329	2.247268	229.037109	76.736565
-19.574329	2.247268	227.107422	75.417610
-19.574329	2.247268	225.175781	79.299232
-19.574329	2.247268	223.244141	72.781593
-19.574329	2.247268	221.312500	77.961319
-19.574329	2.247268	219.380859	81.839485
-19.574329	2.247268	217.447266	89.611931
-19.574329	2.247268	215.515625	77.904472
-19.574329	2.247268	213.582031	61.010334
-19.574329	2.247268	211.646484	64.888832
-19.574329	2.247268	209.712891	68.765442
-19.574329	2.247268	207.777344	63.560139
-19.574329	2.247268	205.841797	53.170044
-19.574329	2.247268	203.906250	38.895454
-19.574329	2.247268	201.968750	38.885998
-19.574329	2.247268	200.033203	27.213583
-19.574329	2.247268	198.095703	29.798107
-19.574329	2.247268	196.158203	31.086119
-19.574329	2.247268	194.218750	28.488682
-19.574329	2.247268	192.281250	36.249508
-19.574329	2.247268	190.341797	23.297592
-19.574329	2.247268	188.402344	24.585926
-19.574329	2.247268	186.460938	24.579950
-19.574329	2.247268	184.521484	24.573977
-19.574329	2.247268	182.580078	23.274950
-19.574329	2.247268	180.638672	24.562033
-19.574329	2.247268	178.695313	20.678791
-19.574329	2.247268	176.753906	25.842207
-19.574329	2.247268	174.810547	19.376945
-19.574329	2.247268	172.867188	24.538166
-19.574329	2.247268	170.921875	32.279217
-19.574329	2.247268	168.978516	24.526243
-19.574329	2.247268	167.033203	30.972990
-19.574329	2.247268	165.087891	29.675238
-19.574329	2.247268	163.142578	28.378113
-19.574329	2.247268	161.195313	36.108826
-19.574329	2.247268	159.248047	29.653614
-19.574329	2.247268	157.300781	27.068462
-19.574329	2.247268	155.353516	32.216530
-19.574329	2.247268	153.406250	45.092190
-19.574329	2.247268	151.457031	38.641060
-19.574329	2.247268	149.507813	38.631676
-19.574329	2.247268	147.558594	27.035604
-19.574329	2.247268	145.607422	30.890329
-19.574329	2.247268	143.658203	43.750671
-19.574329	2.247268	141.707031	50.172409
-19.574329	2.247268	139.753906	60.449501
-19.574329	2.247268	137.802734	61.720673
-19.574329	2.247268	135.849609	64.276756
-19.574329	2.247268	133.896484	56.549812
-19.574329	2.247268	131.943359	56.536083
-19.574329	2.247268	129.990234	50.099365
-19.574329	2.247268	128.035156	50.087200
-19.574329	2.247268	126.080078	47.507092
-19.574329	2.247268	124.125000	43.644569
-19.574329	2.247268	122.169922	52.617443
-19.574329	2.247268	120.212891	52.604675
-19.574329	2.247268	118.255859	51.309177
-19.574329	2.247268	116.298828	44.884636
-19.574329	2.247268	114.341797	46.155853
-19.574329	2.247268	112.382813	41.017471
-19.574329	2.247268	110.423828	30.755638
-19.574329	2.247268	108.464844	20.498785
-19.574329	2.247268	106.505859	17.932085
-19.574329	2.247268	104.544922	16.647184
-19.574329	2.247268	102.585938	12.802420
-19.574329	2.247268	100.625000	8.959520
-19.574329	2.247268	98.662109	3.838863
-19.574329	2.247268	96.701172	2.558621
-19.574329	2.247268	94.738281	3.837002
-19.574329	2.247268	92.775391	0.000000
-19.574329	2.247268	90.812500	3.835141
-19.574329	2.247268	88.847656	5.112282
-19.574329	2.247268	86.882813	3.833282
-19.574329	2.247268	84.917969	1.277451
-19.574329	2.247268	82.953125	1.277141
-19.574329	2.247268	80.988281	1.276832
-19.574329	2.247268	79.021484	0.000000
-19.574329	2.247268	77.054688	1.276213
-19.574329	2.247268	75.087891	0.000000
-19.574329	2.247268	73.119141	1.275595
-19.574329	2.247268	71.152344	2.550571
-19.574329	2.247268	69.183594	-1.274977
-19.574329	2.247268	67.212891	1.274668
-19.574329	2.247268	65.244141	1.274359
-19.574329	2.247268	63.273438	2.548101
-19.574329	2.247268	61.302734	2.547484
-19.574329	2.247268	59.332031	2.546868
-31.574329	6.247268	1838.626953	17.678635
-31.574329	6.247268	1837.066406	20.892931
-31.574329	6.247268	1835.503906	19.281679
-31.574329	6.247268	1833.941406	24.096970
-31.574329	6.247268	1832.378906	17.667351
-31.574329	6.247268	1830.816406	27.298279
-31.574329	6.247268	1829.251953	19.265272
-31.574329	6.247268	1827.687500	19.261173
-31.574329	6.247268	1826.125000	22.466585
-31.574329	6.247268	1824.560547	20.857389
-31.574329	6.247268	1822.994141	27.269243
-31.574329	6.247268	1821.429688	20.848513
-31.574329	6.247268	1819.865234	19.240685
-31.574329	6.247268	1818.298828	16.030491
-31.574329	6.247268	1816.732422	16.027081
-31.574329	6.247268	1815.166016	27.240236
-31.574329	6.247268	1813.599609	30.438490
-31.574329	6.247268	1812.033203	27.228642
-31.574329	6.247268	1810.464844	24.020157
-31.574329	6.247268	1808.896484	22.414042
-31.574329	6.247268	1807.330078	19.207945
-31.574329	6.247268	1805.759766	24.004820
-31.574329	6.247268	1804.191406	25.599689
-31.574329	6.247268	1802.623047	17.596041
-31.574329	6.247268	1801.052734	17.592293
-31.574329	6.247268	1799.484375	20.786465
-31.574329	6.247268	1797.914063	23.979277
-31.574329	6.247268	1796.343750	22.375893
-31.574329	6.247268	1794.771484	23.969065
-31.574329	6.247268	1793.201172	22.366364
-31.574329	6.247268	1791.628906	17.569830
-31.574329	6.247268	1790.058594	25.550673
-31.574329	6.247268	1788.486328	27.141808
-31.574329	6.247268	1786.914063	25.539789
-31.574329	6.247268	1785.339844	15.958969
-31.574329	6.247268	1783.767578	12.764456
-31.574329	6.247268	1782.193359	28.713907
-31.574329	6.247268	1780.621094	17.543650
-31.574329	6.247268	1779.046875	14.350838
-31.574329	6.247268	1777.470703	27.101362
-31.574329	6.247268	1775.896484	20.720156
-31.574329	6.247268	1774.322266	19.122223
-31.574329	6.247268	1772.746094	22.304506
-31.574329	6.247268	1771.169922	25.485432
-31.574329	6.247268	1769.593750	20.702501
-31.574329	6.247268	1768.017578	23.882410
-31.574329	6.247268	1766.441406	25.469141
-31.574329	6.247268	1764.863281	19.097786
-31.574329	6.247268	1763.287109	22.276001
-31.574329	6.247268	1761.708984	27.043663
-31.574329	6.247268	1760.130859	17.495111
-31.574329	6.247268	1758.552734	25.442009
-31.574329	6.247268	1756.972656	23.846798
-31.574329	6.247268	1755.394531	19.073372
-31.574329	6.247268	1753.814453	23.836630
-31.574329	6.247268	1752.234375	25.420317
-31.574329	6.247268	1750.654297	20.649603
-31.574329	6.247268	1749.074219	17.469015
-31.574329	6.247268	1747.492188	22.228550
-31.574329	6.247268	1745.912109	20.636395
-31.574329	6.247268	1744.330078	17.457840
-31.574329	6.247268	1742.748047	22.214329
-31.574329	6.247268	1741.166016	20.623192
-31.574329	6.247268	1739.583984	22.204851
-31.574329	6.247268	1738.000000	30.128727
-31.574329	6.247268	1736.417969	17.439226
-31.574329	6.247268	1734.833984	26.945780
-31.574329	6.247268	1733.250000	15.847075
-31.574329	6.247268	1731.666016	23.765541
-31.574329	6.247268	1730.082031	23.760468
-31.574329	6.247268	1728.496094	25.339090
-31.574329	6.247268	1726.912109	28.500391
-31.574329	6.247268	1725.326172	26.911289
-31.574329	6.247268	1723.740234	23.740187
-31.574329	6.247268	1722.154297	22.152777
-31.574329	6.247268	1720.566406	26.894054
-31.574329	6.247268	1718.980469	22.143316
-31.574329	6.247268	1717.392578	25.301243
-31.574329	6.247268	1715.804688	22.133858
-31.574329	6.247268	1714.216797	25.290436
-31.574329	6.247268	1712.628906	23.704718
-31.574329	6.247268	1711.041016	28.439585
-31.574329	6.247268	1709.451172	26.853870
-31.574329	6.247268	1707.861328	18.951622
-31.574329	6.247268	1706.271484	18.947573
-31.574329	6.247268	1704.681641	25.258032
-31.574329	6.247268	1703.091797	28.409212
-31.574329	6.247268	1701.501953	22.091331
-31.574329	6.247268	1699.910156	23.664225
-31.574329	6.247268	1698.318359	22.081888
-31.574329	6.247268	1696.726563	12.615524
-31.574329	6.247268	1695.134766	25.225653
-31.574329	6.247268	1693.542969	11.033863
-31.574329	6.247268	1691.949219	23.638937
-31.574329	6.247268	1690.357422	18.907104
-31.574329	6.247268	1688.763672	25.204081
-31.574329	6.247268	1687.169922	28.348526
-31.574329	6.247268	1685.576172	23.618717
-31.574329	6.247268	1683.982422	29.910641
-31.574329	6.247268	1682.386719	22.034704
-31.574329	6.247268	1680.791016	18.882847
-31.574329	6.247268	1679.195313	20.452040
-31.574329	6.247268	1677.599609	22.020559
-31.574329	6.247268	1676.003906	17.298164
-31.574329	6.247268	1674.408203	22.011133
-31.574329	6.247268	1672.810547	17.290760
-31.574329	6.247268	1671.214844	15.715507
-31.574329	6.247268	1669.617188	15.712141
-31.574329	6.247268	1668.019531	25.134043
-31.574329	6.247268	1666.419922	23.558117
-31.574329	6.247268	1664.822266	23.553072
-31.574329	6.247268	1663.222656	25.117895
-31.574329	6.247268	1661.623047	28.251577
-31.574329	6.247268	1660.023438	29.814720
-31.574329	6.247268	1658.423828	23.532892
-31.574329	6.247268	1656.824219	21.959326
-31.574329	6.247268	1655.222656	17.250057
-31.574329	6.247268	1653.623047	21.949913
-31.574329	6.247268	1652.021484	25.080236
-31.574329	6.247268	1650.419922	21.940502
-31.574329	6.247268	1648.818359	21.935797
-31.574329	6.247268	1647.214844	21.931093
-31.574329	6.247268	1645.613281	17.227877
-31.574329	6.247268	1644.009766	21.921686
-31.574329	6.247268	1642.406250	21.916983
-31.574329	6.247268	1640.802734	25.042606
-31.574329	6.247268	1639.199219	23.472406
-31.574329	6.247268	1637.593750	23.467369
-31.574329	6.247268	1635.990234	21.898176
-31.574329	6.247268	1634.384766	21.893476
-31.574329	6.247268	1632.779297	21.888777
-31.574329	6.247268	1631.173828	26.573523
-31.574329	6.247268	1629.568359	21.879377
-31.574329	6.247268	1627.960938	21.874680
-31.574329	6.247268	1626.353516	28.118547
-31.574329	6.247268	1624.748047	18.741673
-31.574329	6.247268	1623.140625	18.737646
-31.574329	6.247268	1621.531250	20.294754
-31.574329	6.247268	1619.923828	21.851194
-31.574329	6.247268	1618.314453	26.527889
-31.574329	6.247268	1616.707031	26.522188
-31.574329	6.247268	1615.097656	24.956694
-31.574329	6.247268	1613.488281	18.713497
-31.574329	6.247268	1611.878906	15.591228
-31.574329	6.247268	1610.267578	23.381813
-31.574329	6.247268	1608.656250	21.818331
-31.574329	6.247268	1607.046875	21.813639
-31.574329	6.247268	1605.435547	24.924509
-31.574329	6.247268	1603.824219	18.689362
-31.574329	6.247268	1602.210938	24.913786
-31.574329	6.247268	1600.599609	24.908424
-31.574329	6.247268	1598.986328	15.564415
-31.574329	6.247268	1597.373047	23.341597
-31.574329	6.247268	1595.759766	24.892344
-31.574329	6.247268	1594.146484	27.997856
-31.574329	6.247268	1592.533203	24.881624
-31.574329	6.247268	1590.917969	29.540565
-31.574329	6.247268	1589.302734	18.653181
-31.574329	6.247268	1587.687500	23.311453
-31.574329	6.247268	1586.072266	26.413954
-31.574329	6.247268	1584.457031	23.301409
-31.574329	6.247268	1582.839844	23.296387
-31.574329	6.247268	1581.224609	20.185850
-31.574329	6.247268	1579.607422	21.733921
-31.574329	6.247268	1577.990234	20.177147
-31.574329	6.247268	1576.373047	24.828056
-31.574329	6.247268	1574.755859	27.925541
-31.574329	6.247268	1573.136719	24.817348
-31.574329	6.247268	1571.517578	17.058247
-31.574329	6.247268	1569.898438	21.705812
-31.574329	6.247268	1568.279297	13.950726
-31.574329	6.247268	1566.660156	20.146698
-31.574329	6.247268	1565.041016	21.691763
-31.574329	6.247268	1563.419922	15.490771
-31.574329	6.247268	1561.798828	17.036169
-31.574329	6.247268	1560.177734	18.580898
-31.574329	6.247268	1558.556641	18.576885
-31.574329	6.247268	1556.935547	23.216091
-31.574329	6.247268	1555.312500	17.021456
-31.574329	6.247268	1553.691406	21.658991
-31.574329	6.247268	1552.068359	15.467365
-31.574329	6.247268	1550.445313	26.288837
-31.574329	6.247268	1548.822266	13.914612
-31.574329	6.247268	1547.197266	18.548805
-31.574329	6.247268	1545.574219	23.180992
-31.574329	6.247268	1543.949219	27.811176
-31.574329	6.247268	1542.324219	27.805161
-31.574329	6.247268	1540.699219	21.621559
-31.574329	6.247268	1539.072266	15.440629
-31.574329	6.247268	1537.447266	20.068474
-31.574329	6.247268	1535.820313	21.607527
-31.574329	6.247268	1534.193359	23.145910
-31.574329	6.247268	1532.566406	12.341813
-31.574329	6.247268	1530.939453	15.423926
-31.574329	6.247268	1529.312500	20.046762
-31.574329	6.247268	1527.683594	18.500696
-31.574329	6.247268	1526.056641	23.120861
-31.574329	6.247268	1524.427734	24.656910
-31.574329	6.247268	1522.798828	16.947952
-31.574329	6.247268	1521.167969	16.944279
-31.574329	6.247268	1519.539063	26.180937
-31.574329	6.247268	1517.908203	21.556099
-31.574329	6.247268	1516.277344	23.090813
-31.574329	6.247268	1514.646484	24.624859
-31.574329	6.247268	1513.015625	21.542078
-31.574329	6.247268	1511.384766	27.690950
-31.574329	6.247268	1509.751953	26.146891
-31.574329	6.247268	1508.121094	21.528061
-31.574329	6.247268	1506.488281	21.523390
-31.574329	6.247268	1504.855469	18.444614
-31.574329	6.247268	1503.220703	18.440611
-31.574329	6.247268	1501.587891	21.509375
-31.574329	6.247268	1499.953125	23.040754
-31.574329	6.247268	1498.318359	21.500034
-31.574329	6.247268	1496.683594	33.778427
-31.574329	6.247268	1495.048828	19.955645
-31.574329	6.247268	1493.414063	19.951307
-31.574329	6.247268	1491.777344	26.084501
-31.574329	6.247268	1490.140625	16.874538
-31.574329	6.247268	1488.505859	10.736008
-31.574329	6.247268	1486.867188	23.000729
-31.574329	6.247268	1485.230469	22.995726
-31.574329	6.247268	1483.593750	24.523439
-31.574329	6.247268	1481.955078	15.323815
-31.574329	6.247268	1480.316406	19.916626
-31.574329	6.247268	1478.677734	26.039150
-31.574329	6.247268	1477.039063	12.251050
-31.574329	6.247268	1475.400391	18.372576
-31.574329	6.247268	1473.759766	19.899290
-31.574329	6.247268	1472.119141	16.834194
-31.574329	6.247268	1470.478516	16.830526
-31.574329	6.247268	1468.837891	26.005148
-31.574329	6.247268	1467.197266	19.881956
-31.574329	6.247268	1465.556641	21.406672
-31.574329	6.247268	1463.914063	15.287148
-31.574329	6.247268	1462.271484	18.340578
-31.574329	6.247268	1460.628906	18.336580
-31.574329	6.247268	1458.986328	19.860296
-31.574329	6.247268	1457.343750	24.438110
-31.574329	6.247268	1455.699219	16.797535
-31.574329	6.247268	1454.054688	18.320585
-31.574329	6.247268	1452.410156	29.001265
-31.574329	6.247268	1450.765625	21.364689
-31.574329	6.247268	1449.121094	22.885740
-31.574329	6.247268	1447.474609	13.728447
-31.574329	6.247268	1445.830078	22.875748
-31.574329	6.247268	1444.183594	21.346035
-31.574329	6.247268	1442.537109	21.341372
-31.574329	6.247268	1440.890625	24.384809
-31.574329	6.247268	1439.242188	25.903198
-31.574329	6.247268	1437.595703	28.944305
-31.574329	6.247268	1435.947266	19.799669
-31.574329	6.247268	1434.298828	22.840778
-31.574329	6.247268	1432.650391	19.791012
-31.574329	6.247268	1431.000000	22.830788
-31.574329	6.247268	1429.351563	16.738914
-31.574329	6.247268	1427.701172	28.906345
-31.574329	6.247268	1426.050781	21.294752
-31.574329	6.247268	1424.400391	21.290091
-31.574329	6.247268	1422.750000	19.765041
-31.574329	6.247268	1421.097656	24.320879
-31.574329	6.247268	1419.447266	25.835274
-31.574329	6.247268	1417.794922	21.271448
-31.574329	6.247268	1416.142578	25.823957
-31.574329	6.247268	1414.490234	25.818298
-31.574329	6.247268	1412.835938	18.220686
-31.574329	6.247268	1411.183594	21.252808
-31.574329	6.247268	1409.529297	21.248148
-31.574329	6.247268	1407.875000	13.656528
-31.574329	6.247268	1406.220703	28.824127
-31.574329	6.247268	1404.566406	16.683992
-31.574329	6.247268	1402.910156	19.713120
-31.574329	6.247268	1401.255859	19.708792
-31.574329	6.247268	1399.599609	18.188738
-31.574329	6.247268	1397.943359	15.153955
-31.574329	6.247268	1396.287109	19.695816
-31.574329	6.247268	1394.628906	22.720951
-31.574329	6.247268	1392.970703	16.658371
-31.574329	6.247268	1391.314453	18.168776
-31.574329	6.247268	1389.656250	22.705978
-31.574329	6.247268	1387.998047	19.674191
-31.574329	6.247268	1386.337891	19.669865
-31.574329	6.247268	1384.679688	18.152807
-31.574329	6.247268	1383.019531	28.735624
-31.574329	6.247268	1381.359375	22.681028
-31.574329	6.247268	1379.699219	21.164303
-31.574329	6.247268	1378.039063	16.625437
-31.574329	6.247268	1376.376953	16.621778
-31.574329	6.247268	1374.716797	21.150333
-31.574329	6.247268	1373.054688	25.676893
-31.574329	6.247268	1371.392578	19.630949
-31.574329	6.247268	1369.728516	22.646105
-31.574329	6.247268	1368.066406	22.641117
-31.574329	6.247268	1366.402344	25.654280
-31.574329	6.247268	1364.740234	22.631140
-31.574329	6.247268	1363.076172	24.134562
-31.574329	6.247268	1361.412109	24.129242
-31.574329	6.247268	1359.746094	27.139412
-31.574329	6.247268	1358.082031	25.626015
-31.574329	6.247268	1356.416016	13.563721
-31.574329	6.247268	1354.750000	22.601213
-31.574329	6.247268	1353.083984	21.089811
-31.574329	6.247268	1351.417969	15.060826
-31.574329	6.247268	1349.750000	16.563251
-31.574329	6.247268	1348.083984	18.065012
-31.574329	6.247268	1346.416016	22.576279
-31.574329	6.247268	1344.748047	15.047527
-31.574329	6.247268	1343.078125	19.557465
-31.574329	6.247268	1341.410156	21.057230
-31.574329	6.247268	1339.740234	18.045065
-31.574329	6.247268	1338.072266	22.551346
-31.574329	6.247268	1336.402344	18.037088
-31.574329	6.247268	1334.730469	27.049648
-31.574329	6.247268	1333.060547	15.024259
-31.574329	6.247268	1331.388672	25.535589
-31.574329	6.247268	1329.718750	25.529938
-31.574329	6.247268	1328.046875	22.521431
-31.574329	6.247268	1326.375000	21.015348
-31.574329	6.247268	1324.701172	25.512987
-31.574329	6.247268	1323.029297	22.506474
-31.574329	6.247268	1321.355469	24.001589
-31.574329	6.247268	1319.681641	19.496971
-31.574329	6.247268	1318.007813	19.492649
-31.574329	6.247268	1316.333984	19.488329
-31.574329	6.247268	1314.660156	14.987700
-31.574329	6.247268	1312.984375	23.975002
-31.574329	6.247268	1311.308594	23.969687
-31.574329	6.247268	1309.632813	17.973276
-31.574329	6.247268	1307.957031	29.948816
-31.574329	6.247268	1306.279297	25.450844
-31.574329	6.247268	1304.603516	19.458090
-31.574329	6.247268	1302.925781	19.453772
-31.574329	6.247268	1301.248047	16.457228
-31.574329	6.247268	1299.570313	13.462015
-31.574329	6.247268	1297.892578	14.954472
-31.574329	6.247268	1296.212891	26.912069
-31.574329	6.247268	1294.533203	25.411306
-31.574329	6.247268	1292.853516	19.427856
-31.574329	6.247268	1291.173828	19.423536
-31.574329	6.247268	1289.494141	14.937860
-31.574329	6.247268	1287.812500	22.401806
-31.574329	6.247268	1286.132813	22.396824
-31.574329	6.247268	1284.451172	14.927894
-31.574329	6.247268	1282.769531	28.356686
-31.574329	6.247268	1281.085938	22.381874
-31.574329	6.247268	1279.404297	28.344063
-31.574329	6.247268	1277.720703	16.406067
-31.574329	6.247268	1276.039063	20.875797
-31.574329	6.247268	1274.355469	17.889555
-31.574329	6.247268	1272.669922	19.376034
-31.574329	6.247268	1270.986328	16.391451
-31.574329	6.247268	1269.300781	29.795996
-31.574329	6.247268	1267.615234	22.342014
-31.574329	6.247268	1265.929688	14.891355
-31.574329	6.247268	1264.244141	28.287264
-31.574329	6.247268	1262.558594	17.861654
-31.574329	6.247268	1260.871094	23.810225
-31.574329	6.247268	1259.185547	16.365875
-31.574329	6.247268	1257.498047	17.849697
-31.574329	6.247268	1255.808594	22.307140
-31.574329	6.247268	1254.121094	20.815348
-31.574329	6.247268	1252.433594	14.864784
-31.574329	6.247268	1250.744141	17.833755
-31.574329	6.247268	1249.054688	23.773027
-31.574329	6.247268	1247.365234	23.767715
-31.574329	6.247268	1245.673828	20.792101
-31.574329	6.247268	1243.984375	26.726725
-31.574329	6.247268	1242.292969	19.298317
-31.574329	6.247268	1240.601563	20.778154
-31.574329	6.247268	1238.910156	22.257326
-31.574329	6.247268	1237.218750	19.285366
-31.574329	6.247268	1235.525391	20.764208
-31.574329	6.247268	1233.833984	32.622162
-31.574329	6.247268	1232.140625	32.614857
-31.574329	6.247268	1230.447266	19.268099
-31.574329	6.247268	1228.753906	19.263783
-31.574329	6.247268	1227.058594	22.222462
-31.574329	6.247268	1225.365234	19.255150
-31.574329	6.247268	1223.669922	19.250834
-31.574329	6.247268	1221.974609	19.246517
-31.574329	6.247268	1220.277344	10.361185
-31.574329	6.247268	1218.582031	22.197559
-31.574329	6.247268	1216.884766	16.274559
-31.574329	6.247268	1215.189453	23.666773
-31.574329	6.247268	1213.492188	17.746096
-31.574329	6.247268	1211.792969	19.220621
-31.574329	6.247268	1210.095703	19.216305
-31.574329	6.247268	1208.396484	19.211988
-31.574329	6.247268	1206.699219	20.685186
-31.574329	6.247268	1205.000000	20.680538
-31.574329	6.247268	1203.298828	14.768494
-31.574329	6.247268	1201.599609	13.288656
-31.574329	6.247268	1199.900391	23.618967
-31.574329	6.247268	1198.199219	19.186094
-31.574329	6.247268	1196.498047	20.657301
-31.574329	6.247268	1194.796875	19.177464
-31.574329	6.247268	1193.093750	19.173149
-31.574329	6.247268	1191.392578	17.694307
-31.574329	6.247268	1189.689453	19.164518
-31.574329	6.247268	1187.986328	16.212479
-31.574329	6.247268	1186.283203	22.102947
-31.574329	6.247268	1184.580078	27.990761
-31.574329	6.247268	1182.875000	23.565855
-31.574329	6.247268	1181.169922	20.615477
-31.574329	6.247268	1179.464844	17.666426
-31.574329	6.247268	1177.759766	17.662443
-31.574329	6.247268	1176.054688	20.601536
-31.574329	6.247268	1174.347656	22.068096
-31.574329	6.247268	1172.642578	25.004866
-31.574329	6.247268	1170.935547	17.646511
-31.574329	6.247268	1169.228516	20.582951
-31.574329	6.247268	1167.519531	20.578302
-31.574329	6.247268	1165.812500	22.043203
-31.574329	6.247268	1164.103516	19.099794
-31.574329	6.247268	1162.394531	20.564363
-31.574329	6.247268	1160.685547	26.433922
-31.574329	6.247268	1158.976563	26.427950
-31.574329	6.247268	1157.265625	23.486200
-31.574329	6.247268	1155.556641	22.013334
-31.574329	6.247268	1153.845703	24.942804
-31.574329	6.247268	1152.134766	29.337839
-31.574329	6.247268	1150.423828	10.265921
-31.574329	6.247268	1148.710938	20.527195
-31.574329	6.247268	1146.998047	23.454342
-31.574329	6.247268	1145.287109	17.586775
-31.574329	6.247268	1143.572266	16.117559
-31.574329	6.247268	1141.859375	17.578810
-31.574329	6.247268	1140.146484	23.433105
-31.574329	6.247268	1138.431641	21.963558
-31.574329	6.247268	1136.716797	17.566864
-31.574329	6.247268	1135.001953	10.245015
-31.574329	6.247268	1133.287109	19.022142
-31.574329	6.247268	1131.570313	20.480740
-31.574329	6.247268	1129.855469	24.863829
-31.574329	6.247268	1128.138672	20.471449
-31.574329	6.247268	1126.421875	17.542974
-31.574329	6.247268	1124.703125	23.385324
-31.574329	6.247268	1122.986328	13.151258
-31.574329	6.247268	1121.267578	21.913788
-31.574329	6.247268	1119.548828	14.605874
-31.574329	6.247268	1117.830078	21.903835
-31.574329	6.247268	1116.111328	24.818707
-31.574329	6.247268	1114.392578	21.893881
-31.574329	6.247268	1112.671875	24.807426
-31.574329	6.247268	1110.951172	18.966072
-31.574329	6.247268	1109.230469	24.796146
-31.574329	6.247268	1107.509766	17.499180
-31.574329	6.247268	1105.787109	23.326933
-31.574329	6.247268	1104.066406	20.406422
-31.574329	6.247268	1102.343750	20.401777
-31.574329	6.247268	1100.621094	21.854071
-31.574329	6.247268	1098.896484	23.305702
-31.574329	6.247268	1097.173828	20.387844
-31.574329	6.247268	1095.449219	23.295086
-31.574329	6.247268	1093.724609	14.556112
-31.574329	6.247268	1092.000000	17.463354
-31.574329	6.247268	1090.275391	24.734112
-31.574329	6.247268	1088.550781	20.364626
-31.574329	6.247268	1086.824219	14.542844
-31.574329	6.247268	1085.097656	17.447432
-31.574329	6.247268	1083.371094	20.350695
-31.574329	6.247268	1081.644531	13.079604
-31.574329	6.247268	1079.916016	15.982534
-31.574329	6.247268	1078.189453	17.431511
-31.574329	6.247268	1076.460938	23.236710
-31.574329	6.247268	1074.732422	17.423552
-31.574329	6.247268	1073.001953	21.774466
-31.574329	6.247268	1071.273438	27.574688
-31.574329	6.247268	1069.542969	14.509677
-31.574329	6.247268	1067.812500	23.210176
-31.574329	6.247268	1066.082031	13.052739
-31.574329	6.247268	1064.351563	20.299618
-31.574329	6.247268	1062.619141	24.643900
-31.574329	6.247268	1060.888672	21.739643
-31.574329	6.247268	1059.156250	18.836712
-31.574329	6.247268	1057.421875	20.281048
-31.574329	6.247268	1055.689453	20.276405
-31.574329	6.247268	1053.957031	23.167728
-31.574329	6.247268	1052.222656	24.610075
-31.574329	6.247268	1050.488281	20.262478
-31.574329	6.247268	1048.753906	21.704824
-31.574329	6.247268	1047.019531	15.913223
-31.574329	6.247268	1045.283203	18.802227
-31.574329	6.247268	1043.546875	20.243910
-31.574329	6.247268	1041.810547	28.913240
-31.574329	6.247268	1040.074219	30.351938
-31.574329	6.247268	1038.337891	17.339987
-31.574329	6.247268	1036.599609	20.225342
-31.574329	6.247268	1034.861328	23.109373
-31.574329	6.247268	1033.123047	25.992077
-31.574329	6.247268	1031.384766	10.105709
-31.574329	6.247268	1029.646484	18.763435
-31.574329	6.247268	1027.906250	18.759125
-31.574329	6.247268	1026.167969	24.525528
-31.574329	6.247268	1024.427734	33.173973
-31.574329	6.247268	1022.685547	28.840303
-31.574329	6.247268	1020.945313	20.183571
-31.574329	6.247268	1019.203125	28.827044
-31.574329	6.247268	1017.462891	23.056332
-31.574329	6.247268	1015.720703	28.813784
-31.574329	6.247268	1013.976563	31.687870
-31.574329	6.247268	1012.234375	21.600393
-31.574329	6.247268	1010.490234	31.673286
-31.574329	6.247268	1008.746094	24.469177
-31.574329	6.247268	1007.001953	25.902575
-31.574329	6.247268	1005.257813	25.896608
-31.574329	6.247268	1003.513672	27.329012
-31.574329	6.247268	1001.767578	34.512901
-31.574329	6.247268	1000.021484	20.127888
-31.574329	6.247268	998.275391	28.747496
-31.574329	6.247268	996.529297	27.303825
-31.574329	6.247268	994.781250	34.481087
-31.574329	6.247268	993.035156	20.109329
-31.574329	6.247268	991.287109	28.720985
-31.574329	6.247268	989.539063	37.328663
-31.574329	6.247268	987.789063	34.449276
-31.574329	6.247268	986.041016	43.051655
-31.574329	6.247268	984.291016	35.868095
-31.574329	6.247268	982.541016	40.162987
-31.574329	6.247268	980.791016	35.851528
-31.574329	6.247268	979.041016	35.843243
-31.574329	6.247268	977.289063	43.001953
-31.574329	6.247268	975.537109	42.992016
-31.574329	6.247268	973.785156	48.713017
-31.574329	6.247268	972.033203	41.539730
-31.574329	6.247268	970.281250	37.233906
-31.574329	6.247268	968.527344	30.066582
-31.574329	6.247268	966.773438	37.216679
-31.574329	6.247268	965.019531	32.914825
-31.574329	6.247268	963.265625	31.476460
-31.574329	6.247268	961.511719	28.608339
-31.574329	6.247268	959.755859	42.902569
-31.574329	6.247268	958.000000	45.752144
-31.574329	6.247268	956.244141	40.023849
-31.574329	6.247268	954.488281	37.156391
-31.574329	6.247268	952.730469	40.005302
-31.574329	6.247268	950.974609	31.425451
-31.574329	6.247268	949.216797	34.274361
-31.574329	6.247268	947.458984	35.694180
-31.574329	6.247268	945.701172	31.403593
-31.574329	6.247268	943.941406	37.104729
-31.574329	6.247268	942.181641	29.962250
-31.574329	6.247268	940.421875	37.087509
-31.574329	6.247268	938.662109	37.078899
-31.574329	6.247268	936.902344	35.644508
-31.574329	6.247268	935.140625	31.359884
-31.574329	6.247268	933.380859	31.352600
-31.574329	6.247268	931.619141	34.194889
-31.574329	6.247268	929.855469	29.913576
-31.574329	6.247268	928.093750	29.906624
-31.574329	6.247268	926.330078	19.933113
-31.574329	6.247268	924.568359	21.351942
-31.574329	6.247268	922.804688	22.770107
-31.574329	6.247268	921.039063	19.919210
-31.574329	6.247268	919.275391	21.337046
-31.574329	6.247268	917.509766	29.864912
-31.574329	6.247268	915.744141	21.327116
-31.574329	6.247268	913.978516	29.851009
-31.574329	6.247268	912.212891	19.896040
-31.574329	6.247268	910.447266	24.153851
-31.574329	6.247268	908.679688	21.307257
-31.574329	6.247268	906.912109	24.142597
-31.574329	6.247268	905.144531	28.396439
-31.574329	6.247268	903.375000	21.292364
-31.574329	6.247268	901.607422	19.868240
-31.574329	6.247268	899.837891	22.701267
-31.574329	6.247268	898.068359	21.277473
-31.574329	6.247268	896.298828	24.108845
-31.574329	6.247268	894.529297	28.356730
-31.574329	6.247268	892.757813	22.680090
-31.574329	6.247268	890.986328	19.840446
-31.574329	6.247268	889.214844	25.503191
-31.574329	6.247268	887.443359	24.080723
-31.574329	6.247268	885.669922	25.491282
-31.574329	6.247268	883.898438	18.406071
-31.574329	6.247268	882.125000	28.310415
-31.574329	6.247268	880.351563	21.227850
-31.574329	6.247268	878.578125	25.467466
-31.574329	6.247268	876.802734	18.388870
-31.574329	6.247268	875.027344	15.556175
-31.574329	6.247268	873.251953	29.691208
-31.574329	6.247268	871.476563	24.030117
-31.574329	6.247268	869.701172	21.198084
-31.574329	6.247268	867.923828	19.780249
-31.574329	6.247268	866.146484	24.013252
-31.574329	6.247268	864.369141	24.007631
-31.574329	6.247268	862.591797	15.530713
-31.574329	6.247268	860.814453	16.938629
-31.574329	6.247268	859.035156	25.401991
-31.574329	6.247268	857.255859	21.163366
-31.574329	6.247268	855.476563	23.979528
-31.574329	6.247268	853.697266	22.563679
-31.574329	6.247268	851.916016	19.738592
-31.574329	6.247268	850.136719	26.781809
-31.574329	6.247268	848.355469	26.775528
-31.574329	6.247268	846.574219	26.769249
-31.574329	6.247268	844.791016	25.354391
-31.574329	6.247268	843.009766	18.307209
-31.574329	6.247268	841.226563	25.342495
-31.574329	6.247268	839.443359	26.744133
-31.574329	6.247268	837.660156	22.516088
-31.574329	6.247268	835.875000	23.917727
-31.574329	6.247268	834.091797	33.758270
-31.574329	6.247268	832.306641	21.093964
-31.574329	6.247268	830.521484	18.277140
-31.574329	6.247268	828.734375	25.300863
-31.574329	6.247268	826.949219	25.294916
-31.574329	6.247268	825.162109	28.098856
-31.574329	6.247268	823.375000	22.473801
-31.574329	6.247268	821.587891	28.085644
-31.574329	6.247268	819.800781	14.039519
-31.574329	6.247268	818.011719	22.457947
-31.574329	6.247268	816.222656	19.646080
-31.574329	6.247268	814.433594	19.641457
-31.574329	6.247268	812.644531	25.247356
-31.574329	6.247268	810.855469	25.241413
-31.574329	6.247268	809.064453	21.029558
-31.574329	6.247268	807.273438	25.229527
-31.574329	6.247268	805.482422	30.828825
-31.574329	6.247268	803.691406	25.217642
-31.574329	6.247268	801.898438	21.009750
-31.574329	6.247268	800.107422	18.204159
-31.574329	6.247268	798.314453	22.399837
-31.574329	6.247268	796.521484	25.193876
-31.574329	6.247268	794.726563	16.791956
-31.574329	6.247268	792.933594	22.383995
-31.574329	6.247268	791.138672	20.980045
-31.574329	6.247268	789.343750	27.966795
-31.574329	6.247268	787.546875	27.960196
-31.574329	6.247268	785.751953	13.976798
-31.574329	6.247268	783.955078	26.549648
-31.574329	6.247268	782.158203	29.337420
-31.574329	6.247268	780.361328	20.950352
-31.574329	6.247268	778.564453	26.530844
-31.574329	6.247268	776.765625	30.712667
-31.574329	6.247268	774.968750	30.705410
-31.574329	6.247268	773.169922	23.721302
-31.574329	6.247268	771.369141	26.505777
-31.574329	6.247268	769.570313	25.104799
-31.574329	6.247268	767.769531	27.887627
-31.574329	6.247268	765.970703	29.275084
-31.574329	6.247268	764.167969	26.480717
-31.574329	6.247268	762.367188	25.081059
-31.574329	6.247268	760.566406	33.433498
-31.574329	6.247268	758.763672	23.676458
-31.574329	6.247268	756.960938	23.670855
-31.574329	6.247268	755.158203	27.841473
-31.574329	6.247268	753.353516	23.659649
-31.574329	6.247268	751.550781	26.436874
-31.574329	6.247268	749.746094	25.039528
-31.574329	6.247268	747.941406	29.205862
-31.574329	6.247268	746.136719	26.418091
-31.574329	6.247268	744.330078	27.801928
-31.574329	6.247268	742.523438	20.846504
-31.574329	6.247268	740.718750	25.009874
-31.574329	6.247268	738.910156	26.393053
-31.574329	6.247268	737.103516	30.553131
-31.574329	6.247268	735.294922	22.215189
-31.574329	6.247268	733.488281	24.986158
-31.574329	6.247268	731.679688	24.980230
-31.574329	6.247268	729.869141	27.749226
-31.574329	6.247268	728.060547	23.581244
-31.574329	6.247268	726.250000	22.188845
-31.574329	6.247268	724.439453	27.729471
-31.574329	6.247268	722.628906	24.950598
-31.574329	6.247268	720.818359	29.102118
-31.574329	6.247268	719.005859	26.324234
-31.574329	6.247268	717.195313	29.088293
-31.574329	6.247268	715.382813	22.157244
-31.574329	6.247268	713.568359	27.689972
-31.574329	6.247268	711.755859	12.457526
-31.574329	6.247268	709.941406	24.909128
-31.574329	6.247268	708.126953	20.752672
-31.574329	6.247268	706.312500	24.897285
-31.574329	6.247268	704.498047	22.125656
-31.574329	6.247268	702.681641	22.120394
-31.574329	6.247268	700.867188	24.879522
-31.574329	6.247268	699.050781	17.964268
-31.574329	6.247268	697.232422	23.486145
-31.574329	6.247268	695.416016	20.718136
-31.574329	6.247268	693.597656	23.474964
-31.574329	6.247268	691.779297	19.327721
-31.574329	6.247268	689.960938	24.844009
-31.574329	6.247268	688.142578	20.698410
-31.574329	6.247268	686.324219	24.832174
-31.574329	6.247268	684.503906	26.205496
-31.574329	6.247268	682.683594	20.683619
-31.574329	6.247268	680.863281	24.814428
-31.574329	6.247268	679.041016	26.186764
-31.574329	6.247268	677.218750	20.668833
-31.574329	6.247268	675.398438	17.908716
-31.574329	6.247268	673.576172	27.545301
-31.574329	6.247268	671.751953	22.030985
-31.574329	6.247268	669.929688	22.025730
-31.574329	6.247268	668.105469	20.644196
-31.574329	6.247268	666.281250	31.646879
-31.574329	6.247268	664.457031	30.263704
-31.574329	6.247268	662.630859	23.380007
-31.574329	6.247268	660.806641	21.999460
-31.574329	6.247268	658.980469	27.492760
-31.574329	6.247268	657.154297	28.860504
-31.574329	6.247268	655.326172	32.975555
-31.574329	6.247268	653.500000	27.473066
-31.574329	6.247268	651.671875	34.333126
-31.574329	6.247268	649.843750	27.459940
-31.574329	6.247268	648.015625	35.689392
-31.574329	6.247268	646.185547	37.053200
-31.574329	6.247268	644.357422	35.672333
-31.574329	6.247268	642.527344	34.292118
-31.574329	6.247268	640.697266	31.541204
-31.574329	6.247268	638.865234	34.275719
-31.574329	6.247268	637.035156	35.638222
-31.574329	6.247268	635.203125	41.111187
-31.574329	6.247268	633.371094	31.511038
-31.574329	6.247268	631.539063	43.830952
-31.574329	6.247268	629.705078	31.495958
-31.574329	6.247268	627.873047	34.226543
-31.574329	6.247268	626.039063	39.693283
-31.574329	6.247268	624.203125	31.473345
-31.574329	6.247268	622.369141	34.201965
-31.574329	6.247268	620.535156	32.826023
-31.574329	6.247268	618.699219	30.083313
-31.574329	6.247268	616.863281	31.443203
-31.574329	6.247268	615.025391	28.702133
-31.574329	6.247268	613.189453	30.061697
-31.574329	6.247268	611.351563	24.590038
-31.574329	6.247268	609.513672	34.144646
-31.574329	6.247268	607.675781	30.040085
-31.574329	6.247268	605.837891	35.493408
-31.574329	6.247268	603.998047	27.296074
-31.574329	6.247268	602.158203	31.382957
-31.574329	6.247268	600.318359	24.554686
-31.574329	6.247268	598.478516	27.276438
-31.574329	6.247268	596.636719	27.269896
-31.574329	6.247268	594.796875	31.352854
-31.574329	6.247268	592.955078	27.256809
-31.574329	6.247268	591.111328	35.425346
-31.574329	6.247268	589.269531	31.330286
-31.574329	6.247268	587.425781	28.599045
-31.574329	6.247268	585.583984	20.422985
-31.574329	6.247268	583.738281	32.668930
-31.574329	6.247268	581.894531	27.217569
-31.574329	6.247268	580.050781	31.292686
-31.574329	6.247268	578.205078	19.043146
-31.574329	6.247268	576.359375	29.917755
-31.574329	6.247268	574.513672	29.910566
-31.574329	6.247268	572.666016	31.262623
-31.574329	6.247268	570.818359	24.460520
-31.574329	6.247268	568.970703	24.454641
-31.574329	6.247268	567.123047	24.448761
-31.574329	6.247268	565.275391	29.874636
-31.574329	6.247268	563.425781	24.437006
-31.574329	6.247268	561.576172	21.716558
-31.574329	6.247268	559.726563	27.139170
-31.574329	6.247268	557.876953	25.776011
-31.574329	6.247268	556.027344	23.057198
-31.574329	6.247268	554.175781	21.695669
-31.574329	6.247268	552.324219	24.401756
-31.574329	6.247268	550.472656	23.040556
-31.574329	6.247268	548.619141	28.455013
-31.574329	6.247268	546.767578	28.448162
-31.574329	6.247268	544.914063	27.086966
-31.574329	6.247268	543.060547	27.080444
-31.574329	6.247268	541.205078	23.012835
-31.574329	6.247268	539.351563	44.661213
-31.574329	6.247268	537.496094	50.062634
-31.574329	6.247268	535.640625	37.876110
-31.574329	6.247268	533.785156	55.448086
-31.574329	6.247268	531.927734	51.378525
-31.574329	6.247268	530.070313	56.773109
-31.574329	6.247268	528.212891	74.327820
-31.574329	6.247268	526.355469	106.736046
-31.574329	6.247268	524.498047	175.599258
-31.574329	6.247268	522.638672	367.319092
-31.574329	6.247268	520.779297	604.850281
-31.574329	6.247268	518.919922	449.478973
-31.574329	6.247268	517.060547	238.854645
-31.574329	6.247268	515.199219	138.960983
-31.574329	6.247268	513.339844	99.811966
-31.574329	6.247268	511.478516	79.560616
-31.574329	6.247268	509.615234	78.193260
-31.574329	6.247268	507.753906	56.609043
-31.574329	6.247268	505.890625	45.815311
-31.574329	6.247268	504.027344	52.540173
-31.574329	6.247268	502.164063	55.221210
-31.574329	6.247268	500.300781	45.782146
-31.574329	6.247268	498.435547	57.886971
-31.574329	6.247268	496.570313	68.640060
-31.574329	6.247268	494.705078	57.859020
-31.574329	6.247268	492.839844	59.190285
-31.574329	6.247268	490.972656	71.280167
-31.574329	6.247268	489.107422	56.472530
-31.574329	6.247268	487.240234	51.081852
-31.574329	6.247268	485.371094	52.413445
-31.574329	6.247268	483.503906	51.057171
-31.574329	6.247268	481.634766	45.671696
-31.574329	6.247268	479.765625	41.631779
-31.574329	6.247268	477.896484	33.565899
-31.574329	6.247268	476.027344	32.215477
-31.574329	6.247268	474.156250	28.181728
-31.574329	6.247268	472.285156	33.541565
-31.574329	6.247268	470.414063	32.192120
-31.574329	6.247268	468.542969	41.571434
-31.574329	6.247268	466.669922	36.198624
-31.574329	6.247268	464.796875	40.210968
-31.574329	6.247268	462.923828	36.181118
-31.574329	6.247268	461.050781	30.813498
-31.574329	6.247268	459.177734	32.145439
-31.574329	6.247268	457.302734	30.798592
-31.574329	6.247268	455.427734	38.823612
-31.574329	6.247268	453.552734	30.783691
-31.574329	6.247268	451.675781	25.423853
-31.574329	6.247268	449.800781	25.417700
-31.574329	6.247268	447.923828	42.798397
-31.574329	6.247268	446.046875	44.125168
-31.574329	6.247268	444.169922	28.072855
-31.574329	6.247268	442.291016	25.393101
-31.574329	6.247268	440.412109	33.403885
-31.574329	6.247268	438.533203	34.731632
-31.574329	6.247268	436.654297	25.374662
-31.574329	6.247268	434.773438	22.698147
-31.574329	6.247268	432.894531	25.362373
-31.574329	6.247268	431.013672	32.028923
-31.574329	6.247268	429.130859	25.350090
-31.574329	6.247268	427.250000	32.013412
-31.574329	6.247268	425.367188	22.670673
-31.574329	6.247268	423.484375	33.331150
-31.574329	6.247268	421.601563	29.324305
-31.574329	6.247268	419.718750	29.317200
-31.574329	6.247268	417.833984	29.310095
-31.574329	6.247268	415.949219	31.966902
-31.574329	6.247268	414.064453	25.300997
-31.574329	6.247268	412.179688	29.288792
-31.574329	6.247268	410.294922	33.274651
-31.574329	6.247268	408.408203	25.282604
-31.574329	6.247268	406.521484	46.561928
-31.574329	6.247268	404.634766	35.910492
-31.574329	6.247268	402.746094	45.209660
-31.574329	6.247268	400.857422	62.480553
-31.574329	6.247268	398.968750	78.414017
-31.574329	6.247268	397.080078	94.339745
-31.574329	6.247268	395.191406	75.719177
-31.574329	6.247268	393.300781	66.404221
-31.574329	6.247268	391.410156	69.043640
-31.574329	6.247268	389.519531	61.062252
-31.574329	6.247268	387.628906	65.028793
-31.574329	6.247268	385.736328	45.111073
-31.574329	6.247268	383.843750	55.711926
-31.574329	6.247268	381.951172	53.046104
-31.574329	6.247268	380.058594	50.381573
-31.574329	6.247268	378.164063	47.718330
-31.574329	6.247268	376.271484	83.486809
-31.574329	6.247268	374.376953	83.466553
-31.574329	6.247268	372.480469	71.525398
-31.574329	6.247268	370.585938	68.859596
-31.574329	6.247268	368.689453	51.632160
-31.574329	6.247268	366.792969	56.913948
-31.574329	6.247268	364.896484	50.283840
-31.574329	6.247268	363.000000	55.563385
-31.574329	6.247268	361.101563	54.227280
-31.574329	6.247268	359.203125	52.891819
-31.574329	6.247268	357.304688	52.878979
-31.574329	6.247268	355.406250	47.579525
-31.574329	6.247268	353.505859	52.853302
-31.574329	6.247268	351.605469	59.445526
-31.574329	6.247268	349.705078	59.431091
-31.574329	6.247268	347.804688	48.853699
-31.574329	6.247268	345.902344	52.801983
-31.574329	6.247268	344.001953	56.748344
-31.574329	6.247268	342.099609	46.179295
-31.574329	6.247268	340.195313	48.806255
-31.574329	6.247268	338.292969	44.838097
-31.574329	6.247268	336.388672	39.553417
-31.574329	6.247268	334.484375	40.861938
-31.574329	6.247268	332.580078	42.169819
-31.574329	6.247268	330.675781	38.207115
-31.574329	6.247268	328.769531	38.197830
-31.574329	6.247268	326.863281	31.604319
-31.574329	6.247268	324.957031	39.495800
-31.574329	6.247268	323.048828	36.853790
-31.574329	6.247268	321.142578	38.160721
-31.574329	6.247268	319.234375	34.204750
-31.574329	6.247268	317.326172	22.359209
-31.574329	6.247268	315.417969	27.613487
-31.574329	6.247268	313.507813	36.809036
-31.574329	6.247268	311.597656	31.542936
-31.574329	6.247268	309.687500	42.047028
-31.574329	6.247268	307.777344	38.095856
-31.574329	6.247268	305.865234	27.579950
-31.574329	6.247268	303.955078	26.260237
-31.574329	6.247268	302.042969	35.442703
-31.574329	6.247268	300.128906	32.809341
-31.574329	6.247268	298.216797	32.801365
-31.574329	6.247268	296.302734	28.858187
-31.574329	6.247268	294.388672	35.408257
-31.574329	6.247268	292.474609	40.644043
-31.574329	6.247268	290.560547	36.701824
-31.574329	6.247268	288.644531	43.245205
-31.574329	6.247268	286.728516	48.475262
-31.574329	6.247268	284.812500	52.392948
-31.574329	6.247268	282.896484	54.999222
-31.574329	6.247268	280.978516	54.985851
-31.574329	6.247268	279.060547	66.752304
-31.574329	6.247268	277.142578	73.278831
-31.574329	6.247268	275.224609	52.329296
-31.574329	6.247268	273.304688	75.859032
-31.574329	6.247268	271.384766	70.610199
-31.574329	6.247268	269.464844	83.665817
-31.574329	6.247268	267.544922	94.101166
-31.574329	6.247268	265.623047	120.211143
-31.574329	6.247268	263.703125	189.417145
-31.574329	6.247268	261.781250	276.873596
-31.574329	6.247268	259.857422	323.811127
-31.574329	6.247268	257.935547	267.601379
-31.574329	6.247268	256.011719	234.909927
-31.574329	6.247268	254.087891	266.166534
-31.574329	6.247268	252.164063	644.383789
-31.574329	6.247268	250.240234	1810.095581
-31.574329	6.247268	248.314453	1870.933472
-31.574329	6.247268	246.388672	819.882202
-31.574329	6.247268	244.462891	368.792145
-31.574329	6.247268	242.535156	267.081299
-31.574329	6.247268	240.609375	197.982864
-31.574329	6.247268	238.681641	165.379669
-31.574329	6.247268	236.753906	137.999863
-31.574329	6.247268	234.824219	110.633362
-31.574329	6.247268	232.896484	98.895187
-31.574329	6.247268	230.966797	91.065529
-31.574329	6.247268	229.037109	74.135330
-31.574329	6.247268	227.107422	75.417610
-31.574329	6.247268	225.175781	77.999245
-31.574329	6.247268	223.244141	80.579620
-31.574329	6.247268	221.312500	90.954872
-31.574329	6.247268	219.380859	90.932762
-31.574329	6.247268	217.447266	87.014481
-31.574329	6.247268	215.515625	79.202881
-31.574329	6.247268	213.582031	77.885536
-31.574329	6.247268	211.646484	67.484383
-31.574329	6.247268	209.712891	59.683212
-31.574329	6.247268	207.777344	64.857285
-31.574329	6.247268	205.841797	53.170044
-31.574329	6.247268	203.906250	45.378029
-31.574329	6.247268	201.968750	34.997398
-31.574329	6.247268	200.033203	28.509466
-31.574329	6.247268	198.095703	25.911398
-31.574329	6.247268	196.158203	31.086119
-31.574329	6.247268	194.218750	25.898802
-31.574329	6.247268	192.281250	25.892508
-31.574329	6.247268	190.341797	29.769146
-31.574329	6.247268	188.402344	34.937893
-31.574329	6.247268	186.460938	36.223083
-31.574329	6.247268	184.521484	27.160709
-31.574329	6.247268	182.580078	27.154110
-31.574329	6.247268	180.638672	23.269295
-31.574329	6.247268	178.695313	31.018187
-31.574329	6.247268	176.753906	24.550097
-31.574329	6.247268	174.810547	19.376945
-31.574329	6.247268	172.867188	25.829649
-31.574329	6.247268	170.921875	25.823372
-31.574329	6.247268	168.978516	27.107952
-31.574329	6.247268	167.033203	23.229742
-31.574329	6.247268	165.087891	23.224098
-31.574329	6.247268	163.142578	21.928543
-31.574329	6.247268	161.195313	25.792017
-31.574329	6.247268	159.248047	25.785751
-31.574329	6.247268	157.300781	32.224358
-31.574329	6.247268	155.353516	32.216530
-31.574329	6.247268	153.406250	42.515491
-31.574329	6.247268	151.457031	34.776955
-31.574329	6.247268	149.507813	39.919395
-31.574329	6.247268	147.558594	37.334881
-31.574329	6.247268	145.607422	43.761299
-31.574329	6.247268	143.658203	43.750671
-31.574329	6.247268	141.707031	48.885937
-31.574329	6.247268	139.753906	64.307983
-31.574329	6.247268	137.802734	61.720673
-31.574329	6.247268	135.849609	61.705685
-31.574329	6.247268	133.896484	69.402046
-31.574329	6.247268	131.943359	60.390816
-31.574329	6.247268	129.990234	62.945354
-31.574329	6.247268	128.035156	57.792927
-31.574329	6.247268	126.080078	56.494923
-31.574329	6.247268	124.125000	56.481209
-31.574329	6.247268	122.169922	53.900795
-31.574329	6.247268	120.212891	61.585960
-31.574329	6.247268	118.255859	67.984665
-31.574329	6.247268	116.298828	52.579147
-31.574329	6.247268	114.341797	47.437962
-31.574329	6.247268	112.382813	43.581062
-31.574329	6.247268	110.423828	39.726032
-31.574329	6.247268	108.464844	28.185829
-31.574329	6.247268	106.505859	28.178991
-31.574329	6.247268	104.544922	20.488842
-31.574329	6.247268	102.585938	15.362904
-31.574329	6.247268	100.625000	8.959520
-31.574329	6.247268	98.662109	10.236968
-31.574329	6.247268	96.701172	0.000000
-31.574329	6.247268	94.738281	2.558001
-31.574329	6.247268	92.775391	0.000000
-31.574329	6.247268	90.812500	1.278380
-31.574329	6.247268	88.847656	2.556141
-31.574329	6.247268	86.882813	2.555521
-31.574329	6.247268	84.917969	-3.832353
-31.574329	6.247268	82.953125	1.277141
-31.574329	6.247268	80.988281	3.830495
-31.574329	6.247268	79.021484	0.000000
-31.574329	6.247268	77.054688	1.276213
-31.574329	6.247268	75.087891	0.000000
-31.574329	6.247268	73.119141	0.000000
-31.574329	6.247268	71.152344	0.000000
-31.574329	6.247268	69.183594	2.549954
-31.574329	6.247268	67.212891	2.549336
-31.574329	6.247268	65.244141	0.000000
-31.574329	6.247268	63.273438	2.548101
-31.574329	6.247268	61.302734	0.000000
-31.574329	6.247268	59.332031	1.273434
-28.574329	6.247268	1838.626953	17.678635
-28.574329	6.247268	1837.066406	20.892931
-28.574329	6.247268	1835.503906	28.922520
-28.574329	6.247268	1833.941406	25.703436
-28.574329	6.247268	1832.378906	30.516335
-28.574329	6.247268	1830.816406	20.875154
-28.574329	6.247268	1829.251953	19.265272
-28.574329	6.247268	1827.687500	32.101955
-28.574329	6.247268	1826.125000	20.861830
-28.574329	6.247268	1824.560547	24.066219
-28.574329	6.247268	1822.994141	32.081463
-28.574329	6.247268	1821.429688	27.263439
-28.574329	6.247268	1819.865234	19.240685
-28.574329	6.247268	1818.298828	19.236589
-28.574329	6.247268	1816.732422	17.629787
-28.574329	6.247268	1815.166016	22.433136
-28.574329	6.247268	1813.599609	24.030386
-28.574329	6.247268	1812.033203	25.626957
-28.574329	6.247268	1810.464844	24.020157
-28.574329	6.247268	1808.896484	24.015043
-28.574329	6.247268	1807.330078	22.409269
-28.574329	6.247268	1805.759766	19.203856
-28.574329	6.247268	1804.191406	27.199671
-28.574329	6.247268	1802.623047	19.195681
-28.574329	6.247268	1801.052734	19.191593
-28.574329	6.247268	1799.484375	30.380219
-28.574329	6.247268	1797.914063	19.183422
-28.574329	6.247268	1796.343750	20.777615
-28.574329	6.247268	1794.771484	20.773190
-28.574329	6.247268	1793.201172	20.768766
-28.574329	6.247268	1791.628906	23.958858
-28.574329	6.247268	1790.058594	27.147589
-28.574329	6.247268	1788.486328	25.545231
-28.574329	6.247268	1786.914063	19.154842
-28.574329	6.247268	1785.339844	22.342556
-28.574329	6.247268	1783.767578	22.337797
-28.574329	6.247268	1782.193359	23.928255
-28.574329	6.247268	1780.621094	17.543650
-28.574329	6.247268	1779.046875	19.134449
-28.574329	6.247268	1777.470703	22.318769
-28.574329	6.247268	1775.896484	20.720156
-28.574329	6.247268	1774.322266	27.089815
-28.574329	6.247268	1772.746094	28.677221
-28.574329	6.247268	1771.169922	25.485432
-28.574329	6.247268	1769.593750	17.517500
-28.574329	6.247268	1768.017578	28.658892
-28.574329	6.247268	1766.441406	27.060963
-28.574329	6.247268	1764.863281	25.463713
-28.574329	6.247268	1763.287109	15.911428
-28.574329	6.247268	1761.708984	22.271252
-28.574329	6.247268	1760.130859	23.856970
-28.574329	6.247268	1758.552734	23.851883
-28.574329	6.247268	1756.972656	27.026371
-28.574329	6.247268	1755.394531	17.483923
-28.574329	6.247268	1753.814453	27.014847
-28.574329	6.247268	1752.234375	25.420317
-28.574329	6.247268	1750.654297	25.414896
-28.574329	6.247268	1749.074219	25.409477
-28.574329	6.247268	1747.492188	22.228550
-28.574329	6.247268	1745.912109	28.573469
-28.574329	6.247268	1744.330078	22.219069
-28.574329	6.247268	1742.748047	19.040854
-28.574329	6.247268	1741.166016	25.382389
-28.574329	6.247268	1739.583984	28.549095
-28.574329	6.247268	1738.000000	17.442947
-28.574329	6.247268	1736.417969	26.951530
-28.574329	6.247268	1734.833984	20.605597
-28.574329	6.247268	1733.250000	22.185905
-28.574329	6.247268	1731.666016	14.259324
-28.574329	6.247268	1730.082031	23.760468
-28.574329	6.247268	1728.496094	14.253238
-28.574329	6.247268	1726.912109	23.750326
-28.574329	6.247268	1725.326172	18.996204
-28.574329	6.247268	1723.740234	22.157507
-28.574329	6.247268	1722.154297	22.152777
-28.574329	6.247268	1720.566406	23.730049
-28.574329	6.247268	1718.980469	33.214973
-28.574329	6.247268	1717.392578	18.975931
-28.574329	6.247268	1715.804688	18.971878
-28.574329	6.247268	1714.216797	23.709784
-28.574329	6.247268	1712.628906	17.383461
-28.574329	6.247268	1711.041016	22.119677
-28.574329	6.247268	1709.451172	18.955673
-28.574329	6.247268	1707.861328	22.110226
-28.574329	6.247268	1706.271484	28.421360
-28.574329	6.247268	1704.681641	20.522150
-28.574329	6.247268	1703.091797	29.987503
-28.574329	6.247268	1701.501953	26.825188
-28.574329	6.247268	1699.910156	18.931379
-28.574329	6.247268	1698.318359	18.927332
-28.574329	6.247268	1696.726563	18.923286
-28.574329	6.247268	1695.134766	20.495844
-28.574329	6.247268	1693.542969	17.338928
-28.574329	6.247268	1691.949219	18.911150
-28.574329	6.247268	1690.357422	26.785065
-28.574329	6.247268	1688.763672	26.779337
-28.574329	6.247268	1687.169922	25.198690
-28.574329	6.247268	1685.576172	26.767879
-28.574329	6.247268	1683.982422	18.890932
-28.574329	6.247268	1682.386719	25.182520
-28.574329	6.247268	1680.791016	29.897842
-28.574329	6.247268	1679.195313	20.452040
-28.574329	6.247268	1677.599609	25.166355
-28.574329	6.247268	1676.003906	23.588408
-28.574329	6.247268	1674.408203	22.011133
-28.574329	6.247268	1672.810547	22.006422
-28.574329	6.247268	1671.214844	22.001709
-28.574329	6.247268	1669.617188	17.283356
-28.574329	6.247268	1668.019531	26.704920
-28.574329	6.247268	1666.419922	29.840282
-28.574329	6.247268	1664.822266	21.982866
-28.574329	6.247268	1663.222656	23.548025
-28.574329	6.247268	1661.623047	17.264853
-28.574329	6.247268	1660.023438	20.399546
-28.574329	6.247268	1658.423828	21.964033
-28.574329	6.247268	1656.824219	23.527849
-28.574329	6.247268	1655.222656	21.954618
-28.574329	6.247268	1653.623047	28.221315
-28.574329	6.247268	1652.021484	28.215265
-28.574329	6.247268	1650.419922	23.507681
-28.574329	6.247268	1648.818359	20.368954
-28.574329	6.247268	1647.214844	25.064106
-28.574329	6.247268	1645.613281	18.794048
-28.574329	6.247268	1644.009766	23.487520
-28.574329	6.247268	1642.406250	29.744476
-28.574329	6.247268	1640.802734	25.042606
-28.574329	6.247268	1639.199219	28.166887
-28.574329	6.247268	1637.593750	17.209404
-28.574329	6.247268	1635.990234	26.590643
-28.574329	6.247268	1634.384766	23.457296
-28.574329	6.247268	1632.779297	20.325293
-28.574329	6.247268	1631.173828	23.447226
-28.574329	6.247268	1629.568359	26.567816
-28.574329	6.247268	1627.960938	24.999634
-28.574329	6.247268	1626.353516	20.307840
-28.574329	6.247268	1624.748047	21.865284
-28.574329	6.247268	1623.140625	15.614705
-28.574329	6.247268	1621.531250	24.978159
-28.574329	6.247268	1619.923828	21.851194
-28.574329	6.247268	1618.314453	15.604641
-28.574329	6.247268	1616.707031	18.721544
-28.574329	6.247268	1615.097656	24.956694
-28.574329	6.247268	1613.488281	20.272955
-28.574329	6.247268	1611.878906	23.386841
-28.574329	6.247268	1610.267578	21.823025
-28.574329	6.247268	1608.656250	23.376783
-28.574329	6.247268	1607.046875	20.255522
-28.574329	6.247268	1605.435547	15.577819
-28.574329	6.247268	1603.824219	28.034040
-28.574329	6.247268	1602.210938	20.242451
-28.574329	6.247268	1600.599609	15.567765
-28.574329	6.247268	1598.986328	26.459505
-28.574329	6.247268	1597.373047	32.678234
-28.574329	6.247268	1595.759766	28.003885
-28.574329	6.247268	1594.146484	23.331547
-28.574329	6.247268	1592.533203	27.991827
-28.574329	6.247268	1590.917969	21.766733
-28.574329	6.247268	1589.302734	20.207613
-28.574329	6.247268	1587.687500	34.190132
-28.574329	6.247268	1586.072266	21.752668
-28.574329	6.247268	1584.457031	26.408262
-28.574329	6.247268	1582.839844	24.849480
-28.574329	6.247268	1581.224609	18.633093
-28.574329	6.247268	1579.607422	23.286345
-28.574329	6.247268	1577.990234	18.625059
-28.574329	6.247268	1576.373047	20.172796
-28.574329	6.247268	1574.755859	13.962770
-28.574329	6.247268	1573.136719	21.715179
-28.574329	6.247268	1571.517578	17.058247
-28.574329	6.247268	1569.898438	17.054567
-28.574329	6.247268	1568.279297	27.901451
-28.574329	6.247268	1566.660156	23.246191
-28.574329	6.247268	1565.041016	20.142351
-28.574329	6.247268	1563.419922	21.687078
-28.574329	6.247268	1561.798828	17.036169
-28.574329	6.247268	1560.177734	18.580898
-28.574329	6.247268	1558.556641	21.673035
-28.574329	6.247268	1556.935547	20.120613
-28.574329	6.247268	1555.312500	24.758482
-28.574329	6.247268	1553.691406	23.206062
-28.574329	6.247268	1552.068359	24.747784
-28.574329	6.247268	1550.445313	30.928043
-28.574329	6.247268	1548.822266	20.098883
-28.574329	6.247268	1547.197266	26.277473
-28.574329	6.247268	1545.574219	24.726393
-28.574329	6.247268	1543.949219	16.995718
-28.574329	6.247268	1542.324219	20.081505
-28.574329	6.247268	1540.699219	24.710352
-28.574329	6.247268	1539.072266	21.616880
-28.574329	6.247268	1537.447266	27.787119
-28.574329	6.247268	1535.820313	24.694315
-28.574329	6.247268	1534.193359	27.775093
-28.574329	6.247268	1532.566406	18.512720
-28.574329	6.247268	1530.939453	23.135889
-28.574329	6.247268	1529.312500	23.130880
-28.574329	6.247268	1527.683594	20.042421
-28.574329	6.247268	1526.056641	24.662252
-28.574329	6.247268	1524.427734	18.492682
-28.574329	6.247268	1522.798828	12.325784
-28.574329	6.247268	1521.167969	13.863502
-28.574329	6.247268	1519.539063	21.560772
-28.574329	6.247268	1517.908203	21.556099
-28.574329	6.247268	1516.277344	21.551424
-28.574329	6.247268	1514.646484	24.624859
-28.574329	6.247268	1513.015625	24.619518
-28.574329	6.247268	1511.384766	26.152565
-28.574329	6.247268	1509.751953	26.146891
-28.574329	6.247268	1508.121094	29.216654
-28.574329	6.247268	1506.488281	30.747700
-28.574329	6.247268	1504.855469	23.055769
-28.574329	6.247268	1503.220703	18.440611
-28.574329	6.247268	1501.587891	23.045759
-28.574329	6.247268	1499.953125	19.968655
-28.574329	6.247268	1498.318359	23.035749
-28.574329	6.247268	1496.683594	23.030746
-28.574329	6.247268	1495.048828	24.560793
-28.574329	6.247268	1493.414063	21.486023
-28.574329	6.247268	1491.777344	18.412588
-28.574329	6.247268	1490.140625	27.612881
-28.574329	6.247268	1488.505859	26.073162
-28.574329	6.247268	1486.867188	18.400583
-28.574329	6.247268	1485.230469	18.396582
-28.574329	6.247268	1483.593750	12.261720
-28.574329	6.247268	1481.955078	13.791433
-28.574329	6.247268	1480.316406	27.576866
-28.574329	6.247268	1478.677734	24.507435
-28.574329	6.247268	1477.039063	24.502100
-28.574329	6.247268	1475.400391	10.717336
-28.574329	6.247268	1473.759766	21.430004
-28.574329	6.247268	1472.119141	26.016481
-28.574329	6.247268	1470.478516	22.950718
-28.574329	6.247268	1468.837891	18.356575
-28.574329	6.247268	1467.197266	21.411339
-28.574329	6.247268	1465.556641	27.522865
-28.574329	6.247268	1463.914063	21.402006
-28.574329	6.247268	1462.271484	18.340578
-28.574329	6.247268	1460.628906	18.336580
-28.574329	6.247268	1458.986328	24.443441
-28.574329	6.247268	1457.343750	22.910728
-28.574329	6.247268	1455.699219	29.013926
-28.574329	6.247268	1454.054688	19.847301
-28.574329	6.247268	1452.410156	30.527647
-28.574329	6.247268	1450.765625	27.468885
-28.574329	6.247268	1449.121094	30.514320
-28.574329	6.247268	1447.474609	19.829979
-28.574329	6.247268	1445.830078	13.725449
-28.574329	6.247268	1444.183594	22.870752
-28.574329	6.247268	1442.537109	16.768221
-28.574329	6.247268	1440.890625	18.288607
-28.574329	6.247268	1439.242188	21.332047
-28.574329	6.247268	1437.595703	21.327383
-28.574329	6.247268	1435.947266	22.845774
-28.574329	6.247268	1434.298828	18.272623
-28.574329	6.247268	1432.650391	22.835783
-28.574329	6.247268	1431.000000	27.396946
-28.574329	6.247268	1429.351563	28.912672
-28.574329	6.247268	1427.701172	27.384958
-28.574329	6.247268	1426.050781	21.294752
-28.574329	6.247268	1424.400391	18.248650
-28.574329	6.247268	1422.750000	16.724266
-28.574329	6.247268	1421.097656	16.720604
-28.574329	6.247268	1419.447266	24.315552
-28.574329	6.247268	1417.794922	27.349005
-28.574329	6.247268	1416.142578	19.747732
-28.574329	6.247268	1414.490234	15.187234
-28.574329	6.247268	1412.835938	24.294249
-28.574329	6.247268	1411.183594	16.698635
-28.574329	6.247268	1409.529297	18.212700
-28.574329	6.247268	1407.875000	19.726097
-28.574329	6.247268	1406.220703	13.653534
-28.574329	6.247268	1404.566406	18.200718
-28.574329	6.247268	1402.910156	19.713120
-28.574329	6.247268	1401.255859	24.256975
-28.574329	6.247268	1399.599609	30.314564
-28.574329	6.247268	1397.943359	25.761723
-28.574329	6.247268	1396.287109	16.665689
-28.574329	6.247268	1394.628906	19.691490
-28.574329	6.247268	1392.970703	19.687164
-28.574329	6.247268	1391.314453	16.654711
-28.574329	6.247268	1389.656250	22.705978
-28.574329	6.247268	1387.998047	18.160791
-28.574329	6.247268	1386.337891	15.130666
-28.574329	6.247268	1384.679688	24.203743
-28.574329	6.247268	1383.019531	24.198420
-28.574329	6.247268	1381.359375	15.120686
-28.574329	6.247268	1379.699219	21.164303
-28.574329	6.247268	1378.039063	18.136841
-28.574329	6.247268	1376.376953	16.621778
-28.574329	6.247268	1374.716797	21.150333
-28.574329	6.247268	1373.054688	22.656082
-28.574329	6.247268	1371.392578	28.691385
-28.574329	6.247268	1369.728516	15.097404
-28.574329	6.247268	1368.066406	22.641117
-28.574329	6.247268	1366.402344	24.145205
-28.574329	6.247268	1364.740234	22.631140
-28.574329	6.247268	1363.076172	22.626152
-28.574329	6.247268	1361.412109	24.129242
-28.574329	6.247268	1359.746094	22.616177
-28.574329	6.247268	1358.082031	18.088951
-28.574329	6.247268	1356.416016	15.070801
-28.574329	6.247268	1354.750000	22.601213
-28.574329	6.247268	1353.083984	21.089811
-28.574329	6.247268	1351.417969	18.072990
-28.574329	6.247268	1349.750000	16.563251
-28.574329	6.247268	1348.083984	19.570429
-28.574329	6.247268	1346.416016	24.081364
-28.574329	6.247268	1344.748047	18.057034
-28.574329	6.247268	1343.078125	22.566305
-28.574329	6.247268	1341.410156	21.057230
-28.574329	6.247268	1339.740234	19.548820
-28.574329	6.247268	1338.072266	19.544500
-28.574329	6.247268	1336.402344	22.546360
-28.574329	6.247268	1334.730469	16.530340
-28.574329	6.247268	1333.060547	25.541239
-28.574329	6.247268	1331.388672	21.029308
-28.574329	6.247268	1329.718750	24.028177
-28.574329	6.247268	1328.046875	21.020002
-28.574329	6.247268	1326.375000	16.512060
-28.574329	6.247268	1324.701172	21.010696
-28.574329	6.247268	1323.029297	24.006907
-28.574329	6.247268	1321.355469	19.501291
-28.574329	6.247268	1319.681641	19.496971
-28.574329	6.247268	1318.007813	22.491520
-28.574329	6.247268	1316.333984	29.982046
-28.574329	6.247268	1314.660156	20.982780
-28.574329	6.247268	1312.984375	14.984377
-28.574329	6.247268	1311.308594	19.475370
-28.574329	6.247268	1309.632813	19.471050
-28.574329	6.247268	1307.957031	22.461611
-28.574329	6.247268	1306.279297	19.462410
-28.574329	6.247268	1304.603516	20.954866
-28.574329	6.247268	1302.925781	26.935991
-28.574329	6.247268	1301.248047	19.449451
-28.574329	6.247268	1299.570313	22.436691
-28.574329	6.247268	1297.892578	23.927155
-28.574329	6.247268	1296.212891	19.436495
-28.574329	6.247268	1294.533203	22.421740
-28.574329	6.247268	1292.853516	17.933405
-28.574329	6.247268	1291.173828	19.423536
-28.574329	6.247268	1289.494141	25.394361
-28.574329	6.247268	1287.812500	28.375622
-28.574329	6.247268	1286.132813	11.944972
-28.574329	6.247268	1284.451172	19.406261
-28.574329	6.247268	1282.769531	14.924572
-28.574329	6.247268	1281.085938	25.366125
-28.574329	6.247268	1279.404297	23.868685
-28.574329	6.247268	1277.720703	11.931684
-28.574329	6.247268	1276.039063	25.349182
-28.574329	6.247268	1274.355469	22.361944
-28.574329	6.247268	1272.669922	22.356960
-28.574329	6.247268	1270.986328	13.411187
-28.574329	6.247268	1269.300781	25.326595
-28.574329	6.247268	1267.615234	19.363079
-28.574329	6.247268	1265.929688	16.380489
-28.574329	6.247268	1264.244141	22.332050
-28.574329	6.247268	1262.558594	22.327068
-28.574329	6.247268	1260.871094	23.810225
-28.574329	6.247268	1259.185547	23.804911
-28.574329	6.247268	1257.498047	22.312122
-28.574329	6.247268	1255.808594	25.281425
-28.574329	6.247268	1254.121094	17.841726
-28.574329	6.247268	1252.433594	16.351263
-28.574329	6.247268	1250.744141	16.347610
-28.574329	6.247268	1249.054688	22.287214
-28.574329	6.247268	1247.365234	19.311268
-28.574329	6.247268	1245.673828	25.247551
-28.574329	6.247268	1243.984375	20.787453
-28.574329	6.247268	1242.292969	25.236261
-28.574329	6.247268	1240.601563	17.809847
-28.574329	6.247268	1238.910156	20.773504
-28.574329	6.247268	1237.218750	22.252346
-28.574329	6.247268	1235.525391	19.281050
-28.574329	6.247268	1233.833984	31.139338
-28.574329	6.247268	1232.140625	22.237404
-28.574329	6.247268	1230.447266	17.785938
-28.574329	6.247268	1228.753906	17.781954
-28.574329	6.247268	1227.058594	20.740965
-28.574329	6.247268	1225.365234	19.255150
-28.574329	6.247268	1223.669922	16.289167
-28.574329	6.247268	1221.974609	20.727018
-28.574329	6.247268	1220.277344	14.801693
-28.574329	6.247268	1218.582031	20.717722
-28.574329	6.247268	1216.884766	20.713074
-28.574329	6.247268	1215.189453	11.833386
-28.574329	6.247268	1213.492188	22.182619
-28.574329	6.247268	1211.792969	17.742111
-28.574329	6.247268	1210.095703	25.129015
-28.574329	6.247268	1208.396484	19.211988
-28.574329	6.247268	1206.699219	17.730160
-28.574329	6.247268	1205.000000	17.726177
-28.574329	6.247268	1203.298828	17.722193
-28.574329	6.247268	1201.599609	23.624279
-28.574329	6.247268	1199.900391	25.095152
-28.574329	6.247268	1198.199219	14.758534
-28.574329	6.247268	1196.498047	14.755215
-28.574329	6.247268	1194.796875	19.177464
-28.574329	6.247268	1193.093750	23.597721
-28.574329	6.247268	1191.392578	20.643360
-28.574329	6.247268	1189.689453	25.061293
-28.574329	6.247268	1187.986328	17.686340
-28.574329	6.247268	1186.283203	16.208828
-28.574329	6.247268	1184.580078	17.678375
-28.574329	6.247268	1182.875000	16.201527
-28.574329	6.247268	1181.169922	19.142942
-28.574329	6.247268	1179.464844	17.666426
-28.574329	6.247268	1177.759766	17.662443
-28.574329	6.247268	1176.054688	20.601536
-28.574329	6.247268	1174.347656	25.010509
-28.574329	6.247268	1172.642578	13.237870
-28.574329	6.247268	1170.935547	22.058138
-28.574329	6.247268	1169.228516	17.642529
-28.574329	6.247268	1167.519531	24.987940
-28.574329	6.247268	1165.812500	22.043203
-28.574329	6.247268	1164.103516	11.753720
-28.574329	6.247268	1162.394531	17.626598
-28.574329	6.247268	1160.685547	17.622616
-28.574329	6.247268	1158.976563	17.618633
-28.574329	6.247268	1157.265625	19.082539
-28.574329	6.247268	1155.556641	24.948446
-28.574329	6.247268	1153.845703	17.606686
-28.574329	6.247268	1152.134766	14.668920
-28.574329	6.247268	1150.423828	13.199040
-28.574329	6.247268	1148.710938	17.594738
-28.574329	6.247268	1146.998047	13.193068
-28.574329	6.247268	1145.287109	21.983469
-28.574329	6.247268	1143.572266	19.048025
-28.574329	6.247268	1141.859375	20.508612
-28.574329	6.247268	1140.146484	20.503967
-28.574329	6.247268	1138.431641	19.035084
-28.574329	6.247268	1136.716797	16.102959
-28.574329	6.247268	1135.001953	13.172162
-28.574329	6.247268	1133.287109	16.095659
-28.574329	6.247268	1131.570313	21.943649
-28.574329	6.247268	1129.855469	24.863829
-28.574329	6.247268	1128.138672	13.160217
-28.574329	6.247268	1126.421875	17.542974
-28.574329	6.247268	1124.703125	19.000576
-28.574329	6.247268	1122.986328	20.457514
-28.574329	6.247268	1121.267578	16.070110
-28.574329	6.247268	1119.548828	27.751162
-28.574329	6.247268	1117.830078	18.983324
-28.574329	6.247268	1116.111328	17.519087
-28.574329	6.247268	1114.392578	26.272657
-28.574329	6.247268	1112.671875	18.970385
-28.574329	6.247268	1110.951172	26.260714
-28.574329	6.247268	1109.230469	18.961758
-28.574329	6.247268	1107.509766	21.873976
-28.574329	6.247268	1105.787109	16.037266
-28.574329	6.247268	1104.066406	16.033617
-28.574329	6.247268	1102.343750	23.316317
-28.574329	6.247268	1100.621094	21.854071
-28.574329	6.247268	1098.896484	16.022671
-28.574329	6.247268	1097.173828	20.387844
-28.574329	6.247268	1095.449219	23.295086
-28.574329	6.247268	1093.724609	21.834167
-28.574329	6.247268	1092.000000	11.642236
-28.574329	6.247268	1090.275391	10.184634
-28.574329	6.247268	1088.550781	27.637705
-28.574329	6.247268	1086.824219	26.177118
-28.574329	6.247268	1085.097656	21.809290
-28.574329	6.247268	1083.371094	15.989831
-28.574329	6.247268	1081.644531	27.612497
-28.574329	6.247268	1079.916016	27.606195
-28.574329	6.247268	1078.189453	26.147268
-28.574329	6.247268	1076.460938	21.784414
-28.574329	6.247268	1074.732422	18.875515
-28.574329	6.247268	1073.001953	20.322834
-28.574329	6.247268	1071.273438	26.123388
-28.574329	6.247268	1069.542969	18.862579
-28.574329	6.247268	1067.812500	17.407633
-28.574329	6.247268	1066.082031	17.403652
-28.574329	6.247268	1064.351563	23.199564
-28.574329	6.247268	1062.619141	23.194258
-28.574329	6.247268	1060.888672	18.841024
-28.574329	6.247268	1059.156250	17.387735
-28.574329	6.247268	1057.421875	23.178341
-28.574329	6.247268	1055.689453	17.379776
-28.574329	6.247268	1053.957031	20.271763
-28.574329	6.247268	1052.222656	18.819469
-28.574329	6.247268	1050.488281	21.709799
-28.574329	6.247268	1048.753906	21.704824
-28.574329	6.247268	1047.019531	24.593164
-28.574329	6.247268	1045.283203	21.694878
-28.574329	6.247268	1043.546875	18.797916
-28.574329	6.247268	1041.810547	13.010958
-28.574329	6.247268	1040.074219	18.789295
-28.574329	6.247268	1038.337891	18.784985
-28.574329	6.247268	1036.599609	21.670010
-28.574329	6.247268	1034.861328	25.998043
-28.574329	6.247268	1033.123047	21.660063
-28.574329	6.247268	1031.384766	37.535492
-28.574329	6.247268	1029.646484	24.536800
-28.574329	6.247268	1027.906250	21.645145
-28.574329	6.247268	1026.167969	28.853563
-28.574329	6.247268	1024.427734	21.635199
-28.574329	6.247268	1022.685547	23.072243
-28.574329	6.247268	1020.945313	17.300203
-28.574329	6.247268	1019.203125	24.502987
-28.574329	6.247268	1017.462891	21.615311
-28.574329	6.247268	1015.720703	30.254473
-28.574329	6.247268	1013.976563	24.486082
-28.574329	6.247268	1012.234375	20.160368
-28.574329	6.247268	1010.490234	31.673286
-28.574329	6.247268	1008.746094	27.347904
-28.574329	6.247268	1007.001953	34.536766
-28.574329	6.247268	1005.257813	33.090111
-28.574329	6.247268	1003.513672	27.329012
-28.574329	6.247268	1001.767578	24.446640
-28.574329	6.247268	1000.021484	25.878712
-28.574329	6.247268	998.275391	30.184870
-28.574329	6.247268	996.529297	27.303825
-28.574329	6.247268	994.781250	30.170952
-28.574329	6.247268	993.035156	30.163992
-28.574329	6.247268	991.287109	33.029133
-28.574329	6.247268	989.539063	34.457230
-28.574329	6.247268	987.789063	35.884663
-28.574329	6.247268	986.041016	43.051655
-28.574329	6.247268	984.291016	35.868095
-28.574329	6.247268	982.541016	41.597382
-28.574329	6.247268	980.791016	44.455894
-28.574329	6.247268	979.041016	45.879353
-28.574329	6.247268	977.289063	38.701759
-28.574329	6.247268	975.537109	28.661343
-28.574329	6.247268	973.785156	41.549339
-28.574329	6.247268	972.033203	38.674923
-28.574329	6.247268	970.281250	37.233906
-28.574329	6.247268	968.527344	27.203096
-28.574329	6.247268	966.773438	38.648090
-28.574329	6.247268	965.019531	35.776985
-28.574329	6.247268	963.265625	38.630199
-28.574329	6.247268	961.511719	40.051674
-28.574329	6.247268	959.755859	41.472485
-28.574329	6.247268	958.000000	47.181896
-28.574329	6.247268	956.244141	40.023849
-28.574329	6.247268	954.488281	38.585484
-28.574329	6.247268	952.730469	31.432737
-28.574329	6.247268	950.974609	32.853882
-28.574329	6.247268	949.216797	35.702461
-28.574329	6.247268	947.458984	39.977482
-28.574329	6.247268	945.701172	41.395645
-28.574329	6.247268	943.941406	41.386044
-28.574329	6.247268	942.181641	39.949665
-28.574329	6.247268	940.421875	37.087509
-28.574329	6.247268	938.662109	37.078899
-28.574329	6.247268	936.902344	29.941387
-28.574329	6.247268	935.140625	22.807188
-28.574329	6.247268	933.380859	31.352600
-28.574329	6.247268	931.619141	28.495741
-28.574329	6.247268	929.855469	29.913576
-28.574329	6.247268	928.093750	27.058372
-28.574329	6.247268	926.330078	18.509319
-28.574329	6.247268	924.568359	21.351942
-28.574329	6.247268	922.804688	21.346975
-28.574329	6.247268	921.039063	22.764811
-28.574329	6.247268	919.275391	31.294333
-28.574329	6.247268	917.509766	31.287050
-28.574329	6.247268	915.744141	22.748922
-28.574329	6.247268	913.978516	24.165104
-28.574329	6.247268	912.212891	29.844059
-28.574329	6.247268	910.447266	18.470591
-28.574329	6.247268	908.679688	17.045805
-28.574329	6.247268	906.912109	18.461987
-28.574329	6.247268	905.144531	15.618041
-28.574329	6.247268	903.375000	24.131346
-28.574329	6.247268	901.607422	24.125721
-28.574329	6.247268	899.837891	31.214241
-28.574329	6.247268	898.068359	24.114470
-28.574329	6.247268	896.298828	25.527012
-28.574329	6.247268	894.529297	25.521057
-28.574329	6.247268	892.757813	22.680090
-28.574329	6.247268	890.986328	28.343496
-28.574329	6.247268	889.214844	32.587410
-28.574329	6.247268	887.443359	24.080723
-28.574329	6.247268	885.669922	25.491282
-28.574329	6.247268	883.898438	31.148733
-28.574329	6.247268	882.125000	28.310415
-28.574329	6.247268	880.351563	26.888609
-28.574329	6.247268	878.578125	26.882326
-28.574329	6.247268	876.802734	24.046984
-28.574329	6.247268	875.027344	18.384571
-28.574329	6.247268	873.251953	29.691208
-28.574329	6.247268	871.476563	22.616581
-28.574329	6.247268	869.701172	22.611290
-28.574329	6.247268	867.923828	19.780249
-28.574329	6.247268	866.146484	21.188164
-28.574329	6.247268	864.369141	22.595417
-28.574329	6.247268	862.591797	26.825777
-28.574329	6.247268	860.814453	33.877258
-28.574329	6.247268	859.035156	23.990770
-28.574329	6.247268	857.255859	16.930695
-28.574329	6.247268	855.476563	26.800650
-28.574329	6.247268	853.697266	21.153450
-28.574329	6.247268	851.916016	25.378189
-28.574329	6.247268	850.136719	21.143534
-28.574329	6.247268	848.355469	23.957052
-28.574329	6.247268	846.574219	21.133617
-28.574329	6.247268	844.791016	16.902927
-28.574329	6.247268	843.009766	33.797924
-28.574329	6.247268	841.226563	25.342495
-28.574329	6.247268	839.443359	28.151718
-28.574329	6.247268	837.660156	25.330599
-28.574329	6.247268	835.875000	23.917727
-28.574329	6.247268	834.091797	21.098919
-28.574329	6.247268	832.306641	19.687700
-28.574329	6.247268	830.521484	23.900875
-28.574329	6.247268	828.734375	23.895260
-28.574329	6.247268	826.949219	23.889645
-28.574329	6.247268	825.162109	29.503799
-28.574329	6.247268	823.375000	16.855350
-28.574329	6.247268	821.587891	19.659950
-28.574329	6.247268	819.800781	26.675087
-28.574329	6.247268	818.011719	23.861568
-28.574329	6.247268	816.222656	22.452663
-28.574329	6.247268	814.433594	28.059223
-28.574329	6.247268	812.644531	28.052620
-28.574329	6.247268	810.855469	22.436811
-28.574329	6.247268	809.064453	22.431530
-28.574329	6.247268	807.273438	22.426247
-28.574329	6.247268	805.482422	16.815723
-28.574329	6.247268	803.691406	21.014702
-28.574329	6.247268	801.898438	19.609100
-28.574329	6.247268	800.107422	26.606079
-28.574329	6.247268	798.314453	22.399837
-28.574329	6.247268	796.521484	20.994896
-28.574329	6.247268	794.726563	22.389277
-28.574329	6.247268	792.933594	15.388997
-28.574329	6.247268	791.138672	25.176054
-28.574329	6.247268	789.343750	20.975096
-28.574329	6.247268	787.546875	20.970146
-28.574329	6.247268	785.751953	25.158236
-28.574329	6.247268	783.955078	33.536396
-28.574329	6.247268	782.158203	26.543379
-28.574329	6.247268	780.361328	26.537111
-28.574329	6.247268	778.564453	22.341763
-28.574329	6.247268	776.765625	13.960303
-28.574329	6.247268	774.968750	29.309710
-28.574329	6.247268	773.169922	23.721302
-28.574329	6.247268	771.369141	25.110735
-28.574329	6.247268	769.570313	20.920666
-28.574329	6.247268	767.769531	32.070770
-28.574329	6.247268	765.970703	26.486980
-28.574329	6.247268	764.167969	30.661880
-28.574329	6.247268	762.367188	23.687668
-28.574329	6.247268	760.566406	18.109812
-28.574329	6.247268	758.763672	20.890993
-28.574329	6.247268	756.960938	22.278452
-28.574329	6.247268	755.158203	30.625620
-28.574329	6.247268	753.353516	25.051392
-28.574329	6.247268	751.550781	26.436874
-28.574329	6.247268	749.746094	20.866274
-28.574329	6.247268	747.941406	30.596619
-28.574329	6.247268	746.136719	29.198942
-28.574329	6.247268	744.330078	36.142506
-28.574329	6.247268	742.523438	27.795338
-28.574329	6.247268	740.718750	38.904251
-28.574329	6.247268	738.910156	23.614838
-28.574329	6.247268	737.103516	24.998016
-28.574329	6.247268	735.294922	22.215189
-28.574329	6.247268	733.488281	29.150518
-28.574329	6.247268	731.679688	26.368021
-28.574329	6.247268	729.869141	33.299072
-28.574329	6.247268	728.060547	30.516905
-28.574329	6.247268	726.250000	22.188845
-28.574329	6.247268	724.439453	22.183577
-28.574329	6.247268	722.628906	23.564453
-28.574329	6.247268	720.818359	23.558857
-28.574329	6.247268	719.005859	23.553261
-28.574329	6.247268	717.195313	20.777353
-28.574329	6.247268	715.382813	26.311726
-28.574329	6.247268	713.568359	23.536476
-28.574329	6.247268	711.755859	26.299221
-28.574329	6.247268	709.941406	22.141449
-28.574329	6.247268	708.126953	23.519695
-28.574329	6.247268	706.312500	23.514103
-28.574329	6.247268	704.498047	22.125656
-28.574329	6.247268	702.681641	20.737869
-28.574329	6.247268	700.867188	23.497326
-28.574329	6.247268	699.050781	23.491735
-28.574329	6.247268	697.232422	23.486145
-28.574329	6.247268	695.416016	20.718136
-28.574329	6.247268	693.597656	16.570562
-28.574329	6.247268	691.779297	27.611029
-28.574329	6.247268	689.960938	16.562672
-28.574329	6.247268	688.142578	23.458199
-28.574329	6.247268	686.324219	27.591305
-28.574329	6.247268	684.503906	20.688549
-28.574329	6.247268	682.683594	24.820343
-28.574329	6.247268	680.863281	22.057268
-28.574329	6.247268	679.041016	26.186764
-28.574329	6.247268	677.218750	28.936365
-28.574329	6.247268	675.398438	20.663904
-28.574329	6.247268	673.576172	23.413506
-28.574329	6.247268	671.751953	26.161795
-28.574329	6.247268	669.929688	23.402338
-28.574329	6.247268	668.105469	30.278152
-28.574329	6.247268	666.281250	28.894978
-28.574329	6.247268	664.457031	26.136835
-28.574329	6.247268	662.630859	28.881186
-28.574329	6.247268	660.806641	37.124088
-28.574329	6.247268	658.980469	28.867397
-28.574329	6.247268	657.154297	30.234814
-28.574329	6.247268	655.326172	28.853611
-28.574329	6.247268	653.500000	27.473066
-28.574329	6.247268	651.671875	30.213152
-28.574329	6.247268	649.843750	32.951927
-28.574329	6.247268	648.015625	27.453377
-28.574329	6.247268	646.185547	34.308521
-28.574329	6.247268	644.357422	26.068241
-28.574329	6.247268	642.527344	34.292118
-28.574329	6.247268	640.697266	32.912563
-28.574329	6.247268	638.865234	35.646748
-28.574329	6.247268	637.035156	32.896820
-28.574329	6.247268	635.203125	38.370441
-28.574329	6.247268	633.371094	31.511038
-28.574329	6.247268	631.539063	30.133780
-28.574329	6.247268	629.705078	34.234737
-28.574329	6.247268	627.873047	35.595604
-28.574329	6.247268	626.039063	36.955818
-28.574329	6.247268	624.203125	30.104939
-28.574329	6.247268	622.369141	32.833885
-28.574329	6.247268	620.535156	30.090521
-28.574329	6.247268	618.699219	34.185585
-28.574329	6.247268	616.863281	38.278683
-28.574329	6.247268	615.025391	30.068901
-28.574329	6.247268	613.189453	28.695255
-28.574329	6.247268	611.351563	27.322266
-28.574329	6.247268	609.513672	31.413074
-28.574329	6.247268	607.675781	32.771004
-28.574329	6.247268	605.837891	25.937490
-28.574329	6.247268	603.998047	38.214504
-28.574329	6.247268	602.158203	32.747433
-28.574329	6.247268	600.318359	39.560326
-28.574329	6.247268	598.478516	34.095547
-28.574329	6.247268	596.636719	27.269896
-28.574329	6.247268	594.796875	23.173849
-28.574329	6.247268	592.955078	27.256809
-28.574329	6.247268	591.111328	31.337807
-28.574329	6.247268	589.269531	23.157167
-28.574329	6.247268	587.425781	31.322763
-28.574329	6.247268	585.583984	27.230646
-28.574329	6.247268	583.738281	21.779285
-28.574329	6.247268	581.894531	20.413177
-28.574329	6.247268	580.050781	32.653236
-28.574329	6.247268	578.205078	25.844271
-28.574329	6.247268	576.359375	17.678673
-28.574329	6.247268	574.513672	19.033997
-28.574329	6.247268	572.666016	35.340355
-28.574329	6.247268	570.818359	21.742685
-28.574329	6.247268	568.970703	25.813232
-28.574329	6.247268	567.123047	27.165291
-28.574329	6.247268	565.275391	25.800821
-28.574329	6.247268	563.425781	29.867453
-28.574329	6.247268	561.576172	19.001989
-28.574329	6.247268	559.726563	29.853086
-28.574329	6.247268	557.876953	28.489273
-28.574329	6.247268	556.027344	27.126114
-28.574329	6.247268	554.175781	36.611443
-28.574329	6.247268	552.324219	21.690449
-28.574329	6.247268	550.472656	24.395884
-28.574329	6.247268	548.619141	25.745012
-28.574329	6.247268	546.767578	27.093489
-28.574329	6.247268	544.914063	31.150011
-28.574329	6.247268	543.060547	41.974689
-28.574329	6.247268	541.205078	40.610886
-28.574329	6.247268	539.351563	35.187622
-28.574329	6.247268	537.496094	39.238281
-28.574329	6.247268	535.640625	45.992420
-28.574329	6.247268	533.785156	40.571770
-28.574329	6.247268	531.927734	44.618195
-28.574329	6.247268	530.070313	55.421368
-28.574329	6.247268	528.212891	82.436310
-28.574329	6.247268	526.355469	118.895851
-28.574329	6.247268	524.498047	193.159180
-28.574329	6.247268	522.638672	357.866028
-28.574329	6.247268	520.779297	550.845825
-28.574329	6.247268	518.919922	479.174286
-28.574329	6.247268	517.060547	232.107330
-28.574329	6.247268	515.199219	136.262711
-28.574329	6.247268	513.339844	106.556015
-28.574329	6.247268	511.478516	76.863647
-28.574329	6.247268	509.615234	75.496941
-28.574329	6.247268	507.753906	56.609043
-28.574329	6.247268	505.890625	55.247875
-28.574329	6.247268	504.027344	60.623276
-28.574329	6.247268	502.164063	52.527493
-28.574329	6.247268	500.300781	51.168282
-28.574329	6.247268	498.435547	61.925598
-28.574329	6.247268	496.570313	64.602409
-28.574329	6.247268	494.705078	49.785671
-28.574329	6.247268	492.839844	63.225986
-28.574329	6.247268	490.972656	51.106537
-28.574329	6.247268	489.107422	49.749607
-28.574329	6.247268	487.240234	61.835926
-28.574329	6.247268	485.371094	45.693771
-28.574329	6.247268	483.503906	37.621075
-28.574329	6.247268	481.634766	52.388123
-28.574329	6.247268	479.765625	34.916973
-28.574329	6.247268	477.896484	45.649624
-28.574329	6.247268	476.027344	33.557789
-28.574329	6.247268	474.156250	29.523716
-28.574329	6.247268	472.285156	36.224892
-28.574329	6.247268	470.414063	40.240150
-28.574329	6.247268	468.542969	36.207378
-28.574329	6.247268	466.669922	34.857933
-28.574329	6.247268	464.796875	37.530235
-28.574329	6.247268	462.923828	37.521160
-28.574329	6.247268	461.050781	28.134064
-28.574329	6.247268	459.177734	33.484829
-28.574329	6.247268	457.302734	38.833008
-28.574329	6.247268	455.427734	29.452396
-28.574329	6.247268	453.552734	36.137379
-28.574329	6.247268	451.675781	24.085754
-28.574329	6.247268	449.800781	32.106567
-28.574329	6.247268	447.923828	37.448597
-28.574329	6.247268	446.046875	34.765282
-28.574329	6.247268	444.169922	37.430473
-28.574329	6.247268	442.291016	36.084934
-28.574329	6.247268	440.412109	33.403885
-28.574329	6.247268	438.533203	24.044975
-28.574329	6.247268	436.654297	29.381187
-28.574329	6.247268	434.773438	32.044445
-28.574329	6.247268	432.894531	29.366961
-28.574329	6.247268	431.013672	38.701618
-28.574329	6.247268	429.130859	21.347445
-28.574329	6.247268	427.250000	29.345627
-28.574329	6.247268	425.367188	29.338518
-28.574329	6.247268	423.484375	25.331673
-28.574329	6.247268	421.601563	22.659689
-28.574329	6.247268	419.718750	22.654200
-28.574329	6.247268	417.833984	29.310095
-28.574329	6.247268	415.949219	33.298855
-28.574329	6.247268	414.064453	34.622417
-28.574329	6.247268	412.179688	25.294865
-28.574329	6.247268	410.294922	30.612679
-28.574329	6.247268	408.408203	25.282604
-28.574329	6.247268	406.521484	27.937157
-28.574329	6.247268	404.634766	43.890602
-28.574329	6.247268	402.746094	43.879963
-28.574329	6.247268	400.857422	61.151176
-28.574329	6.247268	398.968750	79.743065
-28.574329	6.247268	397.080078	81.052460
-28.574329	6.247268	395.191406	74.390770
-28.574329	6.247268	393.300781	78.356979
-28.574329	6.247268	391.410156	70.371399
-28.574329	6.247268	389.519531	62.389690
-28.574329	6.247268	387.628906	53.084728
-28.574329	6.247268	385.736328	46.437870
-28.574329	6.247268	383.843750	46.426605
-28.574329	6.247268	381.951172	53.046104
-28.574329	6.247268	380.058594	62.314049
-28.574329	6.247268	378.164063	70.251984
-28.574329	6.247268	376.271484	88.787560
-28.574329	6.247268	374.376953	79.491959
-28.574329	6.247268	372.480469	63.578133
-28.574329	6.247268	370.585938	59.590031
-28.574329	6.247268	368.689453	55.603863
-28.574329	6.247268	366.792969	46.325306
-28.574329	6.247268	364.896484	44.990803
-28.574329	6.247268	363.000000	58.209259
-28.574329	6.247268	361.101563	51.582047
-28.574329	6.247268	359.203125	52.891819
-28.574329	6.247268	357.304688	54.200951
-28.574329	6.247268	355.406250	48.901176
-28.574329	6.247268	353.505859	46.246639
-28.574329	6.247268	351.605469	47.556423
-28.574329	6.247268	349.705078	44.903492
-28.574329	6.247268	347.804688	50.174068
-28.574329	6.247268	345.902344	56.762131
-28.574329	6.247268	344.001953	52.789158
-28.574329	6.247268	342.099609	47.498703
-28.574329	6.247268	340.195313	36.934464
-28.574329	6.247268	338.292969	50.113171
-28.574329	6.247268	336.388672	47.464100
-28.574329	6.247268	334.484375	38.225681
-28.574329	6.247268	332.580078	36.898590
-28.574329	6.247268	330.675781	38.207115
-28.574329	6.247268	328.769531	39.514999
-28.574329	6.247268	326.863281	36.871704
-28.574329	6.247268	324.957031	31.596640
-28.574329	6.247268	323.048828	40.802410
-28.574329	6.247268	321.142578	42.108383
-28.574329	6.247268	319.234375	36.835884
-28.574329	6.247268	317.326172	32.881191
-28.574329	6.247268	315.417969	35.503056
-28.574329	6.247268	313.507813	30.235994
-28.574329	6.247268	311.597656	23.657202
-28.574329	6.247268	309.687500	23.651453
-28.574329	6.247268	307.777344	34.154907
-28.574329	6.247268	305.865234	31.519943
-28.574329	6.247268	303.955078	31.512283
-28.574329	6.247268	302.042969	36.755394
-28.574329	6.247268	300.128906	31.496967
-28.574329	6.247268	298.216797	28.865202
-28.574329	6.247268	296.302734	35.416866
-28.574329	6.247268	294.388672	27.539755
-28.574329	6.247268	292.474609	32.777454
-28.574329	6.247268	290.560547	39.323383
-28.574329	6.247268	288.644531	47.176590
-28.574329	6.247268	286.728516	48.475262
-28.574329	6.247268	284.812500	66.801010
-28.574329	6.247268	282.896484	65.475266
-28.574329	6.247268	280.978516	66.768532
-28.574329	6.247268	279.060547	60.207962
-28.574329	6.247268	277.142578	61.501873
-28.574329	6.247268	275.224609	66.719849
-28.574329	6.247268	273.304688	64.087799
-28.574329	6.247268	271.384766	83.686165
-28.574329	6.247268	269.464844	91.509491
-28.574329	6.247268	267.544922	82.338516
-28.574329	6.247268	265.623047	117.597855
-28.574329	6.247268	263.703125	222.075272
-28.574329	6.247268	261.781250	261.201508
-28.574329	6.247268	259.857422	285.946106
-28.574329	6.247268	257.935547	234.967056
-28.574329	6.247268	256.011719	221.859375
-28.574329	6.247268	254.087891	260.947571
-28.574329	6.247268	252.164063	703.082703
-28.574329	6.247268	250.240234	1844.002319
-28.574329	6.247268	248.314453	1837.035034
-28.574329	6.247268	246.388672	835.523865
-28.574329	6.247268	244.462891	351.851166
-28.574329	6.247268	242.535156	244.933090
-28.574329	6.247268	240.609375	208.403015
-28.574329	6.247268	238.681641	147.148834
-28.574329	6.247268	236.753906	121.075348
-28.574329	6.247268	234.824219	119.744347
-28.574329	6.247268	232.896484	96.292686
-28.574329	6.247268	230.966797	98.871147
-28.574329	6.247268	229.037109	78.037186
-28.574329	6.247268	227.107422	76.717911
-28.574329	6.247268	225.175781	80.599220
-28.574329	6.247268	223.244141	90.976997
-28.574329	6.247268	221.312500	97.451653
-28.574329	6.247268	219.380859	88.334686
-28.574329	6.247268	217.447266	92.209381
-28.574329	6.247268	215.515625	79.202881
-28.574329	6.247268	213.582031	72.693161
-28.574329	6.247268	211.646484	63.591057
-28.574329	6.247268	209.712891	66.170517
-28.574329	6.247268	207.777344	60.965847
-28.574329	6.247268	205.841797	49.279556
-28.574329	6.247268	203.906250	41.488483
-28.574329	6.247268	201.968750	37.589798
-28.574329	6.247268	200.033203	34.988892
-28.574329	6.247268	198.095703	33.684814
-28.574329	6.247268	196.158203	32.381374
-28.574329	6.247268	194.218750	27.193743
-28.574329	6.247268	192.281250	32.365635
-28.574329	6.247268	190.341797	23.297592
-28.574329	6.247268	188.402344	27.173918
-28.574329	6.247268	186.460938	25.873631
-28.574329	6.247268	184.521484	31.040812
-28.574329	6.247268	182.580078	28.447163
-28.574329	6.247268	180.638672	28.440248
-28.574329	6.247268	178.695313	32.310612
-28.574329	6.247268	176.753906	29.718538
-28.574329	6.247268	174.810547	31.003113
-28.574329	6.247268	172.867188	23.246683
-28.574329	6.247268	170.921875	24.532204
-28.574329	6.247268	168.978516	27.107952
-28.574329	6.247268	167.033203	32.263531
-28.574329	6.247268	165.087891	23.224098
-28.574329	6.247268	163.142578	33.537769
-28.574329	6.247268	161.195313	24.502417
-28.574329	6.247268	159.248047	33.521477
-28.574329	6.247268	157.300781	36.091282
-28.574329	6.247268	155.353516	34.793854
-28.574329	6.247268	153.406250	39.938797
-28.574329	6.247268	151.457031	38.641060
-28.574329	6.247268	149.507813	38.631676
-28.574329	6.247268	147.558594	39.909702
-28.574329	6.247268	145.607422	45.048397
-28.574329	6.247268	143.658203	38.603535
-28.574329	6.247268	141.707031	50.172409
-28.574329	6.247268	139.753906	61.735661
-28.574329	6.247268	137.802734	70.721603
-28.574329	6.247268	135.849609	65.562294
-28.574329	6.247268	133.896484	60.405483
-28.574329	6.247268	131.943359	46.256794
-28.574329	6.247268	129.990234	50.099365
-28.574329	6.247268	128.035156	53.940063
-28.574329	6.247268	126.080078	51.359020
-28.574329	6.247268	124.125000	50.062889
-28.574329	6.247268	122.169922	51.334091
-28.574329	6.247268	120.212891	51.321632
-28.574329	6.247268	118.255859	44.895531
-28.574329	6.247268	116.298828	47.449474
-28.574329	6.247268	114.341797	48.720066
-28.574329	6.247268	112.382813	39.735676
-28.574329	6.247268	110.423828	32.037125
-28.574329	6.247268	108.464844	24.342308
-28.574329	6.247268	106.505859	25.617266
-28.574329	6.247268	104.544922	16.647184
-28.574329	6.247268	102.585938	12.802420
-28.574329	6.247268	100.625000	6.399657
-28.574329	6.247268	98.662109	6.398105
-28.574329	6.247268	96.701172	3.837932
-28.574329	6.247268	94.738281	2.558001
-28.574329	6.247268	92.775391	2.557381
-28.574329	6.247268	90.812500	1.278380
-28.574329	6.247268	88.847656	2.556141
-28.574329	6.247268	86.882813	0.000000
-28.574329	6.247268	84.917969	1.277451
-28.574329	6.247268	82.953125	3.831424
-28.574329	6.247268	80.988281	0.000000
-28.574329	6.247268	79.021484	0.000000
-28.574329	6.247268	77.054688	-1.276213
-28.574329	6.247268	75.087891	0.000000
-28.574329	6.247268	73.119141	-1.275595
-28.574329	6.247268	71.152344	0.000000
-28.574329	6.247268	69.183594	-1.274977
-28.574329	6.247268	67.212891	1.274668
-28.574329	6.247268	65.244141	5.097437
-28.574329	6.247268	63.273438	2.548101
-28.574329	6.247268	61.302734	1.273742
-28.574329	6.247268	59.332031	-2.546868
-25.574329	6.247268	1838.626953	14.464337
-25.574329	6.247268	1837.066406	24.107229
-25.574329	6.247268	1835.503906	22.495293
-25.574329	6.247268	1833.941406	25.703436
-25.574329	6.247268	1832.378906	12.848983
-25.574329	6.247268	1830.816406	27.298279
-25.574329	6.247268	1829.251953	22.476151
-25.574329	6.247268	1827.687500	20.866270
-25.574329	6.247268	1826.125000	16.047562
-25.574329	6.247268	1824.560547	22.461803
-25.574329	6.247268	1822.994141	25.665171
-25.574329	6.247268	1821.429688	24.055977
-25.574329	6.247268	1819.865234	25.654247
-25.574329	6.247268	1818.298828	20.839640
-25.574329	6.247268	1816.732422	20.835203
-25.574329	6.247268	1815.166016	25.637869
-25.574329	6.247268	1813.599609	25.632412
-25.574329	6.247268	1812.033203	22.423586
-25.574329	6.247268	1810.464844	27.222845
-25.574329	6.247268	1808.896484	19.212034
-25.574329	6.247268	1807.330078	22.409269
-25.574329	6.247268	1805.759766	27.205463
-25.574329	6.247268	1804.191406	30.399632
-25.574329	6.247268	1802.623047	27.193880
-25.574329	6.247268	1801.052734	22.390192
-25.574329	6.247268	1799.484375	25.583342
-25.574329	6.247268	1797.914063	23.979277
-25.574329	6.247268	1796.343750	23.974171
-25.574329	6.247268	1794.771484	20.773190
-25.574329	6.247268	1793.201172	17.573572
-25.574329	6.247268	1791.628906	22.361601
-25.574329	6.247268	1790.058594	25.550673
-25.574329	6.247268	1788.486328	25.545231
-25.574329	6.247268	1786.914063	22.347317
-25.574329	6.247268	1785.339844	27.130247
-25.574329	6.247268	1783.767578	19.146683
-25.574329	6.247268	1782.193359	27.118690
-25.574329	6.247268	1780.621094	25.518036
-25.574329	6.247268	1779.046875	19.134449
-25.574329	6.247268	1777.470703	31.883955
-25.574329	6.247268	1775.896484	23.907871
-25.574329	6.247268	1774.322266	19.122223
-25.574329	6.247268	1772.746094	20.711327
-25.574329	6.247268	1771.169922	22.299753
-25.574329	6.247268	1769.593750	20.702501
-25.574329	6.247268	1768.017578	19.105928
-25.574329	6.247268	1766.441406	22.285500
-25.574329	6.247268	1764.863281	19.097786
-25.574329	6.247268	1763.287109	15.911428
-25.574329	6.247268	1761.708984	25.452860
-25.574329	6.247268	1760.130859	22.266504
-25.574329	6.247268	1758.552734	28.622259
-25.574329	6.247268	1756.972656	20.667225
-25.574329	6.247268	1755.394531	15.894476
-25.574329	6.247268	1753.814453	19.069304
-25.574329	6.247268	1752.234375	23.831547
-25.574329	6.247268	1750.654297	23.826466
-25.574329	6.247268	1749.074219	26.997568
-25.574329	6.247268	1747.492188	20.640797
-25.574329	6.247268	1745.912109	22.223810
-25.574329	6.247268	1744.330078	26.980297
-25.574329	6.247268	1742.748047	26.974543
-25.574329	6.247268	1741.166016	26.968788
-25.574329	6.247268	1739.583984	23.790913
-25.574329	6.247268	1738.000000	19.028669
-25.574329	6.247268	1736.417969	22.195377
-25.574329	6.247268	1734.833984	26.945780
-25.574329	6.247268	1733.250000	28.524736
-25.574329	6.247268	1731.666016	23.765541
-25.574329	6.247268	1730.082031	28.512562
-25.574329	6.247268	1728.496094	28.506475
-25.574329	6.247268	1726.912109	20.583616
-25.574329	6.247268	1725.326172	22.162239
-25.574329	6.247268	1723.740234	30.070902
-25.574329	6.247268	1722.154297	20.570435
-25.574329	6.247268	1720.566406	28.476059
-25.574329	6.247268	1718.980469	18.979984
-25.574329	6.247268	1717.392578	23.719915
-25.574329	6.247268	1715.804688	20.552868
-25.574329	6.247268	1714.216797	25.290436
-25.574329	6.247268	1712.628906	20.544088
-25.574329	6.247268	1711.041016	25.279631
-25.574329	6.247268	1709.451172	18.955673
-25.574329	6.247268	1707.861328	28.427433
-25.574329	6.247268	1706.271484	22.105501
-25.574329	6.247268	1704.681641	20.522150
-25.574329	6.247268	1703.091797	29.987503
-25.574329	6.247268	1701.501953	17.357475
-25.574329	6.247268	1699.910156	22.086609
-25.574329	6.247268	1698.318359	20.504610
-25.574329	6.247268	1696.726563	22.077168
-25.574329	6.247268	1695.134766	17.342636
-25.574329	6.247268	1693.542969	23.643993
-25.574329	6.247268	1691.949219	20.487078
-25.574329	6.247268	1690.357422	20.482697
-25.574329	6.247268	1688.763672	28.354591
-25.574329	6.247268	1687.169922	22.048853
-25.574329	6.247268	1685.576172	22.044136
-25.574329	6.247268	1683.982422	17.316687
-25.574329	6.247268	1682.386719	20.460796
-25.574329	6.247268	1680.791016	18.882847
-25.574329	6.247268	1679.195313	23.598509
-25.574329	6.247268	1677.599609	11.010280
-25.574329	6.247268	1676.003906	17.298164
-25.574329	6.247268	1674.408203	28.300030
-25.574329	6.247268	1672.810547	15.718872
-25.574329	6.247268	1671.214844	20.430159
-25.574329	6.247268	1669.617188	20.425783
-25.574329	6.247268	1668.019531	25.134043
-25.574329	6.247268	1666.419922	23.558117
-25.574329	6.247268	1664.822266	21.982866
-25.574329	6.247268	1663.222656	20.408289
-25.574329	6.247268	1661.623047	25.112513
-25.574329	6.247268	1660.023438	20.399546
-25.574329	6.247268	1658.423828	26.670610
-25.574329	6.247268	1656.824219	15.685232
-25.574329	6.247268	1655.222656	31.363741
-25.574329	6.247268	1653.623047	21.949913
-25.574329	6.247268	1652.021484	25.080236
-25.574329	6.247268	1650.419922	25.074860
-25.574329	6.247268	1648.818359	26.636326
-25.574329	6.247268	1647.214844	18.798080
-25.574329	6.247268	1645.613281	26.624901
-25.574329	6.247268	1644.009766	20.355850
-25.574329	6.247268	1642.406250	29.744476
-25.574329	6.247268	1640.802734	18.781956
-25.574329	6.247268	1639.199219	18.777925
-25.574329	6.247268	1637.593750	25.031860
-25.574329	6.247268	1635.990234	23.462332
-25.574329	6.247268	1634.384766	17.202017
-25.574329	6.247268	1632.779297	23.452261
-25.574329	6.247268	1631.173828	18.757780
-25.574329	6.247268	1629.568359	15.628127
-25.574329	6.247268	1627.960938	20.312202
-25.574329	6.247268	1626.353516	24.994265
-25.574329	6.247268	1624.748047	20.303478
-25.574329	6.247268	1623.140625	21.860586
-25.574329	6.247268	1621.531250	26.539295
-25.574329	6.247268	1619.923828	21.851194
-25.574329	6.247268	1618.314453	24.967426
-25.574329	6.247268	1616.707031	21.841803
-25.574329	6.247268	1615.097656	29.636074
-25.574329	6.247268	1613.488281	32.748619
-25.574329	6.247268	1611.878906	21.827719
-25.574329	6.247268	1610.267578	17.146662
-25.574329	6.247268	1608.656250	24.935236
-25.574329	6.247268	1607.046875	24.929873
-25.574329	6.247268	1605.435547	24.924509
-25.574329	6.247268	1603.824219	12.459574
-25.574329	6.247268	1602.210938	18.685339
-25.574329	6.247268	1600.599609	15.567765
-25.574329	6.247268	1598.986328	24.903063
-25.574329	6.247268	1597.373047	28.009916
-25.574329	6.247268	1595.759766	17.113485
-25.574329	6.247268	1594.146484	27.997856
-25.574329	6.247268	1592.533203	29.546928
-25.574329	6.247268	1590.917969	21.766733
-25.574329	6.247268	1589.302734	17.098749
-25.574329	6.247268	1587.687500	23.311453
-25.574329	6.247268	1586.072266	23.306431
-25.574329	6.247268	1584.457031	23.301409
-25.574329	6.247268	1582.839844	27.955664
-25.574329	6.247268	1581.224609	20.185850
-25.574329	6.247268	1579.607422	20.181498
-25.574329	6.247268	1577.990234	21.729235
-25.574329	6.247268	1576.373047	20.172796
-25.574329	6.247268	1574.755859	18.617027
-25.574329	6.247268	1573.136719	23.266264
-25.574329	6.247268	1571.517578	17.058247
-25.574329	6.247268	1569.898438	20.155397
-25.574329	6.247268	1568.279297	18.600967
-25.574329	6.247268	1566.660156	20.146698
-25.574329	6.247268	1565.041016	18.592939
-25.574329	6.247268	1563.419922	17.039848
-25.574329	6.247268	1561.798828	21.682398
-25.574329	6.247268	1560.177734	24.774532
-25.574329	6.247268	1558.556641	23.221107
-25.574329	6.247268	1556.935547	18.572874
-25.574329	6.247268	1555.312500	30.948103
-25.574329	6.247268	1553.691406	26.300203
-25.574329	6.247268	1552.068359	24.747784
-25.574329	6.247268	1550.445313	26.288837
-25.574329	6.247268	1548.822266	24.737087
-25.574329	6.247268	1547.197266	18.548805
-25.574329	6.247268	1545.574219	23.180992
-25.574329	6.247268	1543.949219	24.721045
-25.574329	6.247268	1542.324219	24.715698
-25.574329	6.247268	1540.699219	23.165955
-25.574329	6.247268	1539.072266	13.896566
-25.574329	6.247268	1537.447266	26.243389
-25.574329	6.247268	1535.820313	21.607527
-25.574329	6.247268	1534.193359	27.775093
-25.574329	6.247268	1532.566406	18.512720
-25.574329	6.247268	1530.939453	13.881534
-25.574329	6.247268	1529.312500	18.504704
-25.574329	6.247268	1527.683594	23.125870
-25.574329	6.247268	1526.056641	15.413907
-25.574329	6.247268	1524.427734	18.492682
-25.574329	6.247268	1522.798828	30.814459
-25.574329	6.247268	1521.167969	29.267391
-25.574329	6.247268	1519.539063	27.720993
-25.574329	6.247268	1517.908203	12.317771
-25.574329	6.247268	1516.277344	16.933262
-25.574329	6.247268	1514.646484	18.468645
-25.574329	6.247268	1513.015625	20.003359
-25.574329	6.247268	1511.384766	15.383862
-25.574329	6.247268	1509.751953	18.456629
-25.574329	6.247268	1508.121094	24.603498
-25.574329	6.247268	1506.488281	23.060774
-25.574329	6.247268	1504.855469	24.592821
-25.574329	6.247268	1503.220703	23.050764
-25.574329	6.247268	1501.587891	15.363839
-25.574329	6.247268	1499.953125	23.040754
-25.574329	6.247268	1498.318359	21.500034
-25.574329	6.247268	1496.683594	26.101513
-25.574329	6.247268	1495.048828	24.560793
-25.574329	6.247268	1493.414063	16.881876
-25.574329	6.247268	1491.777344	21.481354
-25.574329	6.247268	1490.140625	18.408587
-25.574329	6.247268	1488.505859	24.539446
-25.574329	6.247268	1486.867188	27.600874
-25.574329	6.247268	1485.230469	19.929630
-25.574329	6.247268	1483.593750	16.859865
-25.574329	6.247268	1481.955078	24.518105
-25.574329	6.247268	1480.316406	19.916626
-25.574329	6.247268	1478.677734	15.317147
-25.574329	6.247268	1477.039063	18.376575
-25.574329	6.247268	1475.400391	24.496767
-25.574329	6.247268	1473.759766	15.307146
-25.574329	6.247268	1472.119141	24.486099
-25.574329	6.247268	1470.478516	29.070910
-25.574329	6.247268	1468.837891	27.534863
-25.574329	6.247268	1467.197266	29.058245
-25.574329	6.247268	1465.556641	29.051912
-25.574329	6.247268	1463.914063	16.815863
-25.574329	6.247268	1462.271484	19.868959
-25.574329	6.247268	1460.628906	21.392675
-25.574329	6.247268	1458.986328	22.915726
-25.574329	6.247268	1457.343750	19.855965
-25.574329	6.247268	1455.699219	22.905729
-25.574329	6.247268	1454.054688	13.740439
-25.574329	6.247268	1452.410156	13.737441
-25.574329	6.247268	1450.765625	22.890738
-25.574329	6.247268	1449.121094	18.308592
-25.574329	6.247268	1447.474609	19.829979
-25.574329	6.247268	1445.830078	18.300598
-25.574329	6.247268	1444.183594	22.870752
-25.574329	6.247268	1442.537109	21.341372
-25.574329	6.247268	1440.890625	32.005062
-25.574329	6.247268	1439.242188	25.903198
-25.574329	6.247268	1437.595703	30.467691
-25.574329	6.247268	1435.947266	22.845774
-25.574329	6.247268	1434.298828	16.749905
-25.574329	6.247268	1432.650391	25.880554
-25.574329	6.247268	1431.000000	21.308735
-25.574329	6.247268	1429.351563	28.912672
-25.574329	6.247268	1427.701172	21.299412
-25.574329	6.247268	1426.050781	21.294752
-25.574329	6.247268	1424.400391	24.331532
-25.574329	6.247268	1422.750000	25.846594
-25.574329	6.247268	1421.097656	21.280769
-25.574329	6.247268	1419.447266	22.795830
-25.574329	6.247268	1417.794922	18.232670
-25.574329	6.247268	1416.142578	19.747732
-25.574329	6.247268	1414.490234	12.149787
-25.574329	6.247268	1412.835938	24.294249
-25.574329	6.247268	1411.183594	27.325039
-25.574329	6.247268	1409.529297	21.248148
-25.574329	6.247268	1407.875000	10.621745
-25.574329	6.247268	1406.220703	25.790009
-25.574329	6.247268	1404.566406	19.717445
-25.574329	6.247268	1402.910156	19.713120
-25.574329	6.247268	1401.255859	19.708792
-25.574329	6.247268	1399.599609	21.220196
-25.574329	6.247268	1397.943359	18.184746
-25.574329	6.247268	1396.287109	22.725941
-25.574329	6.247268	1394.628906	18.176760
-25.574329	6.247268	1392.970703	22.715960
-25.574329	6.247268	1391.314453	24.225033
-25.574329	6.247268	1389.656250	16.651051
-25.574329	6.247268	1387.998047	16.647392
-25.574329	6.247268	1386.337891	22.695999
-25.574329	6.247268	1384.679688	27.229210
-25.574329	6.247268	1383.019531	18.148815
-25.574329	6.247268	1381.359375	18.144823
-25.574329	6.247268	1379.699219	25.699511
-25.574329	6.247268	1378.039063	22.671049
-25.574329	6.247268	1376.376953	19.643919
-25.574329	6.247268	1374.716797	27.193287
-25.574329	6.247268	1373.054688	19.635271
-25.574329	6.247268	1371.392578	25.671240
-25.574329	6.247268	1369.728516	22.646105
-25.574329	6.247268	1368.066406	24.150524
-25.574329	6.247268	1366.402344	24.145205
-25.574329	6.247268	1364.740234	24.139883
-25.574329	6.247268	1363.076172	13.575691
-25.574329	6.247268	1361.412109	19.605009
-25.574329	6.247268	1359.746094	22.616177
-25.574329	6.247268	1358.082031	24.118601
-25.574329	6.247268	1356.416016	18.084961
-25.574329	6.247268	1354.750000	24.107962
-25.574329	6.247268	1353.083984	18.076981
-25.574329	6.247268	1351.417969	24.097322
-25.574329	6.247268	1349.750000	18.069002
-25.574329	6.247268	1348.083984	21.075848
-25.574329	6.247268	1346.416016	22.576279
-25.574329	6.247268	1344.748047	27.085550
-25.574329	6.247268	1343.078125	28.583986
-25.574329	6.247268	1341.410156	27.073582
-25.574329	6.247268	1339.740234	21.052576
-25.574329	6.247268	1338.072266	28.565039
-25.574329	6.247268	1336.402344	24.049450
-25.574329	6.247268	1334.730469	27.049648
-25.574329	6.247268	1333.060547	19.531536
-25.574329	6.247268	1331.388672	25.535589
-25.574329	6.247268	1329.718750	16.519371
-25.574329	6.247268	1328.046875	25.524288
-25.574329	6.247268	1326.375000	21.015348
-25.574329	6.247268	1324.701172	21.010696
-25.574329	6.247268	1323.029297	25.507338
-25.574329	6.247268	1321.355469	22.501490
-25.574329	6.247268	1319.681641	17.997204
-25.574329	6.247268	1318.007813	16.493780
-25.574329	6.247268	1316.333984	17.989227
-25.574329	6.247268	1314.660156	20.982780
-25.574329	6.247268	1312.984375	16.482815
-25.574329	6.247268	1311.308594	17.977264
-25.574329	6.247268	1309.632813	14.977731
-25.574329	6.247268	1307.957031	20.964170
-25.574329	6.247268	1306.279297	20.959518
-25.574329	6.247268	1304.603516	14.967762
-25.574329	6.247268	1302.925781	17.957327
-25.574329	6.247268	1301.248047	20.945564
-25.574329	6.247268	1299.570313	20.940912
-25.574329	6.247268	1297.892578	20.936260
-25.574329	6.247268	1296.212891	19.436495
-25.574329	6.247268	1294.533203	25.411306
-25.574329	6.247268	1292.853516	28.394558
-25.574329	6.247268	1291.173828	25.400009
-25.574329	6.247268	1289.494141	29.875719
-25.574329	6.247268	1287.812500	23.895260
-25.574329	6.247268	1286.132813	17.917459
-25.574329	6.247268	1284.451172	19.406261
-25.574329	6.247268	1282.769531	20.894400
-25.574329	6.247268	1281.085938	26.858250
-25.574329	6.247268	1279.404297	23.868685
-25.574329	6.247268	1277.720703	20.880447
-25.574329	6.247268	1276.039063	23.858055
-25.574329	6.247268	1274.355469	19.380352
-25.574329	6.247268	1272.669922	25.337889
-25.574329	6.247268	1270.986328	22.351978
-25.574329	6.247268	1269.300781	26.816395
-25.574329	6.247268	1267.615234	20.852547
-25.574329	6.247268	1265.929688	26.804438
-25.574329	6.247268	1264.244141	13.399230
-25.574329	6.247268	1262.558594	25.304010
-25.574329	6.247268	1260.871094	20.833946
-25.574329	6.247268	1259.185547	20.829296
-25.574329	6.247268	1257.498047	17.849697
-25.574329	6.247268	1255.808594	25.281425
-25.574329	6.247268	1254.121094	25.275780
-25.574329	6.247268	1252.433594	20.810699
-25.574329	6.247268	1250.744141	19.319902
-25.574329	6.247268	1249.054688	26.744658
-25.574329	6.247268	1247.365234	28.224161
-25.574329	6.247268	1245.673828	16.336651
-25.574329	6.247268	1243.984375	17.817816
-25.574329	6.247268	1242.292969	22.267288
-25.574329	6.247268	1240.601563	23.746462
-25.574329	6.247268	1238.910156	23.741148
-25.574329	6.247268	1237.218750	20.768856
-25.574329	6.247268	1235.525391	14.831576
-25.574329	6.247268	1233.833984	19.276733
-25.574329	6.247268	1232.140625	22.237404
-25.574329	6.247268	1230.447266	26.678907
-25.574329	6.247268	1228.753906	25.191101
-25.574329	6.247268	1227.058594	16.296473
-25.574329	6.247268	1225.365234	19.255150
-25.574329	6.247268	1223.669922	19.250834
-25.574329	6.247268	1221.974609	17.766016
-25.574329	6.247268	1220.277344	23.682709
-25.574329	6.247268	1218.582031	22.197559
-25.574329	6.247268	1216.884766	17.754065
-25.574329	6.247268	1215.189453	23.666773
-25.574329	6.247268	1213.492188	22.182619
-25.574329	6.247268	1211.792969	26.613167
-25.574329	6.247268	1210.095703	20.694483
-25.574329	6.247268	1208.396484	23.645525
-25.574329	6.247268	1206.699219	22.162701
-25.574329	6.247268	1205.000000	22.157721
-25.574329	6.247268	1203.298828	20.675892
-25.574329	6.247268	1201.599609	13.288656
-25.574329	6.247268	1199.900391	16.238039
-25.574329	6.247268	1198.199219	19.186094
-25.574329	6.247268	1196.498047	26.559387
-25.574329	6.247268	1194.796875	22.127844
-25.574329	6.247268	1193.093750	17.698292
-25.574329	6.247268	1191.392578	14.745256
-25.574329	6.247268	1189.689453	23.587099
-25.574329	6.247268	1187.986328	14.738618
-25.574329	6.247268	1186.283203	26.523537
-25.574329	6.247268	1184.580078	19.151573
-25.574329	6.247268	1182.875000	26.511587
-25.574329	6.247268	1181.169922	23.560545
-25.574329	6.247268	1179.464844	23.555235
-25.574329	6.247268	1177.759766	17.662443
-25.574329	6.247268	1176.054688	16.186922
-25.574329	6.247268	1174.347656	25.010509
-25.574329	6.247268	1172.642578	19.121368
-25.574329	6.247268	1170.935547	16.175968
-25.574329	6.247268	1169.228516	20.582951
-25.574329	6.247268	1167.519531	16.168667
-25.574329	6.247268	1165.812500	20.573656
-25.574329	6.247268	1164.103516	26.445869
-25.574329	6.247268	1162.394531	16.157715
-25.574329	6.247268	1160.685547	16.154064
-25.574329	6.247268	1158.976563	20.555071
-25.574329	6.247268	1157.265625	26.421976
-25.574329	6.247268	1155.556641	19.078224
-25.574329	6.247268	1153.845703	20.541134
-25.574329	6.247268	1152.134766	22.003380
-25.574329	6.247268	1150.423828	23.464962
-25.574329	6.247268	1148.710938	20.527195
-25.574329	6.247268	1146.998047	16.124861
-25.574329	6.247268	1145.287109	19.052340
-25.574329	6.247268	1143.572266	19.048025
-25.574329	6.247268	1141.859375	21.973513
-25.574329	6.247268	1140.146484	13.181122
-25.574329	6.247268	1138.431641	21.963558
-25.574329	6.247268	1136.716797	16.102959
-25.574329	6.247268	1135.001953	21.953604
-25.574329	6.247268	1133.287109	24.875111
-25.574329	6.247268	1131.570313	27.795290
-25.574329	6.247268	1129.855469	19.013515
-25.574329	6.247268	1128.138672	20.471449
-25.574329	6.247268	1126.421875	19.004889
-25.574329	6.247268	1124.703125	19.000576
-25.574329	6.247268	1122.986328	14.612510
-25.574329	6.247268	1121.267578	20.452869
-25.574329	6.247268	1119.548828	21.908812
-25.574329	6.247268	1117.830078	21.903835
-25.574329	6.247268	1116.111328	29.198477
-25.574329	6.247268	1114.392578	23.353474
-25.574329	6.247268	1112.671875	20.429644
-25.574329	6.247268	1110.951172	20.424999
-25.574329	6.247268	1109.230469	24.796146
-25.574329	6.247268	1107.509766	20.415710
-25.574329	6.247268	1105.787109	16.037266
-25.574329	6.247268	1104.066406	17.491219
-25.574329	6.247268	1102.343750	17.487238
-25.574329	6.247268	1100.621094	26.224886
-25.574329	6.247268	1098.896484	24.762308
-25.574329	6.247268	1097.173828	18.931570
-25.574329	6.247268	1095.449219	30.574800
-25.574329	6.247268	1093.724609	21.834167
-25.574329	6.247268	1092.000000	18.918633
-25.574329	6.247268	1090.275391	24.734112
-25.574329	6.247268	1088.550781	18.910009
-25.574329	6.247268	1086.824219	21.814266
-25.574329	6.247268	1085.097656	27.625101
-25.574329	6.247268	1083.371094	24.711557
-25.574329	6.247268	1081.644531	17.439472
-25.574329	6.247268	1079.916016	17.435492
-25.574329	6.247268	1078.189453	21.789389
-25.574329	6.247268	1076.460938	21.784414
-25.574329	6.247268	1074.732422	24.683365
-25.574329	6.247268	1073.001953	17.419571
-25.574329	6.247268	1071.273438	17.415592
-25.574329	6.247268	1069.542969	18.862579
-25.574329	6.247268	1067.812500	21.759541
-25.574329	6.247268	1066.082031	13.052739
-25.574329	6.247268	1064.351563	20.299618
-25.574329	6.247268	1062.619141	17.395693
-25.574329	6.247268	1060.888672	17.391714
-25.574329	6.247268	1059.156250	18.836712
-25.574329	6.247268	1057.421875	24.626986
-25.574329	6.247268	1055.689453	23.173035
-25.574329	6.247268	1053.957031	26.063694
-25.574329	6.247268	1052.222656	23.162424
-25.574329	6.247268	1050.488281	21.709799
-25.574329	6.247268	1048.753906	24.598801
-25.574329	6.247268	1047.019531	20.253193
-25.574329	6.247268	1045.283203	17.355902
-25.574329	6.247268	1043.546875	18.797916
-25.574329	6.247268	1041.810547	14.456620
-25.574329	6.247268	1040.074219	15.898635
-25.574329	6.247268	1038.337891	23.119982
-25.574329	6.247268	1036.599609	23.114677
-25.574329	6.247268	1034.861328	18.776365
-25.574329	6.247268	1033.123047	25.992077
-25.574329	6.247268	1031.384766	17.324072
-25.574329	6.247268	1029.646484	18.763435
-25.574329	6.247268	1027.906250	21.645145
-25.574329	6.247268	1026.167969	18.754816
-25.574329	6.247268	1024.427734	25.962240
-25.574329	6.247268	1022.685547	23.072243
-25.574329	6.247268	1020.945313	21.625254
-25.574329	6.247268	1019.203125	24.502987
-25.574329	6.247268	1017.462891	24.497351
-25.574329	6.247268	1015.720703	25.932405
-25.574329	6.247268	1013.976563	15.843935
-25.574329	6.247268	1012.234375	24.480446
-25.574329	6.247268	1010.490234	24.474812
-25.574329	6.247268	1008.746094	20.151087
-25.574329	6.247268	1007.001953	18.707415
-25.574329	6.247268	1005.257813	23.019207
-25.574329	6.247268	1003.513672	27.329012
-25.574329	6.247268	1001.767578	30.198790
-25.574329	6.247268	1000.021484	27.316418
-25.574329	6.247268	998.275391	33.059620
-25.574329	6.247268	996.529297	40.237213
-25.574329	6.247268	994.781250	34.481087
-25.574329	6.247268	993.035156	33.036755
-25.574329	6.247268	991.287109	31.593082
-25.574329	6.247268	989.539063	33.021511
-25.574329	6.247268	987.789063	33.013889
-25.574329	6.247268	986.041016	34.441322
-25.574329	6.247268	984.291016	44.476437
-25.574329	6.247268	982.541016	44.466164
-25.574329	6.247268	980.791016	38.719650
-25.574329	6.247268	979.041016	38.710705
-25.574329	6.247268	977.289063	38.701759
-25.574329	6.247268	975.537109	42.992016
-25.574329	6.247268	973.785156	45.847546
-25.574329	6.247268	972.033203	40.107327
-25.574329	6.247268	970.281250	32.937683
-25.574329	6.247268	968.527344	37.225292
-25.574329	6.247268	966.773438	35.785267
-25.574329	6.247268	965.019531	40.070225
-25.574329	6.247268	963.265625	40.060947
-25.574329	6.247268	961.511719	32.899590
-25.574329	6.247268	959.755859	38.612312
-25.574329	6.247268	958.000000	38.603371
-25.574329	6.247268	956.244141	37.165005
-25.574329	6.247268	954.488281	34.298210
-25.574329	6.247268	952.730469	47.149105
-25.574329	6.247268	950.974609	27.140163
-25.574329	6.247268	949.216797	35.702461
-25.574329	6.247268	947.458984	37.121948
-25.574329	6.247268	945.701172	37.113338
-25.574329	6.247268	943.941406	32.823414
-25.574329	6.247268	942.181641	32.815796
-25.574329	6.247268	940.421875	42.793278
-25.574329	6.247268	938.662109	34.226677
-25.574329	6.247268	936.902344	35.644508
-25.574329	6.247268	935.140625	32.785332
-25.574329	6.247268	933.380859	21.376772
-25.574329	6.247268	931.619141	24.221380
-25.574329	6.247268	929.855469	28.489120
-25.574329	6.247268	928.093750	24.210123
-25.574329	6.247268	926.330078	17.085526
-25.574329	6.247268	924.568359	25.622330
-25.574329	6.247268	922.804688	19.923845
-25.574329	6.247268	921.039063	15.650807
-25.574329	6.247268	919.275391	21.337046
-25.574329	6.247268	917.509766	24.176357
-25.574329	6.247268	915.744141	19.905308
-25.574329	6.247268	913.978516	19.900673
-25.574329	6.247268	912.212891	18.474894
-25.574329	6.247268	910.447266	26.995480
-25.574329	6.247268	908.679688	29.830160
-25.574329	6.247268	906.912109	25.562752
-25.574329	6.247268	905.144531	24.136972
-25.574329	6.247268	903.375000	34.067783
-25.574329	6.247268	901.607422	21.287401
-25.574329	6.247268	899.837891	25.538925
-25.574329	6.247268	898.068359	19.858976
-25.574329	6.247268	896.298828	34.036018
-25.574329	6.247268	894.529297	28.356730
-25.574329	6.247268	892.757813	26.932608
-25.574329	6.247268	890.986328	29.760672
-25.574329	6.247268	889.214844	25.503191
-25.574329	6.247268	887.443359	35.412830
-25.574329	6.247268	885.669922	28.323647
-25.574329	6.247268	883.898438	19.821922
-25.574329	6.247268	882.125000	26.894894
-25.574329	6.247268	880.351563	22.643040
-25.574329	6.247268	878.578125	28.297184
-25.574329	6.247268	876.802734	19.803398
-25.574329	6.247268	875.027344	25.455559
-25.574329	6.247268	873.251953	29.691208
-25.574329	6.247268	871.476563	24.030117
-25.574329	6.247268	869.701172	24.024496
-25.574329	6.247268	867.923828	25.431749
-25.574329	6.247268	866.146484	19.775620
-25.574329	6.247268	864.369141	18.358778
-25.574329	6.247268	862.591797	39.532722
-25.574329	6.247268	860.814453	15.527076
-25.574329	6.247268	859.035156	18.345882
-25.574329	6.247268	857.255859	25.396040
-25.574329	6.247268	855.476563	19.747849
-25.574329	6.247268	853.697266	22.563679
-25.574329	6.247268	851.916016	23.968290
-25.574329	6.247268	850.136719	31.010515
-25.574329	6.247268	848.355469	19.729338
-25.574329	6.247268	846.574219	32.404881
-25.574329	6.247268	844.791016	22.537237
-25.574329	6.247268	843.009766	28.164936
-25.574329	6.247268	841.226563	21.118746
-25.574329	6.247268	839.443359	25.336546
-25.574329	6.247268	837.660156	28.145109
-25.574329	6.247268	835.875000	19.696951
-25.574329	6.247268	834.091797	22.505514
-25.574329	6.247268	832.306641	28.125284
-25.574329	6.247268	830.521484	25.306810
-25.574329	6.247268	828.734375	23.895260
-25.574329	6.247268	826.949219	18.268551
-25.574329	6.247268	825.162109	18.264257
-25.574329	6.247268	823.375000	22.473801
-25.574329	6.247268	821.587891	21.064234
-25.574329	6.247268	819.800781	22.463230
-25.574329	6.247268	818.011719	22.457947
-25.574329	6.247268	816.222656	22.452663
-25.574329	6.247268	814.433594	21.044418
-25.574329	6.247268	812.644531	22.442095
-25.574329	6.247268	810.855469	21.034512
-25.574329	6.247268	809.064453	26.637442
-25.574329	6.247268	807.273438	22.426247
-25.574329	6.247268	805.482422	18.217033
-25.574329	6.247268	803.691406	30.821564
-25.574329	6.247268	801.898438	22.410400
-25.574329	6.247268	800.107422	25.205759
-25.574329	6.247268	798.314453	20.999847
-25.574329	6.247268	796.521484	30.792515
-25.574329	6.247268	794.726563	23.788605
-25.574329	6.247268	792.933594	27.979994
-25.574329	6.247268	791.138672	23.777386
-25.574329	6.247268	789.343750	20.975096
-25.574329	6.247268	787.546875	16.776117
-25.574329	6.247268	785.751953	33.544315
-25.574329	6.247268	783.955078	26.549648
-25.574329	6.247268	782.158203	22.352320
-25.574329	6.247268	780.361328	27.933802
-25.574329	6.247268	778.564453	25.134483
-25.574329	6.247268	776.765625	20.940454
-25.574329	6.247268	774.968750	19.539806
-25.574329	6.247268	773.169922	26.512043
-25.574329	6.247268	771.369141	27.900818
-25.574329	6.247268	769.570313	22.315378
-25.574329	6.247268	767.769531	20.915720
-25.574329	6.247268	765.970703	27.881033
-25.574329	6.247268	764.167969	26.480717
-25.574329	6.247268	762.367188	23.687668
-25.574329	6.247268	760.566406	29.254313
-25.574329	6.247268	758.763672	37.603786
-25.574329	6.247268	756.960938	26.455662
-25.574329	6.247268	755.158203	25.057325
-25.574329	6.247268	753.353516	25.051392
-25.574329	6.247268	751.550781	32.002533
-25.574329	6.247268	749.746094	31.994953
-25.574329	6.247268	747.941406	25.033596
-25.574329	6.247268	746.136719	19.465961
-25.574329	6.247268	744.330078	30.582121
-25.574329	6.247268	742.523438	34.744171
-25.574329	6.247268	740.718750	26.399311
-25.574329	6.247268	738.910156	25.003944
-25.574329	6.247268	737.103516	27.775574
-25.574329	6.247268	735.294922	29.157434
-25.574329	6.247268	733.488281	34.702999
-25.574329	6.247268	731.679688	22.204649
-25.574329	6.247268	729.869141	23.586842
-25.574329	6.247268	728.060547	22.194113
-25.574329	6.247268	726.250000	24.962450
-25.574329	6.247268	724.439453	24.956524
-25.574329	6.247268	722.628906	23.564453
-25.574329	6.247268	720.818359	27.716303
-25.574329	6.247268	719.005859	24.938747
-25.574329	6.247268	717.195313	19.392195
-25.574329	6.247268	715.382813	24.926899
-25.574329	6.247268	713.568359	23.536476
-25.574329	6.247268	711.755859	22.146713
-25.574329	6.247268	709.941406	24.909128
-25.574329	6.247268	708.126953	27.670229
-25.574329	6.247268	706.312500	20.747738
-25.574329	6.247268	704.498047	19.359949
-25.574329	6.247268	702.681641	26.267967
-25.574329	6.247268	700.867188	19.350739
-25.574329	6.247268	699.050781	20.728003
-25.574329	6.247268	697.232422	24.867683
-25.574329	6.247268	695.416016	26.242973
-25.574329	6.247268	693.597656	23.474964
-25.574329	6.247268	691.779297	19.327721
-25.574329	6.247268	689.960938	22.083563
-25.574329	6.247268	688.142578	20.698410
-25.574329	6.247268	686.324219	20.693480
-25.574329	6.247268	684.503906	24.826258
-25.574329	6.247268	682.683594	30.335974
-25.574329	6.247268	680.863281	12.407214
-25.574329	6.247268	679.041016	17.917259
-25.574329	6.247268	677.218750	16.535067
-25.574329	6.247268	675.398438	20.663904
-25.574329	6.247268	673.576172	20.658976
-25.574329	6.247268	671.751953	24.784859
-25.574329	6.247268	669.929688	19.272514
-25.574329	6.247268	668.105469	27.525595
-25.574329	6.247268	666.281250	16.511415
-25.574329	6.247268	664.457031	23.385590
-25.574329	6.247268	662.630859	30.256481
-25.574329	6.247268	660.806641	24.749393
-25.574329	6.247268	658.980469	31.616673
-25.574329	6.247268	657.154297	28.860504
-25.574329	6.247268	655.326172	35.723518
-25.574329	6.247268	653.500000	26.099413
-25.574329	6.247268	651.671875	24.719852
-25.574329	6.247268	649.843750	26.086943
-25.574329	6.247268	648.015625	24.708040
-25.574329	6.247268	646.185547	32.936180
-25.574329	6.247268	644.357422	31.556293
-25.574329	6.247268	642.527344	31.548748
-25.574329	6.247268	640.697266	28.798491
-25.574329	6.247268	638.865234	43.872921
-25.574329	6.247268	637.035156	26.043316
-25.574329	6.247268	635.203125	35.629696
-25.574329	6.247268	633.371094	43.841442
-25.574329	6.247268	631.539063	34.242931
-25.574329	6.247268	629.705078	38.342903
-25.574329	6.247268	627.873047	27.381233
-25.574329	6.247268	626.039063	28.743414
-25.574329	6.247268	624.203125	32.841751
-25.574329	6.247268	622.369141	35.570042
-25.574329	6.247268	620.535156	36.929276
-25.574329	6.247268	618.699219	39.655277
-25.574329	6.247268	616.863281	38.278683
-25.574329	6.247268	615.025391	31.435669
-25.574329	6.247268	613.189453	32.794579
-25.574329	6.247268	611.351563	31.420605
-25.574329	6.247268	609.513672	30.047289
-25.574329	6.247268	607.675781	30.040085
-25.574329	6.247268	605.837891	27.302622
-25.574329	6.247268	603.998047	35.484898
-25.574329	6.247268	602.158203	43.663246
-25.574329	6.247268	600.318359	34.103729
-25.574329	6.247268	598.478516	31.367905
-25.574329	6.247268	596.636719	32.723873
-25.574329	6.247268	594.796875	24.537016
-25.574329	6.247268	592.955078	34.071011
-25.574329	6.247268	591.111328	27.250267
-25.574329	6.247268	589.269531	25.881540
-25.574329	6.247268	587.425781	34.046482
-25.574329	6.247268	585.583984	32.676777
-25.574329	6.247268	583.738281	28.585312
-25.574329	6.247268	581.894531	27.217569
-25.574329	6.247268	580.050781	29.932135
-25.574329	6.247268	578.205078	27.204494
-25.574329	6.247268	576.359375	20.398470
-25.574329	6.247268	574.513672	27.191423
-25.574329	6.247268	572.666016	24.466400
-25.574329	6.247268	570.818359	24.460520
-25.574329	6.247268	568.970703	31.247597
-25.574329	6.247268	567.123047	31.240084
-25.574329	6.247268	565.275391	33.948448
-25.574329	6.247268	563.425781	28.509840
-25.574329	6.247268	561.576172	29.860270
-25.574329	6.247268	559.726563	25.782211
-25.574329	6.247268	557.876953	23.062746
-25.574329	6.247268	556.027344	21.700891
-25.574329	6.247268	554.175781	29.831547
-25.574329	6.247268	552.324219	23.046103
-25.574329	6.247268	550.472656	20.329903
-25.574329	6.247268	548.619141	27.100012
-25.574329	6.247268	546.767578	29.802837
-25.574329	6.247268	544.914063	36.567406
-25.574329	6.247268	543.060547	27.080444
-25.574329	6.247268	541.205078	31.135012
-25.574329	6.247268	539.351563	31.127514
-25.574329	6.247268	537.496094	37.885235
-25.574329	6.247268	535.640625	47.345139
-25.574329	6.247268	533.785156	51.390907
-25.574329	6.247268	531.927734	55.434727
-25.574329	6.247268	530.070313	60.828331
-25.574329	6.247268	528.212891	64.867920
-25.574329	6.247268	526.355469	104.033867
-25.574329	6.247268	524.498047	189.106888
-25.574329	6.247268	522.638672	371.370422
-25.574329	6.247268	520.779297	612.950989
-25.574329	6.247268	518.919922	479.174286
-25.574329	6.247268	517.060547	267.193329
-25.574329	6.247268	515.199219	153.801483
-25.574329	6.247268	513.339844	94.416725
-25.574329	6.247268	511.478516	78.212128
-25.574329	6.247268	509.615234	68.756142
-25.574329	6.247268	507.753906	55.261208
-25.574329	6.247268	505.890625	71.417984
-25.574329	6.247268	504.027344	53.887356
-25.574329	6.247268	502.164063	61.955505
-25.574329	6.247268	500.300781	51.168282
-25.574329	6.247268	498.435547	63.271805
-25.574329	6.247268	496.570313	71.331833
-25.574329	6.247268	494.705078	53.822346
-25.574329	6.247268	492.839844	55.154583
-25.574329	6.247268	490.972656	68.590347
-25.574329	6.247268	489.107422	57.817112
-25.574329	6.247268	487.240234	60.491665
-25.574329	6.247268	485.371094	44.349838
-25.574329	6.247268	483.503906	55.088001
-25.574329	6.247268	481.634766	45.671696
-25.574329	6.247268	479.765625	44.317699
-25.574329	6.247268	477.896484	45.649624
-25.574329	6.247268	476.027344	40.269344
-25.574329	6.247268	474.156250	45.627560
-25.574329	6.247268	472.285156	41.591541
-25.574329	6.247268	470.414063	32.192120
-25.574329	6.247268	468.542969	32.184338
-25.574329	6.247268	466.669922	38.880005
-25.574329	6.247268	464.796875	32.168774
-25.574329	6.247268	462.923828	32.160992
-25.574329	6.247268	461.050781	28.134064
-25.574329	6.247268	459.177734	34.824223
-25.574329	6.247268	457.302734	29.459522
-25.574329	6.247268	455.427734	30.791142
-25.574329	6.247268	453.552734	34.798954
-25.574329	6.247268	451.675781	25.423853
-25.574329	6.247268	449.800781	30.768795
-25.574329	6.247268	447.923828	32.098801
-25.574329	6.247268	446.046875	28.079651
-25.574329	6.247268	444.169922	22.725645
-25.574329	6.247268	442.291016	26.729580
-25.574329	6.247268	440.412109	30.731575
-25.574329	6.247268	438.533203	37.403294
-25.574329	6.247268	436.654297	28.045679
-25.574329	6.247268	434.773438	34.714813
-25.574329	6.247268	432.894531	38.710991
-25.574329	6.247268	431.013672	24.021694
-25.574329	6.247268	429.130859	28.018520
-25.574329	6.247268	427.250000	32.013412
-25.574329	6.247268	425.367188	30.672087
-25.574329	6.247268	423.484375	35.997639
-25.574329	6.247268	421.601563	29.324305
-25.574329	6.247268	419.718750	23.986799
-25.574329	6.247268	417.833984	26.645540
-25.574329	6.247268	415.949219	26.639084
-25.574329	6.247268	414.064453	33.290787
-25.574329	6.247268	412.179688	29.288792
-25.574329	6.247268	410.294922	30.612679
-25.574329	6.247268	408.408203	33.266582
-25.574329	6.247268	406.521484	35.919201
-25.574329	6.247268	404.634766	27.930384
-25.574329	6.247268	402.746094	50.528442
-25.574329	6.247268	400.857422	67.798042
-25.574329	6.247268	398.968750	83.730217
-25.574329	6.247268	397.080078	90.353561
-25.574329	6.247268	395.191406	82.361206
-25.574329	6.247268	393.300781	70.388474
-25.574329	6.247268	391.410156	74.354691
-25.574329	6.247268	389.519531	69.026894
-25.574329	6.247268	387.628906	58.393204
-25.574329	6.247268	385.736328	49.091461
-25.574329	6.247268	383.843750	58.364876
-25.574329	6.247268	381.951172	39.784576
-25.574329	6.247268	380.058594	57.010727
-25.574329	6.247268	378.164063	59.647911
-25.574329	6.247268	376.271484	70.234940
-25.574329	6.247268	374.376953	82.141685
-25.574329	6.247268	372.480469	71.525398
-25.574329	6.247268	370.585938	51.644695
-25.574329	6.247268	368.689453	50.308258
-25.574329	6.247268	366.792969	54.266788
-25.574329	6.247268	364.896484	48.960579
-25.574329	6.247268	363.000000	56.886322
-25.574329	6.247268	361.101563	52.904663
-25.574329	6.247268	359.203125	55.536407
-25.574329	6.247268	357.304688	48.913055
-25.574329	6.247268	355.406250	55.509445
-25.574329	6.247268	353.505859	51.531971
-25.574329	6.247268	351.605469	58.124516
-25.574329	6.247268	349.705078	58.110401
-25.574329	6.247268	347.804688	43.572216
-25.574329	6.247268	345.902344	36.961388
-25.574329	6.247268	344.001953	43.551056
-25.574329	6.247268	342.099609	52.776337
-25.574329	6.247268	340.195313	47.487167
-25.574329	6.247268	338.292969	55.388241
-25.574329	6.247268	336.388672	38.234970
-25.574329	6.247268	334.484375	38.225681
-25.574329	6.247268	332.580078	34.262978
-25.574329	6.247268	330.675781	39.524601
-25.574329	6.247268	328.769531	35.563499
-25.574329	6.247268	326.863281	43.455936
-25.574329	6.247268	324.957031	39.495800
-25.574329	6.247268	323.048828	39.486202
-25.574329	6.247268	321.142578	40.792496
-25.574329	6.247268	319.234375	32.889183
-25.574329	6.247268	317.326172	30.250694
-25.574329	6.247268	315.417969	34.188126
-25.574329	6.247268	313.507813	30.235994
-25.574329	6.247268	311.597656	28.914358
-25.574329	6.247268	309.687500	38.105118
-25.574329	6.247268	307.777344	43.350460
-25.574329	6.247268	305.865234	31.519943
-25.574329	6.247268	303.955078	32.825294
-25.574329	6.247268	302.042969	39.380779
-25.574329	6.247268	300.128906	41.995956
-25.574329	6.247268	298.216797	27.553148
-25.574329	6.247268	296.302734	30.169922
-25.574329	6.247268	294.388672	32.785423
-25.574329	6.247268	292.474609	35.399651
-25.574329	6.247268	290.560547	31.458706
-25.574329	6.247268	288.644531	44.555668
-25.574329	6.247268	286.728516	48.475262
-25.574329	6.247268	284.812500	60.251892
-25.574329	6.247268	282.896484	45.832687
-25.574329	6.247268	280.978516	53.676666
-25.574329	6.247268	279.060547	64.134567
-25.574329	6.247268	277.142578	58.884773
-25.574329	6.247268	275.224609	66.719849
-25.574329	6.247268	273.304688	65.395714
-25.574329	6.247268	271.384766	67.995010
-25.574329	6.247268	269.464844	67.978477
-25.574329	6.247268	267.544922	112.398613
-25.574329	6.247268	265.623047	129.357635
-25.574329	6.247268	263.703125	206.399368
-25.574329	6.247268	261.781250	287.321655
-25.574329	6.247268	259.857422	312.059906
-25.574329	6.247268	257.935547	284.571228
-25.574329	6.247268	256.011719	233.604874
-25.574329	6.247268	254.087891	254.423874
-25.574329	6.247268	252.164063	692.647339
-25.574329	6.247268	250.240234	1751.410889
-25.574329	6.247268	248.314453	1850.072876
-25.574329	6.247268	246.388672	822.489197
-25.574329	6.247268	244.462891	376.611053
-25.574329	6.247268	242.535156	246.235931
-25.574329	6.247268	240.609375	184.957672
-25.574329	6.247268	238.681641	160.170853
-25.574329	6.247268	236.753906	158.830032
-25.574329	6.247268	234.824219	115.839638
-25.574329	6.247268	232.896484	91.087677
-25.574329	6.247268	230.966797	92.366463
-25.574329	6.247268	229.037109	79.337807
-25.574329	6.247268	227.107422	76.717911
-25.574329	6.247268	225.175781	76.699257
-25.574329	6.247268	223.244141	77.980278
-25.574329	6.247268	221.312500	87.056808
-25.574329	6.247268	219.380859	88.334686
-25.574329	6.247268	217.447266	76.624695
-25.574329	6.247268	215.515625	85.694923
-25.574329	6.247268	213.582031	73.991257
-25.574329	6.247268	211.646484	67.484383
-25.574329	6.247268	209.712891	66.170517
-25.574329	6.247268	207.777344	55.777267
-25.574329	6.247268	205.841797	42.795403
-25.574329	6.247268	203.906250	45.378029
-25.574329	6.247268	201.968750	42.774597
-25.574329	6.247268	200.033203	41.468315
-25.574329	6.247268	198.095703	31.093676
-25.574329	6.247268	196.158203	27.200354
-25.574329	6.247268	194.218750	24.603861
-25.574329	6.247268	192.281250	29.776382
-25.574329	6.247268	190.341797	20.708971
-25.574329	6.247268	188.402344	24.585926
-25.574329	6.247268	186.460938	25.873631
-25.574329	6.247268	184.521484	27.160709
-25.574329	6.247268	182.580078	32.326321
-25.574329	6.247268	180.638672	25.854771
-25.574329	6.247268	178.695313	29.725761
-25.574329	6.247268	176.753906	20.673765
-25.574329	6.247268	174.810547	27.127724
-25.574329	6.247268	172.867188	27.121132
-25.574329	6.247268	170.921875	24.532204
-25.574329	6.247268	168.978516	33.562229
-25.574329	6.247268	167.033203	30.972990
-25.574329	6.247268	165.087891	24.514326
-25.574329	6.247268	163.142578	24.508371
-25.574329	6.247268	161.195313	37.398426
-25.574329	6.247268	159.248047	28.364326
-25.574329	6.247268	157.300781	34.802307
-25.574329	6.247268	155.353516	33.505192
-25.574329	6.247268	153.406250	34.785404
-25.574329	6.247268	151.457031	37.353024
-25.574329	6.247268	149.507813	42.494843
-25.574329	6.247268	147.558594	46.346748
-25.574329	6.247268	145.607422	51.483883
-25.574329	6.247268	143.658203	46.324242
-25.574329	6.247268	141.707031	46.312992
-25.574329	6.247268	139.753906	61.735661
-25.574329	6.247268	137.802734	65.578217
-25.574329	6.247268	135.849609	66.847824
-25.574329	6.247268	133.896484	71.972488
-25.574329	6.247268	131.943359	64.245552
-25.574329	6.247268	129.990234	51.383965
-25.574329	6.247268	128.035156	56.508636
-25.574329	6.247268	126.080078	52.642994
-25.574329	6.247268	124.125000	44.928234
-25.574329	6.247268	122.169922	51.334091
-25.574329	6.247268	120.212891	61.585960
-25.574329	6.247268	118.255859	57.722824
-25.574329	6.247268	116.298828	48.731892
-25.574329	6.247268	114.341797	44.873745
-25.574329	6.247268	112.382813	43.581062
-25.574329	6.247268	110.423828	30.755638
-25.574329	6.247268	108.464844	28.185829
-25.574329	6.247268	106.505859	26.898129
-25.574329	6.247268	104.544922	16.647184
-25.574329	6.247268	102.585938	8.961694
-25.574329	6.247268	100.625000	7.679589
-25.574329	6.247268	98.662109	5.118484
-25.574329	6.247268	96.701172	1.279311
-25.574329	6.247268	94.738281	2.558001
-25.574329	6.247268	92.775391	2.557381
-25.574329	6.247268	90.812500	2.556761
-25.574329	6.247268	88.847656	1.278070
-25.574329	6.247268	86.882813	-1.277761
-25.574329	6.247268	84.917969	-1.277451
-25.574329	6.247268	82.953125	-1.277141
-25.574329	6.247268	80.988281	0.000000
-25.574329	6.247268	79.021484	1.276522
-25.574329	6.247268	77.054688	3.828639
-25.574329	6.247268	75.087891	1.275904
-25.574329	6.247268	73.119141	-1.275595
-25.574329	6.247268	71.152344	0.000000
-25.574329	6.247268	69.183594	-1.274977
-25.574329	6.247268	67.212891	1.274668
-25.574329	6.247268	65.244141	1.274359
-25.574329	6.247268	63.273438	0.000000
-25.574329	6.247268	61.302734	3.821227
-25.574329	6.247268	59.332031	0.000000
-22.574329	6.247268	1838.626953	16.071486
-22.574329	6.247268	1837.066406	11.250040
-22.574329	6.247268	1835.503906	11.247646
-22.574329	6.247268	1833.941406	11.245253
-22.574329	6.247268	1832.378906	14.455106
-22.574329	6.247268	1830.816406	9.634686
-22.574329	6.247268	1829.251953	16.054394
-22.574329	6.247268	1827.687500	14.445879
-22.574329	6.247268	1826.125000	11.233293
-22.574329	6.247268	1824.560547	8.022073
-22.574329	6.247268	1822.994141	12.832585
-22.574329	6.247268	1821.429688	14.433586
-22.574329	6.247268	1819.865234	16.033905
-22.574329	6.247268	1818.298828	19.236589
-22.574329	6.247268	1816.732422	16.027081
-22.574329	6.247268	1815.166016	16.023668
-22.574329	6.247268	1813.599609	22.428360
-22.574329	6.247268	1812.033203	16.016848
-22.574329	6.247268	1810.464844	12.810750
-22.574329	6.247268	1808.896484	12.808023
-22.574329	6.247268	1807.330078	22.409269
-22.574329	6.247268	1805.759766	16.003214
-22.574329	6.247268	1804.191406	12.799845
-22.574329	6.247268	1802.623047	9.597840
-22.574329	6.247268	1801.052734	9.595797
-22.574329	6.247268	1799.484375	17.588549
-22.574329	6.247268	1797.914063	17.584803
-22.574329	6.247268	1796.343750	14.384502
-22.574329	6.247268	1794.771484	19.175253
-22.574329	6.247268	1793.201172	11.183182
-22.574329	6.247268	1791.628906	15.972572
-22.574329	6.247268	1790.058594	12.775336
-22.574329	6.247268	1788.486328	14.369192
-22.574329	6.247268	1786.914063	14.366132
-22.574329	6.247268	1785.339844	22.342556
-22.574329	6.247268	1783.767578	11.168899
-22.574329	6.247268	1782.193359	9.571302
-22.574329	6.247268	1780.621094	12.759018
-22.574329	6.247268	1779.046875	14.350838
-22.574329	6.247268	1777.470703	12.753582
-22.574329	6.247268	1775.896484	19.126297
-22.574329	6.247268	1774.322266	11.154630
-22.574329	6.247268	1772.746094	11.152253
-22.574329	6.247268	1771.169922	15.928395
-22.574329	6.247268	1769.593750	14.332500
-22.574329	6.247268	1768.017578	17.513767
-22.574329	6.247268	1766.441406	9.550928
-22.574329	6.247268	1764.863281	11.140374
-22.574329	6.247268	1763.287109	15.911428
-22.574329	6.247268	1761.708984	20.680449
-22.574329	6.247268	1760.130859	12.723717
-22.574329	6.247268	1758.552734	14.311130
-22.574329	6.247268	1756.972656	15.897865
-22.574329	6.247268	1755.394531	11.126133
-22.574329	6.247268	1753.814453	11.123761
-22.574329	6.247268	1752.234375	12.710158
-22.574329	6.247268	1750.654297	17.472742
-22.574329	6.247268	1749.074219	19.057108
-22.574329	6.247268	1747.492188	14.289783
-22.574329	6.247268	1745.912109	15.874149
-22.574329	6.247268	1744.330078	11.109534
-22.574329	6.247268	1742.748047	11.107164
-22.574329	6.247268	1741.166016	14.277594
-22.574329	6.247268	1739.583984	19.032730
-22.574329	6.247268	1738.000000	14.271502
-22.574329	6.247268	1736.417969	9.512304
-22.574329	6.247268	1734.833984	15.850458
-22.574329	6.247268	1733.250000	15.847075
-22.574329	6.247268	1731.666016	20.596802
-22.574329	6.247268	1730.082031	17.424343
-22.574329	6.247268	1728.496094	12.669545
-22.574329	6.247268	1726.912109	14.250196
-22.574329	6.247268	1725.326172	14.247153
-22.574329	6.247268	1723.740234	12.661432
-22.574329	6.247268	1722.154297	17.405752
-22.574329	6.247268	1720.566406	17.402037
-22.574329	6.247268	1718.980469	17.398319
-22.574329	6.247268	1717.392578	17.394604
-22.574329	6.247268	1715.804688	14.228909
-22.574329	6.247268	1714.216797	7.903261
-22.574329	6.247268	1712.628906	17.383461
-22.574329	6.247268	1711.041016	18.959724
-22.574329	6.247268	1709.451172	17.376034
-22.574329	6.247268	1707.861328	17.372320
-22.574329	6.247268	1706.271484	18.947573
-22.574329	6.247268	1704.681641	15.786270
-22.574329	6.247268	1703.091797	14.204606
-22.574329	6.247268	1701.501953	22.091331
-22.574329	6.247268	1699.910156	7.888075
-22.574329	6.247268	1698.318359	11.040944
-22.574329	6.247268	1696.726563	14.192465
-22.574329	6.247268	1695.134766	7.883017
-22.574329	6.247268	1693.542969	20.491461
-22.574329	6.247268	1691.949219	18.911150
-22.574329	6.247268	1690.357422	7.877960
-22.574329	6.247268	1688.763672	14.177296
-22.574329	6.247268	1687.169922	12.599345
-22.574329	6.247268	1685.576172	22.044136
-22.574329	6.247268	1683.982422	12.593954
-22.574329	6.247268	1682.386719	26.756426
-22.574329	6.247268	1680.791016	12.588565
-22.574329	6.247268	1679.195313	15.732339
-22.574329	6.247268	1677.599609	15.728971
-22.574329	6.247268	1676.003906	14.153045
-22.574329	6.247268	1674.408203	17.294462
-22.574329	6.247268	1672.810547	15.718872
-22.574329	6.247268	1671.214844	14.143956
-22.574329	6.247268	1669.617188	14.140927
-22.574329	6.247268	1668.019531	6.283511
-22.574329	6.247268	1666.419922	6.282165
-22.574329	6.247268	1664.822266	10.991433
-22.574329	6.247268	1663.222656	21.978157
-22.574329	6.247268	1661.623047	12.556256
-22.574329	6.247268	1660.023438	10.984370
-22.574329	6.247268	1658.423828	9.413157
-22.574329	6.247268	1656.824219	15.685232
-22.574329	6.247268	1655.222656	12.545497
-22.574329	6.247268	1653.623047	9.407105
-22.574329	6.247268	1652.021484	21.945208
-22.574329	6.247268	1650.419922	17.238966
-22.574329	6.247268	1648.818359	20.368954
-22.574329	6.247268	1647.214844	14.098559
-22.574329	6.247268	1645.613281	9.397024
-22.574329	6.247268	1644.009766	20.355850
-22.574329	6.247268	1642.406250	17.220488
-22.574329	6.247268	1640.802734	14.086466
-22.574329	6.247268	1639.199219	10.953790
-22.574329	6.247268	1637.593750	17.209404
-22.574329	6.247268	1635.990234	15.641555
-22.574329	6.247268	1634.384766	9.382918
-22.574329	6.247268	1632.779297	14.071357
-22.574329	6.247268	1631.173828	12.505187
-22.574329	6.247268	1629.568359	15.628127
-22.574329	6.247268	1627.960938	15.624771
-22.574329	6.247268	1626.353516	15.621415
-22.574329	6.247268	1624.748047	14.056253
-22.574329	6.247268	1623.140625	12.491764
-22.574329	6.247268	1621.531250	18.733620
-22.574329	6.247268	1619.923828	12.486396
-22.574329	6.247268	1618.314453	12.483713
-22.574329	6.247268	1616.707031	12.481030
-22.574329	6.247268	1615.097656	9.358760
-22.574329	6.247268	1613.488281	12.475664
-22.574329	6.247268	1611.878906	12.472982
-22.574329	6.247268	1610.267578	10.911512
-22.574329	6.247268	1608.656250	17.142975
-22.574329	6.247268	1607.046875	18.697405
-22.574329	6.247268	1605.435547	12.462255
-22.574329	6.247268	1603.824219	14.017020
-22.574329	6.247268	1602.210938	9.342669
-22.574329	6.247268	1600.599609	15.567765
-22.574329	6.247268	1598.986328	14.007973
-22.574329	6.247268	1597.373047	18.673277
-22.574329	6.247268	1595.759766	9.334628
-22.574329	6.247268	1594.146484	9.332619
-22.574329	6.247268	1592.533203	10.885711
-22.574329	6.247268	1590.917969	20.211966
-22.574329	6.247268	1589.302734	15.544317
-22.574329	6.247268	1587.687500	12.432775
-22.574329	6.247268	1586.072266	18.645144
-22.574329	6.247268	1584.457031	10.873990
-22.574329	6.247268	1582.839844	13.977832
-22.574329	6.247268	1581.224609	6.211030
-22.574329	6.247268	1579.607422	10.866961
-22.574329	6.247268	1577.990234	13.968794
-22.574329	6.247268	1576.373047	15.517535
-22.574329	6.247268	1574.755859	17.065609
-22.574329	6.247268	1573.136719	15.510843
-22.574329	6.247268	1571.517578	13.956747
-22.574329	6.247268	1569.898438	15.504151
-22.574329	6.247268	1568.279297	12.400644
-22.574329	6.247268	1566.660156	12.397968
-22.574329	6.247268	1565.041016	15.494116
-22.574329	6.247268	1563.419922	13.941694
-22.574329	6.247268	1561.798828	18.584911
-22.574329	6.247268	1560.177734	12.387266
-22.574329	6.247268	1558.556641	10.836517
-22.574329	6.247268	1556.935547	6.190958
-22.574329	6.247268	1555.312500	12.379241
-22.574329	6.247268	1553.691406	12.376566
-22.574329	6.247268	1552.068359	10.827155
-22.574329	6.247268	1550.445313	15.464022
-22.574329	6.247268	1548.822266	10.822475
-22.574329	6.247268	1547.197266	13.911604
-22.574329	6.247268	1545.574219	15.453995
-22.574329	6.247268	1543.949219	12.360522
-22.574329	6.247268	1542.324219	16.992043
-22.574329	6.247268	1540.699219	9.266382
-22.574329	6.247268	1539.072266	7.720315
-22.574329	6.247268	1537.447266	18.524746
-22.574329	6.247268	1535.820313	16.977343
-22.574329	6.247268	1534.193359	12.344485
-22.574329	6.247268	1532.566406	16.969994
-22.574329	6.247268	1530.939453	10.796748
-22.574329	6.247268	1529.312500	9.252352
-22.574329	6.247268	1527.683594	16.958971
-22.574329	6.247268	1526.056641	18.496689
-22.574329	6.247268	1524.427734	13.869512
-22.574329	6.247268	1522.798828	12.325784
-22.574329	6.247268	1521.167969	16.944279
-22.574329	6.247268	1519.539063	13.860497
-22.574329	6.247268	1517.908203	10.778049
-22.574329	6.247268	1516.277344	16.933262
-22.574329	6.247268	1514.646484	13.851483
-22.574329	6.247268	1513.015625	12.309759
-22.574329	6.247268	1511.384766	13.845475
-22.574329	6.247268	1509.751953	13.842471
-22.574329	6.247268	1508.121094	16.914906
-22.574329	6.247268	1506.488281	12.299080
-22.574329	6.247268	1504.855469	15.370513
-22.574329	6.247268	1503.220703	12.293740
-22.574329	6.247268	1501.587891	10.754687
-22.574329	6.247268	1499.953125	16.896553
-22.574329	6.247268	1498.318359	16.892883
-22.574329	6.247268	1496.683594	13.818448
-22.574329	6.247268	1495.048828	12.280396
-22.574329	6.247268	1493.414063	10.743011
-22.574329	6.247268	1491.777344	12.275060
-22.574329	6.247268	1490.140625	15.340488
-22.574329	6.247268	1488.505859	13.803438
-22.574329	6.247268	1486.867188	15.333818
-22.574329	6.247268	1485.230469	12.264387
-22.574329	6.247268	1483.593750	16.859865
-22.574329	6.247268	1481.955078	7.661908
-22.574329	6.247268	1480.316406	9.192288
-22.574329	6.247268	1478.677734	18.380577
-22.574329	6.247268	1477.039063	16.845194
-22.574329	6.247268	1475.400391	15.310479
-22.574329	6.247268	1473.759766	10.715002
-22.574329	6.247268	1472.119141	21.425337
-22.574329	6.247268	1470.478516	16.830526
-22.574329	6.247268	1468.837891	13.767431
-22.574329	6.247268	1467.197266	13.764432
-22.574329	6.247268	1465.556641	9.174288
-22.574329	6.247268	1463.914063	12.229718
-22.574329	6.247268	1462.271484	16.812197
-22.574329	6.247268	1460.628906	18.336580
-22.574329	6.247268	1458.986328	16.804865
-22.574329	6.247268	1457.343750	15.273819
-22.574329	6.247268	1455.699219	9.162292
-22.574329	6.247268	1454.054688	19.847301
-22.574329	6.247268	1452.410156	15.263824
-22.574329	6.247268	1450.765625	16.786541
-22.574329	6.247268	1449.121094	16.782877
-22.574329	6.247268	1447.474609	15.253830
-22.574329	6.247268	1445.830078	13.725449
-22.574329	6.247268	1444.183594	15.247168
-22.574329	6.247268	1442.537109	10.670686
-22.574329	6.247268	1440.890625	12.192405
-22.574329	6.247268	1439.242188	15.237176
-22.574329	6.247268	1437.595703	9.140307
-22.574329	6.247268	1435.947266	10.661361
-22.574329	6.247268	1434.298828	24.363497
-22.574329	6.247268	1432.650391	12.179084
-22.574329	6.247268	1431.000000	18.264631
-22.574329	6.247268	1429.351563	16.738914
-22.574329	6.247268	1427.701172	15.213866
-22.574329	6.247268	1426.050781	13.689483
-22.574329	6.247268	1424.400391	10.645045
-22.574329	6.247268	1422.750000	10.642715
-22.574329	6.247268	1421.097656	16.720604
-22.574329	6.247268	1419.447266	13.677498
-22.574329	6.247268	1417.794922	10.635724
-22.574329	6.247268	1416.142578	10.633394
-22.574329	6.247268	1414.490234	10.631063
-22.574329	6.247268	1412.835938	13.665515
-22.574329	6.247268	1411.183594	7.590289
-22.574329	6.247268	1409.529297	9.106350
-22.574329	6.247268	1407.875000	13.656528
-22.574329	6.247268	1406.220703	16.687653
-22.574329	6.247268	1404.566406	13.650538
-22.574329	6.247268	1402.910156	21.229513
-22.574329	6.247268	1401.255859	16.676670
-22.574329	6.247268	1399.599609	6.062913
-22.574329	6.247268	1397.943359	9.092373
-22.574329	6.247268	1396.287109	9.090377
-22.574329	6.247268	1394.628906	15.147300
-22.574329	6.247268	1392.970703	12.115178
-22.574329	6.247268	1391.314453	18.168776
-22.574329	6.247268	1389.656250	19.678514
-22.574329	6.247268	1387.998047	10.593795
-22.574329	6.247268	1386.337891	12.104532
-22.574329	6.247268	1384.679688	13.614605
-22.574329	6.247268	1383.019531	13.611611
-22.574329	6.247268	1381.359375	13.608618
-22.574329	6.247268	1379.699219	16.629095
-22.574329	6.247268	1378.039063	15.114034
-22.574329	6.247268	1376.376953	19.643919
-22.574329	6.247268	1374.716797	16.618120
-22.574329	6.247268	1373.054688	12.083244
-22.574329	6.247268	1371.392578	13.590656
-22.574329	6.247268	1369.728516	12.077923
-22.574329	6.247268	1368.066406	12.075262
-22.574329	6.247268	1366.402344	12.072602
-22.574329	6.247268	1364.740234	18.104912
-22.574329	6.247268	1363.076172	13.575691
-22.574329	6.247268	1361.412109	15.080776
-22.574329	6.247268	1359.746094	12.061961
-22.574329	6.247268	1358.082031	6.029650
-22.574329	6.247268	1356.416016	15.070801
-22.574329	6.247268	1354.750000	15.067475
-22.574329	6.247268	1353.083984	15.064151
-22.574329	6.247268	1351.417969	7.530413
-22.574329	6.247268	1349.750000	9.034501
-22.574329	6.247268	1348.083984	12.043342
-22.574329	6.247268	1346.416016	10.535597
-22.574329	6.247268	1344.748047	9.028517
-22.574329	6.247268	1343.078125	9.026522
-22.574329	6.247268	1341.410156	13.536791
-22.574329	6.247268	1339.740234	10.526288
-22.574329	6.247268	1338.072266	18.041077
-22.574329	6.247268	1336.402344	15.030907
-22.574329	6.247268	1334.730469	16.530340
-22.574329	6.247268	1333.060547	15.024259
-22.574329	6.247268	1331.388672	15.020934
-22.574329	6.247268	1329.718750	18.021133
-22.574329	6.247268	1328.046875	13.512858
-22.574329	6.247268	1326.375000	19.514252
-22.574329	6.247268	1324.701172	13.506876
-22.574329	6.247268	1323.029297	18.005180
-22.574329	6.247268	1321.355469	7.500496
-22.574329	6.247268	1319.681641	16.497437
-22.574329	6.247268	1318.007813	10.496042
-22.574329	6.247268	1316.333984	13.491920
-22.574329	6.247268	1314.660156	7.493850
-22.574329	6.247268	1312.984375	4.495313
-22.574329	6.247268	1311.308594	10.486737
-22.574329	6.247268	1309.632813	17.973276
-22.574329	6.247268	1307.957031	7.487204
-22.574329	6.247268	1306.279297	14.971085
-22.574329	6.247268	1304.603516	13.470986
-22.574329	6.247268	1302.925781	8.978663
-22.574329	6.247268	1301.248047	13.465005
-22.574329	6.247268	1299.570313	7.478897
-22.574329	6.247268	1297.892578	13.459024
-22.574329	6.247268	1296.212891	14.951149
-22.574329	6.247268	1294.533203	16.442610
-22.574329	6.247268	1292.853516	17.933405
-22.574329	6.247268	1291.173828	13.447063
-22.574329	6.247268	1289.494141	7.468930
-22.574329	6.247268	1287.812500	8.960723
-22.574329	6.247268	1286.132813	7.465608
-22.574329	6.247268	1284.451172	11.942315
-22.574329	6.247268	1282.769531	8.954743
-22.574329	6.247268	1281.085938	14.921249
-22.574329	6.247268	1279.404297	10.442550
-22.574329	6.247268	1277.720703	16.406067
-22.574329	6.247268	1276.039063	17.893541
-22.574329	6.247268	1274.355469	20.871147
-22.574329	6.247268	1272.669922	10.433249
-22.574329	6.247268	1270.986328	14.901320
-22.574329	6.247268	1269.300781	11.918398
-22.574329	6.247268	1267.615234	5.957870
-22.574329	6.247268	1265.929688	13.402219
-22.574329	6.247268	1264.244141	16.376837
-22.574329	6.247268	1262.558594	2.976942
-22.574329	6.247268	1260.871094	13.393251
-22.574329	6.247268	1259.185547	11.902455
-22.574329	6.247268	1257.498047	8.924849
-22.574329	6.247268	1255.808594	7.435713
-22.574329	6.247268	1254.121094	16.354916
-22.574329	6.247268	1252.433594	10.405350
-22.574329	6.247268	1250.744141	11.889171
-22.574329	6.247268	1249.054688	5.943257
-22.574329	6.247268	1247.365234	17.825787
-22.574329	6.247268	1245.673828	13.366351
-22.574329	6.247268	1243.984375	14.848180
-22.574329	6.247268	1242.292969	10.391401
-22.574329	6.247268	1240.601563	10.389077
-22.574329	6.247268	1238.910156	7.419109
-22.574329	6.247268	1237.218750	19.285366
-22.574329	6.247268	1235.525391	5.932631
-22.574329	6.247268	1233.833984	8.896954
-22.574329	6.247268	1232.140625	13.342443
-22.574329	6.247268	1230.447266	16.303776
-22.574329	6.247268	1228.753906	17.781954
-22.574329	6.247268	1227.058594	14.814975
-22.574329	6.247268	1225.365234	8.886992
-22.574329	6.247268	1223.669922	14.808333
-22.574329	6.247268	1221.974609	19.246517
-22.574329	6.247268	1220.277344	19.242201
-22.574329	6.247268	1218.582031	16.278210
-22.574329	6.247268	1216.884766	13.315548
-22.574329	6.247268	1215.189453	11.833386
-22.574329	6.247268	1213.492188	10.351890
-22.574329	6.247268	1211.792969	8.871056
-22.574329	6.247268	1210.095703	13.303596
-22.574329	6.247268	1208.396484	19.211988
-22.574329	6.247268	1206.699219	11.820107
-22.574329	6.247268	1205.000000	11.817451
-22.574329	6.247268	1203.298828	7.384247
-22.574329	6.247268	1201.599609	11.812140
-22.574329	6.247268	1199.900391	17.714226
-22.574329	6.247268	1198.199219	17.710241
-22.574329	6.247268	1196.498047	11.804173
-22.574329	6.247268	1194.796875	10.326327
-22.574329	6.247268	1193.093750	8.849146
-22.574329	6.247268	1191.392578	5.898103
-22.574329	6.247268	1189.689453	14.741937
-22.574329	6.247268	1187.986328	19.160204
-22.574329	6.247268	1186.283203	8.841179
-22.574329	6.247268	1184.580078	10.312386
-22.574329	6.247268	1182.875000	11.782928
-22.574329	6.247268	1181.169922	8.835204
-22.574329	6.247268	1179.464844	17.666426
-22.574329	6.247268	1177.759766	20.606182
-22.574329	6.247268	1176.054688	19.129997
-22.574329	6.247268	1174.347656	11.769651
-22.574329	6.247268	1172.642578	10.296122
-22.574329	6.247268	1170.935547	13.234883
-22.574329	6.247268	1169.228516	13.231896
-22.574329	6.247268	1167.519531	13.228909
-22.574329	6.247268	1165.812500	14.695469
-22.574329	6.247268	1164.103516	14.692150
-22.574329	6.247268	1162.394531	8.813299
-22.574329	6.247268	1160.685547	7.342756
-22.574329	6.247268	1158.976563	13.213975
-22.574329	6.247268	1157.265625	22.018312
-22.574329	6.247268	1155.556641	14.675556
-22.574329	6.247268	1153.845703	13.205014
-22.574329	6.247268	1152.134766	14.668920
-22.574329	6.247268	1150.423828	11.732481
-22.574329	6.247268	1148.710938	10.263597
-22.574329	6.247268	1146.998047	8.795379
-22.574329	6.247268	1145.287109	10.258952
-22.574329	6.247268	1143.572266	11.721862
-22.574329	6.247268	1141.859375	7.324504
-22.574329	6.247268	1140.146484	13.181122
-22.574329	6.247268	1138.431641	10.249660
-22.574329	6.247268	1136.716797	14.639054
-22.574329	6.247268	1135.001953	20.490030
-22.574329	6.247268	1133.287109	14.632418
-22.574329	6.247268	1131.570313	17.554920
-22.574329	6.247268	1129.855469	23.401251
-22.574329	6.247268	1128.138672	11.697970
-22.574329	6.247268	1126.421875	14.619145
-22.574329	6.247268	1124.703125	13.154244
-22.574329	6.247268	1122.986328	16.073761
-22.574329	6.247268	1121.267578	13.148273
-22.574329	6.247268	1119.548828	14.605874
-22.574329	6.247268	1117.830078	11.682045
-22.574329	6.247268	1116.111328	18.979010
-22.574329	6.247268	1114.392578	17.515104
-22.574329	6.247268	1112.671875	14.592604
-22.574329	6.247268	1110.951172	14.589286
-22.574329	6.247268	1109.230469	7.292984
-22.574329	6.247268	1107.509766	13.124386
-22.574329	6.247268	1105.787109	11.663466
-22.574329	6.247268	1104.066406	11.660812
-22.574329	6.247268	1102.343750	16.029968
-22.574329	6.247268	1100.621094	16.026320
-22.574329	6.247268	1098.896484	14.566064
-22.574329	6.247268	1097.173828	4.368824
-22.574329	6.247268	1095.449219	11.647543
-22.574329	6.247268	1093.724609	10.189279
-22.574329	6.247268	1092.000000	13.097515
-22.574329	6.247268	1090.275391	14.549478
-22.574329	6.247268	1088.550781	16.000776
-22.574329	6.247268	1086.824219	14.542844
-22.574329	6.247268	1085.097656	11.631621
-22.574329	6.247268	1083.371094	11.628968
-22.574329	6.247268	1081.644531	15.986182
-22.574329	6.247268	1079.916016	10.170704
-22.574329	6.247268	1078.189453	11.621008
-22.574329	6.247268	1076.460938	13.070649
-22.574329	6.247268	1074.732422	17.423552
-22.574329	6.247268	1073.001953	13.064679
-22.574329	6.247268	1071.273438	15.964293
-22.574329	6.247268	1069.542969	13.058709
-22.574329	6.247268	1067.812500	15.956996
-22.574329	6.247268	1066.082031	11.602435
-22.574329	6.247268	1064.351563	14.499727
-22.574329	6.247268	1062.619141	15.946053
-22.574329	6.247268	1060.888672	13.043785
-22.574329	6.247268	1059.156250	14.489779
-22.574329	6.247268	1057.421875	17.383755
-22.574329	6.247268	1055.689453	17.379776
-22.574329	6.247268	1053.957031	10.135881
-22.574329	6.247268	1052.222656	15.924166
-22.574329	6.247268	1050.488281	14.473199
-22.574329	6.247268	1048.753906	18.810848
-22.574329	6.247268	1047.019531	13.019910
-22.574329	6.247268	1045.283203	15.909576
-22.574329	6.247268	1043.546875	5.783974
-22.574329	6.247268	1041.810547	14.456620
-22.574329	6.247268	1040.074219	18.789295
-22.574329	6.247268	1038.337891	13.004990
-22.574329	6.247268	1036.599609	10.112671
-22.574329	6.247268	1034.861328	8.666015
-22.574329	6.247268	1033.123047	11.552033
-22.574329	6.247268	1031.384766	14.436727
-22.574329	6.247268	1029.646484	15.876753
-22.574329	6.247268	1027.906250	20.202135
-22.574329	6.247268	1026.167969	12.984103
-22.574329	6.247268	1024.427734	20.192852
-22.574329	6.247268	1022.685547	15.862166
-22.574329	6.247268	1020.945313	18.741888
-22.574329	6.247268	1019.203125	24.502987
-22.574329	6.247268	1017.462891	17.292248
-22.574329	6.247268	1015.720703	20.169649
-22.574329	6.247268	1013.976563	17.284292
-22.574329	6.247268	1012.234375	18.720341
-22.574329	6.247268	1010.490234	20.155727
-22.574329	6.247268	1008.746094	20.151087
-22.574329	6.247268	1007.001953	24.463543
-22.574329	6.247268	1005.257813	14.387005
-22.574329	6.247268	1003.513672	17.260429
-22.574329	6.247268	1001.767578	21.570564
-22.574329	6.247268	1000.021484	20.127888
-22.574329	6.247268	998.275391	21.560621
-22.574329	6.247268	996.529297	18.681564
-22.574329	6.247268	994.781250	24.424105
-22.574329	6.247268	993.035156	20.109329
-22.574329	6.247268	991.287109	22.976788
-22.574329	6.247268	989.539063	24.407204
-22.574329	6.247268	987.789063	24.401571
-22.574329	6.247268	986.041016	31.571213
-22.574329	6.247268	984.291016	25.825027
-22.574329	6.247268	982.541016	30.122242
-22.574329	6.247268	980.791016	34.417465
-22.574329	6.247268	979.041016	28.674595
-22.574329	6.247268	977.289063	18.634180
-22.574329	6.247268	975.537109	35.826679
-22.574329	6.247268	973.785156	35.818398
-22.574329	6.247268	972.033203	35.810112
-22.574329	6.247268	970.281250	32.937683
-22.574329	6.247268	968.527344	40.088776
-22.574329	6.247268	966.773438	38.648090
-22.574329	6.247268	965.019531	32.914825
-22.574329	6.247268	963.265625	35.768703
-22.574329	6.247268	961.511719	31.469172
-22.574329	6.247268	959.755859	32.891972
-22.574329	6.247268	958.000000	35.743862
-22.574329	6.247268	956.244141	27.159040
-22.574329	6.247268	954.488281	22.865473
-22.574329	6.247268	952.730469	30.003977
-22.574329	6.247268	950.974609	32.853882
-22.574329	6.247268	949.216797	38.558659
-22.574329	6.247268	947.458984	25.699810
-22.574329	6.247268	945.701172	38.540775
-22.574329	6.247268	943.941406	34.250519
-22.574329	6.247268	942.181641	34.242569
-22.574329	6.247268	940.421875	32.808182
-22.574329	6.247268	938.662109	31.374453
-22.574329	6.247268	936.902344	24.238266
-22.574329	6.247268	935.140625	21.381739
-22.574329	6.247268	933.380859	22.801891
-22.574329	6.247268	931.619141	19.947020
-22.574329	6.247268	929.855469	21.366840
-22.574329	6.247268	928.093750	11.393000
-22.574329	6.247268	926.330078	18.509319
-22.574329	6.247268	924.568359	21.351942
-22.574329	6.247268	922.804688	17.077581
-22.574329	6.247268	921.039063	12.805206
-22.574329	6.247268	919.275391	12.802227
-22.574329	6.247268	917.509766	11.377110
-22.574329	6.247268	915.744141	18.483500
-22.574329	6.247268	913.978516	11.371814
-22.574329	6.247268	912.212891	18.474894
-22.574329	6.247268	910.447266	18.470591
-22.574329	6.247268	908.679688	15.625321
-22.574329	6.247268	906.912109	21.302292
-22.574329	6.247268	905.144531	21.297329
-22.574329	6.247268	903.375000	11.355927
-22.574329	6.247268	901.607422	21.287401
-22.574329	6.247268	899.837891	14.188292
-22.574329	6.247268	898.068359	18.440477
-22.574329	6.247268	896.298828	15.599841
-22.574329	6.247268	894.529297	17.014038
-22.574329	6.247268	892.757813	17.010067
-22.574329	6.247268	890.986328	21.257622
-22.574329	6.247268	889.214844	18.418972
-22.574329	6.247268	887.443359	26.913750
-22.574329	6.247268	885.669922	19.826553
-22.574329	6.247268	883.898438	15.574367
-22.574329	6.247268	882.125000	25.479374
-22.574329	6.247268	880.351563	21.227850
-22.574329	6.247268	878.578125	21.222889
-22.574329	6.247268	876.802734	18.388870
-22.574329	6.247268	875.027344	18.384571
-22.574329	6.247268	873.251953	19.794138
-22.574329	6.247268	871.476563	18.375973
-22.574329	6.247268	869.701172	11.305645
-22.574329	6.247268	867.923828	11.302999
-22.574329	6.247268	866.146484	15.537987
-22.574329	6.247268	864.369141	14.122136
-22.574329	6.247268	862.591797	19.766361
-22.574329	6.247268	860.814453	15.527076
-22.574329	6.247268	859.035156	21.168325
-22.574329	6.247268	857.255859	21.163366
-22.574329	6.247268	855.476563	19.747849
-22.574329	6.247268	853.697266	19.743219
-22.574329	6.247268	851.916016	23.968290
-22.574329	6.247268	850.136719	19.733965
-22.574329	6.247268	848.355469	14.092383
-22.574329	6.247268	846.574219	15.497986
-22.574329	6.247268	844.791016	15.494350
-22.574329	6.247268	843.009766	12.674222
-22.574329	6.247268	841.226563	14.079164
-22.574329	6.247268	839.443359	15.483445
-22.574329	6.247268	837.660156	16.887066
-22.574329	6.247268	835.875000	11.255401
-22.574329	6.247268	834.091797	21.098919
-22.574329	6.247268	832.306641	16.875172
-22.574329	6.247268	830.521484	12.653405
-22.574329	6.247268	828.734375	15.461638
-22.574329	6.247268	826.949219	16.863277
-22.574329	6.247268	825.162109	19.669199
-22.574329	6.247268	823.375000	22.473801
-22.574329	6.247268	821.587891	16.851387
-22.574329	6.247268	819.800781	16.847424
-22.574329	6.247268	818.011719	16.843460
-22.574329	6.247268	816.222656	11.226332
-22.574329	6.247268	814.433594	11.223689
-22.574329	6.247268	812.644531	14.026310
-22.574329	6.247268	810.855469	21.034512
-22.574329	6.247268	809.064453	16.823647
-22.574329	6.247268	807.273438	14.016404
-22.574329	6.247268	805.482422	12.611793
-22.574329	6.247268	803.691406	18.212742
-22.574329	6.247268	801.898438	15.407150
-22.574329	6.247268	800.107422	15.403519
-22.574329	6.247268	798.314453	19.599857
-22.574329	6.247268	796.521484	18.195578
-22.574329	6.247268	794.726563	15.392627
-22.574329	6.247268	792.933594	19.585997
-22.574329	6.247268	791.138672	12.588027
-22.574329	6.247268	789.343750	12.585057
-22.574329	6.247268	787.546875	15.378107
-22.574329	6.247268	785.751953	15.374477
-22.574329	6.247268	783.955078	11.178799
-22.574329	6.247268	782.158203	16.764240
-22.574329	6.247268	780.361328	13.966901
-22.574329	6.247268	778.564453	11.170881
-22.574329	6.247268	776.765625	20.940454
-22.574329	6.247268	774.968750	13.957005
-22.574329	6.247268	773.169922	23.721302
-22.574329	6.247268	771.369141	18.135530
-22.574329	6.247268	769.570313	16.736532
-22.574329	6.247268	767.769531	15.338195
-22.574329	6.247268	765.970703	22.304825
-22.574329	6.247268	764.167969	19.512106
-22.574329	6.247268	762.367188	16.720707
-22.574329	6.247268	760.566406	12.537562
-22.574329	6.247268	758.763672	15.320062
-22.574329	6.247268	756.960938	20.886049
-22.574329	6.247268	755.158203	18.096956
-22.574329	6.247268	753.353516	19.484417
-22.574329	6.247268	751.550781	11.131315
-22.574329	6.247268	749.746094	15.301934
-22.574329	6.247268	747.941406	18.079821
-22.574329	6.247268	746.136719	22.246813
-22.574329	6.247268	744.330078	11.120771
-22.574329	6.247268	742.523438	13.897669
-22.574329	6.247268	740.718750	16.673250
-22.574329	6.247268	738.910156	18.058405
-22.574329	6.247268	737.103516	22.220459
-22.574329	6.247268	735.294922	16.661392
-22.574329	6.247268	733.488281	15.269320
-22.574329	6.247268	731.679688	13.877906
-22.574329	6.247268	729.869141	16.649536
-22.574329	6.247268	728.060547	16.645584
-22.574329	6.247268	726.250000	19.415239
-22.574329	6.247268	724.439453	19.410629
-22.574329	6.247268	722.628906	16.633732
-22.574329	6.247268	720.818359	20.787228
-22.574329	6.247268	719.005859	16.625832
-22.574329	6.247268	717.195313	18.007038
-22.574329	6.247268	715.382813	12.463449
-22.574329	6.247268	713.568359	16.613983
-22.574329	6.247268	711.755859	11.073357
-22.574329	6.247268	709.941406	12.454564
-22.574329	6.247268	708.126953	13.835114
-22.574329	6.247268	706.312500	12.448643
-22.574329	6.247268	704.498047	12.445682
-22.574329	6.247268	702.681641	11.060197
-22.574329	6.247268	700.867188	16.586348
-22.574329	6.247268	699.050781	12.436801
-22.574329	6.247268	697.232422	11.052303
-22.574329	6.247268	695.416016	12.430882
-22.574329	6.247268	693.597656	12.427922
-22.574329	6.247268	691.779297	13.805514
-22.574329	6.247268	689.960938	11.041781
-22.574329	6.247268	688.142578	8.279364
-22.574329	6.247268	686.324219	15.175218
-22.574329	6.247268	684.503906	12.413129
-22.574329	6.247268	682.683594	13.789080
-22.574329	6.247268	680.863281	22.057268
-22.574329	6.247268	679.041016	15.160758
-22.574329	6.247268	677.218750	13.779222
-22.574329	6.247268	675.398438	13.775936
-22.574329	6.247268	673.576172	19.281712
-22.574329	6.247268	671.751953	9.638556
-22.574329	6.247268	669.929688	13.766081
-22.574329	6.247268	668.105469	15.139076
-22.574329	6.247268	666.281250	17.887367
-22.574329	6.247268	664.457031	22.009966
-22.574329	6.247268	662.630859	13.752946
-22.574329	6.247268	660.806641	17.874561
-22.574329	6.247268	658.980469	16.495655
-22.574329	6.247268	657.154297	20.614645
-22.574329	6.247268	655.326172	19.235741
-22.574329	6.247268	653.500000	21.978453
-22.574329	6.247268	651.671875	24.719852
-22.574329	6.247268	649.843750	17.848961
-22.574329	6.247268	648.015625	15.099358
-22.574329	6.247268	646.185547	17.840429
-22.574329	6.247268	644.357422	26.068241
-22.574329	6.247268	642.527344	21.946955
-22.574329	6.247268	640.697266	19.198994
-22.574329	6.247268	638.865234	16.452345
-22.574329	6.247268	637.035156	19.189812
-22.574329	6.247268	635.203125	19.185221
-22.574329	6.247268	633.371094	21.920721
-22.574329	6.247268	631.539063	21.915476
-22.574329	6.247268	629.705078	27.387789
-22.574329	6.247268	627.873047	27.381233
-22.574329	6.247268	626.039063	17.793541
-22.574329	6.247268	624.203125	25.999720
-22.574329	6.247268	622.369141	16.416943
-22.574329	6.247268	620.535156	31.458271
-22.574329	6.247268	618.699219	20.511351
-22.574329	6.247268	616.863281	19.139341
-22.574329	6.247268	615.025391	17.767986
-22.574329	6.247268	613.189453	19.130171
-22.574329	6.247268	611.351563	23.223925
-22.574329	6.247268	609.513672	19.121002
-22.574329	6.247268	607.675781	20.481876
-22.574329	6.247268	605.837891	21.842096
-22.574329	6.247268	603.998047	20.472055
-22.574329	6.247268	602.158203	24.560575
-22.574329	6.247268	600.318359	15.005641
-22.574329	6.247268	598.478516	23.184973
-22.574329	6.247268	596.636719	17.725431
-22.574329	6.247268	594.796875	20.447514
-22.574329	6.247268	592.955078	20.442606
-22.574329	6.247268	591.111328	14.987647
-22.574329	6.247268	589.269531	24.519354
-22.574329	6.247268	587.425781	21.789749
-22.574329	6.247268	585.583984	16.338388
-22.574329	6.247268	583.738281	16.334465
-22.574329	6.247268	581.894531	19.052298
-22.574329	6.247268	580.050781	14.966067
-22.574329	6.247268	578.205078	16.322697
-22.574329	6.247268	576.359375	14.958878
-22.574329	6.247268	574.513672	23.112711
-22.574329	6.247268	572.666016	19.029423
-22.574329	6.247268	570.818359	21.742685
-22.574329	6.247268	568.970703	23.096050
-22.574329	6.247268	567.123047	10.866117
-22.574329	6.247268	565.275391	14.937318
-22.574329	6.247268	563.425781	14.933726
-22.574329	6.247268	561.576172	14.930135
-22.574329	6.247268	559.726563	13.569585
-22.574329	6.247268	557.876953	20.349482
-22.574329	6.247268	556.027344	21.700891
-22.574329	6.247268	554.175781	14.915773
-22.574329	6.247268	552.324219	23.046103
-22.574329	6.247268	550.472656	18.974575
-22.574329	6.247268	548.619141	17.615007
-22.574329	6.247268	546.767578	25.738813
-22.574329	6.247268	544.914063	18.960876
-22.574329	6.247268	543.060547	25.726421
-22.574329	6.247268	541.205078	27.073923
-22.574329	6.247268	539.351563	27.067402
-22.574329	6.247268	537.496094	28.413927
-22.574329	6.247268	535.640625	39.228828
-22.574329	6.247268	533.785156	36.514595
-22.574329	6.247268	531.927734	47.322327
-22.574329	6.247268	530.070313	52.717888
-22.574329	6.247268	528.212891	66.219330
-22.574329	6.247268	526.355469	104.033867
-22.574329	6.247268	524.498047	151.285507
-22.574329	6.247268	522.638672	392.977417
-22.574329	6.247268	520.779297	602.150085
-22.574329	6.247268	518.919922	496.721527
-22.574329	6.247268	517.060547	279.338470
-22.574329	6.247268	515.199219	124.120491
-22.574329	6.247268	513.339844	84.975052
-22.574329	6.247268	511.478516	66.075768
-22.574329	6.247268	509.615234	52.578228
-22.574329	6.247268	507.753906	51.217705
-22.574329	6.247268	505.890625	43.120293
-22.574329	6.247268	504.027344	41.762703
-22.574329	6.247268	502.164063	43.099480
-22.574329	6.247268	500.300781	44.435612
-22.574329	6.247268	498.435547	43.078674
-22.574329	6.247268	496.570313	44.414158
-22.574329	6.247268	494.705078	48.440109
-22.574329	6.247268	492.839844	43.047478
-22.574329	6.247268	490.972656	39.002357
-22.574329	6.247268	489.107422	34.959183
-22.574329	6.247268	487.240234	34.950741
-22.574329	6.247268	485.371094	33.598362
-22.574329	6.247268	483.503906	32.246635
-22.574329	6.247268	481.634766	25.522419
-22.574329	6.247268	479.765625	21.487370
-22.574329	6.247268	477.896484	26.852720
-22.574329	6.247268	476.027344	25.503920
-22.574329	6.247268	474.156250	18.787819
-22.574329	6.247268	472.285156	17.441614
-22.574329	6.247268	470.414063	17.437399
-22.574329	6.247268	468.542969	20.115210
-22.574329	6.247268	466.669922	21.451036
-22.574329	6.247268	464.796875	24.126579
-22.574329	6.247268	462.923828	13.400414
-22.574329	6.247268	461.050781	18.756042
-22.574329	6.247268	459.177734	16.072720
-22.574329	6.247268	457.302734	13.390693
-22.574329	6.247268	455.427734	24.097414
-22.574329	6.247268	453.552734	21.414742
-22.574329	6.247268	451.675781	22.747658
-22.574329	6.247268	449.800781	25.417700
-22.574329	6.247268	447.923828	24.074099
-22.574329	6.247268	446.046875	18.719767
-22.574329	6.247268	444.169922	22.725645
-22.574329	6.247268	442.291016	21.383663
-22.574329	6.247268	440.412109	21.378487
-22.574329	6.247268	438.533203	20.037479
-22.574329	6.247268	436.654297	17.361610
-22.574329	6.247268	434.773438	17.357407
-22.574329	6.247268	432.894531	20.022926
-22.574329	6.247268	431.013672	17.349001
-22.574329	6.247268	429.130859	20.013229
-22.574329	6.247268	427.250000	14.672813
-22.574329	6.247268	425.367188	17.336397
-22.574329	6.247268	423.484375	19.998690
-22.574329	6.247268	421.601563	19.993843
-22.574329	6.247268	419.718750	15.991199
-22.574329	6.247268	417.833984	15.987325
-22.574329	6.247268	415.949219	18.647358
-22.574329	6.247268	414.064453	23.969366
-22.574329	6.247268	412.179688	15.975704
-22.574329	6.247268	410.294922	26.619720
-22.574329	6.247268	408.408203	21.290613
-22.574329	6.247268	406.521484	11.973067
-22.574329	6.247268	404.634766	23.940329
-22.574329	6.247268	402.746094	26.593916
-22.574329	6.247268	400.857422	39.881203
-22.574329	6.247268	398.968750	53.162045
-22.574329	6.247268	397.080078	54.477882
-22.574329	6.247268	395.191406	54.464668
-22.574329	6.247268	393.300781	46.482952
-22.574329	6.247268	391.410156	46.471680
-22.574329	6.247268	389.519531	47.787849
-22.574329	6.247268	387.628906	43.794903
-22.574329	6.247268	385.736328	29.189518
-22.574329	6.247268	383.843750	34.488335
-22.574329	6.247268	381.951172	30.501511
-22.574329	6.247268	380.058594	35.797432
-22.574329	6.247268	378.164063	34.463238
-22.574329	6.247268	376.271484	66.259377
-22.574329	6.247268	374.376953	55.644367
-22.574329	6.247268	372.480469	39.736332
-22.574329	6.247268	370.585938	39.726688
-22.574329	6.247268	368.689453	29.125834
-22.574329	6.247268	366.792969	35.736664
-22.574329	6.247268	364.896484	38.374508
-22.574329	6.247268	363.000000	33.073444
-22.574329	6.247268	361.101563	35.710648
-22.574329	6.247268	359.203125	39.668865
-22.574329	6.247268	357.304688	38.337257
-22.574329	6.247268	355.406250	31.719683
-22.574329	6.247268	353.505859	30.390648
-22.574329	6.247268	351.605469	34.346306
-22.574329	6.247268	349.705078	35.658657
-22.574329	6.247268	347.804688	34.329624
-22.574329	6.247268	345.902344	33.001240
-22.574329	6.247268	344.001953	27.714308
-22.574329	6.247268	342.099609	29.026985
-22.574329	6.247268	340.195313	31.658112
-22.574329	6.247268	338.292969	30.331656
-22.574329	6.247268	336.388672	32.961182
-22.574329	6.247268	334.484375	30.316921
-22.574329	6.247268	332.580078	25.038330
-22.574329	6.247268	330.675781	23.714760
-22.574329	6.247268	328.769531	25.026165
-22.574329	6.247268	326.863281	26.336931
-22.574329	6.247268	324.957031	22.380953
-22.574329	6.247268	323.048828	23.691723
-22.574329	6.247268	321.142578	28.949514
-22.574329	6.247268	319.234375	27.626913
-22.574329	6.247268	317.326172	24.989704
-22.574329	6.247268	315.417969	18.408991
-22.574329	6.247268	313.507813	27.606777
-22.574329	6.247268	311.597656	27.600069
-22.574329	6.247268	309.687500	30.221300
-22.574329	6.247268	307.777344	27.586655
-22.574329	6.247268	305.865234	26.266621
-22.574329	6.247268	303.955078	24.947224
-22.574329	6.247268	302.042969	31.504623
-22.574329	6.247268	300.128906	24.935099
-22.574329	6.247268	298.216797	26.241093
-22.574329	6.247268	296.302734	20.987772
-22.574329	6.247268	294.388672	22.294086
-22.574329	6.247268	292.474609	27.533060
-22.574329	6.247268	290.560547	20.972471
-22.574329	6.247268	288.644531	32.761520
-22.574329	6.247268	286.728516	35.373840
-22.574329	6.247268	284.812500	39.294712
-22.574329	6.247268	282.896484	32.737633
-22.574329	6.247268	280.978516	39.275608
-22.574329	6.247268	279.060547	40.574928
-22.574329	6.247268	277.142578	30.096661
-22.574329	6.247268	275.224609	45.788132
-22.574329	6.247268	273.304688	44.469086
-22.574329	6.247268	271.384766	53.611450
-22.574329	6.247268	269.464844	54.905693
-22.574329	6.247268	267.544922	58.813229
-22.574329	6.247268	265.623047	81.011856
-22.574329	6.247268	263.703125	142.389435
-22.574329	6.247268	261.781250	191.983109
-22.574329	6.247268	259.857422	185.407974
-22.574329	6.247268	257.935547	180.141403
-22.574329	6.247268	256.011719	161.826843
-22.574329	6.247268	254.087891	187.882248
-22.574329	6.247268	252.164063	463.069305
-22.574329	6.247268	250.240234	1126.745361
-22.574329	6.247268	248.314453	1152.547119
-22.574329	6.247268	246.388672	535.725891
-22.574329	6.247268	244.462891	246.295807
-22.574329	6.247268	242.535156	160.248779
-22.574329	6.247268	240.609375	113.319138
-22.574329	6.247268	238.681641	109.384979
-22.574329	6.247268	236.753906	92.433868
-22.574329	6.247268	234.824219	65.078445
-22.574329	6.247268	232.896484	62.460121
-22.574329	6.247268	230.966797	58.542126
-22.574329	6.247268	229.037109	52.024792
-22.574329	6.247268	227.107422	55.913052
-22.574329	6.247268	225.175781	46.799545
-22.574329	6.247268	223.244141	51.986855
-22.574329	6.247268	221.312500	57.171635
-22.574329	6.247268	219.380859	62.353893
-22.574329	6.247268	217.447266	50.650223
-22.574329	6.247268	215.515625	49.339500
-22.574329	6.247268	213.582031	46.731319
-22.574329	6.247268	211.646484	50.613289
-22.574329	6.247268	209.712891	44.113678
-22.574329	6.247268	207.777344	40.211517
-22.574329	6.247268	205.841797	33.717590
-22.574329	6.247268	203.906250	24.633787
-22.574329	6.247268	201.968750	25.924000
-22.574329	6.247268	200.033203	24.621813
-22.574329	6.247268	198.095703	22.024687
-22.574329	6.247268	196.158203	29.790863
-22.574329	6.247268	194.218750	18.129162
-22.574329	6.247268	192.281250	20.714005
-22.574329	6.247268	190.341797	14.237417
-22.574329	6.247268	188.402344	14.233957
-22.574329	6.247268	186.460938	16.817860
-22.574329	6.247268	184.521484	15.520406
-22.574329	6.247268	182.580078	16.809687
-22.574329	6.247268	180.638672	9.049170
-22.574329	6.247268	178.695313	18.093943
-22.574329	6.247268	176.753906	19.381655
-22.574329	6.247268	174.810547	15.501556
-22.574329	6.247268	172.867188	16.789272
-22.574329	6.247268	170.921875	12.911686
-22.574329	6.247268	168.978516	12.908549
-22.574329	6.247268	167.033203	16.777037
-22.574329	6.247268	165.087891	19.353416
-22.574329	6.247268	163.142578	24.508371
-22.574329	6.247268	161.195313	24.502417
-22.574329	6.247268	159.248047	23.207176
-22.574329	6.247268	157.300781	20.623590
-22.574329	6.247268	155.353516	21.907242
-22.574329	6.247268	153.406250	30.920359
-22.574329	6.247268	151.457031	18.032494
-22.574329	6.247268	149.507813	28.329895
-22.574329	6.247268	147.558594	18.023737
-22.574329	6.247268	145.607422	24.454844
-22.574329	6.247268	143.658203	28.309259
-22.574329	6.247268	141.707031	30.875328
-22.574329	6.247268	139.753906	33.440151
-22.574329	6.247268	137.802734	41.147114
-22.574329	6.247268	135.849609	42.422661
-22.574329	6.247268	133.896484	26.989683
-22.574329	6.247268	131.943359	33.407684
-22.574329	6.247268	129.990234	34.684174
-22.574329	6.247268	128.035156	41.097191
-22.574329	6.247268	126.080078	35.951313
-22.574329	6.247268	124.125000	38.509914
-22.574329	6.247268	122.169922	33.367161
-22.574329	6.247268	120.212891	37.208183
-22.574329	6.247268	118.255859	35.916424
-22.574329	6.247268	116.298828	38.472546
-22.574329	6.247268	114.341797	26.924248
-22.574329	6.247268	112.382813	19.226938
-22.574329	6.247268	110.423828	23.066729
-22.574329	6.247268	108.464844	25.623482
-22.574329	6.247268	106.505859	19.212950
-22.574329	6.247268	104.544922	12.805526
-22.574329	6.247268	102.585938	12.802420
-22.574329	6.247268	100.625000	7.679589
-22.574329	6.247268	98.662109	5.118484
-22.574329	6.247268	96.701172	6.396554
-22.574329	6.247268	94.738281	3.837002
-22.574329	6.247268	92.775391	0.000000
-22.574329	6.247268	90.812500	3.835141
-22.574329	6.247268	88.847656	0.000000
-22.574329	6.247268	86.882813	0.000000
-22.574329	6.247268	84.917969	1.277451
-22.574329	6.247268	82.953125	0.000000
-22.574329	6.247268	80.988281	3.830495
-22.574329	6.247268	79.021484	1.276522
-22.574329	6.247268	77.054688	1.276213
-22.574329	6.247268	75.087891	3.827712
-22.574329	6.247268	73.119141	-3.826784
-22.574329	6.247268	71.152344	-1.275286
-22.574329	6.247268	69.183594	0.000000
-22.574329	6.247268	67.212891	1.274668
-22.574329	6.247268	65.244141	1.274359
-22.574329	6.247268	63.273438	2.548101
-22.574329	6.247268	61.302734	1.273742
-22.574329	6.247268	59.332031	0.000000
-19.574329	6.247268	1838.626953	17.678635
-19.574329	6.247268	1837.066406	20.892931
-19.574329	6.247268	1835.503906	24.102098
-19.574329	6.247268	1833.941406	24.096970
-19.574329	6.247268	1832.378906	22.485720
-19.574329	6.247268	1830.816406	22.480934
-19.574329	6.247268	1829.251953	14.448955
-19.574329	6.247268	1827.687500	14.445879
-19.574329	6.247268	1826.125000	19.257074
-19.574329	6.247268	1824.560547	19.252975
-19.574329	6.247268	1822.994141	25.665171
-19.574329	6.247268	1821.429688	28.867172
-19.574329	6.247268	1819.865234	19.240685
-19.574329	6.247268	1818.298828	24.045738
-19.574329	6.247268	1816.732422	30.451452
-19.574329	6.247268	1815.166016	27.240236
-19.574329	6.247268	1813.599609	24.030386
-19.574329	6.247268	1812.033203	24.025270
-19.574329	6.247268	1810.464844	24.020157
-19.574329	6.247268	1808.896484	33.621059
-19.574329	6.247268	1807.330078	25.610594
-19.574329	6.247268	1805.759766	27.205463
-19.574329	6.247268	1804.191406	27.199671
-19.574329	6.247268	1802.623047	12.797120
-19.574329	6.247268	1801.052734	12.794395
-19.574329	6.247268	1799.484375	23.984383
-19.574329	6.247268	1797.914063	20.782040
-19.574329	6.247268	1796.343750	28.769005
-19.574329	6.247268	1794.771484	20.773190
-19.574329	6.247268	1793.201172	17.573572
-19.574329	6.247268	1791.628906	22.361601
-19.574329	6.247268	1790.058594	14.372253
-19.574329	6.247268	1788.486328	22.352077
-19.574329	6.247268	1786.914063	19.154842
-19.574329	6.247268	1785.339844	14.363071
-19.574329	6.247268	1783.767578	14.360012
-19.574329	6.247268	1782.193359	19.142605
-19.574329	6.247268	1780.621094	22.328281
-19.574329	6.247268	1779.046875	19.134449
-19.574329	6.247268	1777.470703	23.912966
-19.574329	6.247268	1775.896484	25.501730
-19.574329	6.247268	1774.322266	27.089815
-19.574329	6.247268	1772.746094	23.897684
-19.574329	6.247268	1771.169922	25.485432
-19.574329	6.247268	1769.593750	28.665001
-19.574329	6.247268	1768.017578	22.290249
-19.574329	6.247268	1766.441406	31.836428
-19.574329	6.247268	1764.863281	15.914821
-19.574329	6.247268	1763.287109	20.684858
-19.574329	6.247268	1761.708984	20.680449
-19.574329	6.247268	1760.130859	22.266504
-19.574329	6.247268	1758.552734	22.261757
-19.574329	6.247268	1756.972656	17.487652
-19.574329	6.247268	1755.394531	25.431162
-19.574329	6.247268	1753.814453	14.301978
-19.574329	6.247268	1752.234375	15.887698
-19.574329	6.247268	1750.654297	20.649603
-19.574329	6.247268	1749.074219	19.057108
-19.574329	6.247268	1747.492188	19.053043
-19.574329	6.247268	1745.912109	19.048979
-19.574329	6.247268	1744.330078	15.870764
-19.574329	6.247268	1742.748047	19.040854
-19.574329	6.247268	1741.166016	26.968788
-19.574329	6.247268	1739.583984	20.618792
-19.574329	6.247268	1738.000000	33.300171
-19.574329	6.247268	1736.417969	23.780762
-19.574329	6.247268	1734.833984	15.850458
-19.574329	6.247268	1733.250000	31.694151
-19.574329	6.247268	1731.666016	25.349909
-19.574329	6.247268	1730.082031	17.424343
-19.574329	6.247268	1728.496094	20.588011
-19.574329	6.247268	1726.912109	25.333681
-19.574329	6.247268	1725.326172	22.162239
-19.574329	6.247268	1723.740234	23.740187
-19.574329	6.247268	1722.154297	25.317457
-19.574329	6.247268	1720.566406	23.730049
-19.574329	6.247268	1718.980469	30.051643
-19.574329	6.247268	1717.392578	20.557259
-19.574329	6.247268	1715.804688	15.809899
-19.574329	6.247268	1714.216797	18.967827
-19.574329	6.247268	1712.628906	20.544088
-19.574329	6.247268	1711.041016	22.119677
-19.574329	6.247268	1709.451172	23.694592
-19.574329	6.247268	1707.861328	23.689528
-19.574329	6.247268	1706.271484	17.368608
-19.574329	6.247268	1704.681641	18.943523
-19.574329	6.247268	1703.091797	18.939476
-19.574329	6.247268	1701.501953	20.513380
-19.574329	6.247268	1699.910156	11.043304
-19.574329	6.247268	1698.318359	14.195499
-19.574329	6.247268	1696.726563	29.961870
-19.574329	6.247268	1695.134766	28.378860
-19.574329	6.247268	1693.542969	17.338928
-19.574329	6.247268	1691.949219	22.063007
-19.574329	6.247268	1690.357422	17.331512
-19.574329	6.247268	1688.763672	17.327806
-19.574329	6.247268	1687.169922	23.623772
-19.574329	6.247268	1685.576172	25.193298
-19.574329	6.247268	1683.982422	18.890932
-19.574329	6.247268	1682.386719	17.312983
-19.574329	6.247268	1680.791016	20.456419
-19.574329	6.247268	1679.195313	22.025274
-19.574329	6.247268	1677.599609	17.301868
-19.574329	6.247268	1676.003906	25.160967
-19.574329	6.247268	1674.408203	18.866686
-19.574329	6.247268	1672.810547	20.434534
-19.574329	6.247268	1671.214844	20.430159
-19.574329	6.247268	1669.617188	12.569713
-19.574329	6.247268	1668.019531	28.275797
-19.574329	6.247268	1666.419922	21.987577
-19.574329	6.247268	1664.822266	25.123276
-19.574329	6.247268	1663.222656	23.548025
-19.574329	6.247268	1661.623047	10.986725
-19.574329	6.247268	1660.023438	18.830349
-19.574329	6.247268	1658.423828	14.119736
-19.574329	6.247268	1656.824219	17.253756
-19.574329	6.247268	1655.222656	21.954618
-19.574329	6.247268	1653.623047	23.517763
-19.574329	6.247268	1652.021484	20.377691
-19.574329	6.247268	1650.419922	26.642038
-19.574329	6.247268	1648.818359	18.802113
-19.574329	6.247268	1647.214844	18.798080
-19.574329	6.247268	1645.613281	10.963195
-19.574329	6.247268	1644.009766	20.355850
-19.574329	6.247268	1642.406250	25.047981
-19.574329	6.247268	1640.802734	20.347118
-19.574329	6.247268	1639.199219	20.342752
-19.574329	6.247268	1637.593750	26.596352
-19.574329	6.247268	1635.990234	20.334021
-19.574329	6.247268	1634.384766	29.712576
-19.574329	6.247268	1632.779297	18.761808
-19.574329	6.247268	1631.173828	21.884077
-19.574329	6.247268	1629.568359	21.879377
-19.574329	6.247268	1627.960938	29.687065
-19.574329	6.247268	1626.353516	12.497132
-19.574329	6.247268	1624.748047	21.865284
-19.574329	6.247268	1623.140625	24.983528
-19.574329	6.247268	1621.531250	17.172485
-19.574329	6.247268	1619.923828	18.729595
-19.574329	6.247268	1618.314453	23.406961
-19.574329	6.247268	1616.707031	24.962059
-19.574329	6.247268	1615.097656	18.717520
-19.574329	6.247268	1613.488281	21.832413
-19.574329	6.247268	1611.878906	20.268597
-19.574329	6.247268	1610.267578	20.264236
-19.574329	6.247268	1608.656250	23.376783
-19.574329	6.247268	1607.046875	17.139288
-19.574329	6.247268	1605.435547	23.366728
-19.574329	6.247268	1603.824219	15.574468
-19.574329	6.247268	1602.210938	17.128227
-19.574329	6.247268	1600.599609	20.238094
-19.574329	6.247268	1598.986328	20.233740
-19.574329	6.247268	1597.373047	12.448852
-19.574329	6.247268	1595.759766	15.557714
-19.574329	6.247268	1594.146484	15.554364
-19.574329	6.247268	1592.533203	23.326523
-19.574329	6.247268	1590.917969	18.657200
-19.574329	6.247268	1589.302734	21.762043
-19.574329	6.247268	1587.687500	20.203259
-19.574329	6.247268	1586.072266	29.521479
-19.574329	6.247268	1584.457031	18.641127
-19.574329	6.247268	1582.839844	18.637110
-19.574329	6.247268	1581.224609	27.949638
-19.574329	6.247268	1579.607422	20.181498
-19.574329	6.247268	1577.990234	18.625059
-19.574329	6.247268	1576.373047	18.621042
-19.574329	6.247268	1574.755859	23.271284
-19.574329	6.247268	1573.136719	18.613012
-19.574329	6.247268	1571.517578	29.464245
-19.574329	6.247268	1569.898438	24.806643
-19.574329	6.247268	1568.279297	18.600967
-19.574329	6.247268	1566.660156	26.345684
-19.574329	6.247268	1565.041016	26.339996
-19.574329	6.247268	1563.419922	27.883389
-19.574329	6.247268	1561.798828	18.584911
-19.574329	6.247268	1560.177734	17.032490
-19.574329	6.247268	1558.556641	20.124960
-19.574329	6.247268	1556.935547	13.929655
-19.574329	6.247268	1555.312500	20.116266
-19.574329	6.247268	1553.691406	24.753132
-19.574329	6.247268	1552.068359	23.201048
-19.574329	6.247268	1550.445313	20.103230
-19.574329	6.247268	1548.822266	20.098883
-19.574329	6.247268	1547.197266	15.457337
-19.574329	6.247268	1545.574219	21.635593
-19.574329	6.247268	1543.949219	21.630915
-19.574329	6.247268	1542.324219	26.260429
-19.574329	6.247268	1540.699219	18.532764
-19.574329	6.247268	1539.072266	21.616880
-19.574329	6.247268	1537.447266	23.155931
-19.574329	6.247268	1535.820313	12.347157
-19.574329	6.247268	1534.193359	15.430607
-19.574329	6.247268	1532.566406	27.769079
-19.574329	6.247268	1530.939453	26.220675
-19.574329	6.247268	1529.312500	23.130880
-19.574329	6.247268	1527.683594	16.958971
-19.574329	6.247268	1526.056641	24.662252
-19.574329	6.247268	1524.427734	21.574795
-19.574329	6.247268	1522.798828	23.110844
-19.574329	6.247268	1521.167969	20.025057
-19.574329	6.247268	1519.539063	20.020718
-19.574329	6.247268	1517.908203	15.397213
-19.574329	6.247268	1516.277344	18.472651
-19.574329	6.247268	1514.646484	20.007698
-19.574329	6.247268	1513.015625	27.696959
-19.574329	6.247268	1511.384766	21.537405
-19.574329	6.247268	1509.751953	13.842471
-19.574329	6.247268	1508.121094	23.065781
-19.574329	6.247268	1506.488281	26.135544
-19.574329	6.247268	1504.855469	21.518717
-19.574329	6.247268	1503.220703	21.514046
-19.574329	6.247268	1501.587891	26.118526
-19.574329	6.247268	1499.953125	13.824452
-19.574329	6.247268	1498.318359	19.964317
-19.574329	6.247268	1496.683594	18.424597
-19.574329	6.247268	1495.048828	21.490694
-19.574329	6.247268	1493.414063	15.347159
-19.574329	6.247268	1491.777344	9.206294
-19.574329	6.247268	1490.140625	16.874538
-19.574329	6.247268	1488.505859	18.404585
-19.574329	6.247268	1486.867188	18.400583
-19.574329	6.247268	1485.230469	30.660969
-19.574329	6.247268	1483.593750	19.925295
-19.574329	6.247268	1481.955078	16.856197
-19.574329	6.247268	1480.316406	16.852530
-19.574329	6.247268	1478.677734	19.912291
-19.574329	6.247268	1477.039063	27.564863
-19.574329	6.247268	1475.400391	22.965719
-19.574329	6.247268	1473.759766	24.491432
-19.574329	6.247268	1472.119141	18.364574
-19.574329	6.247268	1470.478516	16.830526
-19.574329	6.247268	1468.837891	19.886290
-19.574329	6.247268	1467.197266	19.881956
-19.574329	6.247268	1465.556641	25.993816
-19.574329	6.247268	1463.914063	19.873291
-19.574329	6.247268	1462.271484	21.397341
-19.574329	6.247268	1460.628906	24.448772
-19.574329	6.247268	1458.986328	25.971155
-19.574329	6.247268	1457.343750	19.855965
-19.574329	6.247268	1455.699219	7.635243
-19.574329	6.247268	1454.054688	24.427448
-19.574329	6.247268	1452.410156	18.316587
-19.574329	6.247268	1450.765625	21.364689
-19.574329	6.247268	1449.121094	18.308592
-19.574329	6.247268	1447.474609	22.880745
-19.574329	6.247268	1445.830078	21.350698
-19.574329	6.247268	1444.183594	19.821318
-19.574329	6.247268	1442.537109	21.341372
-19.574329	6.247268	1440.890625	19.812658
-19.574329	6.247268	1439.242188	13.713458
-19.574329	6.247268	1437.595703	19.803999
-19.574329	6.247268	1435.947266	19.799669
-19.574329	6.247268	1434.298828	24.363497
-19.574329	6.247268	1432.650391	18.268627
-19.574329	6.247268	1431.000000	15.220526
-19.574329	6.247268	1429.351563	24.347513
-19.574329	6.247268	1427.701172	16.735252
-19.574329	6.247268	1426.050781	19.773697
-19.574329	6.247268	1424.400391	21.290091
-19.574329	6.247268	1422.750000	27.366982
-19.574329	6.247268	1421.097656	18.240660
-19.574329	6.247268	1419.447266	18.236664
-19.574329	6.247268	1417.794922	18.232670
-19.574329	6.247268	1416.142578	24.304901
-19.574329	6.247268	1414.490234	24.299574
-19.574329	6.247268	1412.835938	16.702297
-19.574329	6.247268	1411.183594	16.698635
-19.574329	6.247268	1409.529297	22.765873
-19.574329	6.247268	1407.875000	18.208706
-19.574329	6.247268	1406.220703	19.721771
-19.574329	6.247268	1404.566406	22.750898
-19.574329	6.247268	1402.910156	19.713120
-19.574329	6.247268	1401.255859	19.708792
-19.574329	6.247268	1399.599609	19.704466
-19.574329	6.247268	1397.943359	16.669350
-19.574329	6.247268	1396.287109	18.180754
-19.574329	6.247268	1394.628906	16.662029
-19.574329	6.247268	1392.970703	12.115178
-19.574329	6.247268	1391.314453	22.710968
-19.574329	6.247268	1389.656250	22.705978
-19.574329	6.247268	1387.998047	15.133992
-19.574329	6.247268	1386.337891	18.156799
-19.574329	6.247268	1384.679688	21.178274
-19.574329	6.247268	1383.019531	18.148815
-19.574329	6.247268	1381.359375	28.729303
-19.574329	6.247268	1379.699219	15.117359
-19.574329	6.247268	1378.039063	19.648243
-19.574329	6.247268	1376.376953	28.710344
-19.574329	6.247268	1374.716797	21.150333
-19.574329	6.247268	1373.054688	22.656082
-19.574329	6.247268	1371.392578	22.651094
-19.574329	6.247268	1369.728516	16.607143
-19.574329	6.247268	1368.066406	21.131708
-19.574329	6.247268	1366.402344	18.108902
-19.574329	6.247268	1364.740234	21.122398
-19.574329	6.247268	1363.076172	25.642973
-19.574329	6.247268	1361.412109	19.605009
-19.574329	6.247268	1359.746094	18.092941
-19.574329	6.247268	1358.082031	25.626015
-19.574329	6.247268	1356.416016	13.563721
-19.574329	6.247268	1354.750000	22.601213
-19.574329	6.247268	1353.083984	21.089811
-19.574329	6.247268	1351.417969	18.072990
-19.574329	6.247268	1349.750000	21.080502
-19.574329	6.247268	1348.083984	27.097519
-19.574329	6.247268	1346.416016	22.576279
-19.574329	6.247268	1344.748047	21.066538
-19.574329	6.247268	1343.078125	15.044203
-19.574329	6.247268	1341.410156	22.561317
-19.574329	6.247268	1339.740234	15.037555
-19.574329	6.247268	1338.072266	28.565039
-19.574329	6.247268	1336.402344	24.049450
-19.574329	6.247268	1334.730469	22.541374
-19.574329	6.247268	1333.060547	21.033962
-19.574329	6.247268	1331.388672	22.531403
-19.574329	6.247268	1329.718750	19.522894
-19.574329	6.247268	1328.046875	18.017145
-19.574329	6.247268	1326.375000	24.017542
-19.574329	6.247268	1324.701172	24.012224
-19.574329	6.247268	1323.029297	21.006042
-19.574329	6.247268	1321.355469	15.000993
-19.574329	6.247268	1319.681641	17.997204
-19.574329	6.247268	1318.007813	23.990953
-19.574329	6.247268	1316.333984	25.484739
-19.574329	6.247268	1314.660156	25.479090
-19.574329	6.247268	1312.984375	19.479691
-19.574329	6.247268	1311.308594	20.973475
-19.574329	6.247268	1309.632813	16.475504
-19.574329	6.247268	1307.957031	23.959053
-19.574329	6.247268	1306.279297	20.959518
-19.574329	6.247268	1304.603516	22.451643
-19.574329	6.247268	1302.925781	22.446659
-19.574329	6.247268	1301.248047	25.433899
-19.574329	6.247268	1299.570313	25.428249
-19.574329	6.247268	1297.892578	10.468130
-19.574329	6.247268	1296.212891	22.426723
-19.574329	6.247268	1294.533203	14.947826
-19.574329	6.247268	1292.853516	19.427856
-19.574329	6.247268	1291.173828	20.917654
-19.574329	6.247268	1289.494141	19.419218
-19.574329	6.247268	1287.812500	19.414900
-19.574329	6.247268	1286.132813	23.889944
-19.574329	6.247268	1284.451172	20.899052
-19.574329	6.247268	1282.769531	14.924572
-19.574329	6.247268	1281.085938	19.397625
-19.574329	6.247268	1279.404297	17.901514
-19.574329	6.247268	1277.720703	17.897528
-19.574329	6.247268	1276.039063	19.384670
-19.574329	6.247268	1274.355469	19.380352
-19.574329	6.247268	1272.669922	11.923713
-19.574329	6.247268	1270.986328	17.881582
-19.574329	6.247268	1269.300781	19.367397
-19.574329	6.247268	1267.615234	23.831482
-19.574329	6.247268	1265.929688	16.380489
-19.574329	6.247268	1264.244141	22.332050
-19.574329	6.247268	1262.558594	17.861654
-19.574329	6.247268	1260.871094	17.857668
-19.574329	6.247268	1259.185547	19.341490
-19.574329	6.247268	1257.498047	22.312122
-19.574329	6.247268	1255.808594	19.332855
-19.574329	6.247268	1254.121094	17.841726
-19.574329	6.247268	1252.433594	20.810699
-19.574329	6.247268	1250.744141	28.236780
-19.574329	6.247268	1249.054688	10.400700
-19.574329	6.247268	1247.365234	20.796751
-19.574329	6.247268	1245.673828	17.821800
-19.574329	6.247268	1243.984375	16.332998
-19.574329	6.247268	1242.292969	17.813831
-19.574329	6.247268	1240.601563	20.778154
-19.574329	6.247268	1238.910156	20.773504
-19.574329	6.247268	1237.218750	20.768856
-19.574329	6.247268	1235.525391	14.831576
-19.574329	6.247268	1233.833984	23.725210
-19.574329	6.247268	1232.140625	22.237404
-19.574329	6.247268	1230.447266	23.714584
-19.574329	6.247268	1228.753906	17.781954
-19.574329	6.247268	1227.058594	19.259466
-19.574329	6.247268	1225.365234	17.773985
-19.574329	6.247268	1223.669922	16.289167
-19.574329	6.247268	1221.974609	19.246517
-19.574329	6.247268	1220.277344	5.920677
-19.574329	6.247268	1218.582031	22.197559
-19.574329	6.247268	1216.884766	19.233568
-19.574329	6.247268	1215.189453	17.750080
-19.574329	6.247268	1213.492188	14.788413
-19.574329	6.247268	1211.792969	17.742111
-19.574329	6.247268	1210.095703	25.129015
-19.574329	6.247268	1208.396484	23.645525
-19.574329	6.247268	1206.699219	20.685186
-19.574329	6.247268	1205.000000	25.112083
-19.574329	6.247268	1203.298828	20.675892
-19.574329	6.247268	1201.599609	19.194727
-19.574329	6.247268	1199.900391	20.666595
-19.574329	6.247268	1198.199219	22.137802
-19.574329	6.247268	1196.498047	20.657301
-19.574329	6.247268	1194.796875	20.652655
-19.574329	6.247268	1193.093750	23.597721
-19.574329	6.247268	1191.392578	20.643360
-19.574329	6.247268	1189.689453	14.741937
-19.574329	6.247268	1187.986328	29.477236
-19.574329	6.247268	1186.283203	14.735298
-19.574329	6.247268	1184.580078	25.044365
-19.574329	6.247268	1182.875000	19.147257
-19.574329	6.247268	1181.169922	19.142942
-19.574329	6.247268	1179.464844	22.083033
-19.574329	6.247268	1177.759766	25.021793
-19.574329	6.247268	1176.054688	22.073074
-19.574329	6.247268	1174.347656	17.654476
-19.574329	6.247268	1172.642578	23.533991
-19.574329	6.247268	1170.935547	20.587597
-19.574329	6.247268	1169.228516	16.172318
-19.574329	6.247268	1167.519531	14.698788
-19.574329	6.247268	1165.812500	16.165016
-19.574329	6.247268	1164.103516	19.099794
-19.574329	6.247268	1162.394531	19.095480
-19.574329	6.247268	1160.685547	17.622616
-19.574329	6.247268	1158.976563	17.618633
-19.574329	6.247268	1157.265625	17.614651
-19.574329	6.247268	1155.556641	14.675556
-19.574329	6.247268	1153.845703	16.139462
-19.574329	6.247268	1152.134766	22.003380
-19.574329	6.247268	1150.423828	24.931522
-19.574329	6.247268	1148.710938	24.925880
-19.574329	6.247268	1146.998047	13.193068
-19.574329	6.247268	1145.287109	17.586775
-19.574329	6.247268	1143.572266	16.117559
-19.574329	6.247268	1141.859375	21.973513
-19.574329	6.247268	1140.146484	20.503967
-19.574329	6.247268	1138.431641	19.035084
-19.574329	6.247268	1136.716797	17.566864
-19.574329	6.247268	1135.001953	14.635736
-19.574329	6.247268	1133.287109	21.948626
-19.574329	6.247268	1131.570313	24.869469
-19.574329	6.247268	1129.855469	19.013515
-19.574329	6.247268	1128.138672	20.471449
-19.574329	6.247268	1126.421875	13.157231
-19.574329	6.247268	1124.703125	27.770073
-19.574329	6.247268	1122.986328	26.302517
-19.574329	6.247268	1121.267578	18.991949
-19.574329	6.247268	1119.548828	24.829987
-19.574329	6.247268	1117.830078	23.364090
-19.574329	6.247268	1116.111328	17.519087
-19.574329	6.247268	1114.392578	18.974697
-19.574329	6.247268	1112.671875	21.888905
-19.574329	6.247268	1110.951172	23.342857
-19.574329	6.247268	1109.230469	23.337549
-19.574329	6.247268	1107.509766	16.040916
-19.574329	6.247268	1105.787109	17.495199
-19.574329	6.247268	1104.066406	26.236828
-19.574329	6.247268	1102.343750	30.602667
-19.574329	6.247268	1100.621094	16.026320
-19.574329	6.247268	1098.896484	18.935883
-19.574329	6.247268	1097.173828	14.562746
-19.574329	6.247268	1095.449219	16.015371
-19.574329	6.247268	1093.724609	21.834167
-19.574329	6.247268	1092.000000	16.008074
-19.574329	6.247268	1090.275391	17.459373
-19.574329	6.247268	1088.550781	17.455393
-19.574329	6.247268	1086.824219	15.997128
-19.574329	6.247268	1085.097656	15.993480
-19.574329	6.247268	1083.371094	18.897074
-19.574329	6.247268	1081.644531	23.252628
-19.574329	6.247268	1079.916016	21.794365
-19.574329	6.247268	1078.189453	29.052519
-19.574329	6.247268	1076.460938	23.236710
-19.574329	6.247268	1074.732422	15.971589
-19.574329	6.247268	1073.001953	17.419571
-19.574329	6.247268	1071.273438	14.512993
-19.574329	6.247268	1069.542969	18.862579
-19.574329	6.247268	1067.812500	20.308905
-19.574329	6.247268	1066.082031	18.853956
-19.574329	6.247268	1064.351563	14.499727
-19.574329	6.247268	1062.619141	20.294975
-19.574329	6.247268	1060.888672	23.188951
-19.574329	6.247268	1059.156250	15.938757
-19.574329	6.247268	1057.421875	20.281048
-19.574329	6.247268	1055.689453	21.724720
-19.574329	6.247268	1053.957031	20.271763
-19.574329	6.247268	1052.222656	27.505377
-19.574329	6.247268	1050.488281	23.157118
-19.574329	6.247268	1048.753906	14.469883
-19.574329	6.247268	1047.019531	17.359880
-19.574329	6.247268	1045.283203	23.141201
-19.574329	6.247268	1043.546875	24.581890
-19.574329	6.247268	1041.810547	21.684929
-19.574329	6.247268	1040.074219	30.351938
-19.574329	6.247268	1038.337891	26.009979
-19.574329	6.247268	1036.599609	23.114677
-19.574329	6.247268	1034.861328	15.887693
-19.574329	6.247268	1033.123047	14.440042
-19.574329	6.247268	1031.384766	23.098763
-19.574329	6.247268	1029.646484	17.320093
-19.574329	6.247268	1027.906250	25.974174
-19.574329	6.247268	1026.167969	31.738918
-19.574329	6.247268	1024.427734	21.635199
-19.574329	6.247268	1022.685547	28.840303
-19.574329	6.247268	1020.945313	23.066938
-19.574329	6.247268	1019.203125	23.061634
-19.574329	6.247268	1017.462891	23.056332
-19.574329	6.247268	1015.720703	24.491716
-19.574329	6.247268	1013.976563	21.605366
-19.574329	6.247268	1012.234375	27.360498
-19.574329	6.247268	1010.490234	17.276339
-19.574329	6.247268	1008.746094	20.151087
-19.574329	6.247268	1007.001953	24.463543
-19.574329	6.247268	1005.257813	27.335308
-19.574329	6.247268	1003.513672	25.890642
-19.574329	6.247268	1001.767578	24.446640
-19.574329	6.247268	1000.021484	33.067242
-19.574329	6.247268	998.275391	34.496994
-19.574329	6.247268	996.529297	25.866781
-19.574329	6.247268	994.781250	27.297527
-19.574329	6.247268	993.035156	27.291231
-19.574329	6.247268	991.287109	34.465183
-19.574329	6.247268	989.539063	40.200100
-19.574329	6.247268	987.789063	31.578503
-19.574329	6.247268	986.041016	34.441322
-19.574329	6.247268	984.291016	37.302818
-19.574329	6.247268	982.541016	40.162987
-19.574329	6.247268	980.791016	34.417465
-19.574329	6.247268	979.041016	34.409515
-19.574329	6.247268	977.289063	35.834961
-19.574329	6.247268	975.537109	38.692814
-19.574329	6.247268	973.785156	32.952923
-19.574329	6.247268	972.033203	34.377708
-19.574329	6.247268	970.281250	38.665977
-19.574329	6.247268	968.527344	37.225292
-19.574329	6.247268	966.773438	35.785267
-19.574329	6.247268	965.019531	31.483747
-19.574329	6.247268	963.265625	40.060947
-19.574329	6.247268	961.511719	32.899590
-19.574329	6.247268	959.755859	38.612312
-19.574329	6.247268	958.000000	38.603371
-19.574329	6.247268	956.244141	34.306156
-19.574329	6.247268	954.488281	40.014576
-19.574329	6.247268	952.730469	38.576542
-19.574329	6.247268	950.974609	41.424458
-19.574329	6.247268	949.216797	28.561968
-19.574329	6.247268	947.458984	31.410879
-19.574329	6.247268	945.701172	32.831028
-19.574329	6.247268	943.941406	38.531834
-19.574329	6.247268	942.181641	37.096119
-19.574329	6.247268	940.421875	34.234623
-19.574329	6.247268	938.662109	37.078899
-19.574329	6.247268	936.902344	28.515608
-19.574329	6.247268	935.140625	25.658087
-19.574329	6.247268	933.380859	31.352600
-19.574329	6.247268	931.619141	34.194889
-19.574329	6.247268	929.855469	24.215752
-19.574329	6.247268	928.093750	22.785999
-19.574329	6.247268	926.330078	27.052082
-19.574329	6.247268	924.568359	24.198868
-19.574329	6.247268	922.804688	22.770107
-19.574329	6.247268	921.039063	28.456015
-19.574329	6.247268	919.275391	28.449394
-19.574329	6.247268	917.509766	24.176357
-19.574329	6.247268	915.744141	22.748922
-19.574329	6.247268	913.978516	17.057720
-19.574329	6.247268	912.212891	18.474894
-19.574329	6.247268	910.447266	15.628962
-19.574329	6.247268	908.679688	22.727741
-19.574329	6.247268	906.912109	24.142597
-19.574329	6.247268	905.144531	15.618041
-19.574329	6.247268	903.375000	25.550837
-19.574329	6.247268	901.607422	25.544880
-19.574329	6.247268	899.837891	26.957754
-19.574329	6.247268	898.068359	19.858976
-19.574329	6.247268	896.298828	15.599841
-19.574329	6.247268	894.529297	15.596202
-19.574329	6.247268	892.757813	29.767618
-19.574329	6.247268	890.986328	26.926321
-19.574329	6.247268	889.214844	26.920036
-19.574329	6.247268	887.443359	31.163290
-19.574329	6.247268	885.669922	29.739830
-19.574329	6.247268	883.898438	24.069477
-19.574329	6.247268	882.125000	19.817291
-19.574329	6.247268	880.351563	22.643040
-19.574329	6.247268	878.578125	22.637747
-19.574329	6.247268	876.802734	32.534157
-19.574329	6.247268	875.027344	18.384571
-19.574329	6.247268	873.251953	19.794138
-19.574329	6.247268	871.476563	24.030117
-19.574329	6.247268	869.701172	16.958467
-19.574329	6.247268	867.923828	16.954500
-19.574329	6.247268	866.146484	22.600708
-19.574329	6.247268	864.369141	15.534349
-19.574329	6.247268	862.591797	19.766361
-19.574329	6.247268	860.814453	23.996389
-19.574329	6.247268	859.035156	28.224434
-19.574329	6.247268	857.255859	23.985149
-19.574329	6.247268	855.476563	18.337288
-19.574329	6.247268	853.697266	22.563679
-19.574329	6.247268	851.916016	26.788090
-19.574329	6.247268	850.136719	28.191378
-19.574329	6.247268	848.355469	25.366291
-19.574329	6.247268	846.574219	29.587065
-19.574329	6.247268	844.791016	28.171547
-19.574329	6.247268	843.009766	25.348444
-19.574329	6.247268	841.226563	19.710829
-19.574329	6.247268	839.443359	28.151718
-19.574329	6.247268	837.660156	25.330599
-19.574329	6.247268	835.875000	18.290026
-19.574329	6.247268	834.091797	23.912109
-19.574329	6.247268	832.306641	15.468906
-19.574329	6.247268	830.521484	23.900875
-19.574329	6.247268	828.734375	15.461638
-19.574329	6.247268	826.949219	11.242186
-19.574329	6.247268	825.162109	23.884027
-19.574329	6.247268	823.375000	26.687637
-19.574329	6.247268	821.587891	15.447104
-19.574329	6.247268	819.800781	18.251375
-19.574329	6.247268	818.011719	16.843460
-19.574329	6.247268	816.222656	25.259245
-19.574329	6.247268	814.433594	22.447378
-19.574329	6.247268	812.644531	12.623678
-19.574329	6.247268	810.855469	23.839113
-19.574329	6.247268	809.064453	26.637442
-19.574329	6.247268	807.273438	23.827887
-19.574329	6.247268	805.482422	19.618343
-19.574329	6.247268	803.691406	21.014702
-19.574329	6.247268	801.898438	23.811050
-19.574329	6.247268	800.107422	16.803839
-19.574329	6.247268	798.314453	22.399837
-19.574329	6.247268	796.521484	22.394556
-19.574329	6.247268	794.726563	20.989946
-19.574329	6.247268	792.933594	22.383995
-19.574329	6.247268	791.138672	25.176054
-19.574329	6.247268	789.343750	18.178417
-19.574329	6.247268	787.546875	18.174128
-19.574329	6.247268	785.751953	20.965197
-19.574329	6.247268	783.955078	26.549648
-19.574329	6.247268	782.158203	18.161259
-19.574329	6.247268	780.361328	18.156971
-19.574329	6.247268	778.564453	25.134483
-19.574329	6.247268	776.765625	16.752363
-19.574329	6.247268	774.968750	22.331207
-19.574329	6.247268	773.169922	30.698154
-19.574329	6.247268	771.369141	22.320654
-19.574329	6.247268	769.570313	20.920666
-19.574329	6.247268	767.769531	27.887627
-19.574329	6.247268	765.970703	22.304825
-19.574329	6.247268	764.167969	16.724663
-19.574329	6.247268	762.367188	22.294275
-19.574329	6.247268	760.566406	26.468187
-19.574329	6.247268	758.763672	19.498260
-19.574329	6.247268	756.960938	29.240467
-19.574329	6.247268	755.158203	23.665251
-19.574329	6.247268	753.353516	25.051392
-19.574329	6.247268	751.550781	27.828289
-19.574329	6.247268	749.746094	31.994953
-19.574329	6.247268	747.941406	31.987373
-19.574329	6.247268	746.136719	22.246813
-19.574329	6.247268	744.330078	31.972218
-19.574329	6.247268	742.523438	23.626038
-19.574329	6.247268	740.718750	27.788750
-19.574329	6.247268	738.910156	29.171268
-19.574329	6.247268	737.103516	16.665344
-19.574329	6.247268	735.294922	26.380537
-19.574329	6.247268	733.488281	16.657438
-19.574329	6.247268	731.679688	22.204649
-19.574329	6.247268	729.869141	24.974304
-19.574329	6.247268	728.060547	23.581244
-19.574329	6.247268	726.250000	29.122858
-19.574329	6.247268	724.439453	27.729471
-19.574329	6.247268	722.628906	31.881319
-19.574329	6.247268	720.818359	19.401411
-19.574329	6.247268	719.005859	23.553261
-19.574329	6.247268	717.195313	23.547667
-19.574329	6.247268	715.382813	30.466209
-19.574329	6.247268	713.568359	29.074471
-19.574329	6.247268	711.755859	24.915052
-19.574329	6.247268	709.941406	23.525290
-19.574329	6.247268	708.126953	29.053741
-19.574329	6.247268	706.312500	22.130920
-19.574329	6.247268	704.498047	19.359949
-19.574329	6.247268	702.681641	22.120394
-19.574329	6.247268	700.867188	27.643913
-19.574329	6.247268	699.050781	29.019203
-19.574329	6.247268	697.232422	29.012297
-19.574329	6.247268	695.416016	29.005390
-19.574329	6.247268	693.597656	24.855844
-19.574329	6.247268	691.779297	15.186067
-19.574329	6.247268	689.960938	13.802227
-19.574329	6.247268	688.142578	16.558727
-19.574329	6.247268	686.324219	22.073044
-19.574329	6.247268	684.503906	19.309313
-19.574329	6.247268	682.683594	16.546896
-19.574329	6.247268	680.863281	24.814428
-19.574329	6.247268	679.041016	20.673761
-19.574329	6.247268	677.218750	26.180521
-19.574329	6.247268	675.398438	20.663904
-19.574329	6.247268	673.576172	15.149916
-19.574329	6.247268	671.751953	24.784859
-19.574329	6.247268	669.929688	22.025730
-19.574329	6.247268	668.105469	23.396755
-19.574329	6.247268	666.281250	23.391172
-19.574329	6.247268	664.457031	16.507475
-19.574329	6.247268	662.630859	22.004713
-19.574329	6.247268	660.806641	21.999460
-19.574329	6.247268	658.980469	34.365948
-19.574329	6.247268	657.154297	30.234814
-19.574329	6.247268	655.326172	23.357685
-19.574329	6.247268	653.500000	26.099413
-19.574329	6.247268	651.671875	31.586477
-19.574329	6.247268	649.843750	17.848961
-19.574329	6.247268	648.015625	30.198715
-19.574329	6.247268	646.185547	28.819157
-19.574329	6.247268	644.357422	27.440254
-19.574329	6.247268	642.527344	30.177063
-19.574329	6.247268	640.697266	26.055779
-19.574329	6.247268	638.865234	38.388805
-19.574329	6.247268	637.035156	26.043316
-19.574329	6.247268	635.203125	32.888950
-19.574329	6.247268	633.371094	34.251125
-19.574329	6.247268	631.539063	34.242931
-19.574329	6.247268	629.705078	32.865349
-19.574329	6.247268	627.873047	30.119358
-19.574329	6.247268	626.039063	36.955818
-19.574329	6.247268	624.203125	27.368126
-19.574329	6.247268	622.369141	31.465807
-19.574329	6.247268	620.535156	27.355019
-19.574329	6.247268	618.699219	27.348467
-19.574329	6.247268	616.863281	38.278683
-19.574329	6.247268	615.025391	35.535973
-19.574329	6.247268	613.189453	25.962374
-19.574329	6.247268	611.351563	34.152832
-19.574329	6.247268	609.513672	30.047289
-19.574329	6.247268	607.675781	38.232838
-19.574329	6.247268	605.837891	38.223671
-19.574329	6.247268	603.998047	32.755291
-19.574329	6.247268	602.158203	24.560575
-19.574329	6.247268	600.318359	31.375431
-19.574329	6.247268	598.478516	34.095547
-19.574329	6.247268	596.636719	31.360378
-19.574329	6.247268	594.796875	24.537016
-19.574329	6.247268	592.955078	17.716927
-19.574329	6.247268	591.111328	28.612782
-19.574329	6.247268	589.269531	21.794981
-19.574329	6.247268	587.425781	29.960905
-19.574329	6.247268	585.583984	25.869114
-19.574329	6.247268	583.738281	31.307724
-19.574329	6.247268	581.894531	24.495811
-19.574329	6.247268	580.050781	25.850481
-19.574329	6.247268	578.205078	27.204494
-19.574329	6.247268	576.359375	29.917755
-19.574329	6.247268	574.513672	19.033997
-19.574329	6.247268	572.666016	27.184889
-19.574329	6.247268	570.818359	24.460520
-19.574329	6.247268	568.970703	25.813232
-19.574329	6.247268	567.123047	20.373968
-19.574329	6.247268	565.275391	27.158760
-19.574329	6.247268	563.425781	23.079395
-19.574329	6.247268	561.576172	21.716558
-19.574329	6.247268	559.726563	20.354378
-19.574329	6.247268	557.876953	24.419378
-19.574329	6.247268	556.027344	24.413504
-19.574329	6.247268	554.175781	24.407629
-19.574329	6.247268	552.324219	29.824368
-19.574329	6.247268	550.472656	23.040556
-19.574329	6.247268	548.619141	27.100012
-19.574329	6.247268	546.767578	31.157513
-19.574329	6.247268	544.914063	25.732618
-19.574329	6.247268	543.060547	20.310333
-19.574329	6.247268	541.205078	32.488708
-19.574329	6.247268	539.351563	35.187622
-19.574329	6.247268	537.496094	37.885235
-19.574329	6.247268	535.640625	50.050575
-19.574329	6.247268	533.785156	52.743301
-19.574329	6.247268	531.927734	55.434727
-19.574329	6.247268	530.070313	50.014404
-19.574329	6.247268	528.212891	67.570747
-19.574329	6.247268	526.355469	105.384956
-19.574329	6.247268	524.498047	175.599258
-19.574329	6.247268	522.638672	380.823486
-19.574329	6.247268	520.779297	603.500183
-19.574329	6.247268	518.919922	437.330902
-19.574329	6.247268	517.060547	245.601944
-19.574329	6.247268	515.199219	138.960983
-19.574329	6.247268	513.339844	97.114349
-19.574329	6.247268	511.478516	76.863647
-19.574329	6.247268	509.615234	55.274548
-19.574329	6.247268	507.753906	64.696053
-19.574329	6.247268	505.890625	67.375458
-19.574329	6.247268	504.027344	56.581726
-19.574329	6.247268	502.164063	57.914928
-19.574329	6.247268	500.300781	59.247482
-19.574329	6.247268	498.435547	57.886971
-19.574329	6.247268	496.570313	60.564762
-19.574329	6.247268	494.705078	65.932373
-19.574329	6.247268	492.839844	57.845051
-19.574329	6.247268	490.972656	59.175987
-19.574329	6.247268	489.107422	55.127945
-19.574329	6.247268	487.240234	49.737591
-19.574329	6.247268	485.371094	45.693771
-19.574329	6.247268	483.503906	40.308292
-19.574329	6.247268	481.634766	45.671696
-19.574329	6.247268	479.765625	41.631779
-19.574329	6.247268	477.896484	34.908535
-19.574329	6.247268	476.027344	33.557789
-19.574329	6.247268	474.156250	29.523716
-19.574329	6.247268	472.285156	33.541565
-19.574329	6.247268	470.414063	33.533459
-19.574329	6.247268	468.542969	34.866364
-19.574329	6.247268	466.669922	36.198624
-19.574329	6.247268	464.796875	34.849503
-19.574329	6.247268	462.923828	33.501034
-19.574329	6.247268	461.050781	28.134064
-19.574329	6.247268	459.177734	33.484829
-19.574329	6.247268	457.302734	32.137661
-19.574329	6.247268	455.427734	25.436161
-19.574329	6.247268	453.552734	29.445271
-19.574329	6.247268	451.675781	32.114342
-19.574329	6.247268	449.800781	30.768795
-19.574329	6.247268	447.923828	25.411549
-19.574329	6.247268	446.046875	29.416777
-19.574329	6.247268	444.169922	25.399250
-19.574329	6.247268	442.291016	36.084934
-19.574329	6.247268	440.412109	20.042332
-19.574329	6.247268	438.533203	33.395798
-19.574329	6.247268	436.654297	32.052204
-19.574329	6.247268	434.773438	28.038887
-19.574329	6.247268	432.894531	30.701822
-19.574329	6.247268	431.013672	30.694386
-19.574329	6.247268	429.130859	29.352736
-19.574329	6.247268	427.250000	21.342274
-19.574329	6.247268	425.367188	32.005657
-19.574329	6.247268	423.484375	22.665180
-19.574329	6.247268	421.601563	23.992613
-19.574329	6.247268	419.718750	33.314999
-19.574329	6.247268	417.833984	27.977818
-19.574329	6.247268	415.949219	26.639084
-19.574329	6.247268	414.064453	33.290787
-19.574329	6.247268	412.179688	29.288792
-19.574329	6.247268	410.294922	19.964790
-19.574329	6.247268	408.408203	37.258575
-19.574329	6.247268	406.521484	41.240566
-19.574329	6.247268	404.634766	25.270348
-19.574329	6.247268	402.746094	45.209660
-19.574329	6.247268	400.857422	57.163059
-19.574329	6.247268	398.968750	82.401169
-19.574329	6.247268	397.080078	74.408813
-19.574329	6.247268	395.191406	87.674835
-19.574329	6.247268	393.300781	77.028893
-19.574329	6.247268	391.410156	73.026924
-19.574329	6.247268	389.519531	65.044571
-19.574329	6.247268	387.628906	55.738964
-19.574329	6.247268	385.736328	53.071854
-19.574329	6.247268	383.843750	50.406029
-19.574329	6.247268	381.951172	63.655323
-19.574329	6.247268	380.058594	43.752419
-19.574329	6.247268	378.164063	43.741802
-19.574329	6.247268	376.271484	76.860878
-19.574329	6.247268	374.376953	74.192490
-19.574329	6.247268	372.480469	72.849945
-19.574329	6.247268	370.585938	60.914253
-19.574329	6.247268	368.689453	43.688751
-19.574329	6.247268	366.792969	41.030987
-19.574329	6.247268	364.896484	41.021027
-19.574329	6.247268	363.000000	47.625759
-19.574329	6.247268	361.101563	43.646347
-19.574329	6.247268	359.203125	54.214115
-19.574329	6.247268	357.304688	51.557003
-19.574329	6.247268	355.406250	52.866138
-19.574329	6.247268	353.505859	51.531971
-19.574329	6.247268	351.605469	60.766541
-19.574329	6.247268	349.705078	42.262112
-19.574329	6.247268	347.804688	44.892586
-19.574329	6.247268	345.902344	46.201736
-19.574329	6.247268	344.001953	40.911598
-19.574329	6.247268	342.099609	43.540478
-19.574329	6.247268	340.195313	52.763519
-19.574329	6.247268	338.292969	50.113171
-19.574329	6.247268	336.388672	38.234970
-19.574329	6.247268	334.484375	40.861938
-19.574329	6.247268	332.580078	39.534203
-19.574329	6.247268	330.675781	42.159573
-19.574329	6.247268	328.769531	36.880665
-19.574329	6.247268	326.863281	42.139091
-19.574329	6.247268	324.957031	43.445381
-19.574329	6.247268	323.048828	40.802410
-19.574329	6.247268	321.142578	34.213062
-19.574329	6.247268	319.234375	24.995777
-19.574329	6.247268	317.326172	32.881191
-19.574329	6.247268	315.417969	31.558271
-19.574329	6.247268	313.507813	38.123646
-19.574329	6.247268	311.597656	32.857224
-19.574329	6.247268	309.687500	23.651453
-19.574329	6.247268	307.777344	40.723156
-19.574329	6.247268	305.865234	34.146606
-19.574329	6.247268	303.955078	35.451317
-19.574329	6.247268	302.042969	38.068089
-19.574329	6.247268	300.128906	31.496967
-19.574329	6.247268	298.216797	32.801365
-19.574329	6.247268	296.302734	32.793392
-19.574329	6.247268	294.388672	28.851171
-19.574329	6.247268	292.474609	31.466354
-19.574329	6.247268	290.560547	35.391045
-19.574329	6.247268	288.644531	41.934746
-19.574329	6.247268	286.728516	55.025974
-19.574329	6.247268	284.812500	47.153656
-19.574329	6.247268	282.896484	60.237244
-19.574329	6.247268	280.978516	48.439919
-19.574329	6.247268	279.060547	64.134567
-19.574329	6.247268	277.142578	57.576221
-19.574329	6.247268	275.224609	64.103386
-19.574329	6.247268	273.304688	54.932400
-19.574329	6.247268	271.384766	70.610199
-19.574329	6.247268	269.464844	84.973099
-19.574329	6.247268	267.544922	88.873322
-19.574329	6.247268	265.623047	125.437714
-19.574329	6.247268	263.703125	205.093048
-19.574329	6.247268	261.781250	296.463715
-19.574329	6.247268	259.857422	284.640411
-19.574329	6.247268	257.935547	278.044342
-19.574329	6.247268	256.011719	251.875641
-19.574329	6.247268	254.087891	249.204926
-19.574329	6.247268	252.164063	654.819153
-19.574329	6.247268	250.240234	1768.364258
-19.574329	6.247268	248.314453	1726.213135
-19.574329	6.247268	246.388672	808.151001
-19.574329	6.247268	244.462891	354.457458
-19.574329	6.247268	242.535156	242.327423
-19.574329	6.247268	240.609375	178.445084
-19.574329	6.247268	238.681641	161.473068
-19.574329	6.247268	236.753906	134.094208
-19.574329	6.247268	234.824219	100.220810
-19.574329	6.247268	232.896484	91.087677
-19.574329	6.247268	230.966797	74.153358
-19.574329	6.247268	229.037109	65.030991
-19.574329	6.247268	227.107422	68.916092
-19.574329	6.247268	225.175781	83.199196
-19.574329	6.247268	223.244141	85.778313
-19.574329	6.247268	221.312500	90.954872
-19.574329	6.247268	219.380859	80.540443
-19.574329	6.247268	217.447266	87.014481
-19.574329	6.247268	215.515625	71.412437
-19.574329	6.247268	213.582031	66.202705
-19.574329	6.247268	211.646484	67.484383
-19.574329	6.247268	209.712891	54.493366
-19.574329	6.247268	207.777344	49.291538
-19.574329	6.247268	205.841797	50.576385
-19.574329	6.247268	203.906250	40.191967
-19.574329	6.247268	201.968750	37.589798
-19.574329	6.247268	200.033203	36.284775
-19.574329	6.247268	198.095703	36.275955
-19.574329	6.247268	196.158203	34.971882
-19.574329	6.247268	194.218750	24.603861
-19.574329	6.247268	192.281250	32.365635
-19.574329	6.247268	190.341797	29.769146
-19.574329	6.247268	188.402344	19.409941
-19.574329	6.247268	186.460938	23.286268
-19.574329	6.247268	184.521484	19.400507
-19.574329	6.247268	182.580078	25.861057
-19.574329	6.247268	180.638672	28.440248
-19.574329	6.247268	178.695313	34.895458
-19.574329	6.247268	176.753906	23.257986
-19.574329	6.247268	174.810547	27.127724
-19.574329	6.247268	172.867188	19.372236
-19.574329	6.247268	170.921875	20.658699
-19.574329	6.247268	168.978516	29.689663
-19.574329	6.247268	167.033203	32.263531
-19.574329	6.247268	165.087891	24.514326
-19.574329	6.247268	163.142578	24.508371
-19.574329	6.247268	161.195313	27.081617
-19.574329	6.247268	159.248047	32.232189
-19.574329	6.247268	157.300781	27.068462
-19.574329	6.247268	155.353516	28.350548
-19.574329	6.247268	153.406250	38.650448
-19.574329	6.247268	151.457031	37.353024
-19.574329	6.247268	149.507813	38.631676
-19.574329	6.247268	147.558594	39.909702
-19.574329	6.247268	145.607422	41.187107
-19.574329	6.247268	143.658203	43.750671
-19.574329	6.247268	141.707031	55.318298
-19.574329	6.247268	139.753906	60.449501
-19.574329	6.247268	137.802734	66.864059
-19.574329	6.247268	135.849609	52.706940
-19.574329	6.247268	133.896484	52.694145
-19.574329	6.247268	131.943359	51.396439
-19.574329	6.247268	129.990234	55.237759
-19.574329	6.247268	128.035156	53.940063
-19.574329	6.247268	126.080078	55.210945
-19.574329	6.247268	124.125000	50.062889
-19.574329	6.247268	122.169922	56.467503
-19.574329	6.247268	120.212891	53.887714
-19.574329	6.247268	118.255859	59.005554
-19.574329	6.247268	116.298828	55.143982
-19.574329	6.247268	114.341797	42.309532
-19.574329	6.247268	112.382813	46.144653
-19.574329	6.247268	110.423828	35.881580
-19.574329	6.247268	108.464844	30.748177
-19.574329	6.247268	106.505859	23.055538
-19.574329	6.247268	104.544922	20.488842
-19.574329	6.247268	102.585938	10.241936
-19.574329	6.247268	100.625000	5.119726
-19.574329	6.247268	98.662109	3.838863
-19.574329	6.247268	96.701172	3.837932
-19.574329	6.247268	94.738281	3.837002
-19.574329	6.247268	92.775391	5.114762
-19.574329	6.247268	90.812500	0.000000
-19.574329	6.247268	88.847656	3.834212
-19.574329	6.247268	86.882813	1.277761
-19.574329	6.247268	84.917969	2.554902
-19.574329	6.247268	82.953125	0.000000
-19.574329	6.247268	80.988281	-1.276832
-19.574329	6.247268	79.021484	3.829567
-19.574329	6.247268	77.054688	5.104852
-19.574329	6.247268	75.087891	3.827712
-19.574329	6.247268	73.119141	-1.275595
-19.574329	6.247268	71.152344	0.000000
-19.574329	6.247268	69.183594	1.274977
-19.574329	6.247268	67.212891	3.824004
-19.574329	6.247268	65.244141	0.000000
-19.574329	6.247268	63.273438	1.274051
-19.574329	6.247268	61.302734	1.273742
-19.574329	6.247268	59.332031	1.273434
