#X		#Y		#Wave		#Intensity
-22.672816	-21.314427	1838.626953	4.821446
-22.672816	-21.314427	1837.066406	12.857189
-22.672816	-21.314427	1835.503906	11.247646
-22.672816	-21.314427	1833.941406	4.819394
-22.672816	-21.314427	1832.378906	11.242860
-22.672816	-21.314427	1830.816406	9.634686
-22.672816	-21.314427	1829.251953	9.632636
-22.672816	-21.314427	1827.687500	11.235683
-22.672816	-21.314427	1826.125000	8.023781
-22.672816	-21.314427	1824.560547	16.044146
-22.672816	-21.314427	1822.994141	14.436658
-22.672816	-21.314427	1821.429688	11.226122
-22.672816	-21.314427	1819.865234	14.430513
-22.672816	-21.314427	1818.298828	11.221344
-22.672816	-21.314427	1816.732422	9.616248
-22.672816	-21.314427	1815.166016	11.216568
-22.672816	-21.314427	1813.599609	9.612155
-22.672816	-21.314427	1812.033203	4.805054
-22.672816	-21.314427	1810.464844	6.405375
-22.672816	-21.314427	1808.896484	12.808023
-22.672816	-21.314427	1807.330078	6.402648
-22.672816	-21.314427	1805.759766	6.401285
-22.672816	-21.314427	1804.191406	4.799942
-22.672816	-21.314427	1802.623047	11.197480
-22.672816	-21.314427	1801.052734	7.996497
-22.672816	-21.314427	1799.484375	9.593754
-22.672816	-21.314427	1797.914063	14.387566
-22.672816	-21.314427	1796.343750	15.982780
-22.672816	-21.314427	1794.771484	9.587626
-22.672816	-21.314427	1793.201172	11.183182
-22.672816	-21.314427	1791.628906	11.180800
-22.672816	-21.314427	1790.058594	9.581502
-22.672816	-21.314427	1788.486328	9.579461
-22.672816	-21.314427	1786.914063	11.173658
-22.672816	-21.314427	1785.339844	14.363071
-22.672816	-21.314427	1783.767578	7.977785
-22.672816	-21.314427	1782.193359	9.571302
-22.672816	-21.314427	1780.621094	11.164141
-22.672816	-21.314427	1779.046875	9.567225
-22.672816	-21.314427	1777.470703	6.376791
-22.672816	-21.314427	1775.896484	11.157007
-22.672816	-21.314427	1774.322266	9.561111
-22.672816	-21.314427	1772.746094	11.152253
-22.672816	-21.314427	1771.169922	12.742716
-22.672816	-21.314427	1769.593750	7.962500
-22.672816	-21.314427	1768.017578	7.960804
-22.672816	-21.314427	1766.441406	15.918214
-22.672816	-21.314427	1764.863281	14.323339
-22.672816	-21.314427	1763.287109	11.138000
-22.672816	-21.314427	1761.708984	6.363215
-22.672816	-21.314427	1760.130859	17.495111
-22.672816	-21.314427	1758.552734	11.130878
-22.672816	-21.314427	1756.972656	14.308079
-22.672816	-21.314427	1755.394531	11.126133
-22.672816	-21.314427	1753.814453	9.534652
-22.672816	-21.314427	1752.234375	14.298928
-22.672816	-21.314427	1750.654297	14.295879
-22.672816	-21.314427	1749.074219	17.469015
-22.672816	-21.314427	1747.492188	12.702029
-22.672816	-21.314427	1745.912109	14.286735
-22.672816	-21.314427	1744.330078	11.109534
-22.672816	-21.314427	1742.748047	11.107164
-22.672816	-21.314427	1741.166016	9.518395
-22.672816	-21.314427	1739.583984	12.688487
-22.672816	-21.314427	1738.000000	9.514335
-22.672816	-21.314427	1736.417969	7.926920
-22.672816	-21.314427	1734.833984	12.680367
-22.672816	-21.314427	1733.250000	14.262368
-22.672816	-21.314427	1731.666016	17.428062
-22.672816	-21.314427	1730.082031	12.672250
-22.672816	-21.314427	1728.496094	14.253238
-22.672816	-21.314427	1726.912109	20.583616
-22.672816	-21.314427	1725.326172	11.081120
-22.672816	-21.314427	1723.740234	14.244111
-22.672816	-21.314427	1722.154297	9.494047
-22.672816	-21.314427	1720.566406	4.746010
-22.672816	-21.314427	1718.980469	12.653323
-22.672816	-21.314427	1717.392578	9.487966
-22.672816	-21.314427	1715.804688	9.485939
-22.672816	-21.314427	1714.216797	11.064566
-22.672816	-21.314427	1712.628906	12.642516
-22.672816	-21.314427	1711.041016	11.059838
-22.672816	-21.314427	1709.451172	14.216755
-22.672816	-21.314427	1707.861328	12.634415
-22.672816	-21.314427	1706.271484	9.473786
-22.672816	-21.314427	1704.681641	4.735881
-22.672816	-21.314427	1703.091797	12.626317
-22.672816	-21.314427	1701.501953	7.889761
-22.672816	-21.314427	1699.910156	11.043304
-22.672816	-21.314427	1698.318359	12.618221
-22.672816	-21.314427	1696.726563	11.038584
-22.672816	-21.314427	1695.134766	6.306413
-22.672816	-21.314427	1693.542969	14.186396
-22.672816	-21.314427	1691.949219	15.759291
-22.672816	-21.314427	1690.357422	14.180328
-22.672816	-21.314427	1688.763672	12.602040
-22.672816	-21.314427	1687.169922	6.299673
-22.672816	-21.314427	1685.576172	6.298325
-22.672816	-21.314427	1683.982422	6.296977
-22.672816	-21.314427	1682.386719	12.591260
-22.672816	-21.314427	1680.791016	11.014995
-22.672816	-21.314427	1679.195313	17.305573
-22.672816	-21.314427	1677.599609	9.437383
-22.672816	-21.314427	1676.003906	7.862803
-22.672816	-21.314427	1674.408203	9.433343
-22.672816	-21.314427	1672.810547	14.146985
-22.672816	-21.314427	1671.214844	7.857753
-22.672816	-21.314427	1669.617188	10.998499
-22.672816	-21.314427	1668.019531	7.854388
-22.672816	-21.314427	1666.419922	9.423247
-22.672816	-21.314427	1664.822266	14.131843
-22.672816	-21.314427	1663.222656	7.849342
-22.672816	-21.314427	1661.623047	6.278128
-22.672816	-21.314427	1660.023438	14.122762
-22.672816	-21.314427	1658.423828	12.550876
-22.672816	-21.314427	1656.824219	9.411139
-22.672816	-21.314427	1655.222656	7.840935
-22.672816	-21.314427	1653.623047	6.271404
-22.672816	-21.314427	1652.021484	7.837574
-22.672816	-21.314427	1650.419922	9.403072
-22.672816	-21.314427	1648.818359	7.834213
-22.672816	-21.314427	1647.214844	10.965547
-22.672816	-21.314427	1645.613281	9.397024
-22.672816	-21.314427	1644.009766	14.092512
-22.672816	-21.314427	1642.406250	12.523991
-22.672816	-21.314427	1640.802734	9.390978
-22.672816	-21.314427	1639.199219	12.518617
-22.672816	-21.314427	1637.593750	6.257965
-22.672816	-21.314427	1635.990234	12.513244
-22.672816	-21.314427	1634.384766	12.510558
-22.672816	-21.314427	1632.779297	3.126968
-22.672816	-21.314427	1631.173828	17.194632
-22.672816	-21.314427	1629.568359	9.376876
-22.672816	-21.314427	1627.960938	12.499817
-22.672816	-21.314427	1626.353516	10.934991
-22.672816	-21.314427	1624.748047	7.809030
-22.672816	-21.314427	1623.140625	15.614705
-22.672816	-21.314427	1621.531250	17.172485
-22.672816	-21.314427	1619.923828	14.047195
-22.672816	-21.314427	1618.314453	10.923249
-22.672816	-21.314427	1616.707031	6.240515
-22.672816	-21.314427	1615.097656	6.239173
-22.672816	-21.314427	1613.488281	7.797290
-22.672816	-21.314427	1611.878906	7.795614
-22.672816	-21.314427	1610.267578	10.911512
-22.672816	-21.314427	1608.656250	6.233809
-22.672816	-21.314427	1607.046875	14.023053
-22.672816	-21.314427	1605.435547	10.904473
-22.672816	-21.314427	1603.824219	4.672340
-22.672816	-21.314427	1602.210938	4.671335
-22.672816	-21.314427	1600.599609	17.124542
-22.672816	-21.314427	1598.986328	12.451531
-22.672816	-21.314427	1597.373047	7.780532
-22.672816	-21.314427	1595.759766	10.890400
-22.672816	-21.314427	1594.146484	7.777182
-22.672816	-21.314427	1592.533203	7.775507
-22.672816	-21.314427	1590.917969	4.664300
-22.672816	-21.314427	1589.302734	7.772159
-22.672816	-21.314427	1587.687500	7.770484
-22.672816	-21.314427	1586.072266	12.430096
-22.672816	-21.314427	1584.457031	10.873990
-22.672816	-21.314427	1582.839844	9.318555
-22.672816	-21.314427	1581.224609	12.422061
-22.672816	-21.314427	1579.607422	9.314538
-22.672816	-21.314427	1577.990234	12.416706
-22.672816	-21.314427	1576.373047	12.414028
-22.672816	-21.314427	1574.755859	13.962770
-22.672816	-21.314427	1573.136719	18.613012
-22.672816	-21.314427	1571.517578	15.507497
-22.672816	-21.314427	1569.898438	7.752076
-22.672816	-21.314427	1568.279297	4.650242
-22.672816	-21.314427	1566.660156	12.397968
-22.672816	-21.314427	1565.041016	7.747058
-22.672816	-21.314427	1563.419922	10.843539
-22.672816	-21.314427	1561.798828	10.841199
-22.672816	-21.314427	1560.177734	10.838858
-22.672816	-21.314427	1558.556641	9.288443
-22.672816	-21.314427	1556.935547	10.834176
-22.672816	-21.314427	1555.312500	9.284431
-22.672816	-21.314427	1553.691406	6.188283
-22.672816	-21.314427	1552.068359	9.280419
-22.672816	-21.314427	1550.445313	6.185609
-22.672816	-21.314427	1548.822266	9.276408
-22.672816	-21.314427	1547.197266	13.911604
-22.672816	-21.314427	1545.574219	13.908596
-22.672816	-21.314427	1543.949219	7.725327
-22.672816	-21.314427	1542.324219	13.902580
-22.672816	-21.314427	1540.699219	6.177588
-22.672816	-21.314427	1539.072266	9.264378
-22.672816	-21.314427	1537.447266	10.806102
-22.672816	-21.314427	1535.820313	12.347157
-22.672816	-21.314427	1534.193359	12.344485
-22.672816	-21.314427	1532.566406	12.341813
-22.672816	-21.314427	1530.939453	9.254355
-22.672816	-21.314427	1529.312500	9.252352
-22.672816	-21.314427	1527.683594	15.417247
-22.672816	-21.314427	1526.056641	9.248344
-22.672816	-21.314427	1524.427734	10.787397
-22.672816	-21.314427	1522.798828	10.785060
-22.672816	-21.314427	1521.167969	10.782723
-22.672816	-21.314427	1519.539063	4.620165
-22.672816	-21.314427	1517.908203	16.936934
-22.672816	-21.314427	1516.277344	6.157550
-22.672816	-21.314427	1514.646484	12.312429
-22.672816	-21.314427	1513.015625	7.693600
-22.672816	-21.314427	1511.384766	9.230317
-22.672816	-21.314427	1509.751953	7.690262
-22.672816	-21.314427	1508.121094	6.150875
-22.672816	-21.314427	1506.488281	15.373850
-22.672816	-21.314427	1504.855469	10.759358
-22.672816	-21.314427	1503.220703	7.683588
-22.672816	-21.314427	1501.587891	12.291072
-22.672816	-21.314427	1499.953125	9.216302
-22.672816	-21.314427	1498.318359	12.285733
-22.672816	-21.314427	1496.683594	15.353831
-22.672816	-21.314427	1495.048828	9.210297
-22.672816	-21.314427	1493.414063	15.347159
-22.672816	-21.314427	1491.777344	10.740677
-22.672816	-21.314427	1490.140625	12.272391
-22.672816	-21.314427	1488.505859	7.668577
-22.672816	-21.314427	1486.867188	10.733673
-22.672816	-21.314427	1485.230469	7.665242
-22.672816	-21.314427	1483.593750	6.130860
-22.672816	-21.314427	1481.955078	16.856197
-22.672816	-21.314427	1480.316406	15.320481
-22.672816	-21.314427	1478.677734	6.126859
-22.672816	-21.314427	1477.039063	10.719669
-22.672816	-21.314427	1475.400391	9.186288
-22.672816	-21.314427	1473.759766	7.653573
-22.672816	-21.314427	1472.119141	9.182287
-22.672816	-21.314427	1470.478516	7.650239
-22.672816	-21.314427	1468.837891	9.178288
-22.672816	-21.314427	1467.197266	7.646906
-22.672816	-21.314427	1465.556641	9.174288
-22.672816	-21.314427	1463.914063	4.586144
-22.672816	-21.314427	1462.271484	6.113526
-22.672816	-21.314427	1460.628906	6.112193
-22.672816	-21.314427	1458.986328	12.221721
-22.672816	-21.314427	1457.343750	13.746437
-22.672816	-21.314427	1455.699219	9.162292
-22.672816	-21.314427	1454.054688	12.213724
-22.672816	-21.314427	1452.410156	9.158294
-22.672816	-21.314427	1450.765625	4.578147
-22.672816	-21.314427	1449.121094	13.731444
-22.672816	-21.314427	1447.474609	12.203064
-22.672816	-21.314427	1445.830078	6.100199
-22.672816	-21.314427	1444.183594	12.197734
-22.672816	-21.314427	1442.537109	12.195069
-22.672816	-21.314427	1440.890625	12.192405
-22.672816	-21.314427	1439.242188	12.189740
-22.672816	-21.314427	1437.595703	10.663692
-22.672816	-21.314427	1435.947266	10.661361
-22.672816	-21.314427	1434.298828	12.181748
-22.672816	-21.314427	1432.650391	6.089542
-22.672816	-21.314427	1431.000000	12.176420
-22.672816	-21.314427	1429.351563	6.086878
-22.672816	-21.314427	1427.701172	9.128320
-22.672816	-21.314427	1426.050781	6.084215
-22.672816	-21.314427	1424.400391	10.645045
-22.672816	-21.314427	1422.750000	16.724266
-22.672816	-21.314427	1421.097656	16.720604
-22.672816	-21.314427	1419.447266	6.078888
-22.672816	-21.314427	1417.794922	9.116335
-22.672816	-21.314427	1416.142578	15.190563
-22.672816	-21.314427	1414.490234	12.149787
-22.672816	-21.314427	1412.835938	6.073562
-22.672816	-21.314427	1411.183594	9.108346
-22.672816	-21.314427	1409.529297	6.070899
-22.672816	-21.314427	1407.875000	7.586960
-22.672816	-21.314427	1406.220703	10.619415
-22.672816	-21.314427	1404.566406	4.550179
-22.672816	-21.314427	1402.910156	7.581969
-22.672816	-21.314427	1401.255859	10.612427
-22.672816	-21.314427	1399.599609	10.610098
-22.672816	-21.314427	1397.943359	10.607768
-22.672816	-21.314427	1396.287109	10.605439
-22.672816	-21.314427	1394.628906	12.117840
-22.672816	-21.314427	1392.970703	10.600781
-22.672816	-21.314427	1391.314453	15.140646
-22.672816	-21.314427	1389.656250	12.109856
-22.672816	-21.314427	1387.998047	4.540198
-22.672816	-21.314427	1386.337891	10.591466
-22.672816	-21.314427	1384.679688	10.589137
-22.672816	-21.314427	1383.019531	7.562006
-22.672816	-21.314427	1381.359375	4.536206
-22.672816	-21.314427	1379.699219	10.582151
-22.672816	-21.314427	1378.039063	15.114034
-22.672816	-21.314427	1376.376953	3.022141
-22.672816	-21.314427	1374.716797	12.085905
-22.672816	-21.314427	1373.054688	10.572839
-22.672816	-21.314427	1371.392578	10.570511
-22.672816	-21.314427	1369.728516	10.568183
-22.672816	-21.314427	1368.066406	12.075262
-22.672816	-21.314427	1366.402344	7.545376
-22.672816	-21.314427	1364.740234	9.052456
-22.672816	-21.314427	1363.076172	9.050461
-22.672816	-21.314427	1361.412109	10.556543
-22.672816	-21.314427	1359.746094	10.554215
-22.672816	-21.314427	1358.082031	16.581539
-22.672816	-21.314427	1356.416016	13.563721
-22.672816	-21.314427	1354.750000	12.053981
-22.672816	-21.314427	1353.083984	10.544906
-22.672816	-21.314427	1351.417969	4.518248
-22.672816	-21.314427	1349.750000	9.034501
-22.672816	-21.314427	1348.083984	10.537924
-22.672816	-21.314427	1346.416016	6.020341
-22.672816	-21.314427	1344.748047	16.552280
-22.672816	-21.314427	1343.078125	12.035362
-22.672816	-21.314427	1341.410156	10.528615
-22.672816	-21.314427	1339.740234	10.526288
-22.672816	-21.314427	1338.072266	10.523961
-22.672816	-21.314427	1336.402344	13.527816
-22.672816	-21.314427	1334.730469	6.011033
-22.672816	-21.314427	1333.060547	10.516981
-22.672816	-21.314427	1331.388672	7.510467
-22.672816	-21.314427	1329.718750	12.014089
-22.672816	-21.314427	1328.046875	15.014287
-22.672816	-21.314427	1326.375000	7.505482
-22.672816	-21.314427	1324.701172	12.006112
-22.672816	-21.314427	1323.029297	10.503021
-22.672816	-21.314427	1321.355469	10.500695
-22.672816	-21.314427	1319.681641	10.498368
-22.672816	-21.314427	1318.007813	8.996608
-22.672816	-21.314427	1316.333984	13.491920
-22.672816	-21.314427	1314.660156	5.995080
-22.672816	-21.314427	1312.984375	7.492188
-22.672816	-21.314427	1311.308594	8.988632
-22.672816	-21.314427	1309.632813	5.991092
-22.672816	-21.314427	1307.957031	8.984645
-22.672816	-21.314427	1306.279297	11.976868
-22.672816	-21.314427	1304.603516	11.974210
-22.672816	-21.314427	1302.925781	11.971552
-22.672816	-21.314427	1301.248047	13.465005
-22.672816	-21.314427	1299.570313	11.966235
-22.672816	-21.314427	1297.892578	8.972683
-22.672816	-21.314427	1296.212891	11.960919
-22.672816	-21.314427	1294.533203	11.958261
-22.672816	-21.314427	1292.853516	5.977802
-22.672816	-21.314427	1291.173828	10.458827
-22.672816	-21.314427	1289.494141	7.468930
-22.672816	-21.314427	1287.812500	11.947630
-22.672816	-21.314427	1286.132813	4.479365
-22.672816	-21.314427	1284.451172	8.956737
-22.672816	-21.314427	1282.769531	5.969829
-22.672816	-21.314427	1281.085938	10.444875
-22.672816	-21.314427	1279.404297	8.950757
-22.672816	-21.314427	1277.720703	4.474382
-22.672816	-21.314427	1276.039063	7.455642
-22.672816	-21.314427	1274.355469	8.944777
-22.672816	-21.314427	1272.669922	11.923713
-22.672816	-21.314427	1270.986328	11.921055
-22.672816	-21.314427	1269.300781	11.918398
-22.672816	-21.314427	1267.615234	11.915741
-22.672816	-21.314427	1265.929688	4.467406
-22.672816	-21.314427	1264.244141	10.421623
-22.672816	-21.314427	1262.558594	11.907769
-22.672816	-21.314427	1260.871094	8.928834
-22.672816	-21.314427	1259.185547	13.390263
-22.672816	-21.314427	1257.498047	10.412324
-22.672816	-21.314427	1255.808594	11.897141
-22.672816	-21.314427	1254.121094	13.381295
-22.672816	-21.314427	1252.433594	11.891828
-22.672816	-21.314427	1250.744141	13.375318
-22.672816	-21.314427	1249.054688	13.372329
-22.672816	-21.314427	1247.365234	7.427411
-22.672816	-21.314427	1245.673828	10.396050
-22.672816	-21.314427	1243.984375	10.393726
-22.672816	-21.314427	1242.292969	13.360373
-22.672816	-21.314427	1240.601563	8.904923
-22.672816	-21.314427	1238.910156	7.419109
-22.672816	-21.314427	1237.218750	5.933959
-22.672816	-21.314427	1235.525391	10.382104
-22.672816	-21.314427	1233.833984	7.414128
-22.672816	-21.314427	1232.140625	10.377455
-22.672816	-21.314427	1230.447266	11.857292
-22.672816	-21.314427	1228.753906	4.445488
-22.672816	-21.314427	1227.058594	8.888985
-22.672816	-21.314427	1225.365234	5.924662
-22.672816	-21.314427	1223.669922	8.885000
-22.672816	-21.314427	1221.974609	5.922006
-22.672816	-21.314427	1220.277344	13.321524
-22.672816	-21.314427	1218.582031	8.879024
-22.672816	-21.314427	1216.884766	5.918021
-22.672816	-21.314427	1215.189453	11.833386
-22.672816	-21.314427	1213.492188	10.351890
-22.672816	-21.314427	1211.792969	5.914037
-22.672816	-21.314427	1210.095703	11.825418
-22.672816	-21.314427	1208.396484	7.389226
-22.672816	-21.314427	1206.699219	7.387567
-22.672816	-21.314427	1205.000000	11.817451
-22.672816	-21.314427	1203.298828	8.861096
-22.672816	-21.314427	1201.599609	10.335622
-22.672816	-21.314427	1199.900391	11.809484
-22.672816	-21.314427	1198.199219	11.806828
-22.672816	-21.314427	1196.498047	10.328650
-22.672816	-21.314427	1194.796875	10.326327
-22.672816	-21.314427	1193.093750	11.798861
-22.672816	-21.314427	1191.392578	11.796206
-22.672816	-21.314427	1189.689453	13.267743
-22.672816	-21.314427	1187.986328	8.843170
-22.672816	-21.314427	1186.283203	7.367649
-22.672816	-21.314427	1184.580078	14.731979
-22.672816	-21.314427	1182.875000	11.782928
-22.672816	-21.314427	1181.169922	13.252807
-22.672816	-21.314427	1179.464844	7.361011
-22.672816	-21.314427	1177.759766	7.359351
-22.672816	-21.314427	1176.054688	14.715383
-22.672816	-21.314427	1174.347656	7.356032
-22.672816	-21.314427	1172.642578	5.883498
-22.672816	-21.314427	1170.935547	13.234883
-22.672816	-21.314427	1169.228516	10.291475
-22.672816	-21.314427	1167.519531	10.289151
-22.672816	-21.314427	1165.812500	11.756375
-22.672816	-21.314427	1164.103516	10.284505
-22.672816	-21.314427	1162.394531	11.751065
-22.672816	-21.314427	1160.685547	14.685513
-22.672816	-21.314427	1158.976563	7.341097
-22.672816	-21.314427	1157.265625	11.743100
-22.672816	-21.314427	1155.556641	11.740445
-22.672816	-21.314427	1153.845703	7.336119
-22.672816	-21.314427	1152.134766	13.202027
-22.672816	-21.314427	1150.423828	5.866241
-22.672816	-21.314427	1148.710938	7.331141
-22.672816	-21.314427	1146.998047	10.261274
-22.672816	-21.314427	1145.287109	7.327823
-22.672816	-21.314427	1143.572266	8.791396
-22.672816	-21.314427	1141.859375	13.184108
-22.672816	-21.314427	1140.146484	19.039398
-22.672816	-21.314427	1138.431641	11.713898
-22.672816	-21.314427	1136.716797	8.783432
-22.672816	-21.314427	1135.001953	11.708589
-22.672816	-21.314427	1133.287109	8.779450
-22.672816	-21.314427	1131.570313	11.703279
-22.672816	-21.314427	1129.855469	13.163203
-22.672816	-21.314427	1128.138672	10.235724
-22.672816	-21.314427	1126.421875	7.309573
-22.672816	-21.314427	1124.703125	11.692662
-22.672816	-21.314427	1122.986328	10.228757
-22.672816	-21.314427	1121.267578	8.765515
-22.672816	-21.314427	1119.548828	16.066462
-22.672816	-21.314427	1117.830078	13.142301
-22.672816	-21.314427	1116.111328	20.438934
-22.672816	-21.314427	1114.392578	16.055513
-22.672816	-21.314427	1112.671875	14.592604
-22.672816	-21.314427	1110.951172	10.212500
-22.672816	-21.314427	1109.230469	11.668775
-22.672816	-21.314427	1107.509766	11.666121
-22.672816	-21.314427	1105.787109	8.747600
-22.672816	-21.314427	1104.066406	16.033617
-22.672816	-21.314427	1102.343750	10.200889
-22.672816	-21.314427	1100.621094	16.026320
-22.672816	-21.314427	1098.896484	11.652851
-22.672816	-21.314427	1097.173828	11.650197
-22.672816	-21.314427	1095.449219	10.191601
-22.672816	-21.314427	1093.724609	5.822445
-22.672816	-21.314427	1092.000000	7.276398
-22.672816	-21.314427	1090.275391	14.549478
-22.672816	-21.314427	1088.550781	8.727696
-22.672816	-21.314427	1086.824219	4.362853
-22.672816	-21.314427	1085.097656	10.177669
-22.672816	-21.314427	1083.371094	14.536210
-22.672816	-21.314427	1081.644531	5.813157
-22.672816	-21.314427	1079.916016	5.811831
-22.672816	-21.314427	1078.189453	11.621008
-22.672816	-21.314427	1076.460938	11.618355
-22.672816	-21.314427	1074.732422	13.067664
-22.672816	-21.314427	1073.001953	11.613048
-22.672816	-21.314427	1071.273438	8.707796
-22.672816	-21.314427	1069.542969	13.058709
-22.672816	-21.314427	1067.812500	7.253180
-22.672816	-21.314427	1066.082031	17.403652
-22.672816	-21.314427	1064.351563	11.599782
-22.672816	-21.314427	1062.619141	13.046770
-22.672816	-21.314427	1060.888672	11.594476
-22.672816	-21.314427	1059.156250	10.142845
-22.672816	-21.314427	1057.421875	13.037816
-22.672816	-21.314427	1055.689453	14.483147
-22.672816	-21.314427	1053.957031	10.135881
-22.672816	-21.314427	1052.222656	11.581212
-22.672816	-21.314427	1050.488281	8.683919
-22.672816	-21.314427	1048.753906	7.234941
-22.672816	-21.314427	1047.019531	14.466567
-22.672816	-21.314427	1045.283203	5.785300
-22.672816	-21.314427	1043.546875	18.797916
-22.672816	-21.314427	1041.810547	13.010958
-22.672816	-21.314427	1040.074219	10.117312
-22.672816	-21.314427	1038.337891	10.114992
-22.672816	-21.314427	1036.599609	7.223337
-22.672816	-21.314427	1034.861328	11.554687
-22.672816	-21.314427	1033.123047	15.884047
-22.672816	-21.314427	1031.384766	15.880400
-22.672816	-21.314427	1029.646484	15.876753
-22.672816	-21.314427	1027.906250	11.544077
-22.672816	-21.314427	1026.167969	8.656069
-22.672816	-21.314427	1024.427734	14.423467
-22.672816	-21.314427	1022.685547	17.304182
-22.672816	-21.314427	1020.945313	17.300203
-22.672816	-21.314427	1019.203125	17.296227
-22.672816	-21.314427	1017.462891	12.969186
-22.672816	-21.314427	1015.720703	10.084825
-22.672816	-21.314427	1013.976563	18.724651
-22.672816	-21.314427	1012.234375	15.840289
-22.672816	-21.314427	1010.490234	12.957253
-22.672816	-21.314427	1008.746094	11.514907
-22.672816	-21.314427	1007.001953	14.390319
-22.672816	-21.314427	1005.257813	15.825706
-22.672816	-21.314427	1003.513672	17.260429
-22.672816	-21.314427	1001.767578	11.504301
-22.672816	-21.314427	1000.021484	18.690180
-22.672816	-21.314427	998.275391	17.248497
-22.672816	-21.314427	996.529297	28.740868
-22.672816	-21.314427	994.781250	20.113968
-22.672816	-21.314427	993.035156	18.672949
-22.672816	-21.314427	991.287109	21.540739
-22.672816	-21.314427	989.539063	27.278639
-22.672816	-21.314427	987.789063	31.578503
-22.672816	-21.314427	986.041016	34.441322
-22.672816	-21.314427	984.291016	34.433372
-22.672816	-21.314427	982.541016	25.819063
-22.672816	-21.314427	980.791016	32.983406
-22.672816	-21.314427	979.041016	22.939676
-22.672816	-21.314427	977.289063	31.534765
-22.672816	-21.314427	975.537109	35.826679
-22.672816	-21.314427	973.785156	27.221981
-22.672816	-21.314427	972.033203	32.945305
-22.672816	-21.314427	970.281250	25.777319
-22.672816	-21.314427	968.527344	27.203096
-22.672816	-21.314427	966.773438	25.765392
-22.672816	-21.314427	965.019531	27.190510
-22.672816	-21.314427	963.265625	27.184216
-22.672816	-21.314427	961.511719	34.330006
-22.672816	-21.314427	959.755859	28.601713
-22.672816	-21.314427	958.000000	28.595089
-22.672816	-21.314427	956.244141	22.870771
-22.672816	-21.314427	954.488281	25.723656
-22.672816	-21.314427	952.730469	22.860172
-22.672816	-21.314427	950.974609	25.711733
-22.672816	-21.314427	949.216797	27.133869
-22.672816	-21.314427	947.458984	21.416510
-22.672816	-21.314427	945.701172	31.403593
-22.672816	-21.314427	943.941406	29.969204
-22.672816	-21.314427	942.181641	37.096119
-22.672816	-21.314427	940.421875	25.675968
-22.672816	-21.314427	938.662109	34.226677
-22.672816	-21.314427	936.902344	25.664047
-22.672816	-21.314427	935.140625	18.530840
-22.672816	-21.314427	933.380859	19.951654
-22.672816	-21.314427	931.619141	14.247870
-22.672816	-21.314427	929.855469	19.942383
-22.672816	-21.314427	928.093750	22.785999
-22.672816	-21.314427	926.330078	15.661733
-22.672816	-21.314427	924.568359	12.811165
-22.672816	-21.314427	922.804688	21.346975
-22.672816	-21.314427	921.039063	11.382405
-22.672816	-21.314427	919.275391	9.957288
-22.672816	-21.314427	917.509766	14.221387
-22.672816	-21.314427	915.744141	12.796269
-22.672816	-21.314427	913.978516	17.057720
-22.672816	-21.314427	912.212891	14.211457
-22.672816	-21.314427	910.447266	18.470591
-22.672816	-21.314427	908.679688	9.943386
-22.672816	-21.314427	906.912109	8.520917
-22.672816	-21.314427	905.144531	15.618041
-22.672816	-21.314427	903.375000	11.355927
-22.672816	-21.314427	901.607422	14.191601
-22.672816	-21.314427	899.837891	12.769463
-22.672816	-21.314427	898.068359	11.347986
-22.672816	-21.314427	896.298828	11.345339
-22.672816	-21.314427	894.529297	15.596202
-22.672816	-21.314427	892.757813	21.262585
-22.672816	-21.314427	890.986328	8.503049
-22.672816	-21.314427	889.214844	18.418972
-22.672816	-21.314427	887.443359	16.998158
-22.672816	-21.314427	885.669922	15.578006
-22.672816	-21.314427	883.898438	18.406071
-22.672816	-21.314427	882.125000	12.739687
-22.672816	-21.314427	880.351563	11.321520
-22.672816	-21.314427	878.578125	11.318873
-22.672816	-21.314427	876.802734	19.803398
-22.672816	-21.314427	875.027344	16.970373
-22.672816	-21.314427	873.251953	16.966404
-22.672816	-21.314427	871.476563	14.135364
-22.672816	-21.314427	869.701172	9.892440
-22.672816	-21.314427	867.923828	12.715875
-22.672816	-21.314427	866.146484	12.712898
-22.672816	-21.314427	864.369141	14.122136
-22.672816	-21.314427	862.591797	9.883181
-22.672816	-21.314427	860.814453	15.527076
-22.672816	-21.314427	859.035156	19.757105
-22.672816	-21.314427	857.255859	16.930695
-22.672816	-21.314427	855.476563	16.926727
-22.672816	-21.314427	853.697266	9.871610
-22.672816	-21.314427	851.916016	15.508894
-22.672816	-21.314427	850.136719	15.505258
-22.672816	-21.314427	848.355469	14.092383
-22.672816	-21.314427	846.574219	15.497986
-22.672816	-21.314427	844.791016	14.085773
-22.672816	-21.314427	843.009766	16.898962
-22.672816	-21.314427	841.226563	14.079164
-22.672816	-21.314427	839.443359	15.483445
-22.672816	-21.314427	837.660156	12.665299
-22.672816	-21.314427	835.875000	14.069250
-22.672816	-21.314427	834.091797	9.846163
-22.672816	-21.314427	832.306641	12.656378
-22.672816	-21.314427	830.521484	9.841537
-22.672816	-21.314427	828.734375	11.244828
-22.672816	-21.314427	826.949219	18.268551
-22.672816	-21.314427	825.162109	8.429657
-22.672816	-21.314427	823.375000	11.236900
-22.672816	-21.314427	821.587891	14.042822
-22.672816	-21.314427	819.800781	15.443471
-22.672816	-21.314427	818.011719	7.018108
-22.672816	-21.314427	816.222656	16.839497
-22.672816	-21.314427	814.433594	14.029612
-22.672816	-21.314427	812.644531	11.221047
-22.672816	-21.314427	810.855469	14.023007
-22.672816	-21.314427	809.064453	8.411823
-22.672816	-21.314427	807.273438	12.614763
-22.672816	-21.314427	805.482422	12.611793
-22.672816	-21.314427	803.691406	14.009801
-22.672816	-21.314427	801.898438	16.807800
-22.672816	-21.314427	800.107422	19.604479
-22.672816	-21.314427	798.314453	9.799929
-22.672816	-21.314427	796.521484	11.197278
-22.672816	-21.314427	794.726563	15.392627
-22.672816	-21.314427	792.933594	15.388997
-22.672816	-21.314427	791.138672	15.385366
-22.672816	-21.314427	789.343750	11.186718
-22.672816	-21.314427	787.546875	12.582088
-22.672816	-21.314427	785.751953	13.976798
-22.672816	-21.314427	783.955078	18.165548
-22.672816	-21.314427	782.158203	15.367219
-22.672816	-21.314427	780.361328	9.776831
-22.672816	-21.314427	778.564453	12.567242
-22.672816	-21.314427	776.765625	13.960303
-22.672816	-21.314427	774.968750	16.748405
-22.672816	-21.314427	773.169922	13.953707
-22.672816	-21.314427	771.369141	11.160327
-22.672816	-21.314427	769.570313	19.525955
-22.672816	-21.314427	767.769531	20.915720
-22.672816	-21.314427	765.970703	18.122671
-22.672816	-21.314427	764.167969	18.118385
-22.672816	-21.314427	762.367188	13.933922
-22.672816	-21.314427	760.566406	16.716749
-22.672816	-21.314427	758.763672	15.320062
-22.672816	-21.314427	756.960938	11.139226
-22.672816	-21.314427	755.158203	11.136589
-22.672816	-21.314427	753.353516	16.700928
-22.672816	-21.314427	751.550781	15.305559
-22.672816	-21.314427	749.746094	12.519764
-22.672816	-21.314427	747.941406	13.907554
-22.672816	-21.314427	746.136719	16.685110
-22.672816	-21.314427	744.330078	18.071253
-22.672816	-21.314427	742.523438	18.066971
-22.672816	-21.314427	740.718750	18.062687
-22.672816	-21.314427	738.910156	15.280189
-22.672816	-21.314427	737.103516	8.332672
-22.672816	-21.314427	735.294922	16.661392
-22.672816	-21.314427	733.488281	15.269320
-22.672816	-21.314427	731.679688	18.041277
-22.672816	-21.314427	729.869141	16.649536
-22.672816	-21.314427	728.060547	22.194113
-22.672816	-21.314427	726.250000	16.641634
-22.672816	-21.314427	724.439453	19.410629
-22.672816	-21.314427	722.628906	13.861444
-22.672816	-21.314427	720.818359	15.243966
-22.672816	-21.314427	719.005859	13.854859
-22.672816	-21.314427	717.195313	13.851568
-22.672816	-21.314427	715.382813	18.002760
-22.672816	-21.314427	713.568359	15.229485
-22.672816	-21.314427	711.755859	11.073357
-22.672816	-21.314427	709.941406	6.919202
-22.672816	-21.314427	708.126953	16.602139
-22.672816	-21.314427	706.312500	13.831825
-22.672816	-21.314427	704.498047	13.828535
-22.672816	-21.314427	702.681641	17.972820
-22.672816	-21.314427	700.867188	12.439761
-22.672816	-21.314427	699.050781	8.291201
-22.672816	-21.314427	697.232422	17.959993
-22.672816	-21.314427	695.416016	12.430882
-22.672816	-21.314427	693.597656	11.047042
-22.672816	-21.314427	691.779297	11.044412
-22.672816	-21.314427	689.960938	6.901114
-22.672816	-21.314427	688.142578	12.419045
-22.672816	-21.314427	686.324219	16.554783
-22.672816	-21.314427	684.503906	16.550838
-22.672816	-21.314427	682.683594	8.273448
-22.672816	-21.314427	680.863281	13.785793
-22.672816	-21.314427	679.041016	15.160758
-22.672816	-21.314427	677.218750	12.401299
-22.672816	-21.314427	675.398438	9.643155
-22.672816	-21.314427	673.576172	15.149916
-22.672816	-21.314427	671.751953	19.277113
-22.672816	-21.314427	669.929688	16.519297
-22.672816	-21.314427	668.105469	16.515356
-22.672816	-21.314427	666.281250	20.639269
-22.672816	-21.314427	664.457031	11.004983
-22.672816	-21.314427	662.630859	15.128241
-22.672816	-21.314427	660.806641	17.874561
-22.672816	-21.314427	658.980469	15.121017
-22.672816	-21.314427	657.154297	12.368788
-22.672816	-21.314427	655.326172	17.861759
-22.672816	-21.314427	653.500000	16.483839
-22.672816	-21.314427	651.671875	16.479902
-22.672816	-21.314427	649.843750	20.594955
-22.672816	-21.314427	648.015625	13.726688
-22.672816	-21.314427	646.185547	19.212770
-22.672816	-21.314427	644.357422	23.324217
-22.672816	-21.314427	642.527344	19.203587
-22.672816	-21.314427	640.697266	19.198994
-22.672816	-21.314427	638.865234	16.452345
-22.672816	-21.314427	637.035156	19.189812
-22.672816	-21.314427	635.203125	21.925966
-22.672816	-21.314427	633.371094	23.290766
-22.672816	-21.314427	631.539063	17.806324
-22.672816	-21.314427	629.705078	26.018400
-22.672816	-21.314427	627.873047	23.274048
-22.672816	-21.314427	626.039063	16.424807
-22.672816	-21.314427	624.203125	21.894501
-22.672816	-21.314427	622.369141	20.521179
-22.672816	-21.314427	620.535156	21.884016
-22.672816	-21.314427	618.699219	23.246197
-22.672816	-21.314427	616.863281	25.974819
-22.672816	-21.314427	615.025391	20.501524
-22.672816	-21.314427	613.189453	20.496611
-22.672816	-21.314427	611.351563	20.491699
-22.672816	-21.314427	609.513672	19.121002
-22.672816	-21.314427	607.675781	16.385502
-22.672816	-21.314427	605.837891	24.572359
-22.672816	-21.314427	603.998047	17.742449
-22.672816	-21.314427	602.158203	13.644764
-22.672816	-21.314427	600.318359	15.005641
-22.672816	-21.314427	598.478516	15.002041
-22.672816	-21.314427	596.636719	23.179411
-22.672816	-21.314427	594.796875	14.994843
-22.672816	-21.314427	592.955078	16.354086
-22.672816	-21.314427	591.111328	14.987647
-22.672816	-21.314427	589.269531	21.794981
-22.672816	-21.314427	587.425781	17.704170
-22.672816	-21.314427	585.583984	13.615323
-22.672816	-21.314427	583.738281	13.612054
-22.672816	-21.314427	581.894531	17.691420
-22.672816	-21.314427	580.050781	16.326618
-22.672816	-21.314427	578.205078	17.682922
-22.672816	-21.314427	576.359375	13.598980
-22.672816	-21.314427	574.513672	14.955283
-22.672816	-21.314427	572.666016	16.310934
-22.672816	-21.314427	570.818359	13.589178
-22.672816	-21.314427	568.970703	23.096050
-22.672816	-21.314427	567.123047	14.940910
-22.672816	-21.314427	565.275391	16.295256
-22.672816	-21.314427	563.425781	12.218503
-22.672816	-21.314427	561.576172	14.930135
-22.672816	-21.314427	559.726563	13.569585
-22.672816	-21.314427	557.876953	20.349482
-22.672816	-21.314427	556.027344	20.344585
-22.672816	-21.314427	554.175781	17.627731
-22.672816	-21.314427	552.324219	20.334797
-22.672816	-21.314427	550.472656	13.553268
-22.672816	-21.314427	548.619141	14.905006
-22.672816	-21.314427	546.767578	18.965443
-22.672816	-21.314427	544.914063	27.086966
-22.672816	-21.314427	543.060547	21.664354
-22.672816	-21.314427	541.205078	18.951746
-22.672816	-21.314427	539.351563	28.420773
-22.672816	-21.314427	537.496094	23.001751
-22.672816	-21.314427	535.640625	43.286983
-22.672816	-21.314427	533.785156	36.514595
-22.672816	-21.314427	531.927734	40.561996
-22.672816	-21.314427	530.070313	48.662666
-22.672816	-21.314427	528.212891	66.219330
-22.672816	-21.314427	526.355469	105.384956
-22.672816	-21.314427	524.498047	179.651550
-22.672816	-21.314427	522.638672	401.080048
-22.672816	-21.314427	520.779297	627.802246
-22.672816	-21.314427	518.919922	465.676422
-22.672816	-21.314427	517.060547	229.408417
-22.672816	-21.314427	515.199219	117.374809
-22.672816	-21.314427	513.339844	84.975052
-22.672816	-21.314427	511.478516	62.030308
-22.672816	-21.314427	509.615234	51.230068
-22.672816	-21.314427	507.753906	47.174202
-22.672816	-21.314427	505.890625	39.077766
-22.672816	-21.314427	504.027344	40.415520
-22.672816	-21.314427	502.164063	39.058907
-22.672816	-21.314427	500.300781	40.396011
-22.672816	-21.314427	498.435547	44.424885
-22.672816	-21.314427	496.570313	33.647091
-22.672816	-21.314427	494.705078	43.057877
-22.672816	-21.314427	492.839844	34.976078
-22.672816	-21.314427	490.972656	41.692173
-22.672816	-21.314427	489.107422	34.959183
-22.672816	-21.314427	487.240234	37.639259
-22.672816	-21.314427	485.371094	30.910494
-22.672816	-21.314427	483.503906	22.841366
-22.672816	-21.314427	481.634766	29.552273
-22.672816	-21.314427	479.765625	24.173290
-22.672816	-21.314427	477.896484	20.139540
-22.672816	-21.314427	476.027344	18.792362
-22.672816	-21.314427	474.156250	21.471794
-22.672816	-21.314427	472.285156	20.124941
-22.672816	-21.314427	470.414063	20.120075
-22.672816	-21.314427	468.542969	18.774197
-22.672816	-21.314427	466.669922	16.088278
-22.672816	-21.314427	464.796875	17.424751
-22.672816	-21.314427	462.923828	22.780704
-22.672816	-21.314427	461.050781	18.756042
-22.672816	-21.314427	459.177734	20.090899
-22.672816	-21.314427	457.302734	21.425108
-22.672816	-21.314427	455.427734	16.064943
-22.672816	-21.314427	453.552734	14.722635
-22.672816	-21.314427	451.675781	13.380975
-22.672816	-21.314427	449.800781	18.728832
-22.672816	-21.314427	447.923828	22.736649
-22.672816	-21.314427	446.046875	16.045515
-22.672816	-21.314427	444.169922	20.052038
-22.672816	-21.314427	442.291016	18.710707
-22.672816	-21.314427	440.412109	18.706177
-22.672816	-21.314427	438.533203	16.029984
-22.672816	-21.314427	436.654297	16.026102
-22.672816	-21.314427	434.773438	16.022223
-22.672816	-21.314427	432.894531	16.018341
-22.672816	-21.314427	431.013672	22.687155
-22.672816	-21.314427	429.130859	21.347445
-22.672816	-21.314427	427.250000	21.342274
-22.672816	-21.314427	425.367188	16.002829
-22.672816	-21.314427	423.484375	15.998951
-22.672816	-21.314427	421.601563	11.996306
-22.672816	-21.314427	419.718750	21.321600
-22.672816	-21.314427	417.833984	17.319601
-22.672816	-21.314427	415.949219	15.983451
-22.672816	-21.314427	414.064453	17.311209
-22.672816	-21.314427	412.179688	23.963556
-22.672816	-21.314427	410.294922	21.295776
-22.672816	-21.314427	408.408203	22.621277
-22.672816	-21.314427	406.521484	19.955112
-22.672816	-21.314427	404.634766	19.950274
-22.672816	-21.314427	402.746094	29.253307
-22.672816	-21.314427	400.857422	33.234337
-22.672816	-21.314427	398.968750	49.174889
-22.672816	-21.314427	397.080078	53.149151
-22.672816	-21.314427	395.191406	62.435108
-22.672816	-21.314427	393.300781	58.435715
-22.672816	-21.314427	391.410156	49.127205
-22.672816	-21.314427	389.519531	39.823208
-22.672816	-21.314427	387.628906	30.523720
-22.672816	-21.314427	385.736328	25.209129
-22.672816	-21.314427	383.843750	26.529488
-22.672816	-21.314427	381.951172	29.175358
-22.672816	-21.314427	380.058594	34.471603
-22.672816	-21.314427	378.164063	35.788746
-22.672816	-21.314427	376.271484	47.706749
-22.672816	-21.314427	374.376953	58.294102
-22.672816	-21.314427	372.480469	51.657230
-22.672816	-21.314427	370.585938	52.968918
-22.672816	-21.314427	368.689453	38.393143
-22.672816	-21.314427	366.792969	30.442345
-22.672816	-21.314427	364.896484	31.758215
-22.672816	-21.314427	363.000000	31.750505
-22.672816	-21.314427	361.101563	39.678497
-22.672816	-21.314427	359.203125	43.635750
-22.672816	-21.314427	357.304688	39.659233
-22.672816	-21.314427	355.406250	34.362991
-22.672816	-21.314427	353.505859	39.639977
-22.672816	-21.314427	351.605469	46.235409
-22.672816	-21.314427	349.705078	31.696583
-22.672816	-21.314427	347.804688	40.931477
-22.672816	-21.314427	345.902344	36.961388
-22.672816	-21.314427	344.001953	30.353767
-22.672816	-21.314427	342.099609	26.388168
-22.672816	-21.314427	340.195313	30.339024
-22.672816	-21.314427	338.292969	38.244259
-22.672816	-21.314427	336.388672	32.961182
-22.672816	-21.314427	334.484375	27.680668
-22.672816	-21.314427	332.580078	21.084909
-22.672816	-21.314427	330.675781	30.302193
-22.672816	-21.314427	328.769531	23.709000
-22.672816	-21.314427	326.863281	27.653778
-22.672816	-21.314427	324.957031	23.697479
-22.672816	-21.314427	323.048828	26.324137
-22.672816	-21.314427	321.142578	23.685966
-22.672816	-21.314427	319.234375	22.364643
-22.672816	-21.314427	317.326172	27.620199
-22.672816	-21.314427	315.417969	14.464208
-22.672816	-21.314427	313.507813	14.460693
-22.672816	-21.314427	311.597656	26.285780
-22.672816	-21.314427	309.687500	42.047028
-22.672816	-21.314427	307.777344	43.350460
-22.672816	-21.314427	305.865234	30.206614
-22.672816	-21.314427	303.955078	26.260237
-22.672816	-21.314427	302.042969	23.628468
-22.672816	-21.314427	300.128906	20.997978
-22.672816	-21.314427	298.216797	26.241093
-22.672816	-21.314427	296.302734	20.987772
-22.672816	-21.314427	294.388672	26.228338
-22.672816	-21.314427	292.474609	24.910864
-22.672816	-21.314427	290.560547	35.391045
-22.672816	-21.314427	288.644531	32.761520
-22.672816	-21.314427	286.728516	26.202845
-22.672816	-21.314427	284.812500	43.224182
-22.672816	-21.314427	282.896484	36.666149
-22.672816	-21.314427	280.978516	31.420486
-22.672816	-21.314427	279.060547	40.574928
-22.672816	-21.314427	277.142578	34.022312
-22.672816	-21.314427	275.224609	35.322273
-22.672816	-21.314427	273.304688	40.545345
-22.672816	-21.314427	271.384766	37.920292
-22.672816	-21.314427	269.464844	53.598415
-22.672816	-21.314427	267.544922	61.427147
-22.672816	-21.314427	265.623047	83.625145
-22.672816	-21.314427	263.703125	137.164139
-22.672816	-21.314427	261.781250	193.289108
-22.672816	-21.314427	259.857422	221.967300
-22.672816	-21.314427	257.935547	219.302582
-22.672816	-21.314427	256.011719	224.469482
-22.672816	-21.314427	254.087891	246.595459
-22.672816	-21.314427	252.164063	678.298706
-22.672816	-21.314427	250.240234	1291.062378
-22.672816	-21.314427	248.314453	983.054932
-22.672816	-21.314427	246.388672	427.537964
-22.672816	-21.314427	244.462891	225.445374
-22.672816	-21.314427	242.535156	164.157288
-22.672816	-21.314427	240.609375	130.251877
-22.672816	-21.314427	238.681641	100.269562
-22.672816	-21.314427	236.753906	80.716904
-22.672816	-21.314427	234.824219	78.094139
-22.672816	-21.314427	232.896484	54.652603
-22.672816	-21.314427	230.966797	50.736507
-22.672816	-21.314427	229.037109	48.122932
-22.672816	-21.314427	227.107422	50.711838
-22.672816	-21.314427	225.175781	49.399521
-22.672816	-21.314427	223.244141	44.188828
-22.672816	-21.314427	221.312500	41.579372
-22.672816	-21.314427	219.380859	54.559658
-22.672816	-21.314427	217.447266	62.338734
-22.672816	-21.314427	215.515625	49.339500
-22.672816	-21.314427	213.582031	41.538952
-22.672816	-21.314427	211.646484	44.124405
-22.672816	-21.314427	209.712891	38.923836
-22.672816	-21.314427	207.777344	41.508663
-22.672816	-21.314427	205.841797	37.608082
-22.672816	-21.314427	203.906250	22.040756
-22.672816	-21.314427	201.968750	23.331598
-22.672816	-21.314427	200.033203	18.142387
-22.672816	-21.314427	198.095703	18.137978
-22.672816	-21.314427	196.158203	22.019333
-22.672816	-21.314427	194.218750	22.013981
-22.672816	-21.314427	192.281250	19.419380
-22.672816	-21.314427	190.341797	19.414660
-22.672816	-21.314427	188.402344	16.821949
-22.672816	-21.314427	186.460938	14.230497
-22.672816	-21.314427	184.521484	18.107140
-22.672816	-21.314427	182.580078	9.051370
-22.672816	-21.314427	180.638672	10.341908
-22.672816	-21.314427	178.695313	15.509093
-22.672816	-21.314427	176.753906	19.381655
-22.672816	-21.314427	174.810547	18.085150
-22.672816	-21.314427	172.867188	14.206306
-22.672816	-21.314427	170.921875	16.785192
-22.672816	-21.314427	168.978516	19.362823
-22.672816	-21.314427	167.033203	11.614871
-22.672816	-21.314427	165.087891	14.192505
-22.672816	-21.314427	163.142578	11.609228
-22.672816	-21.314427	161.195313	15.475210
-22.672816	-21.314427	159.248047	23.207176
-22.672816	-21.314427	157.300781	24.490513
-22.672816	-21.314427	155.353516	20.618580
-22.672816	-21.314427	153.406250	23.190268
-22.672816	-21.314427	151.457031	30.912848
-22.672816	-21.314427	149.507813	19.315838
-22.672816	-21.314427	147.558594	25.748194
-22.672816	-21.314427	145.607422	30.890329
-22.672816	-21.314427	143.658203	30.882828
-22.672816	-21.314427	141.707031	30.875328
-22.672816	-21.314427	139.753906	42.443268
-22.672816	-21.314427	137.802734	45.004658
-22.672816	-21.314427	135.849609	37.280518
-22.672816	-21.314427	133.896484	41.127136
-22.672816	-21.314427	131.943359	34.692596
-22.672816	-21.314427	129.990234	28.261179
-22.672816	-21.314427	128.035156	37.244331
-22.672816	-21.314427	126.080078	26.963486
-22.672816	-21.314427	124.125000	29.524269
-22.672816	-21.314427	122.169922	32.083809
-22.672816	-21.314427	120.212891	34.642101
-22.672816	-21.314427	118.255859	33.350967
-22.672816	-21.314427	116.298828	33.342873
-22.672816	-21.314427	114.341797	25.642139
-22.672816	-21.314427	112.382813	24.354122
-22.672816	-21.314427	110.423828	26.911184
-22.672816	-21.314427	108.464844	16.655262
-22.672816	-21.314427	106.505859	12.808633
-22.672816	-21.314427	104.544922	10.244421
-22.672816	-21.314427	102.585938	11.522178
-22.672816	-21.314427	100.625000	7.679589
-22.672816	-21.314427	98.662109	5.118484
-22.672816	-21.314427	96.701172	2.558621
-22.672816	-21.314427	94.738281	1.279001
-22.672816	-21.314427	92.775391	3.836071
-22.672816	-21.314427	90.812500	3.835141
-22.672816	-21.314427	88.847656	0.000000
-22.672816	-21.314427	86.882813	1.277761
-22.672816	-21.314427	84.917969	2.554902
-22.672816	-21.314427	82.953125	0.000000
-22.672816	-21.314427	80.988281	0.000000
-22.672816	-21.314427	79.021484	2.553045
-22.672816	-21.314427	77.054688	1.276213
-22.672816	-21.314427	75.087891	0.000000
-22.672816	-21.314427	73.119141	2.551189
-22.672816	-21.314427	71.152344	2.550571
-22.672816	-21.314427	69.183594	0.000000
-22.672816	-21.314427	67.212891	3.824004
-22.672816	-21.314427	65.244141	0.000000
-22.672816	-21.314427	63.273438	1.274051
-22.672816	-21.314427	61.302734	1.273742
-22.672816	-21.314427	59.332031	1.273434
-19.672816	-21.314427	1838.626953	14.464337
-19.672816	-21.314427	1837.066406	25.714378
-19.672816	-21.314427	1835.503906	27.315712
-19.672816	-21.314427	1833.941406	22.490505
-19.672816	-21.314427	1832.378906	35.334702
-19.672816	-21.314427	1830.816406	24.086716
-19.672816	-21.314427	1829.251953	22.476151
-19.672816	-21.314427	1827.687500	27.286661
-19.672816	-21.314427	1826.125000	27.280853
-19.672816	-21.314427	1824.560547	32.088291
-19.672816	-21.314427	1822.994141	25.665171
-19.672816	-21.314427	1821.429688	27.263439
-19.672816	-21.314427	1819.865234	22.447466
-19.672816	-21.314427	1818.298828	22.442688
-19.672816	-21.314427	1816.732422	25.643328
-19.672816	-21.314427	1815.166016	20.830769
-19.672816	-21.314427	1813.599609	24.030386
-19.672816	-21.314427	1812.033203	20.821901
-19.672816	-21.314427	1810.464844	19.216125
-19.672816	-21.314427	1808.896484	22.414042
-19.672816	-21.314427	1807.330078	12.805297
-19.672816	-21.314427	1805.759766	27.205463
-19.672816	-21.314427	1804.191406	23.999710
-19.672816	-21.314427	1802.623047	20.795321
-19.672816	-21.314427	1801.052734	22.390192
-19.672816	-21.314427	1799.484375	23.984383
-19.672816	-21.314427	1797.914063	28.775131
-19.672816	-21.314427	1796.343750	23.974171
-19.672816	-21.314427	1794.771484	23.969065
-19.672816	-21.314427	1793.201172	19.171169
-19.672816	-21.314427	1791.628906	27.153372
-19.672816	-21.314427	1790.058594	25.550673
-19.672816	-21.314427	1788.486328	25.545231
-19.672816	-21.314427	1786.914063	20.751080
-19.672816	-21.314427	1785.339844	23.938454
-19.672816	-21.314427	1783.767578	25.528912
-19.672816	-21.314427	1782.193359	20.737822
-19.672816	-21.314427	1780.621094	28.707790
-19.672816	-21.314427	1779.046875	17.539913
-19.672816	-21.314427	1777.470703	23.912966
-19.672816	-21.314427	1775.896484	23.907871
-19.672816	-21.314427	1774.322266	25.496296
-19.672816	-21.314427	1772.746094	23.897684
-19.672816	-21.314427	1771.169922	23.892593
-19.672816	-21.314427	1769.593750	19.110001
-19.672816	-21.314427	1768.017578	25.474571
-19.672816	-21.314427	1766.441406	27.060963
-19.672816	-21.314427	1764.863281	20.689268
-19.672816	-21.314427	1763.287109	22.276001
-19.672816	-21.314427	1761.708984	22.271252
-19.672816	-21.314427	1760.130859	19.085575
-19.672816	-21.314427	1758.552734	17.491381
-19.672816	-21.314427	1756.972656	25.436584
-19.672816	-21.314427	1755.394531	28.610056
-19.672816	-21.314427	1753.814453	27.014847
-19.672816	-21.314427	1752.234375	25.420317
-19.672816	-21.314427	1750.654297	17.472742
-19.672816	-21.314427	1749.074219	28.585661
-19.672816	-21.314427	1747.492188	26.991812
-19.672816	-21.314427	1745.912109	23.811224
-19.672816	-21.314427	1744.330078	26.980297
-19.672816	-21.314427	1742.748047	25.387804
-19.672816	-21.314427	1741.166016	25.382389
-19.672816	-21.314427	1739.583984	28.549095
-19.672816	-21.314427	1738.000000	26.957281
-19.672816	-21.314427	1736.417969	25.366146
-19.672816	-21.314427	1734.833984	19.020550
-19.672816	-21.314427	1733.250000	22.185905
-19.672816	-21.314427	1731.666016	22.181171
-19.672816	-21.314427	1730.082031	20.592405
-19.672816	-21.314427	1728.496094	19.004316
-19.672816	-21.314427	1726.912109	23.750326
-19.672816	-21.314427	1725.326172	25.328272
-19.672816	-21.314427	1723.740234	30.070902
-19.672816	-21.314427	1722.154297	22.152777
-19.672816	-21.314427	1720.566406	20.566042
-19.672816	-21.314427	1718.980469	30.051643
-19.672816	-21.314427	1717.392578	22.138586
-19.672816	-21.314427	1715.804688	22.133858
-19.672816	-21.314427	1714.216797	23.709784
-19.672816	-21.314427	1712.628906	18.963776
-19.672816	-21.314427	1711.041016	20.539700
-19.672816	-21.314427	1709.451172	23.694592
-19.672816	-21.314427	1707.861328	25.268829
-19.672816	-21.314427	1706.271484	26.842396
-19.672816	-21.314427	1704.681641	25.258032
-19.672816	-21.314427	1703.091797	23.674343
-19.672816	-21.314427	1701.501953	31.559046
-19.672816	-21.314427	1699.910156	23.664225
-19.672816	-21.314427	1698.318359	26.813721
-19.672816	-21.314427	1696.726563	17.346346
-19.672816	-21.314427	1695.134766	23.649050
-19.672816	-21.314427	1693.542969	17.338928
-19.672816	-21.314427	1691.949219	15.759291
-19.672816	-21.314427	1690.357422	20.482697
-19.672816	-21.314427	1688.763672	25.204081
-19.672816	-21.314427	1687.169922	25.198690
-19.672816	-21.314427	1685.576172	20.469555
-19.672816	-21.314427	1683.982422	18.890932
-19.672816	-21.314427	1682.386719	20.460796
-19.672816	-21.314427	1680.791016	25.177130
-19.672816	-21.314427	1679.195313	23.598509
-19.672816	-21.314427	1677.599609	20.447662
-19.672816	-21.314427	1676.003906	23.588408
-19.672816	-21.314427	1674.408203	22.011133
-19.672816	-21.314427	1672.810547	25.150196
-19.672816	-21.314427	1671.214844	22.001709
-19.672816	-21.314427	1669.617188	26.710640
-19.672816	-21.314427	1668.019531	28.275797
-19.672816	-21.314427	1666.419922	23.558117
-19.672816	-21.314427	1664.822266	31.404095
-19.672816	-21.314427	1663.222656	17.268553
-19.672816	-21.314427	1661.623047	18.834385
-19.672816	-21.314427	1660.023438	26.676329
-19.672816	-21.314427	1658.423828	14.119736
-19.672816	-21.314427	1656.824219	20.390802
-19.672816	-21.314427	1655.222656	25.090994
-19.672816	-21.314427	1653.623047	21.949913
-19.672816	-21.314427	1652.021484	29.782782
-19.672816	-21.314427	1650.419922	23.507681
-19.672816	-21.314427	1648.818359	18.802113
-19.672816	-21.314427	1647.214844	20.364586
-19.672816	-21.314427	1645.613281	23.492559
-19.672816	-21.314427	1644.009766	25.053356
-19.672816	-21.314427	1642.406250	17.220488
-19.672816	-21.314427	1640.802734	21.912281
-19.672816	-21.314427	1639.199219	23.472406
-19.672816	-21.314427	1637.593750	21.902878
-19.672816	-21.314427	1635.990234	18.769865
-19.672816	-21.314427	1634.384766	25.021116
-19.672816	-21.314427	1632.779297	28.142714
-19.672816	-21.314427	1631.173828	29.699820
-19.672816	-21.314427	1629.568359	17.190939
-19.672816	-21.314427	1627.960938	21.874680
-19.672816	-21.314427	1626.353516	21.869982
-19.672816	-21.314427	1624.748047	17.179865
-19.672816	-21.314427	1623.140625	24.983528
-19.672816	-21.314427	1621.531250	21.855890
-19.672816	-21.314427	1619.923828	20.290394
-19.672816	-21.314427	1618.314453	24.967426
-19.672816	-21.314427	1616.707031	23.401932
-19.672816	-21.314427	1615.097656	20.277313
-19.672816	-21.314427	1613.488281	21.832413
-19.672816	-21.314427	1611.878906	20.268597
-19.672816	-21.314427	1610.267578	24.940599
-19.672816	-21.314427	1608.656250	18.701427
-19.672816	-21.314427	1607.046875	20.255522
-19.672816	-21.314427	1605.435547	26.482292
-19.672816	-21.314427	1603.824219	29.591488
-19.672816	-21.314427	1602.210938	21.799562
-19.672816	-21.314427	1600.599609	26.465200
-19.672816	-21.314427	1598.986328	21.790180
-19.672816	-21.314427	1597.373047	23.341597
-19.672816	-21.314427	1595.759766	15.557714
-19.672816	-21.314427	1594.146484	13.998928
-19.672816	-21.314427	1592.533203	18.661219
-19.672816	-21.314427	1590.917969	21.766733
-19.672816	-21.314427	1589.302734	20.207613
-19.672816	-21.314427	1587.687500	24.865549
-19.672816	-21.314427	1586.072266	20.198906
-19.672816	-21.314427	1584.457031	31.068544
-19.672816	-21.314427	1582.839844	26.402571
-19.672816	-21.314427	1581.224609	26.396881
-19.672816	-21.314427	1579.607422	20.181498
-19.672816	-21.314427	1577.990234	21.729235
-19.672816	-21.314427	1576.373047	23.276304
-19.672816	-21.314427	1574.755859	29.476959
-19.672816	-21.314427	1573.136719	23.266264
-19.672816	-21.314427	1571.517578	20.159746
-19.672816	-21.314427	1569.898438	20.155397
-19.672816	-21.314427	1568.279297	13.950726
-19.672816	-21.314427	1566.660156	24.795937
-19.672816	-21.314427	1565.041016	17.043528
-19.672816	-21.314427	1563.419922	24.785234
-19.672816	-21.314427	1561.798828	20.133654
-19.672816	-21.314427	1560.177734	30.968164
-19.672816	-21.314427	1558.556641	20.124960
-19.672816	-21.314427	1556.935547	12.381916
-19.672816	-21.314427	1555.312500	20.116266
-19.672816	-21.314427	1553.691406	23.206062
-19.672816	-21.314427	1552.068359	26.294519
-19.672816	-21.314427	1550.445313	21.649632
-19.672816	-21.314427	1548.822266	21.644951
-19.672816	-21.314427	1547.197266	24.731739
-19.672816	-21.314427	1545.574219	27.817192
-19.672816	-21.314427	1543.949219	24.721045
-19.672816	-21.314427	1542.324219	10.813118
-19.672816	-21.314427	1540.699219	21.621559
-19.672816	-21.314427	1539.072266	24.705006
-19.672816	-21.314427	1537.447266	24.699661
-19.672816	-21.314427	1535.820313	27.781105
-19.672816	-21.314427	1534.193359	27.775093
-19.672816	-21.314427	1532.566406	23.140900
-19.672816	-21.314427	1530.939453	26.220675
-19.672816	-21.314427	1529.312500	18.504704
-19.672816	-21.314427	1527.683594	26.209320
-19.672816	-21.314427	1526.056641	24.662252
-19.672816	-21.314427	1524.427734	21.574795
-19.672816	-21.314427	1522.798828	20.029398
-19.672816	-21.314427	1521.167969	18.484669
-19.672816	-21.314427	1519.539063	24.640882
-19.672816	-21.314427	1517.908203	24.635542
-19.672816	-21.314427	1516.277344	13.854487
-19.672816	-21.314427	1514.646484	16.929590
-19.672816	-21.314427	1513.015625	21.542078
-19.672816	-21.314427	1511.384766	26.152565
-19.672816	-21.314427	1509.751953	21.532734
-19.672816	-21.314427	1508.121094	23.065781
-19.672816	-21.314427	1506.488281	26.135544
-19.672816	-21.314427	1504.855469	27.666924
-19.672816	-21.314427	1503.220703	27.660917
-19.672816	-21.314427	1501.587891	24.582144
-19.672816	-21.314427	1499.953125	27.648905
-19.672816	-21.314427	1498.318359	19.964317
-19.672816	-21.314427	1496.683594	23.030746
-19.672816	-21.314427	1495.048828	23.025743
-19.672816	-21.314427	1493.414063	21.486023
-19.672816	-21.314427	1491.777344	18.412588
-19.672816	-21.314427	1490.140625	26.078831
-19.672816	-21.314427	1488.505859	23.005732
-19.672816	-21.314427	1486.867188	23.000729
-19.672816	-21.314427	1485.230469	18.396582
-19.672816	-21.314427	1483.593750	26.056154
-19.672816	-21.314427	1481.955078	19.920959
-19.672816	-21.314427	1480.316406	26.044817
-19.672816	-21.314427	1478.677734	21.444006
-19.672816	-21.314427	1477.039063	18.376575
-19.672816	-21.314427	1475.400391	29.089911
-19.672816	-21.314427	1473.759766	16.837860
-19.672816	-21.314427	1472.119141	18.364574
-19.672816	-21.314427	1470.478516	13.770432
-19.672816	-21.314427	1468.837891	12.237717
-19.672816	-21.314427	1467.197266	16.823195
-19.672816	-21.314427	1465.556641	22.935720
-19.672816	-21.314427	1463.914063	21.402006
-19.672816	-21.314427	1462.271484	21.397341
-19.672816	-21.314427	1460.628906	21.392675
-19.672816	-21.314427	1458.986328	25.971155
-19.672816	-21.314427	1457.343750	29.020256
-19.672816	-21.314427	1455.699219	22.905729
-19.672816	-21.314427	1454.054688	22.900732
-19.672816	-21.314427	1452.410156	22.895735
-19.672816	-21.314427	1450.765625	22.890738
-19.672816	-21.314427	1449.121094	18.308592
-19.672816	-21.314427	1447.474609	27.456894
-19.672816	-21.314427	1445.830078	18.300598
-19.672816	-21.314427	1444.183594	19.821318
-19.672816	-21.314427	1442.537109	13.719453
-19.672816	-21.314427	1440.890625	16.764557
-19.672816	-21.314427	1439.242188	21.332047
-19.672816	-21.314427	1437.595703	27.420921
-19.672816	-21.314427	1435.947266	19.799669
-19.672816	-21.314427	1434.298828	24.363497
-19.672816	-21.314427	1432.650391	24.358168
-19.672816	-21.314427	1431.000000	16.742579
-19.672816	-21.314427	1429.351563	22.825794
-19.672816	-21.314427	1427.701172	24.342186
-19.672816	-21.314427	1426.050781	19.773697
-19.672816	-21.314427	1424.400391	25.852253
-19.672816	-21.314427	1422.750000	22.805817
-19.672816	-21.314427	1421.097656	24.320879
-19.672816	-21.314427	1419.447266	24.315552
-19.672816	-21.314427	1417.794922	25.829615
-19.672816	-21.314427	1416.142578	24.304901
-19.672816	-21.314427	1414.490234	22.780851
-19.672816	-21.314427	1412.835938	21.257467
-19.672816	-21.314427	1411.183594	19.734751
-19.672816	-21.314427	1409.529297	18.212700
-19.672816	-21.314427	1407.875000	19.726097
-19.672816	-21.314427	1406.220703	22.755890
-19.672816	-21.314427	1404.566406	21.234171
-19.672816	-21.314427	1402.910156	10.614757
-19.672816	-21.314427	1401.255859	21.224854
-19.672816	-21.314427	1399.599609	24.251652
-19.672816	-21.314427	1397.943359	18.184746
-19.672816	-21.314427	1396.287109	24.241003
-19.672816	-21.314427	1394.628906	16.662029
-19.672816	-21.314427	1392.970703	16.658371
-19.672816	-21.314427	1391.314453	21.196905
-19.672816	-21.314427	1389.656250	13.623587
-19.672816	-21.314427	1387.998047	18.160791
-19.672816	-21.314427	1386.337891	22.695999
-19.672816	-21.314427	1384.679688	16.640072
-19.672816	-21.314427	1383.019531	21.173616
-19.672816	-21.314427	1381.359375	15.120686
-19.672816	-21.314427	1379.699219	24.187775
-19.672816	-21.314427	1378.039063	30.228067
-19.672816	-21.314427	1376.376953	25.688202
-19.672816	-21.314427	1374.716797	27.193287
-19.672816	-21.314427	1373.054688	19.635271
-19.672816	-21.314427	1371.392578	15.100729
-19.672816	-21.314427	1369.728516	15.097404
-19.672816	-21.314427	1368.066406	21.131708
-19.672816	-21.314427	1366.402344	25.654280
-19.672816	-21.314427	1364.740234	16.596170
-19.672816	-21.314427	1363.076172	25.642973
-19.672816	-21.314427	1361.412109	21.113087
-19.672816	-21.314427	1359.746094	21.108431
-19.672816	-21.314427	1358.082031	21.103777
-19.672816	-21.314427	1356.416016	12.056641
-19.672816	-21.314427	1354.750000	24.107962
-19.672816	-21.314427	1353.083984	24.102642
-19.672816	-21.314427	1351.417969	24.097322
-19.672816	-21.314427	1349.750000	21.080502
-19.672816	-21.314427	1348.083984	25.592100
-19.672816	-21.314427	1346.416016	19.566107
-19.672816	-21.314427	1344.748047	21.066538
-19.672816	-21.314427	1343.078125	19.557465
-19.672816	-21.314427	1341.410156	18.049055
-19.672816	-21.314427	1339.740234	22.556332
-19.672816	-21.314427	1338.072266	24.054770
-19.672816	-21.314427	1336.402344	22.546360
-19.672816	-21.314427	1334.730469	22.541374
-19.672816	-21.314427	1333.060547	19.531536
-19.672816	-21.314427	1331.388672	25.535589
-19.672816	-21.314427	1329.718750	24.028177
-19.672816	-21.314427	1328.046875	24.022860
-19.672816	-21.314427	1326.375000	19.514252
-19.672816	-21.314427	1324.701172	22.511459
-19.672816	-21.314427	1323.029297	22.506474
-19.672816	-21.314427	1321.355469	13.500894
-19.672816	-21.314427	1319.681641	17.997204
-19.672816	-21.314427	1318.007813	14.994347
-19.672816	-21.314427	1316.333984	17.989227
-19.672816	-21.314427	1314.660156	14.987700
-19.672816	-21.314427	1312.984375	26.971878
-19.672816	-21.314427	1311.308594	26.965897
-19.672816	-21.314427	1309.632813	17.973276
-19.672816	-21.314427	1307.957031	19.466730
-19.672816	-21.314427	1306.279297	17.965302
-19.672816	-21.314427	1304.603516	20.954866
-19.672816	-21.314427	1302.925781	23.943104
-19.672816	-21.314427	1301.248047	16.457228
-19.672816	-21.314427	1299.570313	22.436691
-19.672816	-21.314427	1297.892578	20.936260
-19.672816	-21.314427	1296.212891	19.436495
-19.672816	-21.314427	1294.533203	22.421740
-19.672816	-21.314427	1292.853516	28.394558
-19.672816	-21.314427	1291.173828	23.905891
-19.672816	-21.314427	1289.494141	17.925432
-19.672816	-21.314427	1287.812500	22.401806
-19.672816	-21.314427	1286.132813	19.410580
-19.672816	-21.314427	1284.451172	25.377419
-19.672816	-21.314427	1282.769531	20.894400
-19.672816	-21.314427	1281.085938	17.905500
-19.672816	-21.314427	1279.404297	16.409721
-19.672816	-21.314427	1277.720703	17.897528
-19.672816	-21.314427	1276.039063	16.402412
-19.672816	-21.314427	1274.355469	22.361944
-19.672816	-21.314427	1272.669922	22.356960
-19.672816	-21.314427	1270.986328	23.842110
-19.672816	-21.314427	1269.300781	26.816395
-19.672816	-21.314427	1267.615234	20.852547
-19.672816	-21.314427	1265.929688	17.869625
-19.672816	-21.314427	1264.244141	22.332050
-19.672816	-21.314427	1262.558594	29.769424
-19.672816	-21.314427	1260.871094	23.810225
-19.672816	-21.314427	1259.185547	14.878069
-19.672816	-21.314427	1257.498047	22.312122
-19.672816	-21.314427	1255.808594	16.358570
-19.672816	-21.314427	1254.121094	26.762590
-19.672816	-21.314427	1252.433594	13.378306
-19.672816	-21.314427	1250.744141	17.833755
-19.672816	-21.314427	1249.054688	22.287214
-19.672816	-21.314427	1247.365234	16.340303
-19.672816	-21.314427	1245.673828	16.336651
-19.672816	-21.314427	1243.984375	29.696360
-19.672816	-21.314427	1242.292969	14.844859
-19.672816	-21.314427	1240.601563	23.746462
-19.672816	-21.314427	1238.910156	16.322041
-19.672816	-21.314427	1237.218750	20.768856
-19.672816	-21.314427	1235.525391	22.247366
-19.672816	-21.314427	1233.833984	25.208035
-19.672816	-21.314427	1232.140625	11.859948
-19.672816	-21.314427	1230.447266	16.303776
-19.672816	-21.314427	1228.753906	20.745613
-19.672816	-21.314427	1227.058594	22.222462
-19.672816	-21.314427	1225.365234	22.217482
-19.672816	-21.314427	1223.669922	17.770000
-19.672816	-21.314427	1221.974609	25.168524
-19.672816	-21.314427	1220.277344	22.202539
-19.672816	-21.314427	1218.582031	19.237885
-19.672816	-21.314427	1216.884766	17.754065
-19.672816	-21.314427	1215.189453	23.666773
-19.672816	-21.314427	1213.492188	22.182619
-19.672816	-21.314427	1211.792969	20.699131
-19.672816	-21.314427	1210.095703	20.694483
-19.672816	-21.314427	1208.396484	26.601215
-19.672816	-21.314427	1206.699219	25.117727
-19.672816	-21.314427	1205.000000	19.203358
-19.672816	-21.314427	1203.298828	25.106440
-19.672816	-21.314427	1201.599609	28.053831
-19.672816	-21.314427	1199.900391	20.666595
-19.672816	-21.314427	1198.199219	16.234388
-19.672816	-21.314427	1196.498047	17.706259
-19.672816	-21.314427	1194.796875	17.702274
-19.672816	-21.314427	1193.093750	17.698292
-19.672816	-21.314427	1191.392578	25.066936
-19.672816	-21.314427	1189.689453	23.587099
-19.672816	-21.314427	1187.986328	26.529512
-19.672816	-21.314427	1186.283203	19.155888
-19.672816	-21.314427	1184.580078	23.571167
-19.672816	-21.314427	1182.875000	19.147257
-19.672816	-21.314427	1181.169922	19.142942
-19.672816	-21.314427	1179.464844	22.083033
-19.672816	-21.314427	1177.759766	16.190573
-19.672816	-21.314427	1176.054688	20.601536
-19.672816	-21.314427	1174.347656	17.654476
-19.672816	-21.314427	1172.642578	26.475740
-19.672816	-21.314427	1170.935547	23.528681
-19.672816	-21.314427	1169.228516	19.112740
-19.672816	-21.314427	1167.519531	13.228909
-19.672816	-21.314427	1165.812500	20.573656
-19.672816	-21.314427	1164.103516	20.569010
-19.672816	-21.314427	1162.394531	23.502131
-19.672816	-21.314427	1160.685547	16.154064
-19.672816	-21.314427	1158.976563	23.491510
-19.672816	-21.314427	1157.265625	17.614651
-19.672816	-21.314427	1155.556641	14.675556
-19.672816	-21.314427	1153.845703	17.606686
-19.672816	-21.314427	1152.134766	17.602703
-19.672816	-21.314427	1150.423828	20.531841
-19.672816	-21.314427	1148.710938	14.662282
-19.672816	-21.314427	1146.998047	24.920238
-19.672816	-21.314427	1145.287109	20.517904
-19.672816	-21.314427	1143.572266	26.374189
-19.672816	-21.314427	1141.859375	17.578810
-19.672816	-21.314427	1140.146484	19.039398
-19.672816	-21.314427	1138.431641	19.035084
-19.672816	-21.314427	1136.716797	17.566864
-19.672816	-21.314427	1135.001953	27.807898
-19.672816	-21.314427	1133.287109	21.948626
-19.672816	-21.314427	1131.570313	16.092009
-19.672816	-21.314427	1129.855469	21.938673
-19.672816	-21.314427	1128.138672	20.471449
-19.672816	-21.314427	1126.421875	21.928719
-19.672816	-21.314427	1124.703125	17.538994
-19.672816	-21.314427	1122.986328	14.612510
-19.672816	-21.314427	1121.267578	21.913788
-19.672816	-21.314427	1119.548828	17.527048
-19.672816	-21.314427	1117.830078	17.523067
-19.672816	-21.314427	1116.111328	21.898857
-19.672816	-21.314427	1114.392578	24.813065
-19.672816	-21.314427	1112.671875	18.970385
-19.672816	-21.314427	1110.951172	29.178572
-19.672816	-21.314427	1109.230469	18.961758
-19.672816	-21.314427	1107.509766	20.415710
-19.672816	-21.314427	1105.787109	23.326933
-19.672816	-21.314427	1104.066406	20.406422
-19.672816	-21.314427	1102.343750	26.230858
-19.672816	-21.314427	1100.621094	30.595699
-19.672816	-21.314427	1098.896484	20.392488
-19.672816	-21.314427	1097.173828	17.475296
-19.672816	-21.314427	1095.449219	18.927258
-19.672816	-21.314427	1093.724609	17.467335
-19.672816	-21.314427	1092.000000	21.829193
-19.672816	-21.314427	1090.275391	23.279165
-19.672816	-21.314427	1088.550781	21.819241
-19.672816	-21.314427	1086.824219	18.905697
-19.672816	-21.314427	1085.097656	23.263243
-19.672816	-21.314427	1083.371094	18.897074
-19.672816	-21.314427	1081.644531	15.986182
-19.672816	-21.314427	1079.916016	26.153238
-19.672816	-21.314427	1078.189453	20.336763
-19.672816	-21.314427	1076.460938	15.975237
-19.672816	-21.314427	1074.732422	21.779440
-19.672816	-21.314427	1073.001953	23.226095
-19.672816	-21.314427	1071.273438	18.866892
-19.672816	-21.314427	1069.542969	20.313547
-19.672816	-21.314427	1067.812500	15.956996
-19.672816	-21.314427	1066.082031	20.304262
-19.672816	-21.314427	1064.351563	27.549482
-19.672816	-21.314427	1062.619141	21.744617
-19.672816	-21.314427	1060.888672	17.391714
-19.672816	-21.314427	1059.156250	26.081602
-19.672816	-21.314427	1057.421875	30.421572
-19.672816	-21.314427	1055.689453	21.724720
-19.672816	-21.314427	1053.957031	14.479831
-19.672816	-21.314427	1052.222656	20.267120
-19.672816	-21.314427	1050.488281	27.499077
-19.672816	-21.314427	1048.753906	20.257835
-19.672816	-21.314427	1047.019531	20.253193
-19.672816	-21.314427	1045.283203	24.587526
-19.672816	-21.314427	1043.546875	28.919870
-19.672816	-21.314427	1041.810547	18.793606
-19.672816	-21.314427	1040.074219	21.679956
-19.672816	-21.314427	1038.337891	21.674982
-19.672816	-21.314427	1036.599609	26.004011
-19.672816	-21.314427	1034.861328	25.998043
-19.672816	-21.314427	1033.123047	20.216059
-19.672816	-21.314427	1031.384766	14.436727
-19.672816	-21.314427	1029.646484	18.763435
-19.672816	-21.314427	1027.906250	17.316116
-19.672816	-21.314427	1026.167969	20.197495
-19.672816	-21.314427	1024.427734	27.404587
-19.672816	-21.314427	1022.685547	20.188211
-19.672816	-21.314427	1020.945313	23.066938
-19.672816	-21.314427	1019.203125	24.502987
-19.672816	-21.314427	1017.462891	21.615311
-19.672816	-21.314427	1015.720703	21.610338
-19.672816	-21.314427	1013.976563	24.486082
-19.672816	-21.314427	1012.234375	28.800526
-19.672816	-21.314427	1010.490234	28.793896
-19.672816	-21.314427	1008.746094	28.787268
-19.672816	-21.314427	1007.001953	25.902575
-19.672816	-21.314427	1005.257813	23.019207
-19.672816	-21.314427	1003.513672	27.329012
-19.672816	-21.314427	1001.767578	28.760752
-19.672816	-21.314427	1000.021484	25.878712
-19.672816	-21.314427	998.275391	28.747496
-19.672816	-21.314427	996.529297	24.429737
-19.672816	-21.314427	994.781250	37.354511
-19.672816	-21.314427	993.035156	33.036755
-19.672816	-21.314427	991.287109	31.593082
-19.672816	-21.314427	989.539063	27.278639
-19.672816	-21.314427	987.789063	33.013889
-19.672816	-21.314427	986.041016	44.486710
-19.672816	-21.314427	984.291016	30.129200
-19.672816	-21.314427	982.541016	34.425419
-19.672816	-21.314427	980.791016	35.851528
-19.672816	-21.314427	979.041016	31.542055
-19.672816	-21.314427	977.289063	44.435352
-19.672816	-21.314427	975.537109	41.558949
-19.672816	-21.314427	973.785156	28.654716
-19.672816	-21.314427	972.033203	37.242519
-19.672816	-21.314427	970.281250	32.937683
-19.672816	-21.314427	968.527344	31.498323
-19.672816	-21.314427	966.773438	47.236553
-19.672816	-21.314427	965.019531	41.501305
-19.672816	-21.314427	963.265625	28.614964
-19.672816	-21.314427	961.511719	47.203758
-19.672816	-21.314427	959.755859	40.042400
-19.672816	-21.314427	958.000000	37.173615
-19.672816	-21.314427	956.244141	41.453274
-19.672816	-21.314427	954.488281	41.443668
-19.672816	-21.314427	952.730469	41.434063
-19.672816	-21.314427	950.974609	32.853882
-19.672816	-21.314427	949.216797	35.702461
-19.672816	-21.314427	947.458984	29.983112
-19.672816	-21.314427	945.701172	37.113338
-19.672816	-21.314427	943.941406	28.542099
-19.672816	-21.314427	942.181641	38.522892
-19.672816	-21.314427	940.421875	32.808182
-19.672816	-21.314427	938.662109	32.800564
-19.672816	-21.314427	936.902344	28.515608
-19.672816	-21.314427	935.140625	31.359884
-19.672816	-21.314427	933.380859	29.927481
-19.672816	-21.314427	931.619141	34.194889
-19.672816	-21.314427	929.855469	21.366840
-19.672816	-21.314427	928.093750	22.785999
-19.672816	-21.314427	926.330078	24.204494
-19.672816	-21.314427	924.568359	21.351942
-19.672816	-21.314427	922.804688	17.077581
-19.672816	-21.314427	921.039063	18.496408
-19.672816	-21.314427	919.275391	19.914576
-19.672816	-21.314427	917.509766	25.598495
-19.672816	-21.314427	915.744141	19.905308
-19.672816	-21.314427	913.978516	27.008057
-19.672816	-21.314427	912.212891	28.422915
-19.672816	-21.314427	910.447266	22.733036
-19.672816	-21.314427	908.679688	19.886772
-19.672816	-21.314427	906.912109	18.461987
-19.672816	-21.314427	905.144531	28.396439
-19.672816	-21.314427	903.375000	26.970327
-19.672816	-21.314427	901.607422	38.317322
-19.672816	-21.314427	899.837891	26.957754
-19.672816	-21.314427	898.068359	18.440477
-19.672816	-21.314427	896.298828	21.272511
-19.672816	-21.314427	894.529297	28.356730
-19.672816	-21.314427	892.757813	31.185123
-19.672816	-21.314427	890.986328	24.091972
-19.672816	-21.314427	889.214844	25.503191
-19.672816	-21.314427	887.443359	29.746777
-19.672816	-21.314427	885.669922	19.826553
-19.672816	-21.314427	883.898438	36.812141
-19.672816	-21.314427	882.125000	25.479374
-19.672816	-21.314427	880.351563	26.888609
-19.672816	-21.314427	878.578125	29.712044
-19.672816	-21.314427	876.802734	21.217928
-19.672816	-21.314427	875.027344	25.455559
-19.672816	-21.314427	873.251953	26.863474
-19.672816	-21.314427	871.476563	24.030117
-19.672816	-21.314427	869.701172	21.198084
-19.672816	-21.314427	867.923828	26.844624
-19.672816	-21.314427	866.146484	29.663429
-19.672816	-21.314427	864.369141	28.244272
-19.672816	-21.314427	862.591797	21.178246
-19.672816	-21.314427	860.814453	16.938629
-19.672816	-21.314427	859.035156	22.579548
-19.672816	-21.314427	857.255859	21.163366
-19.672816	-21.314427	855.476563	22.568970
-19.672816	-21.314427	853.697266	26.794369
-19.672816	-21.314427	851.916016	21.148491
-19.672816	-21.314427	850.136719	32.420086
-19.672816	-21.314427	848.355469	29.594006
-19.672816	-21.314427	846.574219	26.769249
-19.672816	-21.314427	844.791016	21.128660
-19.672816	-21.314427	843.009766	22.531950
-19.672816	-21.314427	841.226563	32.382076
-19.672816	-21.314427	839.443359	21.113789
-19.672816	-21.314427	837.660156	21.108831
-19.672816	-21.314427	835.875000	23.917727
-19.672816	-21.314427	834.091797	22.505514
-19.672816	-21.314427	832.306641	30.937813
-19.672816	-21.314427	830.521484	19.683075
-19.672816	-21.314427	828.734375	22.489656
-19.672816	-21.314427	826.949219	25.294916
-19.672816	-21.314427	825.162109	18.264257
-19.672816	-21.314427	823.375000	21.069187
-19.672816	-21.314427	821.587891	21.064234
-19.672816	-21.314427	819.800781	22.463230
-19.672816	-21.314427	818.011719	26.668812
-19.672816	-21.314427	816.222656	29.469120
-19.672816	-21.314427	814.433594	33.671070
-19.672816	-21.314427	812.644531	23.844727
-19.672816	-21.314427	810.855469	33.655220
-19.672816	-21.314427	809.064453	19.627588
-19.672816	-21.314427	807.273438	23.827887
-19.672816	-21.314427	805.482422	18.217033
-19.672816	-21.314427	803.691406	28.019602
-19.672816	-21.314427	801.898438	18.208450
-19.672816	-21.314427	800.107422	16.803839
-19.672816	-21.314427	798.314453	23.799828
-19.672816	-21.314427	796.521484	15.396257
-19.672816	-21.314427	794.726563	19.590616
-19.672816	-21.314427	792.933594	27.979994
-19.672816	-21.314427	791.138672	30.770733
-19.672816	-21.314427	789.343750	20.975096
-19.672816	-21.314427	787.546875	27.960196
-19.672816	-21.314427	785.751953	30.748955
-19.672816	-21.314427	783.955078	25.152298
-19.672816	-21.314427	782.158203	22.352320
-19.672816	-21.314427	780.361328	25.140421
-19.672816	-21.314427	778.564453	26.530844
-19.672816	-21.314427	776.765625	25.128546
-19.672816	-21.314427	774.968750	23.726908
-19.672816	-21.314427	773.169922	26.512043
-19.672816	-21.314427	771.369141	26.505777
-19.672816	-21.314427	769.570313	25.104799
-19.672816	-21.314427	767.769531	30.676390
-19.672816	-21.314427	765.970703	32.063187
-19.672816	-21.314427	764.167969	25.086994
-19.672816	-21.314427	762.367188	22.294275
-19.672816	-21.314427	760.566406	32.040440
-19.672816	-21.314427	758.763672	29.247391
-19.672816	-21.314427	756.960938	19.493645
-19.672816	-21.314427	755.158203	23.665251
-19.672816	-21.314427	753.353516	26.443136
-19.672816	-21.314427	751.550781	23.654045
-19.672816	-21.314427	749.746094	29.212782
-19.672816	-21.314427	747.941406	22.252087
-19.672816	-21.314427	746.136719	22.246813
-19.672816	-21.314427	744.330078	23.631638
-19.672816	-21.314427	742.523438	29.185104
-19.672816	-21.314427	740.718750	25.009874
-19.672816	-21.314427	738.910156	26.393053
-19.672816	-21.314427	737.103516	24.998016
-19.672816	-21.314427	735.294922	23.603638
-19.672816	-21.314427	733.488281	31.926758
-19.672816	-21.314427	731.679688	19.429068
-19.672816	-21.314427	729.869141	26.361765
-19.672816	-21.314427	728.060547	26.355509
-19.672816	-21.314427	726.250000	27.736055
-19.672816	-21.314427	724.439453	20.797102
-19.672816	-21.314427	722.628906	30.495174
-19.672816	-21.314427	720.818359	26.330488
-19.672816	-21.314427	719.005859	24.938747
-19.672816	-21.314427	717.195313	13.851568
-19.672816	-21.314427	715.382813	19.387589
-19.672816	-21.314427	713.568359	24.920975
-19.672816	-21.314427	711.755859	26.299221
-19.672816	-21.314427	709.941406	30.444490
-19.672816	-21.314427	708.126953	19.369162
-19.672816	-21.314427	706.312500	23.514103
-19.672816	-21.314427	704.498047	23.508511
-19.672816	-21.314427	702.681641	20.737869
-19.672816	-21.314427	700.867188	16.586348
-19.672816	-21.314427	699.050781	30.401070
-19.672816	-21.314427	697.232422	20.723068
-19.672816	-21.314427	695.416016	22.099346
-19.672816	-21.314427	693.597656	13.808803
-19.672816	-21.314427	691.779297	26.230478
-19.672816	-21.314427	689.960938	20.703341
-19.672816	-21.314427	688.142578	23.458199
-19.672816	-21.314427	686.324219	31.730001
-19.672816	-21.314427	684.503906	28.963968
-19.672816	-21.314427	682.683594	31.714882
-19.672816	-21.314427	680.863281	22.057268
-19.672816	-21.314427	679.041016	20.673761
-19.672816	-21.314427	677.218750	23.424677
-19.672816	-21.314427	675.398438	23.419090
-19.672816	-21.314427	673.576172	24.790771
-19.672816	-21.314427	671.751953	26.161795
-19.672816	-21.314427	669.929688	22.025730
-19.672816	-21.314427	668.105469	26.149315
-19.672816	-21.314427	666.281250	20.639269
-19.672816	-21.314427	664.457031	24.761213
-19.672816	-21.314427	662.630859	28.881186
-19.672816	-21.314427	660.806641	20.624495
-19.672816	-21.314427	658.980469	27.492760
-19.672816	-21.314427	657.154297	21.988955
-19.672816	-21.314427	655.326172	24.731667
-19.672816	-21.314427	653.500000	32.967678
-19.672816	-21.314427	651.671875	28.839827
-19.672816	-21.314427	649.843750	32.951927
-19.672816	-21.314427	648.015625	28.826046
-19.672816	-21.314427	646.185547	26.074474
-19.672816	-21.314427	644.357422	24.696230
-19.672816	-21.314427	642.527344	32.920433
-19.672816	-21.314427	640.697266	31.541204
-19.672816	-21.314427	638.865234	37.017776
-19.672816	-21.314427	637.035156	31.526119
-19.672816	-21.314427	635.203125	30.148205
-19.672816	-21.314427	633.371094	31.511038
-19.672816	-21.314427	631.539063	31.503496
-19.672816	-21.314427	629.705078	30.126568
-19.672816	-21.314427	627.873047	32.857479
-19.672816	-21.314427	626.039063	32.849613
-19.672816	-21.314427	624.203125	32.841751
-19.672816	-21.314427	622.369141	35.570042
-19.672816	-21.314427	620.535156	34.193775
-19.672816	-21.314427	618.699219	34.185585
-19.672816	-21.314427	616.863281	27.341915
-19.672816	-21.314427	615.025391	27.335365
-19.672816	-21.314427	613.189453	42.359661
-19.672816	-21.314427	611.351563	32.786716
-19.672816	-21.314427	609.513672	31.413074
-19.672816	-21.314427	607.675781	35.501919
-19.672816	-21.314427	605.837891	27.302622
-19.672816	-21.314427	603.998047	35.484898
-19.672816	-21.314427	602.158203	27.289528
-19.672816	-21.314427	600.318359	28.647133
-19.672816	-21.314427	598.478516	30.004082
-19.672816	-21.314427	596.636719	27.269896
-19.672816	-21.314427	594.796875	28.626518
-19.672816	-21.314427	592.955078	27.256809
-19.672816	-21.314427	591.111328	28.612782
-19.672816	-21.314427	589.269531	28.605913
-19.672816	-21.314427	587.425781	25.875326
-19.672816	-21.314427	585.583984	24.507582
-19.672816	-21.314427	583.738281	27.224108
-19.672816	-21.314427	581.894531	28.578447
-19.672816	-21.314427	580.050781	19.047722
-19.672816	-21.314427	578.205078	34.005619
-19.672816	-21.314427	576.359375	29.917755
-19.672816	-21.314427	574.513672	24.472282
-19.672816	-21.314427	572.666016	16.310934
-19.672816	-21.314427	570.818359	28.537273
-19.672816	-21.314427	568.970703	33.964779
-19.672816	-21.314427	567.123047	27.165291
-19.672816	-21.314427	565.275391	24.442884
-19.672816	-21.314427	563.425781	28.509840
-19.672816	-21.314427	561.576172	24.431129
-19.672816	-21.314427	559.726563	28.496128
-19.672816	-21.314427	557.876953	28.489273
-19.672816	-21.314427	556.027344	28.482420
-19.672816	-21.314427	554.175781	29.831547
-19.672816	-21.314427	552.324219	25.757408
-19.672816	-21.314427	550.472656	25.751209
-19.672816	-21.314427	548.619141	21.680010
-19.672816	-21.314427	546.767578	31.157513
-19.672816	-21.314427	544.914063	31.150011
-19.672816	-21.314427	543.060547	28.434465
-19.672816	-21.314427	541.205078	41.964581
-19.672816	-21.314427	539.351563	33.834251
-19.672816	-21.314427	537.496094	36.532192
-19.672816	-21.314427	535.640625	40.581547
-19.672816	-21.314427	533.785156	56.800480
-19.672816	-21.314427	531.927734	52.730595
-19.672816	-21.314427	530.070313	55.421368
-19.672816	-21.314427	528.212891	71.624992
-19.672816	-21.314427	526.355469	105.384956
-19.672816	-21.314427	524.498047	171.546967
-19.672816	-21.314427	522.638672	397.028748
-19.672816	-21.314427	520.779297	608.900635
-19.672816	-21.314427	518.919922	456.227936
-19.672816	-21.314427	517.060547	245.601944
-19.672816	-21.314427	515.199219	128.167892
-19.672816	-21.314427	513.339844	99.811966
-19.672816	-21.314427	511.478516	87.651527
-19.672816	-21.314427	509.615234	79.541420
-19.672816	-21.314427	507.753906	56.609043
-19.672816	-21.314427	505.890625	67.375458
-19.672816	-21.314427	504.027344	53.887356
-19.672816	-21.314427	502.164063	70.036659
-19.672816	-21.314427	500.300781	53.861347
-19.672816	-21.314427	498.435547	71.349060
-19.672816	-21.314427	496.570313	60.564762
-19.672816	-21.314427	494.705078	67.277931
-19.672816	-21.314427	492.839844	55.154583
-19.672816	-21.314427	490.972656	60.520897
-19.672816	-21.314427	489.107422	49.749607
-19.672816	-21.314427	487.240234	36.294998
-19.672816	-21.314427	485.371094	40.318035
-19.672816	-21.314427	483.503906	42.995514
-19.672816	-21.314427	481.634766	42.985126
-19.672816	-21.314427	479.765625	41.631779
-19.672816	-21.314427	477.896484	41.621716
-19.672816	-21.314427	476.027344	42.953968
-19.672816	-21.314427	474.156250	32.207691
-19.672816	-21.314427	472.285156	40.249882
-19.672816	-21.314427	470.414063	36.216133
-19.672816	-21.314427	468.542969	33.525349
-19.672816	-21.314427	466.669922	28.154486
-19.672816	-21.314427	464.796875	32.168774
-19.672816	-21.314427	462.923828	29.480911
-19.672816	-21.314427	461.050781	28.134064
-19.672816	-21.314427	459.177734	38.842403
-19.672816	-21.314427	457.302734	40.172077
-19.672816	-21.314427	455.427734	30.791142
-19.672816	-21.314427	453.552734	41.491062
-19.672816	-21.314427	451.675781	25.423853
-19.672816	-21.314427	449.800781	33.444344
-19.672816	-21.314427	447.923828	24.074099
-19.672816	-21.314427	446.046875	21.394020
-19.672816	-21.314427	444.169922	24.062447
-19.672816	-21.314427	442.291016	29.402538
-19.672816	-21.314427	440.412109	33.403885
-19.672816	-21.314427	438.533203	22.709143
-19.672816	-21.314427	436.654297	30.716696
-19.672816	-21.314427	434.773438	30.709259
-19.672816	-21.314427	432.894531	28.032099
-19.672816	-21.314427	431.013672	29.359848
-19.672816	-21.314427	429.130859	30.686953
-19.672816	-21.314427	427.250000	16.006706
-19.672816	-21.314427	425.367188	32.005657
-19.672816	-21.314427	423.484375	26.664919
-19.672816	-21.314427	421.601563	29.324305
-19.672816	-21.314427	419.718750	34.647598
-19.672816	-21.314427	417.833984	25.313265
-19.672816	-21.314427	415.949219	26.639084
-19.672816	-21.314427	414.064453	27.964260
-19.672816	-21.314427	412.179688	35.945335
-19.672816	-21.314427	410.294922	27.950706
-19.672816	-21.314427	408.408203	35.927910
-19.672816	-21.314427	406.521484	34.588860
-19.672816	-21.314427	404.634766	29.260403
-19.672816	-21.314427	402.746094	38.561180
-19.672816	-21.314427	400.857422	69.127419
-19.672816	-21.314427	398.968750	79.743065
-19.672816	-21.314427	397.080078	78.394997
-19.672816	-21.314427	395.191406	77.047585
-19.672816	-21.314427	393.300781	77.028893
-19.672816	-21.314427	391.410156	54.438255
-19.672816	-21.314427	389.519531	62.389690
-19.672816	-21.314427	387.628906	59.720322
-19.672816	-21.314427	385.736328	55.725445
-19.672816	-21.314427	383.843750	46.426605
-19.672816	-21.314427	381.951172	47.741493
-19.672816	-21.314427	380.058594	51.707401
-19.672816	-21.314427	378.164063	55.671383
-19.672816	-21.314427	376.271484	72.885315
-19.672816	-21.314427	374.376953	83.466553
-19.672816	-21.314427	372.480469	59.604496
-19.672816	-21.314427	370.585938	59.590031
-19.672816	-21.314427	368.689453	58.251667
-19.672816	-21.314427	366.792969	43.678146
-19.672816	-21.314427	364.896484	47.637321
-19.672816	-21.314427	363.000000	58.209259
-19.672816	-21.314427	361.101563	59.517746
-19.672816	-21.314427	359.203125	71.403954
-19.672816	-21.314427	357.304688	55.522926
-19.672816	-21.314427	355.406250	52.866138
-19.672816	-21.314427	353.505859	50.210636
-19.672816	-21.314427	351.605469	46.235409
-19.672816	-21.314427	349.705078	58.110401
-19.672816	-21.314427	347.804688	52.814808
-19.672816	-21.314427	345.902344	42.241585
-19.672816	-21.314427	344.001953	40.911598
-19.672816	-21.314427	342.099609	47.498703
-19.672816	-21.314427	340.195313	46.168079
-19.672816	-21.314427	338.292969	48.794403
-19.672816	-21.314427	336.388672	43.508759
-19.672816	-21.314427	334.484375	46.134445
-19.672816	-21.314427	332.580078	32.945171
-19.672816	-21.314427	330.675781	31.619680
-19.672816	-21.314427	328.769531	30.294832
-19.672816	-21.314427	326.863281	40.822243
-19.672816	-21.314427	324.957031	34.229694
-19.672816	-21.314427	323.048828	40.802410
-19.672816	-21.314427	321.142578	32.897175
-19.672816	-21.314427	319.234375	38.151451
-19.672816	-21.314427	317.326172	30.250694
-19.672816	-21.314427	315.417969	38.132912
-19.672816	-21.314427	313.507813	35.494427
-19.672816	-21.314427	311.597656	31.542936
-19.672816	-21.314427	309.687500	36.791149
-19.672816	-21.314427	307.777344	45.977760
-19.672816	-21.314427	305.865234	31.519943
-19.672816	-21.314427	303.955078	31.512283
-19.672816	-21.314427	302.042969	35.442703
-19.672816	-21.314427	300.128906	36.746460
-19.672816	-21.314427	298.216797	34.113422
-19.672816	-21.314427	296.302734	30.169922
-19.672816	-21.314427	294.388672	44.588173
-19.672816	-21.314427	292.474609	43.266239
-19.672816	-21.314427	290.560547	39.323383
-19.672816	-21.314427	288.644531	45.866127
-19.672816	-21.314427	286.728516	56.336117
-19.672816	-21.314427	284.812500	52.392948
-19.672816	-21.314427	282.896484	49.761204
-19.672816	-21.314427	280.978516	64.150162
-19.672816	-21.314427	279.060547	53.663616
-19.672816	-21.314427	277.142578	62.810425
-19.672816	-21.314427	275.224609	74.569244
-19.672816	-21.314427	273.304688	64.087799
-19.672816	-21.314427	271.384766	82.378571
-19.672816	-21.314427	269.464844	77.129425
-19.672816	-21.314427	267.544922	88.873322
-19.672816	-21.314427	265.623047	120.211143
-19.672816	-21.314427	263.703125	201.174072
-19.672816	-21.314427	261.781250	293.851685
-19.672816	-21.314427	259.857422	304.225769
-19.672816	-21.314427	257.935547	271.517487
-19.672816	-21.314427	256.011719	233.604874
-19.672816	-21.314427	254.087891	253.119141
-19.672816	-21.314427	252.164063	693.951782
-19.672816	-21.314427	250.240234	1833.569458
-19.672816	-21.314427	248.314453	1737.947266
-19.672816	-21.314427	246.388672	735.156738
-19.672816	-21.314427	244.462891	342.729095
-19.672816	-21.314427	242.535156	242.327423
-19.672816	-21.314427	240.609375	192.772781
-19.672816	-21.314427	238.681641	154.962051
-19.672816	-21.314427	236.753906	122.377235
-19.672816	-21.314427	234.824219	118.442772
-19.672816	-21.314427	232.896484	101.497696
-19.672816	-21.314427	230.966797	79.357101
-19.672816	-21.314427	229.037109	68.932846
-19.672816	-21.314427	227.107422	74.117302
-19.672816	-21.314427	225.175781	83.199196
-19.672816	-21.314427	223.244141	83.178970
-19.672816	-21.314427	221.312500	79.260681
-19.672816	-21.314427	219.380859	92.231804
-19.672816	-21.314427	217.447266	94.806824
-19.672816	-21.314427	215.515625	67.517212
-19.672816	-21.314427	213.582031	67.500793
-19.672816	-21.314427	211.646484	67.484383
-19.672816	-21.314427	209.712891	51.898445
-19.672816	-21.314427	207.777344	57.074413
-19.672816	-21.314427	205.841797	41.498573
-19.672816	-21.314427	203.906250	40.191967
-19.672816	-21.314427	201.968750	36.293598
-19.672816	-21.314427	200.033203	36.284775
-19.672816	-21.314427	198.095703	36.275955
-19.672816	-21.314427	196.158203	24.609844
-19.672816	-21.314427	194.218750	33.668442
-19.672816	-21.314427	192.281250	29.776382
-19.672816	-21.314427	190.341797	29.769146
-19.672816	-21.314427	188.402344	27.173918
-19.672816	-21.314427	186.460938	28.460995
-19.672816	-21.314427	184.521484	40.094383
-19.672816	-21.314427	182.580078	27.154110
-19.672816	-21.314427	180.638672	27.147511
-19.672816	-21.314427	178.695313	16.801517
-19.672816	-21.314427	176.753906	27.134317
-19.672816	-21.314427	174.810547	21.960539
-19.672816	-21.314427	172.867188	28.412613
-19.672816	-21.314427	170.921875	21.949867
-19.672816	-21.314427	168.978516	25.817099
-19.672816	-21.314427	167.033203	24.520285
-19.672816	-21.314427	165.087891	28.385010
-19.672816	-21.314427	163.142578	27.088200
-19.672816	-21.314427	161.195313	28.371220
-19.672816	-21.314427	159.248047	34.810764
-19.672816	-21.314427	157.300781	32.224358
-19.672816	-21.314427	155.353516	36.082516
-19.672816	-21.314427	153.406250	34.785404
-19.672816	-21.314427	151.457031	38.641060
-19.672816	-21.314427	149.507813	37.343952
-19.672816	-21.314427	147.558594	42.484520
-19.672816	-21.314427	145.607422	41.187107
-19.672816	-21.314427	143.658203	45.037457
-19.672816	-21.314427	141.707031	45.026520
-19.672816	-21.314427	139.753906	68.166458
-19.672816	-21.314427	137.802734	72.007454
-19.672816	-21.314427	135.849609	56.563545
-19.672816	-21.314427	133.896484	51.408920
-19.672816	-21.314427	131.943359	50.111530
-19.672816	-21.314427	129.990234	51.383965
-19.672816	-21.314427	128.035156	47.518627
-19.672816	-21.314427	126.080078	52.642994
-19.672816	-21.314427	124.125000	50.062889
-19.672816	-21.314427	122.169922	61.600910
-19.672816	-21.314427	120.212891	52.604675
-19.672816	-21.314427	118.255859	52.591908
-19.672816	-21.314427	116.298828	52.579147
-19.672816	-21.314427	114.341797	42.309532
-19.672816	-21.314427	112.382813	43.581062
-19.672816	-21.314427	110.423828	32.037125
-19.672816	-21.314427	108.464844	28.185829
-19.672816	-21.314427	106.505859	28.178991
-19.672816	-21.314427	104.544922	21.769394
-19.672816	-21.314427	102.585938	12.802420
-19.672816	-21.314427	100.625000	5.119726
-19.672816	-21.314427	98.662109	6.398105
-19.672816	-21.314427	96.701172	3.837932
-19.672816	-21.314427	94.738281	5.116002
-19.672816	-21.314427	92.775391	0.000000
-19.672816	-21.314427	90.812500	5.113522
-19.672816	-21.314427	88.847656	1.278070
-19.672816	-21.314427	86.882813	3.833282
-19.672816	-21.314427	84.917969	1.277451
-19.672816	-21.314427	82.953125	1.277141
-19.672816	-21.314427	80.988281	1.276832
-19.672816	-21.314427	79.021484	0.000000
-19.672816	-21.314427	77.054688	0.000000
-19.672816	-21.314427	75.087891	2.551808
-19.672816	-21.314427	73.119141	-2.551189
-19.672816	-21.314427	71.152344	1.275286
-19.672816	-21.314427	69.183594	2.549954
-19.672816	-21.314427	67.212891	3.824004
-19.672816	-21.314427	65.244141	3.823078
-19.672816	-21.314427	63.273438	1.274051
-19.672816	-21.314427	61.302734	3.821227
-19.672816	-21.314427	59.332031	1.273434
-16.672816	-21.314427	1838.626953	24.107229
-16.672816	-21.314427	1837.066406	24.107229
-16.672816	-21.314427	1835.503906	20.888487
-16.672816	-21.314427	1833.941406	22.490505
-16.672816	-21.314427	1832.378906	22.485720
-16.672816	-21.314427	1830.816406	20.875154
-16.672816	-21.314427	1829.251953	20.870712
-16.672816	-21.314427	1827.687500	28.891758
-16.672816	-21.314427	1826.125000	16.047562
-16.672816	-21.314427	1824.560547	27.275047
-16.672816	-21.314427	1822.994141	25.665171
-16.672816	-21.314427	1821.429688	20.848513
-16.672816	-21.314427	1819.865234	20.844076
-16.672816	-21.314427	1818.298828	19.236589
-16.672816	-21.314427	1816.732422	24.040619
-16.672816	-21.314427	1815.166016	16.023668
-16.672816	-21.314427	1813.599609	28.836464
-16.672816	-21.314427	1812.033203	30.432011
-16.672816	-21.314427	1810.464844	24.020157
-16.672816	-21.314427	1808.896484	22.414042
-16.672816	-21.314427	1807.330078	25.610594
-16.672816	-21.314427	1805.759766	19.203856
-16.672816	-21.314427	1804.191406	17.599787
-16.672816	-21.314427	1802.623047	17.596041
-16.672816	-21.314427	1801.052734	19.191593
-16.672816	-21.314427	1799.484375	19.187508
-16.672816	-21.314427	1797.914063	27.176514
-16.672816	-21.314427	1796.343750	33.563839
-16.672816	-21.314427	1794.771484	31.958754
-16.672816	-21.314427	1793.201172	20.768766
-16.672816	-21.314427	1791.628906	23.958858
-16.672816	-21.314427	1790.058594	12.775336
-16.672816	-21.314427	1788.486328	15.965769
-16.672816	-21.314427	1786.914063	20.751080
-16.672816	-21.314427	1785.339844	22.342556
-16.672816	-21.314427	1783.767578	19.146683
-16.672816	-21.314427	1782.193359	15.952170
-16.672816	-21.314427	1780.621094	25.518036
-16.672816	-21.314427	1779.046875	20.728987
-16.672816	-21.314427	1777.470703	23.912966
-16.672816	-21.314427	1775.896484	20.720156
-16.672816	-21.314427	1774.322266	23.902779
-16.672816	-21.314427	1772.746094	25.490864
-16.672816	-21.314427	1771.169922	30.263950
-16.672816	-21.314427	1769.593750	30.257502
-16.672816	-21.314427	1768.017578	25.474571
-16.672816	-21.314427	1766.441406	23.877321
-16.672816	-21.314427	1764.863281	23.872231
-16.672816	-21.314427	1763.287109	22.276001
-16.672816	-21.314427	1761.708984	20.680449
-16.672816	-21.314427	1760.130859	23.856970
-16.672816	-21.314427	1758.552734	20.671633
-16.672816	-21.314427	1756.972656	17.487652
-16.672816	-21.314427	1755.394531	22.252266
-16.672816	-21.314427	1753.814453	17.480196
-16.672816	-21.314427	1752.234375	19.065239
-16.672816	-21.314427	1750.654297	22.238035
-16.672816	-21.314427	1749.074219	19.057108
-16.672816	-21.314427	1747.492188	20.640797
-16.672816	-21.314427	1745.912109	26.986053
-16.672816	-21.314427	1744.330078	25.393221
-16.672816	-21.314427	1742.748047	19.040854
-16.672816	-21.314427	1741.166016	23.795990
-16.672816	-21.314427	1739.583984	23.790913
-16.672816	-21.314427	1738.000000	23.785837
-16.672816	-21.314427	1736.417969	23.780762
-16.672816	-21.314427	1734.833984	15.850458
-16.672816	-21.314427	1733.250000	17.431784
-16.672816	-21.314427	1731.666016	19.012432
-16.672816	-21.314427	1730.082031	22.176437
-16.672816	-21.314427	1728.496094	20.588011
-16.672816	-21.314427	1726.912109	23.750326
-16.672816	-21.314427	1725.326172	23.745255
-16.672816	-21.314427	1723.740234	25.322865
-16.672816	-21.314427	1722.154297	14.241070
-16.672816	-21.314427	1720.566406	17.402037
-16.672816	-21.314427	1718.980469	22.143316
-16.672816	-21.314427	1717.392578	33.207882
-16.672816	-21.314427	1715.804688	22.133858
-16.672816	-21.314427	1714.216797	25.290436
-16.672816	-21.314427	1712.628906	25.285032
-16.672816	-21.314427	1711.041016	23.699654
-16.672816	-21.314427	1709.451172	17.376034
-16.672816	-21.314427	1707.861328	20.530924
-16.672816	-21.314427	1706.271484	15.789644
-16.672816	-21.314427	1704.681641	20.522150
-16.672816	-21.314427	1703.091797	26.830923
-16.672816	-21.314427	1701.501953	20.513380
-16.672816	-21.314427	1699.910156	29.974684
-16.672816	-21.314427	1698.318359	33.122833
-16.672816	-21.314427	1696.726563	23.654108
-16.672816	-21.314427	1695.134766	12.612826
-16.672816	-21.314427	1693.542969	14.186396
-16.672816	-21.314427	1691.949219	23.638937
-16.672816	-21.314427	1690.357422	17.331512
-16.672816	-21.314427	1688.763672	18.903061
-16.672816	-21.314427	1687.169922	17.324099
-16.672816	-21.314427	1685.576172	20.469555
-16.672816	-21.314427	1683.982422	14.168199
-16.672816	-21.314427	1682.386719	23.608612
-16.672816	-21.314427	1680.791016	18.882847
-16.672816	-21.314427	1679.195313	20.452040
-16.672816	-21.314427	1677.599609	25.166355
-16.672816	-21.314427	1676.003906	17.298164
-16.672816	-21.314427	1674.408203	20.438910
-16.672816	-21.314427	1672.810547	22.006422
-16.672816	-21.314427	1671.214844	25.144810
-16.672816	-21.314427	1669.617188	20.425783
-16.672816	-21.314427	1668.019531	20.421410
-16.672816	-21.314427	1666.419922	17.275953
-16.672816	-21.314427	1664.822266	25.123276
-16.672816	-21.314427	1663.222656	20.408289
-16.672816	-21.314427	1661.623047	20.403917
-16.672816	-21.314427	1660.023438	20.399546
-16.672816	-21.314427	1658.423828	15.688595
-16.672816	-21.314427	1656.824219	18.822279
-16.672816	-21.314427	1655.222656	20.386433
-16.672816	-21.314427	1653.623047	21.949913
-16.672816	-21.314427	1652.021484	17.242662
-16.672816	-21.314427	1650.419922	25.074860
-16.672816	-21.314427	1648.818359	25.069483
-16.672816	-21.314427	1647.214844	23.497599
-16.672816	-21.314427	1645.613281	23.492559
-16.672816	-21.314427	1644.009766	20.355850
-16.672816	-21.314427	1642.406250	17.220488
-16.672816	-21.314427	1640.802734	26.607769
-16.672816	-21.314427	1639.199219	14.083444
-16.672816	-21.314427	1637.593750	21.902878
-16.672816	-21.314427	1635.990234	14.077399
-16.672816	-21.314427	1634.384766	17.202017
-16.672816	-21.314427	1632.779297	23.452261
-16.672816	-21.314427	1631.173828	18.757780
-16.672816	-21.314427	1629.568359	28.130629
-16.672816	-21.314427	1627.960938	20.312202
-16.672816	-21.314427	1626.353516	23.432123
-16.672816	-21.314427	1624.748047	18.741673
-16.672816	-21.314427	1623.140625	17.176176
-16.672816	-21.314427	1621.531250	29.661564
-16.672816	-21.314427	1619.923828	17.168795
-16.672816	-21.314427	1618.314453	26.527889
-16.672816	-21.314427	1616.707031	23.401932
-16.672816	-21.314427	1615.097656	21.837107
-16.672816	-21.314427	1613.488281	23.391870
-16.672816	-21.314427	1611.878906	17.150351
-16.672816	-21.314427	1610.267578	18.705450
-16.672816	-21.314427	1608.656250	21.818331
-16.672816	-21.314427	1607.046875	17.139288
-16.672816	-21.314427	1605.435547	18.693382
-16.672816	-21.314427	1603.824219	20.246807
-16.672816	-21.314427	1602.210938	15.571116
-16.672816	-21.314427	1600.599609	15.567765
-16.672816	-21.314427	1598.986328	23.346622
-16.672816	-21.314427	1597.373047	23.341597
-16.672816	-21.314427	1595.759766	15.557714
-16.672816	-21.314427	1594.146484	18.665237
-16.672816	-21.314427	1592.533203	18.661219
-16.672816	-21.314427	1590.917969	23.321499
-16.672816	-21.314427	1589.302734	31.088634
-16.672816	-21.314427	1587.687500	12.432775
-16.672816	-21.314427	1586.072266	17.091383
-16.672816	-21.314427	1584.457031	20.194553
-16.672816	-21.314427	1582.839844	18.637110
-16.672816	-21.314427	1581.224609	20.185850
-16.672816	-21.314427	1579.607422	23.286345
-16.672816	-21.314427	1577.990234	23.281324
-16.672816	-21.314427	1576.373047	12.414028
-16.672816	-21.314427	1574.755859	20.168446
-16.672816	-21.314427	1573.136719	17.061928
-16.672816	-21.314427	1571.517578	20.159746
-16.672816	-21.314427	1569.898438	20.155397
-16.672816	-21.314427	1568.279297	23.251209
-16.672816	-21.314427	1566.660156	20.146698
-16.672816	-21.314427	1565.041016	15.494116
-16.672816	-21.314427	1563.419922	13.941694
-16.672816	-21.314427	1561.798828	24.779882
-16.672816	-21.314427	1560.177734	15.484082
-16.672816	-21.314427	1558.556641	13.932665
-16.672816	-21.314427	1556.935547	32.502529
-16.672816	-21.314427	1555.312500	23.211077
-16.672816	-21.314427	1553.691406	32.488487
-16.672816	-21.314427	1552.068359	21.654310
-16.672816	-21.314427	1550.445313	24.742435
-16.672816	-21.314427	1548.822266	17.006748
-16.672816	-21.314427	1547.197266	24.731739
-16.672816	-21.314427	1545.574219	23.180992
-16.672816	-21.314427	1543.949219	24.721045
-16.672816	-21.314427	1542.324219	13.902580
-16.672816	-21.314427	1540.699219	20.077162
-16.672816	-21.314427	1539.072266	26.249069
-16.672816	-21.314427	1537.447266	20.068474
-16.672816	-21.314427	1535.820313	13.890553
-16.672816	-21.314427	1534.193359	23.145910
-16.672816	-21.314427	1532.566406	20.055447
-16.672816	-21.314427	1530.939453	29.305460
-16.672816	-21.314427	1529.312500	24.672939
-16.672816	-21.314427	1527.683594	16.958971
-16.672816	-21.314427	1526.056641	23.120861
-16.672816	-21.314427	1524.427734	24.656910
-16.672816	-21.314427	1522.798828	18.488674
-16.672816	-21.314427	1521.167969	12.323112
-16.672816	-21.314427	1519.539063	18.480661
-16.672816	-21.314427	1517.908203	24.635542
-16.672816	-21.314427	1516.277344	24.630199
-16.672816	-21.314427	1514.646484	20.007698
-16.672816	-21.314427	1513.015625	13.848479
-16.672816	-21.314427	1511.384766	24.614178
-16.672816	-21.314427	1509.751953	16.918577
-16.672816	-21.314427	1508.121094	15.377187
-16.672816	-21.314427	1506.488281	19.986004
-16.672816	-21.314427	1504.855469	18.444614
-16.672816	-21.314427	1503.220703	26.124199
-16.672816	-21.314427	1501.587891	27.654911
-16.672816	-21.314427	1499.953125	24.576805
-16.672816	-21.314427	1498.318359	23.035749
-16.672816	-21.314427	1496.683594	23.030746
-16.672816	-21.314427	1495.048828	15.350495
-16.672816	-21.314427	1493.414063	19.951307
-16.672816	-21.314427	1491.777344	16.878206
-16.672816	-21.314427	1490.140625	18.408587
-16.672816	-21.314427	1488.505859	18.404585
-16.672816	-21.314427	1486.867188	12.267056
-16.672816	-21.314427	1485.230469	19.929630
-16.672816	-21.314427	1483.593750	21.458010
-16.672816	-21.314427	1481.955078	16.856197
-16.672816	-21.314427	1480.316406	15.320481
-16.672816	-21.314427	1478.677734	19.912291
-16.672816	-21.314427	1477.039063	18.376575
-16.672816	-21.314427	1475.400391	19.903624
-16.672816	-21.314427	1473.759766	29.083576
-16.672816	-21.314427	1472.119141	24.486099
-16.672816	-21.314427	1470.478516	16.830526
-16.672816	-21.314427	1468.837891	22.945719
-16.672816	-21.314427	1467.197266	21.411339
-16.672816	-21.314427	1465.556641	15.290481
-16.672816	-21.314427	1463.914063	19.873291
-16.672816	-21.314427	1462.271484	22.925722
-16.672816	-21.314427	1460.628906	21.392675
-16.672816	-21.314427	1458.986328	21.388010
-16.672816	-21.314427	1457.343750	29.020256
-16.672816	-21.314427	1455.699219	22.905729
-16.672816	-21.314427	1454.054688	22.900732
-16.672816	-21.314427	1452.410156	16.790205
-16.672816	-21.314427	1450.765625	24.416786
-16.672816	-21.314427	1449.121094	10.680013
-16.672816	-21.314427	1447.474609	13.728447
-16.672816	-21.314427	1445.830078	16.775549
-16.672816	-21.314427	1444.183594	24.395468
-16.672816	-21.314427	1442.537109	22.865755
-16.672816	-21.314427	1440.890625	22.860760
-16.672816	-21.314427	1439.242188	22.855764
-16.672816	-21.314427	1437.595703	13.710461
-16.672816	-21.314427	1435.947266	19.799669
-16.672816	-21.314427	1434.298828	18.272623
-16.672816	-21.314427	1432.650391	16.746241
-16.672816	-21.314427	1431.000000	24.352840
-16.672816	-21.314427	1429.351563	27.390953
-16.672816	-21.314427	1427.701172	15.213866
-16.672816	-21.314427	1426.050781	15.210537
-16.672816	-21.314427	1424.400391	19.769369
-16.672816	-21.314427	1422.750000	21.285429
-16.672816	-21.314427	1421.097656	27.360989
-16.672816	-21.314427	1419.447266	22.795830
-16.672816	-21.314427	1417.794922	19.752058
-16.672816	-21.314427	1416.142578	21.266788
-16.672816	-21.314427	1414.490234	18.224682
-16.672816	-21.314427	1412.835938	16.702297
-16.672816	-21.314427	1411.183594	21.252808
-16.672816	-21.314427	1409.529297	21.248148
-16.672816	-21.314427	1407.875000	16.691313
-16.672816	-21.314427	1406.220703	19.721771
-16.672816	-21.314427	1404.566406	19.717445
-16.672816	-21.314427	1402.910156	21.229513
-16.672816	-21.314427	1401.255859	16.676670
-16.672816	-21.314427	1399.599609	24.251652
-16.672816	-21.314427	1397.943359	27.277119
-16.672816	-21.314427	1396.287109	25.756067
-16.672816	-21.314427	1394.628906	25.750410
-16.672816	-21.314427	1392.970703	19.687164
-16.672816	-21.314427	1391.314453	16.654711
-16.672816	-21.314427	1389.656250	16.651051
-16.672816	-21.314427	1387.998047	19.674191
-16.672816	-21.314427	1386.337891	18.156799
-16.672816	-21.314427	1384.679688	22.691008
-16.672816	-21.314427	1383.019531	18.148815
-16.672816	-21.314427	1381.359375	28.729303
-16.672816	-21.314427	1379.699219	18.140831
-16.672816	-21.314427	1378.039063	18.136841
-16.672816	-21.314427	1376.376953	16.621778
-16.672816	-21.314427	1374.716797	22.661072
-16.672816	-21.314427	1373.054688	19.635271
-16.672816	-21.314427	1371.392578	19.630949
-16.672816	-21.314427	1369.728516	24.155846
-16.672816	-21.314427	1368.066406	19.622301
-16.672816	-21.314427	1366.402344	15.090753
-16.672816	-21.314427	1364.740234	21.122398
-16.672816	-21.314427	1363.076172	12.067281
-16.672816	-21.314427	1361.412109	10.556543
-16.672816	-21.314427	1359.746094	16.585196
-16.672816	-21.314427	1358.082031	21.103777
-16.672816	-21.314427	1356.416016	21.099121
-16.672816	-21.314427	1354.750000	21.094465
-16.672816	-21.314427	1353.083984	18.076981
-16.672816	-21.314427	1351.417969	22.591240
-16.672816	-21.314427	1349.750000	25.597752
-16.672816	-21.314427	1348.083984	22.581264
-16.672816	-21.314427	1346.416016	24.081364
-16.672816	-21.314427	1344.748047	24.076044
-16.672816	-21.314427	1343.078125	27.079565
-16.672816	-21.314427	1341.410156	15.040879
-16.672816	-21.314427	1339.740234	25.563843
-16.672816	-21.314427	1338.072266	25.558191
-16.672816	-21.314427	1336.402344	16.533997
-16.672816	-21.314427	1334.730469	18.033098
-16.672816	-21.314427	1333.060547	19.531536
-16.672816	-21.314427	1331.388672	25.535589
-16.672816	-21.314427	1329.718750	15.017611
-16.672816	-21.314427	1328.046875	22.521431
-16.672816	-21.314427	1326.375000	22.516445
-16.672816	-21.314427	1324.701172	22.511459
-16.672816	-21.314427	1323.029297	13.503884
-16.672816	-21.314427	1321.355469	24.001589
-16.672816	-21.314427	1319.681641	17.997204
-16.672816	-21.314427	1318.007813	23.990953
-16.672816	-21.314427	1316.333984	19.488329
-16.672816	-21.314427	1314.660156	23.980320
-16.672816	-21.314427	1312.984375	16.482815
-16.672816	-21.314427	1311.308594	29.962107
-16.672816	-21.314427	1309.632813	20.968822
-16.672816	-21.314427	1307.957031	17.969290
-16.672816	-21.314427	1306.279297	23.953735
-16.672816	-21.314427	1304.603516	20.954866
-16.672816	-21.314427	1302.925781	23.943104
-16.672816	-21.314427	1301.248047	19.449451
-16.672816	-21.314427	1299.570313	19.445133
-16.672816	-21.314427	1297.892578	23.927155
-16.672816	-21.314427	1296.212891	14.951149
-16.672816	-21.314427	1294.533203	11.958261
-16.672816	-21.314427	1292.853516	28.394558
-16.672816	-21.314427	1291.173828	22.411774
-16.672816	-21.314427	1289.494141	23.900576
-16.672816	-21.314427	1287.812500	16.427992
-16.672816	-21.314427	1286.132813	22.396824
-16.672816	-21.314427	1284.451172	17.913473
-16.672816	-21.314427	1282.769531	16.417028
-16.672816	-21.314427	1281.085938	19.397625
-16.672816	-21.314427	1279.404297	22.376892
-16.672816	-21.314427	1277.720703	22.371908
-16.672816	-21.314427	1276.039063	11.929028
-16.672816	-21.314427	1274.355469	20.871147
-16.672816	-21.314427	1272.669922	19.376034
-16.672816	-21.314427	1270.986328	10.430923
-16.672816	-21.314427	1269.300781	16.387796
-16.672816	-21.314427	1267.615234	20.852547
-16.672816	-21.314427	1265.929688	16.380489
-16.672816	-21.314427	1264.244141	19.354443
-16.672816	-21.314427	1262.558594	25.304010
-16.672816	-21.314427	1260.871094	16.369530
-16.672816	-21.314427	1259.185547	19.341490
-16.672816	-21.314427	1257.498047	17.849697
-16.672816	-21.314427	1255.808594	17.845713
-16.672816	-21.314427	1254.121094	16.354916
-16.672816	-21.314427	1252.433594	14.864784
-16.672816	-21.314427	1250.744141	20.806049
-16.672816	-21.314427	1249.054688	17.829771
-16.672816	-21.314427	1247.365234	17.825787
-16.672816	-21.314427	1245.673828	17.821800
-16.672816	-21.314427	1243.984375	22.272270
-16.672816	-21.314427	1242.292969	16.329346
-16.672816	-21.314427	1240.601563	10.389077
-16.672816	-21.314427	1238.910156	28.192614
-16.672816	-21.314427	1237.218750	20.768856
-16.672816	-21.314427	1235.525391	22.247366
-16.672816	-21.314427	1233.833984	16.311081
-16.672816	-21.314427	1232.140625	16.307428
-16.672816	-21.314427	1230.447266	29.643230
-16.672816	-21.314427	1228.753906	19.263783
-16.672816	-21.314427	1227.058594	17.777969
-16.672816	-21.314427	1225.365234	22.217482
-16.672816	-21.314427	1223.669922	17.770000
-16.672816	-21.314427	1221.974609	11.844011
-16.672816	-21.314427	1220.277344	16.281862
-16.672816	-21.314427	1218.582031	20.717722
-16.672816	-21.314427	1216.884766	19.233568
-16.672816	-21.314427	1215.189453	22.187599
-16.672816	-21.314427	1213.492188	19.224937
-16.672816	-21.314427	1211.792969	22.177639
-16.672816	-21.314427	1210.095703	17.738129
-16.672816	-21.314427	1208.396484	26.601215
-16.672816	-21.314427	1206.699219	22.162701
-16.672816	-21.314427	1205.000000	23.634901
-16.672816	-21.314427	1203.298828	20.675892
-16.672816	-21.314427	1201.599609	23.624279
-16.672816	-21.314427	1199.900391	23.618967
-16.672816	-21.314427	1198.199219	19.186094
-16.672816	-21.314427	1196.498047	28.034908
-16.672816	-21.314427	1194.796875	20.652655
-16.672816	-21.314427	1193.093750	11.798861
-16.672816	-21.314427	1191.392578	16.219782
-16.672816	-21.314427	1189.689453	13.267743
-16.672816	-21.314427	1187.986328	14.738618
-16.672816	-21.314427	1186.283203	14.735298
-16.672816	-21.314427	1184.580078	22.097969
-16.672816	-21.314427	1182.875000	20.620123
-16.672816	-21.314427	1181.169922	19.142942
-16.672816	-21.314427	1179.464844	14.722021
-16.672816	-21.314427	1177.759766	23.549923
-16.672816	-21.314427	1176.054688	25.016151
-16.672816	-21.314427	1174.347656	23.539303
-16.672816	-21.314427	1172.642578	17.650494
-16.672816	-21.314427	1170.935547	19.117054
-16.672816	-21.314427	1169.228516	22.053160
-16.672816	-21.314427	1167.519531	17.638546
-16.672816	-21.314427	1165.812500	19.104111
-16.672816	-21.314427	1164.103516	23.507441
-16.672816	-21.314427	1162.394531	19.095480
-16.672816	-21.314427	1160.685547	24.965372
-16.672816	-21.314427	1158.976563	23.491510
-16.672816	-21.314427	1157.265625	19.082539
-16.672816	-21.314427	1155.556641	26.416002
-16.672816	-21.314427	1153.845703	24.942804
-16.672816	-21.314427	1152.134766	19.069595
-16.672816	-21.314427	1150.423828	23.464962
-16.672816	-21.314427	1148.710938	20.527195
-16.672816	-21.314427	1146.998047	16.124861
-16.672816	-21.314427	1145.287109	13.190081
-16.672816	-21.314427	1143.572266	16.117559
-16.672816	-21.314427	1141.859375	14.649009
-16.672816	-21.314427	1140.146484	23.433105
-16.672816	-21.314427	1138.431641	20.499321
-16.672816	-21.314427	1136.716797	29.278109
-16.672816	-21.314427	1135.001953	21.953604
-16.672816	-21.314427	1133.287109	20.485384
-16.672816	-21.314427	1131.570313	29.258200
-16.672816	-21.314427	1129.855469	23.401251
-16.672816	-21.314427	1128.138672	24.858189
-16.672816	-21.314427	1126.421875	24.852547
-16.672816	-21.314427	1124.703125	23.385324
-16.672816	-21.314427	1122.986328	21.918764
-16.672816	-21.314427	1121.267578	20.452869
-16.672816	-21.314427	1119.548828	14.605874
-16.672816	-21.314427	1117.830078	18.983324
-16.672816	-21.314427	1116.111328	16.059162
-16.672816	-21.314427	1114.392578	20.434290
-16.672816	-21.314427	1112.671875	27.725946
-16.672816	-21.314427	1110.951172	20.424999
-16.672816	-21.314427	1109.230469	21.878952
-16.672816	-21.314427	1107.509766	30.623566
-16.672816	-21.314427	1105.787109	23.326933
-16.672816	-21.314427	1104.066406	23.321625
-16.672816	-21.314427	1102.343750	24.773586
-16.672816	-21.314427	1100.621094	23.311010
-16.672816	-21.314427	1098.896484	13.109457
-16.672816	-21.314427	1097.173828	24.756668
-16.672816	-21.314427	1095.449219	23.295086
-16.672816	-21.314427	1093.724609	18.922945
-16.672816	-21.314427	1092.000000	23.284472
-16.672816	-21.314427	1090.275391	21.824217
-16.672816	-21.314427	1088.550781	20.364626
-16.672816	-21.314427	1086.824219	26.177118
-16.672816	-21.314427	1085.097656	17.447432
-16.672816	-21.314427	1083.371094	15.989831
-16.672816	-21.314427	1081.644531	15.986182
-16.672816	-21.314427	1079.916016	24.700279
-16.672816	-21.314427	1078.189453	14.526259
-16.672816	-21.314427	1076.460938	17.427532
-16.672816	-21.314427	1074.732422	17.423552
-16.672816	-21.314427	1073.001953	20.322834
-16.672816	-21.314427	1071.273438	24.672089
-16.672816	-21.314427	1069.542969	20.313547
-16.672816	-21.314427	1067.812500	21.759541
-16.672816	-21.314427	1066.082031	14.503044
-16.672816	-21.314427	1064.351563	18.849646
-16.672816	-21.314427	1062.619141	17.395693
-16.672816	-21.314427	1060.888672	21.739643
-16.672816	-21.314427	1059.156250	14.489779
-16.672816	-21.314427	1057.421875	17.383755
-16.672816	-21.314427	1055.689453	21.724720
-16.672816	-21.314427	1053.957031	20.271763
-16.672816	-21.314427	1052.222656	18.819469
-16.672816	-21.314427	1050.488281	11.578559
-16.672816	-21.314427	1048.753906	13.022895
-16.672816	-21.314427	1047.019531	15.913223
-16.672816	-21.314427	1045.283203	11.570601
-16.672816	-21.314427	1043.546875	18.797916
-16.672816	-21.314427	1041.810547	15.902282
-16.672816	-21.314427	1040.074219	28.906609
-16.672816	-21.314427	1038.337891	23.119982
-16.672816	-21.314427	1036.599609	20.225342
-16.672816	-21.314427	1034.861328	20.220701
-16.672816	-21.314427	1033.123047	24.548073
-16.672816	-21.314427	1031.384766	21.655090
-16.672816	-21.314427	1029.646484	18.763435
-16.672816	-21.314427	1027.906250	17.316116
-16.672816	-21.314427	1026.167969	21.640173
-16.672816	-21.314427	1024.427734	20.192852
-16.672816	-21.314427	1022.685547	21.630226
-16.672816	-21.314427	1020.945313	23.066938
-16.672816	-21.314427	1019.203125	25.944338
-16.672816	-21.314427	1017.462891	21.615311
-16.672816	-21.314427	1015.720703	28.813784
-16.672816	-21.314427	1013.976563	17.284292
-16.672816	-21.314427	1012.234375	23.040421
-16.672816	-21.314427	1010.490234	27.354200
-16.672816	-21.314427	1008.746094	21.590450
-16.672816	-21.314427	1007.001953	21.585478
-16.672816	-21.314427	1005.257813	25.896608
-16.672816	-21.314427	1003.513672	27.329012
-16.672816	-21.314427	1001.767578	27.322714
-16.672816	-21.314427	1000.021484	27.316418
-16.672816	-21.314427	998.275391	27.310122
-16.672816	-21.314427	996.529297	30.177912
-16.672816	-21.314427	994.781250	31.607664
-16.672816	-21.314427	993.035156	38.782276
-16.672816	-21.314427	991.287109	25.848886
-16.672816	-21.314427	989.539063	33.021511
-16.672816	-21.314427	987.789063	37.320049
-16.672816	-21.314427	986.041016	35.876377
-16.672816	-21.314427	984.291016	43.041714
-16.672816	-21.314427	982.541016	40.162987
-16.672816	-21.314427	980.791016	37.285587
-16.672816	-21.314427	979.041016	38.710705
-16.672816	-21.314427	977.289063	38.701759
-16.672816	-21.314427	975.537109	31.527477
-16.672816	-21.314427	973.785156	38.683868
-16.672816	-21.314427	972.033203	35.810112
-16.672816	-21.314427	970.281250	50.122562
-16.672816	-21.314427	968.527344	47.247486
-16.672816	-21.314427	966.773438	37.216679
-16.672816	-21.314427	965.019531	42.932384
-16.672816	-21.314427	963.265625	34.337955
-16.672816	-21.314427	961.511719	35.760422
-16.672816	-21.314427	959.755859	31.461885
-16.672816	-21.314427	958.000000	44.322388
-16.672816	-21.314427	956.244141	38.594429
-16.672816	-21.314427	954.488281	41.443668
-16.672816	-21.314427	952.730469	42.862823
-16.672816	-21.314427	950.974609	34.282310
-16.672816	-21.314427	949.216797	29.990067
-16.672816	-21.314427	947.458984	34.266415
-16.672816	-21.314427	945.701172	38.540775
-16.672816	-21.314427	943.941406	38.531834
-16.672816	-21.314427	942.181641	31.389023
-16.672816	-21.314427	940.421875	37.087509
-16.672816	-21.314427	938.662109	28.522230
-16.672816	-21.314427	936.902344	35.644508
-16.672816	-21.314427	935.140625	34.210781
-16.672816	-21.314427	933.380859	27.077246
-16.672816	-21.314427	931.619141	34.194889
-16.672816	-21.314427	929.855469	22.791296
-16.672816	-21.314427	928.093750	19.937748
-16.672816	-21.314427	926.330078	21.356907
-16.672816	-21.314427	924.568359	21.351942
-16.672816	-21.314427	922.804688	27.039503
-16.672816	-21.314427	921.039063	25.610413
-16.672816	-21.314427	919.275391	31.294333
-16.672816	-21.314427	917.509766	28.442774
-16.672816	-21.314427	915.744141	19.905308
-16.672816	-21.314427	913.978516	21.322149
-16.672816	-21.314427	912.212891	27.001768
-16.672816	-21.314427	910.447266	28.416294
-16.672816	-21.314427	908.679688	24.148224
-16.672816	-21.314427	906.912109	21.302292
-16.672816	-21.314427	905.144531	25.556793
-16.672816	-21.314427	903.375000	25.550837
-16.672816	-21.314427	901.607422	18.449081
-16.672816	-21.314427	899.837891	24.120096
-16.672816	-21.314427	898.068359	24.114470
-16.672816	-21.314427	896.298828	28.363348
-16.672816	-21.314427	894.529297	26.938894
-16.672816	-21.314427	892.757813	25.515102
-16.672816	-21.314427	890.986328	24.091972
-16.672816	-21.314427	889.214844	22.669504
-16.672816	-21.314427	887.443359	25.497236
-16.672816	-21.314427	885.669922	26.907465
-16.672816	-21.314427	883.898438	19.821922
-16.672816	-21.314427	882.125000	19.817291
-16.672816	-21.314427	880.351563	26.888609
-16.672816	-21.314427	878.578125	29.712044
-16.672816	-21.314427	876.802734	24.046984
-16.672816	-21.314427	875.027344	26.869757
-16.672816	-21.314427	873.251953	15.552537
-16.672816	-21.314427	871.476563	24.030117
-16.672816	-21.314427	869.701172	25.437702
-16.672816	-21.314427	867.923828	25.431749
-16.672816	-21.314427	866.146484	18.363075
-16.672816	-21.314427	864.369141	22.595417
-16.672816	-21.314427	862.591797	24.002010
-16.672816	-21.314427	860.814453	23.996389
-16.672816	-21.314427	859.035156	28.224434
-16.672816	-21.314427	857.255859	18.341585
-16.672816	-21.314427	855.476563	22.568970
-16.672816	-21.314427	853.697266	18.332991
-16.672816	-21.314427	851.916016	16.918793
-16.672816	-21.314427	850.136719	22.553102
-16.672816	-21.314427	848.355469	23.957052
-16.672816	-21.314427	846.574219	25.360340
-16.672816	-21.314427	844.791016	29.580124
-16.672816	-21.314427	843.009766	22.531950
-16.672816	-21.314427	841.226563	29.566244
-16.672816	-21.314427	839.443359	26.744133
-16.672816	-21.314427	837.660156	25.330599
-16.672816	-21.314427	835.875000	21.103876
-16.672816	-21.314427	834.091797	18.285730
-16.672816	-21.314427	832.306641	22.500229
-16.672816	-21.314427	830.521484	21.089008
-16.672816	-21.314427	828.734375	22.489656
-16.672816	-21.314427	826.949219	28.105463
-16.672816	-21.314427	825.162109	22.479086
-16.672816	-21.314427	823.375000	23.878412
-16.672816	-21.314427	821.587891	22.468515
-16.672816	-21.314427	819.800781	23.867184
-16.672816	-21.314427	818.011719	22.457947
-16.672816	-21.314427	816.222656	29.469120
-16.672816	-21.314427	814.433594	18.238495
-16.672816	-21.314427	812.644531	16.831572
-16.672816	-21.314427	810.855469	18.229910
-16.672816	-21.314427	809.064453	23.833500
-16.672816	-21.314427	807.273438	28.032808
-16.672816	-21.314427	805.482422	23.822275
-16.672816	-21.314427	803.691406	23.816662
-16.672816	-21.314427	801.898438	26.612350
-16.672816	-21.314427	800.107422	18.204159
-16.672816	-21.314427	798.314453	20.999847
-16.672816	-21.314427	796.521484	18.195578
-16.672816	-21.314427	794.726563	16.791956
-16.672816	-21.314427	792.933594	20.984995
-16.672816	-21.314427	791.138672	26.574724
-16.672816	-21.314427	789.343750	29.365133
-16.672816	-21.314427	787.546875	25.164175
-16.672816	-21.314427	785.751953	20.965197
-16.672816	-21.314427	783.955078	15.370849
-16.672816	-21.314427	782.158203	18.161259
-16.672816	-21.314427	780.361328	12.570210
-16.672816	-21.314427	778.564453	27.927204
-16.672816	-21.314427	776.765625	25.128546
-16.672816	-21.314427	774.968750	20.935507
-16.672816	-21.314427	773.169922	25.116673
-16.672816	-21.314427	771.369141	32.085941
-16.672816	-21.314427	769.570313	25.104799
-16.672816	-21.314427	767.769531	27.887627
-16.672816	-21.314427	765.970703	25.092928
-16.672816	-21.314427	764.167969	25.086994
-16.672816	-21.314427	762.367188	29.261236
-16.672816	-21.314427	760.566406	22.289000
-16.672816	-21.314427	758.763672	30.640123
-16.672816	-21.314427	756.960938	26.455662
-16.672816	-21.314427	755.158203	25.057325
-16.672816	-21.314427	753.353516	32.010113
-16.672816	-21.314427	751.550781	23.654045
-16.672816	-21.314427	749.746094	26.430613
-16.672816	-21.314427	747.941406	27.815107
-16.672816	-21.314427	746.136719	23.637239
-16.672816	-21.314427	744.330078	22.241543
-16.672816	-21.314427	742.523438	26.405571
-16.672816	-21.314427	740.718750	29.178186
-16.672816	-21.314427	738.910156	23.614838
-16.672816	-21.314427	737.103516	27.775574
-16.672816	-21.314427	735.294922	20.826738
-16.672816	-21.314427	733.488281	29.150518
-16.672816	-21.314427	731.679688	31.919184
-16.672816	-21.314427	729.869141	26.361765
-16.672816	-21.314427	728.060547	26.355509
-16.672816	-21.314427	726.250000	29.122858
-16.672816	-21.314427	724.439453	23.570049
-16.672816	-21.314427	722.628906	30.495174
-16.672816	-21.314427	720.818359	26.330488
-16.672816	-21.314427	719.005859	22.167776
-16.672816	-21.314427	717.195313	29.088293
-16.672816	-21.314427	715.382813	20.772415
-16.672816	-21.314427	713.568359	29.074471
-16.672816	-21.314427	711.755859	30.451731
-16.672816	-21.314427	709.941406	29.060650
-16.672816	-21.314427	708.126953	27.670229
-16.672816	-21.314427	706.312500	19.364555
-16.672816	-21.314427	704.498047	22.125656
-16.672816	-21.314427	702.681641	33.180592
-16.672816	-21.314427	700.867188	22.115131
-16.672816	-21.314427	699.050781	27.637335
-16.672816	-21.314427	697.232422	17.959993
-16.672816	-21.314427	695.416016	19.336927
-16.672816	-21.314427	693.597656	26.236725
-16.672816	-21.314427	691.779297	24.849926
-16.672816	-21.314427	689.960938	17.942896
-16.672816	-21.314427	688.142578	20.698410
-16.672816	-21.314427	686.324219	24.832174
-16.672816	-21.314427	684.503906	20.688549
-16.672816	-21.314427	682.683594	27.578159
-16.672816	-21.314427	680.863281	23.435848
-16.672816	-21.314427	679.041016	26.186764
-16.672816	-21.314427	677.218750	28.936365
-16.672816	-21.314427	675.398438	24.796684
-16.672816	-21.314427	673.576172	27.545301
-16.672816	-21.314427	671.751953	24.784859
-16.672816	-21.314427	669.929688	20.649122
-16.672816	-21.314427	668.105469	23.396755
-16.672816	-21.314427	666.281250	17.887367
-16.672816	-21.314427	664.457031	20.634344
-16.672816	-21.314427	662.630859	27.505892
-16.672816	-21.314427	660.806641	26.124359
-16.672816	-21.314427	658.980469	24.743483
-16.672816	-21.314427	657.154297	28.860504
-16.672816	-21.314427	655.326172	26.105648
-16.672816	-21.314427	653.500000	31.594025
-16.672816	-21.314427	651.671875	31.586477
-16.672816	-21.314427	649.843750	26.086943
-16.672816	-21.314427	648.015625	28.826046
-16.672816	-21.314427	646.185547	27.446815
-16.672816	-21.314427	644.357422	27.440254
-16.672816	-21.314427	642.527344	30.177063
-16.672816	-21.314427	640.697266	34.283916
-16.672816	-21.314427	638.865234	38.388805
-16.672816	-21.314427	637.035156	30.155418
-16.672816	-21.314427	635.203125	37.000069
-16.672816	-21.314427	633.371094	26.030857
-16.672816	-21.314427	631.539063	35.612648
-16.672816	-21.314427	629.705078	32.865349
-16.672816	-21.314427	627.873047	30.119358
-16.672816	-21.314427	626.039063	35.587082
-16.672816	-21.314427	624.203125	30.104939
-16.672816	-21.314427	622.369141	38.306202
-16.672816	-21.314427	620.535156	38.297028
-16.672816	-21.314427	618.699219	35.553005
-16.672816	-21.314427	616.863281	25.974819
-16.672816	-21.314427	615.025391	35.535973
-16.672816	-21.314427	613.189453	27.328815
-16.672816	-21.314427	611.351563	30.054491
-16.672816	-21.314427	609.513672	30.047289
-16.672816	-21.314427	607.675781	31.405544
-16.672816	-21.314427	605.837891	36.858540
-16.672816	-21.314427	603.998047	19.107252
-16.672816	-21.314427	602.158203	31.382957
-16.672816	-21.314427	600.318359	32.739578
-16.672816	-21.314427	598.478516	24.548794
-16.672816	-21.314427	596.636719	36.814358
-16.672816	-21.314427	594.796875	31.352854
-16.672816	-21.314427	592.955078	34.071011
-16.672816	-21.314427	591.111328	27.250267
-16.672816	-21.314427	589.269531	21.794981
-16.672816	-21.314427	587.425781	19.066031
-16.672816	-21.314427	585.583984	28.592178
-16.672816	-21.314427	583.738281	24.501698
-16.672816	-21.314427	581.894531	23.134933
-16.672816	-21.314427	580.050781	24.489929
-16.672816	-21.314427	578.205078	28.564720
-16.672816	-21.314427	576.359375	29.917755
-16.672816	-21.314427	574.513672	25.831852
-16.672816	-21.314427	572.666016	25.825645
-16.672816	-21.314427	570.818359	25.819439
-16.672816	-21.314427	568.970703	24.454641
-16.672816	-21.314427	567.123047	23.090498
-16.672816	-21.314427	565.275391	24.442884
-16.672816	-21.314427	563.425781	23.079395
-16.672816	-21.314427	561.576172	23.073845
-16.672816	-21.314427	559.726563	28.496128
-16.672816	-21.314427	557.876953	24.419378
-16.672816	-21.314427	556.027344	39.332867
-16.672816	-21.314427	554.175781	35.255463
-16.672816	-21.314427	552.324219	27.113062
-16.672816	-21.314427	550.472656	29.817190
-16.672816	-21.314427	548.619141	25.745012
-16.672816	-21.314427	546.767578	36.576210
-16.672816	-21.314427	544.914063	31.150011
-16.672816	-21.314427	543.060547	37.912621
-16.672816	-21.314427	541.205078	28.427620
-16.672816	-21.314427	539.351563	36.540993
-16.672816	-21.314427	537.496094	41.944370
-16.672816	-21.314427	535.640625	48.697857
-16.672816	-21.314427	533.785156	40.571770
-16.672816	-21.314427	531.927734	59.490925
-16.672816	-21.314427	530.070313	71.642258
-16.672816	-21.314427	528.212891	87.841972
-16.672816	-21.314427	526.355469	120.246941
-16.672816	-21.314427	524.498047	181.002319
-16.672816	-21.314427	522.638672	401.080048
-16.672816	-21.314427	520.779297	625.101990
-16.672816	-21.314427	518.919922	460.277283
-16.672816	-21.314427	517.060547	228.058945
-16.672816	-21.314427	515.199219	130.866165
-16.672816	-21.314427	513.339844	102.509590
-16.672816	-21.314427	511.478516	74.166672
-16.672816	-21.314427	509.615234	66.059822
-16.672816	-21.314427	507.753906	59.304714
-16.672816	-21.314427	505.890625	66.027946
-16.672816	-21.314427	504.027344	47.151440
-16.672816	-21.314427	502.164063	45.793198
-16.672816	-21.314427	500.300781	63.287083
-16.672816	-21.314427	498.435547	59.233181
-16.672816	-21.314427	496.570313	57.872993
-16.672816	-21.314427	494.705078	55.167904
-16.672816	-21.314427	492.839844	47.083179
-16.672816	-21.314427	490.972656	51.106537
-16.672816	-21.314427	489.107422	49.749607
-16.672816	-21.314427	487.240234	45.704815
-16.672816	-21.314427	485.371094	51.069511
-16.672816	-21.314427	483.503906	45.682732
-16.672816	-21.314427	481.634766	41.641842
-16.672816	-21.314427	479.765625	30.888094
-16.672816	-21.314427	477.896484	29.537992
-16.672816	-21.314427	476.027344	33.557789
-16.672816	-21.314427	474.156250	26.839741
-16.672816	-21.314427	472.285156	37.566555
-16.672816	-21.314427	470.414063	45.605503
-16.672816	-21.314427	468.542969	32.184338
-16.672816	-21.314427	466.669922	33.517242
-16.672816	-21.314427	464.796875	33.509140
-16.672816	-21.314427	462.923828	33.501034
-16.672816	-21.314427	461.050781	28.134064
-16.672816	-21.314427	459.177734	30.806044
-16.672816	-21.314427	457.302734	41.511147
-16.672816	-21.314427	455.427734	32.129887
-16.672816	-21.314427	453.552734	24.091585
-16.672816	-21.314427	451.675781	29.438145
-16.672816	-21.314427	449.800781	22.742153
-16.672816	-21.314427	447.923828	34.773697
-16.672816	-21.314427	446.046875	21.394020
-16.672816	-21.314427	444.169922	26.736052
-16.672816	-21.314427	442.291016	30.739017
-16.672816	-21.314427	440.412109	26.723108
-16.672816	-21.314427	438.533203	30.724134
-16.672816	-21.314427	436.654297	18.697119
-16.672816	-21.314427	434.773438	38.720367
-16.672816	-21.314427	432.894531	33.371544
-16.672816	-21.314427	431.013672	26.690771
-16.672816	-21.314427	429.130859	26.684305
-16.672816	-21.314427	427.250000	37.348980
-16.672816	-21.314427	425.367188	29.338518
-16.672816	-21.314427	423.484375	23.998426
-16.672816	-21.314427	421.601563	29.324305
-16.672816	-21.314427	419.718750	26.651999
-16.672816	-21.314427	417.833984	26.645540
-16.672816	-21.314427	415.949219	27.971039
-16.672816	-21.314427	414.064453	30.627523
-16.672816	-21.314427	412.179688	33.282719
-16.672816	-21.314427	410.294922	29.281693
-16.672816	-21.314427	408.408203	37.258575
-16.672816	-21.314427	406.521484	42.570904
-16.672816	-21.314427	404.634766	38.570530
-16.672816	-21.314427	402.746094	41.220570
-16.672816	-21.314427	400.857422	63.809925
-16.672816	-21.314427	398.968750	67.781609
-16.672816	-21.314427	397.080078	70.422623
-16.672816	-21.314427	395.191406	77.047585
-16.672816	-21.314427	393.300781	71.716560
-16.672816	-21.314427	391.410156	63.732590
-16.672816	-21.314427	389.519531	61.062252
-16.672816	-21.314427	387.628906	47.776257
-16.672816	-21.314427	385.736328	43.784279
-16.672816	-21.314427	383.843750	53.058975
-16.672816	-21.314427	381.951172	47.741493
-16.672816	-21.314427	380.058594	49.055740
-16.672816	-21.314427	378.164063	56.996891
-16.672816	-21.314427	376.271484	82.161621
-16.672816	-21.314427	374.376953	82.141685
-16.672816	-21.314427	372.480469	70.200851
-16.672816	-21.314427	370.585938	63.562702
-16.672816	-21.314427	368.689453	43.688751
-16.672816	-21.314427	366.792969	54.266788
-16.672816	-21.314427	364.896484	55.576874
-16.672816	-21.314427	363.000000	51.594570
-16.672816	-21.314427	361.101563	64.808212
-16.672816	-21.314427	359.203125	51.569523
-16.672816	-21.314427	357.304688	55.522926
-16.672816	-21.314427	355.406250	43.614563
-16.672816	-21.314427	353.505859	44.925308
-16.672816	-21.314427	351.605469	56.803505
-16.672816	-21.314427	349.705078	42.262112
-16.672816	-21.314427	347.804688	48.853699
-16.672816	-21.314427	345.902344	55.442081
-16.672816	-21.314427	344.001953	31.673496
-16.672816	-21.314427	342.099609	39.582253
-16.672816	-21.314427	340.195313	40.891727
-16.672816	-21.314427	338.292969	46.156864
-16.672816	-21.314427	336.388672	34.279629
-16.672816	-21.314427	334.484375	36.907555
-16.672816	-21.314427	332.580078	38.216396
-16.672816	-21.314427	330.675781	39.524601
-16.672816	-21.314427	328.769531	34.246330
-16.672816	-21.314427	326.863281	34.238010
-16.672816	-21.314427	324.957031	35.546219
-16.672816	-21.314427	323.048828	38.169998
-16.672816	-21.314427	321.142578	30.265400
-16.672816	-21.314427	319.234375	39.467018
-16.672816	-21.314427	317.326172	27.620199
-16.672816	-21.314427	315.417969	30.243343
-16.672816	-21.314427	313.507813	38.123646
-16.672816	-21.314427	311.597656	34.171513
-16.672816	-21.314427	309.687500	34.163208
-16.672816	-21.314427	307.777344	28.900305
-16.672816	-21.314427	305.865234	34.146606
-16.672816	-21.314427	303.955078	39.390354
-16.672816	-21.314427	302.042969	23.628468
-16.672816	-21.314427	300.128906	26.247473
-16.672816	-21.314427	298.216797	27.553148
-16.672816	-21.314427	296.302734	35.416866
-16.672816	-21.314427	294.388672	32.785423
-16.672816	-21.314427	292.474609	30.155256
-16.672816	-21.314427	290.560547	34.080265
-16.672816	-21.314427	288.644531	43.245205
-16.672816	-21.314427	286.728516	45.854977
-16.672816	-21.314427	284.812500	52.392948
-16.672816	-21.314427	282.896484	54.999222
-16.672816	-21.314427	280.978516	52.367477
-16.672816	-21.314427	279.060547	57.590221
-16.672816	-21.314427	277.142578	56.267670
-16.672816	-21.314427	275.224609	62.795155
-16.672816	-21.314427	273.304688	73.243202
-16.672816	-21.314427	271.384766	82.378571
-16.672816	-21.314427	269.464844	67.978477
-16.672816	-21.314427	267.544922	84.952438
-16.672816	-21.314427	265.623047	111.064644
-16.672816	-21.314427	263.703125	194.642441
-16.672816	-21.314427	261.781250	291.239685
-16.672816	-21.314427	259.857422	279.417664
-16.672816	-21.314427	257.935547	254.547638
-16.672816	-21.314427	256.011719	240.130142
-16.672816	-21.314427	254.087891	255.728622
-16.672816	-21.314427	252.164063	657.427979
-16.672816	-21.314427	250.240234	1806.183228
-16.672816	-21.314427	248.314453	1667.542725
-16.672816	-21.314427	246.388672	694.749146
-16.672816	-21.314427	244.462891	315.362885
-16.672816	-21.314427	242.535156	229.299057
-16.672816	-21.314427	240.609375	182.352631
-16.672816	-21.314427	238.681641	135.429016
-16.672816	-21.314427	236.753906	132.792313
-16.672816	-21.314427	234.824219	109.331795
-16.672816	-21.314427	232.896484	84.581413
-16.672816	-21.314427	230.966797	78.056168
-16.672816	-21.314427	229.037109	76.736565
-16.672816	-21.314427	227.107422	72.817001
-16.672816	-21.314427	225.175781	71.499306
-16.672816	-21.314427	223.244141	77.980278
-16.672816	-21.314427	221.312500	89.655518
-16.672816	-21.314427	219.380859	88.334686
-16.672816	-21.314427	217.447266	70.131073
-16.672816	-21.314427	215.515625	64.920395
-16.672816	-21.314427	213.582031	75.289352
-16.672816	-21.314427	211.646484	55.804394
-16.672816	-21.314427	209.712891	68.765442
-16.672816	-21.314427	207.777344	66.154434
-16.672816	-21.314427	205.841797	57.060535
-16.672816	-21.314427	203.906250	38.895454
-16.672816	-21.314427	201.968750	38.885998
-16.672816	-21.314427	200.033203	29.805351
-16.672816	-21.314427	198.095703	27.206966
-16.672816	-21.314427	196.158203	28.495609
-16.672816	-21.314427	194.218750	28.488682
-16.672816	-21.314427	192.281250	28.481758
-16.672816	-21.314427	190.341797	24.591902
-16.672816	-21.314427	188.402344	27.173918
-16.672816	-21.314427	186.460938	21.992586
-16.672816	-21.314427	184.521484	28.454077
-16.672816	-21.314427	182.580078	25.861057
-16.672816	-21.314427	180.638672	37.489418
-16.672816	-21.314427	178.695313	25.848488
-16.672816	-21.314427	176.753906	29.718538
-16.672816	-21.314427	174.810547	23.252335
-16.672816	-21.314427	172.867188	19.372236
-16.672816	-21.314427	170.921875	23.241035
-16.672816	-21.314427	168.978516	28.398808
-16.672816	-21.314427	167.033203	37.425697
-16.672816	-21.314427	165.087891	24.514326
-16.672816	-21.314427	163.142578	28.378113
-16.672816	-21.314427	161.195313	38.688026
-16.672816	-21.314427	159.248047	29.653614
-16.672816	-21.314427	157.300781	25.779488
-16.672816	-21.314427	155.353516	34.793854
-16.672816	-21.314427	153.406250	30.920359
-16.672816	-21.314427	151.457031	38.641060
-16.672816	-21.314427	149.507813	33.480785
-16.672816	-21.314427	147.558594	46.346748
-16.672816	-21.314427	145.607422	41.187107
-16.672816	-21.314427	143.658203	54.044949
-16.672816	-21.314427	141.707031	46.312992
-16.672816	-21.314427	139.753906	54.018703
-16.672816	-21.314427	137.802734	59.148975
-16.672816	-21.314427	135.849609	69.418900
-16.672816	-21.314427	133.896484	60.405483
-16.672816	-21.314427	131.943359	50.111530
-16.672816	-21.314427	129.990234	53.953159
-16.672816	-21.314427	128.035156	56.508636
-16.672816	-21.314427	126.080078	51.359020
-16.672816	-21.314427	124.125000	47.495564
-16.672816	-21.314427	122.169922	51.334091
-16.672816	-21.314427	120.212891	38.491226
-16.672816	-21.314427	118.255859	50.026447
-16.672816	-21.314427	116.298828	51.296726
-16.672816	-21.314427	114.341797	46.155853
-16.672816	-21.314427	112.382813	34.608490
-16.672816	-21.314427	110.423828	35.881580
-16.672816	-21.314427	108.464844	34.591702
-16.672816	-21.314427	106.505859	25.617266
-16.672816	-21.314427	104.544922	14.086079
-16.672816	-21.314427	102.585938	11.522178
-16.672816	-21.314427	100.625000	6.399657
-16.672816	-21.314427	98.662109	6.398105
-16.672816	-21.314427	96.701172	5.117243
-16.672816	-21.314427	94.738281	2.558001
-16.672816	-21.314427	92.775391	5.114762
-16.672816	-21.314427	90.812500	2.556761
-16.672816	-21.314427	88.847656	1.278070
-16.672816	-21.314427	86.882813	2.555521
-16.672816	-21.314427	84.917969	-1.277451
-16.672816	-21.314427	82.953125	2.554283
-16.672816	-21.314427	80.988281	3.830495
-16.672816	-21.314427	79.021484	2.553045
-16.672816	-21.314427	77.054688	1.276213
-16.672816	-21.314427	75.087891	3.827712
-16.672816	-21.314427	73.119141	1.275595
-16.672816	-21.314427	71.152344	1.275286
-16.672816	-21.314427	69.183594	3.824930
-16.672816	-21.314427	67.212891	2.549336
-16.672816	-21.314427	65.244141	1.274359
-16.672816	-21.314427	63.273438	1.274051
-16.672816	-21.314427	61.302734	-1.273742
-16.672816	-21.314427	59.332031	2.546868
-13.672816	-21.314427	1838.626953	17.678635
-13.672816	-21.314427	1837.066406	16.071486
-13.672816	-21.314427	1835.503906	19.281679
-13.672816	-21.314427	1833.941406	25.703436
-13.672816	-21.314427	1832.378906	17.667351
-13.672816	-21.314427	1830.816406	16.057810
-13.672816	-21.314427	1829.251953	17.659832
-13.672816	-21.314427	1827.687500	14.445879
-13.672816	-21.314427	1826.125000	19.257074
-13.672816	-21.314427	1824.560547	22.461803
-13.672816	-21.314427	1822.994141	25.665171
-13.672816	-21.314427	1821.429688	20.848513
-13.672816	-21.314427	1819.865234	19.240685
-13.672816	-21.314427	1818.298828	24.045738
-13.672816	-21.314427	1816.732422	19.232496
-13.672816	-21.314427	1815.166016	17.626036
-13.672816	-21.314427	1813.599609	16.020258
-13.672816	-21.314427	1812.033203	19.220217
-13.672816	-21.314427	1810.464844	19.216125
-13.672816	-21.314427	1808.896484	24.015043
-13.672816	-21.314427	1807.330078	20.808607
-13.672816	-21.314427	1805.759766	16.003214
-13.672816	-21.314427	1804.191406	30.399632
-13.672816	-21.314427	1802.623047	22.394960
-13.672816	-21.314427	1801.052734	25.588791
-13.672816	-21.314427	1799.484375	25.583342
-13.672816	-21.314427	1797.914063	23.979277
-13.672816	-21.314427	1796.343750	20.777615
-13.672816	-21.314427	1794.771484	20.773190
-13.672816	-21.314427	1793.201172	23.963961
-13.672816	-21.314427	1791.628906	15.972572
-13.672816	-21.314427	1790.058594	22.356838
-13.672816	-21.314427	1788.486328	28.738384
-13.672816	-21.314427	1786.914063	23.943554
-13.672816	-21.314427	1785.339844	19.150763
-13.672816	-21.314427	1783.767578	22.337797
-13.672816	-21.314427	1782.193359	19.142605
-13.672816	-21.314427	1780.621094	22.328281
-13.672816	-21.314427	1779.046875	19.134449
-13.672816	-21.314427	1777.470703	15.941978
-13.672816	-21.314427	1775.896484	27.095589
-13.672816	-21.314427	1774.322266	28.683334
-13.672816	-21.314427	1772.746094	22.304506
-13.672816	-21.314427	1771.169922	27.078272
-13.672816	-21.314427	1769.593750	17.517500
-13.672816	-21.314427	1768.017578	22.290249
-13.672816	-21.314427	1766.441406	20.693678
-13.672816	-21.314427	1764.863281	25.463713
-13.672816	-21.314427	1763.287109	20.684858
-13.672816	-21.314427	1761.708984	19.089645
-13.672816	-21.314427	1760.130859	17.495111
-13.672816	-21.314427	1758.552734	20.671633
-13.672816	-21.314427	1756.972656	27.026371
-13.672816	-21.314427	1755.394531	22.252266
-13.672816	-21.314427	1753.814453	22.247522
-13.672816	-21.314427	1752.234375	19.065239
-13.672816	-21.314427	1750.654297	23.826466
-13.672816	-21.314427	1749.074219	25.409477
-13.672816	-21.314427	1747.492188	23.816303
-13.672816	-21.314427	1745.912109	17.461565
-13.672816	-21.314427	1744.330078	25.393221
-13.672816	-21.314427	1742.748047	20.627592
-13.672816	-21.314427	1741.166016	19.036791
-13.672816	-21.314427	1739.583984	20.618792
-13.672816	-21.314427	1738.000000	20.614391
-13.672816	-21.314427	1736.417969	19.024609
-13.672816	-21.314427	1734.833984	36.456055
-13.672816	-21.314427	1733.250000	19.016491
-13.672816	-21.314427	1731.666016	20.596802
-13.672816	-21.314427	1730.082031	20.592405
-13.672816	-21.314427	1728.496094	25.339090
-13.672816	-21.314427	1726.912109	22.166971
-13.672816	-21.314427	1725.326172	25.328272
-13.672816	-21.314427	1723.740234	28.488222
-13.672816	-21.314427	1722.154297	26.899799
-13.672816	-21.314427	1720.566406	20.566042
-13.672816	-21.314427	1718.980469	23.724981
-13.672816	-21.314427	1717.392578	23.719915
-13.672816	-21.314427	1715.804688	23.714849
-13.672816	-21.314427	1714.216797	25.290436
-13.672816	-21.314427	1712.628906	17.383461
-13.672816	-21.314427	1711.041016	18.959724
-13.672816	-21.314427	1709.451172	14.216755
-13.672816	-21.314427	1707.861328	22.110226
-13.672816	-21.314427	1706.271484	17.368608
-13.672816	-21.314427	1704.681641	20.522150
-13.672816	-21.314427	1703.091797	26.830923
-13.672816	-21.314427	1701.501953	23.669285
-13.672816	-21.314427	1699.910156	20.508995
-13.672816	-21.314427	1698.318359	22.081888
-13.672816	-21.314427	1696.726563	20.500227
-13.672816	-21.314427	1695.134766	25.225653
-13.672816	-21.314427	1693.542969	18.915194
-13.672816	-21.314427	1691.949219	22.063007
-13.672816	-21.314427	1690.357422	14.180328
-13.672816	-21.314427	1688.763672	14.177296
-13.672816	-21.314427	1687.169922	12.599345
-13.672816	-21.314427	1685.576172	23.618717
-13.672816	-21.314427	1683.982422	20.465176
-13.672816	-21.314427	1682.386719	20.460796
-13.672816	-21.314427	1680.791016	18.882847
-13.672816	-21.314427	1679.195313	22.025274
-13.672816	-21.314427	1677.599609	28.312149
-13.672816	-21.314427	1676.003906	23.588408
-13.672816	-21.314427	1674.408203	20.438910
-13.672816	-21.314427	1672.810547	20.434534
-13.672816	-21.314427	1671.214844	23.573259
-13.672816	-21.314427	1669.617188	18.854570
-13.672816	-21.314427	1668.019531	20.421410
-13.672816	-21.314427	1666.419922	15.705412
-13.672816	-21.314427	1664.822266	14.131843
-13.672816	-21.314427	1663.222656	20.408289
-13.672816	-21.314427	1661.623047	14.125789
-13.672816	-21.314427	1660.023438	17.261154
-13.672816	-21.314427	1658.423828	23.532892
-13.672816	-21.314427	1656.824219	17.253756
-13.672816	-21.314427	1655.222656	23.522806
-13.672816	-21.314427	1653.623047	25.085615
-13.672816	-21.314427	1652.021484	28.215265
-13.672816	-21.314427	1650.419922	26.642038
-13.672816	-21.314427	1648.818359	26.636326
-13.672816	-21.314427	1647.214844	15.665067
-13.672816	-21.314427	1645.613281	34.455753
-13.672816	-21.314427	1644.009766	7.829174
-13.672816	-21.314427	1642.406250	21.916983
-13.672816	-21.314427	1640.802734	10.956141
-13.672816	-21.314427	1639.199219	21.907579
-13.672816	-21.314427	1637.593750	26.596352
-13.672816	-21.314427	1635.990234	18.769865
-13.672816	-21.314427	1634.384766	25.021116
-13.672816	-21.314427	1632.779297	20.325293
-13.672816	-21.314427	1631.173828	26.573523
-13.672816	-21.314427	1629.568359	23.442190
-13.672816	-21.314427	1627.960938	18.749725
-13.672816	-21.314427	1626.353516	24.994265
-13.672816	-21.314427	1624.748047	24.988895
-13.672816	-21.314427	1623.140625	20.299116
-13.672816	-21.314427	1621.531250	18.733620
-13.672816	-21.314427	1619.923828	21.851194
-13.672816	-21.314427	1618.314453	21.846498
-13.672816	-21.314427	1616.707031	26.522188
-13.672816	-21.314427	1615.097656	18.717520
-13.672816	-21.314427	1613.488281	17.154039
-13.672816	-21.314427	1611.878906	21.827719
-13.672816	-21.314427	1610.267578	21.823025
-13.672816	-21.314427	1608.656250	14.026071
-13.672816	-21.314427	1607.046875	17.139288
-13.672816	-21.314427	1605.435547	17.135601
-13.672816	-21.314427	1603.824219	18.689362
-13.672816	-21.314427	1602.210938	23.356674
-13.672816	-21.314427	1600.599609	17.124542
-13.672816	-21.314427	1598.986328	23.346622
-13.672816	-21.314427	1597.373047	18.673277
-13.672816	-21.314427	1595.759766	21.780800
-13.672816	-21.314427	1594.146484	23.331547
-13.672816	-21.314427	1592.533203	17.106117
-13.672816	-21.314427	1590.917969	23.321499
-13.672816	-21.314427	1589.302734	20.207613
-13.672816	-21.314427	1587.687500	18.649162
-13.672816	-21.314427	1586.072266	20.198906
-13.672816	-21.314427	1584.457031	24.854836
-13.672816	-21.314427	1582.839844	21.743294
-13.672816	-21.314427	1581.224609	23.291365
-13.672816	-21.314427	1579.607422	15.524229
-13.672816	-21.314427	1577.990234	18.625059
-13.672816	-21.314427	1576.373047	17.069290
-13.672816	-21.314427	1574.755859	18.617027
-13.672816	-21.314427	1573.136719	24.817348
-13.672816	-21.314427	1571.517578	15.507497
-13.672816	-21.314427	1569.898438	12.403321
-13.672816	-21.314427	1568.279297	12.400644
-13.672816	-21.314427	1566.660156	18.596952
-13.672816	-21.314427	1565.041016	18.592939
-13.672816	-21.314427	1563.419922	27.883389
-13.672816	-21.314427	1561.798828	12.389941
-13.672816	-21.314427	1560.177734	20.129307
-13.672816	-21.314427	1558.556641	20.124960
-13.672816	-21.314427	1556.935547	20.120613
-13.672816	-21.314427	1555.312500	18.568861
-13.672816	-21.314427	1553.691406	23.206062
-13.672816	-21.314427	1552.068359	12.373892
-13.672816	-21.314427	1550.445313	12.371218
-13.672816	-21.314427	1548.822266	18.552816
-13.672816	-21.314427	1547.197266	21.640272
-13.672816	-21.314427	1545.574219	21.635593
-13.672816	-21.314427	1543.949219	16.995718
-13.672816	-21.314427	1542.324219	24.715698
-13.672816	-21.314427	1540.699219	20.077162
-13.672816	-21.314427	1539.072266	20.072819
-13.672816	-21.314427	1537.447266	21.612204
-13.672816	-21.314427	1535.820313	18.520737
-13.672816	-21.314427	1534.193359	16.973667
-13.672816	-21.314427	1532.566406	18.512720
-13.672816	-21.314427	1530.939453	13.881534
-13.672816	-21.314427	1529.312500	16.962645
-13.672816	-21.314427	1527.683594	24.667595
-13.672816	-21.314427	1526.056641	20.038080
-13.672816	-21.314427	1524.427734	23.115852
-13.672816	-21.314427	1522.798828	20.029398
-13.672816	-21.314427	1521.167969	21.565447
-13.672816	-21.314427	1519.539063	18.480661
-13.672816	-21.314427	1517.908203	15.397213
-13.672816	-21.314427	1516.277344	20.012037
-13.672816	-21.314427	1514.646484	15.390537
-13.672816	-21.314427	1513.015625	16.925919
-13.672816	-21.314427	1511.384766	13.845475
-13.672816	-21.314427	1509.751953	15.380524
-13.672816	-21.314427	1508.121094	19.990343
-13.672816	-21.314427	1506.488281	19.986004
-13.672816	-21.314427	1504.855469	16.907564
-13.672816	-21.314427	1503.220703	19.977329
-13.672816	-21.314427	1501.587891	19.972992
-13.672816	-21.314427	1499.953125	26.112856
-13.672816	-21.314427	1498.318359	12.285733
-13.672816	-21.314427	1496.683594	26.101513
-13.672816	-21.314427	1495.048828	16.885544
-13.672816	-21.314427	1493.414063	21.486023
-13.672816	-21.314427	1491.777344	13.809442
-13.672816	-21.314427	1490.140625	26.078831
-13.672816	-21.314427	1488.505859	19.938299
-13.672816	-21.314427	1486.867188	13.800437
-13.672816	-21.314427	1485.230469	12.264387
-13.672816	-21.314427	1483.593750	13.794435
-13.672816	-21.314427	1481.955078	13.791433
-13.672816	-21.314427	1480.316406	22.980721
-13.672816	-21.314427	1478.677734	22.975719
-13.672816	-21.314427	1477.039063	18.376575
-13.672816	-21.314427	1475.400391	24.496767
-13.672816	-21.314427	1473.759766	13.776431
-13.672816	-21.314427	1472.119141	16.834194
-13.672816	-21.314427	1470.478516	19.890623
-13.672816	-21.314427	1468.837891	13.767431
-13.672816	-21.314427	1467.197266	7.646906
-13.672816	-21.314427	1465.556641	27.522865
-13.672816	-21.314427	1463.914063	19.873291
-13.672816	-21.314427	1462.271484	12.227052
-13.672816	-21.314427	1460.628906	24.448772
-13.672816	-21.314427	1458.986328	19.860296
-13.672816	-21.314427	1457.343750	22.910728
-13.672816	-21.314427	1455.699219	18.324585
-13.672816	-21.314427	1454.054688	16.793871
-13.672816	-21.314427	1452.410156	18.316587
-13.672816	-21.314427	1450.765625	19.838640
-13.672816	-21.314427	1449.121094	22.885740
-13.672816	-21.314427	1447.474609	16.779213
-13.672816	-21.314427	1445.830078	16.775549
-13.672816	-21.314427	1444.183594	25.920185
-13.672816	-21.314427	1442.537109	18.292604
-13.672816	-21.314427	1440.890625	18.288607
-13.672816	-21.314427	1439.242188	24.379480
-13.672816	-21.314427	1437.595703	16.757231
-13.672816	-21.314427	1435.947266	24.368824
-13.672816	-21.314427	1434.298828	15.227185
-13.672816	-21.314427	1432.650391	28.925325
-13.672816	-21.314427	1431.000000	16.742579
-13.672816	-21.314427	1429.351563	16.738914
-13.672816	-21.314427	1427.701172	18.256639
-13.672816	-21.314427	1426.050781	25.857912
-13.672816	-21.314427	1424.400391	15.207208
-13.672816	-21.314427	1422.750000	13.683491
-13.672816	-21.314427	1421.097656	12.160439
-13.672816	-21.314427	1419.447266	18.236664
-13.672816	-21.314427	1417.794922	12.155113
-13.672816	-21.314427	1416.142578	22.785845
-13.672816	-21.314427	1414.490234	19.743404
-13.672816	-21.314427	1412.835938	22.775858
-13.672816	-21.314427	1411.183594	16.698635
-13.672816	-21.314427	1409.529297	19.730423
-13.672816	-21.314427	1407.875000	24.278275
-13.672816	-21.314427	1406.220703	16.687653
-13.672816	-21.314427	1404.566406	22.750898
-13.672816	-21.314427	1402.910156	19.713120
-13.672816	-21.314427	1401.255859	13.644548
-13.672816	-21.314427	1399.599609	21.220196
-13.672816	-21.314427	1397.943359	18.184746
-13.672816	-21.314427	1396.287109	21.210878
-13.672816	-21.314427	1394.628906	22.720951
-13.672816	-21.314427	1392.970703	13.629576
-13.672816	-21.314427	1391.314453	22.710968
-13.672816	-21.314427	1389.656250	21.192247
-13.672816	-21.314427	1387.998047	18.160791
-13.672816	-21.314427	1386.337891	19.669865
-13.672816	-21.314427	1384.679688	18.152807
-13.672816	-21.314427	1383.019531	22.686018
-13.672816	-21.314427	1381.359375	19.656891
-13.672816	-21.314427	1379.699219	22.676039
-13.672816	-21.314427	1378.039063	24.182453
-13.672816	-21.314427	1376.376953	21.154989
-13.672816	-21.314427	1374.716797	12.085905
-13.672816	-21.314427	1373.054688	9.062433
-13.672816	-21.314427	1371.392578	16.610802
-13.672816	-21.314427	1369.728516	28.685066
-13.672816	-21.314427	1368.066406	18.112894
-13.672816	-21.314427	1366.402344	18.108902
-13.672816	-21.314427	1364.740234	15.087427
-13.672816	-21.314427	1363.076172	15.084102
-13.672816	-21.314427	1361.412109	21.113087
-13.672816	-21.314427	1359.746094	18.092941
-13.672816	-21.314427	1358.082031	18.088951
-13.672816	-21.314427	1356.416016	15.070801
-13.672816	-21.314427	1354.750000	19.587719
-13.672816	-21.314427	1353.083984	22.596226
-13.672816	-21.314427	1351.417969	18.072990
-13.672816	-21.314427	1349.750000	15.057501
-13.672816	-21.314427	1348.083984	15.054176
-13.672816	-21.314427	1346.416016	19.566107
-13.672816	-21.314427	1344.748047	13.542775
-13.672816	-21.314427	1343.078125	16.548624
-13.672816	-21.314427	1341.410156	19.553143
-13.672816	-21.314427	1339.740234	19.548820
-13.672816	-21.314427	1338.072266	25.558191
-13.672816	-21.314427	1336.402344	27.055632
-13.672816	-21.314427	1334.730469	19.535856
-13.672816	-21.314427	1333.060547	12.019406
-13.672816	-21.314427	1331.388672	12.016747
-13.672816	-21.314427	1329.718750	24.028177
-13.672816	-21.314427	1328.046875	27.025717
-13.672816	-21.314427	1326.375000	21.015348
-13.672816	-21.314427	1324.701172	21.010696
-13.672816	-21.314427	1323.029297	18.005180
-13.672816	-21.314427	1321.355469	18.001192
-13.672816	-21.314427	1319.681641	14.997669
-13.672816	-21.314427	1318.007813	19.492649
-13.672816	-21.314427	1316.333984	28.482944
-13.672816	-21.314427	1314.660156	20.982780
-13.672816	-21.314427	1312.984375	16.482815
-13.672816	-21.314427	1311.308594	22.471581
-13.672816	-21.314427	1309.632813	17.973276
-13.672816	-21.314427	1307.957031	16.471849
-13.672816	-21.314427	1306.279297	16.468193
-13.672816	-21.314427	1304.603516	20.954866
-13.672816	-21.314427	1302.925781	28.432434
-13.672816	-21.314427	1301.248047	25.433899
-13.672816	-21.314427	1299.570313	25.428249
-13.672816	-21.314427	1297.892578	22.431707
-13.672816	-21.314427	1296.212891	23.921839
-13.672816	-21.314427	1294.533203	17.937391
-13.672816	-21.314427	1292.853516	14.944505
-13.672816	-21.314427	1291.173828	16.435301
-13.672816	-21.314427	1289.494141	17.925432
-13.672816	-21.314427	1287.812500	17.921446
-13.672816	-21.314427	1286.132813	19.410580
-13.672816	-21.314427	1284.451172	26.870209
-13.672816	-21.314427	1282.769531	17.909487
-13.672816	-21.314427	1281.085938	22.381874
-13.672816	-21.314427	1279.404297	17.901514
-13.672816	-21.314427	1277.720703	22.371908
-13.672816	-21.314427	1276.039063	17.893541
-13.672816	-21.314427	1274.355469	26.834332
-13.672816	-21.314427	1272.669922	23.847425
-13.672816	-21.314427	1270.986328	13.411187
-13.672816	-21.314427	1269.300781	13.408197
-13.672816	-21.314427	1267.615234	20.852547
-13.672816	-21.314427	1265.929688	13.402219
-13.672816	-21.314427	1264.244141	17.865641
-13.672816	-21.314427	1262.558594	23.815538
-13.672816	-21.314427	1260.871094	17.857668
-13.672816	-21.314427	1259.185547	13.390263
-13.672816	-21.314427	1257.498047	19.337172
-13.672816	-21.314427	1255.808594	25.281425
-13.672816	-21.314427	1254.121094	17.841726
-13.672816	-21.314427	1252.433594	16.351263
-13.672816	-21.314427	1250.744141	26.750635
-13.672816	-21.314427	1249.054688	20.801399
-13.672816	-21.314427	1247.365234	17.825787
-13.672816	-21.314427	1245.673828	22.277252
-13.672816	-21.314427	1243.984375	25.241907
-13.672816	-21.314427	1242.292969	20.782803
-13.672816	-21.314427	1240.601563	20.778154
-13.672816	-21.314427	1238.910156	17.805862
-13.672816	-21.314427	1237.218750	16.318386
-13.672816	-21.314427	1235.525391	22.247366
-13.672816	-21.314427	1233.833984	20.759558
-13.672816	-21.314427	1232.140625	16.307428
-13.672816	-21.314427	1230.447266	17.785938
-13.672816	-21.314427	1228.753906	20.745613
-13.672816	-21.314427	1227.058594	25.185457
-13.672816	-21.314427	1225.365234	20.736317
-13.672816	-21.314427	1223.669922	20.731667
-13.672816	-21.314427	1221.974609	19.246517
-13.672816	-21.314427	1220.277344	16.281862
-13.672816	-21.314427	1218.582031	23.677397
-13.672816	-21.314427	1216.884766	17.754065
-13.672816	-21.314427	1215.189453	23.666773
-13.672816	-21.314427	1213.492188	20.703779
-13.672816	-21.314427	1211.792969	20.699131
-13.672816	-21.314427	1210.095703	14.781774
-13.672816	-21.314427	1208.396484	14.778453
-13.672816	-21.314427	1206.699219	13.297620
-13.672816	-21.314427	1205.000000	20.680538
-13.672816	-21.314427	1203.298828	16.245342
-13.672816	-21.314427	1201.599609	11.812140
-13.672816	-21.314427	1199.900391	22.142782
-13.672816	-21.314427	1198.199219	22.137802
-13.672816	-21.314427	1196.498047	19.181780
-13.672816	-21.314427	1194.796875	25.078222
-13.672816	-21.314427	1193.093750	28.022295
-13.672816	-21.314427	1191.392578	16.219782
-13.672816	-21.314427	1189.689453	14.741937
-13.672816	-21.314427	1187.986328	20.634066
-13.672816	-21.314427	1186.283203	19.155888
-13.672816	-21.314427	1184.580078	14.731979
-13.672816	-21.314427	1182.875000	14.728660
-13.672816	-21.314427	1181.169922	27.978148
-13.672816	-21.314427	1179.464844	16.194223
-13.672816	-21.314427	1177.759766	25.021793
-13.672816	-21.314427	1176.054688	17.658459
-13.672816	-21.314427	1174.347656	14.712064
-13.672816	-21.314427	1172.642578	19.121368
-13.672816	-21.314427	1170.935547	17.646511
-13.672816	-21.314427	1169.228516	14.702106
-13.672816	-21.314427	1167.519531	17.638546
-13.672816	-21.314427	1165.812500	14.695469
-13.672816	-21.314427	1164.103516	17.630581
-13.672816	-21.314427	1162.394531	16.157715
-13.672816	-21.314427	1160.685547	22.028269
-13.672816	-21.314427	1158.976563	16.150414
-13.672816	-21.314427	1157.265625	17.614651
-13.672816	-21.314427	1155.556641	14.675556
-13.672816	-21.314427	1153.845703	16.139462
-13.672816	-21.314427	1152.134766	20.536488
-13.672816	-21.314427	1150.423828	26.398081
-13.672816	-21.314427	1148.710938	21.993423
-13.672816	-21.314427	1146.998047	23.454342
-13.672816	-21.314427	1145.287109	23.449032
-13.672816	-21.314427	1143.572266	19.048025
-13.672816	-21.314427	1141.859375	20.508612
-13.672816	-21.314427	1140.146484	20.503967
-13.672816	-21.314427	1138.431641	21.963558
-13.672816	-21.314427	1136.716797	19.030769
-13.672816	-21.314427	1135.001953	27.807898
-13.672816	-21.314427	1133.287109	14.632418
-13.672816	-21.314427	1131.570313	23.406559
-13.672816	-21.314427	1129.855469	19.013515
-13.672816	-21.314427	1128.138672	17.546957
-13.672816	-21.314427	1126.421875	14.619145
-13.672816	-21.314427	1124.703125	21.923742
-13.672816	-21.314427	1122.986328	24.841267
-13.672816	-21.314427	1121.267578	17.531031
-13.672816	-21.314427	1119.548828	18.987637
-13.672816	-21.314427	1117.830078	14.602556
-13.672816	-21.314427	1116.111328	26.278629
-13.672816	-21.314427	1114.392578	21.893881
-13.672816	-21.314427	1112.671875	17.511124
-13.672816	-21.314427	1110.951172	20.424999
-13.672816	-21.314427	1109.230469	20.420355
-13.672816	-21.314427	1107.509766	20.415710
-13.672816	-21.314427	1105.787109	20.411066
-13.672816	-21.314427	1104.066406	18.948820
-13.672816	-21.314427	1102.343750	26.230858
-13.672816	-21.314427	1100.621094	18.940195
-13.672816	-21.314427	1098.896484	18.935883
-13.672816	-21.314427	1097.173828	18.931570
-13.672816	-21.314427	1095.449219	24.751030
-13.672816	-21.314427	1093.724609	17.467335
-13.672816	-21.314427	1092.000000	16.008074
-13.672816	-21.314427	1090.275391	20.369268
-13.672816	-21.314427	1088.550781	18.910009
-13.672816	-21.314427	1086.824219	18.905697
-13.672816	-21.314427	1085.097656	21.809290
-13.672816	-21.314427	1083.371094	20.350695
-13.672816	-21.314427	1081.644531	18.892761
-13.672816	-21.314427	1079.916016	18.888449
-13.672816	-21.314427	1078.189453	13.073634
-13.672816	-21.314427	1076.460938	24.689003
-13.672816	-21.314427	1074.732422	18.875515
-13.672816	-21.314427	1073.001953	17.419571
-13.672816	-21.314427	1071.273438	21.769489
-13.672816	-21.314427	1069.542969	21.764515
-13.672816	-21.314427	1067.812500	18.858269
-13.672816	-21.314427	1066.082031	17.403652
-13.672816	-21.314427	1064.351563	20.299618
-13.672816	-21.314427	1062.619141	17.395693
-13.672816	-21.314427	1060.888672	18.841024
-13.672816	-21.314427	1059.156250	17.387735
-13.672816	-21.314427	1057.421875	15.935109
-13.672816	-21.314427	1055.689453	15.931461
-13.672816	-21.314427	1053.957031	21.719746
-13.672816	-21.314427	1052.222656	20.267120
-13.672816	-21.314427	1050.488281	24.604437
-13.672816	-21.314427	1048.753906	20.257835
-13.672816	-21.314427	1047.019531	18.806538
-13.672816	-21.314427	1045.283203	28.926502
-13.672816	-21.314427	1043.546875	30.365864
-13.672816	-21.314427	1041.810547	23.130592
-13.672816	-21.314427	1040.074219	20.234625
-13.672816	-21.314427	1038.337891	15.894987
-13.672816	-21.314427	1036.599609	24.559345
-13.672816	-21.314427	1034.861328	21.665037
-13.672816	-21.314427	1033.123047	28.880085
-13.672816	-21.314427	1031.384766	25.986109
-13.672816	-21.314427	1029.646484	21.650118
-13.672816	-21.314427	1027.906250	23.088154
-13.672816	-21.314427	1026.167969	20.197495
-13.672816	-21.314427	1024.427734	24.519894
-13.672816	-21.314427	1022.685547	24.514257
-13.672816	-21.314427	1020.945313	25.950306
-13.672816	-21.314427	1019.203125	25.944338
-13.672816	-21.314427	1017.462891	21.615311
-13.672816	-21.314427	1015.720703	24.491716
-13.672816	-21.314427	1013.976563	24.486082
-13.672816	-21.314427	1012.234375	25.920473
-13.672816	-21.314427	1010.490234	25.914507
-13.672816	-21.314427	1008.746094	21.590450
-13.672816	-21.314427	1007.001953	21.585478
-13.672816	-21.314427	1005.257813	21.580507
-13.672816	-21.314427	1003.513672	25.890642
-13.672816	-21.314427	1001.767578	25.884678
-13.672816	-21.314427	1000.021484	23.003300
-13.672816	-21.314427	998.275391	31.622246
-13.672816	-21.314427	996.529297	24.429737
-13.672816	-21.314427	994.781250	27.297527
-13.672816	-21.314427	993.035156	30.163992
-13.672816	-21.314427	991.287109	25.848886
-13.672816	-21.314427	989.539063	34.457230
-13.672816	-21.314427	987.789063	35.884663
-13.672816	-21.314427	986.041016	35.876377
-13.672816	-21.314427	984.291016	31.563923
-13.672816	-21.314427	982.541016	44.466164
-13.672816	-21.314427	980.791016	28.681223
-13.672816	-21.314427	979.041016	37.276974
-13.672816	-21.314427	977.289063	41.568554
-13.672816	-21.314427	975.537109	38.692814
-13.672816	-21.314427	973.785156	38.683868
-13.672816	-21.314427	972.033203	31.512899
-13.672816	-21.314427	970.281250	37.233906
-13.672816	-21.314427	968.527344	42.952259
-13.672816	-21.314427	966.773438	35.785267
-13.672816	-21.314427	965.019531	28.621588
-13.672816	-21.314427	963.265625	31.476460
-13.672816	-21.314427	961.511719	35.760422
-13.672816	-21.314427	959.755859	40.042400
-13.672816	-21.314427	958.000000	25.735580
-13.672816	-21.314427	956.244141	31.447311
-13.672816	-21.314427	954.488281	35.727299
-13.672816	-21.314427	952.730469	38.576542
-13.672816	-21.314427	950.974609	38.567600
-13.672816	-21.314427	949.216797	37.130558
-13.672816	-21.314427	947.458984	39.977482
-13.672816	-21.314427	945.701172	38.540775
-13.672816	-21.314427	943.941406	37.104729
-13.672816	-21.314427	942.181641	44.229988
-13.672816	-21.314427	940.421875	31.381739
-13.672816	-21.314427	938.662109	32.800564
-13.672816	-21.314427	936.902344	35.644508
-13.672816	-21.314427	935.140625	31.359884
-13.672816	-21.314427	933.380859	34.202835
-13.672816	-21.314427	931.619141	25.646168
-13.672816	-21.314427	929.855469	25.640207
-13.672816	-21.314427	928.093750	21.361874
-13.672816	-21.314427	926.330078	19.933113
-13.672816	-21.314427	924.568359	24.198868
-13.672816	-21.314427	922.804688	21.346975
-13.672816	-21.314427	921.039063	19.919210
-13.672816	-21.314427	919.275391	25.604454
-13.672816	-21.314427	917.509766	18.487803
-13.672816	-21.314427	915.744141	19.905308
-13.672816	-21.314427	913.978516	24.165104
-13.672816	-21.314427	912.212891	27.001768
-13.672816	-21.314427	910.447266	14.208147
-13.672816	-21.314427	908.679688	12.784354
-13.672816	-21.314427	906.912109	18.461987
-13.672816	-21.314427	905.144531	22.717150
-13.672816	-21.314427	903.375000	9.936437
-13.672816	-21.314427	901.607422	24.125721
-13.672816	-21.314427	899.837891	25.538925
-13.672816	-21.314427	898.068359	18.440477
-13.672816	-21.314427	896.298828	14.181674
-13.672816	-21.314427	894.529297	19.849710
-13.672816	-21.314427	892.757813	18.427574
-13.672816	-21.314427	890.986328	21.257622
-13.672816	-21.314427	889.214844	15.585283
-13.672816	-21.314427	887.443359	21.247698
-13.672816	-21.314427	885.669922	21.242735
-13.672816	-21.314427	883.898438	31.148733
-13.672816	-21.314427	882.125000	31.141457
-13.672816	-21.314427	880.351563	26.888609
-13.672816	-21.314427	878.578125	31.126904
-13.672816	-21.314427	876.802734	32.534157
-13.672816	-21.314427	875.027344	18.384571
-13.672816	-21.314427	873.251953	16.966404
-13.672816	-21.314427	871.476563	24.030117
-13.672816	-21.314427	869.701172	28.264112
-13.672816	-21.314427	867.923828	22.605999
-13.672816	-21.314427	866.146484	26.838341
-13.672816	-21.314427	864.369141	22.595417
-13.672816	-21.314427	862.591797	21.178246
-13.672816	-21.314427	860.814453	26.819494
-13.672816	-21.314427	859.035156	33.869320
-13.672816	-21.314427	857.255859	23.985149
-13.672816	-21.314427	855.476563	25.390089
-13.672816	-21.314427	853.697266	21.153450
-13.672816	-21.314427	851.916016	23.968290
-13.672816	-21.314427	850.136719	26.781809
-13.672816	-21.314427	848.355469	19.729338
-13.672816	-21.314427	846.574219	22.542526
-13.672816	-21.314427	844.791016	23.945814
-13.672816	-21.314427	843.009766	19.715456
-13.672816	-21.314427	841.226563	19.710829
-13.672816	-21.314427	839.443359	25.336546
-13.672816	-21.314427	837.660156	21.108831
-13.672816	-21.314427	835.875000	15.476175
-13.672816	-21.314427	834.091797	18.285730
-13.672816	-21.314427	832.306641	16.875172
-13.672816	-21.314427	830.521484	16.871206
-13.672816	-21.314427	828.734375	22.489656
-13.672816	-21.314427	826.949219	26.700190
-13.672816	-21.314427	825.162109	23.884027
-13.672816	-21.314427	823.375000	30.901476
-13.672816	-21.314427	821.587891	29.489927
-13.672816	-21.314427	819.800781	26.675087
-13.672816	-21.314427	818.011719	22.457947
-13.672816	-21.314427	816.222656	26.662537
-13.672816	-21.314427	814.433594	25.253302
-13.672816	-21.314427	812.644531	22.442095
-13.672816	-21.314427	810.855469	22.436811
-13.672816	-21.314427	809.064453	23.833500
-13.672816	-21.314427	807.273438	23.827887
-13.672816	-21.314427	805.482422	21.019653
-13.672816	-21.314427	803.691406	22.415682
-13.672816	-21.314427	801.898438	22.410400
-13.672816	-21.314427	800.107422	26.606079
-13.672816	-21.314427	798.314453	33.599754
-13.672816	-21.314427	796.521484	23.794216
-13.672816	-21.314427	794.726563	13.993298
-13.672816	-21.314427	792.933594	19.585997
-13.672816	-21.314427	791.138672	22.378716
-13.672816	-21.314427	789.343750	16.780077
-13.672816	-21.314427	787.546875	30.756214
-13.672816	-21.314427	785.751953	23.760557
-13.672816	-21.314427	783.955078	16.768198
-13.672816	-21.314427	782.158203	23.749338
-13.672816	-21.314427	780.361328	20.950352
-13.672816	-21.314427	778.564453	32.116283
-13.672816	-21.314427	776.765625	18.148394
-13.672816	-21.314427	774.968750	26.518309
-13.672816	-21.314427	773.169922	32.093525
-13.672816	-21.314427	771.369141	29.295858
-13.672816	-21.314427	769.570313	29.288933
-13.672816	-21.314427	767.769531	18.126957
-13.672816	-21.314427	765.970703	25.092928
-13.672816	-21.314427	764.167969	30.661880
-13.672816	-21.314427	762.367188	25.081059
-13.672816	-21.314427	760.566406	23.682062
-13.672816	-21.314427	758.763672	25.069191
-13.672816	-21.314427	756.960938	22.278452
-13.672816	-21.314427	755.158203	34.801842
-13.672816	-21.314427	753.353516	32.010113
-13.672816	-21.314427	751.550781	22.262630
-13.672816	-21.314427	749.746094	25.039528
-13.672816	-21.314427	747.941406	22.252087
-13.672816	-21.314427	746.136719	26.418091
-13.672816	-21.314427	744.330078	23.631638
-13.672816	-21.314427	742.523438	31.964640
-13.672816	-21.314427	740.718750	23.620438
-13.672816	-21.314427	738.910156	22.225729
-13.672816	-21.314427	737.103516	20.831680
-13.672816	-21.314427	735.294922	20.826738
-13.672816	-21.314427	733.488281	27.762398
-13.672816	-21.314427	731.679688	27.755812
-13.672816	-21.314427	729.869141	23.586842
-13.672816	-21.314427	728.060547	26.355509
-13.672816	-21.314427	726.250000	29.122858
-13.672816	-21.314427	724.439453	23.570049
-13.672816	-21.314427	722.628906	27.722887
-13.672816	-21.314427	720.818359	26.330488
-13.672816	-21.314427	719.005859	26.324234
-13.672816	-21.314427	717.195313	23.547667
-13.672816	-21.314427	715.382813	24.926899
-13.672816	-21.314427	713.568359	20.767479
-13.672816	-21.314427	711.755859	30.451731
-13.672816	-21.314427	709.941406	19.373768
-13.672816	-21.314427	708.126953	23.519695
-13.672816	-21.314427	706.312500	16.598190
-13.672816	-21.314427	704.498047	16.594242
-13.672816	-21.314427	702.681641	20.737869
-13.672816	-21.314427	700.867188	16.586348
-13.672816	-21.314427	699.050781	29.019203
-13.672816	-21.314427	697.232422	23.486145
-13.672816	-21.314427	695.416016	20.718136
-13.672816	-21.314427	693.597656	17.951443
-13.672816	-21.314427	691.779297	22.088823
-13.672816	-21.314427	689.960938	19.323118
-13.672816	-21.314427	688.142578	24.838091
-13.672816	-21.314427	686.324219	30.350435
-13.672816	-21.314427	684.503906	23.447021
-13.672816	-21.314427	682.683594	20.683619
-13.672816	-21.314427	680.863281	28.950165
-13.672816	-21.314427	679.041016	24.808514
-13.672816	-21.314427	677.218750	23.424677
-13.672816	-21.314427	675.398438	26.174278
-13.672816	-21.314427	673.576172	19.281712
-13.672816	-21.314427	671.751953	26.161795
-13.672816	-21.314427	669.929688	28.908772
-13.672816	-21.314427	668.105469	24.773035
-13.672816	-21.314427	666.281250	17.887367
-13.672816	-21.314427	664.457031	22.009966
-13.672816	-21.314427	662.630859	24.755302
-13.672816	-21.314427	660.806641	21.999460
-13.672816	-21.314427	658.980469	23.368845
-13.672816	-21.314427	657.154297	24.737576
-13.672816	-21.314427	655.326172	26.105648
-13.672816	-21.314427	653.500000	26.099413
-13.672816	-21.314427	651.671875	37.079777
-13.672816	-21.314427	649.843750	27.459940
-13.672816	-21.314427	648.015625	23.335371
-13.672816	-21.314427	646.185547	34.308521
-13.672816	-21.314427	644.357422	28.812267
-13.672816	-21.314427	642.527344	27.433695
-13.672816	-21.314427	640.697266	28.798491
-13.672816	-21.314427	638.865234	28.791605
-13.672816	-21.314427	637.035156	31.526119
-13.672816	-21.314427	635.203125	37.000069
-13.672816	-21.314427	633.371094	32.881081
-13.672816	-21.314427	631.539063	30.133780
-13.672816	-21.314427	629.705078	31.495958
-13.672816	-21.314427	627.873047	21.904987
-13.672816	-21.314427	626.039063	32.849613
-13.672816	-21.314427	624.203125	36.946968
-13.672816	-21.314427	622.369141	24.625414
-13.672816	-21.314427	620.535156	39.664776
-13.672816	-21.314427	618.699219	30.083313
-13.672816	-21.314427	616.863281	36.911587
-13.672816	-21.314427	615.025391	34.169205
-13.672816	-21.314427	613.189453	49.191868
-13.672816	-21.314427	611.351563	35.518944
-13.672816	-21.314427	609.513672	25.949930
-13.672816	-21.314427	607.675781	24.578251
-13.672816	-21.314427	605.837891	30.032883
-13.672816	-21.314427	603.998047	28.660877
-13.672816	-21.314427	602.158203	23.196098
-13.672816	-21.314427	600.318359	21.826387
-13.672816	-21.314427	598.478516	30.004082
-13.672816	-21.314427	596.636719	27.269896
-13.672816	-21.314427	594.796875	20.447514
-13.672816	-21.314427	592.955078	25.893969
-13.672816	-21.314427	591.111328	27.250267
-13.672816	-21.314427	589.269531	38.141216
-13.672816	-21.314427	587.425781	27.237186
-13.672816	-21.314427	585.583984	25.869114
-13.672816	-21.314427	583.738281	23.140491
-13.672816	-21.314427	581.894531	21.774055
-13.672816	-21.314427	580.050781	24.489929
-13.672816	-21.314427	578.205078	27.204494
-13.672816	-21.314427	576.359375	27.197960
-13.672816	-21.314427	574.513672	21.753139
-13.672816	-21.314427	572.666016	21.747911
-13.672816	-21.314427	570.818359	20.383766
-13.672816	-21.314427	568.970703	27.171824
-13.672816	-21.314427	567.123047	24.448761
-13.672816	-21.314427	565.275391	21.727007
-13.672816	-21.314427	563.425781	23.079395
-13.672816	-21.314427	561.576172	23.073845
-13.672816	-21.314427	559.726563	21.711336
-13.672816	-21.314427	557.876953	24.419378
-13.672816	-21.314427	556.027344	20.344585
-13.672816	-21.314427	554.175781	20.339691
-13.672816	-21.314427	552.324219	18.979143
-13.672816	-21.314427	550.472656	24.395884
-13.672816	-21.314427	548.619141	33.875015
-13.672816	-21.314427	546.767578	33.866859
-13.672816	-21.314427	544.914063	29.795662
-13.672816	-21.314427	543.060547	25.726421
-13.672816	-21.314427	541.205078	33.842403
-13.672816	-21.314427	539.351563	39.247734
-13.672816	-21.314427	537.496094	46.003502
-13.672816	-21.314427	535.640625	40.581547
-13.672816	-21.314427	533.785156	47.333733
-13.672816	-21.314427	531.927734	51.378525
-13.672816	-21.314427	530.070313	56.773109
-13.672816	-21.314427	528.212891	75.679237
-13.672816	-21.314427	526.355469	108.087135
-13.672816	-21.314427	524.498047	182.353073
-13.672816	-21.314427	522.638672	391.626984
-13.672816	-21.314427	520.779297	581.898376
-13.672816	-21.314427	518.919922	431.931763
-13.672816	-21.314427	517.060547	233.456802
-13.672816	-21.314427	515.199219	120.073082
-13.672816	-21.314427	513.339844	90.370293
-13.672816	-21.314427	511.478516	78.212128
-13.672816	-21.314427	509.615234	67.407982
-13.672816	-21.314427	507.753906	57.956879
-13.672816	-21.314427	505.890625	57.942894
-13.672816	-21.314427	504.027344	53.887356
-13.672816	-21.314427	502.164063	53.874352
-13.672816	-21.314427	500.300781	48.475212
-13.672816	-21.314427	498.435547	60.579388
-13.672816	-21.314427	496.570313	52.489460
-13.672816	-21.314427	494.705078	49.785671
-13.672816	-21.314427	492.839844	57.845051
-13.672816	-21.314427	490.972656	47.071808
-13.672816	-21.314427	489.107422	40.337521
-13.672816	-21.314427	487.240234	51.081852
-13.672816	-21.314427	485.371094	40.318035
-13.672816	-21.314427	483.503906	36.277466
-13.672816	-21.314427	481.634766	37.611984
-13.672816	-21.314427	479.765625	42.974739
-13.672816	-21.314427	477.896484	28.195356
-13.672816	-21.314427	476.027344	37.584724
-13.672816	-21.314427	474.156250	33.549675
-13.672816	-21.314427	472.285156	37.566555
-13.672816	-21.314427	470.414063	32.192120
-13.672816	-21.314427	468.542969	32.184338
-13.672816	-21.314427	466.669922	29.495174
-13.672816	-21.314427	464.796875	29.488043
-13.672816	-21.314427	462.923828	30.820951
-13.672816	-21.314427	461.050781	28.134064
-13.672816	-21.314427	459.177734	28.127258
-13.672816	-21.314427	457.302734	32.137661
-13.672816	-21.314427	455.427734	26.774906
-13.672816	-21.314427	453.552734	24.091585
-13.672816	-21.314427	451.675781	30.776243
-13.672816	-21.314427	449.800781	25.417700
-13.672816	-21.314427	447.923828	28.086449
-13.672816	-21.314427	446.046875	22.731146
-13.672816	-21.314427	444.169922	21.388842
-13.672816	-21.314427	442.291016	26.729580
-13.672816	-21.314427	440.412109	29.395420
-13.672816	-21.314427	438.533203	29.388304
-13.672816	-21.314427	436.654297	29.381187
-13.672816	-21.314427	434.773438	22.698147
-13.672816	-21.314427	432.894531	29.366961
-13.672816	-21.314427	431.013672	24.021694
-13.672816	-21.314427	429.130859	20.013229
-13.672816	-21.314427	427.250000	22.676167
-13.672816	-21.314427	425.367188	25.337811
-13.672816	-21.314427	423.484375	29.331411
-13.672816	-21.314427	421.601563	29.324305
-13.672816	-21.314427	419.718750	25.319399
-13.672816	-21.314427	417.833984	22.648710
-13.672816	-21.314427	415.949219	19.979313
-13.672816	-21.314427	414.064453	23.969366
-13.672816	-21.314427	412.179688	26.626173
-13.672816	-21.314427	410.294922	25.288734
-13.672816	-21.314427	408.408203	30.605257
-13.672816	-21.314427	406.521484	39.910225
-13.672816	-21.314427	404.634766	27.930384
-13.672816	-21.314427	402.746094	34.572090
-13.672816	-21.314427	400.857422	58.492432
-13.672816	-21.314427	398.968750	55.820145
-13.672816	-21.314427	397.080078	70.422623
-13.672816	-21.314427	395.191406	69.077141
-13.672816	-21.314427	393.300781	65.076134
-13.672816	-21.314427	391.410156	65.060349
-13.672816	-21.314427	389.519531	53.097610
-13.672816	-21.314427	387.628906	51.757610
-13.672816	-21.314427	385.736328	47.764668
-13.672816	-21.314427	383.843750	46.426605
-13.672816	-21.314427	381.951172	46.415340
-13.672816	-21.314427	380.058594	47.729912
-13.672816	-21.314427	378.164063	45.067310
-13.672816	-21.314427	376.271484	60.958626
-13.672816	-21.314427	374.376953	63.593563
-13.672816	-21.314427	372.480469	59.604496
-13.672816	-21.314427	370.585938	51.644695
-13.672816	-21.314427	368.689453	42.364849
-13.672816	-21.314427	366.792969	43.678146
-13.672816	-21.314427	364.896484	44.990803
-13.672816	-21.314427	363.000000	46.302818
-13.672816	-21.314427	361.101563	54.227280
-13.672816	-21.314427	359.203125	55.536407
-13.672816	-21.314427	357.304688	42.303181
-13.672816	-21.314427	355.406250	40.971256
-13.672816	-21.314427	353.505859	51.531971
-13.672816	-21.314427	351.605469	44.914398
-13.672816	-21.314427	349.705078	40.941418
-13.672816	-21.314427	347.804688	43.572216
-13.672816	-21.314427	345.902344	42.241585
-13.672816	-21.314427	344.001953	34.312954
-13.672816	-21.314427	342.099609	43.540478
-13.672816	-21.314427	340.195313	36.934464
-13.672816	-21.314427	338.292969	38.244259
-13.672816	-21.314427	336.388672	32.961182
-13.672816	-21.314427	334.484375	46.134445
-13.672816	-21.314427	332.580078	34.262978
-13.672816	-21.314427	330.675781	36.889626
-13.672816	-21.314427	328.769531	34.246330
-13.672816	-21.314427	326.863281	32.921165
-13.672816	-21.314427	324.957031	30.280113
-13.672816	-21.314427	323.048828	30.272757
-13.672816	-21.314427	321.142578	23.685966
-13.672816	-21.314427	319.234375	32.889183
-13.672816	-21.314427	317.326172	34.196438
-13.672816	-21.314427	315.417969	34.188126
-13.672816	-21.314427	313.507813	30.235994
-13.672816	-21.314427	311.597656	30.228647
-13.672816	-21.314427	309.687500	27.593361
-13.672816	-21.314427	307.777344	28.900305
-13.672816	-21.314427	305.865234	35.459938
-13.672816	-21.314427	303.955078	30.199272
-13.672816	-21.314427	302.042969	34.130009
-13.672816	-21.314427	300.128906	24.935099
-13.672816	-21.314427	298.216797	32.801365
-13.672816	-21.314427	296.302734	27.546450
-13.672816	-21.314427	294.388672	34.096840
-13.672816	-21.314427	292.474609	35.399651
-13.672816	-21.314427	290.560547	38.012604
-13.672816	-21.314427	288.644531	41.934746
-13.672816	-21.314427	286.728516	45.854977
-13.672816	-21.314427	284.812500	51.083126
-13.672816	-21.314427	282.896484	47.142193
-13.672816	-21.314427	280.978516	53.676666
-13.672816	-21.314427	279.060547	37.957191
-13.672816	-21.314427	277.142578	62.810425
-13.672816	-21.314427	275.224609	60.178688
-13.672816	-21.314427	273.304688	71.935287
-13.672816	-21.314427	271.384766	58.841835
-13.672816	-21.314427	269.464844	81.051262
-13.672816	-21.314427	267.544922	86.259399
-13.672816	-21.314427	265.623047	118.904495
-13.672816	-21.314427	263.703125	188.110825
-13.672816	-21.314427	261.781250	269.037567
-13.672816	-21.314427	259.857422	263.749390
-13.672816	-21.314427	257.935547	211.470352
-13.672816	-21.314427	256.011719	191.843109
-13.672816	-21.314427	254.087891	243.985977
-13.672816	-21.314427	252.164063	593.511353
-13.672816	-21.314427	250.240234	1665.340088
-13.672816	-21.314427	248.314453	1511.088379
-13.672816	-21.314427	246.388672	664.769348
-13.672816	-21.314427	244.462891	347.941711
-13.672816	-21.314427	242.535156	208.453690
-13.672816	-21.314427	240.609375	181.050110
-13.672816	-21.314427	238.681641	130.220215
-13.672816	-21.314427	236.753906	114.565926
-13.672816	-21.314427	234.824219	108.030220
-13.672816	-21.314427	232.896484	93.690178
-13.672816	-21.314427	230.966797	71.551483
-13.672816	-21.314427	229.037109	67.632233
-13.672816	-21.314427	227.107422	78.018211
-13.672816	-21.314427	225.175781	68.899330
-13.672816	-21.314427	223.244141	64.983566
-13.672816	-21.314427	221.312500	75.362610
-13.672816	-21.314427	219.380859	83.138527
-13.672816	-21.314427	217.447266	74.027245
-13.672816	-21.314427	215.515625	55.831539
-13.672816	-21.314427	213.582031	62.308426
-13.672816	-21.314427	211.646484	68.782166
-13.672816	-21.314427	209.712891	57.088291
-13.672816	-21.314427	207.777344	54.480122
-13.672816	-21.314427	205.841797	49.279556
-13.672816	-21.314427	203.906250	32.412880
-13.672816	-21.314427	201.968750	34.997398
-13.672816	-21.314427	200.033203	32.397121
-13.672816	-21.314427	198.095703	32.389248
-13.672816	-21.314427	196.158203	24.609844
-13.672816	-21.314427	194.218750	24.603861
-13.672816	-21.314427	192.281250	22.008631
-13.672816	-21.314427	190.341797	27.180525
-13.672816	-21.314427	188.402344	24.585926
-13.672816	-21.314427	186.460938	25.873631
-13.672816	-21.314427	184.521484	29.747444
-13.672816	-21.314427	182.580078	24.568003
-13.672816	-21.314427	180.638672	25.854771
-13.672816	-21.314427	178.695313	19.386366
-13.672816	-21.314427	176.753906	23.257986
-13.672816	-21.314427	174.810547	25.835926
-13.672816	-21.314427	172.867188	19.372236
-13.672816	-21.314427	170.921875	20.658699
-13.672816	-21.314427	168.978516	24.526243
-13.672816	-21.314427	167.033203	19.358118
-13.672816	-21.314427	165.087891	28.385010
-13.672816	-21.314427	163.142578	25.798285
-13.672816	-21.314427	161.195313	28.371220
-13.672816	-21.314427	159.248047	29.653614
-13.672816	-21.314427	157.300781	29.646410
-13.672816	-21.314427	155.353516	29.639210
-13.672816	-21.314427	153.406250	27.055313
-13.672816	-21.314427	151.457031	36.064987
-13.672816	-21.314427	149.507813	34.768505
-13.672816	-21.314427	147.558594	39.909702
-13.672816	-21.314427	145.607422	39.900009
-13.672816	-21.314427	143.658203	50.184597
-13.672816	-21.314427	141.707031	48.885937
-13.672816	-21.314427	139.753906	48.874065
-13.672816	-21.314427	137.802734	48.862198
-13.672816	-21.314427	135.849609	61.705685
-13.672816	-21.314427	133.896484	50.123699
-13.672816	-21.314427	131.943359	47.541706
-13.672816	-21.314427	129.990234	46.245567
-13.672816	-21.314427	128.035156	46.234341
-13.672816	-21.314427	126.080078	53.926971
-13.672816	-21.314427	124.125000	41.077244
-13.672816	-21.314427	122.169922	48.767387
-13.672816	-21.314427	120.212891	52.604675
-13.672816	-21.314427	118.255859	50.026447
-13.672816	-21.314427	116.298828	47.449474
-13.672816	-21.314427	114.341797	44.873745
-13.672816	-21.314427	112.382813	32.044899
-13.672816	-21.314427	110.423828	37.163063
-13.672816	-21.314427	108.464844	23.061132
-13.672816	-21.314427	106.505859	17.932085
-13.672816	-21.314427	104.544922	12.805526
-13.672816	-21.314427	102.585938	14.082662
-13.672816	-21.314427	100.625000	8.959520
-13.672816	-21.314427	98.662109	5.118484
-13.672816	-21.314427	96.701172	6.396554
-13.672816	-21.314427	94.738281	2.558001
-13.672816	-21.314427	92.775391	1.278690
-13.672816	-21.314427	90.812500	0.000000
-13.672816	-21.314427	88.847656	0.000000
-13.672816	-21.314427	86.882813	1.277761
-13.672816	-21.314427	84.917969	0.000000
-13.672816	-21.314427	82.953125	1.277141
-13.672816	-21.314427	80.988281	1.276832
-13.672816	-21.314427	79.021484	3.829567
-13.672816	-21.314427	77.054688	2.552426
-13.672816	-21.314427	75.087891	2.551808
-13.672816	-21.314427	73.119141	0.000000
-13.672816	-21.314427	71.152344	2.550571
-13.672816	-21.314427	69.183594	1.274977
-13.672816	-21.314427	67.212891	0.000000
-13.672816	-21.314427	65.244141	2.548719
-13.672816	-21.314427	63.273438	1.274051
-13.672816	-21.314427	61.302734	1.273742
-13.672816	-21.314427	59.332031	0.000000
-22.672816	-18.314427	1838.626953	20.892931
-22.672816	-18.314427	1837.066406	20.892931
-22.672816	-18.314427	1835.503906	19.281679
-22.672816	-18.314427	1833.941406	19.277576
-22.672816	-18.314427	1832.378906	20.879597
-22.672816	-18.314427	1830.816406	17.663591
-22.672816	-18.314427	1829.251953	24.081591
-22.672816	-18.314427	1827.687500	24.076466
-22.672816	-18.314427	1826.125000	27.280853
-22.672816	-18.314427	1824.560547	22.461803
-22.672816	-18.314427	1822.994141	20.852951
-22.672816	-18.314427	1821.429688	22.452244
-22.672816	-18.314427	1819.865234	17.637295
-22.672816	-18.314427	1818.298828	16.030491
-22.672816	-18.314427	1816.732422	28.848743
-22.672816	-18.314427	1815.166016	30.444969
-22.672816	-18.314427	1813.599609	19.224310
-22.672816	-18.314427	1812.033203	20.821901
-22.672816	-18.314427	1810.464844	20.817469
-22.672816	-18.314427	1808.896484	17.611032
-22.672816	-18.314427	1807.330078	19.207945
-22.672816	-18.314427	1805.759766	22.404499
-22.672816	-18.314427	1804.191406	20.799747
-22.672816	-18.314427	1802.623047	27.193880
-22.672816	-18.314427	1801.052734	25.588791
-22.672816	-18.314427	1799.484375	20.786465
-22.672816	-18.314427	1797.914063	17.584803
-22.672816	-18.314427	1796.343750	22.375893
-22.672816	-18.314427	1794.771484	25.567003
-22.672816	-18.314427	1793.201172	22.366364
-22.672816	-18.314427	1791.628906	22.361601
-22.672816	-18.314427	1790.058594	11.178419
-22.672816	-18.314427	1788.486328	22.352077
-22.672816	-18.314427	1786.914063	17.558605
-22.672816	-18.314427	1785.339844	25.534349
-22.672816	-18.314427	1783.767578	15.955569
-22.672816	-18.314427	1782.193359	20.737822
-22.672816	-18.314427	1780.621094	25.518036
-22.672816	-18.314427	1779.046875	17.539913
-22.672816	-18.314427	1777.470703	17.536175
-22.672816	-18.314427	1775.896484	22.314014
-22.672816	-18.314427	1774.322266	20.715740
-22.672816	-18.314427	1772.746094	23.897684
-22.672816	-18.314427	1771.169922	30.263950
-22.672816	-18.314427	1769.593750	22.295000
-22.672816	-18.314427	1768.017578	17.513767
-22.672816	-18.314427	1766.441406	23.877321
-22.672816	-18.314427	1764.863281	22.280748
-22.672816	-18.314427	1763.287109	20.684858
-22.672816	-18.314427	1761.708984	23.862055
-22.672816	-18.314427	1760.130859	19.085575
-22.672816	-18.314427	1758.552734	20.671633
-22.672816	-18.314427	1756.972656	23.846798
-22.672816	-18.314427	1755.394531	20.662819
-22.672816	-18.314427	1753.814453	22.247522
-22.672816	-18.314427	1752.234375	23.831547
-22.672816	-18.314427	1750.654297	17.472742
-22.672816	-18.314427	1749.074219	30.173754
-22.672816	-18.314427	1747.492188	22.228550
-22.672816	-18.314427	1745.912109	23.811224
-22.672816	-18.314427	1744.330078	14.283688
-22.672816	-18.314427	1742.748047	19.040854
-22.672816	-18.314427	1741.166016	20.623192
-22.672816	-18.314427	1739.583984	25.376974
-22.672816	-18.314427	1738.000000	20.614391
-22.672816	-18.314427	1736.417969	20.609993
-22.672816	-18.314427	1734.833984	26.945780
-22.672816	-18.314427	1733.250000	15.847075
-22.672816	-18.314427	1731.666016	17.428062
-22.672816	-18.314427	1730.082031	19.008375
-22.672816	-18.314427	1728.496094	26.922783
-22.672816	-18.314427	1726.912109	22.166971
-22.672816	-18.314427	1725.326172	15.830171
-22.672816	-18.314427	1723.740234	18.992149
-22.672816	-18.314427	1722.154297	23.735117
-22.672816	-18.314427	1720.566406	22.148046
-22.672816	-18.314427	1718.980469	17.398319
-22.672816	-18.314427	1717.392578	18.975931
-22.672816	-18.314427	1715.804688	22.133858
-22.672816	-18.314427	1714.216797	28.451740
-22.672816	-18.314427	1712.628906	17.383461
-22.672816	-18.314427	1711.041016	30.019562
-22.672816	-18.314427	1709.451172	18.955673
-22.672816	-18.314427	1707.861328	23.689528
-22.672816	-18.314427	1706.271484	20.526537
-22.672816	-18.314427	1704.681641	17.364897
-22.672816	-18.314427	1703.091797	18.939476
-22.672816	-18.314427	1701.501953	20.513380
-22.672816	-18.314427	1699.910156	15.776150
-22.672816	-18.314427	1698.318359	17.350056
-22.672816	-18.314427	1696.726563	12.615524
-22.672816	-18.314427	1695.134766	23.649050
-22.672816	-18.314427	1693.542969	17.338928
-22.672816	-18.314427	1691.949219	25.214867
-22.672816	-18.314427	1690.357422	26.785065
-22.672816	-18.314427	1688.763672	22.053572
-22.672816	-18.314427	1687.169922	18.899017
-22.672816	-18.314427	1685.576172	23.618717
-22.672816	-18.314427	1683.982422	20.465176
-22.672816	-18.314427	1682.386719	23.608612
-22.672816	-18.314427	1680.791016	28.324272
-22.672816	-18.314427	1679.195313	26.744976
-22.672816	-18.314427	1677.599609	20.447662
-22.672816	-18.314427	1676.003906	17.298164
-22.672816	-18.314427	1674.408203	25.155581
-22.672816	-18.314427	1672.810547	15.718872
-22.672816	-18.314427	1671.214844	20.430159
-22.672816	-18.314427	1669.617188	15.712141
-22.672816	-18.314427	1668.019531	23.563164
-22.672816	-18.314427	1666.419922	20.417036
-22.672816	-18.314427	1664.822266	25.123276
-22.672816	-18.314427	1663.222656	14.128816
-22.672816	-18.314427	1661.623047	20.403917
-22.672816	-18.314427	1660.023438	26.676329
-22.672816	-18.314427	1658.423828	21.964033
-22.672816	-18.314427	1656.824219	25.096373
-22.672816	-18.314427	1655.222656	25.090994
-22.672816	-18.314427	1653.623047	21.949913
-22.672816	-18.314427	1652.021484	10.972604
-22.672816	-18.314427	1650.419922	15.671787
-22.672816	-18.314427	1648.818359	26.636326
-22.672816	-18.314427	1647.214844	31.330133
-22.672816	-18.314427	1645.613281	23.492559
-22.672816	-18.314427	1644.009766	17.224182
-22.672816	-18.314427	1642.406250	21.916983
-22.672816	-18.314427	1640.802734	21.912281
-22.672816	-18.314427	1639.199219	20.342752
-22.672816	-18.314427	1637.593750	20.338387
-22.672816	-18.314427	1635.990234	14.077399
-22.672816	-18.314427	1634.384766	21.893476
-22.672816	-18.314427	1632.779297	28.142714
-22.672816	-18.314427	1631.173828	18.757780
-22.672816	-18.314427	1629.568359	17.190939
-22.672816	-18.314427	1627.960938	24.999634
-22.672816	-18.314427	1626.353516	20.307840
-22.672816	-18.314427	1624.748047	12.494448
-22.672816	-18.314427	1623.140625	21.860586
-22.672816	-18.314427	1621.531250	26.539295
-22.672816	-18.314427	1619.923828	23.411993
-22.672816	-18.314427	1618.314453	23.406961
-22.672816	-18.314427	1616.707031	18.721544
-22.672816	-18.314427	1615.097656	24.956694
-22.672816	-18.314427	1613.488281	15.594581
-22.672816	-18.314427	1611.878906	24.945965
-22.672816	-18.314427	1610.267578	21.823025
-22.672816	-18.314427	1608.656250	20.259880
-22.672816	-18.314427	1607.046875	21.813639
-22.672816	-18.314427	1605.435547	18.693382
-22.672816	-18.314427	1603.824219	17.131914
-22.672816	-18.314427	1602.210938	21.799562
-22.672816	-18.314427	1600.599609	23.351648
-22.672816	-18.314427	1598.986328	18.677298
-22.672816	-18.314427	1597.373047	20.229383
-22.672816	-18.314427	1595.759766	20.225029
-22.672816	-18.314427	1594.146484	20.220675
-22.672816	-18.314427	1592.533203	23.326523
-22.672816	-18.314427	1590.917969	23.321499
-22.672816	-18.314427	1589.302734	23.316475
-22.672816	-18.314427	1587.687500	20.203259
-22.672816	-18.314427	1586.072266	20.198906
-22.672816	-18.314427	1584.457031	17.087700
-22.672816	-18.314427	1582.839844	23.296387
-22.672816	-18.314427	1581.224609	10.869304
-22.672816	-18.314427	1579.607422	23.286345
-22.672816	-18.314427	1577.990234	15.520883
-22.672816	-18.314427	1576.373047	23.276304
-22.672816	-18.314427	1574.755859	18.617027
-22.672816	-18.314427	1573.136719	18.613012
-22.672816	-18.314427	1571.517578	23.261246
-22.672816	-18.314427	1569.898438	21.705812
-22.672816	-18.314427	1568.279297	24.801289
-22.672816	-18.314427	1566.660156	20.146698
-22.672816	-18.314427	1565.041016	20.142351
-22.672816	-18.314427	1563.419922	23.236156
-22.672816	-18.314427	1561.798828	20.133654
-22.672816	-18.314427	1560.177734	18.580898
-22.672816	-18.314427	1558.556641	18.576885
-22.672816	-18.314427	1556.935547	17.025135
-22.672816	-18.314427	1555.312500	17.021456
-22.672816	-18.314427	1553.691406	20.111919
-22.672816	-18.314427	1552.068359	29.387993
-22.672816	-18.314427	1550.445313	18.556826
-22.672816	-18.314427	1548.822266	20.098883
-22.672816	-18.314427	1547.197266	27.823208
-22.672816	-18.314427	1545.574219	18.544794
-22.672816	-18.314427	1543.949219	12.360522
-22.672816	-18.314427	1542.324219	15.447311
-22.672816	-18.314427	1540.699219	13.899573
-22.672816	-18.314427	1539.072266	18.528755
-22.672816	-18.314427	1537.447266	15.437288
-22.672816	-18.314427	1535.820313	18.520737
-22.672816	-18.314427	1534.193359	24.688971
-22.672816	-18.314427	1532.566406	21.598173
-22.672816	-18.314427	1530.939453	24.678282
-22.672816	-18.314427	1529.312500	13.878528
-22.672816	-18.314427	1527.683594	20.042421
-22.672816	-18.314427	1526.056641	21.579470
-22.672816	-18.314427	1524.427734	20.033739
-22.672816	-18.314427	1522.798828	26.192289
-22.672816	-18.314427	1521.167969	21.565447
-22.672816	-18.314427	1519.539063	13.860497
-22.672816	-18.314427	1517.908203	21.556099
-22.672816	-18.314427	1516.277344	21.551424
-22.672816	-18.314427	1514.646484	26.163912
-22.672816	-18.314427	1513.015625	32.313118
-22.672816	-18.314427	1511.384766	10.768703
-22.672816	-18.314427	1509.751953	27.684942
-22.672816	-18.314427	1508.121094	18.452623
-22.672816	-18.314427	1506.488281	21.523390
-22.672816	-18.314427	1504.855469	18.444614
-22.672816	-18.314427	1503.220703	21.514046
-22.672816	-18.314427	1501.587891	13.827456
-22.672816	-18.314427	1499.953125	16.896553
-22.672816	-18.314427	1498.318359	19.964317
-22.672816	-18.314427	1496.683594	18.424597
-22.672816	-18.314427	1495.048828	19.955645
-22.672816	-18.314427	1493.414063	13.812444
-22.672816	-18.314427	1491.777344	13.809442
-22.672816	-18.314427	1490.140625	15.340488
-22.672816	-18.314427	1488.505859	23.005732
-22.672816	-18.314427	1486.867188	19.933964
-22.672816	-18.314427	1485.230469	22.995726
-22.672816	-18.314427	1483.593750	24.523439
-22.672816	-18.314427	1481.955078	18.388578
-22.672816	-18.314427	1480.316406	24.512770
-22.672816	-18.314427	1478.677734	19.912291
-22.672816	-18.314427	1477.039063	30.627626
-22.672816	-18.314427	1475.400391	9.186288
-22.672816	-18.314427	1473.759766	21.430004
-22.672816	-18.314427	1472.119141	18.364574
-22.672816	-18.314427	1470.478516	21.420671
-22.672816	-18.314427	1468.837891	15.297146
-22.672816	-18.314427	1467.197266	19.881956
-22.672816	-18.314427	1465.556641	16.819529
-22.672816	-18.314427	1463.914063	21.402006
-22.672816	-18.314427	1462.271484	21.397341
-22.672816	-18.314427	1460.628906	16.808531
-22.672816	-18.314427	1458.986328	24.443441
-22.672816	-18.314427	1457.343750	24.438110
-22.672816	-18.314427	1455.699219	18.324585
-22.672816	-18.314427	1454.054688	21.374018
-22.672816	-18.314427	1452.410156	18.316587
-22.672816	-18.314427	1450.765625	15.260492
-22.672816	-18.314427	1449.121094	15.257160
-22.672816	-18.314427	1447.474609	16.779213
-22.672816	-18.314427	1445.830078	22.875748
-22.672816	-18.314427	1444.183594	21.346035
-22.672816	-18.314427	1442.537109	22.865755
-22.672816	-18.314427	1440.890625	18.288607
-22.672816	-18.314427	1439.242188	18.284611
-22.672816	-18.314427	1437.595703	18.280615
-22.672816	-18.314427	1435.947266	16.753567
-22.672816	-18.314427	1434.298828	19.795341
-22.672816	-18.314427	1432.650391	25.880554
-22.672816	-18.314427	1431.000000	18.264631
-22.672816	-18.314427	1429.351563	22.825794
-22.672816	-18.314427	1427.701172	13.692479
-22.672816	-18.314427	1426.050781	27.378965
-22.672816	-18.314427	1424.400391	24.331532
-22.672816	-18.314427	1422.750000	18.244654
-22.672816	-18.314427	1421.097656	21.280769
-22.672816	-18.314427	1419.447266	7.598610
-22.672816	-18.314427	1417.794922	21.271448
-22.672816	-18.314427	1416.142578	25.823957
-22.672816	-18.314427	1414.490234	19.743404
-22.672816	-18.314427	1412.835938	19.739077
-22.672816	-18.314427	1411.183594	15.180577
-22.672816	-18.314427	1409.529297	24.283598
-22.672816	-18.314427	1407.875000	22.760881
-22.672816	-18.314427	1406.220703	22.755890
-22.672816	-18.314427	1404.566406	22.750898
-22.672816	-18.314427	1402.910156	19.713120
-22.672816	-18.314427	1401.255859	24.256975
-22.672816	-18.314427	1399.599609	19.704466
-22.672816	-18.314427	1397.943359	22.730932
-22.672816	-18.314427	1396.287109	22.725941
-22.672816	-18.314427	1394.628906	24.235680
-22.672816	-18.314427	1392.970703	21.201563
-22.672816	-18.314427	1391.314453	19.682840
-22.672816	-18.314427	1389.656250	25.733442
-22.672816	-18.314427	1387.998047	15.133992
-22.672816	-18.314427	1386.337891	24.209064
-22.672816	-18.314427	1384.679688	19.665541
-22.672816	-18.314427	1383.019531	21.173616
-22.672816	-18.314427	1381.359375	13.608618
-22.672816	-18.314427	1379.699219	25.699511
-22.672816	-18.314427	1378.039063	22.671049
-22.672816	-18.314427	1376.376953	21.154989
-22.672816	-18.314427	1374.716797	18.128857
-22.672816	-18.314427	1373.054688	16.614460
-22.672816	-18.314427	1371.392578	31.711533
-22.672816	-18.314427	1369.728516	19.626625
-22.672816	-18.314427	1368.066406	18.112894
-22.672816	-18.314427	1366.402344	18.108902
-22.672816	-18.314427	1364.740234	28.666111
-22.672816	-18.314427	1363.076172	22.626152
-22.672816	-18.314427	1361.412109	19.605009
-22.672816	-18.314427	1359.746094	19.600687
-22.672816	-18.314427	1358.082031	25.626015
-22.672816	-18.314427	1356.416016	21.099121
-22.672816	-18.314427	1354.750000	21.094465
-22.672816	-18.314427	1353.083984	21.089811
-22.672816	-18.314427	1351.417969	27.109488
-22.672816	-18.314427	1349.750000	19.574751
-22.672816	-18.314427	1348.083984	19.570429
-22.672816	-18.314427	1346.416016	24.081364
-22.672816	-18.314427	1344.748047	18.057034
-22.672816	-18.314427	1343.078125	19.557465
-22.672816	-18.314427	1341.410156	18.049055
-22.672816	-18.314427	1339.740234	15.037555
-22.672816	-18.314427	1338.072266	22.551346
-22.672816	-18.314427	1336.402344	15.030907
-22.672816	-18.314427	1334.730469	13.524824
-22.672816	-18.314427	1333.060547	16.526684
-22.672816	-18.314427	1331.388672	7.510467
-22.672816	-18.314427	1329.718750	21.024654
-22.672816	-18.314427	1328.046875	22.521431
-22.672816	-18.314427	1326.375000	19.514252
-22.672816	-18.314427	1324.701172	24.012224
-22.672816	-18.314427	1323.029297	16.504747
-22.672816	-18.314427	1321.355469	24.001589
-22.672816	-18.314427	1319.681641	16.497437
-22.672816	-18.314427	1318.007813	25.490389
-22.672816	-18.314427	1316.333984	16.490126
-22.672816	-18.314427	1314.660156	20.982780
-22.672816	-18.314427	1312.984375	19.479691
-22.672816	-18.314427	1311.308594	16.479158
-22.672816	-18.314427	1309.632813	20.968822
-22.672816	-18.314427	1307.957031	19.466730
-22.672816	-18.314427	1306.279297	16.468193
-22.672816	-18.314427	1304.603516	20.954866
-22.672816	-18.314427	1302.925781	17.957327
-22.672816	-18.314427	1301.248047	19.449451
-22.672816	-18.314427	1299.570313	25.428249
-22.672816	-18.314427	1297.892578	14.954472
-22.672816	-18.314427	1296.212891	20.931608
-22.672816	-18.314427	1294.533203	22.421740
-22.672816	-18.314427	1292.853516	16.438955
-22.672816	-18.314427	1291.173828	16.435301
-22.672816	-18.314427	1289.494141	16.431646
-22.672816	-18.314427	1287.812500	19.414900
-22.672816	-18.314427	1286.132813	26.876188
-22.672816	-18.314427	1284.451172	20.899052
-22.672816	-18.314427	1282.769531	13.432115
-22.672816	-18.314427	1281.085938	19.397625
-22.672816	-18.314427	1279.404297	22.376892
-22.672816	-18.314427	1277.720703	20.880447
-22.672816	-18.314427	1276.039063	23.858055
-22.672816	-18.314427	1274.355469	20.871147
-22.672816	-18.314427	1272.669922	14.904641
-22.672816	-18.314427	1270.986328	20.861847
-22.672816	-18.314427	1269.300781	17.877598
-22.672816	-18.314427	1267.615234	20.852547
-22.672816	-18.314427	1265.929688	20.847897
-22.672816	-18.314427	1264.244141	14.888033
-22.672816	-18.314427	1262.558594	25.304010
-22.672816	-18.314427	1260.871094	19.345808
-22.672816	-18.314427	1259.185547	19.341490
-22.672816	-18.314427	1257.498047	19.337172
-22.672816	-18.314427	1255.808594	22.307140
-22.672816	-18.314427	1254.121094	20.815348
-22.672816	-18.314427	1252.433594	23.783655
-22.672816	-18.314427	1250.744141	17.833755
-22.672816	-18.314427	1249.054688	19.315586
-22.672816	-18.314427	1247.365234	13.369340
-22.672816	-18.314427	1245.673828	26.732702
-22.672816	-18.314427	1243.984375	25.241907
-22.672816	-18.314427	1242.292969	17.813831
-22.672816	-18.314427	1240.601563	16.325693
-22.672816	-18.314427	1238.910156	16.322041
-22.672816	-18.314427	1237.218750	11.867918
-22.672816	-18.314427	1235.525391	17.797892
-22.672816	-18.314427	1233.833984	17.793907
-22.672816	-18.314427	1232.140625	19.272417
-22.672816	-18.314427	1230.447266	13.339454
-22.672816	-18.314427	1228.753906	14.818295
-22.672816	-18.314427	1227.058594	16.296473
-22.672816	-18.314427	1225.365234	17.773985
-22.672816	-18.314427	1223.669922	17.770000
-22.672816	-18.314427	1221.974609	32.571030
-22.672816	-18.314427	1220.277344	20.722370
-22.672816	-18.314427	1218.582031	22.197559
-22.672816	-18.314427	1216.884766	17.754065
-22.672816	-18.314427	1215.189453	14.791733
-22.672816	-18.314427	1213.492188	22.182619
-22.672816	-18.314427	1211.792969	14.785093
-22.672816	-18.314427	1210.095703	20.694483
-22.672816	-18.314427	1208.396484	19.211988
-22.672816	-18.314427	1206.699219	16.252647
-22.672816	-18.314427	1205.000000	19.203358
-22.672816	-18.314427	1203.298828	23.629591
-22.672816	-18.314427	1201.599609	23.624279
-22.672816	-18.314427	1199.900391	19.190411
-22.672816	-18.314427	1198.199219	19.186094
-22.672816	-18.314427	1196.498047	13.279694
-22.672816	-18.314427	1194.796875	17.702274
-22.672816	-18.314427	1193.093750	19.173149
-22.672816	-18.314427	1191.392578	17.694307
-22.672816	-18.314427	1189.689453	17.690325
-22.672816	-18.314427	1187.986328	19.160204
-22.672816	-18.314427	1186.283203	17.682358
-22.672816	-18.314427	1184.580078	20.624771
-22.672816	-18.314427	1182.875000	19.147257
-22.672816	-18.314427	1181.169922	20.615477
-22.672816	-18.314427	1179.464844	19.138628
-22.672816	-18.314427	1177.759766	20.606182
-22.672816	-18.314427	1176.054688	17.658459
-22.672816	-18.314427	1174.347656	17.654476
-22.672816	-18.314427	1172.642578	14.708745
-22.672816	-18.314427	1170.935547	20.587597
-22.672816	-18.314427	1169.228516	24.993582
-22.672816	-18.314427	1167.519531	24.987940
-22.672816	-18.314427	1165.812500	16.165016
-22.672816	-18.314427	1164.103516	20.569010
-22.672816	-18.314427	1162.394531	22.033247
-22.672816	-18.314427	1160.685547	16.154064
-22.672816	-18.314427	1158.976563	20.555071
-22.672816	-18.314427	1157.265625	22.018312
-22.672816	-18.314427	1155.556641	23.480890
-22.672816	-18.314427	1153.845703	20.541134
-22.672816	-18.314427	1152.134766	22.003380
-22.672816	-18.314427	1150.423828	23.464962
-22.672816	-18.314427	1148.710938	20.527195
-22.672816	-18.314427	1146.998047	17.590757
-22.672816	-18.314427	1145.287109	14.655645
-22.672816	-18.314427	1143.572266	26.374189
-22.672816	-18.314427	1141.859375	27.833117
-22.672816	-18.314427	1140.146484	26.362244
-22.672816	-18.314427	1138.431641	16.106609
-22.672816	-18.314427	1136.716797	23.422487
-22.672816	-18.314427	1135.001953	17.562883
-22.672816	-18.314427	1133.287109	20.485384
-22.672816	-18.314427	1131.570313	19.017830
-22.672816	-18.314427	1129.855469	14.625781
-22.672816	-18.314427	1128.138672	14.622463
-22.672816	-18.314427	1126.421875	19.004889
-22.672816	-18.314427	1124.703125	20.462158
-22.672816	-18.314427	1122.986328	13.151258
-22.672816	-18.314427	1121.267578	23.374706
-22.672816	-18.314427	1119.548828	16.066462
-22.672816	-18.314427	1117.830078	17.523067
-22.672816	-18.314427	1116.111328	30.658401
-22.672816	-18.314427	1114.392578	18.974697
-22.672816	-18.314427	1112.671875	16.051863
-22.672816	-18.314427	1110.951172	21.883928
-22.672816	-18.314427	1109.230469	11.668775
-22.672816	-18.314427	1107.509766	17.499180
-22.672816	-18.314427	1105.787109	18.953133
-22.672816	-18.314427	1104.066406	16.033617
-22.672816	-18.314427	1102.343750	23.316317
-22.672816	-18.314427	1100.621094	24.767948
-22.672816	-18.314427	1098.896484	26.218914
-22.672816	-18.314427	1097.173828	18.931570
-22.672816	-18.314427	1095.449219	20.383202
-22.672816	-18.314427	1093.724609	20.378557
-22.672816	-18.314427	1092.000000	18.918633
-22.672816	-18.314427	1090.275391	11.639583
-22.672816	-18.314427	1088.550781	14.546161
-22.672816	-18.314427	1086.824219	21.814266
-22.672816	-18.314427	1085.097656	20.355337
-22.672816	-18.314427	1083.371094	17.443453
-22.672816	-18.314427	1081.644531	20.346050
-22.672816	-18.314427	1079.916016	23.247322
-22.672816	-18.314427	1078.189453	23.242016
-22.672816	-18.314427	1076.460938	23.236710
-22.672816	-18.314427	1074.732422	20.327477
-22.672816	-18.314427	1073.001953	20.322834
-22.672816	-18.314427	1071.273438	20.318190
-22.672816	-18.314427	1069.542969	20.313547
-22.672816	-18.314427	1067.812500	23.210176
-22.672816	-18.314427	1066.082031	15.953348
-22.672816	-18.314427	1064.351563	24.649536
-22.672816	-18.314427	1062.619141	15.946053
-22.672816	-18.314427	1060.888672	17.391714
-22.672816	-18.314427	1059.156250	15.938757
-22.672816	-18.314427	1057.421875	21.729694
-22.672816	-18.314427	1055.689453	23.173035
-22.672816	-18.314427	1053.957031	24.615711
-22.672816	-18.314427	1052.222656	18.819469
-22.672816	-18.314427	1050.488281	17.367838
-22.672816	-18.314427	1048.753906	15.916871
-22.672816	-18.314427	1047.019531	15.913223
-22.672816	-18.314427	1045.283203	15.909576
-22.672816	-18.314427	1043.546875	27.473877
-22.672816	-18.314427	1041.810547	17.347944
-22.672816	-18.314427	1040.074219	15.898635
-22.672816	-18.314427	1038.337891	21.674982
-22.672816	-18.314427	1036.599609	23.114677
-22.672816	-18.314427	1034.861328	18.776365
-22.672816	-18.314427	1033.123047	15.884047
-22.672816	-18.314427	1031.384766	14.436727
-22.672816	-18.314427	1029.646484	20.206776
-22.672816	-18.314427	1027.906250	20.202135
-22.672816	-18.314427	1026.167969	24.525528
-22.672816	-18.314427	1024.427734	24.519894
-22.672816	-18.314427	1022.685547	21.630226
-22.672816	-18.314427	1020.945313	17.300203
-22.672816	-18.314427	1019.203125	23.061634
-22.672816	-18.314427	1017.462891	28.820414
-22.672816	-18.314427	1015.720703	27.373095
-22.672816	-18.314427	1013.976563	24.486082
-22.672816	-18.314427	1012.234375	23.040421
-22.672816	-18.314427	1010.490234	23.035116
-22.672816	-18.314427	1008.746094	30.226631
-22.672816	-18.314427	1007.001953	27.341606
-22.672816	-18.314427	1005.257813	27.335308
-22.672816	-18.314427	1003.513672	25.890642
-22.672816	-18.314427	1001.767578	24.446640
-22.672816	-18.314427	1000.021484	24.441006
-22.672816	-18.314427	998.275391	24.435371
-22.672816	-18.314427	996.529297	27.303825
-22.672816	-18.314427	994.781250	31.607664
-22.672816	-18.314427	993.035156	25.854851
-22.672816	-18.314427	991.287109	33.029133
-22.672816	-18.314427	989.539063	35.892948
-22.672816	-18.314427	987.789063	38.755436
-22.672816	-18.314427	986.041016	37.311432
-22.672816	-18.314427	984.291016	40.172264
-22.672816	-18.314427	982.541016	41.597382
-22.672816	-18.314427	980.791016	40.153709
-22.672816	-18.314427	979.041016	41.578163
-22.672816	-18.314427	977.289063	48.735546
-22.672816	-18.314427	975.537109	40.125881
-22.672816	-18.314427	973.785156	38.683868
-22.672816	-18.314427	972.033203	42.972137
-22.672816	-18.314427	970.281250	37.233906
-22.672816	-18.314427	968.527344	37.225292
-22.672816	-18.314427	966.773438	37.216679
-22.672816	-18.314427	965.019531	37.208065
-22.672816	-18.314427	963.265625	35.768703
-22.672816	-18.314427	961.511719	38.621258
-22.672816	-18.314427	959.755859	37.182228
-22.672816	-18.314427	958.000000	37.173615
-22.672816	-18.314427	956.244141	34.306156
-22.672816	-18.314427	954.488281	27.152748
-22.672816	-18.314427	952.730469	35.719021
-22.672816	-18.314427	950.974609	35.710739
-22.672816	-18.314427	949.216797	35.702461
-22.672816	-18.314427	947.458984	32.838646
-22.672816	-18.314427	945.701172	32.831028
-22.672816	-18.314427	943.941406	38.531834
-22.672816	-18.314427	942.181641	38.522892
-22.672816	-18.314427	940.421875	24.249525
-22.672816	-18.314427	938.662109	32.800564
-22.672816	-18.314427	936.902344	41.347630
-22.672816	-18.314427	935.140625	38.487129
-22.672816	-18.314427	933.380859	28.502363
-22.672816	-18.314427	931.619141	25.646168
-22.672816	-18.314427	929.855469	28.489120
-22.672816	-18.314427	928.093750	24.210123
-22.672816	-18.314427	926.330078	24.204494
-22.672816	-18.314427	924.568359	22.775404
-22.672816	-18.314427	922.804688	19.923845
-22.672816	-18.314427	921.039063	18.496408
-22.672816	-18.314427	919.275391	24.181984
-22.672816	-18.314427	917.509766	24.176357
-22.672816	-18.314427	915.744141	21.327116
-22.672816	-18.314427	913.978516	19.900673
-22.672816	-18.314427	912.212891	19.896040
-22.672816	-18.314427	910.447266	12.787333
-22.672816	-18.314427	908.679688	18.466290
-22.672816	-18.314427	906.912109	22.722445
-22.672816	-18.314427	905.144531	21.297329
-22.672816	-18.314427	903.375000	18.453382
-22.672816	-18.314427	901.607422	21.287401
-22.672816	-18.314427	899.837891	28.376583
-22.672816	-18.314427	898.068359	25.532969
-22.672816	-18.314427	896.298828	26.945181
-22.672816	-18.314427	894.529297	25.521057
-22.672816	-18.314427	892.757813	25.515102
-22.672816	-18.314427	890.986328	29.760672
-22.672816	-18.314427	889.214844	26.920036
-22.672816	-18.314427	887.443359	22.664211
-22.672816	-18.314427	885.669922	19.826553
-22.672816	-18.314427	883.898438	19.821922
-22.672816	-18.314427	882.125000	18.401770
-22.672816	-18.314427	880.351563	24.058229
-22.672816	-18.314427	878.578125	24.052607
-22.672816	-18.314427	876.802734	21.217928
-22.672816	-18.314427	875.027344	26.869757
-22.672816	-18.314427	873.251953	29.691208
-22.672816	-18.314427	871.476563	18.375973
-22.672816	-18.314427	869.701172	21.198084
-22.672816	-18.314427	867.923828	28.257500
-22.672816	-18.314427	866.146484	24.013252
-22.672816	-18.314427	864.369141	28.244272
-22.672816	-18.314427	862.591797	35.297073
-22.672816	-18.314427	860.814453	23.996389
-22.672816	-18.314427	859.035156	22.579548
-22.672816	-18.314427	857.255859	18.341585
-22.672816	-18.314427	855.476563	25.390089
-22.672816	-18.314427	853.697266	25.384140
-22.672816	-18.314427	851.916016	18.328693
-22.672816	-18.314427	850.136719	21.143534
-22.672816	-18.314427	848.355469	26.775528
-22.672816	-18.314427	846.574219	26.769249
-22.672816	-18.314427	844.791016	30.988701
-22.672816	-18.314427	843.009766	21.123703
-22.672816	-18.314427	841.226563	26.750412
-22.672816	-18.314427	839.443359	26.744133
-22.672816	-18.314427	837.660156	29.552364
-22.672816	-18.314427	835.875000	26.731577
-22.672816	-18.314427	834.091797	29.538488
-22.672816	-18.314427	832.306641	23.906492
-22.672816	-18.314427	830.521484	25.306810
-22.672816	-18.314427	828.734375	18.272846
-22.672816	-18.314427	826.949219	16.863277
-22.672816	-18.314427	825.162109	23.884027
-22.672816	-18.314427	823.375000	22.473801
-22.672816	-18.314427	821.587891	16.851387
-22.672816	-18.314427	819.800781	19.655327
-22.672816	-18.314427	818.011719	28.072433
-22.672816	-18.314427	816.222656	26.662537
-22.672816	-18.314427	814.433594	18.238495
-22.672816	-18.314427	812.644531	22.442095
-22.672816	-18.314427	810.855469	16.827610
-22.672816	-18.314427	809.064453	16.823647
-22.672816	-18.314427	807.273438	19.622965
-22.672816	-18.314427	805.482422	21.019653
-22.672816	-18.314427	803.691406	28.019602
-22.672816	-18.314427	801.898438	21.009750
-22.672816	-18.314427	800.107422	19.604479
-22.672816	-18.314427	798.314453	19.599857
-22.672816	-18.314427	796.521484	22.394556
-22.672816	-18.314427	794.726563	26.587265
-22.672816	-18.314427	792.933594	22.383995
-22.672816	-18.314427	791.138672	19.581375
-22.672816	-18.314427	789.343750	29.365133
-22.672816	-18.314427	787.546875	22.368156
-22.672816	-18.314427	785.751953	22.362877
-22.672816	-18.314427	783.955078	22.357597
-22.672816	-18.314427	782.158203	18.161259
-22.672816	-18.314427	780.361328	16.760281
-22.672816	-18.314427	778.564453	33.512646
-22.672816	-18.314427	776.765625	27.920607
-22.672816	-18.314427	774.968750	23.726908
-22.672816	-18.314427	773.169922	18.139818
-22.672816	-18.314427	771.369141	22.320654
-22.672816	-18.314427	769.570313	25.104799
-22.672816	-18.314427	767.769531	29.282007
-22.672816	-18.314427	765.970703	22.304825
-22.672816	-18.314427	764.167969	33.449326
-22.672816	-18.314427	762.367188	27.867844
-22.672816	-18.314427	760.566406	20.895937
-22.672816	-18.314427	758.763672	30.640123
-22.672816	-18.314427	756.960938	26.455662
-22.672816	-18.314427	755.158203	25.057325
-22.672816	-18.314427	753.353516	18.092672
-22.672816	-18.314427	751.550781	30.611118
-22.672816	-18.314427	749.746094	26.430613
-22.672816	-18.314427	747.941406	31.987373
-22.672816	-18.314427	746.136719	19.465961
-22.672816	-18.314427	744.330078	20.851446
-22.672816	-18.314427	742.523438	25.015804
-22.672816	-18.314427	740.718750	34.735935
-22.672816	-18.314427	738.910156	23.614838
-22.672816	-18.314427	737.103516	27.775574
-22.672816	-18.314427	735.294922	24.992086
-22.672816	-18.314427	733.488281	23.598040
-22.672816	-18.314427	731.679688	18.041277
-22.672816	-18.314427	729.869141	24.974304
-22.672816	-18.314427	728.060547	26.355509
-22.672816	-18.314427	726.250000	31.896463
-22.672816	-18.314427	724.439453	26.342997
-22.672816	-18.314427	722.628906	18.019876
-22.672816	-18.314427	720.818359	20.787228
-22.672816	-18.314427	719.005859	29.095205
-22.672816	-18.314427	717.195313	22.162510
-22.672816	-18.314427	715.382813	22.157244
-22.672816	-18.314427	713.568359	22.151978
-22.672816	-18.314427	711.755859	27.683392
-22.672816	-18.314427	709.941406	16.606087
-22.672816	-18.314427	708.126953	15.218626
-22.672816	-18.314427	706.312500	20.747738
-22.672816	-18.314427	704.498047	22.125656
-22.672816	-18.314427	702.681641	29.033016
-22.672816	-18.314427	700.867188	20.732935
-22.672816	-18.314427	699.050781	23.491735
-22.672816	-18.314427	697.232422	24.867683
-22.672816	-18.314427	695.416016	22.099346
-22.672816	-18.314427	693.597656	20.713203
-22.672816	-18.314427	691.779297	22.088823
-22.672816	-18.314427	689.960938	17.942896
-22.672816	-18.314427	688.142578	17.938622
-22.672816	-18.314427	686.324219	24.832174
-22.672816	-18.314427	684.503906	22.067785
-22.672816	-18.314427	682.683594	17.925802
-22.672816	-18.314427	680.863281	23.435848
-22.672816	-18.314427	679.041016	23.430262
-22.672816	-18.314427	677.218750	20.668833
-22.672816	-18.314427	675.398438	23.419090
-22.672816	-18.314427	673.576172	26.168037
-22.672816	-18.314427	671.751953	26.161795
-22.672816	-18.314427	669.929688	23.402338
-22.672816	-18.314427	668.105469	17.891636
-22.672816	-18.314427	666.281250	35.774734
-22.672816	-18.314427	664.457031	30.263704
-22.672816	-18.314427	662.630859	30.256481
-22.672816	-18.314427	660.806641	26.124359
-22.672816	-18.314427	658.980469	20.619570
-22.672816	-18.314427	657.154297	20.614645
-22.672816	-18.314427	655.326172	32.975555
-22.672816	-18.314427	653.500000	28.846720
-22.672816	-18.314427	651.671875	39.826427
-22.672816	-18.314427	649.843750	30.205933
-22.672816	-18.314427	648.015625	31.571384
-22.672816	-18.314427	646.185547	30.191498
-22.672816	-18.314427	644.357422	27.440254
-22.672816	-18.314427	642.527344	31.548748
-22.672816	-18.314427	640.697266	30.169847
-22.672816	-18.314427	638.865234	38.388805
-22.672816	-18.314427	637.035156	37.008923
-22.672816	-18.314427	635.203125	31.518578
-22.672816	-18.314427	633.371094	32.881081
-22.672816	-18.314427	631.539063	35.612648
-22.672816	-18.314427	629.705078	31.495958
-22.672816	-18.314427	627.873047	21.904987
-22.672816	-18.314427	626.039063	28.743414
-22.672816	-18.314427	624.203125	28.736532
-22.672816	-18.314427	622.369141	38.306202
-22.672816	-18.314427	620.535156	31.458271
-22.672816	-18.314427	618.699219	31.450737
-22.672816	-18.314427	616.863281	39.645779
-22.672816	-18.314427	615.025391	30.068901
-22.672816	-18.314427	613.189453	32.794579
-22.672816	-18.314427	611.351563	30.054491
-22.672816	-18.314427	609.513672	31.413074
-22.672816	-18.314427	607.675781	31.405544
-22.672816	-18.314427	605.837891	30.032883
-22.672816	-18.314427	603.998047	28.660877
-22.672816	-18.314427	602.158203	21.831623
-22.672816	-18.314427	600.318359	23.190536
-22.672816	-18.314427	598.478516	23.184973
-22.672816	-18.314427	596.636719	24.542906
-22.672816	-18.314427	594.796875	20.447514
-22.672816	-18.314427	592.955078	35.433853
-22.672816	-18.314427	591.111328	28.612782
-22.672816	-18.314427	589.269531	21.794981
-22.672816	-18.314427	587.425781	20.427889
-22.672816	-18.314427	585.583984	21.784517
-22.672816	-18.314427	583.738281	21.779285
-22.672816	-18.314427	581.894531	27.217569
-22.672816	-18.314427	580.050781	20.408274
-22.672816	-18.314427	578.205078	23.123821
-22.672816	-18.314427	576.359375	33.997448
-22.672816	-18.314427	574.513672	29.910566
-22.672816	-18.314427	572.666016	28.544134
-22.672816	-18.314427	570.818359	20.383766
-22.672816	-18.314427	568.970703	19.020277
-22.672816	-18.314427	567.123047	21.732233
-22.672816	-18.314427	565.275391	23.084946
-22.672816	-18.314427	563.425781	28.509840
-22.672816	-18.314427	561.576172	21.716558
-22.672816	-18.314427	559.726563	29.853086
-22.672816	-18.314427	557.876953	21.706114
-22.672816	-18.314427	556.027344	21.700891
-22.672816	-18.314427	554.175781	27.119587
-22.672816	-18.314427	552.324219	24.401756
-22.672816	-18.314427	550.472656	29.817190
-22.672816	-18.314427	548.619141	31.165014
-22.672816	-18.314427	546.767578	28.448162
-22.672816	-18.314427	544.914063	31.150011
-22.672816	-18.314427	543.060547	27.080444
-22.672816	-18.314427	541.205078	24.366531
-22.672816	-18.314427	539.351563	23.007292
-22.672816	-18.314427	537.496094	40.591324
-22.672816	-18.314427	535.640625	47.345139
-22.672816	-18.314427	533.785156	35.162201
-22.672816	-18.314427	531.927734	47.322327
-22.672816	-18.314427	530.070313	60.828331
-22.672816	-18.314427	528.212891	79.733482
-22.672816	-18.314427	526.355469	114.842583
-22.672816	-18.314427	524.498047	208.017578
-22.672816	-18.314427	522.638672	410.533112
-22.672816	-18.314427	520.779297	594.049438
-22.672816	-18.314427	518.919922	465.676422
-22.672816	-18.314427	517.060547	241.553558
-22.672816	-18.314427	515.199219	147.055801
-22.672816	-18.314427	513.339844	99.811966
-22.672816	-18.314427	511.478516	68.772736
-22.672816	-18.314427	509.615234	68.756142
-22.672816	-18.314427	507.753906	64.696053
-22.672816	-18.314427	505.890625	48.510330
-22.672816	-18.314427	504.027344	44.457069
-22.672816	-18.314427	502.164063	59.261787
-22.672816	-18.314427	500.300781	51.168282
-22.672816	-18.314427	498.435547	70.002846
-22.672816	-18.314427	496.570313	68.640060
-22.672816	-18.314427	494.705078	60.550140
-22.672816	-18.314427	492.839844	51.118881
-22.672816	-18.314427	490.972656	57.831081
-22.672816	-18.314427	489.107422	60.506279
-22.672816	-18.314427	487.240234	48.393333
-22.672816	-18.314427	485.371094	49.725574
-22.672816	-18.314427	483.503906	47.026344
-22.672816	-18.314427	481.634766	36.268700
-22.672816	-18.314427	479.765625	40.288818
-22.672816	-18.314427	477.896484	32.223263
-22.672816	-18.314427	476.027344	37.584724
-22.672816	-18.314427	474.156250	36.233650
-22.672816	-18.314427	472.285156	41.591541
-22.672816	-18.314427	470.414063	38.898811
-22.672816	-18.314427	468.542969	32.184338
-22.672816	-18.314427	466.669922	36.198624
-22.672816	-18.314427	464.796875	30.828407
-22.672816	-18.314427	462.923828	25.460787
-22.672816	-18.314427	461.050781	33.492931
-22.672816	-18.314427	459.177734	28.127258
-22.672816	-18.314427	457.302734	34.815800
-22.672816	-18.314427	455.427734	32.129887
-22.672816	-18.314427	453.552734	29.445271
-22.672816	-18.314427	451.675781	26.761950
-22.672816	-18.314427	449.800781	28.093248
-22.672816	-18.314427	447.923828	33.436249
-22.672816	-18.314427	446.046875	26.742525
-22.672816	-18.314427	444.169922	30.746460
-22.672816	-18.314427	442.291016	29.402538
-22.672816	-18.314427	440.412109	26.723108
-22.672816	-18.314427	438.533203	34.731632
-22.672816	-18.314427	436.654297	25.374662
-22.672816	-18.314427	434.773438	21.362963
-22.672816	-18.314427	432.894531	29.366961
-22.672816	-18.314427	431.013672	24.021694
-22.672816	-18.314427	429.130859	22.681660
-22.672816	-18.314427	427.250000	17.340597
-22.672816	-18.314427	425.367188	21.337105
-22.672816	-18.314427	423.484375	21.331934
-22.672816	-18.314427	421.601563	22.659689
-22.672816	-18.314427	419.718750	25.319399
-22.672816	-18.314427	417.833984	30.642372
-22.672816	-18.314427	415.949219	25.307131
-22.672816	-18.314427	414.064453	22.637733
-22.672816	-18.314427	412.179688	29.288792
-22.672816	-18.314427	410.294922	23.957748
-22.672816	-18.314427	408.408203	27.943932
-22.672816	-18.314427	406.521484	33.258518
-22.672816	-18.314427	404.634766	33.250458
-22.672816	-18.314427	402.746094	39.890873
-22.672816	-18.314427	400.857422	61.151176
-22.672816	-18.314427	398.968750	78.414017
-22.672816	-18.314427	397.080078	82.381187
-22.672816	-18.314427	395.191406	73.062363
-22.672816	-18.314427	393.300781	69.060387
-22.672816	-18.314427	391.410156	70.371399
-22.672816	-18.314427	389.519531	62.389690
-22.672816	-18.314427	387.628906	53.084728
-22.672816	-18.314427	385.736328	46.437870
-22.672816	-18.314427	383.843750	53.058975
-22.672816	-18.314427	381.951172	41.110729
-22.672816	-18.314427	380.058594	57.010727
-22.672816	-18.314427	378.164063	58.322403
-22.672816	-18.314427	376.271484	75.535690
-22.672816	-18.314427	374.376953	90.090881
-22.672816	-18.314427	372.480469	60.929043
-22.672816	-18.314427	370.585938	55.617363
-22.672816	-18.314427	368.689453	52.956062
-22.672816	-18.314427	366.792969	50.296047
-22.672816	-18.314427	364.896484	50.283840
-22.672816	-18.314427	363.000000	64.823944
-22.672816	-18.314427	361.101563	58.195129
-22.672816	-18.314427	359.203125	56.858704
-22.672816	-18.314427	357.304688	46.269104
-22.672816	-18.314427	355.406250	58.152752
-22.672816	-18.314427	353.505859	50.210636
-22.672816	-18.314427	351.605469	55.482491
-22.672816	-18.314427	349.705078	52.827637
-22.672816	-18.314427	347.804688	56.775921
-22.672816	-18.314427	345.902344	64.682426
-22.672816	-18.314427	344.001953	48.829971
-22.672816	-18.314427	342.099609	40.901661
-22.672816	-18.314427	340.195313	39.572639
-22.672816	-18.314427	338.292969	46.156864
-22.672816	-18.314427	336.388672	42.190311
-22.672816	-18.314427	334.484375	48.770699
-22.672816	-18.314427	332.580078	40.852013
-22.672816	-18.314427	330.675781	40.842087
-22.672816	-18.314427	328.769531	31.611998
-22.672816	-18.314427	326.863281	31.604319
-22.672816	-18.314427	324.957031	35.546219
-22.672816	-18.314427	323.048828	39.486202
-22.672816	-18.314427	321.142578	35.528950
-22.672816	-18.314427	319.234375	31.573614
-22.672816	-18.314427	317.326172	35.511684
-22.672816	-18.314427	315.417969	35.503056
-22.672816	-18.314427	313.507813	36.809036
-22.672816	-18.314427	311.597656	23.657202
-22.672816	-18.314427	309.687500	38.105118
-22.672816	-18.314427	307.777344	38.095856
-22.672816	-18.314427	305.865234	34.146606
-22.672816	-18.314427	303.955078	30.199272
-22.672816	-18.314427	302.042969	42.006165
-22.672816	-18.314427	300.128906	39.371208
-22.672816	-18.314427	298.216797	45.921913
-22.672816	-18.314427	296.302734	34.105129
-22.672816	-18.314427	294.388672	40.653923
-22.672816	-18.314427	292.474609	30.155256
-22.672816	-18.314427	290.560547	44.566502
-22.672816	-18.314427	288.644531	40.624283
-22.672816	-18.314427	286.728516	45.854977
-22.672816	-18.314427	284.812500	47.153656
-22.672816	-18.314427	282.896484	52.380211
-22.672816	-18.314427	280.978516	54.985851
-22.672816	-18.314427	279.060547	48.428143
-22.672816	-18.314427	277.142578	49.724918
-22.672816	-18.314427	275.224609	53.637527
-22.672816	-18.314427	273.304688	61.471973
-22.672816	-18.314427	271.384766	73.225395
-22.672816	-18.314427	269.464844	75.822151
-22.672816	-18.314427	267.544922	91.487244
-22.672816	-18.314427	265.623047	145.037354
-22.672816	-18.314427	263.703125	227.300583
-22.672816	-18.314427	261.781250	304.299744
-22.672816	-18.314427	259.857422	322.505432
-22.672816	-18.314427	257.935547	276.738983
-22.672816	-18.314427	256.011719	224.469482
-22.672816	-18.314427	254.087891	243.985977
-22.672816	-18.314427	252.164063	705.691528
-22.672816	-18.314427	250.240234	1889.645874
-22.672816	-18.314427	248.314453	1723.605591
-22.672816	-18.314427	246.388672	754.708740
-22.672816	-18.314427	244.462891	351.851166
-22.672816	-18.314427	242.535156	250.144424
-22.672816	-18.314427	240.609375	190.167740
-22.672816	-18.314427	238.681641	151.055450
-22.672816	-18.314427	236.753906	127.584778
-22.672816	-18.314427	234.824219	114.538071
-22.672816	-18.314427	232.896484	91.087677
-22.672816	-18.314427	230.966797	75.454292
-22.672816	-18.314427	229.037109	78.037186
-22.672816	-18.314427	227.107422	75.417610
-22.672816	-18.314427	225.175781	75.399269
-22.672816	-18.314427	223.244141	83.178970
-22.672816	-18.314427	221.312500	88.356163
-22.672816	-18.314427	219.380859	83.138527
-22.672816	-18.314427	217.447266	83.118309
-22.672816	-18.314427	215.515625	66.218803
-22.672816	-18.314427	213.582031	68.798889
-22.672816	-18.314427	211.646484	67.484383
-22.672816	-18.314427	209.712891	59.683212
-22.672816	-18.314427	207.777344	57.074413
-22.672816	-18.314427	205.841797	50.576385
-22.672816	-18.314427	203.906250	45.378029
-22.672816	-18.314427	201.968750	36.293598
-22.672816	-18.314427	200.033203	32.397121
-22.672816	-18.314427	198.095703	40.162666
-22.672816	-18.314427	196.158203	28.495609
-22.672816	-18.314427	194.218750	29.783623
-22.672816	-18.314427	192.281250	20.714005
-22.672816	-18.314427	190.341797	24.591902
-22.672816	-18.314427	188.402344	29.761909
-22.672816	-18.314427	186.460938	25.873631
-22.672816	-18.314427	184.521484	27.160709
-22.672816	-18.314427	182.580078	34.912426
-22.672816	-18.314427	180.638672	29.732986
-22.672816	-18.314427	178.695313	29.725761
-22.672816	-18.314427	176.753906	24.550097
-22.672816	-18.314427	174.810547	20.668741
-22.672816	-18.314427	172.867188	30.995579
-22.672816	-18.314427	170.921875	25.823372
-22.672816	-18.314427	168.978516	23.235388
-22.672816	-18.314427	167.033203	34.844616
-22.672816	-18.314427	165.087891	27.094782
-22.672816	-18.314427	163.142578	32.247856
-22.672816	-18.314427	161.195313	33.529621
-22.672816	-18.314427	159.248047	37.389339
-22.672816	-18.314427	157.300781	34.802307
-22.672816	-18.314427	155.353516	36.082516
-22.672816	-18.314427	153.406250	37.362099
-22.672816	-18.314427	151.457031	41.217129
-22.672816	-18.314427	149.507813	41.207119
-22.672816	-18.314427	147.558594	45.059341
-22.672816	-18.314427	145.607422	42.474201
-22.672816	-18.314427	143.658203	48.897812
-22.672816	-18.314427	141.707031	64.323601
-22.672816	-18.314427	139.753906	59.163342
-22.672816	-18.314427	137.802734	72.007454
-22.672816	-18.314427	135.849609	80.988716
-22.672816	-18.314427	133.896484	48.838474
-22.672816	-18.314427	131.943359	48.826618
-22.672816	-18.314427	129.990234	44.960968
-22.672816	-18.314427	128.035156	47.518627
-22.672816	-18.314427	126.080078	53.926971
-22.672816	-18.314427	124.125000	53.913883
-22.672816	-18.314427	122.169922	56.467503
-22.672816	-18.314427	120.212891	55.170757
-22.672816	-18.314427	118.255859	51.309177
-22.672816	-18.314427	116.298828	56.426399
-22.672816	-18.314427	114.341797	52.566387
-22.672816	-18.314427	112.382813	44.862858
-22.672816	-18.314427	110.423828	48.696426
-22.672816	-18.314427	108.464844	28.185829
-22.672816	-18.314427	106.505859	28.178991
-22.672816	-18.314427	104.544922	16.647184
-22.672816	-18.314427	102.585938	12.802420
-22.672816	-18.314427	100.625000	6.399657
-22.672816	-18.314427	98.662109	6.398105
-22.672816	-18.314427	96.701172	6.396554
-22.672816	-18.314427	94.738281	2.558001
-22.672816	-18.314427	92.775391	1.278690
-22.672816	-18.314427	90.812500	0.000000
-22.672816	-18.314427	88.847656	-1.278070
-22.672816	-18.314427	86.882813	-1.277761
-22.672816	-18.314427	84.917969	1.277451
-22.672816	-18.314427	82.953125	-1.277141
-22.672816	-18.314427	80.988281	-1.276832
-22.672816	-18.314427	79.021484	-1.276522
-22.672816	-18.314427	77.054688	0.000000
-22.672816	-18.314427	75.087891	-1.275904
-22.672816	-18.314427	73.119141	1.275595
-22.672816	-18.314427	71.152344	0.000000
-22.672816	-18.314427	69.183594	1.274977
-22.672816	-18.314427	67.212891	3.824004
-22.672816	-18.314427	65.244141	2.548719
-22.672816	-18.314427	63.273438	-1.274051
-22.672816	-18.314427	61.302734	0.000000
-22.672816	-18.314427	59.332031	2.546868
-19.672816	-18.314427	1838.626953	22.500080
-19.672816	-18.314427	1837.066406	17.678635
-19.672816	-18.314427	1835.503906	25.708906
-19.672816	-18.314427	1833.941406	22.490505
-19.672816	-18.314427	1832.378906	25.697966
-19.672816	-18.314427	1830.816406	20.875154
-19.672816	-18.314427	1829.251953	24.081591
-19.672816	-18.314427	1827.687500	22.471367
-19.672816	-18.314427	1826.125000	19.257074
-19.672816	-18.314427	1824.560547	28.879463
-19.672816	-18.314427	1822.994141	22.457024
-19.672816	-18.314427	1821.429688	30.470903
-19.672816	-18.314427	1819.865234	24.050856
-19.672816	-18.314427	1818.298828	17.633541
-19.672816	-18.314427	1816.732422	19.232496
-19.672816	-18.314427	1815.166016	22.433136
-19.672816	-18.314427	1813.599609	25.632412
-19.672816	-18.314427	1812.033203	22.423586
-19.672816	-18.314427	1810.464844	27.222845
-19.672816	-18.314427	1808.896484	24.015043
-19.672816	-18.314427	1807.330078	32.013241
-19.672816	-18.314427	1805.759766	25.605141
-19.672816	-18.314427	1804.191406	14.399826
-19.672816	-18.314427	1802.623047	15.996400
-19.672816	-18.314427	1801.052734	30.386688
-19.672816	-18.314427	1799.484375	22.385424
-19.672816	-18.314427	1797.914063	31.972368
-19.672816	-18.314427	1796.343750	19.179337
-19.672816	-18.314427	1794.771484	17.577314
-19.672816	-18.314427	1793.201172	23.963961
-19.672816	-18.314427	1791.628906	23.958858
-19.672816	-18.314427	1790.058594	19.163004
-19.672816	-18.314427	1788.486328	20.755501
-19.672816	-18.314427	1786.914063	17.558605
-19.672816	-18.314427	1785.339844	23.938454
-19.672816	-18.314427	1783.767578	20.742241
-19.672816	-18.314427	1782.193359	23.928255
-19.672816	-18.314427	1780.621094	23.923159
-19.672816	-18.314427	1779.046875	25.512600
-19.672816	-18.314427	1777.470703	33.478153
-19.672816	-18.314427	1775.896484	20.720156
-19.672816	-18.314427	1774.322266	20.715740
-19.672816	-18.314427	1772.746094	20.711327
-19.672816	-18.314427	1771.169922	27.078272
-19.672816	-18.314427	1769.593750	33.442501
-19.672816	-18.314427	1768.017578	17.513767
-19.672816	-18.314427	1766.441406	19.101856
-19.672816	-18.314427	1764.863281	17.506304
-19.672816	-18.314427	1763.287109	14.320286
-19.672816	-18.314427	1761.708984	15.908037
-19.672816	-18.314427	1760.130859	28.628363
-19.672816	-18.314427	1758.552734	17.491381
-19.672816	-18.314427	1756.972656	25.436584
-19.672816	-18.314427	1755.394531	27.020609
-19.672816	-18.314427	1753.814453	22.247522
-19.672816	-18.314427	1752.234375	17.476469
-19.672816	-18.314427	1750.654297	20.649603
-19.672816	-18.314427	1749.074219	14.292830
-19.672816	-18.314427	1747.492188	26.991812
-19.672816	-18.314427	1745.912109	22.223810
-19.672816	-18.314427	1744.330078	20.631992
-19.672816	-18.314427	1742.748047	19.040854
-19.672816	-18.314427	1741.166016	22.209591
-19.672816	-18.314427	1739.583984	23.790913
-19.672816	-18.314427	1738.000000	20.614391
-19.672816	-18.314427	1736.417969	23.780762
-19.672816	-18.314427	1734.833984	22.190641
-19.672816	-18.314427	1733.250000	25.355322
-19.672816	-18.314427	1731.666016	22.181171
-19.672816	-18.314427	1730.082031	30.096592
-19.672816	-18.314427	1728.496094	28.506475
-19.672816	-18.314427	1726.912109	22.166971
-19.672816	-18.314427	1725.326172	22.162239
-19.672816	-18.314427	1723.740234	15.826791
-19.672816	-18.314427	1722.154297	14.241070
-19.672816	-18.314427	1720.566406	23.730049
-19.672816	-18.314427	1718.980469	26.888311
-19.672816	-18.314427	1717.392578	25.301243
-19.672816	-18.314427	1715.804688	22.133858
-19.672816	-18.314427	1714.216797	25.290436
-19.672816	-18.314427	1712.628906	22.124403
-19.672816	-18.314427	1711.041016	14.219792
-19.672816	-18.314427	1709.451172	18.955673
-19.672816	-18.314427	1707.861328	12.634415
-19.672816	-18.314427	1706.271484	22.105501
-19.672816	-18.314427	1704.681641	26.836658
-19.672816	-18.314427	1703.091797	22.096054
-19.672816	-18.314427	1701.501953	26.825188
-19.672816	-18.314427	1699.910156	18.931379
-19.672816	-18.314427	1698.318359	15.772777
-19.672816	-18.314427	1696.726563	25.231049
-19.672816	-18.314427	1695.134766	18.919239
-19.672816	-18.314427	1693.542969	20.491461
-19.672816	-18.314427	1691.949219	23.638937
-19.672816	-18.314427	1690.357422	12.604736
-19.672816	-18.314427	1688.763672	12.602040
-19.672816	-18.314427	1687.169922	23.623772
-19.672816	-18.314427	1685.576172	20.469555
-19.672816	-18.314427	1683.982422	25.187908
-19.672816	-18.314427	1682.386719	22.034704
-19.672816	-18.314427	1680.791016	17.309277
-19.672816	-18.314427	1679.195313	15.732339
-19.672816	-18.314427	1677.599609	18.874765
-19.672816	-18.314427	1676.003906	20.443287
-19.672816	-18.314427	1674.408203	17.294462
-19.672816	-18.314427	1672.810547	20.434534
-19.672816	-18.314427	1671.214844	20.430159
-19.672816	-18.314427	1669.617188	23.568213
-19.672816	-18.314427	1668.019531	23.563164
-19.672816	-18.314427	1666.419922	20.417036
-19.672816	-18.314427	1664.822266	23.553072
-19.672816	-18.314427	1663.222656	26.687763
-19.672816	-18.314427	1661.623047	20.403917
-19.672816	-18.314427	1660.023438	21.968740
-19.672816	-18.314427	1658.423828	15.688595
-19.672816	-18.314427	1656.824219	29.801941
-19.672816	-18.314427	1655.222656	23.522806
-19.672816	-18.314427	1653.623047	17.246361
-19.672816	-18.314427	1652.021484	18.810177
-19.672816	-18.314427	1650.419922	15.671787
-19.672816	-18.314427	1648.818359	20.368954
-19.672816	-18.314427	1647.214844	26.630613
-19.672816	-18.314427	1645.613281	14.095536
-19.672816	-18.314427	1644.009766	21.921686
-19.672816	-18.314427	1642.406250	21.916983
-19.672816	-18.314427	1640.802734	15.651629
-19.672816	-18.314427	1639.199219	20.342752
-19.672816	-18.314427	1637.593750	25.031860
-19.672816	-18.314427	1635.990234	28.154799
-19.672816	-18.314427	1634.384766	29.712576
-19.672816	-18.314427	1632.779297	23.452261
-19.672816	-18.314427	1631.173828	23.447226
-19.672816	-18.314427	1629.568359	21.879377
-19.672816	-18.314427	1627.960938	23.437157
-19.672816	-18.314427	1626.353516	12.497132
-19.672816	-18.314427	1624.748047	18.741673
-19.672816	-18.314427	1623.140625	17.176176
-19.672816	-18.314427	1621.531250	24.978159
-19.672816	-18.314427	1619.923828	20.290394
-19.672816	-18.314427	1618.314453	21.846498
-19.672816	-18.314427	1616.707031	26.522188
-19.672816	-18.314427	1615.097656	28.076281
-19.672816	-18.314427	1613.488281	31.189161
-19.672816	-18.314427	1611.878906	24.945965
-19.672816	-18.314427	1610.267578	20.264236
-19.672816	-18.314427	1608.656250	21.818331
-19.672816	-18.314427	1607.046875	26.487989
-19.672816	-18.314427	1605.435547	18.693382
-19.672816	-18.314427	1603.824219	28.034040
-19.672816	-18.314427	1602.210938	18.685339
-19.672816	-18.314427	1600.599609	20.238094
-19.672816	-18.314427	1598.986328	20.233740
-19.672816	-18.314427	1597.373047	15.561065
-19.672816	-18.314427	1595.759766	21.780800
-19.672816	-18.314427	1594.146484	24.886984
-19.672816	-18.314427	1592.533203	18.661219
-19.672816	-18.314427	1590.917969	17.102432
-19.672816	-18.314427	1589.302734	20.207613
-19.672816	-18.314427	1587.687500	21.757357
-19.672816	-18.314427	1586.072266	23.306431
-19.672816	-18.314427	1584.457031	17.087700
-19.672816	-18.314427	1582.839844	20.190201
-19.672816	-18.314427	1581.224609	24.844122
-19.672816	-18.314427	1579.607422	12.419384
-19.672816	-18.314427	1577.990234	18.625059
-19.672816	-18.314427	1576.373047	24.828056
-19.672816	-18.314427	1574.755859	26.374121
-19.672816	-18.314427	1573.136719	18.613012
-19.672816	-18.314427	1571.517578	17.058247
-19.672816	-18.314427	1569.898438	15.504151
-19.672816	-18.314427	1568.279297	20.151047
-19.672816	-18.314427	1566.660156	21.696445
-19.672816	-18.314427	1565.041016	18.592939
-19.672816	-18.314427	1563.419922	17.039848
-19.672816	-18.314427	1561.798828	13.938684
-19.672816	-18.314427	1560.177734	23.226124
-19.672816	-18.314427	1558.556641	21.673035
-19.672816	-18.314427	1556.935547	13.929655
-19.672816	-18.314427	1555.312500	26.305887
-19.672816	-18.314427	1553.691406	24.753132
-19.672816	-18.314427	1552.068359	18.560839
-19.672816	-18.314427	1550.445313	17.010424
-19.672816	-18.314427	1548.822266	20.098883
-19.672816	-18.314427	1547.197266	23.186007
-19.672816	-18.314427	1545.574219	23.180992
-19.672816	-18.314427	1543.949219	21.630915
-19.672816	-18.314427	1542.324219	24.715698
-19.672816	-18.314427	1540.699219	24.710352
-19.672816	-18.314427	1539.072266	35.513447
-19.672816	-18.314427	1537.447266	23.155931
-19.672816	-18.314427	1535.820313	20.064131
-19.672816	-18.314427	1534.193359	21.602850
-19.672816	-18.314427	1532.566406	16.969994
-19.672816	-18.314427	1530.939453	26.220675
-19.672816	-18.314427	1529.312500	12.336470
-19.672816	-18.314427	1527.683594	20.042421
-19.672816	-18.314427	1526.056641	18.496689
-19.672816	-18.314427	1524.427734	15.410568
-19.672816	-18.314427	1522.798828	21.570120
-19.672816	-18.314427	1521.167969	16.944279
-19.672816	-18.314427	1519.539063	16.940607
-19.672816	-18.314427	1517.908203	27.714983
-19.672816	-18.314427	1516.277344	15.393875
-19.672816	-18.314427	1514.646484	26.163912
-19.672816	-18.314427	1513.015625	13.848479
-19.672816	-18.314427	1511.384766	24.614178
-19.672816	-18.314427	1509.751953	19.994680
-19.672816	-18.314427	1508.121094	18.452623
-19.672816	-18.314427	1506.488281	16.911234
-19.672816	-18.314427	1504.855469	16.907564
-19.672816	-18.314427	1503.220703	19.977329
-19.672816	-18.314427	1501.587891	23.045759
-19.672816	-18.314427	1499.953125	26.112856
-19.672816	-18.314427	1498.318359	23.035749
-19.672816	-18.314427	1496.683594	21.495363
-19.672816	-18.314427	1495.048828	26.095842
-19.672816	-18.314427	1493.414063	30.694319
-19.672816	-18.314427	1491.777344	26.084501
-19.672816	-18.314427	1490.140625	26.078831
-19.672816	-18.314427	1488.505859	27.606876
-19.672816	-18.314427	1486.867188	19.933964
-19.672816	-18.314427	1485.230469	19.929630
-19.672816	-18.314427	1483.593750	22.990725
-19.672816	-18.314427	1481.955078	4.597145
-19.672816	-18.314427	1480.316406	22.980721
-19.672816	-18.314427	1478.677734	19.912291
-19.672816	-18.314427	1477.039063	24.502100
-19.672816	-18.314427	1475.400391	19.903624
-19.672816	-18.314427	1473.759766	21.430004
-19.672816	-18.314427	1472.119141	19.894957
-19.672816	-18.314427	1470.478516	27.540863
-19.672816	-18.314427	1468.837891	26.005148
-19.672816	-18.314427	1467.197266	19.881956
-19.672816	-18.314427	1465.556641	18.348576
-19.672816	-18.314427	1463.914063	25.988152
-19.672816	-18.314427	1462.271484	19.868959
-19.672816	-18.314427	1460.628906	21.392675
-19.672816	-18.314427	1458.986328	19.860296
-19.672816	-18.314427	1457.343750	19.855965
-19.672816	-18.314427	1455.699219	15.270487
-19.672816	-18.314427	1454.054688	16.793871
-19.672816	-18.314427	1452.410156	22.895735
-19.672816	-18.314427	1450.765625	16.786541
-19.672816	-18.314427	1449.121094	21.360025
-19.672816	-18.314427	1447.474609	24.406128
-19.672816	-18.314427	1445.830078	25.925848
-19.672816	-18.314427	1444.183594	18.296600
-19.672816	-18.314427	1442.537109	24.390139
-19.672816	-18.314427	1440.890625	19.812658
-19.672816	-18.314427	1439.242188	22.855764
-19.672816	-18.314427	1437.595703	16.757231
-19.672816	-18.314427	1435.947266	19.799669
-19.672816	-18.314427	1434.298828	28.931652
-19.672816	-18.314427	1432.650391	24.358168
-19.672816	-18.314427	1431.000000	22.830788
-19.672816	-18.314427	1429.351563	22.825794
-19.672816	-18.314427	1427.701172	21.299412
-19.672816	-18.314427	1426.050781	24.336859
-19.672816	-18.314427	1424.400391	21.290091
-19.672816	-18.314427	1422.750000	16.724266
-19.672816	-18.314427	1421.097656	18.240660
-19.672816	-18.314427	1419.447266	15.197220
-19.672816	-18.314427	1417.794922	19.752058
-19.672816	-18.314427	1416.142578	19.747732
-19.672816	-18.314427	1414.490234	21.262127
-19.672816	-18.314427	1412.835938	13.665515
-19.672816	-18.314427	1411.183594	22.770866
-19.672816	-18.314427	1409.529297	18.212700
-19.672816	-18.314427	1407.875000	25.795666
-19.672816	-18.314427	1406.220703	21.238831
-19.672816	-18.314427	1404.566406	15.167265
-19.672816	-18.314427	1402.910156	15.163938
-19.672816	-18.314427	1401.255859	19.708792
-19.672816	-18.314427	1399.599609	15.157282
-19.672816	-18.314427	1397.943359	15.153955
-19.672816	-18.314427	1396.287109	21.210878
-19.672816	-18.314427	1394.628906	24.235680
-19.672816	-18.314427	1392.970703	27.259151
-19.672816	-18.314427	1391.314453	15.140646
-19.672816	-18.314427	1389.656250	16.651051
-19.672816	-18.314427	1387.998047	21.187590
-19.672816	-18.314427	1386.337891	18.156799
-19.672816	-18.314427	1384.679688	16.640072
-19.672816	-18.314427	1383.019531	13.611611
-19.672816	-18.314427	1381.359375	25.705166
-19.672816	-18.314427	1379.699219	25.699511
-19.672816	-18.314427	1378.039063	13.602630
-19.672816	-18.314427	1376.376953	16.621778
-19.672816	-18.314427	1374.716797	19.639595
-19.672816	-18.314427	1373.054688	13.593650
-19.672816	-18.314427	1371.392578	16.610802
-19.672816	-18.314427	1369.728516	18.116884
-19.672816	-18.314427	1368.066406	19.622301
-19.672816	-18.314427	1366.402344	19.617977
-19.672816	-18.314427	1364.740234	25.648626
-19.672816	-18.314427	1363.076172	21.117743
-19.672816	-18.314427	1361.412109	15.080776
-19.672816	-18.314427	1359.746094	22.616177
-19.672816	-18.314427	1358.082031	16.581539
-19.672816	-18.314427	1356.416016	21.099121
-19.672816	-18.314427	1354.750000	24.107962
-19.672816	-18.314427	1353.083984	27.115471
-19.672816	-18.314427	1351.417969	16.566908
-19.672816	-18.314427	1349.750000	24.092003
-19.672816	-18.314427	1348.083984	19.570429
-19.672816	-18.314427	1346.416016	19.566107
-19.672816	-18.314427	1344.748047	22.571291
-19.672816	-18.314427	1343.078125	22.566305
-19.672816	-18.314427	1341.410156	19.553143
-19.672816	-18.314427	1339.740234	16.541309
-19.672816	-18.314427	1338.072266	19.544500
-19.672816	-18.314427	1336.402344	21.043268
-19.672816	-18.314427	1334.730469	21.038616
-19.672816	-18.314427	1333.060547	16.526684
-19.672816	-18.314427	1331.388672	13.518841
-19.672816	-18.314427	1329.718750	21.024654
-19.672816	-18.314427	1328.046875	13.512858
-19.672816	-18.314427	1326.375000	16.512060
-19.672816	-18.314427	1324.701172	21.010696
-19.672816	-18.314427	1323.029297	19.505611
-19.672816	-18.314427	1321.355469	16.501093
-19.672816	-18.314427	1319.681641	16.497437
-19.672816	-18.314427	1318.007813	22.491520
-19.672816	-18.314427	1316.333984	20.987432
-19.672816	-18.314427	1314.660156	22.481550
-19.672816	-18.314427	1312.984375	13.485939
-19.672816	-18.314427	1311.308594	16.479158
-19.672816	-18.314427	1309.632813	17.973276
-19.672816	-18.314427	1307.957031	16.471849
-19.672816	-18.314427	1306.279297	11.976868
-19.672816	-18.314427	1304.603516	25.445196
-19.672816	-18.314427	1302.925781	22.446659
-19.672816	-18.314427	1301.248047	17.953341
-19.672816	-18.314427	1299.570313	22.436691
-19.672816	-18.314427	1297.892578	16.449919
-19.672816	-18.314427	1296.212891	19.436495
-19.672816	-18.314427	1294.533203	20.926958
-19.672816	-18.314427	1292.853516	19.427856
-19.672816	-18.314427	1291.173828	20.917654
-19.672816	-18.314427	1289.494141	23.900576
-19.672816	-18.314427	1287.812500	17.921446
-19.672816	-18.314427	1286.132813	20.903702
-19.672816	-18.314427	1284.451172	14.927894
-19.672816	-18.314427	1282.769531	19.401943
-19.672816	-18.314427	1281.085938	16.413374
-19.672816	-18.314427	1279.404297	17.901514
-19.672816	-18.314427	1277.720703	19.388988
-19.672816	-18.314427	1276.039063	22.366926
-19.672816	-18.314427	1274.355469	17.889555
-19.672816	-18.314427	1272.669922	19.376034
-19.672816	-18.314427	1270.986328	20.861847
-19.672816	-18.314427	1269.300781	20.857197
-19.672816	-18.314427	1267.615234	20.852547
-19.672816	-18.314427	1265.929688	16.380489
-19.672816	-18.314427	1264.244141	19.354443
-19.672816	-18.314427	1262.558594	25.304010
-19.672816	-18.314427	1260.871094	11.905112
-19.672816	-18.314427	1259.185547	14.878069
-19.672816	-18.314427	1257.498047	19.337172
-19.672816	-18.314427	1255.808594	13.384284
-19.672816	-18.314427	1254.121094	26.762590
-19.672816	-18.314427	1252.433594	22.297176
-19.672816	-18.314427	1250.744141	22.292196
-19.672816	-18.314427	1249.054688	20.801399
-19.672816	-18.314427	1247.365234	14.854822
-19.672816	-18.314427	1245.673828	16.336651
-19.672816	-18.314427	1243.984375	19.302633
-19.672816	-18.314427	1242.292969	16.329346
-19.672816	-18.314427	1240.601563	20.778154
-19.672816	-18.314427	1238.910156	19.289682
-19.672816	-18.314427	1237.218750	16.318386
-19.672816	-18.314427	1235.525391	10.382104
-19.672816	-18.314427	1233.833984	20.759558
-19.672816	-18.314427	1232.140625	20.754910
-19.672816	-18.314427	1230.447266	17.785938
-19.672816	-18.314427	1228.753906	23.709272
-19.672816	-18.314427	1227.058594	20.740965
-19.672816	-18.314427	1225.365234	23.698647
-19.672816	-18.314427	1223.669922	19.250834
-19.672816	-18.314427	1221.974609	19.246517
-19.672816	-18.314427	1220.277344	13.321524
-19.672816	-18.314427	1218.582031	17.758047
-19.672816	-18.314427	1216.884766	26.631096
-19.672816	-18.314427	1215.189453	26.625120
-19.672816	-18.314427	1213.492188	20.703779
-19.672816	-18.314427	1211.792969	25.134659
-19.672816	-18.314427	1210.095703	22.172659
-19.672816	-18.314427	1208.396484	23.645525
-19.672816	-18.314427	1206.699219	19.207674
-19.672816	-18.314427	1205.000000	25.112083
-19.672816	-18.314427	1203.298828	28.060139
-19.672816	-18.314427	1201.599609	26.577312
-19.672816	-18.314427	1199.900391	22.142782
-19.672816	-18.314427	1198.199219	16.234388
-19.672816	-18.314427	1196.498047	14.755215
-19.672816	-18.314427	1194.796875	11.801517
-19.672816	-18.314427	1193.093750	17.698292
-19.672816	-18.314427	1191.392578	16.219782
-19.672816	-18.314427	1189.689453	22.112906
-19.672816	-18.314427	1187.986328	28.003374
-19.672816	-18.314427	1186.283203	20.629417
-19.672816	-18.314427	1184.580078	16.205177
-19.672816	-18.314427	1182.875000	19.147257
-19.672816	-18.314427	1181.169922	23.560545
-19.672816	-18.314427	1179.464844	17.666426
-19.672816	-18.314427	1177.759766	22.078053
-19.672816	-18.314427	1176.054688	22.073074
-19.672816	-18.314427	1174.347656	22.068096
-19.672816	-18.314427	1172.642578	17.650494
-19.672816	-18.314427	1170.935547	20.587597
-19.672816	-18.314427	1169.228516	16.172318
-19.672816	-18.314427	1167.519531	17.638546
-19.672816	-18.314427	1165.812500	14.695469
-19.672816	-18.314427	1164.103516	14.692150
-19.672816	-18.314427	1162.394531	13.219948
-19.672816	-18.314427	1160.685547	19.091166
-19.672816	-18.314427	1158.976563	19.086853
-19.672816	-18.314427	1157.265625	20.550425
-19.672816	-18.314427	1155.556641	16.143112
-19.672816	-18.314427	1153.845703	22.008356
-19.672816	-18.314427	1152.134766	17.602703
-19.672816	-18.314427	1150.423828	24.931522
-19.672816	-18.314427	1148.710938	17.594738
-19.672816	-18.314427	1146.998047	13.193068
-19.672816	-18.314427	1145.287109	13.190081
-19.672816	-18.314427	1143.572266	21.978491
-19.672816	-18.314427	1141.859375	20.508612
-19.672816	-18.314427	1140.146484	36.614227
-19.672816	-18.314427	1138.431641	21.963558
-19.672816	-18.314427	1136.716797	20.494675
-19.672816	-18.314427	1135.001953	19.026457
-19.672816	-18.314427	1133.287109	21.948626
-19.672816	-18.314427	1131.570313	24.869469
-19.672816	-18.314427	1129.855469	19.013515
-19.672816	-18.314427	1128.138672	19.009203
-19.672816	-18.314427	1126.421875	19.004889
-19.672816	-18.314427	1124.703125	20.462158
-19.672816	-18.314427	1122.986328	17.535011
-19.672816	-18.314427	1121.267578	23.374706
-19.672816	-18.314427	1119.548828	23.369398
-19.672816	-18.314427	1117.830078	21.903835
-19.672816	-18.314427	1116.111328	20.438934
-19.672816	-18.314427	1114.392578	24.813065
-19.672816	-18.314427	1112.671875	17.511124
-19.672816	-18.314427	1110.951172	17.507143
-19.672816	-18.314427	1109.230469	23.337549
-19.672816	-18.314427	1107.509766	17.499180
-19.672816	-18.314427	1105.787109	18.953133
-19.672816	-18.314427	1104.066406	14.576015
-19.672816	-18.314427	1102.343750	20.401777
-19.672816	-18.314427	1100.621094	23.311010
-19.672816	-18.314427	1098.896484	23.305702
-19.672816	-18.314427	1097.173828	14.562746
-19.672816	-18.314427	1095.449219	14.559429
-19.672816	-18.314427	1093.724609	30.567835
-19.672816	-18.314427	1092.000000	27.650311
-19.672816	-18.314427	1090.275391	11.639583
-19.672816	-18.314427	1088.550781	14.546161
-19.672816	-18.314427	1086.824219	20.359982
-19.672816	-18.314427	1085.097656	23.263243
-19.672816	-18.314427	1083.371094	21.804316
-19.672816	-18.314427	1081.644531	15.986182
-19.672816	-18.314427	1079.916016	15.982534
-19.672816	-18.314427	1078.189453	21.789389
-19.672816	-18.314427	1076.460938	27.593592
-19.672816	-18.314427	1074.732422	20.327477
-19.672816	-18.314427	1073.001953	27.580988
-19.672816	-18.314427	1071.273438	15.964293
-19.672816	-18.314427	1069.542969	15.960645
-19.672816	-18.314427	1067.812500	21.759541
-19.672816	-18.314427	1066.082031	18.853956
-19.672816	-18.314427	1064.351563	21.749592
-19.672816	-18.314427	1062.619141	26.093540
-19.672816	-18.314427	1060.888672	17.391714
-19.672816	-18.314427	1059.156250	21.734669
-19.672816	-18.314427	1057.421875	14.486463
-19.672816	-18.314427	1055.689453	23.173035
-19.672816	-18.314427	1053.957031	27.511679
-19.672816	-18.314427	1052.222656	14.476515
-19.672816	-18.314427	1050.488281	26.051758
-19.672816	-18.314427	1048.753906	17.363859
-19.672816	-18.314427	1047.019531	18.806538
-19.672816	-18.314427	1045.283203	21.694878
-19.672816	-18.314427	1043.546875	18.797916
-19.672816	-18.314427	1041.810547	18.793606
-19.672816	-18.314427	1040.074219	20.234625
-19.672816	-18.314427	1038.337891	21.674982
-19.672816	-18.314427	1036.599609	17.336008
-19.672816	-18.314427	1034.861328	17.332029
-19.672816	-18.314427	1033.123047	18.772055
-19.672816	-18.314427	1031.384766	25.986109
-19.672816	-18.314427	1029.646484	17.320093
-19.672816	-18.314427	1027.906250	27.417183
-19.672816	-18.314427	1026.167969	23.082850
-19.672816	-18.314427	1024.427734	27.404587
-19.672816	-18.314427	1022.685547	24.514257
-19.672816	-18.314427	1020.945313	34.600407
-19.672816	-18.314427	1019.203125	28.827044
-19.672816	-18.314427	1017.462891	24.497351
-19.672816	-18.314427	1015.720703	23.051027
-19.672816	-18.314427	1013.976563	17.284292
-19.672816	-18.314427	1012.234375	20.160368
-19.672816	-18.314427	1010.490234	23.035116
-19.672816	-18.314427	1008.746094	24.469177
-19.672816	-18.314427	1007.001953	18.707415
-19.672816	-18.314427	1005.257813	25.896608
-19.672816	-18.314427	1003.513672	31.644119
-19.672816	-18.314427	1001.767578	27.322714
-19.672816	-18.314427	1000.021484	24.441006
-19.672816	-18.314427	998.275391	30.184870
-19.672816	-18.314427	996.529297	20.118607
-19.672816	-18.314427	994.781250	22.987392
-19.672816	-18.314427	993.035156	30.163992
-19.672816	-18.314427	991.287109	27.284935
-19.672816	-18.314427	989.539063	43.071537
-19.672816	-18.314427	987.789063	43.061596
-19.672816	-18.314427	986.041016	21.525827
-19.672816	-18.314427	984.291016	34.433372
-19.672816	-18.314427	982.541016	30.122242
-19.672816	-18.314427	980.791016	43.021832
-19.672816	-18.314427	979.041016	41.578163
-19.672816	-18.314427	977.289063	34.401562
-19.672816	-18.314427	975.537109	31.527477
-19.672816	-18.314427	973.785156	37.251133
-19.672816	-18.314427	972.033203	50.134159
-19.672816	-18.314427	970.281250	38.665977
-19.672816	-18.314427	968.527344	44.384003
-19.672816	-18.314427	966.773438	32.922447
-19.672816	-18.314427	965.019531	31.483747
-19.672816	-18.314427	963.265625	48.645439
-19.672816	-18.314427	961.511719	42.912506
-19.672816	-18.314427	959.755859	38.612312
-19.672816	-18.314427	958.000000	35.743862
-19.672816	-18.314427	956.244141	31.447311
-19.672816	-18.314427	954.488281	27.152748
-19.672816	-18.314427	952.730469	34.290260
-19.672816	-18.314427	950.974609	37.139172
-19.672816	-18.314427	949.216797	38.558659
-19.672816	-18.314427	947.458984	35.694180
-19.672816	-18.314427	945.701172	34.258465
-19.672816	-18.314427	943.941406	48.521568
-19.672816	-18.314427	942.181641	38.522892
-19.672816	-18.314427	940.421875	45.646164
-19.672816	-18.314427	938.662109	29.948341
-19.672816	-18.314427	936.902344	25.664047
-19.672816	-18.314427	935.140625	28.508986
-19.672816	-18.314427	933.380859	31.352600
-19.672816	-18.314427	931.619141	24.221380
-19.672816	-18.314427	929.855469	31.338032
-19.672816	-18.314427	928.093750	24.210123
-19.672816	-18.314427	926.330078	21.356907
-19.672816	-18.314427	924.568359	22.775404
-19.672816	-18.314427	922.804688	24.193239
-19.672816	-18.314427	921.039063	24.187613
-19.672816	-18.314427	919.275391	25.604454
-19.672816	-18.314427	917.509766	29.864912
-19.672816	-18.314427	915.744141	22.748922
-19.672816	-18.314427	913.978516	15.636244
-19.672816	-18.314427	912.212891	25.580622
-19.672816	-18.314427	910.447266	19.891407
-19.672816	-18.314427	908.679688	21.307257
-19.672816	-18.314427	906.912109	31.243362
-19.672816	-18.314427	905.144531	28.396439
-19.672816	-18.314427	903.375000	21.292364
-19.672816	-18.314427	901.607422	14.191601
-19.672816	-18.314427	899.837891	24.120096
-19.672816	-18.314427	898.068359	24.114470
-19.672816	-18.314427	896.298828	25.527012
-19.672816	-18.314427	894.529297	19.849710
-19.672816	-18.314427	892.757813	19.845079
-19.672816	-18.314427	890.986328	32.595020
-19.672816	-18.314427	889.214844	31.170567
-19.672816	-18.314427	887.443359	26.913750
-19.672816	-18.314427	885.669922	26.907465
-19.672816	-18.314427	883.898438	19.821922
-19.672816	-18.314427	882.125000	18.401770
-19.672816	-18.314427	880.351563	21.227850
-19.672816	-18.314427	878.578125	26.882326
-19.672816	-18.314427	876.802734	26.876041
-19.672816	-18.314427	875.027344	32.526546
-19.672816	-18.314427	873.251953	24.035740
-19.672816	-18.314427	871.476563	28.270727
-19.672816	-18.314427	869.701172	26.850906
-19.672816	-18.314427	867.923828	22.605999
-19.672816	-18.314427	866.146484	29.663429
-19.672816	-18.314427	864.369141	22.595417
-19.672816	-18.314427	862.591797	24.002010
-19.672816	-18.314427	860.814453	18.350180
-19.672816	-18.314427	859.035156	23.990770
-19.672816	-18.314427	857.255859	22.574259
-19.672816	-18.314427	855.476563	22.568970
-19.672816	-18.314427	853.697266	26.794369
-19.672816	-18.314427	851.916016	16.918793
-19.672816	-18.314427	850.136719	22.553102
-19.672816	-18.314427	848.355469	18.320099
-19.672816	-18.314427	846.574219	23.951433
-19.672816	-18.314427	844.791016	26.762970
-19.672816	-18.314427	843.009766	25.348444
-19.672816	-18.314427	841.226563	28.158327
-19.672816	-18.314427	839.443359	22.521376
-19.672816	-18.314427	837.660156	14.072555
-19.672816	-18.314427	835.875000	22.510801
-19.672816	-18.314427	834.091797	22.505514
-19.672816	-18.314427	832.306641	29.531549
-19.672816	-18.314427	830.521484	25.306810
-19.672816	-18.314427	828.734375	18.272846
-19.672816	-18.314427	826.949219	18.268551
-19.672816	-18.314427	825.162109	16.859314
-19.672816	-18.314427	823.375000	15.450738
-19.672816	-18.314427	821.587891	16.851387
-19.672816	-18.314427	819.800781	18.251375
-19.672816	-18.314427	818.011719	26.668812
-19.672816	-18.314427	816.222656	18.242788
-19.672816	-18.314427	814.433594	21.044418
-19.672816	-18.314427	812.644531	22.442095
-19.672816	-18.314427	810.855469	19.632210
-19.672816	-18.314427	809.064453	22.431530
-19.672816	-18.314427	807.273438	23.827887
-19.672816	-18.314427	805.482422	21.019653
-19.672816	-18.314427	803.691406	28.019602
-19.672816	-18.314427	801.898438	15.407150
-19.672816	-18.314427	800.107422	23.805439
-19.672816	-18.314427	798.314453	16.799877
-19.672816	-18.314427	796.521484	22.394556
-19.672816	-18.314427	794.726563	18.191286
-19.672816	-18.314427	792.933594	25.181995
-19.672816	-18.314427	791.138672	26.574724
-19.672816	-18.314427	789.343750	23.771774
-19.672816	-18.314427	787.546875	23.766165
-19.672816	-18.314427	785.751953	29.351276
-19.672816	-18.314427	783.955078	22.357597
-19.672816	-18.314427	782.158203	22.352320
-19.672816	-18.314427	780.361328	25.140421
-19.672816	-18.314427	778.564453	23.738123
-19.672816	-18.314427	776.765625	26.524576
-19.672816	-18.314427	774.968750	26.518309
-19.672816	-18.314427	773.169922	22.325932
-19.672816	-18.314427	771.369141	25.110735
-19.672816	-18.314427	769.570313	34.867779
-19.672816	-18.314427	767.769531	27.887627
-19.672816	-18.314427	765.970703	20.910774
-19.672816	-18.314427	764.167969	22.299551
-19.672816	-18.314427	762.367188	27.867844
-19.672816	-18.314427	760.566406	23.682062
-19.672816	-18.314427	758.763672	27.854656
-19.672816	-18.314427	756.960938	38.987289
-19.672816	-18.314427	755.158203	19.489031
-19.672816	-18.314427	753.353516	23.659649
-19.672816	-18.314427	751.550781	30.611118
-19.672816	-18.314427	749.746094	26.430613
-19.672816	-18.314427	747.941406	25.033596
-19.672816	-18.314427	746.136719	38.931923
-19.672816	-18.314427	744.330078	30.582121
-19.672816	-18.314427	742.523438	29.185104
-19.672816	-18.314427	740.718750	27.788750
-19.672816	-18.314427	738.910156	29.171268
-19.672816	-18.314427	737.103516	23.609238
-19.672816	-18.314427	735.294922	20.826738
-19.672816	-18.314427	733.488281	27.762398
-19.672816	-18.314427	731.679688	27.755812
-19.672816	-18.314427	729.869141	24.974304
-19.672816	-18.314427	728.060547	27.742640
-19.672816	-18.314427	726.250000	26.349253
-19.672816	-18.314427	724.439453	24.956524
-19.672816	-18.314427	722.628906	23.564453
-19.672816	-18.314427	720.818359	20.787228
-19.672816	-18.314427	719.005859	29.095205
-19.672816	-18.314427	717.195313	29.088293
-19.672816	-18.314427	715.382813	20.772415
-19.672816	-18.314427	713.568359	27.689972
-19.672816	-18.314427	711.755859	17.994204
-19.672816	-18.314427	709.941406	20.757608
-19.672816	-18.314427	708.126953	29.053741
-19.672816	-18.314427	706.312500	22.130920
-19.672816	-18.314427	704.498047	23.508511
-19.672816	-18.314427	702.681641	24.885443
-19.672816	-18.314427	700.867188	17.968544
-19.672816	-18.314427	699.050781	35.928535
-19.672816	-18.314427	697.232422	26.249220
-19.672816	-18.314427	695.416016	23.480555
-19.672816	-18.314427	693.597656	17.951443
-19.672816	-18.314427	691.779297	23.469376
-19.672816	-18.314427	689.960938	22.083563
-19.672816	-18.314427	688.142578	20.698410
-19.672816	-18.314427	686.324219	20.693480
-19.672816	-18.314427	684.503906	22.067785
-19.672816	-18.314427	682.683594	22.062527
-19.672816	-18.314427	680.863281	17.921532
-19.672816	-18.314427	679.041016	27.565014
-19.672816	-18.314427	677.218750	20.668833
-19.672816	-18.314427	675.398438	20.663904
-19.672816	-18.314427	673.576172	26.168037
-19.672816	-18.314427	671.751953	17.900175
-19.672816	-18.314427	669.929688	26.155554
-19.672816	-18.314427	668.105469	28.901875
-19.672816	-18.314427	666.281250	24.767124
-19.672816	-18.314427	664.457031	27.512459
-19.672816	-18.314427	662.630859	23.380007
-19.672816	-18.314427	660.806641	16.499596
-19.672816	-18.314427	658.980469	21.994207
-19.672816	-18.314427	657.154297	28.860504
-19.672816	-18.314427	655.326172	26.105648
-19.672816	-18.314427	653.500000	26.099413
-19.672816	-18.314427	651.671875	34.333126
-19.672816	-18.314427	649.843750	35.697922
-19.672816	-18.314427	648.015625	34.316723
-19.672816	-18.314427	646.185547	30.191498
-19.672816	-18.314427	644.357422	24.696230
-19.672816	-18.314427	642.527344	21.946955
-19.672816	-18.314427	640.697266	32.912563
-19.672816	-18.314427	638.865234	38.388805
-19.672816	-18.314427	637.035156	41.121025
-19.672816	-18.314427	635.203125	32.888950
-19.672816	-18.314427	633.371094	34.251125
-19.672816	-18.314427	631.539063	31.503496
-19.672816	-18.314427	629.705078	30.126568
-19.672816	-18.314427	627.873047	30.119358
-19.672816	-18.314427	626.039063	32.849613
-19.672816	-18.314427	624.203125	31.473345
-19.672816	-18.314427	622.369141	32.833885
-19.672816	-18.314427	620.535156	31.458271
-19.672816	-18.314427	618.699219	38.287853
-19.672816	-18.314427	616.863281	34.177395
-19.672816	-18.314427	615.025391	36.902744
-19.672816	-18.314427	613.189453	36.893898
-19.672816	-18.314427	611.351563	35.518944
-19.672816	-18.314427	609.513672	34.144646
-19.672816	-18.314427	607.675781	35.501919
-19.672816	-18.314427	605.837891	36.858540
-19.672816	-18.314427	603.998047	36.849701
-19.672816	-18.314427	602.158203	32.747433
-19.672816	-18.314427	600.318359	27.282984
-19.672816	-18.314427	598.478516	25.912617
-19.672816	-18.314427	596.636719	24.542906
-19.672816	-18.314427	594.796875	35.442356
-19.672816	-18.314427	592.955078	24.531128
-19.672816	-18.314427	591.111328	29.975294
-19.672816	-18.314427	589.269531	28.605913
-19.672816	-18.314427	587.425781	31.322763
-19.672816	-18.314427	585.583984	31.315243
-19.672816	-18.314427	583.738281	20.418081
-19.672816	-18.314427	581.894531	25.856691
-19.672816	-18.314427	580.050781	25.850481
-19.672816	-18.314427	578.205078	24.484045
-19.672816	-18.314427	576.359375	20.398470
-19.672816	-18.314427	574.513672	25.831852
-19.672816	-18.314427	572.666016	25.825645
-19.672816	-18.314427	570.818359	27.178356
-19.672816	-18.314427	568.970703	16.303093
-19.672816	-18.314427	567.123047	23.090498
-19.672816	-18.314427	565.275391	31.232573
-19.672816	-18.314427	563.425781	24.437006
-19.672816	-18.314427	561.576172	19.001989
-19.672816	-18.314427	559.726563	23.068295
-19.672816	-18.314427	557.876953	23.062746
-19.672816	-18.314427	556.027344	32.551338
-19.672816	-18.314427	554.175781	21.695669
-19.672816	-18.314427	552.324219	21.690449
-19.672816	-18.314427	550.472656	29.817190
-19.672816	-18.314427	548.619141	32.520016
-19.672816	-18.314427	546.767578	31.157513
-19.672816	-18.314427	544.914063	27.086966
-19.672816	-18.314427	543.060547	24.372400
-19.672816	-18.314427	541.205078	35.196098
-19.672816	-18.314427	539.351563	43.307842
-19.672816	-18.314427	537.496094	44.650455
-19.672816	-18.314427	535.640625	37.876110
-19.672816	-18.314427	533.785156	39.219379
-19.672816	-18.314427	531.927734	60.842991
-19.672816	-18.314427	530.070313	71.642258
-19.672816	-18.314427	528.212891	86.490555
-19.672816	-18.314427	526.355469	110.789314
-19.672816	-18.314427	524.498047	181.002319
-19.672816	-18.314427	522.638672	371.370422
-19.672816	-18.314427	520.779297	583.248535
-19.672816	-18.314427	518.919922	456.227936
-19.672816	-18.314427	517.060547	236.155716
-19.672816	-18.314427	515.199219	147.055801
-19.672816	-18.314427	513.339844	102.509590
-19.672816	-18.314427	511.478516	72.818192
-19.672816	-18.314427	509.615234	66.059822
-19.672816	-18.314427	507.753906	74.130890
-19.672816	-18.314427	505.890625	52.552856
-19.672816	-18.314427	504.027344	61.970463
-19.672816	-18.314427	502.164063	47.140057
-19.672816	-18.314427	500.300781	39.049477
-19.672816	-18.314427	498.435547	55.194553
-19.672816	-18.314427	496.570313	65.948296
-19.672816	-18.314427	494.705078	55.167904
-19.672816	-18.314427	492.839844	57.845051
-19.672816	-18.314427	490.972656	57.831081
-19.672816	-18.314427	489.107422	53.783360
-19.672816	-18.314427	487.240234	49.737591
-19.672816	-18.314427	485.371094	41.661968
-19.672816	-18.314427	483.503906	42.995514
-19.672816	-18.314427	481.634766	41.641842
-19.672816	-18.314427	479.765625	41.631779
-19.672816	-18.314427	477.896484	41.621716
-19.672816	-18.314427	476.027344	37.584724
-19.672816	-18.314427	474.156250	30.865704
-19.672816	-18.314427	472.285156	30.858242
-19.672816	-18.314427	470.414063	36.216133
-19.672816	-18.314427	468.542969	30.843323
-19.672816	-18.314427	466.669922	30.835865
-19.672816	-18.314427	464.796875	44.232063
-19.672816	-18.314427	462.923828	37.521160
-19.672816	-18.314427	461.050781	30.813498
-19.672816	-18.314427	459.177734	38.842403
-19.672816	-18.314427	457.302734	37.493938
-19.672816	-18.314427	455.427734	32.129887
-19.672816	-18.314427	453.552734	34.798954
-19.672816	-18.314427	451.675781	28.100048
-19.672816	-18.314427	449.800781	32.106567
-19.672816	-18.314427	447.923828	29.423899
-19.672816	-18.314427	446.046875	32.091030
-19.672816	-18.314427	444.169922	25.399250
-19.672816	-18.314427	442.291016	26.729580
-19.672816	-18.314427	440.412109	30.731575
-19.672816	-18.314427	438.533203	38.739128
-19.672816	-18.314427	436.654297	29.381187
-19.672816	-18.314427	434.773438	34.714813
-19.672816	-18.314427	432.894531	22.692650
-19.672816	-18.314427	431.013672	22.687155
-19.672816	-18.314427	429.130859	30.686953
-19.672816	-18.314427	427.250000	25.343950
-19.672816	-18.314427	425.367188	29.338518
-19.672816	-18.314427	423.484375	22.665180
-19.672816	-18.314427	421.601563	23.992613
-19.672816	-18.314427	419.718750	21.321600
-19.672816	-18.314427	417.833984	23.980988
-19.672816	-18.314427	415.949219	29.302992
-19.672816	-18.314427	414.064453	25.300997
-19.672816	-18.314427	412.179688	39.939259
-19.672816	-18.314427	410.294922	25.288734
-19.672816	-18.314427	408.408203	27.943932
-19.672816	-18.314427	406.521484	30.597837
-19.672816	-18.314427	404.634766	35.910492
-19.672816	-18.314427	402.746094	45.209660
-19.672816	-18.314427	400.857422	66.468674
-19.672816	-18.314427	398.968750	69.110657
-19.672816	-18.314427	397.080078	95.668472
-19.672816	-18.314427	395.191406	83.689613
-19.672816	-18.314427	393.300781	79.685066
-19.672816	-18.314427	391.410156	70.371399
-19.672816	-18.314427	389.519531	57.079929
-19.672816	-18.314427	387.628906	66.355911
-19.672816	-18.314427	385.736328	51.745056
-19.672816	-18.314427	383.843750	57.038399
-19.672816	-18.314427	381.951172	50.393799
-19.672816	-18.314427	380.058594	54.359066
-19.672816	-18.314427	378.164063	66.275459
-19.672816	-18.314427	376.271484	79.511253
-19.672816	-18.314427	374.376953	78.167091
-19.672816	-18.314427	372.480469	70.200851
-19.672816	-18.314427	370.585938	50.320473
-19.672816	-18.314427	368.689453	56.927765
-19.672816	-18.314427	366.792969	62.208271
-19.672816	-18.314427	364.896484	46.314064
-19.672816	-18.314427	363.000000	42.334007
-19.672816	-18.314427	361.101563	50.259430
-19.672816	-18.314427	359.203125	58.181000
-19.672816	-18.314427	357.304688	55.522926
-19.672816	-18.314427	355.406250	44.936218
-19.672816	-18.314427	353.505859	55.495968
-19.672816	-18.314427	351.605469	55.482491
-19.672816	-18.314427	349.705078	62.072475
-19.672816	-18.314427	347.804688	48.853699
-19.672816	-18.314427	345.902344	43.561634
-19.672816	-18.314427	344.001953	55.428616
-19.672816	-18.314427	342.099609	52.776337
-19.672816	-18.314427	340.195313	40.891727
-19.672816	-18.314427	338.292969	36.925491
-19.672816	-18.314427	336.388672	38.234970
-19.672816	-18.314427	334.484375	39.543812
-19.672816	-18.314427	332.580078	44.805431
-19.672816	-18.314427	330.675781	43.477058
-19.672816	-18.314427	328.769531	28.977665
-19.672816	-18.314427	326.863281	31.604319
-19.672816	-18.314427	324.957031	44.761906
-19.672816	-18.314427	323.048828	38.169998
-19.672816	-18.314427	321.142578	38.160721
-19.672816	-18.314427	319.234375	34.204750
-19.672816	-18.314427	317.326172	35.511684
-19.672816	-18.314427	315.417969	35.503056
-19.672816	-18.314427	313.507813	23.662952
-19.672816	-18.314427	311.597656	32.857224
-19.672816	-18.314427	309.687500	34.163208
-19.672816	-18.314427	307.777344	30.213955
-19.672816	-18.314427	305.865234	28.893282
-19.672816	-18.314427	303.955078	31.512283
-19.672816	-18.314427	302.042969	32.817318
-19.672816	-18.314427	300.128906	32.809341
-19.672816	-18.314427	298.216797	32.801365
-19.672816	-18.314427	296.302734	31.481657
-19.672816	-18.314427	294.388672	38.031090
-19.672816	-18.314427	292.474609	39.332943
-19.672816	-18.314427	290.560547	41.944942
-19.672816	-18.314427	288.644531	43.245205
-19.672816	-18.314427	286.728516	51.095547
-19.672816	-18.314427	284.812500	52.392948
-19.672816	-18.314427	282.896484	51.070709
-19.672816	-18.314427	280.978516	58.913414
-19.672816	-18.314427	279.060547	54.972485
-19.672816	-18.314427	277.142578	54.959122
-19.672816	-18.314427	275.224609	66.719849
-19.672816	-18.314427	273.304688	71.935287
-19.672816	-18.314427	271.384766	74.532990
-19.672816	-18.314427	269.464844	94.124046
-19.672816	-18.314427	267.544922	87.566360
-19.672816	-18.314427	265.623047	116.291214
-19.672816	-18.314427	263.703125	222.075272
-19.672816	-18.314427	261.781250	305.605774
-19.672816	-18.314427	259.857422	312.059906
-19.672816	-18.314427	257.935547	236.272430
-19.672816	-18.314427	256.011719	240.130142
-19.672816	-18.314427	254.087891	257.033356
-19.672816	-18.314427	252.164063	676.994324
-19.672816	-18.314427	250.240234	1875.300781
-19.672816	-18.314427	248.314453	1825.300903
-19.672816	-18.314427	246.388672	741.674072
-19.672816	-18.314427	244.462891	359.670074
-19.672816	-18.314427	242.535156	227.996231
-19.672816	-18.314427	240.609375	196.680344
-19.672816	-18.314427	238.681641	173.192886
-19.672816	-18.314427	236.753906	126.282890
-19.672816	-18.314427	234.824219	113.236496
-19.672816	-18.314427	232.896484	83.280159
-19.672816	-18.314427	230.966797	83.259911
-19.672816	-18.314427	229.037109	67.632233
-19.672816	-18.314427	227.107422	80.618820
-19.672816	-18.314427	225.175781	67.599342
-19.672816	-18.314427	223.244141	80.579620
-19.672816	-18.314427	221.312500	98.751007
-19.672816	-18.314427	219.380859	88.334686
-19.672816	-18.314427	217.447266	83.118309
-19.672816	-18.314427	215.515625	79.202881
-19.672816	-18.314427	213.582031	70.096977
-19.672816	-18.314427	211.646484	68.782166
-19.672816	-18.314427	209.712891	62.278133
-19.672816	-18.314427	207.777344	57.074413
-19.672816	-18.314427	205.841797	47.982723
-19.672816	-18.314427	203.906250	33.709393
-19.672816	-18.314427	201.968750	33.701199
-19.672816	-18.314427	200.033203	33.693005
-19.672816	-18.314427	198.095703	41.458237
-19.672816	-18.314427	196.158203	29.790863
-19.672816	-18.314427	194.218750	29.783623
-19.672816	-18.314427	192.281250	29.776382
-19.672816	-18.314427	190.341797	34.946388
-19.672816	-18.314427	188.402344	31.055906
-19.672816	-18.314427	186.460938	24.579950
-19.672816	-18.314427	184.521484	25.867344
-19.672816	-18.314427	182.580078	32.326321
-19.672816	-18.314427	180.638672	25.854771
-19.672816	-18.314427	178.695313	28.433336
-19.672816	-18.314427	176.753906	27.134317
-19.672816	-18.314427	174.810547	31.003113
-19.672816	-18.314427	172.867188	27.121132
-19.672816	-18.314427	170.921875	24.532204
-19.672816	-18.314427	168.978516	24.526243
-19.672816	-18.314427	167.033203	20.648661
-19.672816	-18.314427	165.087891	28.385010
-19.672816	-18.314427	163.142578	29.668028
-19.672816	-18.314427	161.195313	23.212816
-19.672816	-18.314427	159.248047	37.389339
-19.672816	-18.314427	157.300781	25.779488
-19.672816	-18.314427	155.353516	38.659840
-19.672816	-18.314427	153.406250	36.073750
-19.672816	-18.314427	151.457031	36.064987
-19.672816	-18.314427	149.507813	37.343952
-19.672816	-18.314427	147.558594	42.484520
-19.672816	-18.314427	145.607422	47.622593
-19.672816	-18.314427	143.658203	48.897812
-19.672816	-18.314427	141.707031	55.318298
-19.672816	-18.314427	139.753906	60.449501
-19.672816	-18.314427	137.802734	68.149910
-19.672816	-18.314427	135.849609	64.276756
-19.672816	-18.314427	133.896484	51.408920
-19.672816	-18.314427	131.943359	56.536083
-19.672816	-18.314427	129.990234	56.522358
-19.672816	-18.314427	128.035156	44.950054
-19.672816	-18.314427	126.080078	48.791069
-19.672816	-18.314427	124.125000	50.062889
-19.672816	-18.314427	122.169922	57.750854
-19.672816	-18.314427	120.212891	60.302917
-19.672816	-18.314427	118.255859	61.571014
-19.672816	-18.314427	116.298828	52.579147
-19.672816	-18.314427	114.341797	42.309532
-19.672816	-18.314427	112.382813	39.735676
-19.672816	-18.314427	110.423828	30.755638
-19.672816	-18.314427	108.464844	32.029350
-19.672816	-18.314427	106.505859	29.459856
-19.672816	-18.314427	104.544922	15.366631
-19.672816	-18.314427	102.585938	16.643147
-19.672816	-18.314427	100.625000	8.959520
-19.672816	-18.314427	98.662109	5.118484
-19.672816	-18.314427	96.701172	2.558621
-19.672816	-18.314427	94.738281	2.558001
-19.672816	-18.314427	92.775391	2.557381
-19.672816	-18.314427	90.812500	1.278380
-19.672816	-18.314427	88.847656	2.556141
-19.672816	-18.314427	86.882813	1.277761
-19.672816	-18.314427	84.917969	0.000000
-19.672816	-18.314427	82.953125	0.000000
-19.672816	-18.314427	80.988281	1.276832
-19.672816	-18.314427	79.021484	0.000000
-19.672816	-18.314427	77.054688	3.828639
-19.672816	-18.314427	75.087891	0.000000
-19.672816	-18.314427	73.119141	-3.826784
-19.672816	-18.314427	71.152344	0.000000
-19.672816	-18.314427	69.183594	-1.274977
-19.672816	-18.314427	67.212891	2.549336
-19.672816	-18.314427	65.244141	1.274359
-19.672816	-18.314427	63.273438	-1.274051
-19.672816	-18.314427	61.302734	-3.821227
-19.672816	-18.314427	59.332031	1.273434
-16.672816	-18.314427	1838.626953	16.071486
-16.672816	-18.314427	1837.066406	14.464337
-16.672816	-18.314427	1835.503906	19.281679
-16.672816	-18.314427	1833.941406	12.851718
-16.672816	-18.314427	1832.378906	24.091843
-16.672816	-18.314427	1830.816406	14.452029
-16.672816	-18.314427	1829.251953	17.659832
-16.672816	-18.314427	1827.687500	24.076466
-16.672816	-18.314427	1826.125000	19.257074
-16.672816	-18.314427	1824.560547	20.857389
-16.672816	-18.314427	1822.994141	19.248878
-16.672816	-18.314427	1821.429688	12.829854
-16.672816	-18.314427	1819.865234	16.033905
-16.672816	-18.314427	1818.298828	24.045738
-16.672816	-18.314427	1816.732422	19.232496
-16.672816	-18.314427	1815.166016	24.035503
-16.672816	-18.314427	1813.599609	11.214180
-16.672816	-18.314427	1812.033203	17.618532
-16.672816	-18.314427	1810.464844	17.614782
-16.672816	-18.314427	1808.896484	19.212034
-16.672816	-18.314427	1807.330078	19.207945
-16.672816	-18.314427	1805.759766	16.003214
-16.672816	-18.314427	1804.191406	15.999806
-16.672816	-18.314427	1802.623047	22.394960
-16.672816	-18.314427	1801.052734	15.992994
-16.672816	-18.314427	1799.484375	23.984383
-16.672816	-18.314427	1797.914063	19.183422
-16.672816	-18.314427	1796.343750	20.777615
-16.672816	-18.314427	1794.771484	25.567003
-16.672816	-18.314427	1793.201172	22.366364
-16.672816	-18.314427	1791.628906	12.778057
-16.672816	-18.314427	1790.058594	14.372253
-16.672816	-18.314427	1788.486328	12.772615
-16.672816	-18.314427	1786.914063	17.558605
-16.672816	-18.314427	1785.339844	23.938454
-16.672816	-18.314427	1783.767578	28.720024
-16.672816	-18.314427	1782.193359	19.142605
-16.672816	-18.314427	1780.621094	23.923159
-16.672816	-18.314427	1779.046875	23.918062
-16.672816	-18.314427	1777.470703	12.753582
-16.672816	-18.314427	1775.896484	23.907871
-16.672816	-18.314427	1774.322266	15.935185
-16.672816	-18.314427	1772.746094	14.338611
-16.672816	-18.314427	1771.169922	22.299753
-16.672816	-18.314427	1769.593750	28.665001
-16.672816	-18.314427	1768.017578	22.290249
-16.672816	-18.314427	1766.441406	19.101856
-16.672816	-18.314427	1764.863281	25.463713
-16.672816	-18.314427	1763.287109	20.684858
-16.672816	-18.314427	1761.708984	22.271252
-16.672816	-18.314427	1760.130859	15.904646
-16.672816	-18.314427	1758.552734	20.671633
-16.672816	-18.314427	1756.972656	19.077438
-16.672816	-18.314427	1755.394531	19.073372
-16.672816	-18.314427	1753.814453	17.480196
-16.672816	-18.314427	1752.234375	15.887698
-16.672816	-18.314427	1750.654297	17.472742
-16.672816	-18.314427	1749.074219	20.645201
-16.672816	-18.314427	1747.492188	19.053043
-16.672816	-18.314427	1745.912109	20.636395
-16.672816	-18.314427	1744.330078	25.393221
-16.672816	-18.314427	1742.748047	14.280641
-16.672816	-18.314427	1741.166016	15.863993
-16.672816	-18.314427	1739.583984	17.446669
-16.672816	-18.314427	1738.000000	25.371559
-16.672816	-18.314427	1736.417969	20.609993
-16.672816	-18.314427	1734.833984	14.265412
-16.672816	-18.314427	1733.250000	17.431784
-16.672816	-18.314427	1731.666016	14.259324
-16.672816	-18.314427	1730.082031	14.256281
-16.672816	-18.314427	1728.496094	20.588011
-16.672816	-18.314427	1726.912109	14.250196
-16.672816	-18.314427	1725.326172	14.247153
-16.672816	-18.314427	1723.740234	22.157507
-16.672816	-18.314427	1722.154297	18.988094
-16.672816	-18.314427	1720.566406	23.730049
-16.672816	-18.314427	1718.980469	25.306646
-16.672816	-18.314427	1717.392578	18.975931
-16.672816	-18.314427	1715.804688	18.971878
-16.672816	-18.314427	1714.216797	20.548479
-16.672816	-18.314427	1712.628906	15.803145
-16.672816	-18.314427	1711.041016	17.379747
-16.672816	-18.314427	1709.451172	18.955673
-16.672816	-18.314427	1707.861328	14.213717
-16.672816	-18.314427	1706.271484	25.263430
-16.672816	-18.314427	1704.681641	17.364897
-16.672816	-18.314427	1703.091797	20.517765
-16.672816	-18.314427	1701.501953	17.357475
-16.672816	-18.314427	1699.910156	22.086609
-16.672816	-18.314427	1698.318359	15.772777
-16.672816	-18.314427	1696.726563	15.769405
-16.672816	-18.314427	1695.134766	17.342636
-16.672816	-18.314427	1693.542969	25.220259
-16.672816	-18.314427	1691.949219	17.335220
-16.672816	-18.314427	1690.357422	26.785065
-16.672816	-18.314427	1688.763672	14.177296
-16.672816	-18.314427	1687.169922	17.324099
-16.672816	-18.314427	1685.576172	26.767879
-16.672816	-18.314427	1683.982422	26.762154
-16.672816	-18.314427	1682.386719	14.165167
-16.672816	-18.314427	1680.791016	20.456419
-16.672816	-18.314427	1679.195313	20.452040
-16.672816	-18.314427	1677.599609	17.301868
-16.672816	-18.314427	1676.003906	18.870726
-16.672816	-18.314427	1674.408203	15.722239
-16.672816	-18.314427	1672.810547	28.293970
-16.672816	-18.314427	1671.214844	22.001709
-16.672816	-18.314427	1669.617188	15.712141
-16.672816	-18.314427	1668.019531	14.137898
-16.672816	-18.314427	1666.419922	17.275953
-16.672816	-18.314427	1664.822266	17.272253
-16.672816	-18.314427	1663.222656	17.268553
-16.672816	-18.314427	1661.623047	18.834385
-16.672816	-18.314427	1660.023438	20.399546
-16.672816	-18.314427	1658.423828	17.257454
-16.672816	-18.314427	1656.824219	18.822279
-16.672816	-18.314427	1655.222656	12.545497
-16.672816	-18.314427	1653.623047	20.382061
-16.672816	-18.314427	1652.021484	15.675148
-16.672816	-18.314427	1650.419922	21.940502
-16.672816	-18.314427	1648.818359	10.967898
-16.672816	-18.314427	1647.214844	14.098559
-16.672816	-18.314427	1645.613281	15.661707
-16.672816	-18.314427	1644.009766	23.487520
-16.672816	-18.314427	1642.406250	25.047981
-16.672816	-18.314427	1640.802734	18.781956
-16.672816	-18.314427	1639.199219	23.472406
-16.672816	-18.314427	1637.593750	20.338387
-16.672816	-18.314427	1635.990234	26.590643
-16.672816	-18.314427	1634.384766	23.457296
-16.672816	-18.314427	1632.779297	20.325293
-16.672816	-18.314427	1631.173828	23.447226
-16.672816	-18.314427	1629.568359	20.316565
-16.672816	-18.314427	1627.960938	26.562111
-16.672816	-18.314427	1626.353516	15.621415
-16.672816	-18.314427	1624.748047	23.427090
-16.672816	-18.314427	1623.140625	21.860586
-16.672816	-18.314427	1621.531250	20.294754
-16.672816	-18.314427	1619.923828	15.607995
-16.672816	-18.314427	1618.314453	21.846498
-16.672816	-18.314427	1616.707031	17.161415
-16.672816	-18.314427	1615.097656	14.038140
-16.672816	-18.314427	1613.488281	21.832413
-16.672816	-18.314427	1611.878906	21.827719
-16.672816	-18.314427	1610.267578	18.705450
-16.672816	-18.314427	1608.656250	21.818331
-16.672816	-18.314427	1607.046875	18.697405
-16.672816	-18.314427	1605.435547	14.020037
-16.672816	-18.314427	1603.824219	20.246807
-16.672816	-18.314427	1602.210938	21.799562
-16.672816	-18.314427	1600.599609	14.010988
-16.672816	-18.314427	1598.986328	18.677298
-16.672816	-18.314427	1597.373047	21.785490
-16.672816	-18.314427	1595.759766	17.113485
-16.672816	-18.314427	1594.146484	20.220675
-16.672816	-18.314427	1592.533203	18.661219
-16.672816	-18.314427	1590.917969	17.102432
-16.672816	-18.314427	1589.302734	18.653181
-16.672816	-18.314427	1587.687500	20.203259
-16.672816	-18.314427	1586.072266	24.860191
-16.672816	-18.314427	1584.457031	20.194553
-16.672816	-18.314427	1582.839844	18.637110
-16.672816	-18.314427	1581.224609	20.185850
-16.672816	-18.314427	1579.607422	23.286345
-16.672816	-18.314427	1577.990234	15.520883
-16.672816	-18.314427	1576.373047	17.069290
-16.672816	-18.314427	1574.755859	10.859933
-16.672816	-18.314427	1573.136719	23.266264
-16.672816	-18.314427	1571.517578	17.058247
-16.672816	-18.314427	1569.898438	18.604982
-16.672816	-18.314427	1568.279297	9.300484
-16.672816	-18.314427	1566.660156	15.497460
-16.672816	-18.314427	1565.041016	17.043528
-16.672816	-18.314427	1563.419922	18.588924
-16.672816	-18.314427	1561.798828	12.389941
-16.672816	-18.314427	1560.177734	24.774532
-16.672816	-18.314427	1558.556641	21.673035
-16.672816	-18.314427	1556.935547	15.477395
-16.672816	-18.314427	1555.312500	15.474051
-16.672816	-18.314427	1553.691406	23.206062
-16.672816	-18.314427	1552.068359	24.747784
-16.672816	-18.314427	1550.445313	13.917620
-16.672816	-18.314427	1548.822266	15.460680
-16.672816	-18.314427	1547.197266	17.003071
-16.672816	-18.314427	1545.574219	15.453995
-16.672816	-18.314427	1543.949219	15.450653
-16.672816	-18.314427	1542.324219	15.447311
-16.672816	-18.314427	1540.699219	15.443971
-16.672816	-18.314427	1539.072266	18.528755
-16.672816	-18.314427	1537.447266	20.068474
-16.672816	-18.314427	1535.820313	20.064131
-16.672816	-18.314427	1534.193359	18.516727
-16.672816	-18.314427	1532.566406	18.512720
-16.672816	-18.314427	1530.939453	13.881534
-16.672816	-18.314427	1529.312500	21.588821
-16.672816	-18.314427	1527.683594	15.417247
-16.672816	-18.314427	1526.056641	20.038080
-16.672816	-18.314427	1524.427734	21.574795
-16.672816	-18.314427	1522.798828	20.029398
-16.672816	-18.314427	1521.167969	13.863502
-16.672816	-18.314427	1519.539063	15.400552
-16.672816	-18.314427	1517.908203	15.397213
-16.672816	-18.314427	1516.277344	20.012037
-16.672816	-18.314427	1514.646484	20.007698
-16.672816	-18.314427	1513.015625	18.464640
-16.672816	-18.314427	1511.384766	29.229336
-16.672816	-18.314427	1509.751953	15.380524
-16.672816	-18.314427	1508.121094	19.990343
-16.672816	-18.314427	1506.488281	21.523390
-16.672816	-18.314427	1504.855469	19.981667
-16.672816	-18.314427	1503.220703	18.440611
-16.672816	-18.314427	1501.587891	15.363839
-16.672816	-18.314427	1499.953125	21.504704
-16.672816	-18.314427	1498.318359	16.892883
-16.672816	-18.314427	1496.683594	23.030746
-16.672816	-18.314427	1495.048828	21.490694
-16.672816	-18.314427	1493.414063	21.486023
-16.672816	-18.314427	1491.777344	18.412588
-16.672816	-18.314427	1490.140625	19.942636
-16.672816	-18.314427	1488.505859	19.938299
-16.672816	-18.314427	1486.867188	19.933964
-16.672816	-18.314427	1485.230469	15.330484
-16.672816	-18.314427	1483.593750	21.458010
-16.672816	-18.314427	1481.955078	13.791433
-16.672816	-18.314427	1480.316406	16.852530
-16.672816	-18.314427	1478.677734	13.785432
-16.672816	-18.314427	1477.039063	18.376575
-16.672816	-18.314427	1475.400391	26.027815
-16.672816	-18.314427	1473.759766	15.307146
-16.672816	-18.314427	1472.119141	18.364574
-16.672816	-18.314427	1470.478516	16.830526
-16.672816	-18.314427	1468.837891	18.356575
-16.672816	-18.314427	1467.197266	16.823195
-16.672816	-18.314427	1465.556641	21.406672
-16.672816	-18.314427	1463.914063	13.758432
-16.672816	-18.314427	1462.271484	21.397341
-16.672816	-18.314427	1460.628906	21.392675
-16.672816	-18.314427	1458.986328	18.332581
-16.672816	-18.314427	1457.343750	15.273819
-16.672816	-18.314427	1455.699219	21.378681
-16.672816	-18.314427	1454.054688	18.320585
-16.672816	-18.314427	1452.410156	15.263824
-16.672816	-18.314427	1450.765625	16.786541
-16.672816	-18.314427	1449.121094	21.360025
-16.672816	-18.314427	1447.474609	21.355362
-16.672816	-18.314427	1445.830078	16.775549
-16.672816	-18.314427	1444.183594	18.296600
-16.672816	-18.314427	1442.537109	16.768221
-16.672816	-18.314427	1440.890625	24.384809
-16.672816	-18.314427	1439.242188	18.284611
-16.672816	-18.314427	1437.595703	24.374153
-16.672816	-18.314427	1435.947266	12.184412
-16.672816	-18.314427	1434.298828	18.272623
-16.672816	-18.314427	1432.650391	18.268627
-16.672816	-18.314427	1431.000000	16.742579
-16.672816	-18.314427	1429.351563	21.304073
-16.672816	-18.314427	1427.701172	18.256639
-16.672816	-18.314427	1426.050781	12.168429
-16.672816	-18.314427	1424.400391	13.686486
-16.672816	-18.314427	1422.750000	18.244654
-16.672816	-18.314427	1421.097656	18.240660
-16.672816	-18.314427	1419.447266	18.236664
-16.672816	-18.314427	1417.794922	24.310226
-16.672816	-18.314427	1416.142578	18.228676
-16.672816	-18.314427	1414.490234	13.668510
-16.672816	-18.314427	1412.835938	19.739077
-16.672816	-18.314427	1411.183594	25.806982
-16.672816	-18.314427	1409.529297	18.212700
-16.672816	-18.314427	1407.875000	16.691313
-16.672816	-18.314427	1406.220703	19.721771
-16.672816	-18.314427	1404.566406	18.200718
-16.672816	-18.314427	1402.910156	15.163938
-16.672816	-18.314427	1401.255859	18.192732
-16.672816	-18.314427	1399.599609	13.641554
-16.672816	-18.314427	1397.943359	16.669350
-16.672816	-18.314427	1396.287109	10.605439
-16.672816	-18.314427	1394.628906	22.720951
-16.672816	-18.314427	1392.970703	21.201563
-16.672816	-18.314427	1391.314453	21.196905
-16.672816	-18.314427	1389.656250	19.678514
-16.672816	-18.314427	1387.998047	21.187590
-16.672816	-18.314427	1386.337891	12.104532
-16.672816	-18.314427	1384.679688	21.178274
-16.672816	-18.314427	1383.019531	13.611611
-16.672816	-18.314427	1381.359375	10.584480
-16.672816	-18.314427	1379.699219	15.117359
-16.672816	-18.314427	1378.039063	16.625437
-16.672816	-18.314427	1376.376953	13.599636
-16.672816	-18.314427	1374.716797	22.661072
-16.672816	-18.314427	1373.054688	15.104055
-16.672816	-18.314427	1371.392578	18.120874
-16.672816	-18.314427	1369.728516	13.587664
-16.672816	-18.314427	1368.066406	13.584670
-16.672816	-18.314427	1366.402344	19.617977
-16.672816	-18.314427	1364.740234	21.122398
-16.672816	-18.314427	1363.076172	16.592512
-16.672816	-18.314427	1361.412109	21.113087
-16.672816	-18.314427	1359.746094	25.631666
-16.672816	-18.314427	1358.082031	13.566713
-16.672816	-18.314427	1356.416016	15.070801
-16.672816	-18.314427	1354.750000	21.094465
-16.672816	-18.314427	1353.083984	13.557735
-16.672816	-18.314427	1351.417969	12.048661
-16.672816	-18.314427	1349.750000	18.069002
-16.672816	-18.314427	1348.083984	13.548759
-16.672816	-18.314427	1346.416016	15.050852
-16.672816	-18.314427	1344.748047	15.047527
-16.672816	-18.314427	1343.078125	22.566305
-16.672816	-18.314427	1341.410156	21.057230
-16.672816	-18.314427	1339.740234	21.052576
-16.672816	-18.314427	1338.072266	16.537653
-16.672816	-18.314427	1336.402344	25.552542
-16.672816	-18.314427	1334.730469	12.022066
-16.672816	-18.314427	1333.060547	18.029110
-16.672816	-18.314427	1331.388672	18.025122
-16.672816	-18.314427	1329.718750	18.021133
-16.672816	-18.314427	1328.046875	28.527145
-16.672816	-18.314427	1326.375000	19.514252
-16.672816	-18.314427	1324.701172	19.509932
-16.672816	-18.314427	1323.029297	15.004316
-16.672816	-18.314427	1321.355469	15.000993
-16.672816	-18.314427	1319.681641	20.996737
-16.672816	-18.314427	1318.007813	22.491520
-16.672816	-18.314427	1316.333984	23.985636
-16.672816	-18.314427	1314.660156	17.985239
-16.672816	-18.314427	1312.984375	20.978127
-16.672816	-18.314427	1311.308594	19.475370
-16.672816	-18.314427	1309.632813	17.973276
-16.672816	-18.314427	1307.957031	14.974408
-16.672816	-18.314427	1306.279297	13.473976
-16.672816	-18.314427	1304.603516	14.967762
-16.672816	-18.314427	1302.925781	10.475107
-16.672816	-18.314427	1301.248047	14.961117
-16.672816	-18.314427	1299.570313	10.470456
-16.672816	-18.314427	1297.892578	19.440813
-16.672816	-18.314427	1296.212891	13.456035
-16.672816	-18.314427	1294.533203	25.411306
-16.672816	-18.314427	1292.853516	14.944505
-16.672816	-18.314427	1291.173828	25.400009
-16.672816	-18.314427	1289.494141	16.431646
-16.672816	-18.314427	1287.812500	17.921446
-16.672816	-18.314427	1286.132813	16.424337
-16.672816	-18.314427	1284.451172	17.913473
-16.672816	-18.314427	1282.769531	17.909487
-16.672816	-18.314427	1281.085938	19.397625
-16.672816	-18.314427	1279.404297	13.426135
-16.672816	-18.314427	1277.720703	14.914606
-16.672816	-18.314427	1276.039063	14.911284
-16.672816	-18.314427	1274.355469	13.417166
-16.672816	-18.314427	1272.669922	16.395105
-16.672816	-18.314427	1270.986328	17.881582
-16.672816	-18.314427	1269.300781	23.836796
-16.672816	-18.314427	1267.615234	20.852547
-16.672816	-18.314427	1265.929688	16.380489
-16.672816	-18.314427	1264.244141	13.399230
-16.672816	-18.314427	1262.558594	20.838596
-16.672816	-18.314427	1260.871094	14.881391
-16.672816	-18.314427	1259.185547	19.341490
-16.672816	-18.314427	1257.498047	25.287071
-16.672816	-18.314427	1255.808594	19.332855
-16.672816	-18.314427	1254.121094	19.328537
-16.672816	-18.314427	1252.433594	17.837742
-16.672816	-18.314427	1250.744141	16.347610
-16.672816	-18.314427	1249.054688	16.343958
-16.672816	-18.314427	1247.365234	22.282232
-16.672816	-18.314427	1245.673828	20.792101
-16.672816	-18.314427	1243.984375	17.817816
-16.672816	-18.314427	1242.292969	29.689718
-16.672816	-18.314427	1240.601563	22.262308
-16.672816	-18.314427	1238.910156	17.805862
-16.672816	-18.314427	1237.218750	31.153284
-16.672816	-18.314427	1235.525391	16.314734
-16.672816	-18.314427	1233.833984	19.276733
-16.672816	-18.314427	1232.140625	14.824936
-16.672816	-18.314427	1230.447266	22.232422
-16.672816	-18.314427	1228.753906	14.818295
-16.672816	-18.314427	1227.058594	16.296473
-16.672816	-18.314427	1225.365234	10.368158
-16.672816	-18.314427	1223.669922	13.327500
-16.672816	-18.314427	1221.974609	14.805014
-16.672816	-18.314427	1220.277344	16.281862
-16.672816	-18.314427	1218.582031	20.717722
-16.672816	-18.314427	1216.884766	25.151590
-16.672816	-18.314427	1215.189453	19.229254
-16.672816	-18.314427	1213.492188	11.830730
-16.672816	-18.314427	1211.792969	20.699131
-16.672816	-18.314427	1210.095703	14.781774
-16.672816	-18.314427	1208.396484	10.344917
-16.672816	-18.314427	1206.699219	20.685186
-16.672816	-18.314427	1205.000000	16.248995
-16.672816	-18.314427	1203.298828	10.337946
-16.672816	-18.314427	1201.599609	11.812140
-16.672816	-18.314427	1199.900391	16.238039
-16.672816	-18.314427	1198.199219	22.137802
-16.672816	-18.314427	1196.498047	22.132822
-16.672816	-18.314427	1194.796875	17.702274
-16.672816	-18.314427	1193.093750	13.273719
-16.672816	-18.314427	1191.392578	19.168833
-16.672816	-18.314427	1189.689453	22.112906
-16.672816	-18.314427	1187.986328	11.790895
-16.672816	-18.314427	1186.283203	20.629417
-16.672816	-18.314427	1184.580078	13.258781
-16.672816	-18.314427	1182.875000	22.092989
-16.672816	-18.314427	1181.169922	13.252807
-16.672816	-18.314427	1179.464844	16.194223
-16.672816	-18.314427	1177.759766	17.662443
-16.672816	-18.314427	1176.054688	17.658459
-16.672816	-18.314427	1174.347656	11.769651
-16.672816	-18.314427	1172.642578	16.179619
-16.672816	-18.314427	1170.935547	19.117054
-16.672816	-18.314427	1169.228516	16.172318
-16.672816	-18.314427	1167.519531	26.457819
-16.672816	-18.314427	1165.812500	16.165016
-16.672816	-18.314427	1164.103516	16.161366
-16.672816	-18.314427	1162.394531	23.502131
-16.672816	-18.314427	1160.685547	19.091166
-16.672816	-18.314427	1158.976563	19.086853
-16.672816	-18.314427	1157.265625	24.954088
-16.672816	-18.314427	1155.556641	23.480890
-16.672816	-18.314427	1153.845703	17.606686
-16.672816	-18.314427	1152.134766	20.536488
-16.672816	-18.314427	1150.423828	26.398081
-16.672816	-18.314427	1148.710938	8.797369
-16.672816	-18.314427	1146.998047	17.590757
-16.672816	-18.314427	1145.287109	13.190081
-16.672816	-18.314427	1143.572266	13.187095
-16.672816	-18.314427	1141.859375	11.719207
-16.672816	-18.314427	1140.146484	19.039398
-16.672816	-18.314427	1138.431641	13.178135
-16.672816	-18.314427	1136.716797	19.030769
-16.672816	-18.314427	1135.001953	17.562883
-16.672816	-18.314427	1133.287109	13.169176
-16.672816	-18.314427	1131.570313	20.480740
-16.672816	-18.314427	1129.855469	29.251562
-16.672816	-18.314427	1128.138672	16.084709
-16.672816	-18.314427	1126.421875	16.081060
-16.672816	-18.314427	1124.703125	14.615828
-16.672816	-18.314427	1122.986328	13.151258
-16.672816	-18.314427	1121.267578	20.452869
-16.672816	-18.314427	1119.548828	24.829987
-16.672816	-18.314427	1117.830078	23.364090
-16.672816	-18.314427	1116.111328	23.358782
-16.672816	-18.314427	1114.392578	20.434290
-16.672816	-18.314427	1112.671875	18.970385
-16.672816	-18.314427	1110.951172	23.342857
-16.672816	-18.314427	1109.230469	20.420355
-16.672816	-18.314427	1107.509766	26.248772
-16.672816	-18.314427	1105.787109	13.121400
-16.672816	-18.314427	1104.066406	17.491219
-16.672816	-18.314427	1102.343750	21.859047
-16.672816	-18.314427	1100.621094	14.569381
-16.672816	-18.314427	1098.896484	18.935883
-16.672816	-18.314427	1097.173828	18.931570
-16.672816	-18.314427	1095.449219	23.295086
-16.672816	-18.314427	1093.724609	13.100501
-16.672816	-18.314427	1092.000000	14.552795
-16.672816	-18.314427	1090.275391	17.459373
-16.672816	-18.314427	1088.550781	23.273857
-16.672816	-18.314427	1086.824219	13.088559
-16.672816	-18.314427	1085.097656	17.447432
-16.672816	-18.314427	1083.371094	13.082589
-16.672816	-18.314427	1081.644531	21.799339
-16.672816	-18.314427	1079.916016	23.247322
-16.672816	-18.314427	1078.189453	18.884138
-16.672816	-18.314427	1076.460938	17.427532
-16.672816	-18.314427	1074.732422	18.875515
-16.672816	-18.314427	1073.001953	14.516310
-16.672816	-18.314427	1071.273438	18.866892
-16.672816	-18.314427	1069.542969	14.509677
-16.672816	-18.314427	1067.812500	17.407633
-16.672816	-18.314427	1066.082031	21.754566
-16.672816	-18.314427	1064.351563	17.399673
-16.672816	-18.314427	1062.619141	15.946053
-16.672816	-18.314427	1060.888672	18.841024
-16.672816	-18.314427	1059.156250	18.836712
-16.672816	-18.314427	1057.421875	20.281048
-16.672816	-18.314427	1055.689453	20.276405
-16.672816	-18.314427	1053.957031	18.823780
-16.672816	-18.314427	1052.222656	17.371817
-16.672816	-18.314427	1050.488281	14.473199
-16.672816	-18.314427	1048.753906	14.469883
-16.672816	-18.314427	1047.019531	18.806538
-16.672816	-18.314427	1045.283203	23.141201
-16.672816	-18.314427	1043.546875	14.459935
-16.672816	-18.314427	1041.810547	20.239267
-16.672816	-18.314427	1040.074219	17.343966
-16.672816	-18.314427	1038.337891	15.894987
-16.672816	-18.314427	1036.599609	28.893347
-16.672816	-18.314427	1034.861328	20.220701
-16.672816	-18.314427	1033.123047	24.548073
-16.672816	-18.314427	1031.384766	23.098763
-16.672816	-18.314427	1029.646484	21.650118
-16.672816	-18.314427	1027.906250	24.531164
-16.672816	-18.314427	1026.167969	21.640173
-16.672816	-18.314427	1024.427734	23.077547
-16.672816	-18.314427	1022.685547	28.840303
-16.672816	-18.314427	1020.945313	25.950306
-16.672816	-18.314427	1019.203125	30.268394
-16.672816	-18.314427	1017.462891	20.174290
-16.672816	-18.314427	1015.720703	31.695162
-16.672816	-18.314427	1013.976563	20.165009
-16.672816	-18.314427	1012.234375	25.920473
-16.672816	-18.314427	1010.490234	20.155727
-16.672816	-18.314427	1008.746094	17.272360
-16.672816	-18.314427	1007.001953	25.902575
-16.672816	-18.314427	1005.257813	30.212709
-16.672816	-18.314427	1003.513672	25.890642
-16.672816	-18.314427	1001.767578	30.198790
-16.672816	-18.314427	1000.021484	33.067242
-16.672816	-18.314427	998.275391	25.872746
-16.672816	-18.314427	996.529297	21.555651
-16.672816	-18.314427	994.781250	31.607664
-16.672816	-18.314427	993.035156	37.345898
-16.672816	-18.314427	991.287109	31.593082
-16.672816	-18.314427	989.539063	38.764381
-16.672816	-18.314427	987.789063	37.320049
-16.672816	-18.314427	986.041016	41.616600
-16.672816	-18.314427	984.291016	43.041714
-16.672816	-18.314427	982.541016	43.031773
-16.672816	-18.314427	980.791016	28.681223
-16.672816	-18.314427	979.041016	40.144432
-16.672816	-18.314427	977.289063	38.701759
-16.672816	-18.314427	975.537109	35.826679
-16.672816	-18.314427	973.785156	28.654716
-16.672816	-18.314427	972.033203	42.972137
-16.672816	-18.314427	970.281250	31.505611
-16.672816	-18.314427	968.527344	32.930065
-16.672816	-18.314427	966.773438	35.785267
-16.672816	-18.314427	965.019531	28.621588
-16.672816	-18.314427	963.265625	44.353191
-16.672816	-18.314427	961.511719	41.482090
-16.672816	-18.314427	959.755859	34.322056
-16.672816	-18.314427	958.000000	45.752144
-16.672816	-18.314427	956.244141	31.447311
-16.672816	-18.314427	954.488281	42.872761
-16.672816	-18.314427	952.730469	44.291584
-16.672816	-18.314427	950.974609	32.853882
-16.672816	-18.314427	949.216797	37.130558
-16.672816	-18.314427	947.458984	37.121948
-16.672816	-18.314427	945.701172	38.540775
-16.672816	-18.314427	943.941406	34.250519
-16.672816	-18.314427	942.181641	42.803211
-16.672816	-18.314427	940.421875	31.381739
-16.672816	-18.314427	938.662109	28.522230
-16.672816	-18.314427	936.902344	32.792950
-16.672816	-18.314427	935.140625	31.359884
-16.672816	-18.314427	933.380859	22.801891
-16.672816	-18.314427	931.619141	25.646168
-16.672816	-18.314427	929.855469	22.791296
-16.672816	-18.314427	928.093750	25.634249
-16.672816	-18.314427	926.330078	24.204494
-16.672816	-18.314427	924.568359	22.775404
-16.672816	-18.314427	922.804688	25.616371
-16.672816	-18.314427	921.039063	24.187613
-16.672816	-18.314427	919.275391	27.026924
-16.672816	-18.314427	917.509766	24.176357
-16.672816	-18.314427	915.744141	27.014345
-16.672816	-18.314427	913.978516	15.636244
-16.672816	-18.314427	912.212891	27.001768
-16.672816	-18.314427	910.447266	18.470591
-16.672816	-18.314427	908.679688	22.727741
-16.672816	-18.314427	906.912109	24.142597
-16.672816	-18.314427	905.144531	24.136972
-16.672816	-18.314427	903.375000	29.809311
-16.672816	-18.314427	901.607422	25.544880
-16.672816	-18.314427	899.837891	26.957754
-16.672816	-18.314427	898.068359	18.440477
-16.672816	-18.314427	896.298828	24.108845
-16.672816	-18.314427	894.529297	15.596202
-16.672816	-18.314427	892.757813	15.592562
-16.672816	-18.314427	890.986328	29.760672
-16.672816	-18.314427	889.214844	21.252659
-16.672816	-18.314427	887.443359	25.497236
-16.672816	-18.314427	885.669922	25.491282
-16.672816	-18.314427	883.898438	24.069477
-16.672816	-18.314427	882.125000	21.232811
-16.672816	-18.314427	880.351563	25.473419
-16.672816	-18.314427	878.578125	25.467466
-16.672816	-18.314427	876.802734	24.046984
-16.672816	-18.314427	875.027344	25.455559
-16.672816	-18.314427	873.251953	25.449606
-16.672816	-18.314427	871.476563	28.270727
-16.672816	-18.314427	869.701172	28.264112
-16.672816	-18.314427	867.923828	22.605999
-16.672816	-18.314427	866.146484	24.013252
-16.672816	-18.314427	864.369141	26.832058
-16.672816	-18.314427	862.591797	28.237659
-16.672816	-18.314427	860.814453	25.407942
-16.672816	-18.314427	859.035156	23.990770
-16.672816	-18.314427	857.255859	31.039604
-16.672816	-18.314427	855.476563	19.747849
-16.672816	-18.314427	853.697266	23.973909
-16.672816	-18.314427	851.916016	26.788090
-16.672816	-18.314427	850.136719	21.143534
-16.672816	-18.314427	848.355469	14.092383
-16.672816	-18.314427	846.574219	22.542526
-16.672816	-18.314427	844.791016	23.945814
-16.672816	-18.314427	843.009766	26.756691
-16.672816	-18.314427	841.226563	29.566244
-16.672816	-18.314427	839.443359	15.483445
-16.672816	-18.314427	837.660156	14.072555
-16.672816	-18.314427	835.875000	19.696951
-16.672816	-18.314427	834.091797	25.318703
-16.672816	-18.314427	832.306641	22.500229
-16.672816	-18.314427	830.521484	21.089008
-16.672816	-18.314427	828.734375	21.084053
-16.672816	-18.314427	826.949219	21.079098
-16.672816	-18.314427	825.162109	22.479086
-16.672816	-18.314427	823.375000	22.473801
-16.672816	-18.314427	821.587891	25.277081
-16.672816	-18.314427	819.800781	22.463230
-16.672816	-18.314427	818.011719	22.457947
-16.672816	-18.314427	816.222656	22.452663
-16.672816	-18.314427	814.433594	21.044418
-16.672816	-18.314427	812.644531	29.455250
-16.672816	-18.314427	810.855469	19.632210
-16.672816	-18.314427	809.064453	18.225618
-16.672816	-18.314427	807.273438	19.622965
-16.672816	-18.314427	805.482422	21.019653
-16.672816	-18.314427	803.691406	18.212742
-16.672816	-18.314427	801.898438	23.811050
-16.672816	-18.314427	800.107422	21.004799
-16.672816	-18.314427	798.314453	19.599857
-16.672816	-18.314427	796.521484	23.794216
-16.672816	-18.314427	794.726563	27.986595
-16.672816	-18.314427	792.933594	20.984995
-16.672816	-18.314427	791.138672	26.574724
-16.672816	-18.314427	789.343750	18.178417
-16.672816	-18.314427	787.546875	19.572136
-16.672816	-18.314427	785.751953	22.362877
-16.672816	-18.314427	783.955078	16.768198
-16.672816	-18.314427	782.158203	19.558279
-16.672816	-18.314427	780.361328	22.347040
-16.672816	-18.314427	778.564453	23.738123
-16.672816	-18.314427	776.765625	26.524576
-16.672816	-18.314427	774.968750	23.726908
-16.672816	-18.314427	773.169922	27.907413
-16.672816	-18.314427	771.369141	25.110735
-16.672816	-18.314427	769.570313	26.499512
-16.672816	-18.314427	767.769531	25.098864
-16.672816	-18.314427	765.970703	30.669136
-16.672816	-18.314427	764.167969	27.874437
-16.672816	-18.314427	762.367188	26.474451
-16.672816	-18.314427	760.566406	29.254313
-16.672816	-18.314427	758.763672	27.854656
-16.672816	-18.314427	756.960938	27.848064
-16.672816	-18.314427	755.158203	29.233545
-16.672816	-18.314427	753.353516	22.267904
-16.672816	-18.314427	751.550781	27.828289
-16.672816	-18.314427	749.746094	31.994953
-16.672816	-18.314427	747.941406	22.252087
-16.672816	-18.314427	746.136719	27.808517
-16.672816	-18.314427	744.330078	33.362312
-16.672816	-18.314427	742.523438	27.795338
-16.672816	-18.314427	740.718750	27.788750
-16.672816	-18.314427	738.910156	20.836620
-16.672816	-18.314427	737.103516	33.330688
-16.672816	-18.314427	735.294922	19.438290
-16.672816	-18.314427	733.488281	30.538639
-16.672816	-18.314427	731.679688	26.368021
-16.672816	-18.314427	729.869141	30.524149
-16.672816	-18.314427	728.060547	24.968376
-16.672816	-18.314427	726.250000	29.122858
-16.672816	-18.314427	724.439453	30.502419
-16.672816	-18.314427	722.628906	24.950598
-16.672816	-18.314427	720.818359	22.173042
-16.672816	-18.314427	719.005859	31.866177
-16.672816	-18.314427	717.195313	27.703136
-16.672816	-18.314427	715.382813	34.620693
-16.672816	-18.314427	713.568359	27.689972
-16.672816	-18.314427	711.755859	26.299221
-16.672816	-18.314427	709.941406	20.757608
-16.672816	-18.314427	708.126953	26.286718
-16.672816	-18.314427	706.312500	27.663651
-16.672816	-18.314427	704.498047	24.891363
-16.672816	-18.314427	702.681641	30.415541
-16.672816	-18.314427	700.867188	23.497326
-16.672816	-18.314427	699.050781	22.109869
-16.672816	-18.314427	697.232422	22.104607
-16.672816	-18.314427	695.416016	26.242973
-16.672816	-18.314427	693.597656	20.713203
-16.672816	-18.314427	691.779297	26.230478
-16.672816	-18.314427	689.960938	15.182450
-16.672816	-18.314427	688.142578	23.458199
-16.672816	-18.314427	686.324219	20.693480
-16.672816	-18.314427	684.503906	23.447021
-16.672816	-18.314427	682.683594	17.925802
-16.672816	-18.314427	680.863281	22.057268
-16.672816	-18.314427	679.041016	30.321516
-16.672816	-18.314427	677.218750	15.157144
-16.672816	-18.314427	675.398438	20.663904
-16.672816	-18.314427	673.576172	28.922567
-16.672816	-18.314427	671.751953	19.277113
-16.672816	-18.314427	669.929688	20.649122
-16.672816	-18.314427	668.105469	23.396755
-16.672816	-18.314427	666.281250	26.143074
-16.672816	-18.314427	664.457031	28.888081
-16.672816	-18.314427	662.630859	27.505892
-16.672816	-18.314427	660.806641	28.874290
-16.672816	-18.314427	658.980469	28.867397
-16.672816	-18.314427	657.154297	35.732052
-16.672816	-18.314427	655.326172	27.479630
-16.672816	-18.314427	653.500000	21.978453
-16.672816	-18.314427	651.671875	27.466503
-16.672816	-18.314427	649.843750	30.205933
-16.672816	-18.314427	648.015625	28.826046
-16.672816	-18.314427	646.185547	39.797882
-16.672816	-18.314427	644.357422	32.928307
-16.672816	-18.314427	642.527344	35.663803
-16.672816	-18.314427	640.697266	32.912563
-16.672816	-18.314427	638.865234	31.533661
-16.672816	-18.314427	637.035156	26.043316
-16.672816	-18.314427	635.203125	32.888950
-16.672816	-18.314427	633.371094	35.621174
-16.672816	-18.314427	631.539063	35.612648
-16.672816	-18.314427	629.705078	36.973515
-16.672816	-18.314427	627.873047	35.595604
-16.672816	-18.314427	626.039063	39.693283
-16.672816	-18.314427	624.203125	36.946968
-16.672816	-18.314427	622.369141	32.833885
-16.672816	-18.314427	620.535156	31.458271
-16.672816	-18.314427	618.699219	32.818161
-16.672816	-18.314427	616.863281	39.645779
-16.672816	-18.314427	615.025391	28.702133
-16.672816	-18.314427	613.189453	39.626781
-16.672816	-18.314427	611.351563	43.715626
-16.672816	-18.314427	609.513672	40.973576
-16.672816	-18.314427	607.675781	47.791046
-16.672816	-18.314427	605.837891	40.953930
-16.672816	-18.314427	603.998047	28.660877
-16.672816	-18.314427	602.158203	25.925053
-16.672816	-18.314427	600.318359	35.467876
-16.672816	-18.314427	598.478516	30.004082
-16.672816	-18.314427	596.636719	25.906401
-16.672816	-18.314427	594.796875	31.352854
-16.672816	-18.314427	592.955078	31.345331
-16.672816	-18.314427	591.111328	32.700321
-16.672816	-18.314427	589.269531	32.692471
-16.672816	-18.314427	587.425781	27.237186
-16.672816	-18.314427	585.583984	23.146049
-16.672816	-18.314427	583.738281	29.946518
-16.672816	-18.314427	581.894531	23.134933
-16.672816	-18.314427	580.050781	24.489929
-16.672816	-18.314427	578.205078	29.924944
-16.672816	-18.314427	576.359375	32.637550
-16.672816	-18.314427	574.513672	17.674425
-16.672816	-18.314427	572.666016	25.825645
-16.672816	-18.314427	570.818359	25.819439
-16.672816	-18.314427	568.970703	25.813232
-16.672816	-18.314427	567.123047	29.881821
-16.672816	-18.314427	565.275391	25.800821
-16.672816	-18.314427	563.425781	21.721783
-16.672816	-18.314427	561.576172	23.073845
-16.672816	-18.314427	559.726563	33.923962
-16.672816	-18.314427	557.876953	28.489273
-16.672816	-18.314427	556.027344	25.769808
-16.672816	-18.314427	554.175781	21.695669
-16.672816	-18.314427	552.324219	23.046103
-16.672816	-18.314427	550.472656	23.040556
-16.672816	-18.314427	548.619141	25.745012
-16.672816	-18.314427	546.767578	31.157513
-16.672816	-18.314427	544.914063	25.732618
-16.672816	-18.314427	543.060547	28.434465
-16.672816	-18.314427	541.205078	35.196098
-16.672816	-18.314427	539.351563	43.307842
-16.672816	-18.314427	537.496094	44.650455
-16.672816	-18.314427	535.640625	40.581547
-16.672816	-18.314427	533.785156	51.390907
-16.672816	-18.314427	531.927734	59.490925
-16.672816	-18.314427	530.070313	64.883553
-16.672816	-18.314427	528.212891	66.219330
-16.672816	-18.314427	526.355469	113.491493
-16.672816	-18.314427	524.498047	182.353073
-16.672816	-18.314427	522.638672	391.626984
-16.672816	-18.314427	520.779297	585.948730
-16.672816	-18.314427	518.919922	461.627075
-16.672816	-18.314427	517.060547	245.601944
-16.672816	-18.314427	515.199219	151.103210
-16.672816	-18.314427	513.339844	87.672676
-16.672816	-18.314427	511.478516	83.606071
-16.672816	-18.314427	509.615234	70.104301
-16.672816	-18.314427	507.753906	68.739555
-16.672816	-18.314427	505.890625	61.985420
-16.672816	-18.314427	504.027344	70.053566
-16.672816	-18.314427	502.164063	63.302364
-16.672816	-18.314427	500.300781	72.712822
-16.672816	-18.314427	498.435547	74.041473
-16.672816	-18.314427	496.570313	64.602409
-16.672816	-18.314427	494.705078	65.932373
-16.672816	-18.314427	492.839844	67.261688
-16.672816	-18.314427	490.972656	61.865807
-16.672816	-18.314427	489.107422	57.817112
-16.672816	-18.314427	487.240234	56.458889
-16.672816	-18.314427	485.371094	59.133118
-16.672816	-18.314427	483.503906	37.621075
-16.672816	-18.314427	481.634766	53.731407
-16.672816	-18.314427	479.765625	51.032501
-16.672816	-18.314427	477.896484	41.621716
-16.672816	-18.314427	476.027344	40.269344
-16.672816	-18.314427	474.156250	30.865704
-16.672816	-18.314427	472.285156	42.933205
-16.672816	-18.314427	470.414063	49.629517
-16.672816	-18.314427	468.542969	38.889408
-16.672816	-18.314427	466.669922	42.902073
-16.672816	-18.314427	464.796875	50.933891
-16.672816	-18.314427	462.923828	32.160992
-16.672816	-18.314427	461.050781	42.870953
-16.672816	-18.314427	459.177734	37.503010
-16.672816	-18.314427	457.302734	34.815800
-16.672816	-18.314427	455.427734	29.452396
-16.672816	-18.314427	453.552734	36.137379
-16.672816	-18.314427	451.675781	33.452438
-16.672816	-18.314427	449.800781	34.782116
-16.672816	-18.314427	447.923828	26.748999
-16.672816	-18.314427	446.046875	34.765282
-16.672816	-18.314427	444.169922	28.072855
-16.672816	-18.314427	442.291016	44.103806
-16.672816	-18.314427	440.412109	29.395420
-16.672816	-18.314427	438.533203	37.403294
-16.672816	-18.314427	436.654297	37.394238
-16.672816	-18.314427	434.773438	33.379627
-16.672816	-18.314427	432.894531	34.706406
-16.672816	-18.314427	431.013672	26.690771
-16.672816	-18.314427	429.130859	30.686953
-16.672816	-18.314427	427.250000	24.010057
-16.672816	-18.314427	425.367188	25.337811
-16.672816	-18.314427	423.484375	31.997902
-16.672816	-18.314427	421.601563	30.657227
-16.672816	-18.314427	419.718750	26.651999
-16.672816	-18.314427	417.833984	33.306927
-16.672816	-18.314427	415.949219	23.975176
-16.672816	-18.314427	414.064453	30.627523
-16.672816	-18.314427	412.179688	27.957481
-16.672816	-18.314427	410.294922	33.274651
-16.672816	-18.314427	408.408203	35.927910
-16.672816	-18.314427	406.521484	26.606815
-16.672816	-18.314427	404.634766	37.240513
-16.672816	-18.314427	402.746094	43.879963
-16.672816	-18.314427	400.857422	74.444908
-16.672816	-18.314427	398.968750	111.640289
-16.672816	-18.314427	397.080078	108.955765
-16.672816	-18.314427	395.191406	102.287308
-16.672816	-18.314427	393.300781	100.934418
-16.672816	-18.314427	391.410156	84.976784
-16.672816	-18.314427	389.519531	71.681770
-16.672816	-18.314427	387.628906	62.374557
-16.672816	-18.314427	385.736328	63.686222
-16.672816	-18.314427	383.843750	61.017822
-16.672816	-18.314427	381.951172	57.024563
-16.672816	-18.314427	380.058594	55.684895
-16.672816	-18.314427	378.164063	72.903000
-16.672816	-18.314427	376.271484	99.389061
-16.672816	-18.314427	374.376953	103.339539
-16.672816	-18.314427	372.480469	96.691742
-16.672816	-18.314427	370.585938	68.859596
-16.672816	-18.314427	368.689453	59.575569
-16.672816	-18.314427	366.792969	64.855431
-16.672816	-18.314427	364.896484	64.839684
-16.672816	-18.314427	363.000000	60.855133
-16.672816	-18.314427	361.101563	74.066528
-16.672816	-18.314427	359.203125	64.792480
-16.672816	-18.314427	357.304688	58.166874
-16.672816	-18.314427	355.406250	67.404327
-16.672816	-18.314427	353.505859	67.387962
-16.672816	-18.314427	351.605469	63.408562
-16.672816	-18.314427	349.705078	52.827637
-16.672816	-18.314427	347.804688	50.174068
-16.672816	-18.314427	345.902344	60.722279
-16.672816	-18.314427	344.001953	48.829971
-16.672816	-18.314427	342.099609	51.456928
-16.672816	-18.314427	340.195313	56.720783
-16.672816	-18.314427	338.292969	50.113171
-16.672816	-18.314427	336.388672	34.279629
-16.672816	-18.314427	334.484375	48.770699
-16.672816	-18.314427	332.580078	47.441044
-16.672816	-18.314427	330.675781	38.207115
-16.672816	-18.314427	328.769531	40.832165
-16.672816	-18.314427	326.863281	46.089630
-16.672816	-18.314427	324.957031	47.394958
-16.672816	-18.314427	323.048828	44.751030
-16.672816	-18.314427	321.142578	36.844837
-16.672816	-18.314427	319.234375	38.151451
-16.672816	-18.314427	317.326172	35.511684
-16.672816	-18.314427	315.417969	43.392624
-16.672816	-18.314427	313.507813	42.067471
-16.672816	-18.314427	311.597656	51.257271
-16.672816	-18.314427	309.687500	67.012451
-16.672816	-18.314427	307.777344	53.859661
-16.672816	-18.314427	305.865234	48.593246
-16.672816	-18.314427	303.955078	35.451317
-16.672816	-18.314427	302.042969	32.817318
-16.672816	-18.314427	300.128906	38.058834
-16.672816	-18.314427	298.216797	36.737530
-16.672816	-18.314427	296.302734	39.352074
-16.672816	-18.314427	294.388672	26.228338
-16.672816	-18.314427	292.474609	48.510632
-16.672816	-18.314427	290.560547	40.634163
-16.672816	-18.314427	288.644531	47.176590
-16.672816	-18.314427	286.728516	60.266541
-16.672816	-18.314427	284.812500	58.942066
-16.672816	-18.314427	282.896484	57.618233
-16.672816	-18.314427	280.978516	60.222599
-16.672816	-18.314427	279.060547	61.516830
-16.672816	-18.314427	277.142578	77.204483
-16.672816	-18.314427	275.224609	79.802177
-16.672816	-18.314427	273.304688	74.551117
-16.672816	-18.314427	271.384766	66.687416
-16.672816	-18.314427	269.464844	94.124046
-16.672816	-18.314427	267.544922	113.705574
-16.672816	-18.314427	265.623047	145.037354
-16.672816	-18.314427	263.703125	229.913223
-16.672816	-18.314427	261.781250	364.376099
-16.672816	-18.314427	259.857422	398.235443
-16.672816	-18.314427	257.935547	383.779541
-16.672816	-18.314427	256.011719	345.839630
-16.672816	-18.314427	254.087891	384.897675
-16.672816	-18.314427	252.164063	1029.187866
-16.672816	-18.314427	250.240234	2469.971924
-16.672816	-18.314427	248.314453	2130.386963
-16.672816	-18.314427	246.388672	905.911194
-16.672816	-18.314427	244.462891	430.040314
-16.672816	-18.314427	242.535156	280.109650
-16.672816	-18.314427	240.609375	233.150864
-16.672816	-18.314427	238.681641	188.819305
-16.672816	-18.314427	236.753906	165.339462
-16.672816	-18.314427	234.824219	144.474152
-16.672816	-18.314427	232.896484	118.413979
-16.672816	-18.314427	230.966797	107.977699
-16.672816	-18.314427	229.037109	101.448341
-16.672816	-18.314427	227.107422	78.018211
-16.672816	-18.314427	225.175781	103.998993
-16.672816	-18.314427	223.244141	80.579620
-16.672816	-18.314427	221.312500	100.050362
-16.672816	-18.314427	219.380859	118.212593
-16.672816	-18.314427	217.447266	97.404274
-16.672816	-18.314427	215.515625	89.590141
-16.672816	-18.314427	213.582031	73.991257
-16.672816	-18.314427	211.646484	72.675491
-16.672816	-18.314427	209.712891	68.765442
-16.672816	-18.314427	207.777344	67.451576
-16.672816	-18.314427	205.841797	68.732010
-16.672816	-18.314427	203.906250	42.785000
-16.672816	-18.314427	201.968750	38.885998
-16.672816	-18.314427	200.033203	45.355968
-16.672816	-18.314427	198.095703	38.867096
-16.672816	-18.314427	196.158203	42.743412
-16.672816	-18.314427	194.218750	31.078562
-16.672816	-18.314427	192.281250	29.776382
-16.672816	-18.314427	190.341797	22.003281
-16.672816	-18.314427	188.402344	28.467915
-16.672816	-18.314427	186.460938	29.754677
-16.672816	-18.314427	184.521484	32.334179
-16.672816	-18.314427	182.580078	25.861057
-16.672816	-18.314427	180.638672	23.269295
-16.672816	-18.314427	178.695313	29.725761
-16.672816	-18.314427	176.753906	32.302757
-16.672816	-18.314427	174.810547	33.586704
-16.672816	-18.314427	172.867188	23.246683
-16.672816	-18.314427	170.921875	29.696878
-16.672816	-18.314427	168.978516	30.980518
-16.672816	-18.314427	167.033203	27.101366
-16.672816	-18.314427	165.087891	30.965466
-16.672816	-18.314427	163.142578	36.117599
-16.672816	-18.314427	161.195313	21.923214
-16.672816	-18.314427	159.248047	30.942902
-16.672816	-18.314427	157.300781	33.513332
-16.672816	-18.314427	155.353516	37.371178
-16.672816	-18.314427	153.406250	45.092190
-16.672816	-18.314427	151.457031	46.369270
-16.672816	-18.314427	149.507813	45.070286
-16.672816	-18.314427	147.558594	47.634159
-16.672816	-18.314427	145.607422	51.483883
-16.672816	-18.314427	143.658203	52.758163
-16.672816	-18.314427	141.707031	66.896545
-16.672816	-18.314427	139.753906	73.311096
-16.672816	-18.314427	137.802734	86.151772
-16.672816	-18.314427	135.849609	78.417641
-16.672816	-18.314427	133.896484	65.546371
-16.672816	-18.314427	131.943359	57.820995
-16.672816	-18.314427	129.990234	59.091557
-16.672816	-18.314427	128.035156	57.792927
-16.672816	-18.314427	126.080078	50.075043
-16.672816	-18.314427	124.125000	47.495564
-16.672816	-18.314427	122.169922	55.184147
-16.672816	-18.314427	120.212891	59.019878
-16.672816	-18.314427	118.255859	69.267387
-16.672816	-18.314427	116.298828	58.991238
-16.672816	-18.314427	114.341797	67.951675
-16.672816	-18.314427	112.382813	46.144653
-16.672816	-18.314427	110.423828	39.726032
-16.672816	-18.314427	108.464844	29.467003
-16.672816	-18.314427	106.505859	25.617266
-16.672816	-18.314427	104.544922	11.524973
-16.672816	-18.314427	102.585938	15.362904
-16.672816	-18.314427	100.625000	6.399657
-16.672816	-18.314427	98.662109	5.118484
-16.672816	-18.314427	96.701172	10.234486
-16.672816	-18.314427	94.738281	5.116002
-16.672816	-18.314427	92.775391	2.557381
-16.672816	-18.314427	90.812500	3.835141
-16.672816	-18.314427	88.847656	2.556141
-16.672816	-18.314427	86.882813	-1.277761
-16.672816	-18.314427	84.917969	2.554902
-16.672816	-18.314427	82.953125	0.000000
-16.672816	-18.314427	80.988281	2.553664
-16.672816	-18.314427	79.021484	0.000000
-16.672816	-18.314427	77.054688	0.000000
-16.672816	-18.314427	75.087891	3.827712
-16.672816	-18.314427	73.119141	3.826784
-16.672816	-18.314427	71.152344	2.550571
-16.672816	-18.314427	69.183594	3.824930
-16.672816	-18.314427	67.212891	-3.824004
-16.672816	-18.314427	65.244141	0.000000
-16.672816	-18.314427	63.273438	1.274051
-16.672816	-18.314427	61.302734	3.821227
-16.672816	-18.314427	59.332031	2.546868
-13.672816	-18.314427	1838.626953	22.500080
-13.672816	-18.314427	1837.066406	32.142971
-13.672816	-18.314427	1835.503906	24.102098
-13.672816	-18.314427	1833.941406	30.522829
-13.672816	-18.314427	1832.378906	12.848983
-13.672816	-18.314427	1830.816406	28.904058
-13.672816	-18.314427	1829.251953	22.476151
-13.672816	-18.314427	1827.687500	32.101955
-13.672816	-18.314427	1826.125000	19.257074
-13.672816	-18.314427	1824.560547	16.044146
-13.672816	-18.314427	1822.994141	20.852951
-13.672816	-18.314427	1821.429688	20.848513
-13.672816	-18.314427	1819.865234	30.464418
-13.672816	-18.314427	1818.298828	30.457933
-13.672816	-18.314427	1816.732422	22.437912
-13.672816	-18.314427	1815.166016	24.035503
-13.672816	-18.314427	1813.599609	30.438490
-13.672816	-18.314427	1812.033203	33.635380
-13.672816	-18.314427	1810.464844	19.216125
-13.672816	-18.314427	1808.896484	32.020058
-13.672816	-18.314427	1807.330078	27.211256
-13.672816	-18.314427	1805.759766	27.205463
-13.672816	-18.314427	1804.191406	17.599787
-13.672816	-18.314427	1802.623047	23.994600
-13.672816	-18.314427	1801.052734	30.386688
-13.672816	-18.314427	1799.484375	20.786465
-13.672816	-18.314427	1797.914063	25.577894
-13.672816	-18.314427	1796.343750	22.375893
-13.672816	-18.314427	1794.771484	20.773190
-13.672816	-18.314427	1793.201172	23.963961
-13.672816	-18.314427	1791.628906	15.972572
-13.672816	-18.314427	1790.058594	23.953754
-13.672816	-18.314427	1788.486328	17.562346
-13.672816	-18.314427	1786.914063	17.558605
-13.672816	-18.314427	1785.339844	25.534349
-13.672816	-18.314427	1783.767578	25.528912
-13.672816	-18.314427	1782.193359	23.928255
-13.672816	-18.314427	1780.621094	28.707790
-13.672816	-18.314427	1779.046875	25.512600
-13.672816	-18.314427	1777.470703	23.912966
-13.672816	-18.314427	1775.896484	15.938581
-13.672816	-18.314427	1774.322266	22.309259
-13.672816	-18.314427	1772.746094	30.270401
-13.672816	-18.314427	1771.169922	30.263950
-13.672816	-18.314427	1769.593750	27.072500
-13.672816	-18.314427	1768.017578	27.066732
-13.672816	-18.314427	1766.441406	22.285500
-13.672816	-18.314427	1764.863281	14.323339
-13.672816	-18.314427	1763.287109	25.458286
-13.672816	-18.314427	1761.708984	22.271252
-13.672816	-18.314427	1760.130859	23.856970
-13.672816	-18.314427	1758.552734	25.442009
-13.672816	-18.314427	1756.972656	30.205944
-13.672816	-18.314427	1755.394531	22.252266
-13.672816	-18.314427	1753.814453	22.247522
-13.672816	-18.314427	1752.234375	31.775396
-13.672816	-18.314427	1750.654297	28.591759
-13.672816	-18.314427	1749.074219	25.409477
-13.672816	-18.314427	1747.492188	15.877536
-13.672816	-18.314427	1745.912109	17.461565
-13.672816	-18.314427	1744.330078	30.154451
-13.672816	-18.314427	1742.748047	25.387804
-13.672816	-18.314427	1741.166016	20.623192
-13.672816	-18.314427	1739.583984	26.963036
-13.672816	-18.314427	1738.000000	20.614391
-13.672816	-18.314427	1736.417969	19.024609
-13.672816	-18.314427	1734.833984	25.360733
-13.672816	-18.314427	1733.250000	30.109444
-13.672816	-18.314427	1731.666016	19.012432
-13.672816	-18.314427	1730.082031	28.512562
-13.672816	-18.314427	1728.496094	30.090168
-13.672816	-18.314427	1726.912109	23.750326
-13.672816	-18.314427	1725.326172	26.911289
-13.672816	-18.314427	1723.740234	17.409470
-13.672816	-18.314427	1722.154297	22.152777
-13.672816	-18.314427	1720.566406	28.476059
-13.672816	-18.314427	1718.980469	18.979984
-13.672816	-18.314427	1717.392578	22.138586
-13.672816	-18.314427	1715.804688	25.295839
-13.672816	-18.314427	1714.216797	28.451740
-13.672816	-18.314427	1712.628906	17.383461
-13.672816	-18.314427	1711.041016	25.279631
-13.672816	-18.314427	1709.451172	30.013149
-13.672816	-18.314427	1707.861328	30.006735
-13.672816	-18.314427	1706.271484	17.368608
-13.672816	-18.314427	1704.681641	26.836658
-13.672816	-18.314427	1703.091797	29.987503
-13.672816	-18.314427	1701.501953	18.935427
-13.672816	-18.314427	1699.910156	23.664225
-13.672816	-18.314427	1698.318359	25.236443
-13.672816	-18.314427	1696.726563	33.115749
-13.672816	-18.314427	1695.134766	18.919239
-13.672816	-18.314427	1693.542969	22.067726
-13.672816	-18.314427	1691.949219	22.063007
-13.672816	-18.314427	1690.357422	25.209473
-13.672816	-18.314427	1688.763672	22.053572
-13.672816	-18.314427	1687.169922	22.048853
-13.672816	-18.314427	1685.576172	26.767879
-13.672816	-18.314427	1683.982422	25.187908
-13.672816	-18.314427	1682.386719	26.756426
-13.672816	-18.314427	1680.791016	20.456419
-13.672816	-18.314427	1679.195313	22.025274
-13.672816	-18.314427	1677.599609	29.885046
-13.672816	-18.314427	1676.003906	18.870726
-13.672816	-18.314427	1674.408203	20.438910
-13.672816	-18.314427	1672.810547	22.006422
-13.672816	-18.314427	1671.214844	17.287058
-13.672816	-18.314427	1669.617188	20.425783
-13.672816	-18.314427	1668.019531	18.850533
-13.672816	-18.314427	1666.419922	25.128658
-13.672816	-18.314427	1664.822266	21.982866
-13.672816	-18.314427	1663.222656	21.978157
-13.672816	-18.314427	1661.623047	18.834385
-13.672816	-18.314427	1660.023438	23.537937
-13.672816	-18.314427	1658.423828	23.532892
-13.672816	-18.314427	1656.824219	20.390802
-13.672816	-18.314427	1655.222656	20.386433
-13.672816	-18.314427	1653.623047	18.814211
-13.672816	-18.314427	1652.021484	23.512722
-13.672816	-18.314427	1650.419922	23.507681
-13.672816	-18.314427	1648.818359	29.770010
-13.672816	-18.314427	1647.214844	28.197119
-13.672816	-18.314427	1645.613281	26.624901
-13.672816	-18.314427	1644.009766	21.921686
-13.672816	-18.314427	1642.406250	18.785986
-13.672816	-18.314427	1640.802734	29.738096
-13.672816	-18.314427	1639.199219	26.602060
-13.672816	-18.314427	1637.593750	20.338387
-13.672816	-18.314427	1635.990234	23.462332
-13.672816	-18.314427	1634.384766	23.457296
-13.672816	-18.314427	1632.779297	21.888777
-13.672816	-18.314427	1631.173828	25.010374
-13.672816	-18.314427	1629.568359	17.190939
-13.672816	-18.314427	1627.960938	20.312202
-13.672816	-18.314427	1626.353516	23.432123
-13.672816	-18.314427	1624.748047	14.056253
-13.672816	-18.314427	1623.140625	26.544998
-13.672816	-18.314427	1621.531250	26.539295
-13.672816	-18.314427	1619.923828	29.655191
-13.672816	-18.314427	1618.314453	26.527889
-13.672816	-18.314427	1616.707031	20.281673
-13.672816	-18.314427	1615.097656	23.396900
-13.672816	-18.314427	1613.488281	24.951328
-13.672816	-18.314427	1611.878906	26.505087
-13.672816	-18.314427	1610.267578	21.823025
-13.672816	-18.314427	1608.656250	17.142975
-13.672816	-18.314427	1607.046875	18.697405
-13.672816	-18.314427	1605.435547	21.808947
-13.672816	-18.314427	1603.824219	26.476595
-13.672816	-18.314427	1602.210938	24.913786
-13.672816	-18.314427	1600.599609	23.351648
-13.672816	-18.314427	1598.986328	23.346622
-13.672816	-18.314427	1597.373047	20.229383
-13.672816	-18.314427	1595.759766	29.559658
-13.672816	-18.314427	1594.146484	24.886984
-13.672816	-18.314427	1592.533203	17.106117
-13.672816	-18.314427	1590.917969	26.431032
-13.672816	-18.314427	1589.302734	15.544317
-13.672816	-18.314427	1587.687500	20.203259
-13.672816	-18.314427	1586.072266	26.413954
-13.672816	-18.314427	1584.457031	26.408262
-13.672816	-18.314427	1582.839844	15.530924
-13.672816	-18.314427	1581.224609	21.738607
-13.672816	-18.314427	1579.607422	18.629076
-13.672816	-18.314427	1577.990234	18.625059
-13.672816	-18.314427	1576.373047	23.276304
-13.672816	-18.314427	1574.755859	26.374121
-13.672816	-18.314427	1573.136719	15.510843
-13.672816	-18.314427	1571.517578	17.058247
-13.672816	-18.314427	1569.898438	21.705812
-13.672816	-18.314427	1568.279297	23.251209
-13.672816	-18.314427	1566.660156	30.994921
-13.672816	-18.314427	1565.041016	21.691763
-13.672816	-18.314427	1563.419922	21.687078
-13.672816	-18.314427	1561.798828	23.231140
-13.672816	-18.314427	1560.177734	23.226124
-13.672816	-18.314427	1558.556641	29.413403
-13.672816	-18.314427	1556.935547	29.407049
-13.672816	-18.314427	1555.312500	23.211077
-13.672816	-18.314427	1553.691406	32.488487
-13.672816	-18.314427	1552.068359	23.201048
-13.672816	-18.314427	1550.445313	21.649632
-13.672816	-18.314427	1548.822266	23.191019
-13.672816	-18.314427	1547.197266	17.003071
-13.672816	-18.314427	1545.574219	27.817192
-13.672816	-18.314427	1543.949219	24.721045
-13.672816	-18.314427	1542.324219	15.447311
-13.672816	-18.314427	1540.699219	15.443971
-13.672816	-18.314427	1539.072266	20.072819
-13.672816	-18.314427	1537.447266	18.524746
-13.672816	-18.314427	1535.820313	20.064131
-13.672816	-18.314427	1534.193359	24.688971
-13.672816	-18.314427	1532.566406	13.884540
-13.672816	-18.314427	1530.939453	21.593496
-13.672816	-18.314427	1529.312500	23.130880
-13.672816	-18.314427	1527.683594	18.500696
-13.672816	-18.314427	1526.056641	21.579470
-13.672816	-18.314427	1524.427734	23.115852
-13.672816	-18.314427	1522.798828	15.407229
-13.672816	-18.314427	1521.167969	13.863502
-13.672816	-18.314427	1519.539063	18.480661
-13.672816	-18.314427	1517.908203	20.016376
-13.672816	-18.314427	1516.277344	23.090813
-13.672816	-18.314427	1514.646484	21.546751
-13.672816	-18.314427	1513.015625	20.003359
-13.672816	-18.314427	1511.384766	16.922247
-13.672816	-18.314427	1509.751953	21.532734
-13.672816	-18.314427	1508.121094	15.377187
-13.672816	-18.314427	1506.488281	26.135544
-13.672816	-18.314427	1504.855469	24.592821
-13.672816	-18.314427	1503.220703	26.124199
-13.672816	-18.314427	1501.587891	27.654911
-13.672816	-18.314427	1499.953125	27.648905
-13.672816	-18.314427	1498.318359	23.035749
-13.672816	-18.314427	1496.683594	16.889214
-13.672816	-18.314427	1495.048828	24.560793
-13.672816	-18.314427	1493.414063	21.486023
-13.672816	-18.314427	1491.777344	18.412588
-13.672816	-18.314427	1490.140625	27.612881
-13.672816	-18.314427	1488.505859	35.275455
-13.672816	-18.314427	1486.867188	23.000729
-13.672816	-18.314427	1485.230469	18.396582
-13.672816	-18.314427	1483.593750	26.056154
-13.672816	-18.314427	1481.955078	22.985723
-13.672816	-18.314427	1480.316406	18.384577
-13.672816	-18.314427	1478.677734	19.912291
-13.672816	-18.314427	1477.039063	22.970720
-13.672816	-18.314427	1475.400391	24.496767
-13.672816	-18.314427	1473.759766	22.960718
-13.672816	-18.314427	1472.119141	16.834194
-13.672816	-18.314427	1470.478516	24.480766
-13.672816	-18.314427	1468.837891	19.886290
-13.672816	-18.314427	1467.197266	22.940720
-13.672816	-18.314427	1465.556641	21.406672
-13.672816	-18.314427	1463.914063	21.402006
-13.672816	-18.314427	1462.271484	19.868959
-13.672816	-18.314427	1460.628906	18.336580
-13.672816	-18.314427	1458.986328	22.915726
-13.672816	-18.314427	1457.343750	21.383347
-13.672816	-18.314427	1455.699219	24.432779
-13.672816	-18.314427	1454.054688	25.954163
-13.672816	-18.314427	1452.410156	24.422117
-13.672816	-18.314427	1450.765625	18.312590
-13.672816	-18.314427	1449.121094	22.885740
-13.672816	-18.314427	1447.474609	24.406128
-13.672816	-18.314427	1445.830078	22.875748
-13.672816	-18.314427	1444.183594	25.920185
-13.672816	-18.314427	1442.537109	27.438906
-13.672816	-18.314427	1440.890625	16.764557
-13.672816	-18.314427	1439.242188	13.713458
-13.672816	-18.314427	1437.595703	24.374153
-13.672816	-18.314427	1435.947266	18.276619
-13.672816	-18.314427	1434.298828	24.363497
-13.672816	-18.314427	1432.650391	19.791012
-13.672816	-18.314427	1431.000000	16.742579
-13.672816	-18.314427	1429.351563	24.347513
-13.672816	-18.314427	1427.701172	19.778027
-13.672816	-18.314427	1426.050781	18.252644
-13.672816	-18.314427	1424.400391	19.769369
-13.672816	-18.314427	1422.750000	13.683491
-13.672816	-18.314427	1421.097656	18.240660
-13.672816	-18.314427	1419.447266	21.276108
-13.672816	-18.314427	1417.794922	22.790836
-13.672816	-18.314427	1416.142578	27.343014
-13.672816	-18.314427	1414.490234	18.224682
-13.672816	-18.314427	1412.835938	16.702297
-13.672816	-18.314427	1411.183594	30.361155
-13.672816	-18.314427	1409.529297	30.354498
-13.672816	-18.314427	1407.875000	19.726097
-13.672816	-18.314427	1406.220703	22.755890
-13.672816	-18.314427	1404.566406	21.234171
-13.672816	-18.314427	1402.910156	25.778694
-13.672816	-18.314427	1401.255859	15.160609
-13.672816	-18.314427	1399.599609	21.220196
-13.672816	-18.314427	1397.943359	16.669350
-13.672816	-18.314427	1396.287109	24.241003
-13.672816	-18.314427	1394.628906	25.750410
-13.672816	-18.314427	1392.970703	21.201563
-13.672816	-18.314427	1391.314453	18.168776
-13.672816	-18.314427	1389.656250	12.109856
-13.672816	-18.314427	1387.998047	16.647392
-13.672816	-18.314427	1386.337891	12.104532
-13.672816	-18.314427	1384.679688	21.178274
-13.672816	-18.314427	1383.019531	22.686018
-13.672816	-18.314427	1381.359375	12.096549
-13.672816	-18.314427	1379.699219	16.629095
-13.672816	-18.314427	1378.039063	19.648243
-13.672816	-18.314427	1376.376953	18.132849
-13.672816	-18.314427	1374.716797	12.085905
-13.672816	-18.314427	1373.054688	24.166489
-13.672816	-18.314427	1371.392578	18.120874
-13.672816	-18.314427	1369.728516	19.626625
-13.672816	-18.314427	1368.066406	13.584670
-13.672816	-18.314427	1366.402344	18.108902
-13.672816	-18.314427	1364.740234	22.631140
-13.672816	-18.314427	1363.076172	25.642973
-13.672816	-18.314427	1361.412109	21.113087
-13.672816	-18.314427	1359.746094	27.139412
-13.672816	-18.314427	1358.082031	16.581539
-13.672816	-18.314427	1356.416016	21.099121
-13.672816	-18.314427	1354.750000	19.587719
-13.672816	-18.314427	1353.083984	19.583397
-13.672816	-18.314427	1351.417969	24.097322
-13.672816	-18.314427	1349.750000	31.620752
-13.672816	-18.314427	1348.083984	24.086683
-13.672816	-18.314427	1346.416016	24.081364
-13.672816	-18.314427	1344.748047	27.085550
-13.672816	-18.314427	1343.078125	19.557465
-13.672816	-18.314427	1341.410156	16.544968
-13.672816	-18.314427	1339.740234	16.541309
-13.672816	-18.314427	1338.072266	24.054770
-13.672816	-18.314427	1336.402344	15.030907
-13.672816	-18.314427	1334.730469	18.033098
-13.672816	-18.314427	1333.060547	15.024259
-13.672816	-18.314427	1331.388672	28.539776
-13.672816	-18.314427	1329.718750	21.024654
-13.672816	-18.314427	1328.046875	27.025717
-13.672816	-18.314427	1326.375000	16.512060
-13.672816	-18.314427	1324.701172	16.508404
-13.672816	-18.314427	1323.029297	21.006042
-13.672816	-18.314427	1321.355469	25.501688
-13.672816	-18.314427	1319.681641	20.996737
-13.672816	-18.314427	1318.007813	19.492649
-13.672816	-18.314427	1316.333984	23.985636
-13.672816	-18.314427	1314.660156	19.484009
-13.672816	-18.314427	1312.984375	22.476564
-13.672816	-18.314427	1311.308594	16.479158
-13.672816	-18.314427	1309.632813	23.964369
-13.672816	-18.314427	1307.957031	22.461611
-13.672816	-18.314427	1306.279297	25.450844
-13.672816	-18.314427	1304.603516	23.948420
-13.672816	-18.314427	1302.925781	20.950214
-13.672816	-18.314427	1301.248047	22.441675
-13.672816	-18.314427	1299.570313	16.453573
-13.672816	-18.314427	1297.892578	20.936260
-13.672816	-18.314427	1296.212891	16.446264
-13.672816	-18.314427	1294.533203	26.906088
-13.672816	-18.314427	1292.853516	20.922306
-13.672816	-18.314427	1291.173828	19.423536
-13.672816	-18.314427	1289.494141	17.925432
-13.672816	-18.314427	1287.812500	16.427992
-13.672816	-18.314427	1286.132813	20.903702
-13.672816	-18.314427	1284.451172	22.391840
-13.672816	-18.314427	1282.769531	26.864229
-13.672816	-18.314427	1281.085938	25.366125
-13.672816	-18.314427	1279.404297	22.376892
-13.672816	-18.314427	1277.720703	23.863369
-13.672816	-18.314427	1276.039063	19.384670
-13.672816	-18.314427	1274.355469	40.251499
-13.672816	-18.314427	1272.669922	17.885569
-13.672816	-18.314427	1270.986328	25.332243
-13.672816	-18.314427	1269.300781	19.367397
-13.672816	-18.314427	1267.615234	19.363079
-13.672816	-18.314427	1265.929688	25.315302
-13.672816	-18.314427	1264.244141	20.843246
-13.672816	-18.314427	1262.558594	22.327068
-13.672816	-18.314427	1260.871094	16.369530
-13.672816	-18.314427	1259.185547	26.780525
-13.672816	-18.314427	1257.498047	22.312122
-13.672816	-18.314427	1255.808594	22.307140
-13.672816	-18.314427	1254.121094	16.354916
-13.672816	-18.314427	1252.433594	22.297176
-13.672816	-18.314427	1250.744141	20.806049
-13.672816	-18.314427	1249.054688	22.287214
-13.672816	-18.314427	1247.365234	28.224161
-13.672816	-18.314427	1245.673828	22.277252
-13.672816	-18.314427	1243.984375	16.332998
-13.672816	-18.314427	1242.292969	19.298317
-13.672816	-18.314427	1240.601563	20.778154
-13.672816	-18.314427	1238.910156	25.224970
-13.672816	-18.314427	1237.218750	19.285366
-13.672816	-18.314427	1235.525391	22.247366
-13.672816	-18.314427	1233.833984	25.208035
-13.672816	-18.314427	1232.140625	20.754910
-13.672816	-18.314427	1230.447266	16.303776
-13.672816	-18.314427	1228.753906	23.709272
-13.672816	-18.314427	1227.058594	20.740965
-13.672816	-18.314427	1225.365234	20.736317
-13.672816	-18.314427	1223.669922	22.212502
-13.672816	-18.314427	1221.974609	20.727018
-13.672816	-18.314427	1220.277344	17.762032
-13.672816	-18.314427	1218.582031	31.076584
-13.672816	-18.314427	1216.884766	19.233568
-13.672816	-18.314427	1215.189453	25.145947
-13.672816	-18.314427	1213.492188	20.703779
-13.672816	-18.314427	1211.792969	14.785093
-13.672816	-18.314427	1210.095703	22.172659
-13.672816	-18.314427	1208.396484	22.167681
-13.672816	-18.314427	1206.699219	17.730160
-13.672816	-18.314427	1205.000000	19.203358
-13.672816	-18.314427	1203.298828	22.152740
-13.672816	-18.314427	1201.599609	20.671244
-13.672816	-18.314427	1199.900391	26.571339
-13.672816	-18.314427	1198.199219	20.661949
-13.672816	-18.314427	1196.498047	20.657301
-13.672816	-18.314427	1194.796875	17.702274
-13.672816	-18.314427	1193.093750	23.597721
-13.672816	-18.314427	1191.392578	25.066936
-13.672816	-18.314427	1189.689453	20.638712
-13.672816	-18.314427	1187.986328	28.003374
-13.672816	-18.314427	1186.283203	22.102947
-13.672816	-18.314427	1184.580078	22.097969
-13.672816	-18.314427	1182.875000	22.092989
-13.672816	-18.314427	1181.169922	19.142942
-13.672816	-18.314427	1179.464844	14.722021
-13.672816	-18.314427	1177.759766	23.549923
-13.672816	-18.314427	1176.054688	20.601536
-13.672816	-18.314427	1174.347656	20.596889
-13.672816	-18.314427	1172.642578	25.004866
-13.672816	-18.314427	1170.935547	29.410852
-13.672816	-18.314427	1169.228516	19.112740
-13.672816	-18.314427	1167.519531	16.168667
-13.672816	-18.314427	1165.812500	19.104111
-13.672816	-18.314427	1164.103516	13.222935
-13.672816	-18.314427	1162.394531	32.315430
-13.672816	-18.314427	1160.685547	19.091166
-13.672816	-18.314427	1158.976563	29.364388
-13.672816	-18.314427	1157.265625	16.146763
-13.672816	-18.314427	1155.556641	24.948446
-13.672816	-18.314427	1153.845703	16.139462
-13.672816	-18.314427	1152.134766	20.536488
-13.672816	-18.314427	1150.423828	23.464962
-13.672816	-18.314427	1148.710938	23.459652
-13.672816	-18.314427	1146.998047	19.056654
-13.672816	-18.314427	1145.287109	27.845726
-13.672816	-18.314427	1143.572266	27.839422
-13.672816	-18.314427	1141.859375	19.043711
-13.672816	-18.314427	1140.146484	19.039398
-13.672816	-18.314427	1138.431641	21.963558
-13.672816	-18.314427	1136.716797	26.350298
-13.672816	-18.314427	1135.001953	17.562883
-13.672816	-18.314427	1133.287109	27.801594
-13.672816	-18.314427	1131.570313	24.869469
-13.672816	-18.314427	1129.855469	23.401251
-13.672816	-18.314427	1128.138672	24.858189
-13.672816	-18.314427	1126.421875	16.081060
-13.672816	-18.314427	1124.703125	23.385324
-13.672816	-18.314427	1122.986328	21.918764
-13.672816	-18.314427	1121.267578	24.835627
-13.672816	-18.314427	1119.548828	18.987637
-13.672816	-18.314427	1117.830078	21.903835
-13.672816	-18.314427	1116.111328	23.358782
-13.672816	-18.314427	1114.392578	24.813065
-13.672816	-18.314427	1112.671875	23.348166
-13.672816	-18.314427	1110.951172	20.424999
-13.672816	-18.314427	1109.230469	18.961758
-13.672816	-18.314427	1107.509766	20.415710
-13.672816	-18.314427	1105.787109	20.411066
-13.672816	-18.314427	1104.066406	24.779226
-13.672816	-18.314427	1102.343750	18.944508
-13.672816	-18.314427	1100.621094	17.483257
-13.672816	-18.314427	1098.896484	21.849096
-13.672816	-18.314427	1097.173828	27.669218
-13.672816	-18.314427	1095.449219	26.206972
-13.672816	-18.314427	1093.724609	17.467335
-13.672816	-18.314427	1092.000000	21.829193
-13.672816	-18.314427	1090.275391	14.549478
-13.672816	-18.314427	1088.550781	13.091545
-13.672816	-18.314427	1086.824219	29.085688
-13.672816	-18.314427	1085.097656	29.079054
-13.672816	-18.314427	1083.371094	23.257936
-13.672816	-18.314427	1081.644531	23.252628
-13.672816	-18.314427	1079.916016	18.888449
-13.672816	-18.314427	1078.189453	14.526259
-13.672816	-18.314427	1076.460938	21.784414
-13.672816	-18.314427	1074.732422	17.423552
-13.672816	-18.314427	1073.001953	15.967940
-13.672816	-18.314427	1071.273438	34.831184
-13.672816	-18.314427	1069.542969	20.313547
-13.672816	-18.314427	1067.812500	17.407633
-13.672816	-18.314427	1066.082031	20.304262
-13.672816	-18.314427	1064.351563	27.549482
-13.672816	-18.314427	1062.619141	24.643900
-13.672816	-18.314427	1060.888672	21.739643
-13.672816	-18.314427	1059.156250	20.285690
-13.672816	-18.314427	1057.421875	15.935109
-13.672816	-18.314427	1055.689453	21.724720
-13.672816	-18.314427	1053.957031	18.823780
-13.672816	-18.314427	1052.222656	13.028863
-13.672816	-18.314427	1050.488281	21.709799
-13.672816	-18.314427	1048.753906	20.257835
-13.672816	-18.314427	1047.019531	24.593164
-13.672816	-18.314427	1045.283203	18.802227
-13.672816	-18.314427	1043.546875	24.581890
-13.672816	-18.314427	1041.810547	17.347944
-13.672816	-18.314427	1040.074219	27.461277
-13.672816	-18.314427	1038.337891	18.784985
-13.672816	-18.314427	1036.599609	18.780676
-13.672816	-18.314427	1034.861328	25.998043
-13.672816	-18.314427	1033.123047	24.548073
-13.672816	-18.314427	1031.384766	21.655090
-13.672816	-18.314427	1029.646484	20.206776
-13.672816	-18.314427	1027.906250	21.645145
-13.672816	-18.314427	1026.167969	20.197495
-13.672816	-18.314427	1024.427734	28.846933
-13.672816	-18.314427	1022.685547	31.724333
-13.672816	-18.314427	1020.945313	27.391989
-13.672816	-18.314427	1019.203125	21.620283
-13.672816	-18.314427	1017.462891	21.615311
-13.672816	-18.314427	1015.720703	28.813784
-13.672816	-18.314427	1013.976563	20.165009
-13.672816	-18.314427	1012.234375	24.480446
-13.672816	-18.314427	1010.490234	15.836643
-13.672816	-18.314427	1008.746094	30.226631
-13.672816	-18.314427	1007.001953	25.902575
-13.672816	-18.314427	1005.257813	31.651411
-13.672816	-18.314427	1003.513672	21.575535
-13.672816	-18.314427	1001.767578	34.512901
-13.672816	-18.314427	1000.021484	34.504948
-13.672816	-18.314427	998.275391	25.872746
-13.672816	-18.314427	996.529297	25.866781
-13.672816	-18.314427	994.781250	22.987392
-13.672816	-18.314427	993.035156	28.727612
-13.672816	-18.314427	991.287109	31.593082
-13.672816	-18.314427	989.539063	34.457230
-13.672816	-18.314427	987.789063	37.320049
-13.672816	-18.314427	986.041016	35.876377
-13.672816	-18.314427	984.291016	31.563923
-13.672816	-18.314427	982.541016	37.294205
-13.672816	-18.314427	980.791016	32.983406
-13.672816	-18.314427	979.041016	34.409515
-13.672816	-18.314427	977.289063	31.534765
-13.672816	-18.314427	975.537109	44.425079
-13.672816	-18.314427	973.785156	40.116604
-13.672816	-18.314427	972.033203	37.242519
-13.672816	-18.314427	970.281250	41.530125
-13.672816	-18.314427	968.527344	34.361809
-13.672816	-18.314427	966.773438	34.353855
-13.672816	-18.314427	965.019531	48.656700
-13.672816	-18.314427	963.265625	30.045712
-13.672816	-18.314427	961.511719	41.482090
-13.672816	-18.314427	959.755859	31.461885
-13.672816	-18.314427	958.000000	38.603371
-13.672816	-18.314427	956.244141	37.165005
-13.672816	-18.314427	954.488281	34.298210
-13.672816	-18.314427	952.730469	34.290260
-13.672816	-18.314427	950.974609	34.282310
-13.672816	-18.314427	949.216797	31.418165
-13.672816	-18.314427	947.458984	37.121948
-13.672816	-18.314427	945.701172	32.831028
-13.672816	-18.314427	943.941406	41.386044
-13.672816	-18.314427	942.181641	38.522892
-13.672816	-18.314427	940.421875	37.087509
-13.672816	-18.314427	938.662109	28.522230
-13.672816	-18.314427	936.902344	37.070290
-13.672816	-18.314427	935.140625	35.636230
-13.672816	-18.314427	933.380859	24.227009
-13.672816	-18.314427	931.619141	27.070953
-13.672816	-18.314427	929.855469	19.942383
-13.672816	-18.314427	928.093750	24.210123
-13.672816	-18.314427	926.330078	21.356907
-13.672816	-18.314427	924.568359	17.081553
-13.672816	-18.314427	922.804688	17.077581
-13.672816	-18.314427	921.039063	31.301615
-13.672816	-18.314427	919.275391	25.604454
-13.672816	-18.314427	917.509766	21.332081
-13.672816	-18.314427	915.744141	22.748922
-13.672816	-18.314427	913.978516	27.008057
-13.672816	-18.314427	912.212891	21.317186
-13.672816	-18.314427	910.447266	15.628962
-13.672816	-18.314427	908.679688	22.727741
-13.672816	-18.314427	906.912109	26.982904
-13.672816	-18.314427	905.144531	26.976616
-13.672816	-18.314427	903.375000	19.872873
-13.672816	-18.314427	901.607422	26.964041
-13.672816	-18.314427	899.837891	21.282436
-13.672816	-18.314427	898.068359	26.951468
-13.672816	-18.314427	896.298828	21.272511
-13.672816	-18.314427	894.529297	26.938894
-13.672816	-18.314427	892.757813	21.262585
-13.672816	-18.314427	890.986328	24.091972
-13.672816	-18.314427	889.214844	29.753723
-13.672816	-18.314427	887.443359	26.913750
-13.672816	-18.314427	885.669922	31.156012
-13.672816	-18.314427	883.898438	26.901178
-13.672816	-18.314427	882.125000	26.894894
-13.672816	-18.314427	880.351563	26.888609
-13.672816	-18.314427	878.578125	21.222889
-13.672816	-18.314427	876.802734	19.803398
-13.672816	-18.314427	875.027344	25.455559
-13.672816	-18.314427	873.251953	28.277340
-13.672816	-18.314427	871.476563	21.203045
-13.672816	-18.314427	869.701172	29.677319
-13.672816	-18.314427	867.923828	25.431749
-13.672816	-18.314427	866.146484	22.600708
-13.672816	-18.314427	864.369141	21.183205
-13.672816	-18.314427	862.591797	24.002010
-13.672816	-18.314427	860.814453	29.642599
-13.672816	-18.314427	859.035156	21.168325
-13.672816	-18.314427	857.255859	23.985149
-13.672816	-18.314427	855.476563	26.800650
-13.672816	-18.314427	853.697266	23.973909
-13.672816	-18.314427	851.916016	25.378189
-13.672816	-18.314427	850.136719	22.553102
-13.672816	-18.314427	848.355469	21.138575
-13.672816	-18.314427	846.574219	23.951433
-13.672816	-18.314427	844.791016	22.537237
-13.672816	-18.314427	843.009766	19.715456
-13.672816	-18.314427	841.226563	26.750412
-13.672816	-18.314427	839.443359	23.928961
-13.672816	-18.314427	837.660156	25.330599
-13.672816	-18.314427	835.875000	19.696951
-13.672816	-18.314427	834.091797	23.912109
-13.672816	-18.314427	832.306641	22.500229
-13.672816	-18.314427	830.521484	22.494942
-13.672816	-18.314427	828.734375	19.678450
-13.672816	-18.314427	826.949219	28.105463
-13.672816	-18.314427	825.162109	22.479086
-13.672816	-18.314427	823.375000	22.473801
-13.672816	-18.314427	821.587891	26.681362
-13.672816	-18.314427	819.800781	26.675087
-13.672816	-18.314427	818.011719	26.668812
-13.672816	-18.314427	816.222656	19.646080
-13.672816	-18.314427	814.433594	26.656261
-13.672816	-18.314427	812.644531	22.442095
-13.672816	-18.314427	810.855469	29.448317
-13.672816	-18.314427	809.064453	25.235470
-13.672816	-18.314427	807.273438	21.024607
-13.672816	-18.314427	805.482422	26.624895
-13.672816	-18.314427	803.691406	18.212742
-13.672816	-18.314427	801.898438	14.006500
-13.672816	-18.314427	800.107422	21.004799
-13.672816	-18.314427	798.314453	19.599857
-13.672816	-18.314427	796.521484	20.994896
-13.672816	-18.314427	794.726563	26.587265
-13.672816	-18.314427	792.933594	22.383995
-13.672816	-18.314427	791.138672	22.378716
-13.672816	-18.314427	789.343750	22.373436
-13.672816	-18.314427	787.546875	25.164175
-13.672816	-18.314427	785.751953	19.567516
-13.672816	-18.314427	783.955078	29.344347
-13.672816	-18.314427	782.158203	32.131458
-13.672816	-18.314427	780.361328	26.537111
-13.672816	-18.314427	778.564453	26.530844
-13.672816	-18.314427	776.765625	30.712667
-13.672816	-18.314427	774.968750	22.331207
-13.672816	-18.314427	773.169922	23.721302
-13.672816	-18.314427	771.369141	34.876022
-13.672816	-18.314427	769.570313	23.710089
-13.672816	-18.314427	767.769531	32.070770
-13.672816	-18.314427	765.970703	36.245342
-13.672816	-18.314427	764.167969	27.874437
-13.672816	-18.314427	762.367188	23.687668
-13.672816	-18.314427	760.566406	25.075125
-13.672816	-18.314427	758.763672	25.069191
-13.672816	-18.314427	756.960938	26.455662
-13.672816	-18.314427	755.158203	25.057325
-13.672816	-18.314427	753.353516	27.834881
-13.672816	-18.314427	751.550781	33.393948
-13.672816	-18.314427	749.746094	25.039528
-13.672816	-18.314427	747.941406	23.642841
-13.672816	-18.314427	746.136719	31.979795
-13.672816	-18.314427	744.330078	23.631638
-13.672816	-18.314427	742.523438	26.405571
-13.672816	-18.314427	740.718750	23.620438
-13.672816	-18.314427	738.910156	22.225729
-13.672816	-18.314427	737.103516	23.609238
-13.672816	-18.314427	735.294922	27.768986
-13.672816	-18.314427	733.488281	31.926758
-13.672816	-18.314427	731.679688	33.306976
-13.672816	-18.314427	729.869141	31.911610
-13.672816	-18.314427	728.060547	24.968376
-13.672816	-18.314427	726.250000	29.122858
-13.672816	-18.314427	724.439453	34.661839
-13.672816	-18.314427	722.628906	26.336742
-13.672816	-18.314427	720.818359	31.873749
-13.672816	-18.314427	719.005859	23.553261
-13.672816	-18.314427	717.195313	37.399235
-13.672816	-18.314427	715.382813	27.696554
-13.672816	-18.314427	713.568359	27.689972
-13.672816	-18.314427	711.755859	29.067560
-13.672816	-18.314427	709.941406	27.676809
-13.672816	-18.314427	708.126953	26.286718
-13.672816	-18.314427	706.312500	23.514103
-13.672816	-18.314427	704.498047	23.508511
-13.672816	-18.314427	702.681641	29.033016
-13.672816	-18.314427	700.867188	26.261717
-13.672816	-18.314427	699.050781	23.491735
-13.672816	-18.314427	697.232422	30.393835
-13.672816	-18.314427	695.416016	24.861763
-13.672816	-18.314427	693.597656	26.236725
-13.672816	-18.314427	691.779297	20.708273
-13.672816	-18.314427	689.960938	23.463787
-13.672816	-18.314427	688.142578	30.357668
-13.672816	-18.314427	686.324219	23.452610
-13.672816	-18.314427	684.503906	22.067785
-13.672816	-18.314427	682.683594	26.199251
-13.672816	-18.314427	680.863281	27.571587
-13.672816	-18.314427	679.041016	22.052011
-13.672816	-18.314427	677.218750	20.668833
-13.672816	-18.314427	675.398438	16.531122
-13.672816	-18.314427	673.576172	22.036242
-13.672816	-18.314427	671.751953	28.915668
-13.672816	-18.314427	669.929688	26.155554
-13.672816	-18.314427	668.105469	24.773035
-13.672816	-18.314427	666.281250	28.894978
-13.672816	-18.314427	664.457031	26.136835
-13.672816	-18.314427	662.630859	30.256481
-13.672816	-18.314427	660.806641	28.874290
-13.672816	-18.314427	658.980469	26.118122
-13.672816	-18.314427	657.154297	38.480671
-13.672816	-18.314427	655.326172	34.349537
-13.672816	-18.314427	653.500000	23.352106
-13.672816	-18.314427	651.671875	30.213152
-13.672816	-18.314427	649.843750	24.713945
-13.672816	-18.314427	648.015625	28.826046
-13.672816	-18.314427	646.185547	30.191498
-13.672816	-18.314427	644.357422	32.928307
-13.672816	-18.314427	642.527344	27.433695
-13.672816	-18.314427	640.697266	38.397987
-13.672816	-18.314427	638.865234	30.162632
-13.672816	-18.314427	637.035156	30.155418
-13.672816	-18.314427	635.203125	37.000069
-13.672816	-18.314427	633.371094	35.621174
-13.672816	-18.314427	631.539063	36.982365
-13.672816	-18.314427	629.705078	35.604126
-13.672816	-18.314427	627.873047	26.012173
-13.672816	-18.314427	626.039063	39.693283
-13.672816	-18.314427	624.203125	34.210155
-13.672816	-18.314427	622.369141	27.361572
-13.672816	-18.314427	620.535156	30.090521
-13.672816	-18.314427	618.699219	19.143927
-13.672816	-18.314427	616.863281	35.544491
-13.672816	-18.314427	615.025391	38.269512
-13.672816	-18.314427	613.189453	34.161018
-13.672816	-18.314427	611.351563	40.983398
-13.672816	-18.314427	609.513672	25.949930
-13.672816	-18.314427	607.675781	34.136459
-13.672816	-18.314427	605.837891	36.858540
-13.672816	-18.314427	603.998047	34.120094
-13.672816	-18.314427	602.158203	24.560575
-13.672816	-18.314427	600.318359	30.011282
-13.672816	-18.314427	598.478516	27.276438
-13.672816	-18.314427	596.636719	35.450863
-13.672816	-18.314427	594.796875	29.989687
-13.672816	-18.314427	592.955078	29.982491
-13.672816	-18.314427	591.111328	32.700321
-13.672816	-18.314427	589.269531	27.243727
-13.672816	-18.314427	587.425781	29.960905
-13.672816	-18.314427	585.583984	24.507582
-13.672816	-18.314427	583.738281	24.501698
-13.672816	-18.314427	581.894531	29.939325
-13.672816	-18.314427	580.050781	28.571583
-13.672816	-18.314427	578.205078	24.484045
-13.672816	-18.314427	576.359375	28.557858
-13.672816	-18.314427	574.513672	29.910566
-13.672816	-18.314427	572.666016	23.107157
-13.672816	-18.314427	570.818359	25.819439
-13.672816	-18.314427	568.970703	27.171824
-13.672816	-18.314427	567.123047	32.598351
-13.672816	-18.314427	565.275391	24.442884
-13.672816	-18.314427	563.425781	29.867453
-13.672816	-18.314427	561.576172	25.788414
-13.672816	-18.314427	559.726563	20.354378
-13.672816	-18.314427	557.876953	27.132641
-13.672816	-18.314427	556.027344	24.413504
-13.672816	-18.314427	554.175781	28.475567
-13.672816	-18.314427	552.324219	25.757408
-13.672816	-18.314427	550.472656	24.395884
-13.672816	-18.314427	548.619141	29.810013
-13.672816	-18.314427	546.767578	31.157513
-13.672816	-18.314427	544.914063	36.567406
-13.672816	-18.314427	543.060547	35.204578
-13.672816	-18.314427	541.205078	28.427620
-13.672816	-18.314427	539.351563	39.247734
-13.672816	-18.314427	537.496094	44.650455
-13.672816	-18.314427	535.640625	36.523392
-13.672816	-18.314427	533.785156	43.276554
-13.672816	-18.314427	531.927734	52.730595
-13.672816	-18.314427	530.070313	60.828331
-13.672816	-18.314427	528.212891	79.733482
-13.672816	-18.314427	526.355469	128.353470
-13.672816	-18.314427	524.498047	206.666824
-13.672816	-18.314427	522.638672	405.131378
-13.672816	-18.314427	520.779297	577.848083
-13.672816	-18.314427	518.919922	440.030487
-13.672816	-18.314427	517.060547	257.747101
-13.672816	-18.314427	515.199219	147.055801
-13.672816	-18.314427	513.339844	91.719101
-13.672816	-18.314427	511.478516	78.212128
-13.672816	-18.314427	509.615234	67.407982
-13.672816	-18.314427	507.753906	70.087387
-13.672816	-18.314427	505.890625	64.680435
-13.672816	-18.314427	504.027344	61.970463
-13.672816	-18.314427	502.164063	64.649223
-13.672816	-18.314427	500.300781	60.594017
-13.672816	-18.314427	498.435547	61.925598
-13.672816	-18.314427	496.570313	74.023598
-13.672816	-18.314427	494.705078	80.733521
-13.672816	-18.314427	492.839844	49.773647
-13.672816	-18.314427	490.972656	57.831081
-13.672816	-18.314427	489.107422	65.884613
-13.672816	-18.314427	487.240234	57.803146
-13.672816	-18.314427	485.371094	52.413445
-13.672816	-18.314427	483.503906	45.682732
-13.672816	-18.314427	481.634766	36.268700
-13.672816	-18.314427	479.765625	44.317699
-13.672816	-18.314427	477.896484	34.908535
-13.672816	-18.314427	476.027344	45.638592
-13.672816	-18.314427	474.156250	37.575638
-13.672816	-18.314427	472.285156	46.958195
-13.672816	-18.314427	470.414063	42.922825
-13.672816	-18.314427	468.542969	44.253464
-13.672816	-18.314427	466.669922	38.880005
-13.672816	-18.314427	464.796875	41.551331
-13.672816	-18.314427	462.923828	37.521160
-13.672816	-18.314427	461.050781	30.813498
-13.672816	-18.314427	459.177734	30.806044
-13.672816	-18.314427	457.302734	28.120453
-13.672816	-18.314427	455.427734	32.129887
-13.672816	-18.314427	453.552734	34.798954
-13.672816	-18.314427	451.675781	36.128632
-13.672816	-18.314427	449.800781	24.079927
-13.672816	-18.314427	447.923828	34.773697
-13.672816	-18.314427	446.046875	29.416777
-13.672816	-18.314427	444.169922	29.409657
-13.672816	-18.314427	442.291016	26.729580
-13.672816	-18.314427	440.412109	34.740044
-13.672816	-18.314427	438.533203	28.052471
-13.672816	-18.314427	436.654297	30.716696
-13.672816	-18.314427	434.773438	34.714813
-13.672816	-18.314427	432.894531	29.366961
-13.672816	-18.314427	431.013672	24.021694
-13.672816	-18.314427	429.130859	34.689598
-13.672816	-18.314427	427.250000	30.679518
-13.672816	-18.314427	425.367188	32.005657
-13.672816	-18.314427	423.484375	22.665180
-13.672816	-18.314427	421.601563	23.992613
-13.672816	-18.314427	419.718750	26.651999
-13.672816	-18.314427	417.833984	35.971481
-13.672816	-18.314427	415.949219	37.294716
-13.672816	-18.314427	414.064453	31.959154
-13.672816	-18.314427	412.179688	29.288792
-13.672816	-18.314427	410.294922	29.281693
-13.672816	-18.314427	408.408203	26.613268
-13.672816	-18.314427	406.521484	42.570904
-13.672816	-18.314427	404.634766	42.560585
-13.672816	-18.314427	402.746094	46.539352
-13.672816	-18.314427	400.857422	73.115540
-13.672816	-18.314427	398.968750	89.046425
-13.672816	-18.314427	397.080078	82.381187
-13.672816	-18.314427	395.191406	77.047585
-13.672816	-18.314427	393.300781	62.419968
-13.672816	-18.314427	391.410156	61.077065
-13.672816	-18.314427	389.519531	63.717133
-13.672816	-18.314427	387.628906	50.430492
-13.672816	-18.314427	385.736328	53.071854
-13.672816	-18.314427	383.843750	62.344299
-13.672816	-18.314427	381.951172	50.393799
-13.672816	-18.314427	380.058594	57.010727
-13.672816	-18.314427	378.164063	56.996891
-13.672816	-18.314427	376.271484	68.909752
-13.672816	-18.314427	374.376953	87.441147
-13.672816	-18.314427	372.480469	56.955410
-13.672816	-18.314427	370.585938	59.590031
-13.672816	-18.314427	368.689453	50.308258
-13.672816	-18.314427	366.792969	54.266788
-13.672816	-18.314427	364.896484	47.637321
-13.672816	-18.314427	363.000000	58.209259
-13.672816	-18.314427	361.101563	67.453445
-13.672816	-18.314427	359.203125	62.147888
-13.672816	-18.314427	357.304688	59.488850
-13.672816	-18.314427	355.406250	51.544483
-13.672816	-18.314427	353.505859	47.567970
-13.672816	-18.314427	351.605469	62.087551
-13.672816	-18.314427	349.705078	51.506947
-13.672816	-18.314427	347.804688	46.212959
-13.672816	-18.314427	345.902344	43.561634
-13.672816	-18.314427	344.001953	38.272141
-13.672816	-18.314427	342.099609	46.179295
-13.672816	-18.314427	340.195313	47.487167
-13.672816	-18.314427	338.292969	48.794403
-13.672816	-18.314427	336.388672	42.190311
-13.672816	-18.314427	334.484375	44.816319
-13.672816	-18.314427	332.580078	36.898590
-13.672816	-18.314427	330.675781	46.112034
-13.672816	-18.314427	328.769531	31.611998
-13.672816	-18.314427	326.863281	38.188553
-13.672816	-18.314427	324.957031	46.078434
-13.672816	-18.314427	323.048828	34.221378
-13.672816	-18.314427	321.142578	35.528950
-13.672816	-18.314427	319.234375	35.520317
-13.672816	-18.314427	317.326172	32.881191
-13.672816	-18.314427	315.417969	38.132912
-13.672816	-18.314427	313.507813	38.123646
-13.672816	-18.314427	311.597656	32.857224
-13.672816	-18.314427	309.687500	39.419086
-13.672816	-18.314427	307.777344	38.095856
-13.672816	-18.314427	305.865234	35.459938
-13.672816	-18.314427	303.955078	38.077343
-13.672816	-18.314427	302.042969	38.068089
-13.672816	-18.314427	300.128906	34.121716
-13.672816	-18.314427	298.216797	34.113422
-13.672816	-18.314427	296.302734	27.546450
-13.672816	-18.314427	294.388672	35.408257
-13.672816	-18.314427	292.474609	47.199532
-13.672816	-18.314427	290.560547	43.255722
-13.672816	-18.314427	288.644531	49.797508
-13.672816	-18.314427	286.728516	47.165119
-13.672816	-18.314427	284.812500	58.942066
-13.672816	-18.314427	282.896484	51.070709
-13.672816	-18.314427	280.978516	61.531788
-13.672816	-18.314427	279.060547	65.443436
-13.672816	-18.314427	277.142578	62.810425
-13.672816	-18.314427	275.224609	57.562225
-13.672816	-18.314427	273.304688	73.243202
-13.672816	-18.314427	271.384766	73.225395
-13.672816	-18.314427	269.464844	81.051262
-13.672816	-18.314427	267.544922	91.487244
-13.672816	-18.314427	265.623047	114.984566
-13.672816	-18.314427	263.703125	202.480392
-13.672816	-18.314427	261.781250	283.403625
-13.672816	-18.314427	259.857422	308.142853
-13.672816	-18.314427	257.935547	259.769135
-13.672816	-18.314427	256.011719	245.350372
-13.672816	-18.314427	254.087891	260.947571
-13.672816	-18.314427	252.164063	687.429688
-13.672816	-18.314427	250.240234	1830.961304
-13.672816	-18.314427	248.314453	1773.149414
-13.672816	-18.314427	246.388672	746.887939
-13.672816	-18.314427	244.462891	344.032257
-13.672816	-18.314427	242.535156	225.390549
-13.672816	-18.314427	240.609375	194.075302
-13.672816	-18.314427	238.681641	173.192886
-13.672816	-18.314427	236.753906	135.396088
-13.672816	-18.314427	234.824219	123.649048
-13.672816	-18.314427	232.896484	108.003960
-13.672816	-18.314427	230.966797	88.463654
-13.672816	-18.314427	229.037109	74.135330
-13.672816	-18.314427	227.107422	65.015175
-13.672816	-18.314427	225.175781	80.599220
-13.672816	-18.314427	223.244141	76.680611
-13.672816	-18.314427	221.312500	83.158745
-13.672816	-18.314427	219.380859	84.437569
-13.672816	-18.314427	217.447266	84.417038
-13.672816	-18.314427	215.515625	75.307655
-13.672816	-18.314427	213.582031	79.183624
-13.672816	-18.314427	211.646484	57.102173
-13.672816	-18.314427	209.712891	60.980675
-13.672816	-18.314427	207.777344	57.074413
-13.672816	-18.314427	205.841797	58.357368
-13.672816	-18.314427	203.906250	46.674545
-13.672816	-18.314427	201.968750	33.701199
-13.672816	-18.314427	200.033203	31.101236
-13.672816	-18.314427	198.095703	34.980385
-13.672816	-18.314427	196.158203	27.200354
-13.672816	-18.314427	194.218750	31.078562
-13.672816	-18.314427	192.281250	32.365635
-13.672816	-18.314427	190.341797	32.357765
-13.672816	-18.314427	188.402344	31.055906
-13.672816	-18.314427	186.460938	32.342041
-13.672816	-18.314427	184.521484	29.747444
-13.672816	-18.314427	182.580078	29.740215
-13.672816	-18.314427	180.638672	24.562033
-13.672816	-18.314427	178.695313	24.556065
-13.672816	-18.314427	176.753906	31.010649
-13.672816	-18.314427	174.810547	28.419519
-13.672816	-18.314427	172.867188	29.704096
-13.672816	-18.314427	170.921875	24.532204
-13.672816	-18.314427	168.978516	32.271374
-13.672816	-18.314427	167.033203	25.810825
-13.672816	-18.314427	165.087891	27.094782
-13.672816	-18.314427	163.142578	27.088200
-13.672816	-18.314427	161.195313	29.660820
-13.672816	-18.314427	159.248047	27.075039
-13.672816	-18.314427	157.300781	33.513332
-13.672816	-18.314427	155.353516	30.927870
-13.672816	-18.314427	153.406250	39.938797
-13.672816	-18.314427	151.457031	37.353024
-13.672816	-18.314427	149.507813	38.631676
-13.672816	-18.314427	147.558594	48.921570
-13.672816	-18.314427	145.607422	47.622593
-13.672816	-18.314427	143.658203	55.331734
-13.672816	-18.314427	141.707031	54.031826
-13.672816	-18.314427	139.753906	64.307983
-13.672816	-18.314427	137.802734	77.150841
-13.672816	-18.314427	135.849609	69.418900
-13.672816	-18.314427	133.896484	61.690704
-13.672816	-18.314427	131.943359	59.105907
-13.672816	-18.314427	129.990234	53.953159
-13.672816	-18.314427	128.035156	47.518627
-13.672816	-18.314427	126.080078	38.519264
-13.672816	-18.314427	124.125000	55.197544
-13.672816	-18.314427	122.169922	41.067272
-13.672816	-18.314427	120.212891	48.755550
-13.672816	-18.314427	118.255859	53.874638
-13.672816	-18.314427	116.298828	48.731892
-13.672816	-18.314427	114.341797	38.463211
-13.672816	-18.314427	112.382813	39.735676
-13.672816	-18.314427	110.423828	37.163063
-13.672816	-18.314427	108.464844	35.872875
-13.672816	-18.314427	106.505859	26.898129
-13.672816	-18.314427	104.544922	20.488842
-13.672816	-18.314427	102.585938	17.923388
-13.672816	-18.314427	100.625000	10.239451
-13.672816	-18.314427	98.662109	5.118484
-13.672816	-18.314427	96.701172	6.396554
-13.672816	-18.314427	94.738281	2.558001
-13.672816	-18.314427	92.775391	2.557381
-13.672816	-18.314427	90.812500	1.278380
-13.672816	-18.314427	88.847656	3.834212
-13.672816	-18.314427	86.882813	1.277761
-13.672816	-18.314427	84.917969	2.554902
-13.672816	-18.314427	82.953125	0.000000
-13.672816	-18.314427	80.988281	-1.276832
-13.672816	-18.314427	79.021484	3.829567
-13.672816	-18.314427	77.054688	0.000000
-13.672816	-18.314427	75.087891	2.551808
-13.672816	-18.314427	73.119141	-2.551189
-13.672816	-18.314427	71.152344	1.275286
-13.672816	-18.314427	69.183594	1.274977
-13.672816	-18.314427	67.212891	0.000000
-13.672816	-18.314427	65.244141	0.000000
-13.672816	-18.314427	63.273438	1.274051
-13.672816	-18.314427	61.302734	-1.273742
-13.672816	-18.314427	59.332031	-1.273434
-22.672816	-15.314427	1838.626953	12.857189
-22.672816	-15.314427	1837.066406	19.285784
-22.672816	-15.314427	1835.503906	14.461260
-22.672816	-15.314427	1833.941406	22.490505
-22.672816	-15.314427	1832.378906	11.242860
-22.672816	-15.314427	1830.816406	24.086716
-22.672816	-15.314427	1829.251953	20.870712
-22.672816	-15.314427	1827.687500	22.471367
-22.672816	-15.314427	1826.125000	19.257074
-22.672816	-15.314427	1824.560547	22.461803
-22.672816	-15.314427	1822.994141	16.040731
-22.672816	-15.314427	1821.429688	20.848513
-22.672816	-15.314427	1819.865234	22.447466
-22.672816	-15.314427	1818.298828	19.236589
-22.672816	-15.314427	1816.732422	17.629787
-22.672816	-15.314427	1815.166016	16.023668
-22.672816	-15.314427	1813.599609	16.020258
-22.672816	-15.314427	1812.033203	24.025270
-22.672816	-15.314427	1810.464844	17.614782
-22.672816	-15.314427	1808.896484	20.813038
-22.672816	-15.314427	1807.330078	16.006620
-22.672816	-15.314427	1805.759766	16.003214
-22.672816	-15.314427	1804.191406	12.799845
-22.672816	-15.314427	1802.623047	17.596041
-22.672816	-15.314427	1801.052734	15.992994
-22.672816	-15.314427	1799.484375	12.791671
-22.672816	-15.314427	1797.914063	14.387566
-22.672816	-15.314427	1796.343750	11.187946
-22.672816	-15.314427	1794.771484	28.762878
-22.672816	-15.314427	1793.201172	14.378377
-22.672816	-15.314427	1791.628906	20.764343
-22.672816	-15.314427	1790.058594	14.372253
-22.672816	-15.314427	1788.486328	17.562346
-22.672816	-15.314427	1786.914063	12.769895
-22.672816	-15.314427	1785.339844	15.958969
-22.672816	-15.314427	1783.767578	17.551126
-22.672816	-15.314427	1782.193359	12.761737
-22.672816	-15.314427	1780.621094	19.138527
-22.672816	-15.314427	1779.046875	20.728987
-22.672816	-15.314427	1777.470703	14.347780
-22.672816	-15.314427	1775.896484	19.126297
-22.672816	-15.314427	1774.322266	12.748148
-22.672816	-15.314427	1772.746094	28.677221
-22.672816	-15.314427	1771.169922	12.742716
-22.672816	-15.314427	1769.593750	28.665001
-22.672816	-15.314427	1768.017578	15.921607
-22.672816	-15.314427	1766.441406	17.510035
-22.672816	-15.314427	1764.863281	15.914821
-22.672816	-15.314427	1763.287109	19.093714
-22.672816	-15.314427	1761.708984	14.317233
-22.672816	-15.314427	1760.130859	22.266504
-22.672816	-15.314427	1758.552734	17.491381
-22.672816	-15.314427	1756.972656	19.077438
-22.672816	-15.314427	1755.394531	17.483923
-22.672816	-15.314427	1753.814453	12.712870
-22.672816	-15.314427	1752.234375	22.242777
-22.672816	-15.314427	1750.654297	27.003328
-22.672816	-15.314427	1749.074219	19.057108
-22.672816	-15.314427	1747.492188	23.816303
-22.672816	-15.314427	1745.912109	23.811224
-22.672816	-15.314427	1744.330078	20.631992
-22.672816	-15.314427	1742.748047	15.867378
-22.672816	-15.314427	1741.166016	12.691195
-22.672816	-15.314427	1739.583984	15.860609
-22.672816	-15.314427	1738.000000	19.028669
-22.672816	-15.314427	1736.417969	30.122297
-22.672816	-15.314427	1734.833984	14.265412
-22.672816	-15.314427	1733.250000	14.262368
-22.672816	-15.314427	1731.666016	25.349909
-22.672816	-15.314427	1730.082031	19.008375
-22.672816	-15.314427	1728.496094	11.085852
-22.672816	-15.314427	1726.912109	12.666841
-22.672816	-15.314427	1725.326172	18.996204
-22.672816	-15.314427	1723.740234	18.992149
-22.672816	-15.314427	1722.154297	17.405752
-22.672816	-15.314427	1720.566406	14.238029
-22.672816	-15.314427	1718.980469	17.398319
-22.672816	-15.314427	1717.392578	12.650621
-22.672816	-15.314427	1715.804688	23.714849
-22.672816	-15.314427	1714.216797	15.806522
-22.672816	-15.314427	1712.628906	14.222831
-22.672816	-15.314427	1711.041016	17.379747
-22.672816	-15.314427	1709.451172	20.535313
-22.672816	-15.314427	1707.861328	20.530924
-22.672816	-15.314427	1706.271484	18.947573
-22.672816	-15.314427	1704.681641	20.522150
-22.672816	-15.314427	1703.091797	14.204606
-22.672816	-15.314427	1701.501953	20.513380
-22.672816	-15.314427	1699.910156	15.776150
-22.672816	-15.314427	1698.318359	18.927332
-22.672816	-15.314427	1696.726563	18.923286
-22.672816	-15.314427	1695.134766	22.072447
-22.672816	-15.314427	1693.542969	20.491461
-22.672816	-15.314427	1691.949219	18.911150
-22.672816	-15.314427	1690.357422	23.633881
-22.672816	-15.314427	1688.763672	22.053572
-22.672816	-15.314427	1687.169922	18.899017
-22.672816	-15.314427	1685.576172	29.917042
-22.672816	-15.314427	1683.982422	17.316687
-22.672816	-15.314427	1682.386719	20.460796
-22.672816	-15.314427	1680.791016	25.177130
-22.672816	-15.314427	1679.195313	23.598509
-22.672816	-15.314427	1677.599609	17.301868
-22.672816	-15.314427	1676.003906	12.580483
-22.672816	-15.314427	1674.408203	18.866686
-22.672816	-15.314427	1672.810547	20.434534
-22.672816	-15.314427	1671.214844	18.858608
-22.672816	-15.314427	1669.617188	20.425783
-22.672816	-15.314427	1668.019531	25.134043
-22.672816	-15.314427	1666.419922	17.275953
-22.672816	-15.314427	1664.822266	21.982866
-22.672816	-15.314427	1663.222656	18.838421
-22.672816	-15.314427	1661.623047	14.125789
-22.672816	-15.314427	1660.023438	15.691957
-22.672816	-15.314427	1658.423828	12.550876
-22.672816	-15.314427	1656.824219	26.664896
-22.672816	-15.314427	1655.222656	14.113684
-22.672816	-15.314427	1653.623047	10.974957
-22.672816	-15.314427	1652.021484	18.810177
-22.672816	-15.314427	1650.419922	18.806145
-22.672816	-15.314427	1648.818359	20.368954
-22.672816	-15.314427	1647.214844	12.532053
-22.672816	-15.314427	1645.613281	15.661707
-22.672816	-15.314427	1644.009766	15.658347
-22.672816	-15.314427	1642.406250	18.785986
-22.672816	-15.314427	1640.802734	15.651629
-22.672816	-15.314427	1639.199219	17.213099
-22.672816	-15.314427	1637.593750	20.338387
-22.672816	-15.314427	1635.990234	17.205709
-22.672816	-15.314427	1634.384766	20.329657
-22.672816	-15.314427	1632.779297	20.325293
-22.672816	-15.314427	1631.173828	25.010374
-22.672816	-15.314427	1629.568359	20.316565
-22.672816	-15.314427	1627.960938	21.874680
-22.672816	-15.314427	1626.353516	18.745699
-22.672816	-15.314427	1624.748047	15.618060
-22.672816	-15.314427	1623.140625	23.422056
-22.672816	-15.314427	1621.531250	21.855890
-22.672816	-15.314427	1619.923828	17.168795
-22.672816	-15.314427	1618.314453	15.604641
-22.672816	-15.314427	1616.707031	12.481030
-22.672816	-15.314427	1615.097656	24.956694
-22.672816	-15.314427	1613.488281	14.035123
-22.672816	-15.314427	1611.878906	20.268597
-22.672816	-15.314427	1610.267578	21.823025
-22.672816	-15.314427	1608.656250	17.142975
-22.672816	-15.314427	1607.046875	18.697405
-22.672816	-15.314427	1605.435547	21.808947
-22.672816	-15.314427	1603.824219	21.804255
-22.672816	-15.314427	1602.210938	18.685339
-22.672816	-15.314427	1600.599609	14.010988
-22.672816	-15.314427	1598.986328	17.120855
-22.672816	-15.314427	1597.373047	17.117170
-22.672816	-15.314427	1595.759766	15.557714
-22.672816	-15.314427	1594.146484	17.109800
-22.672816	-15.314427	1592.533203	17.106117
-22.672816	-15.314427	1590.917969	10.883367
-22.672816	-15.314427	1589.302734	18.653181
-22.672816	-15.314427	1587.687500	18.649162
-22.672816	-15.314427	1586.072266	18.645144
-22.672816	-15.314427	1584.457031	13.980844
-22.672816	-15.314427	1582.839844	10.871647
-22.672816	-15.314427	1581.224609	12.422061
-22.672816	-15.314427	1579.607422	18.629076
-22.672816	-15.314427	1577.990234	13.968794
-22.672816	-15.314427	1576.373047	21.724550
-22.672816	-15.314427	1574.755859	18.617027
-22.672816	-15.314427	1573.136719	29.470602
-22.672816	-15.314427	1571.517578	20.159746
-22.672816	-15.314427	1569.898438	21.705812
-22.672816	-15.314427	1568.279297	26.351370
-22.672816	-15.314427	1566.660156	12.397968
-22.672816	-15.314427	1565.041016	15.494116
-22.672816	-15.314427	1563.419922	18.588924
-22.672816	-15.314427	1561.798828	18.584911
-22.672816	-15.314427	1560.177734	12.387266
-22.672816	-15.314427	1558.556641	13.932665
-22.672816	-15.314427	1556.935547	18.572874
-22.672816	-15.314427	1555.312500	18.568861
-22.672816	-15.314427	1553.691406	15.470708
-22.672816	-15.314427	1552.068359	12.373892
-22.672816	-15.314427	1550.445313	17.010424
-22.672816	-15.314427	1548.822266	17.006748
-22.672816	-15.314427	1547.197266	21.640272
-22.672816	-15.314427	1545.574219	20.090193
-22.672816	-15.314427	1543.949219	13.905588
-22.672816	-15.314427	1542.324219	12.357849
-22.672816	-15.314427	1540.699219	13.899573
-22.672816	-15.314427	1539.072266	18.528755
-22.672816	-15.314427	1537.447266	18.524746
-22.672816	-15.314427	1535.820313	16.977343
-22.672816	-15.314427	1534.193359	20.059790
-22.672816	-15.314427	1532.566406	16.969994
-22.672816	-15.314427	1530.939453	16.966318
-22.672816	-15.314427	1529.312500	13.878528
-22.672816	-15.314427	1527.683594	13.875523
-22.672816	-15.314427	1526.056641	18.496689
-22.672816	-15.314427	1524.427734	16.951626
-22.672816	-15.314427	1522.798828	12.325784
-22.672816	-15.314427	1521.167969	13.863502
-22.672816	-15.314427	1519.539063	13.860497
-22.672816	-15.314427	1517.908203	18.476656
-22.672816	-15.314427	1516.277344	12.315100
-22.672816	-15.314427	1514.646484	9.234323
-22.672816	-15.314427	1513.015625	23.080799
-22.672816	-15.314427	1511.384766	18.460634
-22.672816	-15.314427	1509.751953	23.070786
-22.672816	-15.314427	1508.121094	18.452623
-22.672816	-15.314427	1506.488281	19.986004
-22.672816	-15.314427	1504.855469	24.592821
-22.672816	-15.314427	1503.220703	24.587481
-22.672816	-15.314427	1501.587891	21.509375
-22.672816	-15.314427	1499.953125	19.968655
-22.672816	-15.314427	1498.318359	16.892883
-22.672816	-15.314427	1496.683594	12.283065
-22.672816	-15.314427	1495.048828	24.560793
-22.672816	-15.314427	1493.414063	19.951307
-22.672816	-15.314427	1491.777344	18.412588
-22.672816	-15.314427	1490.140625	19.942636
-22.672816	-15.314427	1488.505859	12.269723
-22.672816	-15.314427	1486.867188	10.733673
-22.672816	-15.314427	1485.230469	15.330484
-22.672816	-15.314427	1483.593750	16.859865
-22.672816	-15.314427	1481.955078	19.920959
-22.672816	-15.314427	1480.316406	15.320481
-22.672816	-15.314427	1478.677734	18.380577
-22.672816	-15.314427	1477.039063	21.439339
-22.672816	-15.314427	1475.400391	18.372576
-22.672816	-15.314427	1473.759766	16.837860
-22.672816	-15.314427	1472.119141	15.303812
-22.672816	-15.314427	1470.478516	13.770432
-22.672816	-15.314427	1468.837891	15.297146
-22.672816	-15.314427	1467.197266	18.352575
-22.672816	-15.314427	1465.556641	18.348576
-22.672816	-15.314427	1463.914063	19.873291
-22.672816	-15.314427	1462.271484	15.283815
-22.672816	-15.314427	1460.628906	15.280483
-22.672816	-15.314427	1458.986328	16.804865
-22.672816	-15.314427	1457.343750	16.801201
-22.672816	-15.314427	1455.699219	15.270487
-22.672816	-15.314427	1454.054688	16.793871
-22.672816	-15.314427	1452.410156	24.422117
-22.672816	-15.314427	1450.765625	15.260492
-22.672816	-15.314427	1449.121094	16.782877
-22.672816	-15.314427	1447.474609	19.829979
-22.672816	-15.314427	1445.830078	22.875748
-22.672816	-15.314427	1444.183594	19.821318
-22.672816	-15.314427	1442.537109	16.768221
-22.672816	-15.314427	1440.890625	16.764557
-22.672816	-15.314427	1439.242188	21.332047
-22.672816	-15.314427	1437.595703	18.280615
-22.672816	-15.314427	1435.947266	15.230515
-22.672816	-15.314427	1434.298828	24.363497
-22.672816	-15.314427	1432.650391	15.223855
-22.672816	-15.314427	1431.000000	10.654367
-22.672816	-15.314427	1429.351563	28.912672
-22.672816	-15.314427	1427.701172	21.299412
-22.672816	-15.314427	1426.050781	24.336859
-22.672816	-15.314427	1424.400391	16.727928
-22.672816	-15.314427	1422.750000	25.846594
-22.672816	-15.314427	1421.097656	15.200549
-22.672816	-15.314427	1419.447266	16.716942
-22.672816	-15.314427	1417.794922	12.155113
-22.672816	-15.314427	1416.142578	9.114338
-22.672816	-15.314427	1414.490234	10.631063
-22.672816	-15.314427	1412.835938	24.294249
-22.672816	-15.314427	1411.183594	16.698635
-22.672816	-15.314427	1409.529297	15.177249
-22.672816	-15.314427	1407.875000	19.726097
-22.672816	-15.314427	1406.220703	15.170593
-22.672816	-15.314427	1404.566406	15.167265
-22.672816	-15.314427	1402.910156	15.163938
-22.672816	-15.314427	1401.255859	28.805159
-22.672816	-15.314427	1399.599609	16.673010
-22.672816	-15.314427	1397.943359	27.277119
-22.672816	-15.314427	1396.287109	22.725941
-22.672816	-15.314427	1394.628906	16.662029
-22.672816	-15.314427	1392.970703	13.629576
-22.672816	-15.314427	1391.314453	15.140646
-22.672816	-15.314427	1389.656250	18.164783
-22.672816	-15.314427	1387.998047	15.133992
-22.672816	-15.314427	1386.337891	18.156799
-22.672816	-15.314427	1384.679688	18.152807
-22.672816	-15.314427	1383.019531	15.124012
-22.672816	-15.314427	1381.359375	16.632755
-22.672816	-15.314427	1379.699219	15.117359
-22.672816	-15.314427	1378.039063	15.114034
-22.672816	-15.314427	1376.376953	22.666061
-22.672816	-15.314427	1374.716797	18.128857
-22.672816	-15.314427	1373.054688	18.124866
-22.672816	-15.314427	1371.392578	24.161167
-22.672816	-15.314427	1369.728516	18.116884
-22.672816	-15.314427	1368.066406	13.584670
-22.672816	-15.314427	1366.402344	21.127054
-22.672816	-15.314427	1364.740234	16.596170
-22.672816	-15.314427	1363.076172	13.575691
-22.672816	-15.314427	1361.412109	13.572699
-22.672816	-15.314427	1359.746094	12.061961
-22.672816	-15.314427	1358.082031	18.088951
-22.672816	-15.314427	1356.416016	21.099121
-22.672816	-15.314427	1354.750000	21.094465
-22.672816	-15.314427	1353.083984	16.570566
-22.672816	-15.314427	1351.417969	16.566908
-22.672816	-15.314427	1349.750000	22.586252
-22.672816	-15.314427	1348.083984	15.054176
-22.672816	-15.314427	1346.416016	13.545767
-22.672816	-15.314427	1344.748047	16.552280
-22.672816	-15.314427	1343.078125	16.548624
-22.672816	-15.314427	1341.410156	13.536791
-22.672816	-15.314427	1339.740234	21.052576
-22.672816	-15.314427	1338.072266	22.551346
-22.672816	-15.314427	1336.402344	19.540178
-22.672816	-15.314427	1334.730469	18.033098
-22.672816	-15.314427	1333.060547	16.526684
-22.672816	-15.314427	1331.388672	13.518841
-22.672816	-15.314427	1329.718750	12.014089
-22.672816	-15.314427	1328.046875	13.512858
-22.672816	-15.314427	1326.375000	18.013157
-22.672816	-15.314427	1324.701172	18.009169
-22.672816	-15.314427	1323.029297	27.007769
-22.672816	-15.314427	1321.355469	19.501291
-22.672816	-15.314427	1319.681641	10.498368
-22.672816	-15.314427	1318.007813	13.494911
-22.672816	-15.314427	1316.333984	17.989227
-22.672816	-15.314427	1314.660156	10.491390
-22.672816	-15.314427	1312.984375	20.978127
-22.672816	-15.314427	1311.308594	8.988632
-22.672816	-15.314427	1309.632813	17.973276
-22.672816	-15.314427	1307.957031	16.471849
-22.672816	-15.314427	1306.279297	16.468193
-22.672816	-15.314427	1304.603516	14.967762
-22.672816	-15.314427	1302.925781	13.467996
-22.672816	-15.314427	1301.248047	19.449451
-22.672816	-15.314427	1299.570313	10.470456
-22.672816	-15.314427	1297.892578	16.449919
-22.672816	-15.314427	1296.212891	19.436495
-22.672816	-15.314427	1294.533203	20.926958
-22.672816	-15.314427	1292.853516	19.427856
-22.672816	-15.314427	1291.173828	14.941182
-22.672816	-15.314427	1289.494141	20.913004
-22.672816	-15.314427	1287.812500	16.427992
-22.672816	-15.314427	1286.132813	22.396824
-22.672816	-15.314427	1284.451172	22.391840
-22.672816	-15.314427	1282.769531	17.909487
-22.672816	-15.314427	1281.085938	22.381874
-22.672816	-15.314427	1279.404297	11.934342
-22.672816	-15.314427	1277.720703	19.388988
-22.672816	-15.314427	1276.039063	11.929028
-22.672816	-15.314427	1274.355469	25.343536
-22.672816	-15.314427	1272.669922	16.395105
-22.672816	-15.314427	1270.986328	16.391451
-22.672816	-15.314427	1269.300781	22.346996
-22.672816	-15.314427	1267.615234	16.384144
-22.672816	-15.314427	1265.929688	17.869625
-22.672816	-15.314427	1264.244141	11.910426
-22.672816	-15.314427	1262.558594	20.838596
-22.672816	-15.314427	1260.871094	11.905112
-22.672816	-15.314427	1259.185547	11.902455
-22.672816	-15.314427	1257.498047	19.337172
-22.672816	-15.314427	1255.808594	13.384284
-22.672816	-15.314427	1254.121094	13.381295
-22.672816	-15.314427	1252.433594	16.351263
-22.672816	-15.314427	1250.744141	16.347610
-22.672816	-15.314427	1249.054688	17.829771
-22.672816	-15.314427	1247.365234	20.796751
-22.672816	-15.314427	1245.673828	16.336651
-22.672816	-15.314427	1243.984375	20.787453
-22.672816	-15.314427	1242.292969	20.782803
-22.672816	-15.314427	1240.601563	17.809847
-22.672816	-15.314427	1238.910156	17.805862
-22.672816	-15.314427	1237.218750	17.801876
-22.672816	-15.314427	1235.525391	22.247366
-22.672816	-15.314427	1233.833984	23.725210
-22.672816	-15.314427	1232.140625	11.859948
-22.672816	-15.314427	1230.447266	13.339454
-22.672816	-15.314427	1228.753906	17.781954
-22.672816	-15.314427	1227.058594	19.259466
-22.672816	-15.314427	1225.365234	16.292820
-22.672816	-15.314427	1223.669922	19.250834
-22.672816	-15.314427	1221.974609	16.285515
-22.672816	-15.314427	1220.277344	16.281862
-22.672816	-15.314427	1218.582031	16.278210
-22.672816	-15.314427	1216.884766	19.233568
-22.672816	-15.314427	1215.189453	25.145947
-22.672816	-15.314427	1213.492188	16.267254
-22.672816	-15.314427	1211.792969	17.742111
-22.672816	-15.314427	1210.095703	13.303596
-22.672816	-15.314427	1208.396484	19.211988
-22.672816	-15.314427	1206.699219	19.207674
-22.672816	-15.314427	1205.000000	23.634901
-22.672816	-15.314427	1203.298828	22.152740
-22.672816	-15.314427	1201.599609	14.765174
-22.672816	-15.314427	1199.900391	19.190411
-22.672816	-15.314427	1198.199219	14.758534
-22.672816	-15.314427	1196.498047	11.804173
-22.672816	-15.314427	1194.796875	19.177464
-22.672816	-15.314427	1193.093750	25.072578
-22.672816	-15.314427	1191.392578	22.117886
-22.672816	-15.314427	1189.689453	14.741937
-22.672816	-15.314427	1187.986328	20.634066
-22.672816	-15.314427	1186.283203	16.208828
-22.672816	-15.314427	1184.580078	19.151573
-22.672816	-15.314427	1182.875000	19.147257
-22.672816	-15.314427	1181.169922	19.142942
-22.672816	-15.314427	1179.464844	16.194223
-22.672816	-15.314427	1177.759766	23.549923
-22.672816	-15.314427	1176.054688	16.186922
-22.672816	-15.314427	1174.347656	22.068096
-22.672816	-15.314427	1172.642578	16.179619
-22.672816	-15.314427	1170.935547	17.646511
-22.672816	-15.314427	1169.228516	17.642529
-22.672816	-15.314427	1167.519531	10.289151
-22.672816	-15.314427	1165.812500	16.165016
-22.672816	-15.314427	1164.103516	22.038225
-22.672816	-15.314427	1162.394531	20.564363
-22.672816	-15.314427	1160.685547	13.216961
-22.672816	-15.314427	1158.976563	11.745755
-22.672816	-15.314427	1157.265625	16.146763
-22.672816	-15.314427	1155.556641	22.013334
-22.672816	-15.314427	1153.845703	14.672238
-22.672816	-15.314427	1152.134766	20.536488
-22.672816	-15.314427	1150.423828	17.598721
-22.672816	-15.314427	1148.710938	20.527195
-22.672816	-15.314427	1146.998047	19.056654
-22.672816	-15.314427	1145.287109	21.983469
-22.672816	-15.314427	1143.572266	14.652328
-22.672816	-15.314427	1141.859375	16.113909
-22.672816	-15.314427	1140.146484	16.110260
-22.672816	-15.314427	1138.431641	17.570847
-22.672816	-15.314427	1136.716797	8.783432
-22.672816	-15.314427	1135.001953	17.562883
-22.672816	-15.314427	1133.287109	14.632418
-22.672816	-15.314427	1131.570313	23.406559
-22.672816	-15.314427	1129.855469	17.550938
-22.672816	-15.314427	1128.138672	16.084709
-22.672816	-15.314427	1126.421875	16.081060
-22.672816	-15.314427	1124.703125	16.077410
-22.672816	-15.314427	1122.986328	11.690008
-22.672816	-15.314427	1121.267578	24.835627
-22.672816	-15.314427	1119.548828	17.527048
-22.672816	-15.314427	1117.830078	16.062813
-22.672816	-15.314427	1116.111328	20.438934
-22.672816	-15.314427	1114.392578	20.434290
-22.672816	-15.314427	1112.671875	16.051863
-22.672816	-15.314427	1110.951172	27.719643
-22.672816	-15.314427	1109.230469	14.585968
-22.672816	-15.314427	1107.509766	13.124386
-22.672816	-15.314427	1105.787109	8.747600
-22.672816	-15.314427	1104.066406	16.033617
-22.672816	-15.314427	1102.343750	21.859047
-22.672816	-15.314427	1100.621094	17.483257
-22.672816	-15.314427	1098.896484	17.479277
-22.672816	-15.314427	1097.173828	16.019022
-22.672816	-15.314427	1095.449219	13.103486
-22.672816	-15.314427	1093.724609	24.745390
-22.672816	-15.314427	1092.000000	17.463354
-22.672816	-15.314427	1090.275391	21.824217
-22.672816	-15.314427	1088.550781	21.819241
-22.672816	-15.314427	1086.824219	15.997128
-22.672816	-15.314427	1085.097656	14.539527
-22.672816	-15.314427	1083.371094	13.082589
-22.672816	-15.314427	1081.644531	18.892761
-22.672816	-15.314427	1079.916016	20.341408
-22.672816	-15.314427	1078.189453	21.789389
-22.672816	-15.314427	1076.460938	13.070649
-22.672816	-15.314427	1074.732422	21.779440
-22.672816	-15.314427	1073.001953	21.774466
-22.672816	-15.314427	1071.273438	20.318190
-22.672816	-15.314427	1069.542969	17.411612
-22.672816	-15.314427	1067.812500	15.956996
-22.672816	-15.314427	1066.082031	17.403652
-22.672816	-15.314427	1064.351563	24.649536
-22.672816	-15.314427	1062.619141	14.496411
-22.672816	-15.314427	1060.888672	13.043785
-22.672816	-15.314427	1059.156250	21.734669
-22.672816	-15.314427	1057.421875	18.832401
-22.672816	-15.314427	1055.689453	21.724720
-22.672816	-15.314427	1053.957031	18.823780
-22.672816	-15.314427	1052.222656	18.819469
-22.672816	-15.314427	1050.488281	21.709799
-22.672816	-15.314427	1048.753906	21.704824
-22.672816	-15.314427	1047.019531	15.913223
-22.672816	-15.314427	1045.283203	17.355902
-22.672816	-15.314427	1043.546875	14.459935
-22.672816	-15.314427	1041.810547	17.347944
-22.672816	-15.314427	1040.074219	18.789295
-22.672816	-15.314427	1038.337891	20.229984
-22.672816	-15.314427	1036.599609	24.559345
-22.672816	-15.314427	1034.861328	27.442379
-22.672816	-15.314427	1033.123047	23.104067
-22.672816	-15.314427	1031.384766	20.211418
-22.672816	-15.314427	1029.646484	8.660047
-22.672816	-15.314427	1027.906250	18.759125
-22.672816	-15.314427	1026.167969	23.082850
-22.672816	-15.314427	1024.427734	18.750505
-22.672816	-15.314427	1022.685547	24.514257
-22.672816	-15.314427	1020.945313	27.391989
-22.672816	-15.314427	1019.203125	24.502987
-22.672816	-15.314427	1017.462891	23.056332
-22.672816	-15.314427	1015.720703	25.932405
-22.672816	-15.314427	1013.976563	24.486082
-22.672816	-15.314427	1012.234375	23.040421
-22.672816	-15.314427	1010.490234	24.474812
-22.672816	-15.314427	1008.746094	31.665995
-22.672816	-15.314427	1007.001953	34.536766
-22.672816	-15.314427	1005.257813	25.896608
-22.672816	-15.314427	1003.513672	20.137167
-22.672816	-15.314427	1001.767578	15.818414
-22.672816	-15.314427	1000.021484	21.565594
-22.672816	-15.314427	998.275391	28.747496
-22.672816	-15.314427	996.529297	30.177912
-22.672816	-15.314427	994.781250	22.987392
-22.672816	-15.314427	993.035156	34.473133
-22.672816	-15.314427	991.287109	28.720985
-22.672816	-15.314427	989.539063	30.150076
-22.672816	-15.314427	987.789063	38.755436
-22.672816	-15.314427	986.041016	38.746487
-22.672816	-15.314427	984.291016	30.129200
-22.672816	-15.314427	982.541016	40.162987
-22.672816	-15.314427	980.791016	32.983406
-22.672816	-15.314427	979.041016	35.843243
-22.672816	-15.314427	977.289063	38.701759
-22.672816	-15.314427	975.537109	37.259747
-22.672816	-15.314427	973.785156	38.683868
-22.672816	-15.314427	972.033203	38.674923
-22.672816	-15.314427	970.281250	35.801830
-22.672816	-15.314427	968.527344	30.066582
-22.672816	-15.314427	966.773438	37.216679
-22.672816	-15.314427	965.019531	38.639145
-22.672816	-15.314427	963.265625	31.476460
-22.672816	-15.314427	961.511719	38.621258
-22.672816	-15.314427	959.755859	31.461885
-22.672816	-15.314427	958.000000	30.024843
-22.672816	-15.314427	956.244141	31.447311
-22.672816	-15.314427	954.488281	34.298210
-22.672816	-15.314427	952.730469	40.005302
-22.672816	-15.314427	950.974609	35.710739
-22.672816	-15.314427	949.216797	29.990067
-22.672816	-15.314427	947.458984	29.983112
-22.672816	-15.314427	945.701172	31.403593
-22.672816	-15.314427	943.941406	34.250519
-22.672816	-15.314427	942.181641	38.522892
-22.672816	-15.314427	940.421875	31.381739
-22.672816	-15.314427	938.662109	29.948341
-22.672816	-15.314427	936.902344	28.515608
-22.672816	-15.314427	935.140625	25.658087
-22.672816	-15.314427	933.380859	24.227009
-22.672816	-15.314427	931.619141	28.495741
-22.672816	-15.314427	929.855469	22.791296
-22.672816	-15.314427	928.093750	24.210123
-22.672816	-15.314427	926.330078	24.204494
-22.672816	-15.314427	924.568359	21.351942
-22.672816	-15.314427	922.804688	22.770107
-22.672816	-15.314427	921.039063	21.342010
-22.672816	-15.314427	919.275391	21.337046
-22.672816	-15.314427	917.509766	21.332081
-22.672816	-15.314427	915.744141	24.170731
-22.672816	-15.314427	913.978516	29.851009
-22.672816	-15.314427	912.212891	24.159477
-22.672816	-15.314427	910.447266	18.470591
-22.672816	-15.314427	908.679688	26.989191
-22.672816	-15.314427	906.912109	19.882139
-22.672816	-15.314427	905.144531	22.717150
-22.672816	-15.314427	903.375000	24.131346
-22.672816	-15.314427	901.607422	21.287401
-22.672816	-15.314427	899.837891	24.120096
-22.672816	-15.314427	898.068359	28.369965
-22.672816	-15.314427	896.298828	25.527012
-22.672816	-15.314427	894.529297	26.938894
-22.672816	-15.314427	892.757813	28.350113
-22.672816	-15.314427	890.986328	18.423273
-22.672816	-15.314427	889.214844	25.503191
-22.672816	-15.314427	887.443359	18.414671
-22.672816	-15.314427	885.669922	19.826553
-22.672816	-15.314427	883.898438	18.406071
-22.672816	-15.314427	882.125000	21.232811
-22.672816	-15.314427	880.351563	21.227850
-22.672816	-15.314427	878.578125	18.393169
-22.672816	-15.314427	876.802734	22.632456
-22.672816	-15.314427	875.027344	18.384571
-22.672816	-15.314427	873.251953	24.035740
-22.672816	-15.314427	871.476563	22.616581
-22.672816	-15.314427	869.701172	24.024496
-22.672816	-15.314427	867.923828	29.670374
-22.672816	-15.314427	866.146484	25.425797
-22.672816	-15.314427	864.369141	25.419846
-22.672816	-15.314427	862.591797	18.354479
-22.672816	-15.314427	860.814453	26.819494
-22.672816	-15.314427	859.035156	21.168325
-22.672816	-15.314427	857.255859	22.574259
-22.672816	-15.314427	855.476563	18.337288
-22.672816	-15.314427	853.697266	21.153450
-22.672816	-15.314427	851.916016	21.148491
-22.672816	-15.314427	850.136719	22.553102
-22.672816	-15.314427	848.355469	23.957052
-22.672816	-15.314427	846.574219	25.360340
-22.672816	-15.314427	844.791016	29.580124
-22.672816	-15.314427	843.009766	19.715456
-22.672816	-15.314427	841.226563	22.526663
-22.672816	-15.314427	839.443359	18.298616
-22.672816	-15.314427	837.660156	18.294321
-22.672816	-15.314427	835.875000	21.103876
-22.672816	-15.314427	834.091797	19.692326
-22.672816	-15.314427	832.306641	23.906492
-22.672816	-15.314427	830.521484	23.900875
-22.672816	-15.314427	828.734375	23.895260
-22.672816	-15.314427	826.949219	19.673824
-22.672816	-15.314427	825.162109	21.074142
-22.672816	-15.314427	823.375000	23.878412
-22.672816	-15.314427	821.587891	22.468515
-22.672816	-15.314427	819.800781	21.059278
-22.672816	-15.314427	818.011719	21.054325
-22.672816	-15.314427	816.222656	19.646080
-22.672816	-15.314427	814.433594	22.447378
-22.672816	-15.314427	812.644531	23.844727
-22.672816	-15.314427	810.855469	22.436811
-22.672816	-15.314427	809.064453	25.235470
-22.672816	-15.314427	807.273438	21.024607
-22.672816	-15.314427	805.482422	22.420963
-22.672816	-15.314427	803.691406	16.811762
-22.672816	-15.314427	801.898438	19.609100
-22.672816	-15.314427	800.107422	18.204159
-22.672816	-15.314427	798.314453	20.999847
-22.672816	-15.314427	796.521484	23.794216
-22.672816	-15.314427	794.726563	20.989946
-22.672816	-15.314427	792.933594	26.580994
-22.672816	-15.314427	791.138672	26.574724
-22.672816	-15.314427	789.343750	15.381737
-22.672816	-15.314427	787.546875	25.164175
-22.672816	-15.314427	785.751953	23.760557
-22.672816	-15.314427	783.955078	18.165548
-22.672816	-15.314427	782.158203	23.749338
-22.672816	-15.314427	780.361328	25.140421
-22.672816	-15.314427	778.564453	27.927204
-22.672816	-15.314427	776.765625	26.524576
-22.672816	-15.314427	774.968750	23.726908
-22.672816	-15.314427	773.169922	23.721302
-22.672816	-15.314427	771.369141	18.135530
-22.672816	-15.314427	769.570313	23.710089
-22.672816	-15.314427	767.769531	27.887627
-22.672816	-15.314427	765.970703	25.092928
-22.672816	-15.314427	764.167969	23.693272
-22.672816	-15.314427	762.367188	20.900883
-22.672816	-15.314427	760.566406	29.254313
-22.672816	-15.314427	758.763672	36.211056
-22.672816	-15.314427	756.960938	26.455662
-22.672816	-15.314427	755.158203	26.449398
-22.672816	-15.314427	753.353516	26.443136
-22.672816	-15.314427	751.550781	33.393948
-22.672816	-15.314427	749.746094	18.084105
-22.672816	-15.314427	747.941406	22.252087
-22.672816	-15.314427	746.136719	27.808517
-22.672816	-15.314427	744.330078	25.021734
-22.672816	-15.314427	742.523438	25.015804
-22.672816	-15.314427	740.718750	31.957062
-22.672816	-15.314427	738.910156	27.782162
-22.672816	-15.314427	737.103516	27.775574
-22.672816	-15.314427	735.294922	27.768986
-22.672816	-15.314427	733.488281	27.762398
-22.672816	-15.314427	731.679688	24.980230
-22.672816	-15.314427	729.869141	22.199381
-22.672816	-15.314427	728.060547	24.968376
-22.672816	-15.314427	726.250000	29.122858
-22.672816	-15.314427	724.439453	27.729471
-22.672816	-15.314427	722.628906	26.336742
-22.672816	-15.314427	720.818359	24.944672
-22.672816	-15.314427	719.005859	22.167776
-22.672816	-15.314427	717.195313	22.162510
-22.672816	-15.314427	715.382813	20.772415
-22.672816	-15.314427	713.568359	12.460487
-22.672816	-15.314427	711.755859	22.146713
-22.672816	-15.314427	709.941406	24.909128
-22.672816	-15.314427	708.126953	19.369162
-22.672816	-15.314427	706.312500	15.215008
-22.672816	-15.314427	704.498047	22.125656
-22.672816	-15.314427	702.681641	19.355345
-22.672816	-15.314427	700.867188	24.879522
-22.672816	-15.314427	699.050781	22.109869
-22.672816	-15.314427	697.232422	22.104607
-22.672816	-15.314427	695.416016	19.336927
-22.672816	-15.314427	693.597656	26.236725
-22.672816	-15.314427	691.779297	16.566618
-22.672816	-15.314427	689.960938	22.083563
-22.672816	-15.314427	688.142578	19.318516
-22.672816	-15.314427	686.324219	20.693480
-22.672816	-15.314427	684.503906	15.171602
-22.672816	-15.314427	682.683594	15.167987
-22.672816	-15.314427	680.863281	19.300110
-22.672816	-15.314427	679.041016	19.295509
-22.672816	-15.314427	677.218750	15.157144
-22.672816	-15.314427	675.398438	23.419090
-22.672816	-15.314427	673.576172	17.904446
-22.672816	-15.314427	671.751953	19.277113
-22.672816	-15.314427	669.929688	24.778946
-22.672816	-15.314427	668.105469	22.020475
-22.672816	-15.314427	666.281250	22.015221
-22.672816	-15.314427	664.457031	20.634344
-22.672816	-15.314427	662.630859	23.380007
-22.672816	-15.314427	660.806641	26.124359
-22.672816	-15.314427	658.980469	23.368845
-22.672816	-15.314427	657.154297	30.234814
-22.672816	-15.314427	655.326172	34.349537
-22.672816	-15.314427	653.500000	31.594025
-22.672816	-15.314427	651.671875	30.213152
-22.672816	-15.314427	649.843750	27.459940
-22.672816	-15.314427	648.015625	28.826046
-22.672816	-15.314427	646.185547	28.819157
-22.672816	-15.314427	644.357422	34.300320
-22.672816	-15.314427	642.527344	28.805380
-22.672816	-15.314427	640.697266	28.798491
-22.672816	-15.314427	638.865234	35.646748
-22.672816	-15.314427	637.035156	31.526119
-22.672816	-15.314427	635.203125	37.000069
-22.672816	-15.314427	633.371094	36.991219
-22.672816	-15.314427	631.539063	32.873215
-22.672816	-15.314427	629.705078	31.495958
-22.672816	-15.314427	627.873047	34.226543
-22.672816	-15.314427	626.039063	32.849613
-22.672816	-15.314427	624.203125	21.894501
-22.672816	-15.314427	622.369141	34.201965
-22.672816	-15.314427	620.535156	34.193775
-22.672816	-15.314427	618.699219	28.715891
-22.672816	-15.314427	616.863281	38.278683
-22.672816	-15.314427	615.025391	27.335365
-22.672816	-15.314427	613.189453	34.161018
-22.672816	-15.314427	611.351563	31.420605
-22.672816	-15.314427	609.513672	31.413074
-22.672816	-15.314427	607.675781	28.674627
-22.672816	-15.314427	605.837891	30.032883
-22.672816	-15.314427	603.998047	30.025682
-22.672816	-15.314427	602.158203	31.382957
-22.672816	-15.314427	600.318359	28.647133
-22.672816	-15.314427	598.478516	25.912617
-22.672816	-15.314427	596.636719	31.360378
-22.672816	-15.314427	594.796875	31.352854
-22.672816	-15.314427	592.955078	27.256809
-22.672816	-15.314427	591.111328	29.975294
-22.672816	-15.314427	589.269531	27.243727
-22.672816	-15.314427	587.425781	23.151608
-22.672816	-15.314427	585.583984	31.315243
-22.672816	-15.314427	583.738281	27.224108
-22.672816	-15.314427	581.894531	24.495811
-22.672816	-15.314427	580.050781	32.653236
-22.672816	-15.314427	578.205078	25.844271
-22.672816	-15.314427	576.359375	28.557858
-22.672816	-15.314427	574.513672	23.112711
-22.672816	-15.314427	572.666016	27.184889
-22.672816	-15.314427	570.818359	25.819439
-22.672816	-15.314427	568.970703	27.171824
-22.672816	-15.314427	567.123047	23.090498
-22.672816	-15.314427	565.275391	24.442884
-22.672816	-15.314427	563.425781	24.437006
-22.672816	-15.314427	561.576172	27.145699
-22.672816	-15.314427	559.726563	25.782211
-22.672816	-15.314427	557.876953	29.845905
-22.672816	-15.314427	556.027344	25.769808
-22.672816	-15.314427	554.175781	24.407629
-22.672816	-15.314427	552.324219	28.468714
-22.672816	-15.314427	550.472656	23.040556
-22.672816	-15.314427	548.619141	27.100012
-22.672816	-15.314427	546.767578	27.093489
-22.672816	-15.314427	544.914063	29.795662
-22.672816	-15.314427	543.060547	36.558598
-22.672816	-15.314427	541.205078	37.903492
-22.672816	-15.314427	539.351563	37.894363
-22.672816	-15.314427	537.496094	37.885235
-22.672816	-15.314427	535.640625	54.108730
-22.672816	-15.314427	533.785156	54.095692
-22.672816	-15.314427	531.927734	64.899193
-22.672816	-15.314427	530.070313	60.828331
-22.672816	-15.314427	528.212891	71.624992
-22.672816	-15.314427	526.355469	110.789314
-22.672816	-15.314427	524.498047	178.300781
-22.672816	-15.314427	522.638672	376.772186
-22.672816	-15.314427	520.779297	572.447632
-22.672816	-15.314427	518.919922	438.680695
-22.672816	-15.314427	517.060547	224.010559
-22.672816	-15.314427	515.199219	121.422218
-22.672816	-15.314427	513.339844	93.067917
-22.672816	-15.314427	511.478516	75.515160
-22.672816	-15.314427	509.615234	68.756142
-22.672816	-15.314427	507.753906	64.696053
-22.672816	-15.314427	505.890625	67.375458
-22.672816	-15.314427	504.027344	49.845806
-22.672816	-15.314427	502.164063	60.608646
-22.672816	-15.314427	500.300781	57.900948
-22.672816	-15.314427	498.435547	64.618011
-22.672816	-15.314427	496.570313	68.640060
-22.672816	-15.314427	494.705078	63.241257
-22.672816	-15.314427	492.839844	67.261688
-22.672816	-15.314427	490.972656	72.625076
-22.672816	-15.314427	489.107422	61.850864
-22.672816	-15.314427	487.240234	59.147408
-22.672816	-15.314427	485.371094	48.381641
-22.672816	-15.314427	483.503906	49.713562
-22.672816	-15.314427	481.634766	48.358265
-22.672816	-15.314427	479.765625	41.631779
-22.672816	-15.314427	477.896484	38.936443
-22.672816	-15.314427	476.027344	45.638592
-22.672816	-15.314427	474.156250	38.917625
-22.672816	-15.314427	472.285156	36.224892
-22.672816	-15.314427	470.414063	29.509443
-22.672816	-15.314427	468.542969	42.912449
-22.672816	-15.314427	466.669922	41.561382
-22.672816	-15.314427	464.796875	32.168774
-22.672816	-15.314427	462.923828	36.181118
-22.672816	-15.314427	461.050781	34.832649
-22.672816	-15.314427	459.177734	33.484829
-22.672816	-15.314427	457.302734	26.781385
-22.672816	-15.314427	455.427734	34.807377
-22.672816	-15.314427	453.552734	32.122112
-22.672816	-15.314427	451.675781	25.423853
-22.672816	-15.314427	449.800781	28.093248
-22.672816	-15.314427	447.923828	28.086449
-22.672816	-15.314427	446.046875	36.102409
-22.672816	-15.314427	444.169922	28.072855
-22.672816	-15.314427	442.291016	33.411976
-22.672816	-15.314427	440.412109	25.386953
-22.672816	-15.314427	438.533203	24.044975
-22.672816	-15.314427	436.654297	25.374662
-22.672816	-15.314427	434.773438	28.038887
-22.672816	-15.314427	432.894531	26.697235
-22.672816	-15.314427	431.013672	28.025309
-22.672816	-15.314427	429.130859	22.681660
-22.672816	-15.314427	427.250000	24.010057
-22.672816	-15.314427	425.367188	26.671379
-22.672816	-15.314427	423.484375	29.331411
-22.672816	-15.314427	421.601563	29.324305
-22.672816	-15.314427	419.718750	29.317200
-22.672816	-15.314427	417.833984	35.971481
-22.672816	-15.314427	415.949219	29.302992
-22.672816	-15.314427	414.064453	31.959154
-22.672816	-15.314427	412.179688	30.620100
-22.672816	-15.314427	410.294922	25.288734
-22.672816	-15.314427	408.408203	31.935921
-22.672816	-15.314427	406.521484	41.240566
-22.672816	-15.314427	404.634766	49.210678
-22.672816	-15.314427	402.746094	46.539352
-22.672816	-15.314427	400.857422	53.174938
-22.672816	-15.314427	398.968750	85.059273
-22.672816	-15.314427	397.080078	89.024826
-22.672816	-15.314427	395.191406	90.331650
-22.672816	-15.314427	393.300781	74.372726
-22.672816	-15.314427	391.410156	78.337975
-22.672816	-15.314427	389.519531	58.407372
-22.672816	-15.314427	387.628906	57.066086
-22.672816	-15.314427	385.736328	59.705833
-22.672816	-15.314427	383.843750	49.079552
-22.672816	-15.314427	381.951172	43.763035
-22.672816	-15.314427	380.058594	59.662388
-22.672816	-15.314427	378.164063	63.624439
-22.672816	-15.314427	376.271484	74.210503
-22.672816	-15.314427	374.376953	88.766014
-22.672816	-15.314427	372.480469	95.367195
-22.672816	-15.314427	370.585938	64.886925
-22.672816	-15.314427	368.689453	48.984356
-22.672816	-15.314427	366.792969	50.296047
-22.672816	-15.314427	364.896484	48.960579
-22.672816	-15.314427	363.000000	51.594570
-22.672816	-15.314427	361.101563	63.485596
-22.672816	-15.314427	359.203125	60.825592
-22.672816	-15.314427	357.304688	63.454773
-22.672816	-15.314427	355.406250	54.187794
-22.672816	-15.314427	353.505859	59.459965
-22.672816	-15.314427	351.605469	70.013618
-22.672816	-15.314427	349.705078	58.110401
-22.672816	-15.314427	347.804688	55.455547
-22.672816	-15.314427	345.902344	50.161884
-22.672816	-15.314427	344.001953	46.190514
-22.672816	-15.314427	342.099609	60.692787
-22.672816	-15.314427	340.195313	52.763519
-22.672816	-15.314427	338.292969	44.838097
-22.672816	-15.314427	336.388672	43.508759
-22.672816	-15.314427	334.484375	44.816319
-22.672816	-15.314427	332.580078	55.347885
-22.672816	-15.314427	330.675781	51.381981
-22.672816	-15.314427	328.769531	47.417999
-22.672816	-15.314427	326.863281	40.822243
-22.672816	-15.314427	324.957031	32.913166
-22.672816	-15.314427	323.048828	46.067238
-22.672816	-15.314427	321.142578	38.160721
-22.672816	-15.314427	319.234375	34.204750
-22.672816	-15.314427	317.326172	31.565943
-22.672816	-15.314427	315.417969	28.928415
-22.672816	-15.314427	313.507813	38.123646
-22.672816	-15.314427	311.597656	44.685825
-22.672816	-15.314427	309.687500	63.070541
-22.672816	-15.314427	307.777344	55.173309
-22.672816	-15.314427	305.865234	47.279915
-22.672816	-15.314427	303.955078	45.955414
-22.672816	-15.314427	302.042969	34.130009
-22.672816	-15.314427	300.128906	38.058834
-22.672816	-15.314427	298.216797	35.425476
-22.672816	-15.314427	296.302734	34.105129
-22.672816	-15.314427	294.388672	39.342506
-22.672816	-15.314427	292.474609	43.266239
-22.672816	-15.314427	290.560547	45.877281
-22.672816	-15.314427	288.644531	49.797508
-22.672816	-15.314427	286.728516	48.475262
-22.672816	-15.314427	284.812500	58.942066
-22.672816	-15.314427	282.896484	53.689716
-22.672816	-15.314427	280.978516	60.222599
-22.672816	-15.314427	279.060547	56.281353
-22.672816	-15.314427	277.142578	62.810425
-22.672816	-15.314427	275.224609	56.253990
-22.672816	-15.314427	273.304688	66.703629
-22.672816	-15.314427	271.384766	73.225395
-22.672816	-15.314427	269.464844	84.973099
-22.672816	-15.314427	267.544922	88.873322
-22.672816	-15.314427	265.623047	137.197495
-22.672816	-15.314427	263.703125	237.751175
-22.672816	-15.314427	261.781250	339.561951
-22.672816	-15.314427	259.857422	336.868011
-22.672816	-15.314427	257.935547	345.923737
-22.672816	-15.314427	256.011719	335.399170
-22.672816	-15.314427	254.087891	382.288177
-22.672816	-15.314427	252.164063	956.140320
-22.672816	-15.314427	250.240234	2177.852783
-22.672816	-15.314427	248.314453	1835.731201
-22.672816	-15.314427	246.388672	815.971802
-22.672816	-15.314427	244.462891	379.217346
-22.672816	-15.314427	242.535156	261.869965
-22.672816	-15.314427	240.609375	205.797974
-22.672816	-15.314427	238.681641	167.984070
-22.672816	-15.314427	236.753906	169.245117
-22.672816	-15.314427	234.824219	115.839638
-22.672816	-15.314427	232.896484	113.208969
-22.672816	-15.314427	230.966797	97.570206
-22.672816	-15.314427	229.037109	88.442146
-22.672816	-15.314427	227.107422	79.318520
-22.672816	-15.314427	225.175781	92.299110
-22.672816	-15.314427	223.244141	87.077980
-22.672816	-15.314427	221.312500	88.356163
-22.672816	-15.314427	219.380859	107.820274
-22.672816	-15.314427	217.447266	87.014481
-22.672816	-15.314427	215.515625	77.904472
-22.672816	-15.314427	213.582031	84.375992
-22.672816	-15.314427	211.646484	76.568825
-22.672816	-15.314427	209.712891	60.980675
-22.672816	-15.314427	207.777344	72.640160
-22.672816	-15.314427	205.841797	51.873215
-22.672816	-15.314427	203.906250	41.488483
-22.672816	-15.314427	201.968750	42.774597
-22.672816	-15.314427	200.033203	36.284775
-22.672816	-15.314427	198.095703	32.389248
-22.672816	-15.314427	196.158203	31.086119
-22.672816	-15.314427	194.218750	40.143143
-22.672816	-15.314427	192.281250	24.597881
-22.672816	-15.314427	190.341797	28.474834
-22.672816	-15.314427	188.402344	28.467915
-22.672816	-15.314427	186.460938	27.167313
-22.672816	-15.314427	184.521484	21.987242
-22.672816	-15.314427	182.580078	19.395792
-22.672816	-15.314427	180.638672	25.854771
-22.672816	-15.314427	178.695313	28.433336
-22.672816	-15.314427	176.753906	36.179089
-22.672816	-15.314427	174.810547	33.586704
-22.672816	-15.314427	172.867188	20.663719
-22.672816	-15.314427	170.921875	25.823372
-22.672816	-15.314427	168.978516	40.016502
-22.672816	-15.314427	167.033203	27.101366
-22.672816	-15.314427	165.087891	28.385010
-22.672816	-15.314427	163.142578	19.348713
-22.672816	-15.314427	161.195313	29.660820
-22.672816	-15.314427	159.248047	32.232189
-22.672816	-15.314427	157.300781	37.380257
-22.672816	-15.314427	155.353516	37.371178
-22.672816	-15.314427	153.406250	41.227142
-22.672816	-15.314427	151.457031	34.776955
-22.672816	-15.314427	149.507813	37.343952
-22.672816	-15.314427	147.558594	37.334881
-22.672816	-15.314427	145.607422	51.483883
-22.672816	-15.314427	143.658203	48.897812
-22.672816	-15.314427	141.707031	61.750656
-22.672816	-15.314427	139.753906	87.458855
-22.672816	-15.314427	137.802734	72.007454
-22.672816	-15.314427	135.849609	69.418900
-22.672816	-15.314427	133.896484	53.979366
-22.672816	-15.314427	131.943359	59.105907
-22.672816	-15.314427	129.990234	52.668560
-22.672816	-15.314427	128.035156	51.371490
-22.672816	-15.314427	126.080078	46.223118
-22.672816	-15.314427	124.125000	42.360909
-22.672816	-15.314427	122.169922	52.617443
-22.672816	-15.314427	120.212891	56.453796
-22.672816	-15.314427	118.255859	66.701935
-22.672816	-15.314427	116.298828	57.708820
-22.672816	-15.314427	114.341797	51.284279
-22.672816	-15.314427	112.382813	41.017471
-22.672816	-15.314427	110.423828	39.726032
-22.672816	-15.314427	108.464844	29.467003
-22.672816	-15.314427	106.505859	20.493813
-22.672816	-15.314427	104.544922	23.049946
-22.672816	-15.314427	102.585938	10.241936
-22.672816	-15.314427	100.625000	8.959520
-22.672816	-15.314427	98.662109	6.398105
-22.672816	-15.314427	96.701172	5.117243
-22.672816	-15.314427	94.738281	6.395003
-22.672816	-15.314427	92.775391	2.557381
-22.672816	-15.314427	90.812500	2.556761
-22.672816	-15.314427	88.847656	5.112282
-22.672816	-15.314427	86.882813	2.555521
-22.672816	-15.314427	84.917969	3.832353
-22.672816	-15.314427	82.953125	2.554283
-22.672816	-15.314427	80.988281	1.276832
-22.672816	-15.314427	79.021484	0.000000
-22.672816	-15.314427	77.054688	1.276213
-22.672816	-15.314427	75.087891	1.275904
-22.672816	-15.314427	73.119141	1.275595
-22.672816	-15.314427	71.152344	-2.550571
-22.672816	-15.314427	69.183594	1.274977
-22.672816	-15.314427	67.212891	0.000000
-22.672816	-15.314427	65.244141	-1.274359
-22.672816	-15.314427	63.273438	2.548101
-22.672816	-15.314427	61.302734	1.273742
-22.672816	-15.314427	59.332031	1.273434
-19.672816	-15.314427	1838.626953	24.107229
-19.672816	-15.314427	1837.066406	22.500080
-19.672816	-15.314427	1835.503906	32.136131
-19.672816	-15.314427	1833.941406	25.703436
-19.672816	-15.314427	1832.378906	28.910212
-19.672816	-15.314427	1830.816406	30.509840
-19.672816	-15.314427	1829.251953	22.476151
-19.672816	-15.314427	1827.687500	20.866270
-19.672816	-15.314427	1826.125000	24.071342
-19.672816	-15.314427	1824.560547	32.088291
-19.672816	-15.314427	1822.994141	27.269243
-19.672816	-15.314427	1821.429688	27.263439
-19.672816	-15.314427	1819.865234	24.050856
-19.672816	-15.314427	1818.298828	24.045738
-19.672816	-15.314427	1816.732422	20.835203
-19.672816	-15.314427	1815.166016	27.240236
-19.672816	-15.314427	1813.599609	25.632412
-19.672816	-15.314427	1812.033203	24.025270
-19.672816	-15.314427	1810.464844	20.817469
-19.672816	-15.314427	1808.896484	20.813038
-19.672816	-15.314427	1807.330078	24.009932
-19.672816	-15.314427	1805.759766	20.804178
-19.672816	-15.314427	1804.191406	22.399729
-19.672816	-15.314427	1802.623047	22.394960
-19.672816	-15.314427	1801.052734	22.390192
-19.672816	-15.314427	1799.484375	23.984383
-19.672816	-15.314427	1797.914063	23.979277
-19.672816	-15.314427	1796.343750	27.170727
-19.672816	-15.314427	1794.771484	23.969065
-19.672816	-15.314427	1793.201172	22.366364
-19.672816	-15.314427	1791.628906	27.153372
-19.672816	-15.314427	1790.058594	20.759922
-19.672816	-15.314427	1788.486328	25.545231
-19.672816	-15.314427	1786.914063	17.558605
-19.672816	-15.314427	1785.339844	19.150763
-19.672816	-15.314427	1783.767578	20.742241
-19.672816	-15.314427	1782.193359	23.928255
-19.672816	-15.314427	1780.621094	30.302668
-19.672816	-15.314427	1779.046875	25.512600
-19.672816	-15.314427	1777.470703	22.318769
-19.672816	-15.314427	1775.896484	27.095589
-19.672816	-15.314427	1774.322266	22.309259
-19.672816	-15.314427	1772.746094	23.897684
-19.672816	-15.314427	1771.169922	23.892593
-19.672816	-15.314427	1769.593750	15.925000
-19.672816	-15.314427	1768.017578	27.066732
-19.672816	-15.314427	1766.441406	30.244606
-19.672816	-15.314427	1764.863281	27.055195
-19.672816	-15.314427	1763.287109	23.867144
-19.672816	-15.314427	1761.708984	25.452860
-19.672816	-15.314427	1760.130859	19.085575
-19.672816	-15.314427	1758.552734	25.442009
-19.672816	-15.314427	1756.972656	27.026371
-19.672816	-15.314427	1755.394531	27.020609
-19.672816	-15.314427	1753.814453	19.069304
-19.672816	-15.314427	1752.234375	22.242777
-19.672816	-15.314427	1750.654297	19.061172
-19.672816	-15.314427	1749.074219	20.645201
-19.672816	-15.314427	1747.492188	25.404058
-19.672816	-15.314427	1745.912109	25.398640
-19.672816	-15.314427	1744.330078	20.631992
-19.672816	-15.314427	1742.748047	22.214329
-19.672816	-15.314427	1741.166016	25.382389
-19.672816	-15.314427	1739.583984	31.721218
-19.672816	-15.314427	1738.000000	22.200115
-19.672816	-15.314427	1736.417969	17.439226
-19.672816	-15.314427	1734.833984	26.945780
-19.672816	-15.314427	1733.250000	31.694151
-19.672816	-15.314427	1731.666016	19.012432
-19.672816	-15.314427	1730.082031	26.928530
-19.672816	-15.314427	1728.496094	23.755396
-19.672816	-15.314427	1726.912109	26.917036
-19.672816	-15.314427	1725.326172	20.579222
-19.672816	-15.314427	1723.740234	23.740187
-19.672816	-15.314427	1722.154297	17.405752
-19.672816	-15.314427	1720.566406	25.312052
-19.672816	-15.314427	1718.980469	26.888311
-19.672816	-15.314427	1717.392578	26.882570
-19.672816	-15.314427	1715.804688	25.295839
-19.672816	-15.314427	1714.216797	28.451740
-19.672816	-15.314427	1712.628906	33.186607
-19.672816	-15.314427	1711.041016	25.279631
-19.672816	-15.314427	1709.451172	20.535313
-19.672816	-15.314427	1707.861328	22.110226
-19.672816	-15.314427	1706.271484	23.684465
-19.672816	-15.314427	1704.681641	26.836658
-19.672816	-15.314427	1703.091797	23.674343
-19.672816	-15.314427	1701.501953	18.935427
-19.672816	-15.314427	1699.910156	26.819454
-19.672816	-15.314427	1698.318359	26.813721
-19.672816	-15.314427	1696.726563	25.231049
-19.672816	-15.314427	1695.134766	20.495844
-19.672816	-15.314427	1693.542969	22.067726
-19.672816	-15.314427	1691.949219	23.638937
-19.672816	-15.314427	1690.357422	25.209473
-19.672816	-15.314427	1688.763672	26.779337
-19.672816	-15.314427	1687.169922	25.198690
-19.672816	-15.314427	1685.576172	14.171230
-19.672816	-15.314427	1683.982422	14.168199
-19.672816	-15.314427	1682.386719	22.034704
-19.672816	-15.314427	1680.791016	28.324272
-19.672816	-15.314427	1679.195313	25.171741
-19.672816	-15.314427	1677.599609	26.739252
-19.672816	-15.314427	1676.003906	20.443287
-19.672816	-15.314427	1674.408203	20.438910
-19.672816	-15.314427	1672.810547	20.434534
-19.672816	-15.314427	1671.214844	23.573259
-19.672816	-15.314427	1669.617188	25.139425
-19.672816	-15.314427	1668.019531	21.992287
-19.672816	-15.314427	1666.419922	10.993789
-19.672816	-15.314427	1664.822266	25.123276
-19.672816	-15.314427	1663.222656	25.117895
-19.672816	-15.314427	1661.623047	25.112513
-19.672816	-15.314427	1660.023438	25.107132
-19.672816	-15.314427	1658.423828	26.670610
-19.672816	-15.314427	1656.824219	23.527849
-19.672816	-15.314427	1655.222656	10.977309
-19.672816	-15.314427	1653.623047	20.382061
-19.672816	-15.314427	1652.021484	20.377691
-19.672816	-15.314427	1650.419922	28.209217
-19.672816	-15.314427	1648.818359	23.502640
-19.672816	-15.314427	1647.214844	26.630613
-19.672816	-15.314427	1645.613281	23.492559
-19.672816	-15.314427	1644.009766	23.487520
-19.672816	-15.314427	1642.406250	23.482481
-19.672816	-15.314427	1640.802734	20.347118
-19.672816	-15.314427	1639.199219	21.907579
-19.672816	-15.314427	1637.593750	28.160843
-19.672816	-15.314427	1635.990234	26.590643
-19.672816	-15.314427	1634.384766	17.202017
-19.672816	-15.314427	1632.779297	18.761808
-19.672816	-15.314427	1631.173828	25.010374
-19.672816	-15.314427	1629.568359	20.316565
-19.672816	-15.314427	1627.960938	28.124588
-19.672816	-15.314427	1626.353516	29.680689
-19.672816	-15.314427	1624.748047	31.236120
-19.672816	-15.314427	1623.140625	29.667938
-19.672816	-15.314427	1621.531250	20.294754
-19.672816	-15.314427	1619.923828	21.851194
-19.672816	-15.314427	1618.314453	23.406961
-19.672816	-15.314427	1616.707031	23.401932
-19.672816	-15.314427	1615.097656	20.277313
-19.672816	-15.314427	1613.488281	24.951328
-19.672816	-15.314427	1611.878906	26.505087
-19.672816	-15.314427	1610.267578	28.058174
-19.672816	-15.314427	1608.656250	21.818331
-19.672816	-15.314427	1607.046875	28.046106
-19.672816	-15.314427	1605.435547	28.040073
-19.672816	-15.314427	1603.824219	24.919147
-19.672816	-15.314427	1602.210938	18.685339
-19.672816	-15.314427	1600.599609	20.238094
-19.672816	-15.314427	1598.986328	26.459505
-19.672816	-15.314427	1597.373047	21.785490
-19.672816	-15.314427	1595.759766	21.780800
-19.672816	-15.314427	1594.146484	23.331547
-19.672816	-15.314427	1592.533203	21.771421
-19.672816	-15.314427	1590.917969	17.102432
-19.672816	-15.314427	1589.302734	20.207613
-19.672816	-15.314427	1587.687500	18.649162
-19.672816	-15.314427	1586.072266	18.645144
-19.672816	-15.314427	1584.457031	24.854836
-19.672816	-15.314427	1582.839844	23.296387
-19.672816	-15.314427	1581.224609	20.185850
-19.672816	-15.314427	1579.607422	24.838768
-19.672816	-15.314427	1577.990234	20.177147
-19.672816	-15.314427	1576.373047	15.517535
-19.672816	-15.314427	1574.755859	26.374121
-19.672816	-15.314427	1573.136719	26.368433
-19.672816	-15.314427	1571.517578	20.159746
-19.672816	-15.314427	1569.898438	29.457888
-19.672816	-15.314427	1568.279297	18.600967
-19.672816	-15.314427	1566.660156	27.895430
-19.672816	-15.314427	1565.041016	21.691763
-19.672816	-15.314427	1563.419922	18.588924
-19.672816	-15.314427	1561.798828	23.231140
-19.672816	-15.314427	1560.177734	29.419756
-19.672816	-15.314427	1558.556641	24.769182
-19.672816	-15.314427	1556.935547	27.859310
-19.672816	-15.314427	1555.312500	18.568861
-19.672816	-15.314427	1553.691406	20.111919
-19.672816	-15.314427	1552.068359	26.294519
-19.672816	-15.314427	1550.445313	32.474445
-19.672816	-15.314427	1548.822266	21.644951
-19.672816	-15.314427	1547.197266	26.277473
-19.672816	-15.314427	1545.574219	21.635593
-19.672816	-15.314427	1543.949219	21.630915
-19.672816	-15.314427	1542.324219	16.992043
-19.672816	-15.314427	1540.699219	26.254749
-19.672816	-15.314427	1539.072266	12.352503
-19.672816	-15.314427	1537.447266	27.787119
-19.672816	-15.314427	1535.820313	30.867895
-19.672816	-15.314427	1534.193359	20.059790
-19.672816	-15.314427	1532.566406	16.969994
-19.672816	-15.314427	1530.939453	26.220675
-19.672816	-15.314427	1529.312500	32.383232
-19.672816	-15.314427	1527.683594	24.667595
-19.672816	-15.314427	1526.056641	26.203642
-19.672816	-15.314427	1524.427734	27.739023
-19.672816	-15.314427	1522.798828	18.488674
-19.672816	-15.314427	1521.167969	26.186613
-19.672816	-15.314427	1519.539063	13.860497
-19.672816	-15.314427	1517.908203	26.175262
-19.672816	-15.314427	1516.277344	26.169588
-19.672816	-15.314427	1514.646484	16.929590
-19.672816	-15.314427	1513.015625	21.542078
-19.672816	-15.314427	1511.384766	27.690950
-19.672816	-15.314427	1509.751953	24.608839
-19.672816	-15.314427	1508.121094	19.990343
-19.672816	-15.314427	1506.488281	21.523390
-19.672816	-15.314427	1504.855469	26.129871
-19.672816	-15.314427	1503.220703	13.830459
-19.672816	-15.314427	1501.587891	24.582144
-19.672816	-15.314427	1499.953125	19.968655
-19.672816	-15.314427	1498.318359	13.821450
-19.672816	-15.314427	1496.683594	24.566130
-19.672816	-15.314427	1495.048828	24.560793
-19.672816	-15.314427	1493.414063	30.694319
-19.672816	-15.314427	1491.777344	24.550119
-19.672816	-15.314427	1490.140625	27.612881
-19.672816	-15.314427	1488.505859	26.073162
-19.672816	-15.314427	1486.867188	21.467346
-19.672816	-15.314427	1485.230469	22.995726
-19.672816	-15.314427	1483.593750	16.859865
-19.672816	-15.314427	1481.955078	29.115250
-19.672816	-15.314427	1480.316406	16.852530
-19.672816	-15.314427	1478.677734	22.975719
-19.672816	-15.314427	1477.039063	24.502100
-19.672816	-15.314427	1475.400391	19.903624
-19.672816	-15.314427	1473.759766	21.430004
-19.672816	-15.314427	1472.119141	24.486099
-19.672816	-15.314427	1470.478516	19.890623
-19.672816	-15.314427	1468.837891	24.475433
-19.672816	-15.314427	1467.197266	22.940720
-19.672816	-15.314427	1465.556641	15.290481
-19.672816	-15.314427	1463.914063	25.988152
-19.672816	-15.314427	1462.271484	19.868959
-19.672816	-15.314427	1460.628906	25.976820
-19.672816	-15.314427	1458.986328	13.749435
-19.672816	-15.314427	1457.343750	22.910728
-19.672816	-15.314427	1455.699219	24.432779
-19.672816	-15.314427	1454.054688	22.900732
-19.672816	-15.314427	1452.410156	18.316587
-19.672816	-15.314427	1450.765625	16.786541
-19.672816	-15.314427	1449.121094	18.308592
-19.672816	-15.314427	1447.474609	28.982277
-19.672816	-15.314427	1445.830078	22.875748
-19.672816	-15.314427	1444.183594	27.444902
-19.672816	-15.314427	1442.537109	19.816988
-19.672816	-15.314427	1440.890625	25.908861
-19.672816	-15.314427	1439.242188	22.855764
-19.672816	-15.314427	1437.595703	24.374153
-19.672816	-15.314427	1435.947266	28.937979
-19.672816	-15.314427	1434.298828	21.318060
-19.672816	-15.314427	1432.650391	19.791012
-19.672816	-15.314427	1431.000000	19.786682
-19.672816	-15.314427	1429.351563	25.869232
-19.672816	-15.314427	1427.701172	22.820799
-19.672816	-15.314427	1426.050781	18.252644
-19.672816	-15.314427	1424.400391	25.852253
-19.672816	-15.314427	1422.750000	21.285429
-19.672816	-15.314427	1421.097656	25.840933
-19.672816	-15.314427	1419.447266	22.795830
-19.672816	-15.314427	1417.794922	27.349005
-19.672816	-15.314427	1416.142578	19.747732
-19.672816	-15.314427	1414.490234	24.299574
-19.672816	-15.314427	1412.835938	21.257467
-19.672816	-15.314427	1411.183594	18.216692
-19.672816	-15.314427	1409.529297	13.659524
-19.672816	-15.314427	1407.875000	22.760881
-19.672816	-15.314427	1406.220703	25.790009
-19.672816	-15.314427	1404.566406	19.717445
-19.672816	-15.314427	1402.910156	15.163938
-19.672816	-15.314427	1401.255859	18.192732
-19.672816	-15.314427	1399.599609	22.735924
-19.672816	-15.314427	1397.943359	24.246328
-19.672816	-15.314427	1396.287109	21.210878
-19.672816	-15.314427	1394.628906	22.720951
-19.672816	-15.314427	1392.970703	21.201563
-19.672816	-15.314427	1391.314453	18.168776
-19.672816	-15.314427	1389.656250	21.192247
-19.672816	-15.314427	1387.998047	15.133992
-19.672816	-15.314427	1386.337891	21.182932
-19.672816	-15.314427	1384.679688	27.229210
-19.672816	-15.314427	1383.019531	25.710821
-19.672816	-15.314427	1381.359375	16.632755
-19.672816	-15.314427	1379.699219	18.140831
-19.672816	-15.314427	1378.039063	25.693857
-19.672816	-15.314427	1376.376953	24.177132
-19.672816	-15.314427	1374.716797	19.639595
-19.672816	-15.314427	1373.054688	21.145678
-19.672816	-15.314427	1371.392578	18.120874
-19.672816	-15.314427	1369.728516	21.136366
-19.672816	-15.314427	1368.066406	27.169340
-19.672816	-15.314427	1366.402344	21.127054
-19.672816	-15.314427	1364.740234	22.631140
-19.672816	-15.314427	1363.076172	19.609331
-19.672816	-15.314427	1361.412109	22.621164
-19.672816	-15.314427	1359.746094	22.616177
-19.672816	-15.314427	1358.082031	19.596363
-19.672816	-15.314427	1356.416016	21.099121
-19.672816	-15.314427	1354.750000	22.601213
-19.672816	-15.314427	1353.083984	18.076981
-19.672816	-15.314427	1351.417969	25.603405
-19.672816	-15.314427	1349.750000	18.069002
-19.672816	-15.314427	1348.083984	22.581264
-19.672816	-15.314427	1346.416016	16.555937
-19.672816	-15.314427	1344.748047	27.085550
-19.672816	-15.314427	1343.078125	31.592827
-19.672816	-15.314427	1341.410156	22.561317
-19.672816	-15.314427	1339.740234	19.548820
-19.672816	-15.314427	1338.072266	18.041077
-19.672816	-15.314427	1336.402344	27.055632
-19.672816	-15.314427	1334.730469	18.033098
-19.672816	-15.314427	1333.060547	25.541239
-19.672816	-15.314427	1331.388672	24.033495
-19.672816	-15.314427	1329.718750	21.024654
-19.672816	-15.314427	1328.046875	16.515717
-19.672816	-15.314427	1326.375000	21.015348
-19.672816	-15.314427	1324.701172	18.009169
-19.672816	-15.314427	1323.029297	22.506474
-19.672816	-15.314427	1321.355469	24.001589
-19.672816	-15.314427	1319.681641	14.997669
-19.672816	-15.314427	1318.007813	22.491520
-19.672816	-15.314427	1316.333984	28.482944
-19.672816	-15.314427	1314.660156	28.476629
-19.672816	-15.314427	1312.984375	23.975002
-19.672816	-15.314427	1311.308594	14.981053
-19.672816	-15.314427	1309.632813	17.973276
-19.672816	-15.314427	1307.957031	20.964170
-19.672816	-15.314427	1306.279297	22.456627
-19.672816	-15.314427	1304.603516	22.451643
-19.672816	-15.314427	1302.925781	28.432434
-19.672816	-15.314427	1301.248047	19.449451
-19.672816	-15.314427	1299.570313	19.445133
-19.672816	-15.314427	1297.892578	20.936260
-19.672816	-15.314427	1296.212891	31.397413
-19.672816	-15.314427	1294.533203	23.916523
-19.672816	-15.314427	1292.853516	19.427856
-19.672816	-15.314427	1291.173828	16.435301
-19.672816	-15.314427	1289.494141	28.381933
-19.672816	-15.314427	1287.812500	23.895260
-19.672816	-15.314427	1286.132813	23.889944
-19.672816	-15.314427	1284.451172	22.391840
-19.672816	-15.314427	1282.769531	25.371771
-19.672816	-15.314427	1281.085938	22.381874
-19.672816	-15.314427	1279.404297	19.393307
-19.672816	-15.314427	1277.720703	13.423145
-19.672816	-15.314427	1276.039063	17.893541
-19.672816	-15.314427	1274.355469	22.361944
-19.672816	-15.314427	1272.669922	17.885569
-19.672816	-15.314427	1270.986328	20.861847
-19.672816	-15.314427	1269.300781	22.346996
-19.672816	-15.314427	1267.615234	23.831482
-19.672816	-15.314427	1265.929688	16.380489
-19.672816	-15.314427	1264.244141	23.820852
-19.672816	-15.314427	1262.558594	28.280952
-19.672816	-15.314427	1260.871094	28.274641
-19.672816	-15.314427	1259.185547	17.853683
-19.672816	-15.314427	1257.498047	19.337172
-19.672816	-15.314427	1255.808594	22.307140
-19.672816	-15.314427	1254.121094	22.302158
-19.672816	-15.314427	1252.433594	25.270134
-19.672816	-15.314427	1250.744141	29.722927
-19.672816	-15.314427	1249.054688	28.230471
-19.672816	-15.314427	1247.365234	26.738680
-19.672816	-15.314427	1245.673828	19.306952
-19.672816	-15.314427	1243.984375	20.787453
-19.672816	-15.314427	1242.292969	22.267288
-19.672816	-15.314427	1240.601563	22.262308
-19.672816	-15.314427	1238.910156	25.224970
-19.672816	-15.314427	1237.218750	19.285366
-19.672816	-15.314427	1235.525391	25.213680
-19.672816	-15.314427	1233.833984	20.759558
-19.672816	-15.314427	1232.140625	11.859948
-19.672816	-15.314427	1230.447266	22.232422
-19.672816	-15.314427	1228.753906	25.191101
-19.672816	-15.314427	1227.058594	31.111446
-19.672816	-15.314427	1225.365234	25.179811
-19.672816	-15.314427	1223.669922	16.289167
-19.672816	-15.314427	1221.974609	19.246517
-19.672816	-15.314427	1220.277344	17.762032
-19.672816	-15.314427	1218.582031	16.278210
-19.672816	-15.314427	1216.884766	23.672085
-19.672816	-15.314427	1215.189453	25.145947
-19.672816	-15.314427	1213.492188	22.182619
-19.672816	-15.314427	1211.792969	19.220621
-19.672816	-15.314427	1210.095703	16.259951
-19.672816	-15.314427	1208.396484	20.689835
-19.672816	-15.314427	1206.699219	16.252647
-19.672816	-15.314427	1205.000000	23.634901
-19.672816	-15.314427	1203.298828	22.152740
-19.672816	-15.314427	1201.599609	26.577312
-19.672816	-15.314427	1199.900391	25.095152
-19.672816	-15.314427	1198.199219	20.661949
-19.672816	-15.314427	1196.498047	16.230736
-19.672816	-15.314427	1194.796875	14.751896
-19.672816	-15.314427	1193.093750	17.698292
-19.672816	-15.314427	1191.392578	23.592411
-19.672816	-15.314427	1189.689453	19.164518
-19.672816	-15.314427	1187.986328	28.003374
-19.672816	-15.314427	1186.283203	16.208828
-19.672816	-15.314427	1184.580078	17.678375
-19.672816	-15.314427	1182.875000	17.674391
-19.672816	-15.314427	1181.169922	25.033079
-19.672816	-15.314427	1179.464844	25.027435
-19.672816	-15.314427	1177.759766	22.078053
-19.672816	-15.314427	1176.054688	26.487690
-19.672816	-15.314427	1174.347656	20.596889
-19.672816	-15.314427	1172.642578	22.063118
-19.672816	-15.314427	1170.935547	27.940310
-19.672816	-15.314427	1169.228516	17.642529
-19.672816	-15.314427	1167.519531	17.638546
-19.672816	-15.314427	1165.812500	17.634563
-19.672816	-15.314427	1164.103516	20.569010
-19.672816	-15.314427	1162.394531	27.908779
-19.672816	-15.314427	1160.685547	23.496820
-19.672816	-15.314427	1158.976563	26.427950
-19.672816	-15.314427	1157.265625	30.825638
-19.672816	-15.314427	1155.556641	24.948446
-19.672816	-15.314427	1153.845703	24.942804
-19.672816	-15.314427	1152.134766	17.602703
-19.672816	-15.314427	1150.423828	11.732481
-19.672816	-15.314427	1148.710938	19.060966
-19.672816	-15.314427	1146.998047	21.988445
-19.672816	-15.314427	1145.287109	21.983469
-19.672816	-15.314427	1143.572266	19.048025
-19.672816	-15.314427	1141.859375	24.903315
-19.672816	-15.314427	1140.146484	19.039398
-19.672816	-15.314427	1138.431641	24.892033
-19.672816	-15.314427	1136.716797	27.814203
-19.672816	-15.314427	1135.001953	16.099310
-19.672816	-15.314427	1133.287109	16.095659
-19.672816	-15.314427	1131.570313	16.092009
-19.672816	-15.314427	1129.855469	35.101875
-19.672816	-15.314427	1128.138672	27.782681
-19.672816	-15.314427	1126.421875	16.081060
-19.672816	-15.314427	1124.703125	14.615828
-19.672816	-15.314427	1122.986328	16.073761
-19.672816	-15.314427	1121.267578	17.531031
-19.672816	-15.314427	1119.548828	18.987637
-19.672816	-15.314427	1117.830078	20.443579
-19.672816	-15.314427	1116.111328	23.358782
-19.672816	-15.314427	1114.392578	20.434290
-19.672816	-15.314427	1112.671875	14.592604
-19.672816	-15.314427	1110.951172	21.883928
-19.672816	-15.314427	1109.230469	23.337549
-19.672816	-15.314427	1107.509766	27.707037
-19.672816	-15.314427	1105.787109	26.242800
-19.672816	-15.314427	1104.066406	30.609632
-19.672816	-15.314427	1102.343750	21.859047
-19.672816	-15.314427	1100.621094	24.767948
-19.672816	-15.314427	1098.896484	20.392488
-19.672816	-15.314427	1097.173828	24.756668
-19.672816	-15.314427	1095.449219	17.471315
-19.672816	-15.314427	1093.724609	18.922945
-19.672816	-15.314427	1092.000000	17.463354
-19.672816	-15.314427	1090.275391	18.914322
-19.672816	-15.314427	1088.550781	29.092321
-19.672816	-15.314427	1086.824219	23.268551
-19.672816	-15.314427	1085.097656	27.625101
-19.672816	-15.314427	1083.371094	27.618799
-19.672816	-15.314427	1081.644531	18.892761
-19.672816	-15.314427	1079.916016	20.341408
-19.672816	-15.314427	1078.189453	20.336763
-19.672816	-15.314427	1076.460938	23.236710
-19.672816	-15.314427	1074.732422	18.875515
-19.672816	-15.314427	1073.001953	13.064679
-19.672816	-15.314427	1071.273438	27.574688
-19.672816	-15.314427	1069.542969	11.607741
-19.672816	-15.314427	1067.812500	15.956996
-19.672816	-15.314427	1066.082031	18.853956
-19.672816	-15.314427	1064.351563	20.299618
-19.672816	-15.314427	1062.619141	17.395693
-19.672816	-15.314427	1060.888672	24.638262
-19.672816	-15.314427	1059.156250	23.183645
-19.672816	-15.314427	1057.421875	24.626986
-19.672816	-15.314427	1055.689453	27.517979
-19.672816	-15.314427	1053.957031	24.615711
-19.672816	-15.314427	1052.222656	24.610075
-19.672816	-15.314427	1050.488281	20.262478
-19.672816	-15.314427	1048.753906	18.810848
-19.672816	-15.314427	1047.019531	17.359880
-19.672816	-15.314427	1045.283203	23.141201
-19.672816	-15.314427	1043.546875	18.797916
-19.672816	-15.314427	1041.810547	21.684929
-19.672816	-15.314427	1040.074219	24.570618
-19.672816	-15.314427	1038.337891	18.784985
-19.672816	-15.314427	1036.599609	20.225342
-19.672816	-15.314427	1034.861328	21.665037
-19.672816	-15.314427	1033.123047	23.104067
-19.672816	-15.314427	1031.384766	24.542437
-19.672816	-15.314427	1029.646484	27.423483
-19.672816	-15.314427	1027.906250	31.746212
-19.672816	-15.314427	1026.167969	25.968206
-19.672816	-15.314427	1024.427734	21.635199
-19.672816	-15.314427	1022.685547	33.166348
-19.672816	-15.314427	1020.945313	28.833673
-19.672816	-15.314427	1019.203125	23.061634
-19.672816	-15.314427	1017.462891	27.379393
-19.672816	-15.314427	1015.720703	23.051027
-19.672816	-15.314427	1013.976563	30.247513
-19.672816	-15.314427	1012.234375	33.120605
-19.672816	-15.314427	1010.490234	27.354200
-19.672816	-15.314427	1008.746094	25.908541
-19.672816	-15.314427	1007.001953	37.414829
-19.672816	-15.314427	1005.257813	23.019207
-19.672816	-15.314427	1003.513672	25.890642
-19.672816	-15.314427	1001.767578	24.446640
-19.672816	-15.314427	1000.021484	27.316418
-19.672816	-15.314427	998.275391	34.496994
-19.672816	-15.314427	996.529297	22.992695
-19.672816	-15.314427	994.781250	37.354511
-19.672816	-15.314427	993.035156	31.600374
-19.672816	-15.314427	991.287109	34.465183
-19.672816	-15.314427	989.539063	33.021511
-19.672816	-15.314427	987.789063	31.578503
-19.672816	-15.314427	986.041016	35.876377
-19.672816	-15.314427	984.291016	43.041714
-19.672816	-15.314427	982.541016	38.728596
-19.672816	-15.314427	980.791016	37.285587
-19.672816	-15.314427	979.041016	40.144432
-19.672816	-15.314427	977.289063	44.435352
-19.672816	-15.314427	975.537109	37.259747
-19.672816	-15.314427	973.785156	30.087452
-19.672816	-15.314427	972.033203	35.810112
-19.672816	-15.314427	970.281250	31.505611
-19.672816	-15.314427	968.527344	37.225292
-19.672816	-15.314427	966.773438	37.216679
-19.672816	-15.314427	965.019531	40.070225
-19.672816	-15.314427	963.265625	37.199451
-19.672816	-15.314427	961.511719	45.773342
-19.672816	-15.314427	959.755859	35.752144
-19.672816	-15.314427	958.000000	32.884354
-19.672816	-15.314427	956.244141	40.023849
-19.672816	-15.314427	954.488281	40.014576
-19.672816	-15.314427	952.730469	31.432737
-19.672816	-15.314427	950.974609	41.424458
-19.672816	-15.314427	949.216797	32.846264
-19.672816	-15.314427	947.458984	35.694180
-19.672816	-15.314427	945.701172	35.685902
-19.672816	-15.314427	943.941406	37.104729
-19.672816	-15.314427	942.181641	34.242569
-19.672816	-15.314427	940.421875	28.528852
-19.672816	-15.314427	938.662109	28.522230
-19.672816	-15.314427	936.902344	34.218727
-19.672816	-15.314427	935.140625	35.636230
-19.672816	-15.314427	933.380859	29.927481
-19.672816	-15.314427	931.619141	29.920528
-19.672816	-15.314427	929.855469	27.064663
-19.672816	-15.314427	928.093750	25.634249
-19.672816	-15.314427	926.330078	24.204494
-19.672816	-15.314427	924.568359	19.928478
-19.672816	-15.314427	922.804688	19.923845
-19.672816	-15.314427	921.039063	18.496408
-19.672816	-15.314427	919.275391	25.604454
-19.672816	-15.314427	917.509766	28.442774
-19.672816	-15.314427	915.744141	19.905308
-19.672816	-15.314427	913.978516	24.165104
-19.672816	-15.314427	912.212891	19.896040
-19.672816	-15.314427	910.447266	24.153851
-19.672816	-15.314427	908.679688	21.307257
-19.672816	-15.314427	906.912109	25.562752
-19.672816	-15.314427	905.144531	24.136972
-19.672816	-15.314427	903.375000	26.970327
-19.672816	-15.314427	901.607422	22.706560
-19.672816	-15.314427	899.837891	28.376583
-19.672816	-15.314427	898.068359	29.788464
-19.672816	-15.314427	896.298828	19.854343
-19.672816	-15.314427	894.529297	21.267548
-19.672816	-15.314427	892.757813	21.262585
-19.672816	-15.314427	890.986328	25.509146
-19.672816	-15.314427	889.214844	29.753723
-19.672816	-15.314427	887.443359	19.831184
-19.672816	-15.314427	885.669922	24.075100
-19.672816	-15.314427	883.898438	36.812141
-19.672816	-15.314427	882.125000	26.894894
-19.672816	-15.314427	880.351563	29.718990
-19.672816	-15.314427	878.578125	21.222889
-19.672816	-15.314427	876.802734	25.461514
-19.672816	-15.314427	875.027344	21.212967
-19.672816	-15.314427	873.251953	25.449606
-19.672816	-15.314427	871.476563	29.684263
-19.672816	-15.314427	869.701172	28.264112
-19.672816	-15.314427	867.923828	28.257500
-19.672816	-15.314427	866.146484	29.663429
-19.672816	-15.314427	864.369141	28.244272
-19.672816	-15.314427	862.591797	24.002010
-19.672816	-15.314427	860.814453	28.231047
-19.672816	-15.314427	859.035156	26.813213
-19.672816	-15.314427	857.255859	21.163366
-19.672816	-15.314427	855.476563	26.800650
-19.672816	-15.314427	853.697266	28.204599
-19.672816	-15.314427	851.916016	19.738592
-19.672816	-15.314427	850.136719	23.962671
-19.672816	-15.314427	848.355469	28.184767
-19.672816	-15.314427	846.574219	28.178156
-19.672816	-15.314427	844.791016	21.128660
-19.672816	-15.314427	843.009766	21.123703
-19.672816	-15.314427	841.226563	26.750412
-19.672816	-15.314427	839.443359	22.521376
-19.672816	-15.314427	837.660156	25.330599
-19.672816	-15.314427	835.875000	22.510801
-19.672816	-15.314427	834.091797	29.538488
-19.672816	-15.314427	832.306641	26.719021
-19.672816	-15.314427	830.521484	32.336479
-19.672816	-15.314427	828.734375	29.517673
-19.672816	-15.314427	826.949219	32.321281
-19.672816	-15.314427	825.162109	23.884027
-19.672816	-15.314427	823.375000	22.473801
-19.672816	-15.314427	821.587891	26.681362
-19.672816	-15.314427	819.800781	15.443471
-19.672816	-15.314427	818.011719	25.265190
-19.672816	-15.314427	816.222656	21.049372
-19.672816	-15.314427	814.433594	25.253302
-19.672816	-15.314427	812.644531	30.857882
-19.672816	-15.314427	810.855469	21.034512
-19.672816	-15.314427	809.064453	22.431530
-19.672816	-15.314427	807.273438	25.229527
-19.672816	-15.314427	805.482422	21.019653
-19.672816	-15.314427	803.691406	19.613722
-19.672816	-15.314427	801.898438	21.009750
-19.672816	-15.314427	800.107422	28.006399
-19.672816	-15.314427	798.314453	19.599857
-19.672816	-15.314427	796.521484	27.993195
-19.672816	-15.314427	794.726563	30.785254
-19.672816	-15.314427	792.933594	20.984995
-19.672816	-15.314427	791.138672	25.176054
-19.672816	-15.314427	789.343750	16.780077
-19.672816	-15.314427	787.546875	22.368156
-19.672816	-15.314427	785.751953	32.146637
-19.672816	-15.314427	783.955078	22.357597
-19.672816	-15.314427	782.158203	22.352320
-19.672816	-15.314427	780.361328	32.123871
-19.672816	-15.314427	778.564453	25.134483
-19.672816	-15.314427	776.765625	32.108696
-19.672816	-15.314427	774.968750	30.705410
-19.672816	-15.314427	773.169922	29.302784
-19.672816	-15.314427	771.369141	34.876022
-19.672816	-15.314427	769.570313	26.499512
-19.672816	-15.314427	767.769531	19.521339
-19.672816	-15.314427	765.970703	27.881033
-19.672816	-15.314427	764.167969	25.086994
-19.672816	-15.314427	762.367188	33.441414
-19.672816	-15.314427	760.566406	26.468187
-19.672816	-15.314427	758.763672	26.461924
-19.672816	-15.314427	756.960938	30.632872
-19.672816	-15.314427	755.158203	22.273178
-19.672816	-15.314427	753.353516	22.267904
-19.672816	-15.314427	751.550781	26.436874
-19.672816	-15.314427	749.746094	31.994953
-19.672816	-15.314427	747.941406	34.768883
-19.672816	-15.314427	746.136719	30.589369
-19.672816	-15.314427	744.330078	27.801928
-19.672816	-15.314427	742.523438	29.185104
-19.672816	-15.314427	740.718750	27.788750
-19.672816	-15.314427	738.910156	33.338593
-19.672816	-15.314427	737.103516	23.609238
-19.672816	-15.314427	735.294922	26.380537
-19.672816	-15.314427	733.488281	30.538639
-19.672816	-15.314427	731.679688	30.531393
-19.672816	-15.314427	729.869141	26.361765
-19.672816	-15.314427	728.060547	23.581244
-19.672816	-15.314427	726.250000	24.962450
-19.672816	-15.314427	724.439453	26.342997
-19.672816	-15.314427	722.628906	24.950598
-19.672816	-15.314427	720.818359	33.259563
-19.672816	-15.314427	719.005859	22.167776
-19.672816	-15.314427	717.195313	26.317980
-19.672816	-15.314427	715.382813	19.387589
-19.672816	-15.314427	713.568359	31.843468
-19.672816	-15.314427	711.755859	27.683392
-19.672816	-15.314427	709.941406	31.828331
-19.672816	-15.314427	708.126953	26.286718
-19.672816	-15.314427	706.312500	27.663651
-19.672816	-15.314427	704.498047	31.805632
-19.672816	-15.314427	702.681641	30.415541
-19.672816	-15.314427	700.867188	19.350739
-19.672816	-15.314427	699.050781	19.346134
-19.672816	-15.314427	697.232422	29.012297
-19.672816	-15.314427	695.416016	22.099346
-19.672816	-15.314427	693.597656	26.236725
-19.672816	-15.314427	691.779297	26.230478
-19.672816	-15.314427	689.960938	22.083563
-19.672816	-15.314427	688.142578	27.597879
-19.672816	-15.314427	686.324219	26.211740
-19.672816	-15.314427	684.503906	19.309313
-19.672816	-15.314427	682.683594	19.304710
-19.672816	-15.314427	680.863281	20.678690
-19.672816	-15.314427	679.041016	22.052011
-19.672816	-15.314427	677.218750	26.180521
-19.672816	-15.314427	675.398438	15.153529
-19.672816	-15.314427	673.576172	26.168037
-19.672816	-15.314427	671.751953	19.277113
-19.672816	-15.314427	669.929688	22.025730
-19.672816	-15.314427	668.105469	20.644196
-19.672816	-15.314427	666.281250	27.519026
-19.672816	-15.314427	664.457031	27.512459
-19.672816	-15.314427	662.630859	23.380007
-19.672816	-15.314427	660.806641	21.999460
-19.672816	-15.314427	658.980469	27.492760
-19.672816	-15.314427	657.154297	27.486195
-19.672816	-15.314427	655.326172	32.975555
-19.672816	-15.314427	653.500000	23.352106
-19.672816	-15.314427	651.671875	24.719852
-19.672816	-15.314427	649.843750	30.205933
-19.672816	-15.314427	648.015625	34.316723
-19.672816	-15.314427	646.185547	38.425541
-19.672816	-15.314427	644.357422	37.044342
-19.672816	-15.314427	642.527344	30.177063
-19.672816	-15.314427	640.697266	32.912563
-19.672816	-15.314427	638.865234	35.646748
-19.672816	-15.314427	637.035156	37.008923
-19.672816	-15.314427	635.203125	37.000069
-19.672816	-15.314427	633.371094	28.770947
-19.672816	-15.314427	631.539063	23.285192
-19.672816	-15.314427	629.705078	42.451073
-19.672816	-15.314427	627.873047	32.857479
-19.672816	-15.314427	626.039063	38.324551
-19.672816	-15.314427	624.203125	36.946968
-19.672816	-15.314427	622.369141	36.938122
-19.672816	-15.314427	620.535156	32.826023
-19.672816	-15.314427	618.699219	34.185585
-19.672816	-15.314427	616.863281	25.974819
-19.672816	-15.314427	615.025391	38.269512
-19.672816	-15.314427	613.189453	32.794579
-19.672816	-15.314427	611.351563	27.322266
-19.672816	-15.314427	609.513672	32.778858
-19.672816	-15.314427	607.675781	34.136459
-19.672816	-15.314427	605.837891	30.032883
-19.672816	-15.314427	603.998047	27.296074
-19.672816	-15.314427	602.158203	31.382957
-19.672816	-15.314427	600.318359	28.647133
-19.672816	-15.314427	598.478516	30.004082
-19.672816	-15.314427	596.636719	31.360378
-19.672816	-15.314427	594.796875	21.810680
-19.672816	-15.314427	592.955078	28.619650
-19.672816	-15.314427	591.111328	36.787861
-19.672816	-15.314427	589.269531	24.519354
-19.672816	-15.314427	587.425781	27.237186
-19.672816	-15.314427	585.583984	31.315243
-19.672816	-15.314427	583.738281	25.862902
-19.672816	-15.314427	581.894531	24.495811
-19.672816	-15.314427	580.050781	25.850481
-19.672816	-15.314427	578.205078	29.924944
-19.672816	-15.314427	576.359375	21.758368
-19.672816	-15.314427	574.513672	24.472282
-19.672816	-15.314427	572.666016	29.903379
-19.672816	-15.314427	570.818359	25.819439
-19.672816	-15.314427	568.970703	20.378868
-19.672816	-15.314427	567.123047	24.448761
-19.672816	-15.314427	565.275391	24.442884
-19.672816	-15.314427	563.425781	21.721783
-19.672816	-15.314427	561.576172	21.716558
-19.672816	-15.314427	559.726563	21.711336
-19.672816	-15.314427	557.876953	23.062746
-19.672816	-15.314427	556.027344	31.195032
-19.672816	-15.314427	554.175781	28.475567
-19.672816	-15.314427	552.324219	20.334797
-19.672816	-15.314427	550.472656	31.172518
-19.672816	-15.314427	548.619141	25.745012
-19.672816	-15.314427	546.767578	28.448162
-19.672816	-15.314427	544.914063	37.921753
-19.672816	-15.314427	543.060547	36.558598
-19.672816	-15.314427	541.205078	28.427620
-19.672816	-15.314427	539.351563	32.480885
-19.672816	-15.314427	537.496094	39.238281
-19.672816	-15.314427	535.640625	43.286983
-19.672816	-15.314427	533.785156	51.390907
-19.672816	-15.314427	531.927734	62.195057
-19.672816	-15.314427	530.070313	66.235291
-19.672816	-15.314427	528.212891	78.382065
-19.672816	-15.314427	526.355469	128.353470
-19.672816	-15.314427	524.498047	203.965286
-19.672816	-15.314427	522.638672	403.780914
-19.672816	-15.314427	520.779297	611.600891
-19.672816	-15.314427	518.919922	467.026215
-19.672816	-15.314427	517.060547	237.505173
-19.672816	-15.314427	515.199219	121.422218
-19.672816	-15.314427	513.339844	113.300072
-19.672816	-15.314427	511.478516	76.863647
-19.672816	-15.314427	509.615234	71.452461
-19.672816	-15.314427	507.753906	62.000381
-19.672816	-15.314427	505.890625	59.290401
-19.672816	-15.314427	504.027344	63.317646
-19.672816	-15.314427	502.164063	59.261787
-19.672816	-15.314427	500.300781	72.712822
-19.672816	-15.314427	498.435547	67.310432
-19.672816	-15.314427	496.570313	60.564762
-19.672816	-15.314427	494.705078	49.785671
-19.672816	-15.314427	492.839844	57.845051
-19.672816	-15.314427	490.972656	52.451447
-19.672816	-15.314427	489.107422	63.195450
-19.672816	-15.314427	487.240234	45.704815
-19.672816	-15.314427	485.371094	49.725574
-19.672816	-15.314427	483.503906	44.339123
-19.672816	-15.314427	481.634766	48.358265
-19.672816	-15.314427	479.765625	52.375462
-19.672816	-15.314427	477.896484	41.621716
-19.672816	-15.314427	476.027344	26.846230
-19.672816	-15.314427	474.156250	36.233650
-19.672816	-15.314427	472.285156	37.566555
-19.672816	-15.314427	470.414063	40.240150
-19.672816	-15.314427	468.542969	30.843323
-19.672816	-15.314427	466.669922	26.813795
-19.672816	-15.314427	464.796875	30.828407
-19.672816	-15.314427	462.923828	34.841076
-19.672816	-15.314427	461.050781	32.153214
-19.672816	-15.314427	459.177734	24.109077
-19.672816	-15.314427	457.302734	33.476730
-19.672816	-15.314427	455.427734	26.774906
-19.672816	-15.314427	453.552734	33.460533
-19.672816	-15.314427	451.675781	32.114342
-19.672816	-15.314427	449.800781	33.444344
-19.672816	-15.314427	447.923828	21.399199
-19.672816	-15.314427	446.046875	36.102409
-19.672816	-15.314427	444.169922	28.072855
-19.672816	-15.314427	442.291016	33.411976
-19.672816	-15.314427	440.412109	30.731575
-19.672816	-15.314427	438.533203	30.724134
-19.672816	-15.314427	436.654297	33.387714
-19.672816	-15.314427	434.773438	32.044445
-19.672816	-15.314427	432.894531	34.706406
-19.672816	-15.314427	431.013672	25.356232
-19.672816	-15.314427	429.130859	28.018520
-19.672816	-15.314427	427.250000	32.013412
-19.672816	-15.314427	425.367188	29.338518
-19.672816	-15.314427	423.484375	25.331673
-19.672816	-15.314427	421.601563	25.325535
-19.672816	-15.314427	419.718750	27.984600
-19.672816	-15.314427	417.833984	29.310095
-19.672816	-15.314427	415.949219	29.302992
-19.672816	-15.314427	414.064453	27.964260
-19.672816	-15.314427	412.179688	30.620100
-19.672816	-15.314427	410.294922	25.288734
-19.672816	-15.314427	408.408203	22.621277
-19.672816	-15.314427	406.521484	31.928179
-19.672816	-15.314427	404.634766	38.570530
-19.672816	-15.314427	402.746094	47.869049
-19.672816	-15.314427	400.857422	59.821804
-19.672816	-15.314427	398.968750	90.375473
-19.672816	-15.314427	397.080078	90.353561
-19.672816	-15.314427	395.191406	83.689613
-19.672816	-15.314427	393.300781	77.028893
-19.672816	-15.314427	391.410156	67.715874
-19.672816	-15.314427	389.519531	66.372009
-19.672816	-15.314427	387.628906	57.066086
-19.672816	-15.314427	385.736328	62.359425
-19.672816	-15.314427	383.843750	53.058975
-19.672816	-15.314427	381.951172	58.350716
-19.672816	-15.314427	380.058594	55.684895
-19.672816	-15.314427	378.164063	64.949951
-19.672816	-15.314427	376.271484	68.909752
-19.672816	-15.314427	374.376953	79.491959
-19.672816	-15.314427	372.480469	76.823578
-19.672816	-15.314427	370.585938	70.183815
-19.672816	-15.314427	368.689453	56.927765
-19.672816	-15.314427	366.792969	52.943207
-19.672816	-15.314427	364.896484	52.930355
-19.672816	-15.314427	363.000000	60.855133
-19.672816	-15.314427	361.101563	63.485596
-19.672816	-15.314427	359.203125	64.792480
-19.672816	-15.314427	357.304688	55.522926
-19.672816	-15.314427	355.406250	58.152752
-19.672816	-15.314427	353.505859	43.603973
-19.672816	-15.314427	351.605469	54.161480
-19.672816	-15.314427	349.705078	51.506947
-19.672816	-15.314427	347.804688	34.329624
-19.672816	-15.314427	345.902344	58.082180
-19.672816	-15.314427	344.001953	47.510242
-19.672816	-15.314427	342.099609	50.137520
-19.672816	-15.314427	340.195313	47.487167
-19.672816	-15.314427	338.292969	54.069473
-19.672816	-15.314427	336.388672	43.508759
-19.672816	-15.314427	334.484375	39.543812
-19.672816	-15.314427	332.580078	36.898590
-19.672816	-15.314427	330.675781	36.889626
-19.672816	-15.314427	328.769531	34.246330
-19.672816	-15.314427	326.863281	36.871704
-19.672816	-15.314427	324.957031	42.128853
-19.672816	-15.314427	323.048828	44.751030
-19.672816	-15.314427	321.142578	40.792496
-19.672816	-15.314427	319.234375	36.835884
-19.672816	-15.314427	317.326172	39.457428
-19.672816	-15.314427	315.417969	39.447838
-19.672816	-15.314427	313.507813	36.809036
-19.672816	-15.314427	311.597656	38.114380
-19.672816	-15.314427	309.687500	34.163208
-19.672816	-15.314427	307.777344	31.527607
-19.672816	-15.314427	305.865234	26.266621
-19.672816	-15.314427	303.955078	31.512283
-19.672816	-15.314427	302.042969	35.442703
-19.672816	-15.314427	300.128906	31.496967
-19.672816	-15.314427	298.216797	28.865202
-19.672816	-15.314427	296.302734	34.105129
-19.672816	-15.314427	294.388672	36.719673
-19.672816	-15.314427	292.474609	35.399651
-19.672816	-15.314427	290.560547	41.944942
-19.672816	-15.314427	288.644531	47.176590
-19.672816	-15.314427	286.728516	60.266541
-19.672816	-15.314427	284.812500	44.534008
-19.672816	-15.314427	282.896484	57.618233
-19.672816	-15.314427	280.978516	64.150162
-19.672816	-15.314427	279.060547	64.134567
-19.672816	-15.314427	277.142578	51.033470
-19.672816	-15.314427	275.224609	57.562225
-19.672816	-15.314427	273.304688	68.011543
-19.672816	-15.314427	271.384766	75.840584
-19.672816	-15.314427	269.464844	87.587654
-19.672816	-15.314427	267.544922	95.408127
-19.672816	-15.314427	265.623047	133.277573
-19.672816	-15.314427	263.703125	219.462631
-19.672816	-15.314427	261.781250	305.605774
-19.672816	-15.314427	259.857422	285.946106
-19.672816	-15.314427	257.935547	276.738983
-19.672816	-15.314427	256.011719	237.520035
-19.672816	-15.314427	254.087891	272.690216
-19.672816	-15.314427	252.164063	679.603149
-19.672816	-15.314427	250.240234	1833.569458
-19.672816	-15.314427	248.314453	1799.225220
-19.672816	-15.314427	246.388672	784.688538
-19.672816	-15.314427	244.462891	357.063751
-19.672816	-15.314427	242.535156	242.327423
-19.672816	-15.314427	240.609375	166.722412
-19.672816	-15.314427	238.681641	147.148834
-19.672816	-15.314427	236.753906	128.886658
-19.672816	-15.314427	234.824219	119.744347
-19.672816	-15.314427	232.896484	98.895187
-19.672816	-15.314427	230.966797	81.958977
-19.672816	-15.314427	229.037109	83.239670
-19.672816	-15.314427	227.107422	80.618820
-19.672816	-15.314427	225.175781	80.599220
-19.672816	-15.314427	223.244141	96.175682
-19.672816	-15.314427	221.312500	92.254234
-19.672816	-15.314427	219.380859	94.829880
-19.672816	-15.314427	217.447266	85.715759
-19.672816	-15.314427	215.515625	84.396515
-19.672816	-15.314427	213.582031	72.693161
-19.672816	-15.314427	211.646484	62.293278
-19.672816	-15.314427	209.712891	64.873055
-19.672816	-15.314427	207.777344	55.777267
-19.672816	-15.314427	205.841797	57.060535
-19.672816	-15.314427	203.906250	44.081512
-19.672816	-15.314427	201.968750	36.293598
-19.672816	-15.314427	200.033203	37.580662
-19.672816	-15.314427	198.095703	31.093676
-19.672816	-15.314427	196.158203	33.676628
-19.672816	-15.314427	194.218750	31.078562
-19.672816	-15.314427	192.281250	32.365635
-19.672816	-15.314427	190.341797	29.769146
-19.672816	-15.314427	188.402344	37.525887
-19.672816	-15.314427	186.460938	32.342041
-19.672816	-15.314427	184.521484	28.454077
-19.672816	-15.314427	182.580078	32.326321
-19.672816	-15.314427	180.638672	29.732986
-19.672816	-15.314427	178.695313	21.971214
-19.672816	-15.314427	176.753906	27.134317
-19.672816	-15.314427	174.810547	29.711315
-19.672816	-15.314427	172.867188	25.829649
-19.672816	-15.314427	170.921875	30.988047
-19.672816	-15.314427	168.978516	33.562229
-19.672816	-15.314427	167.033203	33.554073
-19.672816	-15.314427	165.087891	27.094782
-19.672816	-15.314427	163.142578	30.957941
-19.672816	-15.314427	161.195313	36.108826
-19.672816	-15.314427	159.248047	33.521477
-19.672816	-15.314427	157.300781	38.669231
-19.672816	-15.314427	155.353516	47.680466
-19.672816	-15.314427	153.406250	38.650448
-19.672816	-15.314427	151.457031	41.217129
-19.672816	-15.314427	149.507813	43.782566
-19.672816	-15.314427	147.558594	45.059341
-19.672816	-15.314427	145.607422	34.751621
-19.672816	-15.314427	143.658203	41.177105
-19.672816	-15.314427	141.707031	48.885937
-19.672816	-15.314427	139.753906	61.735661
-19.672816	-15.314427	137.802734	65.578217
-19.672816	-15.314427	135.849609	61.705685
-19.672816	-15.314427	133.896484	59.120258
-19.672816	-15.314427	131.943359	55.251171
-19.672816	-15.314427	129.990234	61.660755
-19.672816	-15.314427	128.035156	46.234341
-19.672816	-15.314427	126.080078	42.371193
-19.672816	-15.314427	124.125000	48.779224
-19.672816	-15.314427	122.169922	53.900795
-19.672816	-15.314427	120.212891	50.038593
-19.672816	-15.314427	118.255859	62.853745
-19.672816	-15.314427	116.298828	48.731892
-19.672816	-15.314427	114.341797	51.284279
-19.672816	-15.314427	112.382813	51.271839
-19.672816	-15.314427	110.423828	38.444550
-19.672816	-15.314427	108.464844	28.185829
-19.672816	-15.314427	106.505859	25.617266
-19.672816	-15.314427	104.544922	24.330500
-19.672816	-15.314427	102.585938	11.522178
-19.672816	-15.314427	100.625000	2.559863
-19.672816	-15.314427	98.662109	5.118484
-19.672816	-15.314427	96.701172	5.117243
-19.672816	-15.314427	94.738281	1.279001
-19.672816	-15.314427	92.775391	1.278690
-19.672816	-15.314427	90.812500	2.556761
-19.672816	-15.314427	88.847656	1.278070
-19.672816	-15.314427	86.882813	3.833282
-19.672816	-15.314427	84.917969	0.000000
-19.672816	-15.314427	82.953125	2.554283
-19.672816	-15.314427	80.988281	1.276832
-19.672816	-15.314427	79.021484	2.553045
-19.672816	-15.314427	77.054688	1.276213
-19.672816	-15.314427	75.087891	2.551808
-19.672816	-15.314427	73.119141	1.275595
-19.672816	-15.314427	71.152344	3.825857
-19.672816	-15.314427	69.183594	1.274977
-19.672816	-15.314427	67.212891	2.549336
-19.672816	-15.314427	65.244141	0.000000
-19.672816	-15.314427	63.273438	0.000000
-19.672816	-15.314427	61.302734	3.821227
-19.672816	-15.314427	59.332031	1.273434
-16.672816	-15.314427	1838.626953	19.285784
-16.672816	-15.314427	1837.066406	19.285784
-16.672816	-15.314427	1835.503906	19.281679
-16.672816	-15.314427	1833.941406	22.490505
-16.672816	-15.314427	1832.378906	32.122456
-16.672816	-15.314427	1830.816406	24.086716
-16.672816	-15.314427	1829.251953	25.687029
-16.672816	-15.314427	1827.687500	28.891758
-16.672816	-15.314427	1826.125000	24.071342
-16.672816	-15.314427	1824.560547	24.066219
-16.672816	-15.314427	1822.994141	22.457024
-16.672816	-15.314427	1821.429688	25.659708
-16.672816	-15.314427	1819.865234	20.844076
-16.672816	-15.314427	1818.298828	20.839640
-16.672816	-15.314427	1816.732422	27.246035
-16.672816	-15.314427	1815.166016	25.637869
-16.672816	-15.314427	1813.599609	22.428360
-16.672816	-15.314427	1812.033203	20.821901
-16.672816	-15.314427	1810.464844	36.830906
-16.672816	-15.314427	1808.896484	19.212034
-16.672816	-15.314427	1807.330078	24.009932
-16.672816	-15.314427	1805.759766	30.406105
-16.672816	-15.314427	1804.191406	33.599594
-16.672816	-15.314427	1802.623047	27.193880
-16.672816	-15.314427	1801.052734	33.585289
-16.672816	-15.314427	1799.484375	22.385424
-16.672816	-15.314427	1797.914063	23.979277
-16.672816	-15.314427	1796.343750	30.367283
-16.672816	-15.314427	1794.771484	22.371128
-16.672816	-15.314427	1793.201172	20.768766
-16.672816	-15.314427	1791.628906	25.556114
-16.672816	-15.314427	1790.058594	22.356838
-16.672816	-15.314427	1788.486328	28.738384
-16.672816	-15.314427	1786.914063	20.751080
-16.672816	-15.314427	1785.339844	22.342556
-16.672816	-15.314427	1783.767578	22.337797
-16.672816	-15.314427	1782.193359	25.523474
-16.672816	-15.314427	1780.621094	15.948772
-16.672816	-15.314427	1779.046875	23.918062
-16.672816	-15.314427	1777.470703	28.695560
-16.672816	-15.314427	1775.896484	30.283304
-16.672816	-15.314427	1774.322266	17.528704
-16.672816	-15.314427	1772.746094	30.270401
-16.672816	-15.314427	1771.169922	28.671110
-16.672816	-15.314427	1769.593750	20.702501
-16.672816	-15.314427	1768.017578	30.251053
-16.672816	-15.314427	1766.441406	27.060963
-16.672816	-15.314427	1764.863281	23.872231
-16.672816	-15.314427	1763.287109	25.458286
-16.672816	-15.314427	1761.708984	33.406879
-16.672816	-15.314427	1760.130859	19.085575
-16.672816	-15.314427	1758.552734	20.671633
-16.672816	-15.314427	1756.972656	14.308079
-16.672816	-15.314427	1755.394531	23.841713
-16.672816	-15.314427	1753.814453	25.425739
-16.672816	-15.314427	1752.234375	28.597857
-16.672816	-15.314427	1750.654297	34.945484
-16.672816	-15.314427	1749.074219	26.997568
-16.672816	-15.314427	1747.492188	31.755072
-16.672816	-15.314427	1745.912109	23.811224
-16.672816	-15.314427	1744.330078	33.328602
-16.672816	-15.314427	1742.748047	17.454117
-16.672816	-15.314427	1741.166016	26.968788
-16.672816	-15.314427	1739.583984	28.549095
-16.672816	-15.314427	1738.000000	31.714449
-16.672816	-15.314427	1736.417969	23.780762
-16.672816	-15.314427	1734.833984	20.605597
-16.672816	-15.314427	1733.250000	22.185905
-16.672816	-15.314427	1731.666016	23.765541
-16.672816	-15.314427	1730.082031	23.760468
-16.672816	-15.314427	1728.496094	25.339090
-16.672816	-15.314427	1726.912109	22.166971
-16.672816	-15.314427	1725.326172	23.745255
-16.672816	-15.314427	1723.740234	22.157507
-16.672816	-15.314427	1722.154297	23.735117
-16.672816	-15.314427	1720.566406	23.730049
-16.672816	-15.314427	1718.980469	23.724981
-16.672816	-15.314427	1717.392578	22.138586
-16.672816	-15.314427	1715.804688	18.971878
-16.672816	-15.314427	1714.216797	20.548479
-16.672816	-15.314427	1712.628906	25.285032
-16.672816	-15.314427	1711.041016	22.119677
-16.672816	-15.314427	1709.451172	26.853870
-16.672816	-15.314427	1707.861328	25.268829
-16.672816	-15.314427	1706.271484	30.000324
-16.672816	-15.314427	1704.681641	23.679405
-16.672816	-15.314427	1703.091797	29.987503
-16.672816	-15.314427	1701.501953	29.981092
-16.672816	-15.314427	1699.910156	20.508995
-16.672816	-15.314427	1698.318359	18.927332
-16.672816	-15.314427	1696.726563	28.384930
-16.672816	-15.314427	1695.134766	28.378860
-16.672816	-15.314427	1693.542969	26.796526
-16.672816	-15.314427	1691.949219	22.063007
-16.672816	-15.314427	1690.357422	28.360657
-16.672816	-15.314427	1688.763672	22.053572
-16.672816	-15.314427	1687.169922	26.773607
-16.672816	-15.314427	1685.576172	23.618717
-16.672816	-15.314427	1683.982422	26.762154
-16.672816	-15.314427	1682.386719	28.330334
-16.672816	-15.314427	1680.791016	25.177130
-16.672816	-15.314427	1679.195313	25.171741
-16.672816	-15.314427	1677.599609	31.457943
-16.672816	-15.314427	1676.003906	29.878649
-16.672816	-15.314427	1674.408203	20.438910
-16.672816	-15.314427	1672.810547	23.578308
-16.672816	-15.314427	1671.214844	20.430159
-16.672816	-15.314427	1669.617188	23.568213
-16.672816	-15.314427	1668.019531	20.421410
-16.672816	-15.314427	1666.419922	21.987577
-16.672816	-15.314427	1664.822266	18.842457
-16.672816	-15.314427	1663.222656	23.548025
-16.672816	-15.314427	1661.623047	18.834385
-16.672816	-15.314427	1660.023438	17.261154
-16.672816	-15.314427	1658.423828	21.964033
-16.672816	-15.314427	1656.824219	25.096373
-16.672816	-15.314427	1655.222656	23.522806
-16.672816	-15.314427	1653.623047	29.789167
-16.672816	-15.314427	1652.021484	21.945208
-16.672816	-15.314427	1650.419922	23.507681
-16.672816	-15.314427	1648.818359	23.502640
-16.672816	-15.314427	1647.214844	23.497599
-16.672816	-15.314427	1645.613281	21.926390
-16.672816	-15.314427	1644.009766	26.619190
-16.672816	-15.314427	1642.406250	26.613480
-16.672816	-15.314427	1640.802734	25.042606
-16.672816	-15.314427	1639.199219	18.777925
-16.672816	-15.314427	1637.593750	20.338387
-16.672816	-15.314427	1635.990234	20.334021
-16.672816	-15.314427	1634.384766	21.893476
-16.672816	-15.314427	1632.779297	26.579229
-16.672816	-15.314427	1631.173828	20.320929
-16.672816	-15.314427	1629.568359	23.442190
-16.672816	-15.314427	1627.960938	24.999634
-16.672816	-15.314427	1626.353516	15.621415
-16.672816	-15.314427	1624.748047	20.303478
-16.672816	-15.314427	1623.140625	26.544998
-16.672816	-15.314427	1621.531250	26.539295
-16.672816	-15.314427	1619.923828	26.533592
-16.672816	-15.314427	1618.314453	32.769745
-16.672816	-15.314427	1616.707031	28.082317
-16.672816	-15.314427	1615.097656	28.076281
-16.672816	-15.314427	1613.488281	18.713497
-16.672816	-15.314427	1611.878906	17.150351
-16.672816	-15.314427	1610.267578	24.940599
-16.672816	-15.314427	1608.656250	31.169044
-16.672816	-15.314427	1607.046875	18.697405
-16.672816	-15.314427	1605.435547	29.597855
-16.672816	-15.314427	1603.824219	24.919147
-16.672816	-15.314427	1602.210938	15.571116
-16.672816	-15.314427	1600.599609	23.351648
-16.672816	-15.314427	1598.986328	18.677298
-16.672816	-15.314427	1597.373047	29.566023
-16.672816	-15.314427	1595.759766	26.448114
-16.672816	-15.314427	1594.146484	24.886984
-16.672816	-15.314427	1592.533203	20.216320
-16.672816	-15.314427	1590.917969	21.766733
-16.672816	-15.314427	1589.302734	29.534203
-16.672816	-15.314427	1587.687500	32.636032
-16.672816	-15.314427	1586.072266	27.967716
-16.672816	-15.314427	1584.457031	23.301409
-16.672816	-15.314427	1582.839844	23.296387
-16.672816	-15.314427	1581.224609	31.055153
-16.672816	-15.314427	1579.607422	15.524229
-16.672816	-15.314427	1577.990234	24.833412
-16.672816	-15.314427	1576.373047	26.379810
-16.672816	-15.314427	1574.755859	20.168446
-16.672816	-15.314427	1573.136719	15.510843
-16.672816	-15.314427	1571.517578	26.362745
-16.672816	-15.314427	1569.898438	27.907473
-16.672816	-15.314427	1568.279297	24.801289
-16.672816	-15.314427	1566.660156	20.146698
-16.672816	-15.314427	1565.041016	23.241173
-16.672816	-15.314427	1563.419922	20.138002
-16.672816	-15.314427	1561.798828	21.682398
-16.672816	-15.314427	1560.177734	17.032490
-16.672816	-15.314427	1558.556641	21.673035
-16.672816	-15.314427	1556.935547	21.668352
-16.672816	-15.314427	1555.312500	15.474051
-16.672816	-15.314427	1553.691406	24.753132
-16.672816	-15.314427	1552.068359	20.107574
-16.672816	-15.314427	1550.445313	23.196033
-16.672816	-15.314427	1548.822266	26.283155
-16.672816	-15.314427	1547.197266	24.731739
-16.672816	-15.314427	1545.574219	26.271791
-16.672816	-15.314427	1543.949219	20.085850
-16.672816	-15.314427	1542.324219	20.081505
-16.672816	-15.314427	1540.699219	24.710352
-16.672816	-15.314427	1539.072266	26.249069
-16.672816	-15.314427	1537.447266	26.243389
-16.672816	-15.314427	1535.820313	13.890553
-16.672816	-15.314427	1534.193359	16.973667
-16.672816	-15.314427	1532.566406	18.512720
-16.672816	-15.314427	1530.939453	23.135889
-16.672816	-15.314427	1529.312500	20.046762
-16.672816	-15.314427	1527.683594	26.209320
-16.672816	-15.314427	1526.056641	27.745033
-16.672816	-15.314427	1524.427734	18.492682
-16.672816	-15.314427	1522.798828	13.866507
-16.672816	-15.314427	1521.167969	20.025057
-16.672816	-15.314427	1519.539063	23.100828
-16.672816	-15.314427	1517.908203	24.635542
-16.672816	-15.314427	1516.277344	20.012037
-16.672816	-15.314427	1514.646484	15.390537
-16.672816	-15.314427	1513.015625	21.542078
-16.672816	-15.314427	1511.384766	23.075792
-16.672816	-15.314427	1509.751953	23.070786
-16.672816	-15.314427	1508.121094	19.990343
-16.672816	-15.314427	1506.488281	21.523390
-16.672816	-15.314427	1504.855469	19.981667
-16.672816	-15.314427	1503.220703	23.050764
-16.672816	-15.314427	1501.587891	15.363839
-16.672816	-15.314427	1499.953125	19.968655
-16.672816	-15.314427	1498.318359	27.642900
-16.672816	-15.314427	1496.683594	21.495363
-16.672816	-15.314427	1495.048828	16.885544
-16.672816	-15.314427	1493.414063	21.486023
-16.672816	-15.314427	1491.777344	24.550119
-16.672816	-15.314427	1490.140625	30.680977
-16.672816	-15.314427	1488.505859	16.870869
-16.672816	-15.314427	1486.867188	21.467346
-16.672816	-15.314427	1485.230469	19.929630
-16.672816	-15.314427	1483.593750	21.458010
-16.672816	-15.314427	1481.955078	13.791433
-16.672816	-15.314427	1480.316406	19.916626
-16.672816	-15.314427	1478.677734	21.444006
-16.672816	-15.314427	1477.039063	24.502100
-16.672816	-15.314427	1475.400391	22.965719
-16.672816	-15.314427	1473.759766	32.145004
-16.672816	-15.314427	1472.119141	24.486099
-16.672816	-15.314427	1470.478516	18.360575
-16.672816	-15.314427	1468.837891	21.416004
-16.672816	-15.314427	1467.197266	18.352575
-16.672816	-15.314427	1465.556641	18.348576
-16.672816	-15.314427	1463.914063	21.402006
-16.672816	-15.314427	1462.271484	21.397341
-16.672816	-15.314427	1460.628906	22.920725
-16.672816	-15.314427	1458.986328	18.332581
-16.672816	-15.314427	1457.343750	25.965492
-16.672816	-15.314427	1455.699219	29.013926
-16.672816	-15.314427	1454.054688	27.480879
-16.672816	-15.314427	1452.410156	18.316587
-16.672816	-15.314427	1450.765625	24.416786
-16.672816	-15.314427	1449.121094	18.308592
-16.672816	-15.314427	1447.474609	24.406128
-16.672816	-15.314427	1445.830078	19.825647
-16.672816	-15.314427	1444.183594	21.346035
-16.672816	-15.314427	1442.537109	18.292604
-16.672816	-15.314427	1440.890625	22.860760
-16.672816	-15.314427	1439.242188	21.332047
-16.672816	-15.314427	1437.595703	19.803999
-16.672816	-15.314427	1435.947266	25.891876
-16.672816	-15.314427	1434.298828	16.749905
-16.672816	-15.314427	1432.650391	16.746241
-16.672816	-15.314427	1431.000000	16.742579
-16.672816	-15.314427	1429.351563	21.304073
-16.672816	-15.314427	1427.701172	31.949120
-16.672816	-15.314427	1426.050781	21.294752
-16.672816	-15.314427	1424.400391	24.331532
-16.672816	-15.314427	1422.750000	24.326204
-16.672816	-15.314427	1421.097656	22.800823
-16.672816	-15.314427	1419.447266	22.795830
-16.672816	-15.314427	1417.794922	25.829615
-16.672816	-15.314427	1416.142578	22.785845
-16.672816	-15.314427	1414.490234	27.337021
-16.672816	-15.314427	1412.835938	21.257467
-16.672816	-15.314427	1411.183594	24.288923
-16.672816	-15.314427	1409.529297	21.248148
-16.672816	-15.314427	1407.875000	19.726097
-16.672816	-15.314427	1406.220703	30.341187
-16.672816	-15.314427	1404.566406	21.234171
-16.672816	-15.314427	1402.910156	22.745907
-16.672816	-15.314427	1401.255859	24.256975
-16.672816	-15.314427	1399.599609	24.251652
-16.672816	-15.314427	1397.943359	24.246328
-16.672816	-15.314427	1396.287109	22.725941
-16.672816	-15.314427	1394.628906	24.235680
-16.672816	-15.314427	1392.970703	24.230356
-16.672816	-15.314427	1391.314453	25.739098
-16.672816	-15.314427	1389.656250	22.705978
-16.672816	-15.314427	1387.998047	13.620593
-16.672816	-15.314427	1386.337891	30.261332
-16.672816	-15.314427	1384.679688	27.229210
-16.672816	-15.314427	1383.019531	27.223223
-16.672816	-15.314427	1381.359375	19.656891
-16.672816	-15.314427	1379.699219	19.652567
-16.672816	-15.314427	1378.039063	19.648243
-16.672816	-15.314427	1376.376953	18.132849
-16.672816	-15.314427	1374.716797	18.128857
-16.672816	-15.314427	1373.054688	22.656082
-16.672816	-15.314427	1371.392578	18.120874
-16.672816	-15.314427	1369.728516	25.665586
-16.672816	-15.314427	1368.066406	22.641117
-16.672816	-15.314427	1366.402344	13.581677
-16.672816	-15.314427	1364.740234	22.631140
-16.672816	-15.314427	1363.076172	21.117743
-16.672816	-15.314427	1361.412109	18.096931
-16.672816	-15.314427	1359.746094	19.600687
-16.672816	-15.314427	1358.082031	21.103777
-16.672816	-15.314427	1356.416016	21.099121
-16.672816	-15.314427	1354.750000	31.641699
-16.672816	-15.314427	1353.083984	21.089811
-16.672816	-15.314427	1351.417969	22.591240
-16.672816	-15.314427	1349.750000	27.103502
-16.672816	-15.314427	1348.083984	24.086683
-16.672816	-15.314427	1346.416016	16.555937
-16.672816	-15.314427	1344.748047	19.561787
-16.672816	-15.314427	1343.078125	12.035362
-16.672816	-15.314427	1341.410156	21.057230
-16.672816	-15.314427	1339.740234	12.030044
-16.672816	-15.314427	1338.072266	16.537653
-16.672816	-15.314427	1336.402344	16.533997
-16.672816	-15.314427	1334.730469	25.546890
-16.672816	-15.314427	1333.060547	13.521832
-16.672816	-15.314427	1331.388672	19.527214
-16.672816	-15.314427	1329.718750	21.024654
-16.672816	-15.314427	1328.046875	15.014287
-16.672816	-15.314427	1326.375000	19.514252
-16.672816	-15.314427	1324.701172	19.509932
-16.672816	-15.314427	1323.029297	15.004316
-16.672816	-15.314427	1321.355469	21.001390
-16.672816	-15.314427	1319.681641	19.496971
-16.672816	-15.314427	1318.007813	17.993216
-16.672816	-15.314427	1316.333984	28.482944
-16.672816	-15.314427	1314.660156	29.975399
-16.672816	-15.314427	1312.984375	17.981253
-16.672816	-15.314427	1311.308594	17.977264
-16.672816	-15.314427	1309.632813	20.968822
-16.672816	-15.314427	1307.957031	17.969290
-16.672816	-15.314427	1306.279297	28.445061
-16.672816	-15.314427	1304.603516	17.961315
-16.672816	-15.314427	1302.925781	17.957327
-16.672816	-15.314427	1301.248047	22.441675
-16.672816	-15.314427	1299.570313	22.436691
-16.672816	-15.314427	1297.892578	19.440813
-16.672816	-15.314427	1296.212891	19.436495
-16.672816	-15.314427	1294.533203	22.421740
-16.672816	-15.314427	1292.853516	23.911207
-16.672816	-15.314427	1291.173828	20.917654
-16.672816	-15.314427	1289.494141	20.913004
-16.672816	-15.314427	1287.812500	22.401806
-16.672816	-15.314427	1286.132813	23.889944
-16.672816	-15.314427	1284.451172	19.406261
-16.672816	-15.314427	1282.769531	19.401943
-16.672816	-15.314427	1281.085938	26.858250
-16.672816	-15.314427	1279.404297	20.885099
-16.672816	-15.314427	1277.720703	23.863369
-16.672816	-15.314427	1276.039063	14.911284
-16.672816	-15.314427	1274.355469	17.889555
-16.672816	-15.314427	1272.669922	20.866497
-16.672816	-15.314427	1270.986328	22.351978
-16.672816	-15.314427	1269.300781	19.367397
-16.672816	-15.314427	1267.615234	29.789352
-16.672816	-15.314427	1265.929688	17.869625
-16.672816	-15.314427	1264.244141	22.332050
-16.672816	-15.314427	1262.558594	23.815538
-16.672816	-15.314427	1260.871094	16.369530
-16.672816	-15.314427	1259.185547	16.365875
-16.672816	-15.314427	1257.498047	25.287071
-16.672816	-15.314427	1255.808594	20.819998
-16.672816	-15.314427	1254.121094	22.302158
-16.672816	-15.314427	1252.433594	26.756613
-16.672816	-15.314427	1250.744141	17.833755
-16.672816	-15.314427	1249.054688	22.287214
-16.672816	-15.314427	1247.365234	23.767715
-16.672816	-15.314427	1245.673828	16.336651
-16.672816	-15.314427	1243.984375	23.757088
-16.672816	-15.314427	1242.292969	17.813831
-16.672816	-15.314427	1240.601563	29.683077
-16.672816	-15.314427	1238.910156	23.741148
-16.672816	-15.314427	1237.218750	25.219326
-16.672816	-15.314427	1235.525391	23.730522
-16.672816	-15.314427	1233.833984	16.311081
-16.672816	-15.314427	1232.140625	20.754910
-16.672816	-15.314427	1230.447266	31.125391
-16.672816	-15.314427	1228.753906	22.227442
-16.672816	-15.314427	1227.058594	29.629950
-16.672816	-15.314427	1225.365234	25.179811
-16.672816	-15.314427	1223.669922	22.212502
-16.672816	-15.314427	1221.974609	17.766016
-16.672816	-15.314427	1220.277344	25.162878
-16.672816	-15.314427	1218.582031	20.717722
-16.672816	-15.314427	1216.884766	22.192579
-16.672816	-15.314427	1215.189453	26.625120
-16.672816	-15.314427	1213.492188	17.746096
-16.672816	-15.314427	1211.792969	22.177639
-16.672816	-15.314427	1210.095703	22.172659
-16.672816	-15.314427	1208.396484	20.689835
-16.672816	-15.314427	1206.699219	22.162701
-16.672816	-15.314427	1205.000000	23.634901
-16.672816	-15.314427	1203.298828	26.583288
-16.672816	-15.314427	1201.599609	17.718208
-16.672816	-15.314427	1199.900391	14.761854
-16.672816	-15.314427	1198.199219	23.613655
-16.672816	-15.314427	1196.498047	20.657301
-16.672816	-15.314427	1194.796875	16.227085
-16.672816	-15.314427	1193.093750	19.173149
-16.672816	-15.314427	1191.392578	25.066936
-16.672816	-15.314427	1189.689453	23.587099
-16.672816	-15.314427	1187.986328	23.581789
-16.672816	-15.314427	1186.283203	23.576477
-16.672816	-15.314427	1184.580078	23.571167
-16.672816	-15.314427	1182.875000	23.565855
-16.672816	-15.314427	1181.169922	23.560545
-16.672816	-15.314427	1179.464844	27.971840
-16.672816	-15.314427	1177.759766	19.134314
-16.672816	-15.314427	1176.054688	29.430765
-16.672816	-15.314427	1174.347656	27.952921
-16.672816	-15.314427	1172.642578	23.533991
-16.672816	-15.314427	1170.935547	19.117054
-16.672816	-15.314427	1169.228516	20.582951
-16.672816	-15.314427	1167.519531	24.987940
-16.672816	-15.314427	1165.812500	32.330032
-16.672816	-15.314427	1164.103516	30.853516
-16.672816	-15.314427	1162.394531	24.971014
-16.672816	-15.314427	1160.685547	26.433922
-16.672816	-15.314427	1158.976563	23.491510
-16.672816	-15.314427	1157.265625	16.146763
-16.672816	-15.314427	1155.556641	14.675556
-16.672816	-15.314427	1153.845703	13.205014
-16.672816	-15.314427	1152.134766	26.404055
-16.672816	-15.314427	1150.423828	17.598721
-16.672816	-15.314427	1148.710938	26.392109
-16.672816	-15.314427	1146.998047	23.454342
-16.672816	-15.314427	1145.287109	23.449032
-16.672816	-15.314427	1143.572266	19.048025
-16.672816	-15.314427	1141.859375	27.833117
-16.672816	-15.314427	1140.146484	23.433105
-16.672816	-15.314427	1138.431641	24.892033
-16.672816	-15.314427	1136.716797	20.494675
-16.672816	-15.314427	1135.001953	16.099310
-16.672816	-15.314427	1133.287109	17.558901
-16.672816	-15.314427	1131.570313	24.869469
-16.672816	-15.314427	1129.855469	20.476093
-16.672816	-15.314427	1128.138672	21.933695
-16.672816	-15.314427	1126.421875	24.852547
-16.672816	-15.314427	1124.703125	23.385324
-16.672816	-15.314427	1122.986328	20.457514
-16.672816	-15.314427	1121.267578	24.835627
-16.672816	-15.314427	1119.548828	16.066462
-16.672816	-15.314427	1117.830078	17.523067
-16.672816	-15.314427	1116.111328	23.358782
-16.672816	-15.314427	1114.392578	13.136329
-16.672816	-15.314427	1112.671875	18.970385
-16.672816	-15.314427	1110.951172	13.130357
-16.672816	-15.314427	1109.230469	20.420355
-16.672816	-15.314427	1107.509766	26.248772
-16.672816	-15.314427	1105.787109	26.242800
-16.672816	-15.314427	1104.066406	18.948820
-16.672816	-15.314427	1102.343750	26.230858
-16.672816	-15.314427	1100.621094	17.483257
-16.672816	-15.314427	1098.896484	20.392488
-16.672816	-15.314427	1097.173828	13.106472
-16.672816	-15.314427	1095.449219	18.927258
-16.672816	-15.314427	1093.724609	17.467335
-16.672816	-15.314427	1092.000000	23.284472
-16.672816	-15.314427	1090.275391	20.369268
-16.672816	-15.314427	1088.550781	17.455393
-16.672816	-15.314427	1086.824219	17.451412
-16.672816	-15.314427	1085.097656	21.809290
-16.672816	-15.314427	1083.371094	24.711557
-16.672816	-15.314427	1081.644531	18.892761
-16.672816	-15.314427	1079.916016	27.606195
-16.672816	-15.314427	1078.189453	20.336763
-16.672816	-15.314427	1076.460938	15.975237
-16.672816	-15.314427	1074.732422	27.587290
-16.672816	-15.314427	1073.001953	26.129358
-16.672816	-15.314427	1071.273438	24.672089
-16.672816	-15.314427	1069.542969	29.019354
-16.672816	-15.314427	1067.812500	17.407633
-16.672816	-15.314427	1066.082031	21.754566
-16.672816	-15.314427	1064.351563	14.499727
-16.672816	-15.314427	1062.619141	20.294975
-16.672816	-15.314427	1060.888672	15.942405
-16.672816	-15.314427	1059.156250	15.938757
-16.672816	-15.314427	1057.421875	20.281048
-16.672816	-15.314427	1055.689453	26.069664
-16.672816	-15.314427	1053.957031	18.823780
-16.672816	-15.314427	1052.222656	18.819469
-16.672816	-15.314427	1050.488281	23.157118
-16.672816	-15.314427	1048.753906	21.704824
-16.672816	-15.314427	1047.019531	21.699850
-16.672816	-15.314427	1045.283203	23.141201
-16.672816	-15.314427	1043.546875	23.135897
-16.672816	-15.314427	1041.810547	23.130592
-16.672816	-15.314427	1040.074219	24.570618
-16.672816	-15.314427	1038.337891	30.344976
-16.672816	-15.314427	1036.599609	18.780676
-16.672816	-15.314427	1034.861328	21.665037
-16.672816	-15.314427	1033.123047	23.104067
-16.672816	-15.314427	1031.384766	23.098763
-16.672816	-15.314427	1029.646484	25.980141
-16.672816	-15.314427	1027.906250	21.645145
-16.672816	-15.314427	1026.167969	28.853563
-16.672816	-15.314427	1024.427734	20.192852
-16.672816	-15.314427	1022.685547	27.398287
-16.672816	-15.314427	1020.945313	23.066938
-16.672816	-15.314427	1019.203125	21.620283
-16.672816	-15.314427	1017.462891	30.261435
-16.672816	-15.314427	1015.720703	24.491716
-16.672816	-15.314427	1013.976563	30.247513
-16.672816	-15.314427	1012.234375	31.680578
-16.672816	-15.314427	1010.490234	18.716032
-16.672816	-15.314427	1008.746094	17.272360
-16.672816	-15.314427	1007.001953	20.146446
-16.672816	-15.314427	1005.257813	28.774010
-16.672816	-15.314427	1003.513672	27.329012
-16.672816	-15.314427	1001.767578	30.198790
-16.672816	-15.314427	1000.021484	28.754124
-16.672816	-15.314427	998.275391	30.184870
-16.672816	-15.314427	996.529297	30.177912
-16.672816	-15.314427	994.781250	33.044376
-16.672816	-15.314427	993.035156	28.727612
-16.672816	-15.314427	991.287109	28.720985
-16.672816	-15.314427	989.539063	34.457230
-16.672816	-15.314427	987.789063	38.755436
-16.672816	-15.314427	986.041016	41.616600
-16.672816	-15.314427	984.291016	40.172264
-16.672816	-15.314427	982.541016	45.900558
-16.672816	-15.314427	980.791016	38.719650
-16.672816	-15.314427	979.041016	37.276974
-16.672816	-15.314427	977.289063	38.701759
-16.672816	-15.314427	975.537109	40.125881
-16.672816	-15.314427	973.785156	42.982075
-16.672816	-15.314427	972.033203	37.242519
-16.672816	-15.314427	970.281250	35.801830
-16.672816	-15.314427	968.527344	38.657032
-16.672816	-15.314427	966.773438	48.667965
-16.672816	-15.314427	965.019531	34.345905
-16.672816	-15.314427	963.265625	31.476460
-16.672816	-15.314427	961.511719	37.190842
-16.672816	-15.314427	959.755859	44.332657
-16.672816	-15.314427	958.000000	34.314106
-16.672816	-15.314427	956.244141	32.876736
-16.672816	-15.314427	954.488281	32.869118
-16.672816	-15.314427	952.730469	40.005302
-16.672816	-15.314427	950.974609	27.140163
-16.672816	-15.314427	949.216797	37.130558
-16.672816	-15.314427	947.458984	35.694180
-16.672816	-15.314427	945.701172	34.258465
-16.672816	-15.314427	943.941406	41.386044
-16.672816	-15.314427	942.181641	35.669346
-16.672816	-15.314427	940.421875	39.940395
-16.672816	-15.314427	938.662109	38.505009
-16.672816	-15.314427	936.902344	35.644508
-16.672816	-15.314427	935.140625	28.508986
-16.672816	-15.314427	933.380859	28.502363
-16.672816	-15.314427	931.619141	29.920528
-16.672816	-15.314427	929.855469	29.913576
-16.672816	-15.314427	928.093750	28.482498
-16.672816	-15.314427	926.330078	25.628288
-16.672816	-15.314427	924.568359	34.163105
-16.672816	-15.314427	922.804688	18.500713
-16.672816	-15.314427	921.039063	24.187613
-16.672816	-15.314427	919.275391	27.026924
-16.672816	-15.314427	917.509766	18.487803
-16.672816	-15.314427	915.744141	18.483500
-16.672816	-15.314427	913.978516	22.743628
-16.672816	-15.314427	912.212891	29.844059
-16.672816	-15.314427	910.447266	28.416294
-16.672816	-15.314427	908.679688	21.307257
-16.672816	-15.314427	906.912109	24.142597
-16.672816	-15.314427	905.144531	22.717150
-16.672816	-15.314427	903.375000	19.872873
-16.672816	-15.314427	901.607422	29.802361
-16.672816	-15.314427	899.837891	21.282436
-16.672816	-15.314427	898.068359	24.114470
-16.672816	-15.314427	896.298828	29.781515
-16.672816	-15.314427	894.529297	19.849710
-16.672816	-15.314427	892.757813	28.350113
-16.672816	-15.314427	890.986328	25.509146
-16.672816	-15.314427	889.214844	28.336880
-16.672816	-15.314427	887.443359	26.913750
-16.672816	-15.314427	885.669922	28.323647
-16.672816	-15.314427	883.898438	21.237774
-16.672816	-15.314427	882.125000	29.725935
-16.672816	-15.314427	880.351563	26.888609
-16.672816	-15.314427	878.578125	26.882326
-16.672816	-15.314427	876.802734	31.119627
-16.672816	-15.314427	875.027344	29.698153
-16.672816	-15.314427	873.251953	22.621872
-16.672816	-15.314427	871.476563	24.030117
-16.672816	-15.314427	869.701172	29.677319
-16.672816	-15.314427	867.923828	28.257500
-16.672816	-15.314427	866.146484	25.425797
-16.672816	-15.314427	864.369141	26.832058
-16.672816	-15.314427	862.591797	21.178246
-16.672816	-15.314427	860.814453	18.350180
-16.672816	-15.314427	859.035156	26.813213
-16.672816	-15.314427	857.255859	21.163366
-16.672816	-15.314427	855.476563	31.032331
-16.672816	-15.314427	853.697266	25.384140
-16.672816	-15.314427	851.916016	26.788090
-16.672816	-15.314427	850.136719	26.781809
-16.672816	-15.314427	848.355469	16.910860
-16.672816	-15.314427	846.574219	19.724710
-16.672816	-15.314427	844.791016	26.762970
-16.672816	-15.314427	843.009766	22.531950
-16.672816	-15.314427	841.226563	21.118746
-16.672816	-15.314427	839.443359	29.559305
-16.672816	-15.314427	837.660156	25.330599
-16.672816	-15.314427	835.875000	30.952351
-16.672816	-15.314427	834.091797	21.098919
-16.672816	-15.314427	832.306641	23.906492
-16.672816	-15.314427	830.521484	23.900875
-16.672816	-15.314427	828.734375	22.489656
-16.672816	-15.314427	826.949219	23.889645
-16.672816	-15.314427	825.162109	18.264257
-16.672816	-15.314427	823.375000	23.878412
-16.672816	-15.314427	821.587891	25.277081
-16.672816	-15.314427	819.800781	21.059278
-16.672816	-15.314427	818.011719	35.090542
-16.672816	-15.314427	816.222656	21.049372
-16.672816	-15.314427	814.433594	21.044418
-16.672816	-15.314427	812.644531	26.649988
-16.672816	-15.314427	810.855469	23.839113
-16.672816	-15.314427	809.064453	28.039412
-16.672816	-15.314427	807.273438	23.827887
-16.672816	-15.314427	805.482422	22.420963
-16.672816	-15.314427	803.691406	28.019602
-16.672816	-15.314427	801.898438	28.013000
-16.672816	-15.314427	800.107422	23.805439
-16.672816	-15.314427	798.314453	26.599808
-16.672816	-15.314427	796.521484	22.394556
-16.672816	-15.314427	794.726563	23.788605
-16.672816	-15.314427	792.933594	22.383995
-16.672816	-15.314427	791.138672	22.378716
-16.672816	-15.314427	789.343750	22.373436
-16.672816	-15.314427	787.546875	20.970146
-16.672816	-15.314427	785.751953	22.362877
-16.672816	-15.314427	783.955078	32.139046
-16.672816	-15.314427	782.158203	27.940399
-16.672816	-15.314427	780.361328	22.347040
-16.672816	-15.314427	778.564453	34.909004
-16.672816	-15.314427	776.765625	23.732515
-16.672816	-15.314427	774.968750	30.705410
-16.672816	-15.314427	773.169922	22.325932
-16.672816	-15.314427	771.369141	25.110735
-16.672816	-15.314427	769.570313	32.078354
-16.672816	-15.314427	767.769531	25.098864
-16.672816	-15.314427	765.970703	26.486980
-16.672816	-15.314427	764.167969	27.874437
-16.672816	-15.314427	762.367188	27.867844
-16.672816	-15.314427	760.566406	27.861250
-16.672816	-15.314427	758.763672	26.461924
-16.672816	-15.314427	756.960938	32.025272
-16.672816	-15.314427	755.158203	19.489031
-16.672816	-15.314427	753.353516	25.051392
-16.672816	-15.314427	751.550781	30.611118
-16.672816	-15.314427	749.746094	30.603868
-16.672816	-15.314427	747.941406	26.424353
-16.672816	-15.314427	746.136719	20.856388
-16.672816	-15.314427	744.330078	33.362312
-16.672816	-15.314427	742.523438	33.354404
-16.672816	-15.314427	740.718750	26.399311
-16.672816	-15.314427	738.910156	27.782162
-16.672816	-15.314427	737.103516	31.941910
-16.672816	-15.314427	735.294922	30.545885
-16.672816	-15.314427	733.488281	23.598040
-16.672816	-15.314427	731.679688	29.143602
-16.672816	-15.314427	729.869141	30.524149
-16.672816	-15.314427	728.060547	29.129772
-16.672816	-15.314427	726.250000	24.962450
-16.672816	-15.314427	724.439453	29.115944
-16.672816	-15.314427	722.628906	29.109030
-16.672816	-15.314427	720.818359	24.944672
-16.672816	-15.314427	719.005859	33.251663
-16.672816	-15.314427	717.195313	27.703136
-16.672816	-15.314427	715.382813	27.696554
-16.672816	-15.314427	713.568359	29.074471
-16.672816	-15.314427	711.755859	22.146713
-16.672816	-15.314427	709.941406	24.909128
-16.672816	-15.314427	708.126953	26.286718
-16.672816	-15.314427	706.312500	24.897285
-16.672816	-15.314427	704.498047	22.125656
-16.672816	-15.314427	702.681641	17.972820
-16.672816	-15.314427	700.867188	16.586348
-16.672816	-15.314427	699.050781	17.964268
-16.672816	-15.314427	697.232422	22.104607
-16.672816	-15.314427	695.416016	13.812091
-16.672816	-15.314427	693.597656	17.951443
-16.672816	-15.314427	691.779297	17.947168
-16.672816	-15.314427	689.960938	26.224232
-16.672816	-15.314427	688.142578	28.977774
-16.672816	-15.314427	686.324219	27.591305
-16.672816	-15.314427	684.503906	24.826258
-16.672816	-15.314427	682.683594	19.304710
-16.672816	-15.314427	680.863281	27.571587
-16.672816	-15.314427	679.041016	27.565014
-16.672816	-15.314427	677.218750	23.424677
-16.672816	-15.314427	675.398438	27.551872
-16.672816	-15.314427	673.576172	28.922567
-16.672816	-15.314427	671.751953	17.900175
-16.672816	-15.314427	669.929688	27.532162
-16.672816	-15.314427	668.105469	17.891636
-16.672816	-15.314427	666.281250	26.143074
-16.672816	-15.314427	664.457031	22.009966
-16.672816	-15.314427	662.630859	22.004713
-16.672816	-15.314427	660.806641	26.124359
-16.672816	-15.314427	658.980469	23.368845
-16.672816	-15.314427	657.154297	16.491716
-16.672816	-15.314427	655.326172	26.105648
-16.672816	-15.314427	653.500000	27.473066
-16.672816	-15.314427	651.671875	24.719852
-16.672816	-15.314427	649.843750	34.324924
-16.672816	-15.314427	648.015625	34.316723
-16.672816	-15.314427	646.185547	42.542564
-16.672816	-15.314427	644.357422	35.672333
-16.672816	-15.314427	642.527344	32.920433
-16.672816	-15.314427	640.697266	30.169847
-16.672816	-15.314427	638.865234	34.275719
-16.672816	-15.314427	637.035156	30.155418
-16.672816	-15.314427	635.203125	30.148205
-16.672816	-15.314427	633.371094	39.731308
-16.672816	-15.314427	631.539063	34.242931
-16.672816	-15.314427	629.705078	36.973515
-16.672816	-15.314427	627.873047	36.964664
-16.672816	-15.314427	626.039063	38.324551
-16.672816	-15.314427	624.203125	31.473345
-16.672816	-15.314427	622.369141	35.570042
-16.672816	-15.314427	620.535156	34.193775
-16.672816	-15.314427	618.699219	36.920429
-16.672816	-15.314427	616.863281	39.645779
-16.672816	-15.314427	615.025391	28.702133
-16.672816	-15.314427	613.189453	25.962374
-16.672816	-15.314427	611.351563	24.590038
-16.672816	-15.314427	609.513672	28.681503
-16.672816	-15.314427	607.675781	43.694668
-16.672816	-15.314427	605.837891	34.128277
-16.672816	-15.314427	603.998047	31.390486
-16.672816	-15.314427	602.158203	27.289528
-16.672816	-15.314427	600.318359	27.282984
-16.672816	-15.314427	598.478516	28.640261
-16.672816	-15.314427	596.636719	29.996883
-16.672816	-15.314427	594.796875	29.989687
-16.672816	-15.314427	592.955078	32.708172
-16.672816	-15.314427	591.111328	28.612782
-16.672816	-15.314427	589.269531	27.243727
-16.672816	-15.314427	587.425781	28.599045
-16.672816	-15.314427	585.583984	29.953711
-16.672816	-15.314427	583.738281	24.501698
-16.672816	-15.314427	581.894531	19.052298
-16.672816	-15.314427	580.050781	24.489929
-16.672816	-15.314427	578.205078	29.924944
-16.672816	-15.314427	576.359375	25.838060
-16.672816	-15.314427	574.513672	21.753139
-16.672816	-15.314427	572.666016	29.903379
-16.672816	-15.314427	570.818359	27.178356
-16.672816	-15.314427	568.970703	24.454641
-16.672816	-15.314427	567.123047	19.015703
-16.672816	-15.314427	565.275391	27.158760
-16.672816	-15.314427	563.425781	25.794617
-16.672816	-15.314427	561.576172	23.073845
-16.672816	-15.314427	559.726563	29.853086
-16.672816	-15.314427	557.876953	28.489273
-16.672816	-15.314427	556.027344	28.482420
-16.672816	-15.314427	554.175781	24.407629
-16.672816	-15.314427	552.324219	24.401756
-16.672816	-15.314427	550.472656	28.461863
-16.672816	-15.314427	548.619141	24.390011
-16.672816	-15.314427	546.767578	31.157513
-16.672816	-15.314427	544.914063	25.732618
-16.672816	-15.314427	543.060547	37.912621
-16.672816	-15.314427	541.205078	40.610886
-16.672816	-15.314427	539.351563	47.367954
-16.672816	-15.314427	537.496094	44.650455
-16.672816	-15.314427	535.640625	51.403294
-16.672816	-15.314427	533.785156	51.390907
-16.672816	-15.314427	531.927734	60.842991
-16.672816	-15.314427	530.070313	56.773109
-16.672816	-15.314427	528.212891	83.787727
-16.672816	-15.314427	526.355469	120.246941
-16.672816	-15.314427	524.498047	185.054596
-16.672816	-15.314427	522.638672	387.575684
-16.672816	-15.314427	520.779297	627.802246
-16.672816	-15.314427	518.919922	444.079834
-16.672816	-15.314427	517.060547	225.360031
-16.672816	-15.314427	515.199219	143.008392
-16.672816	-15.314427	513.339844	90.370293
-16.672816	-15.314427	511.478516	80.909096
-16.672816	-15.314427	509.615234	68.756142
-16.672816	-15.314427	507.753906	70.087387
-16.672816	-15.314427	505.890625	51.205349
-16.672816	-15.314427	504.027344	63.317646
-16.672816	-15.314427	502.164063	55.221210
-16.672816	-15.314427	500.300781	52.514812
-16.672816	-15.314427	498.435547	71.349060
-16.672816	-15.314427	496.570313	71.331833
-16.672816	-15.314427	494.705078	53.822346
-16.672816	-15.314427	492.839844	67.261688
-16.672816	-15.314427	490.972656	65.900536
-16.672816	-15.314427	489.107422	55.127945
-16.672816	-15.314427	487.240234	55.114628
-16.672816	-15.314427	485.371094	49.725574
-16.672816	-15.314427	483.503906	44.339123
-16.672816	-15.314427	481.634766	45.671696
-16.672816	-15.314427	479.765625	59.090263
-16.672816	-15.314427	477.896484	45.649624
-16.672816	-15.314427	476.027344	41.611656
-16.672816	-15.314427	474.156250	37.575638
-16.672816	-15.314427	472.285156	32.199905
-16.672816	-15.314427	470.414063	36.216133
-16.672816	-15.314427	468.542969	32.184338
-16.672816	-15.314427	466.669922	41.561382
-16.672816	-15.314427	464.796875	40.210968
-16.672816	-15.314427	462.923828	33.501034
-16.672816	-15.314427	461.050781	37.512085
-16.672816	-15.314427	459.177734	36.163616
-16.672816	-15.314427	457.302734	36.154869
-16.672816	-15.314427	455.427734	36.146122
-16.672816	-15.314427	453.552734	32.122112
-16.672816	-15.314427	451.675781	26.761950
-16.672816	-15.314427	449.800781	25.417700
-16.672816	-15.314427	447.923828	28.086449
-16.672816	-15.314427	446.046875	25.405399
-16.672816	-15.314427	444.169922	26.736052
-16.672816	-15.314427	442.291016	30.739017
-16.672816	-15.314427	440.412109	32.067730
-16.672816	-15.314427	438.533203	29.388304
-16.672816	-15.314427	436.654297	37.394238
-16.672816	-15.314427	434.773438	34.714813
-16.672816	-15.314427	432.894531	21.357788
-16.672816	-15.314427	431.013672	24.021694
-16.672816	-15.314427	429.130859	30.686953
-16.672816	-15.314427	427.250000	25.343950
-16.672816	-15.314427	425.367188	26.671379
-16.672816	-15.314427	423.484375	29.331411
-16.672816	-15.314427	421.601563	39.987686
-16.672816	-15.314427	419.718750	27.984600
-16.672816	-15.314427	417.833984	27.977818
-16.672816	-15.314427	415.949219	33.298855
-16.672816	-15.314427	414.064453	30.627523
-16.672816	-15.314427	412.179688	33.282719
-16.672816	-15.314427	410.294922	35.936623
-16.672816	-15.314427	408.408203	30.605257
-16.672816	-15.314427	406.521484	34.588860
-16.672816	-15.314427	404.634766	38.570530
-16.672816	-15.314427	402.746094	45.209660
-16.672816	-15.314427	400.857422	63.809925
-16.672816	-15.314427	398.968750	85.059273
-16.672816	-15.314427	397.080078	77.066269
-16.672816	-15.314427	395.191406	86.346428
-16.672816	-15.314427	393.300781	61.091881
-16.672816	-15.314427	391.410156	58.421539
-16.672816	-15.314427	389.519531	54.425049
-16.672816	-15.314427	387.628906	55.738964
-16.672816	-15.314427	385.736328	62.359425
-16.672816	-15.314427	383.843750	49.079552
-16.672816	-15.314427	381.951172	61.003021
-16.672816	-15.314427	380.058594	55.684895
-16.672816	-15.314427	378.164063	60.973419
-16.672816	-15.314427	376.271484	87.462372
-16.672816	-15.314427	374.376953	76.842224
-16.672816	-15.314427	372.480469	63.578133
-16.672816	-15.314427	370.585938	64.886925
-16.672816	-15.314427	368.689453	41.040947
-16.672816	-15.314427	366.792969	39.707405
-16.672816	-15.314427	364.896484	46.314064
-16.672816	-15.314427	363.000000	58.209259
-16.672816	-15.314427	361.101563	72.743912
-16.672816	-15.314427	359.203125	60.825592
-16.672816	-15.314427	357.304688	62.132797
-16.672816	-15.314427	355.406250	54.187794
-16.672816	-15.314427	353.505859	51.531971
-16.672816	-15.314427	351.605469	50.198444
-16.672816	-15.314427	349.705078	56.789711
-16.672816	-15.314427	347.804688	55.455547
-16.672816	-15.314427	345.902344	56.762131
-16.672816	-15.314427	344.001953	54.108887
-16.672816	-15.314427	342.099609	60.692787
-16.672816	-15.314427	340.195313	54.082607
-16.672816	-15.314427	338.292969	50.113171
-16.672816	-15.314427	336.388672	48.782551
-16.672816	-15.314427	334.484375	39.543812
-16.672816	-15.314427	332.580078	50.076660
-16.672816	-15.314427	330.675781	36.889626
-16.672816	-15.314427	328.769531	42.149330
-16.672816	-15.314427	326.863281	34.238010
-16.672816	-15.314427	324.957031	27.647060
-16.672816	-15.314427	323.048828	32.905170
-16.672816	-15.314427	321.142578	32.897175
-16.672816	-15.314427	319.234375	34.204750
-16.672816	-15.314427	317.326172	34.196438
-16.672816	-15.314427	315.417969	26.298559
-16.672816	-15.314427	313.507813	36.809036
-16.672816	-15.314427	311.597656	27.600069
-16.672816	-15.314427	309.687500	30.221300
-16.672816	-15.314427	307.777344	26.273005
-16.672816	-15.314427	305.865234	30.206614
-16.672816	-15.314427	303.955078	35.451317
-16.672816	-15.314427	302.042969	32.817318
-16.672816	-15.314427	300.128906	39.371208
-16.672816	-15.314427	298.216797	30.177258
-16.672816	-15.314427	296.302734	30.169922
-16.672816	-15.314427	294.388672	30.162588
-16.672816	-15.314427	292.474609	35.399651
-16.672816	-15.314427	290.560547	39.323383
-16.672816	-15.314427	288.644531	48.487049
-16.672816	-15.314427	286.728516	57.646259
-16.672816	-15.314427	284.812500	53.702774
-16.672816	-15.314427	282.896484	69.403778
-16.672816	-15.314427	280.978516	57.604225
-16.672816	-15.314427	279.060547	61.516830
-16.672816	-15.314427	277.142578	49.724918
-16.672816	-15.314427	275.224609	60.178688
-16.672816	-15.314427	273.304688	69.319458
-16.672816	-15.314427	271.384766	62.764626
-16.672816	-15.314427	269.464844	84.973099
-16.672816	-15.314427	267.544922	87.566360
-16.672816	-15.314427	265.623047	113.677925
-16.672816	-15.314427	263.703125	207.705704
-16.672816	-15.314427	261.781250	300.381744
-16.672816	-15.314427	259.857422	297.697327
-16.672816	-15.314427	257.935547	283.265839
-16.672816	-15.314427	256.011719	214.029053
-16.672816	-15.314427	254.087891	255.728622
-16.672816	-15.314427	252.164063	680.907532
-16.672816	-15.314427	250.240234	1811.399658
-16.672816	-15.314427	248.314453	1750.985107
-16.672816	-15.314427	246.388672	779.474670
-16.672816	-15.314427	244.462891	363.579529
-16.672816	-15.314427	242.535156	241.024582
-16.672816	-15.314427	240.609375	191.470261
-16.672816	-15.314427	238.681641	148.451035
-16.672816	-15.314427	236.753906	153.622482
-16.672816	-15.314427	234.824219	114.538071
-16.672816	-15.314427	232.896484	92.388924
-16.672816	-15.314427	230.966797	87.162720
-16.672816	-15.314427	229.037109	91.043388
-16.672816	-15.314427	227.107422	78.018211
-16.672816	-15.314427	225.175781	83.199196
-16.672816	-15.314427	223.244141	76.680611
-16.672816	-15.314427	221.312500	72.763901
-16.672816	-15.314427	219.380859	80.540443
-16.672816	-15.314427	217.447266	85.715759
-16.672816	-15.314427	215.515625	74.009247
-16.672816	-15.314427	213.582031	73.991257
-16.672816	-15.314427	211.646484	67.484383
-16.672816	-15.314427	209.712891	58.385750
-16.672816	-15.314427	207.777344	53.182976
-16.672816	-15.314427	205.841797	63.544689
-16.672816	-15.314427	203.906250	45.378029
-16.672816	-15.314427	201.968750	38.885998
-16.672816	-15.314427	200.033203	36.284775
-16.672816	-15.314427	198.095703	34.980385
-16.672816	-15.314427	196.158203	37.562393
-16.672816	-15.314427	194.218750	29.783623
-16.672816	-15.314427	192.281250	36.249508
-16.672816	-15.314427	190.341797	24.591902
-16.672816	-15.314427	188.402344	36.231892
-16.672816	-15.314427	186.460938	24.579950
-16.672816	-15.314427	184.521484	32.334179
-16.672816	-15.314427	182.580078	25.861057
-16.672816	-15.314427	180.638672	27.147511
-16.672816	-15.314427	178.695313	21.971214
-16.672816	-15.314427	176.753906	31.010649
-16.672816	-15.314427	174.810547	28.419519
-16.672816	-15.314427	172.867188	27.121132
-16.672816	-15.314427	170.921875	24.532204
-16.672816	-15.314427	168.978516	18.071968
-16.672816	-15.314427	167.033203	29.682449
-16.672816	-15.314427	165.087891	24.514326
-16.672816	-15.314427	163.142578	23.218456
-16.672816	-15.314427	161.195313	34.819225
-16.672816	-15.314427	159.248047	32.232189
-16.672816	-15.314427	157.300781	30.935385
-16.672816	-15.314427	155.353516	36.082516
-16.672816	-15.314427	153.406250	36.073750
-16.672816	-15.314427	151.457031	38.641060
-16.672816	-15.314427	149.507813	41.207119
-16.672816	-15.314427	147.558594	37.334881
-16.672816	-15.314427	145.607422	46.335495
-16.672816	-15.314427	143.658203	46.324242
-16.672816	-15.314427	141.707031	60.464184
-16.672816	-15.314427	139.753906	74.597260
-16.672816	-15.314427	137.802734	54.005589
-16.672816	-15.314427	135.849609	64.276756
-16.672816	-15.314427	133.896484	64.261154
-16.672816	-15.314427	131.943359	55.251171
-16.672816	-15.314427	129.990234	65.514549
-16.672816	-15.314427	128.035156	56.508636
-16.672816	-15.314427	126.080078	61.630825
-16.672816	-15.314427	124.125000	52.630219
-16.672816	-15.314427	122.169922	47.484035
-16.672816	-15.314427	120.212891	56.453796
-16.672816	-15.314427	118.255859	57.722824
-16.672816	-15.314427	116.298828	41.037384
-16.672816	-15.314427	114.341797	50.002174
-16.672816	-15.314427	112.382813	30.763102
-16.672816	-15.314427	110.423828	33.318607
-16.672816	-15.314427	108.464844	25.623482
-16.672816	-15.314427	106.505859	20.493813
-16.672816	-15.314427	104.544922	21.769394
-16.672816	-15.314427	102.585938	14.082662
-16.672816	-15.314427	100.625000	8.959520
-16.672816	-15.314427	98.662109	6.398105
-16.672816	-15.314427	96.701172	6.396554
-16.672816	-15.314427	94.738281	3.837002
-16.672816	-15.314427	92.775391	1.278690
-16.672816	-15.314427	90.812500	1.278380
-16.672816	-15.314427	88.847656	6.390352
-16.672816	-15.314427	86.882813	0.000000
-16.672816	-15.314427	84.917969	1.277451
-16.672816	-15.314427	82.953125	2.554283
-16.672816	-15.314427	80.988281	2.553664
-16.672816	-15.314427	79.021484	2.553045
-16.672816	-15.314427	77.054688	2.552426
-16.672816	-15.314427	75.087891	0.000000
-16.672816	-15.314427	73.119141	2.551189
-16.672816	-15.314427	71.152344	1.275286
-16.672816	-15.314427	69.183594	0.000000
-16.672816	-15.314427	67.212891	0.000000
-16.672816	-15.314427	65.244141	0.000000
-16.672816	-15.314427	63.273438	0.000000
-16.672816	-15.314427	61.302734	-1.273742
-16.672816	-15.314427	59.332031	1.273434
-13.672816	-15.314427	1838.626953	25.714378
-13.672816	-15.314427	1837.066406	20.892931
-13.672816	-15.314427	1835.503906	24.102098
-13.672816	-15.314427	1833.941406	24.096970
-13.672816	-15.314427	1832.378906	25.697966
-13.672816	-15.314427	1830.816406	24.086716
-13.672816	-15.314427	1829.251953	24.081591
-13.672816	-15.314427	1827.687500	25.681562
-13.672816	-15.314427	1826.125000	24.071342
-13.672816	-15.314427	1824.560547	22.461803
-13.672816	-15.314427	1822.994141	19.248878
-13.672816	-15.314427	1821.429688	19.244781
-13.672816	-15.314427	1819.865234	28.861027
-13.672816	-15.314427	1818.298828	27.251835
-13.672816	-15.314427	1816.732422	27.246035
-13.672816	-15.314427	1815.166016	20.830769
-13.672816	-15.314427	1813.599609	19.224310
-13.672816	-15.314427	1812.033203	24.025270
-13.672816	-15.314427	1810.464844	14.412094
-13.672816	-15.314427	1808.896484	25.616047
-13.672816	-15.314427	1807.330078	27.211256
-13.672816	-15.314427	1805.759766	19.203856
-13.672816	-15.314427	1804.191406	28.799652
-13.672816	-15.314427	1802.623047	22.394960
-13.672816	-15.314427	1801.052734	30.386688
-13.672816	-15.314427	1799.484375	19.187508
-13.672816	-15.314427	1797.914063	23.979277
-13.672816	-15.314427	1796.343750	23.974171
-13.672816	-15.314427	1794.771484	15.979377
-13.672816	-15.314427	1793.201172	22.366364
-13.672816	-15.314427	1791.628906	15.972572
-13.672816	-15.314427	1790.058594	22.356838
-13.672816	-15.314427	1788.486328	23.948654
-13.672816	-15.314427	1786.914063	23.943554
-13.672816	-15.314427	1785.339844	19.150763
-13.672816	-15.314427	1783.767578	14.360012
-13.672816	-15.314427	1782.193359	20.737822
-13.672816	-15.314427	1780.621094	22.328281
-13.672816	-15.314427	1779.046875	27.107138
-13.672816	-15.314427	1777.470703	22.318769
-13.672816	-15.314427	1775.896484	25.501730
-13.672816	-15.314427	1774.322266	17.528704
-13.672816	-15.314427	1772.746094	30.270401
-13.672816	-15.314427	1771.169922	19.114075
-13.672816	-15.314427	1769.593750	22.295000
-13.672816	-15.314427	1768.017578	23.882410
-13.672816	-15.314427	1766.441406	23.877321
-13.672816	-15.314427	1764.863281	19.097786
-13.672816	-15.314427	1763.287109	20.684858
-13.672816	-15.314427	1761.708984	20.680449
-13.672816	-15.314427	1760.130859	25.447433
-13.672816	-15.314427	1758.552734	17.491381
-13.672816	-15.314427	1756.972656	23.846798
-13.672816	-15.314427	1755.394531	19.073372
-13.672816	-15.314427	1753.814453	23.836630
-13.672816	-15.314427	1752.234375	28.597857
-13.672816	-15.314427	1750.654297	25.414896
-13.672816	-15.314427	1749.074219	25.409477
-13.672816	-15.314427	1747.492188	22.228550
-13.672816	-15.314427	1745.912109	9.524489
-13.672816	-15.314427	1744.330078	28.567375
-13.672816	-15.314427	1742.748047	17.454117
-13.672816	-15.314427	1741.166016	19.036791
-13.672816	-15.314427	1739.583984	22.204851
-13.672816	-15.314427	1738.000000	26.957281
-13.672816	-15.314427	1736.417969	23.780762
-13.672816	-15.314427	1734.833984	23.775688
-13.672816	-15.314427	1733.250000	23.770613
-13.672816	-15.314427	1731.666016	15.843694
-13.672816	-15.314427	1730.082031	23.760468
-13.672816	-15.314427	1728.496094	28.506475
-13.672816	-15.314427	1726.912109	25.333681
-13.672816	-15.314427	1725.326172	20.579222
-13.672816	-15.314427	1723.740234	22.157507
-13.672816	-15.314427	1722.154297	33.229164
-13.672816	-15.314427	1720.566406	25.312052
-13.672816	-15.314427	1718.980469	22.143316
-13.672816	-15.314427	1717.392578	20.557259
-13.672816	-15.314427	1715.804688	22.133858
-13.672816	-15.314427	1714.216797	26.871088
-13.672816	-15.314427	1712.628906	18.963776
-13.672816	-15.314427	1711.041016	28.439585
-13.672816	-15.314427	1709.451172	25.274231
-13.672816	-15.314427	1707.861328	26.848131
-13.672816	-15.314427	1706.271484	18.947573
-13.672816	-15.314427	1704.681641	22.100779
-13.672816	-15.314427	1703.091797	26.830923
-13.672816	-15.314427	1701.501953	17.357475
-13.672816	-15.314427	1699.910156	25.241838
-13.672816	-15.314427	1698.318359	28.390999
-13.672816	-15.314427	1696.726563	28.384930
-13.672816	-15.314427	1695.134766	25.225653
-13.672816	-15.314427	1693.542969	20.491461
-13.672816	-15.314427	1691.949219	15.759291
-13.672816	-15.314427	1690.357422	25.209473
-13.672816	-15.314427	1688.763672	23.628826
-13.672816	-15.314427	1687.169922	26.773607
-13.672816	-15.314427	1685.576172	18.894974
-13.672816	-15.314427	1683.982422	28.336397
-13.672816	-15.314427	1682.386719	26.756426
-13.672816	-15.314427	1680.791016	17.309277
-13.672816	-15.314427	1679.195313	23.598509
-13.672816	-15.314427	1677.599609	12.583178
-13.672816	-15.314427	1676.003906	18.870726
-13.672816	-15.314427	1674.408203	17.294462
-13.672816	-15.314427	1672.810547	17.290760
-13.672816	-15.314427	1671.214844	22.001709
-13.672816	-15.314427	1669.617188	23.568213
-13.672816	-15.314427	1668.019531	17.279654
-13.672816	-15.314427	1666.419922	21.987577
-13.672816	-15.314427	1664.822266	26.693481
-13.672816	-15.314427	1663.222656	21.978157
-13.672816	-15.314427	1661.623047	23.542980
-13.672816	-15.314427	1660.023438	25.107132
-13.672816	-15.314427	1658.423828	26.670610
-13.672816	-15.314427	1656.824219	21.959326
-13.672816	-15.314427	1655.222656	20.386433
-13.672816	-15.314427	1653.623047	21.949913
-13.672816	-15.314427	1652.021484	21.945208
-13.672816	-15.314427	1650.419922	17.238966
-13.672816	-15.314427	1648.818359	20.368954
-13.672816	-15.314427	1647.214844	32.896641
-13.672816	-15.314427	1645.613281	18.794048
-13.672816	-15.314427	1644.009766	26.619190
-13.672816	-15.314427	1642.406250	25.047981
-13.672816	-15.314427	1640.802734	25.042606
-13.672816	-15.314427	1639.199219	17.213099
-13.672816	-15.314427	1637.593750	26.596352
-13.672816	-15.314427	1635.990234	20.334021
-13.672816	-15.314427	1634.384766	20.329657
-13.672816	-15.314427	1632.779297	23.452261
-13.672816	-15.314427	1631.173828	23.447226
-13.672816	-15.314427	1629.568359	20.316565
-13.672816	-15.314427	1627.960938	18.749725
-13.672816	-15.314427	1626.353516	29.680689
-13.672816	-15.314427	1624.748047	21.865284
-13.672816	-15.314427	1623.140625	18.737646
-13.672816	-15.314427	1621.531250	23.417025
-13.672816	-15.314427	1619.923828	21.851194
-13.672816	-15.314427	1618.314453	20.286034
-13.672816	-15.314427	1616.707031	21.841803
-13.672816	-15.314427	1615.097656	24.956694
-13.672816	-15.314427	1613.488281	26.510786
-13.672816	-15.314427	1611.878906	18.709473
-13.672816	-15.314427	1610.267578	23.381813
-13.672816	-15.314427	1608.656250	24.935236
-13.672816	-15.314427	1607.046875	23.371756
-13.672816	-15.314427	1605.435547	24.924509
-13.672816	-15.314427	1603.824219	24.919147
-13.672816	-15.314427	1602.210938	20.242451
-13.672816	-15.314427	1600.599609	23.351648
-13.672816	-15.314427	1598.986328	23.346622
-13.672816	-15.314427	1597.373047	23.341597
-13.672816	-15.314427	1595.759766	17.113485
-13.672816	-15.314427	1594.146484	29.553293
-13.672816	-15.314427	1592.533203	31.102030
-13.672816	-15.314427	1590.917969	21.766733
-13.672816	-15.314427	1589.302734	12.435453
-13.672816	-15.314427	1587.687500	24.865549
-13.672816	-15.314427	1586.072266	23.306431
-13.672816	-15.314427	1584.457031	24.854836
-13.672816	-15.314427	1582.839844	13.977832
-13.672816	-15.314427	1581.224609	18.633093
-13.672816	-15.314427	1579.607422	21.733921
-13.672816	-15.314427	1577.990234	20.177147
-13.672816	-15.314427	1576.373047	18.621042
-13.672816	-15.314427	1574.755859	23.271284
-13.672816	-15.314427	1573.136719	20.164095
-13.672816	-15.314427	1571.517578	17.058247
-13.672816	-15.314427	1569.898438	23.256227
-13.672816	-15.314427	1568.279297	12.400644
-13.672816	-15.314427	1566.660156	26.345684
-13.672816	-15.314427	1565.041016	18.592939
-13.672816	-15.314427	1563.419922	18.588924
-13.672816	-15.314427	1561.798828	18.584911
-13.672816	-15.314427	1560.177734	29.419756
-13.672816	-15.314427	1558.556641	21.673035
-13.672816	-15.314427	1556.935547	21.668352
-13.672816	-15.314427	1555.312500	26.305887
-13.672816	-15.314427	1553.691406	23.206062
-13.672816	-15.314427	1552.068359	20.107574
-13.672816	-15.314427	1550.445313	17.010424
-13.672816	-15.314427	1548.822266	17.006748
-13.672816	-15.314427	1547.197266	17.003071
-13.672816	-15.314427	1545.574219	23.180992
-13.672816	-15.314427	1543.949219	20.085850
-13.672816	-15.314427	1542.324219	23.170967
-13.672816	-15.314427	1540.699219	21.621559
-13.672816	-15.314427	1539.072266	23.160944
-13.672816	-15.314427	1537.447266	20.068474
-13.672816	-15.314427	1535.820313	16.977343
-13.672816	-15.314427	1534.193359	21.602850
-13.672816	-15.314427	1532.566406	20.055447
-13.672816	-15.314427	1530.939453	21.593496
-13.672816	-15.314427	1529.312500	15.420587
-13.672816	-15.314427	1527.683594	16.958971
-13.672816	-15.314427	1526.056641	18.496689
-13.672816	-15.314427	1524.427734	24.656910
-13.672816	-15.314427	1522.798828	30.814459
-13.672816	-15.314427	1521.167969	24.646225
-13.672816	-15.314427	1519.539063	16.940607
-13.672816	-15.314427	1517.908203	21.556099
-13.672816	-15.314427	1516.277344	21.551424
-13.672816	-15.314427	1514.646484	26.163912
-13.672816	-15.314427	1513.015625	18.464640
-13.672816	-15.314427	1511.384766	23.075792
-13.672816	-15.314427	1509.751953	26.146891
-13.672816	-15.314427	1508.121094	18.452623
-13.672816	-15.314427	1506.488281	21.523390
-13.672816	-15.314427	1504.855469	26.129871
-13.672816	-15.314427	1503.220703	24.587481
-13.672816	-15.314427	1501.587891	27.654911
-13.672816	-15.314427	1499.953125	18.432604
-13.672816	-15.314427	1498.318359	12.285733
-13.672816	-15.314427	1496.683594	23.030746
-13.672816	-15.314427	1495.048828	19.955645
-13.672816	-15.314427	1493.414063	27.624887
-13.672816	-15.314427	1491.777344	24.550119
-13.672816	-15.314427	1490.140625	18.408587
-13.672816	-15.314427	1488.505859	26.073162
-13.672816	-15.314427	1486.867188	16.867201
-13.672816	-15.314427	1485.230469	18.396582
-13.672816	-15.314427	1483.593750	21.458010
-13.672816	-15.314427	1481.955078	18.388578
-13.672816	-15.314427	1480.316406	21.448673
-13.672816	-15.314427	1478.677734	24.507435
-13.672816	-15.314427	1477.039063	22.970720
-13.672816	-15.314427	1475.400391	18.372576
-13.672816	-15.314427	1473.759766	18.368574
-13.672816	-15.314427	1472.119141	29.077244
-13.672816	-15.314427	1470.478516	22.950718
-13.672816	-15.314427	1468.837891	16.826860
-13.672816	-15.314427	1467.197266	27.528864
-13.672816	-15.314427	1465.556641	21.406672
-13.672816	-15.314427	1463.914063	24.459436
-13.672816	-15.314427	1462.271484	29.039249
-13.672816	-15.314427	1460.628906	18.336580
-13.672816	-15.314427	1458.986328	18.332581
-13.672816	-15.314427	1457.343750	18.328583
-13.672816	-15.314427	1455.699219	24.432779
-13.672816	-15.314427	1454.054688	13.740439
-13.672816	-15.314427	1452.410156	24.422117
-13.672816	-15.314427	1450.765625	25.942837
-13.672816	-15.314427	1449.121094	19.834309
-13.672816	-15.314427	1447.474609	22.880745
-13.672816	-15.314427	1445.830078	12.200398
-13.672816	-15.314427	1444.183594	25.920185
-13.672816	-15.314427	1442.537109	25.914522
-13.672816	-15.314427	1440.890625	24.384809
-13.672816	-15.314427	1439.242188	25.903198
-13.672816	-15.314427	1437.595703	21.327383
-13.672816	-15.314427	1435.947266	16.753567
-13.672816	-15.314427	1434.298828	18.272623
-13.672816	-15.314427	1432.650391	16.746241
-13.672816	-15.314427	1431.000000	25.874893
-13.672816	-15.314427	1429.351563	19.782354
-13.672816	-15.314427	1427.701172	10.649706
-13.672816	-15.314427	1426.050781	25.857912
-13.672816	-15.314427	1424.400391	30.414415
-13.672816	-15.314427	1422.750000	15.203878
-13.672816	-15.314427	1421.097656	15.200549
-13.672816	-15.314427	1419.447266	13.677498
-13.672816	-15.314427	1417.794922	19.752058
-13.672816	-15.314427	1416.142578	10.633394
-13.672816	-15.314427	1414.490234	22.780851
-13.672816	-15.314427	1412.835938	25.812639
-13.672816	-15.314427	1411.183594	21.252808
-13.672816	-15.314427	1409.529297	19.730423
-13.672816	-15.314427	1407.875000	15.173921
-13.672816	-15.314427	1406.220703	25.790009
-13.672816	-15.314427	1404.566406	19.717445
-13.672816	-15.314427	1402.910156	18.196724
-13.672816	-15.314427	1401.255859	21.224854
-13.672816	-15.314427	1399.599609	24.251652
-13.672816	-15.314427	1397.943359	22.730932
-13.672816	-15.314427	1396.287109	19.695816
-13.672816	-15.314427	1394.628906	27.265141
-13.672816	-15.314427	1392.970703	28.773548
-13.672816	-15.314427	1391.314453	30.281292
-13.672816	-15.314427	1389.656250	25.733442
-13.672816	-15.314427	1387.998047	16.647392
-13.672816	-15.314427	1386.337891	18.156799
-13.672816	-15.314427	1384.679688	24.203743
-13.672816	-15.314427	1383.019531	24.198420
-13.672816	-15.314427	1381.359375	18.144823
-13.672816	-15.314427	1379.699219	12.093887
-13.672816	-15.314427	1378.039063	24.182453
-13.672816	-15.314427	1376.376953	25.688202
-13.672816	-15.314427	1374.716797	22.661072
-13.672816	-15.314427	1373.054688	22.656082
-13.672816	-15.314427	1371.392578	15.100729
-13.672816	-15.314427	1369.728516	22.646105
-13.672816	-15.314427	1368.066406	27.169340
-13.672816	-15.314427	1366.402344	19.617977
-13.672816	-15.314427	1364.740234	21.122398
-13.672816	-15.314427	1363.076172	22.626152
-13.672816	-15.314427	1361.412109	25.637320
-13.672816	-15.314427	1359.746094	22.616177
-13.672816	-15.314427	1358.082031	13.566713
-13.672816	-15.314427	1356.416016	24.113281
-13.672816	-15.314427	1354.750000	21.094465
-13.672816	-15.314427	1353.083984	16.570566
-13.672816	-15.314427	1351.417969	15.060826
-13.672816	-15.314427	1349.750000	21.080502
-13.672816	-15.314427	1348.083984	18.065012
-13.672816	-15.314427	1346.416016	22.576279
-13.672816	-15.314427	1344.748047	16.552280
-13.672816	-15.314427	1343.078125	21.061884
-13.672816	-15.314427	1341.410156	25.569494
-13.672816	-15.314427	1339.740234	24.060087
-13.672816	-15.314427	1338.072266	13.530807
-13.672816	-15.314427	1336.402344	22.546360
-13.672816	-15.314427	1334.730469	24.044132
-13.672816	-15.314427	1333.060547	27.043665
-13.672816	-15.314427	1331.388672	27.037682
-13.672816	-15.314427	1329.718750	13.515850
-13.672816	-15.314427	1328.046875	22.521431
-13.672816	-15.314427	1326.375000	22.516445
-13.672816	-15.314427	1324.701172	16.508404
-13.672816	-15.314427	1323.029297	24.006907
-13.672816	-15.314427	1321.355469	18.001192
-13.672816	-15.314427	1319.681641	16.497437
-13.672816	-15.314427	1318.007813	20.992085
-13.672816	-15.314427	1316.333984	14.991023
-13.672816	-15.314427	1314.660156	10.491390
-13.672816	-15.314427	1312.984375	19.479691
-13.672816	-15.314427	1311.308594	13.482948
-13.672816	-15.314427	1309.632813	22.466597
-13.672816	-15.314427	1307.957031	19.466730
-13.672816	-15.314427	1306.279297	20.959518
-13.672816	-15.314427	1304.603516	14.967762
-13.672816	-15.314427	1302.925781	25.439547
-13.672816	-15.314427	1301.248047	29.922234
-13.672816	-15.314427	1299.570313	23.932470
-13.672816	-15.314427	1297.892578	23.927155
-13.672816	-15.314427	1296.212891	17.941380
-13.672816	-15.314427	1294.533203	25.411306
-13.672816	-15.314427	1292.853516	22.416758
-13.672816	-15.314427	1291.173828	13.447063
-13.672816	-15.314427	1289.494141	23.900576
-13.672816	-15.314427	1287.812500	16.427992
-13.672816	-15.314427	1286.132813	16.424337
-13.672816	-15.314427	1284.451172	22.391840
-13.672816	-15.314427	1282.769531	20.894400
-13.672816	-15.314427	1281.085938	13.429125
-13.672816	-15.314427	1279.404297	20.885099
-13.672816	-15.314427	1277.720703	17.897528
-13.672816	-15.314427	1276.039063	19.384670
-13.672816	-15.314427	1274.355469	23.852739
-13.672816	-15.314427	1272.669922	23.847425
-13.672816	-15.314427	1270.986328	19.371716
-13.672816	-15.314427	1269.300781	22.346996
-13.672816	-15.314427	1267.615234	25.320950
-13.672816	-15.314427	1265.929688	22.337032
-13.672816	-15.314427	1264.244141	20.843246
-13.672816	-15.314427	1262.558594	22.327068
-13.672816	-15.314427	1260.871094	25.298365
-13.672816	-15.314427	1259.185547	20.829296
-13.672816	-15.314427	1257.498047	28.262022
-13.672816	-15.314427	1255.808594	16.358570
-13.672816	-15.314427	1254.121094	28.249401
-13.672816	-15.314427	1252.433594	17.837742
-13.672816	-15.314427	1250.744141	23.778341
-13.672816	-15.314427	1249.054688	19.315586
-13.672816	-15.314427	1247.365234	13.369340
-13.672816	-15.314427	1245.673828	13.366351
-13.672816	-15.314427	1243.984375	22.272270
-13.672816	-15.314427	1242.292969	23.751776
-13.672816	-15.314427	1240.601563	19.294001
-13.672816	-15.314427	1238.910156	20.773504
-13.672816	-15.314427	1237.218750	20.768856
-13.672816	-15.314427	1235.525391	19.281050
-13.672816	-15.314427	1233.833984	26.690861
-13.672816	-15.314427	1232.140625	19.272417
-13.672816	-15.314427	1230.447266	17.785938
-13.672816	-15.314427	1228.753906	20.745613
-13.672816	-15.314427	1227.058594	20.740965
-13.672816	-15.314427	1225.365234	19.255150
-13.672816	-15.314427	1223.669922	25.174168
-13.672816	-15.314427	1221.974609	22.207520
-13.672816	-15.314427	1220.277344	13.321524
-13.672816	-15.314427	1218.582031	23.677397
-13.672816	-15.314427	1216.884766	26.631096
-13.672816	-15.314427	1215.189453	25.145947
-13.672816	-15.314427	1213.492188	25.140303
-13.672816	-15.314427	1211.792969	25.134659
-13.672816	-15.314427	1210.095703	23.650837
-13.672816	-15.314427	1208.396484	19.211988
-13.672816	-15.314427	1206.699219	20.685186
-13.672816	-15.314427	1205.000000	19.203358
-13.672816	-15.314427	1203.298828	17.722193
-13.672816	-15.314427	1201.599609	17.718208
-13.672816	-15.314427	1199.900391	22.142782
-13.672816	-15.314427	1198.199219	22.137802
-13.672816	-15.314427	1196.498047	20.657301
-13.672816	-15.314427	1194.796875	20.652655
-13.672816	-15.314427	1193.093750	29.497152
-13.672816	-15.314427	1191.392578	20.643360
-13.672816	-15.314427	1189.689453	22.112906
-13.672816	-15.314427	1187.986328	25.055651
-13.672816	-15.314427	1186.283203	22.102947
-13.672816	-15.314427	1184.580078	17.678375
-13.672816	-15.314427	1182.875000	27.984453
-13.672816	-15.314427	1181.169922	19.142942
-13.672816	-15.314427	1179.464844	14.722021
-13.672816	-15.314427	1177.759766	22.078053
-13.672816	-15.314427	1176.054688	16.186922
-13.672816	-15.314427	1174.347656	17.654476
-13.672816	-15.314427	1172.642578	16.179619
-13.672816	-15.314427	1170.935547	20.587597
-13.672816	-15.314427	1169.228516	22.053160
-13.672816	-15.314427	1167.519531	26.457819
-13.672816	-15.314427	1165.812500	19.104111
-13.672816	-15.314427	1164.103516	19.099794
-13.672816	-15.314427	1162.394531	17.626598
-13.672816	-15.314427	1160.685547	23.496820
-13.672816	-15.314427	1158.976563	26.427950
-13.672816	-15.314427	1157.265625	23.486200
-13.672816	-15.314427	1155.556641	19.078224
-13.672816	-15.314427	1153.845703	20.541134
-13.672816	-15.314427	1152.134766	23.470270
-13.672816	-15.314427	1150.423828	20.531841
-13.672816	-15.314427	1148.710938	20.527195
-13.672816	-15.314427	1146.998047	16.124861
-13.672816	-15.314427	1145.287109	24.914597
-13.672816	-15.314427	1143.572266	23.443724
-13.672816	-15.314427	1141.859375	17.578810
-13.672816	-15.314427	1140.146484	23.433105
-13.672816	-15.314427	1138.431641	19.035084
-13.672816	-15.314427	1136.716797	21.958582
-13.672816	-15.314427	1135.001953	19.026457
-13.672816	-15.314427	1133.287109	21.948626
-13.672816	-15.314427	1131.570313	26.332378
-13.672816	-15.314427	1129.855469	21.938673
-13.672816	-15.314427	1128.138672	29.244926
-13.672816	-15.314427	1126.421875	17.542974
-13.672816	-15.314427	1124.703125	21.923742
-13.672816	-15.314427	1122.986328	27.763769
-13.672816	-15.314427	1121.267578	17.531031
-13.672816	-15.314427	1119.548828	18.987637
-13.672816	-15.314427	1117.830078	23.364090
-13.672816	-15.314427	1116.111328	21.898857
-13.672816	-15.314427	1114.392578	17.515104
-13.672816	-15.314427	1112.671875	21.888905
-13.672816	-15.314427	1110.951172	16.048214
-13.672816	-15.314427	1109.230469	24.796146
-13.672816	-15.314427	1107.509766	23.332241
-13.672816	-15.314427	1105.787109	29.158667
-13.672816	-15.314427	1104.066406	21.864023
-13.672816	-15.314427	1102.343750	27.688128
-13.672816	-15.314427	1100.621094	26.224886
-13.672816	-15.314427	1098.896484	21.849096
-13.672816	-15.314427	1097.173828	20.387844
-13.672816	-15.314427	1095.449219	13.103486
-13.672816	-15.314427	1093.724609	18.922945
-13.672816	-15.314427	1092.000000	20.373913
-13.672816	-15.314427	1090.275391	20.369268
-13.672816	-15.314427	1088.550781	23.273857
-13.672816	-15.314427	1086.824219	20.359982
-13.672816	-15.314427	1085.097656	23.263243
-13.672816	-15.314427	1083.371094	17.443453
-13.672816	-15.314427	1081.644531	13.079604
-13.672816	-15.314427	1079.916016	24.700279
-13.672816	-15.314427	1078.189453	17.431511
-13.672816	-15.314427	1076.460938	20.332121
-13.672816	-15.314427	1074.732422	13.067664
-13.672816	-15.314427	1073.001953	23.226095
-13.672816	-15.314427	1071.273438	27.574688
-13.672816	-15.314427	1069.542969	17.411612
-13.672816	-15.314427	1067.812500	18.858269
-13.672816	-15.314427	1066.082031	26.105478
-13.672816	-15.314427	1064.351563	24.649536
-13.672816	-15.314427	1062.619141	20.294975
-13.672816	-15.314427	1060.888672	15.942405
-13.672816	-15.314427	1059.156250	23.183645
-13.672816	-15.314427	1057.421875	15.935109
-13.672816	-15.314427	1055.689453	20.276405
-13.672816	-15.314427	1053.957031	18.823780
-13.672816	-15.314427	1052.222656	23.162424
-13.672816	-15.314427	1050.488281	21.709799
-13.672816	-15.314427	1048.753906	27.492777
-13.672816	-15.314427	1047.019531	13.019910
-13.672816	-15.314427	1045.283203	21.694878
-13.672816	-15.314427	1043.546875	18.797916
-13.672816	-15.314427	1041.810547	20.239267
-13.672816	-15.314427	1040.074219	24.570618
-13.672816	-15.314427	1038.337891	23.119982
-13.672816	-15.314427	1036.599609	20.225342
-13.672816	-15.314427	1034.861328	21.665037
-13.672816	-15.314427	1033.123047	17.328051
-13.672816	-15.314427	1031.384766	23.098763
-13.672816	-15.314427	1029.646484	21.650118
-13.672816	-15.314427	1027.906250	20.202135
-13.672816	-15.314427	1026.167969	27.410885
-13.672816	-15.314427	1024.427734	24.519894
-13.672816	-15.314427	1022.685547	28.840303
-13.672816	-15.314427	1020.945313	20.183571
-13.672816	-15.314427	1019.203125	17.296227
-13.672816	-15.314427	1017.462891	17.292248
-13.672816	-15.314427	1015.720703	23.051027
-13.672816	-15.314427	1013.976563	28.807154
-13.672816	-15.314427	1012.234375	36.000656
-13.672816	-15.314427	1010.490234	24.474812
-13.672816	-15.314427	1008.746094	20.151087
-13.672816	-15.314427	1007.001953	21.585478
-13.672816	-15.314427	1005.257813	31.651411
-13.672816	-15.314427	1003.513672	33.082489
-13.672816	-15.314427	1001.767578	20.132526
-13.672816	-15.314427	1000.021484	28.754124
-13.672816	-15.314427	998.275391	33.059620
-13.672816	-15.314427	996.529297	30.177912
-13.672816	-15.314427	994.781250	30.170952
-13.672816	-15.314427	993.035156	28.727612
-13.672816	-15.314427	991.287109	37.337280
-13.672816	-15.314427	989.539063	38.764381
-13.672816	-15.314427	987.789063	30.143116
-13.672816	-15.314427	986.041016	31.571213
-13.672816	-15.314427	984.291016	35.868095
-13.672816	-15.314427	982.541016	34.425419
-13.672816	-15.314427	980.791016	24.379038
-13.672816	-15.314427	979.041016	38.710705
-13.672816	-15.314427	977.289063	31.534765
-13.672816	-15.314427	975.537109	28.661343
-13.672816	-15.314427	973.785156	31.520187
-13.672816	-15.314427	972.033203	47.269348
-13.672816	-15.314427	970.281250	42.962196
-13.672816	-15.314427	968.527344	41.520515
-13.672816	-15.314427	966.773438	32.922447
-13.672816	-15.314427	965.019531	45.794540
-13.672816	-15.314427	963.265625	42.922443
-13.672816	-15.314427	961.511719	35.760422
-13.672816	-15.314427	959.755859	28.601713
-13.672816	-15.314427	958.000000	41.462879
-13.672816	-15.314427	956.244141	32.876736
-13.672816	-15.314427	954.488281	44.301853
-13.672816	-15.314427	952.730469	38.576542
-13.672816	-15.314427	950.974609	32.853882
-13.672816	-15.314427	949.216797	42.842953
-13.672816	-15.314427	947.458984	37.121948
-13.672816	-15.314427	945.701172	32.831028
-13.672816	-15.314427	943.941406	38.531834
-13.672816	-15.314427	942.181641	42.803211
-13.672816	-15.314427	940.421875	31.381739
-13.672816	-15.314427	938.662109	31.374453
-13.672816	-15.314427	936.902344	39.921852
-13.672816	-15.314427	935.140625	42.763477
-13.672816	-15.314427	933.380859	27.077246
-13.672816	-15.314427	931.619141	25.646168
-13.672816	-15.314427	929.855469	27.064663
-13.672816	-15.314427	928.093750	27.058372
-13.672816	-15.314427	926.330078	25.628288
-13.672816	-15.314427	924.568359	19.928478
-13.672816	-15.314427	922.804688	24.193239
-13.672816	-15.314427	921.039063	22.764811
-13.672816	-15.314427	919.275391	21.337046
-13.672816	-15.314427	917.509766	22.754219
-13.672816	-15.314427	915.744141	25.592539
-13.672816	-15.314427	913.978516	22.743628
-13.672816	-15.314427	912.212891	34.107498
-13.672816	-15.314427	910.447266	24.153851
-13.672816	-15.314427	908.679688	17.045805
-13.672816	-15.314427	906.912109	29.823210
-13.672816	-15.314427	905.144531	24.136972
-13.672816	-15.314427	903.375000	18.453382
-13.672816	-15.314427	901.607422	18.449081
-13.672816	-15.314427	899.837891	26.957754
-13.672816	-15.314427	898.068359	28.369965
-13.672816	-15.314427	896.298828	31.199682
-13.672816	-15.314427	894.529297	28.356730
-13.672816	-15.314427	892.757813	29.767618
-13.672816	-15.314427	890.986328	29.760672
-13.672816	-15.314427	889.214844	28.336880
-13.672816	-15.314427	887.443359	28.330263
-13.672816	-15.314427	885.669922	21.242735
-13.672816	-15.314427	883.898438	25.485329
-13.672816	-15.314427	882.125000	32.556976
-13.672816	-15.314427	880.351563	26.888609
-13.672816	-15.314427	878.578125	22.637747
-13.672816	-15.314427	876.802734	22.632456
-13.672816	-15.314427	875.027344	25.455559
-13.672816	-15.314427	873.251953	22.621872
-13.672816	-15.314427	871.476563	26.857189
-13.672816	-15.314427	869.701172	29.677319
-13.672816	-15.314427	867.923828	21.193125
-13.672816	-15.314427	866.146484	28.250885
-13.672816	-15.314427	864.369141	25.419846
-13.672816	-15.314427	862.591797	25.413893
-13.672816	-15.314427	860.814453	23.996389
-13.672816	-15.314427	859.035156	19.757105
-13.672816	-15.314427	857.255859	23.985149
-13.672816	-15.314427	855.476563	28.211210
-13.672816	-15.314427	853.697266	26.794369
-13.672816	-15.314427	851.916016	22.558392
-13.672816	-15.314427	850.136719	22.553102
-13.672816	-15.314427	848.355469	22.547813
-13.672816	-15.314427	846.574219	18.315802
-13.672816	-15.314427	844.791016	15.494350
-13.672816	-15.314427	843.009766	21.123703
-13.672816	-15.314427	841.226563	28.158327
-13.672816	-15.314427	839.443359	28.151718
-13.672816	-15.314427	837.660156	30.959621
-13.672816	-15.314427	835.875000	19.696951
-13.672816	-15.314427	834.091797	25.318703
-13.672816	-15.314427	832.306641	28.125284
-13.672816	-15.314427	830.521484	23.900875
-13.672816	-15.314427	828.734375	25.300863
-13.672816	-15.314427	826.949219	26.700190
-13.672816	-15.314427	825.162109	28.098856
-13.672816	-15.314427	823.375000	23.878412
-13.672816	-15.314427	821.587891	28.085644
-13.672816	-15.314427	819.800781	26.675087
-13.672816	-15.314427	818.011719	23.861568
-13.672816	-15.314427	816.222656	26.662537
-13.672816	-15.314427	814.433594	21.044418
-13.672816	-15.314427	812.644531	12.623678
-13.672816	-15.314427	810.855469	23.839113
-13.672816	-15.314427	809.064453	26.637442
-13.672816	-15.314427	807.273438	19.622965
-13.672816	-15.314427	805.482422	22.420963
-13.672816	-15.314427	803.691406	23.816662
-13.672816	-15.314427	801.898438	22.410400
-13.672816	-15.314427	800.107422	25.205759
-13.672816	-15.314427	798.314453	22.399837
-13.672816	-15.314427	796.521484	19.595238
-13.672816	-15.314427	794.726563	27.986595
-13.672816	-15.314427	792.933594	25.181995
-13.672816	-15.314427	791.138672	20.980045
-13.672816	-15.314427	789.343750	26.568455
-13.672816	-15.314427	787.546875	20.970146
-13.672816	-15.314427	785.751953	26.555916
-13.672816	-15.314427	783.955078	23.754948
-13.672816	-15.314427	782.158203	27.940399
-13.672816	-15.314427	780.361328	22.347040
-13.672816	-15.314427	778.564453	26.530844
-13.672816	-15.314427	776.765625	25.128546
-13.672816	-15.314427	774.968750	26.518309
-13.672816	-15.314427	773.169922	25.116673
-13.672816	-15.314427	771.369141	32.085941
-13.672816	-15.314427	769.570313	23.710089
-13.672816	-15.314427	767.769531	20.915720
-13.672816	-15.314427	765.970703	25.092928
-13.672816	-15.314427	764.167969	30.661880
-13.672816	-15.314427	762.367188	29.261236
-13.672816	-15.314427	760.566406	34.826561
-13.672816	-15.314427	758.763672	25.069191
-13.672816	-15.314427	756.960938	23.670855
-13.672816	-15.314427	755.158203	32.017693
-13.672816	-15.314427	753.353516	27.834881
-13.672816	-15.314427	751.550781	22.262630
-13.672816	-15.314427	749.746094	25.039528
-13.672816	-15.314427	747.941406	23.642841
-13.672816	-15.314427	746.136719	27.808517
-13.672816	-15.314427	744.330078	27.801928
-13.672816	-15.314427	742.523438	29.185104
-13.672816	-15.314427	740.718750	22.230999
-13.672816	-15.314427	738.910156	23.614838
-13.672816	-15.314427	737.103516	22.220459
-13.672816	-15.314427	735.294922	23.603638
-13.672816	-15.314427	733.488281	24.986158
-13.672816	-15.314427	731.679688	27.755812
-13.672816	-15.314427	729.869141	29.136688
-13.672816	-15.314427	728.060547	24.968376
-13.672816	-15.314427	726.250000	24.962450
-13.672816	-15.314427	724.439453	26.342997
-13.672816	-15.314427	722.628906	27.722887
-13.672816	-15.314427	720.818359	26.330488
-13.672816	-15.314427	719.005859	23.553261
-13.672816	-15.314427	717.195313	24.932823
-13.672816	-15.314427	715.382813	15.233105
-13.672816	-15.314427	713.568359	27.689972
-13.672816	-15.314427	711.755859	33.220070
-13.672816	-15.314427	709.941406	22.141449
-13.672816	-15.314427	708.126953	24.903206
-13.672816	-15.314427	706.312500	24.897285
-13.672816	-15.314427	704.498047	20.742804
-13.672816	-15.314427	702.681641	20.737869
-13.672816	-15.314427	700.867188	23.497326
-13.672816	-15.314427	699.050781	24.873602
-13.672816	-15.314427	697.232422	22.104607
-13.672816	-15.314427	695.416016	33.149017
-13.672816	-15.314427	693.597656	16.570562
-13.672816	-15.314427	691.779297	19.327721
-13.672816	-15.314427	689.960938	19.323118
-13.672816	-15.314427	688.142578	24.838091
-13.672816	-15.314427	686.324219	24.832174
-13.672816	-15.314427	684.503906	22.067785
-13.672816	-15.314427	682.683594	22.062527
-13.672816	-15.314427	680.863281	16.542952
-13.672816	-15.314427	679.041016	26.186764
-13.672816	-15.314427	677.218750	26.180521
-13.672816	-15.314427	675.398438	28.929466
-13.672816	-15.314427	673.576172	17.904446
-13.672816	-15.314427	671.751953	22.030985
-13.672816	-15.314427	669.929688	23.402338
-13.672816	-15.314427	668.105469	26.149315
-13.672816	-15.314427	666.281250	26.143074
-13.672816	-15.314427	664.457031	27.512459
-13.672816	-15.314427	662.630859	23.380007
-13.672816	-15.314427	660.806641	30.249258
-13.672816	-15.314427	658.980469	27.492760
-13.672816	-15.314427	657.154297	30.234814
-13.672816	-15.314427	655.326172	28.853611
-13.672816	-15.314427	653.500000	26.099413
-13.672816	-15.314427	651.671875	37.079777
-13.672816	-15.314427	649.843750	24.713945
-13.672816	-15.314427	648.015625	28.826046
-13.672816	-15.314427	646.185547	21.957453
-13.672816	-15.314427	644.357422	32.928307
-13.672816	-15.314427	642.527344	28.805380
-13.672816	-15.314427	640.697266	35.655273
-13.672816	-15.314427	638.865234	30.162632
-13.672816	-15.314427	637.035156	34.267521
-13.672816	-15.314427	635.203125	34.259323
-13.672816	-15.314427	633.371094	30.140991
-13.672816	-15.314427	631.539063	34.242931
-13.672816	-15.314427	629.705078	23.279621
-13.672816	-15.314427	627.873047	28.750296
-13.672816	-15.314427	626.039063	34.218349
-13.672816	-15.314427	624.203125	31.473345
-13.672816	-15.314427	622.369141	34.201965
-13.672816	-15.314427	620.535156	34.193775
-13.672816	-15.314427	618.699219	36.920429
-13.672816	-15.314427	616.863281	24.607723
-13.672816	-15.314427	615.025391	32.802437
-13.672816	-15.314427	613.189453	27.328815
-13.672816	-15.314427	611.351563	28.688379
-13.672816	-15.314427	609.513672	32.778858
-13.672816	-15.314427	607.675781	27.309168
-13.672816	-15.314427	605.837891	30.032883
-13.672816	-15.314427	603.998047	30.025682
-13.672816	-15.314427	602.158203	34.111912
-13.672816	-15.314427	600.318359	30.011282
-13.672816	-15.314427	598.478516	31.367905
-13.672816	-15.314427	596.636719	29.996883
-13.672816	-15.314427	594.796875	27.263351
-13.672816	-15.314427	592.955078	28.619650
-13.672816	-15.314427	591.111328	23.162727
-13.672816	-15.314427	589.269531	27.243727
-13.672816	-15.314427	587.425781	23.151608
-13.672816	-15.314427	585.583984	32.676777
-13.672816	-15.314427	583.738281	27.224108
-13.672816	-15.314427	581.894531	28.578447
-13.672816	-15.314427	580.050781	19.047722
-13.672816	-15.314427	578.205078	32.645393
-13.672816	-15.314427	576.359375	20.398470
-13.672816	-15.314427	574.513672	28.550995
-13.672816	-15.314427	572.666016	36.699600
-13.672816	-15.314427	570.818359	20.383766
-13.672816	-15.314427	568.970703	23.096050
-13.672816	-15.314427	567.123047	25.807026
-13.672816	-15.314427	565.275391	21.727007
-13.672816	-15.314427	563.425781	25.794617
-13.672816	-15.314427	561.576172	21.716558
-13.672816	-15.314427	559.726563	24.425253
-13.672816	-15.314427	557.876953	31.202538
-13.672816	-15.314427	556.027344	31.195032
-13.672816	-15.314427	554.175781	21.695669
-13.672816	-15.314427	552.324219	21.690449
-13.672816	-15.314427	550.472656	25.751209
-13.672816	-15.314427	548.619141	28.455013
-13.672816	-15.314427	546.767578	29.802837
-13.672816	-15.314427	544.914063	35.213055
-13.672816	-15.314427	543.060547	33.850555
-13.672816	-15.314427	541.205078	36.549797
-13.672816	-15.314427	539.351563	37.894363
-13.672816	-15.314427	537.496094	41.944370
-13.672816	-15.314427	535.640625	40.581547
-13.672816	-15.314427	533.785156	63.562439
-13.672816	-15.314427	531.927734	64.899193
-13.672816	-15.314427	530.070313	70.290512
-13.672816	-15.314427	528.212891	93.247627
-13.672816	-15.314427	526.355469	124.300209
-13.672816	-15.314427	524.498047	206.666824
-13.672816	-15.314427	522.638672	390.276550
-13.672816	-15.314427	520.779297	591.349182
-13.672816	-15.314427	518.919922	461.627075
-13.672816	-15.314427	517.060547	237.505173
-13.672816	-15.314427	515.199219	144.357529
-13.672816	-15.314427	513.339844	97.114349
-13.672816	-15.314427	511.478516	83.606071
-13.672816	-15.314427	509.615234	63.363503
-13.672816	-15.314427	507.753906	55.261208
-13.672816	-15.314427	505.890625	64.680435
-13.672816	-15.314427	504.027344	48.498623
-13.672816	-15.314427	502.164063	45.793198
-13.672816	-15.314427	500.300781	61.940548
-13.672816	-15.314427	498.435547	65.964226
-13.672816	-15.314427	496.570313	55.181229
-13.672816	-15.314427	494.705078	64.586815
-13.672816	-15.314427	492.839844	63.225986
-13.672816	-15.314427	490.972656	65.900536
-13.672816	-15.314427	489.107422	53.783360
-13.672816	-15.314427	487.240234	53.770370
-13.672816	-15.314427	485.371094	48.381641
-13.672816	-15.314427	483.503906	45.682732
-13.672816	-15.314427	481.634766	36.268700
-13.672816	-15.314427	479.765625	36.259933
-13.672816	-15.314427	477.896484	36.251171
-13.672816	-15.314427	476.027344	38.927032
-13.672816	-15.314427	474.156250	42.943588
-13.672816	-15.314427	472.285156	37.566555
-13.672816	-15.314427	470.414063	40.240150
-13.672816	-15.314427	468.542969	38.889408
-13.672816	-15.314427	466.669922	32.176556
-13.672816	-15.314427	464.796875	36.189869
-13.672816	-15.314427	462.923828	41.541283
-13.672816	-15.314427	461.050781	36.172367
-13.672816	-15.314427	459.177734	29.466652
-13.672816	-15.314427	457.302734	30.798592
-13.672816	-15.314427	455.427734	30.791142
-13.672816	-15.314427	453.552734	32.122112
-13.672816	-15.314427	451.675781	25.423853
-13.672816	-15.314427	449.800781	30.768795
-13.672816	-15.314427	447.923828	36.111149
-13.672816	-15.314427	446.046875	28.079651
-13.672816	-15.314427	444.169922	29.409657
-13.672816	-15.314427	442.291016	34.748455
-13.672816	-15.314427	440.412109	32.067730
-13.672816	-15.314427	438.533203	36.067463
-13.672816	-15.314427	436.654297	33.387714
-13.672816	-15.314427	434.773438	30.709259
-13.672816	-15.314427	432.894531	25.362373
-13.672816	-15.314427	431.013672	24.021694
-13.672816	-15.314427	429.130859	24.015875
-13.672816	-15.314427	427.250000	28.011734
-13.672816	-15.314427	425.367188	26.671379
-13.672816	-15.314427	423.484375	26.664919
-13.672816	-15.314427	421.601563	25.325535
-13.672816	-15.314427	419.718750	26.651999
-13.672816	-15.314427	417.833984	31.974649
-13.672816	-15.314427	415.949219	31.966902
-13.672816	-15.314427	414.064453	26.632627
-13.672816	-15.314427	412.179688	26.626173
-13.672816	-15.314427	410.294922	29.281693
-13.672816	-15.314427	408.408203	31.935921
-13.672816	-15.314427	406.521484	37.249542
-13.672816	-15.314427	404.634766	38.570530
-13.672816	-15.314427	402.746094	46.539352
-13.672816	-15.314427	400.857422	55.833683
-13.672816	-15.314427	398.968750	74.426857
-13.672816	-15.314427	397.080078	90.353561
-13.672816	-15.314427	395.191406	81.032799
-13.672816	-15.314427	393.300781	77.028893
-13.672816	-15.314427	391.410156	69.043640
-13.672816	-15.314427	389.519531	66.372009
-13.672816	-15.314427	387.628906	67.683029
-13.672816	-15.314427	385.736328	55.725445
-13.672816	-15.314427	383.843750	50.406029
-13.672816	-15.314427	381.951172	35.806122
-13.672816	-15.314427	380.058594	55.684895
-13.672816	-15.314427	378.164063	60.973419
-13.672816	-15.314427	376.271484	72.885315
-13.672816	-15.314427	374.376953	71.542763
-13.672816	-15.314427	372.480469	68.876312
-13.672816	-15.314427	370.585938	62.238480
-13.672816	-15.314427	368.689453	45.012653
-13.672816	-15.314427	366.792969	47.648888
-13.672816	-15.314427	364.896484	54.253616
-13.672816	-15.314427	363.000000	52.917507
-13.672816	-15.314427	361.101563	60.840363
-13.672816	-15.314427	359.203125	56.858704
-13.672816	-15.314427	357.304688	55.522926
-13.672816	-15.314427	355.406250	46.257870
-13.672816	-15.314427	353.505859	59.459965
-13.672816	-15.314427	351.605469	50.198444
-13.672816	-15.314427	349.705078	54.148327
-13.672816	-15.314427	347.804688	47.533329
-13.672816	-15.314427	345.902344	46.201736
-13.672816	-15.314427	344.001953	38.272141
-13.672816	-15.314427	342.099609	46.179295
-13.672816	-15.314427	340.195313	38.253551
-13.672816	-15.314427	338.292969	44.838097
-13.672816	-15.314427	336.388672	36.916523
-13.672816	-15.314427	334.484375	40.861938
-13.672816	-15.314427	332.580078	43.487625
-13.672816	-15.314427	330.675781	36.889626
-13.672816	-15.314427	328.769531	38.197830
-13.672816	-15.314427	326.863281	39.505398
-13.672816	-15.314427	324.957031	46.078434
-13.672816	-15.314427	323.048828	34.221378
-13.672816	-15.314427	321.142578	38.160721
-13.672816	-15.314427	319.234375	42.098152
-13.672816	-15.314427	317.326172	27.620199
-13.672816	-15.314427	315.417969	27.613487
-13.672816	-15.314427	313.507813	32.865211
-13.672816	-15.314427	311.597656	36.800091
-13.672816	-15.314427	309.687500	32.849239
-13.672816	-15.314427	307.777344	26.273005
-13.672816	-15.314427	305.865234	34.146606
-13.672816	-15.314427	303.955078	39.390354
-13.672816	-15.314427	302.042969	32.817318
-13.672816	-15.314427	300.128906	31.496967
-13.672816	-15.314427	298.216797	28.865202
-13.672816	-15.314427	296.302734	36.728600
-13.672816	-15.314427	294.388672	38.031090
-13.672816	-15.314427	292.474609	39.332943
-13.672816	-15.314427	290.560547	38.012604
-13.672816	-15.314427	288.644531	41.934746
-13.672816	-15.314427	286.728516	53.715832
-13.672816	-15.314427	284.812500	55.012596
-13.672816	-15.314427	282.896484	61.546749
-13.672816	-15.314427	280.978516	57.604225
-13.672816	-15.314427	279.060547	60.207962
-13.672816	-15.314427	277.142578	60.193321
-13.672816	-15.314427	275.224609	56.253990
-13.672816	-15.314427	273.304688	64.087799
-13.672816	-15.314427	271.384766	78.455780
-13.672816	-15.314427	269.464844	88.894936
-13.672816	-15.314427	267.544922	84.952438
-13.672816	-15.314427	265.623047	138.504135
-13.672816	-15.314427	263.703125	218.156296
-13.672816	-15.314427	261.781250	283.403625
-13.672816	-15.314427	259.857422	257.220917
-13.672816	-15.314427	257.935547	255.853012
-13.672816	-15.314427	256.011719	240.130142
-13.672816	-15.314427	254.087891	238.767029
-13.672816	-15.314427	252.164063	636.557251
-13.672816	-15.314427	250.240234	1802.270996
-13.672816	-15.314427	248.314453	1791.402466
-13.672816	-15.314427	246.388672	775.564270
-13.672816	-15.314427	244.462891	336.213318
-13.672816	-15.314427	242.535156	239.721741
-13.672816	-15.314427	240.609375	196.680344
-13.672816	-15.314427	238.681641	145.846634
-13.672816	-15.314427	236.753906	141.905518
-13.672816	-15.314427	234.824219	118.442772
-13.672816	-15.314427	232.896484	89.786423
-13.672816	-15.314427	230.966797	74.153358
-13.672816	-15.314427	229.037109	67.632233
-13.672816	-15.314427	227.107422	76.717911
-13.672816	-15.314427	225.175781	80.599220
-13.672816	-15.314427	223.244141	79.279953
-13.672816	-15.314427	221.312500	72.763901
-13.672816	-15.314427	219.380859	103.923157
-13.672816	-15.314427	217.447266	84.417038
-13.672816	-15.314427	215.515625	80.501289
-13.672816	-15.314427	213.582031	59.712242
-13.672816	-15.314427	211.646484	57.102173
-13.672816	-15.314427	209.712891	48.006062
-13.672816	-15.314427	207.777344	57.074413
-13.672816	-15.314427	205.841797	45.389065
-13.672816	-15.314427	203.906250	32.412880
-13.672816	-15.314427	201.968750	33.701199
-13.672816	-15.314427	200.033203	36.284775
-13.672816	-15.314427	198.095703	37.571526
-13.672816	-15.314427	196.158203	24.609844
-13.672816	-15.314427	194.218750	31.078562
-13.672816	-15.314427	192.281250	24.597881
-13.672816	-15.314427	190.341797	16.826038
-13.672816	-15.314427	188.402344	25.879921
-13.672816	-15.314427	186.460938	24.579950
-13.672816	-15.314427	184.521484	29.747444
-13.672816	-15.314427	182.580078	24.568003
-13.672816	-15.314427	180.638672	24.562033
-13.672816	-15.314427	178.695313	24.556065
-13.672816	-15.314427	176.753906	25.842207
-13.672816	-15.314427	174.810547	21.960539
-13.672816	-15.314427	172.867188	25.829649
-13.672816	-15.314427	170.921875	29.696878
-13.672816	-15.314427	168.978516	25.817099
-13.672816	-15.314427	167.033203	23.229742
-13.672816	-15.314427	165.087891	28.385010
-13.672816	-15.314427	163.142578	29.668028
-13.672816	-15.314427	161.195313	29.660820
-13.672816	-15.314427	159.248047	29.653614
-13.672816	-15.314427	157.300781	28.357437
-13.672816	-15.314427	155.353516	29.639210
-13.672816	-15.314427	153.406250	29.632010
-13.672816	-15.314427	151.457031	28.336777
-13.672816	-15.314427	149.507813	39.919395
-13.672816	-15.314427	147.558594	34.760063
-13.672816	-15.314427	145.607422	50.196785
-13.672816	-15.314427	143.658203	57.905304
-13.672816	-15.314427	141.707031	47.599464
-13.672816	-15.314427	139.753906	55.304863
-13.672816	-15.314427	137.802734	81.008385
-13.672816	-15.314427	135.849609	71.989967
-13.672816	-15.314427	133.896484	47.553253
-13.672816	-15.314427	131.943359	50.111530
-13.672816	-15.314427	129.990234	50.099365
-13.672816	-15.314427	128.035156	47.518627
-13.672816	-15.314427	126.080078	38.519264
-13.672816	-15.314427	124.125000	47.495564
-13.672816	-15.314427	122.169922	61.600910
-13.672816	-15.314427	120.212891	53.887714
-13.672816	-15.314427	118.255859	50.026447
-13.672816	-15.314427	116.298828	52.579147
-13.672816	-15.314427	114.341797	44.873745
-13.672816	-15.314427	112.382813	42.299267
-13.672816	-15.314427	110.423828	32.037125
-13.672816	-15.314427	108.464844	33.310524
-13.672816	-15.314427	106.505859	28.178991
-13.672816	-15.314427	104.544922	15.366631
-13.672816	-15.314427	102.585938	12.802420
-13.672816	-15.314427	100.625000	7.679589
-13.672816	-15.314427	98.662109	7.677726
-13.672816	-15.314427	96.701172	6.396554
-13.672816	-15.314427	94.738281	0.000000
-13.672816	-15.314427	92.775391	3.836071
-13.672816	-15.314427	90.812500	3.835141
-13.672816	-15.314427	88.847656	3.834212
-13.672816	-15.314427	86.882813	3.833282
-13.672816	-15.314427	84.917969	3.832353
-13.672816	-15.314427	82.953125	3.831424
-13.672816	-15.314427	80.988281	1.276832
-13.672816	-15.314427	79.021484	0.000000
-13.672816	-15.314427	77.054688	1.276213
-13.672816	-15.314427	75.087891	1.275904
-13.672816	-15.314427	73.119141	0.000000
-13.672816	-15.314427	71.152344	-1.275286
-13.672816	-15.314427	69.183594	3.824930
-13.672816	-15.314427	67.212891	2.549336
-13.672816	-15.314427	65.244141	0.000000
-13.672816	-15.314427	63.273438	0.000000
-13.672816	-15.314427	61.302734	-1.273742
-13.672816	-15.314427	59.332031	0.000000
-22.672816	-12.314427	1838.626953	24.107229
-22.672816	-12.314427	1837.066406	17.678635
-22.672816	-12.314427	1835.503906	20.888487
-22.672816	-12.314427	1833.941406	27.309900
-22.672816	-12.314427	1832.378906	27.304089
-22.672816	-12.314427	1830.816406	24.086716
-22.672816	-12.314427	1829.251953	14.448955
-22.672816	-12.314427	1827.687500	22.471367
-22.672816	-12.314427	1826.125000	20.861830
-22.672816	-12.314427	1824.560547	25.670633
-22.672816	-12.314427	1822.994141	20.852951
-22.672816	-12.314427	1821.429688	20.848513
-22.672816	-12.314427	1819.865234	25.654247
-22.672816	-12.314427	1818.298828	16.030491
-22.672816	-12.314427	1816.732422	22.437912
-22.672816	-12.314427	1815.166016	12.818934
-22.672816	-12.314427	1813.599609	17.622284
-22.672816	-12.314427	1812.033203	24.025270
-22.672816	-12.314427	1810.464844	17.614782
-22.672816	-12.314427	1808.896484	28.818052
-22.672816	-12.314427	1807.330078	25.610594
-22.672816	-12.314427	1805.759766	24.004820
-22.672816	-12.314427	1804.191406	22.399729
-22.672816	-12.314427	1802.623047	22.394960
-22.672816	-12.314427	1801.052734	20.790892
-22.672816	-12.314427	1799.484375	17.588549
-22.672816	-12.314427	1797.914063	20.782040
-22.672816	-12.314427	1796.343750	23.974171
-22.672816	-12.314427	1794.771484	17.577314
-22.672816	-12.314427	1793.201172	25.561558
-22.672816	-12.314427	1791.628906	22.361601
-22.672816	-12.314427	1790.058594	17.566088
-22.672816	-12.314427	1788.486328	31.931538
-22.672816	-12.314427	1786.914063	23.943554
-22.672816	-12.314427	1785.339844	23.938454
-22.672816	-12.314427	1783.767578	19.146683
-22.672816	-12.314427	1782.193359	17.547388
-22.672816	-12.314427	1780.621094	23.923159
-22.672816	-12.314427	1779.046875	23.918062
-22.672816	-12.314427	1777.470703	15.941978
-22.672816	-12.314427	1775.896484	22.314014
-22.672816	-12.314427	1774.322266	23.902779
-22.672816	-12.314427	1772.746094	25.490864
-22.672816	-12.314427	1771.169922	22.299753
-22.672816	-12.314427	1769.593750	12.740001
-22.672816	-12.314427	1768.017578	22.290249
-22.672816	-12.314427	1766.441406	27.060963
-22.672816	-12.314427	1764.863281	27.055195
-22.672816	-12.314427	1763.287109	20.684858
-22.672816	-12.314427	1761.708984	25.452860
-22.672816	-12.314427	1760.130859	28.628363
-22.672816	-12.314427	1758.552734	22.261757
-22.672816	-12.314427	1756.972656	19.077438
-22.672816	-12.314427	1755.394531	22.252266
-22.672816	-12.314427	1753.814453	22.247522
-22.672816	-12.314427	1752.234375	22.242777
-22.672816	-12.314427	1750.654297	25.414896
-22.672816	-12.314427	1749.074219	20.645201
-22.672816	-12.314427	1747.492188	23.816303
-22.672816	-12.314427	1745.912109	26.986053
-22.672816	-12.314427	1744.330078	23.806145
-22.672816	-12.314427	1742.748047	26.974543
-22.672816	-12.314427	1741.166016	22.209591
-22.672816	-12.314427	1739.583984	17.446669
-22.672816	-12.314427	1738.000000	20.614391
-22.672816	-12.314427	1736.417969	19.024609
-22.672816	-12.314427	1734.833984	30.115871
-22.672816	-12.314427	1733.250000	23.770613
-22.672816	-12.314427	1731.666016	23.765541
-22.672816	-12.314427	1730.082031	22.176437
-22.672816	-12.314427	1728.496094	26.922783
-22.672816	-12.314427	1726.912109	22.166971
-22.672816	-12.314427	1725.326172	25.328272
-22.672816	-12.314427	1723.740234	26.905544
-22.672816	-12.314427	1722.154297	30.064482
-22.672816	-12.314427	1720.566406	22.148046
-22.672816	-12.314427	1718.980469	20.561651
-22.672816	-12.314427	1717.392578	23.719915
-22.672816	-12.314427	1715.804688	23.714849
-22.672816	-12.314427	1714.216797	23.709784
-22.672816	-12.314427	1712.628906	20.544088
-22.672816	-12.314427	1711.041016	31.599539
-22.672816	-12.314427	1709.451172	26.853870
-22.672816	-12.314427	1707.861328	26.848131
-22.672816	-12.314427	1706.271484	23.684465
-22.672816	-12.314427	1704.681641	18.943523
-22.672816	-12.314427	1703.091797	23.674343
-22.672816	-12.314427	1701.501953	25.247236
-22.672816	-12.314427	1699.910156	28.397070
-22.672816	-12.314427	1698.318359	28.390999
-22.672816	-12.314427	1696.726563	22.077168
-22.672816	-12.314427	1695.134766	25.225653
-22.672816	-12.314427	1693.542969	28.372791
-22.672816	-12.314427	1691.949219	12.607433
-22.672816	-12.314427	1690.357422	18.907104
-22.672816	-12.314427	1688.763672	22.053572
-22.672816	-12.314427	1687.169922	22.048853
-22.672816	-12.314427	1685.576172	22.044136
-22.672816	-12.314427	1683.982422	18.890932
-22.672816	-12.314427	1682.386719	31.478149
-22.672816	-12.314427	1680.791016	20.456419
-22.672816	-12.314427	1679.195313	29.891443
-22.672816	-12.314427	1677.599609	25.166355
-22.672816	-12.314427	1676.003906	23.588408
-22.672816	-12.314427	1674.408203	28.300030
-22.672816	-12.314427	1672.810547	15.718872
-22.672816	-12.314427	1671.214844	15.715507
-22.672816	-12.314427	1669.617188	32.995499
-22.672816	-12.314427	1668.019531	20.421410
-22.672816	-12.314427	1666.419922	20.417036
-22.672816	-12.314427	1664.822266	28.263685
-22.672816	-12.314427	1663.222656	25.117895
-22.672816	-12.314427	1661.623047	15.695320
-22.672816	-12.314427	1660.023438	20.399546
-22.672816	-12.314427	1658.423828	15.688595
-22.672816	-12.314427	1656.824219	15.685232
-22.672816	-12.314427	1655.222656	25.090994
-22.672816	-12.314427	1653.623047	25.085615
-22.672816	-12.314427	1652.021484	18.810177
-22.672816	-12.314427	1650.419922	25.074860
-22.672816	-12.314427	1648.818359	26.636326
-22.672816	-12.314427	1647.214844	26.630613
-22.672816	-12.314427	1645.613281	18.794048
-22.672816	-12.314427	1644.009766	26.619190
-22.672816	-12.314427	1642.406250	21.916983
-22.672816	-12.314427	1640.802734	21.912281
-22.672816	-12.314427	1639.199219	20.342752
-22.672816	-12.314427	1637.593750	32.854317
-22.672816	-12.314427	1635.990234	23.462332
-22.672816	-12.314427	1634.384766	21.893476
-22.672816	-12.314427	1632.779297	21.888777
-22.672816	-12.314427	1631.173828	21.884077
-22.672816	-12.314427	1629.568359	18.753752
-22.672816	-12.314427	1627.960938	15.624771
-22.672816	-12.314427	1626.353516	23.432123
-22.672816	-12.314427	1624.748047	20.303478
-22.672816	-12.314427	1623.140625	23.422056
-22.672816	-12.314427	1621.531250	14.050215
-22.672816	-12.314427	1619.923828	20.290394
-22.672816	-12.314427	1618.314453	21.846498
-22.672816	-12.314427	1616.707031	21.841803
-22.672816	-12.314427	1615.097656	21.837107
-22.672816	-12.314427	1613.488281	20.272955
-22.672816	-12.314427	1611.878906	21.827719
-22.672816	-12.314427	1610.267578	28.058174
-22.672816	-12.314427	1608.656250	26.493689
-22.672816	-12.314427	1607.046875	28.046106
-22.672816	-12.314427	1605.435547	20.251163
-22.672816	-12.314427	1603.824219	23.361700
-22.672816	-12.314427	1602.210938	15.571116
-22.672816	-12.314427	1600.599609	21.794870
-22.672816	-12.314427	1598.986328	24.903063
-22.672816	-12.314427	1597.373047	18.673277
-22.672816	-12.314427	1595.759766	18.669256
-22.672816	-12.314427	1594.146484	21.776110
-22.672816	-12.314427	1592.533203	15.551015
-22.672816	-12.314427	1590.917969	21.766733
-22.672816	-12.314427	1589.302734	24.870907
-22.672816	-12.314427	1587.687500	17.095066
-22.672816	-12.314427	1586.072266	24.860191
-22.672816	-12.314427	1584.457031	20.194553
-22.672816	-12.314427	1582.839844	18.637110
-22.672816	-12.314427	1581.224609	23.291365
-22.672816	-12.314427	1579.607422	26.391190
-22.672816	-12.314427	1577.990234	23.281324
-22.672816	-12.314427	1576.373047	21.724550
-22.672816	-12.314427	1574.755859	24.822702
-22.672816	-12.314427	1573.136719	17.061928
-22.672816	-12.314427	1571.517578	18.608997
-22.672816	-12.314427	1569.898438	18.604982
-22.672816	-12.314427	1568.279297	17.050886
-22.672816	-12.314427	1566.660156	17.047207
-22.672816	-12.314427	1565.041016	23.241173
-22.672816	-12.314427	1563.419922	18.588924
-22.672816	-12.314427	1561.798828	18.584911
-22.672816	-12.314427	1560.177734	17.032490
-22.672816	-12.314427	1558.556641	24.769182
-22.672816	-12.314427	1556.935547	18.572874
-22.672816	-12.314427	1555.312500	17.021456
-22.672816	-12.314427	1553.691406	21.658991
-22.672816	-12.314427	1552.068359	23.201048
-22.672816	-12.314427	1550.445313	20.103230
-22.672816	-12.314427	1548.822266	23.191019
-22.672816	-12.314427	1547.197266	23.186007
-22.672816	-12.314427	1545.574219	23.180992
-22.672816	-12.314427	1543.949219	27.811176
-22.672816	-12.314427	1542.324219	18.536774
-22.672816	-12.314427	1540.699219	24.710352
-22.672816	-12.314427	1539.072266	18.528755
-22.672816	-12.314427	1537.447266	27.787119
-22.672816	-12.314427	1535.820313	27.781105
-22.672816	-12.314427	1534.193359	20.059790
-22.672816	-12.314427	1532.566406	23.140900
-22.672816	-12.314427	1530.939453	27.763067
-22.672816	-12.314427	1529.312500	24.672939
-22.672816	-12.314427	1527.683594	21.584146
-22.672816	-12.314427	1526.056641	30.827814
-22.672816	-12.314427	1524.427734	29.280079
-22.672816	-12.314427	1522.798828	23.110844
-22.672816	-12.314427	1521.167969	18.484669
-22.672816	-12.314427	1519.539063	23.100828
-22.672816	-12.314427	1517.908203	18.476656
-22.672816	-12.314427	1516.277344	23.090813
-22.672816	-12.314427	1514.646484	15.390537
-22.672816	-12.314427	1513.015625	23.080799
-22.672816	-12.314427	1511.384766	15.383862
-22.672816	-12.314427	1509.751953	18.456629
-22.672816	-12.314427	1508.121094	19.990343
-22.672816	-12.314427	1506.488281	21.523390
-22.672816	-12.314427	1504.855469	23.055769
-22.672816	-12.314427	1503.220703	16.903894
-22.672816	-12.314427	1501.587891	18.436607
-22.672816	-12.314427	1499.953125	23.040754
-22.672816	-12.314427	1498.318359	23.035749
-22.672816	-12.314427	1496.683594	30.707663
-22.672816	-12.314427	1495.048828	24.560793
-22.672816	-12.314427	1493.414063	19.951307
-22.672816	-12.314427	1491.777344	13.809442
-22.672816	-12.314427	1490.140625	29.146929
-22.672816	-12.314427	1488.505859	21.472015
-22.672816	-12.314427	1486.867188	26.067492
-22.672816	-12.314427	1485.230469	21.462677
-22.672816	-12.314427	1483.593750	15.327149
-22.672816	-12.314427	1481.955078	19.920959
-22.672816	-12.314427	1480.316406	18.384577
-22.672816	-12.314427	1478.677734	24.507435
-22.672816	-12.314427	1477.039063	19.907957
-22.672816	-12.314427	1475.400391	21.434671
-22.672816	-12.314427	1473.759766	22.960718
-22.672816	-12.314427	1472.119141	24.486099
-22.672816	-12.314427	1470.478516	19.890623
-22.672816	-12.314427	1468.837891	15.297146
-22.672816	-12.314427	1467.197266	22.940720
-22.672816	-12.314427	1465.556641	16.819529
-22.672816	-12.314427	1463.914063	25.988152
-22.672816	-12.314427	1462.271484	16.812197
-22.672816	-12.314427	1460.628906	10.696338
-22.672816	-12.314427	1458.986328	24.443441
-22.672816	-12.314427	1457.343750	19.855965
-22.672816	-12.314427	1455.699219	18.324585
-22.672816	-12.314427	1454.054688	18.320585
-22.672816	-12.314427	1452.410156	15.263824
-22.672816	-12.314427	1450.765625	22.890738
-22.672816	-12.314427	1449.121094	12.205729
-22.672816	-12.314427	1447.474609	19.829979
-22.672816	-12.314427	1445.830078	28.975946
-22.672816	-12.314427	1444.183594	19.821318
-22.672816	-12.314427	1442.537109	22.865755
-22.672816	-12.314427	1440.890625	21.336708
-22.672816	-12.314427	1439.242188	19.808329
-22.672816	-12.314427	1437.595703	15.233846
-22.672816	-12.314427	1435.947266	21.322721
-22.672816	-12.314427	1434.298828	18.272623
-22.672816	-12.314427	1432.650391	25.880554
-22.672816	-12.314427	1431.000000	27.396946
-22.672816	-12.314427	1429.351563	16.738914
-22.672816	-12.314427	1427.701172	24.342186
-22.672816	-12.314427	1426.050781	22.815805
-22.672816	-12.314427	1424.400391	25.852253
-22.672816	-12.314427	1422.750000	21.285429
-22.672816	-12.314427	1421.097656	12.160439
-22.672816	-12.314427	1419.447266	24.315552
-22.672816	-12.314427	1417.794922	22.790836
-22.672816	-12.314427	1416.142578	21.266788
-22.672816	-12.314427	1414.490234	22.780851
-22.672816	-12.314427	1412.835938	19.739077
-22.672816	-12.314427	1411.183594	21.252808
-22.672816	-12.314427	1409.529297	15.177249
-22.672816	-12.314427	1407.875000	18.208706
-22.672816	-12.314427	1406.220703	21.238831
-22.672816	-12.314427	1404.566406	21.234171
-22.672816	-12.314427	1402.910156	18.196724
-22.672816	-12.314427	1401.255859	18.192732
-22.672816	-12.314427	1399.599609	18.188738
-22.672816	-12.314427	1397.943359	22.730932
-22.672816	-12.314427	1396.287109	25.756067
-22.672816	-12.314427	1394.628906	24.235680
-22.672816	-12.314427	1392.970703	25.744755
-22.672816	-12.314427	1391.314453	21.196905
-22.672816	-12.314427	1389.656250	16.651051
-22.672816	-12.314427	1387.998047	28.754585
-22.672816	-12.314427	1386.337891	15.130666
-22.672816	-12.314427	1384.679688	24.203743
-22.672816	-12.314427	1383.019531	22.686018
-22.672816	-12.314427	1381.359375	19.656891
-22.672816	-12.314427	1379.699219	16.629095
-22.672816	-12.314427	1378.039063	27.205259
-22.672816	-12.314427	1376.376953	21.154989
-22.672816	-12.314427	1374.716797	21.150333
-22.672816	-12.314427	1373.054688	22.656082
-22.672816	-12.314427	1371.392578	22.651094
-22.672816	-12.314427	1369.728516	21.136366
-22.672816	-12.314427	1368.066406	21.131708
-22.672816	-12.314427	1366.402344	22.636129
-22.672816	-12.314427	1364.740234	22.631140
-22.672816	-12.314427	1363.076172	24.134562
-22.672816	-12.314427	1361.412109	27.145397
-22.672816	-12.314427	1359.746094	15.077451
-22.672816	-12.314427	1358.082031	24.118601
-22.672816	-12.314427	1356.416016	30.141602
-22.672816	-12.314427	1354.750000	22.601213
-22.672816	-12.314427	1353.083984	22.596226
-22.672816	-12.314427	1351.417969	24.097322
-22.672816	-12.314427	1349.750000	19.574751
-22.672816	-12.314427	1348.083984	15.054176
-22.672816	-12.314427	1346.416016	24.081364
-22.672816	-12.314427	1344.748047	21.066538
-22.672816	-12.314427	1343.078125	13.539783
-22.672816	-12.314427	1341.410156	22.561317
-22.672816	-12.314427	1339.740234	21.052576
-22.672816	-12.314427	1338.072266	16.537653
-22.672816	-12.314427	1336.402344	19.540178
-22.672816	-12.314427	1334.730469	22.541374
-22.672816	-12.314427	1333.060547	18.029110
-22.672816	-12.314427	1331.388672	15.020934
-22.672816	-12.314427	1329.718750	24.028177
-22.672816	-12.314427	1328.046875	16.515717
-22.672816	-12.314427	1326.375000	24.017542
-22.672816	-12.314427	1324.701172	21.010696
-22.672816	-12.314427	1323.029297	24.006907
-22.672816	-12.314427	1321.355469	21.001390
-22.672816	-12.314427	1319.681641	19.496971
-22.672816	-12.314427	1318.007813	19.492649
-22.672816	-12.314427	1316.333984	20.987432
-22.672816	-12.314427	1314.660156	17.985239
-22.672816	-12.314427	1312.984375	17.981253
-22.672816	-12.314427	1311.308594	20.973475
-22.672816	-12.314427	1309.632813	23.964369
-22.672816	-12.314427	1307.957031	17.969290
-22.672816	-12.314427	1306.279297	22.456627
-22.672816	-12.314427	1304.603516	23.948420
-22.672816	-12.314427	1302.925781	17.957327
-22.672816	-12.314427	1301.248047	20.945564
-22.672816	-12.314427	1299.570313	16.453573
-22.672816	-12.314427	1297.892578	23.927155
-22.672816	-12.314427	1296.212891	23.921839
-22.672816	-12.314427	1294.533203	20.926958
-22.672816	-12.314427	1292.853516	16.438955
-22.672816	-12.314427	1291.173828	23.905891
-22.672816	-12.314427	1289.494141	25.394361
-22.672816	-12.314427	1287.812500	20.908352
-22.672816	-12.314427	1286.132813	16.424337
-22.672816	-12.314427	1284.451172	20.899052
-22.672816	-12.314427	1282.769531	16.417028
-22.672816	-12.314427	1281.085938	23.873999
-22.672816	-12.314427	1279.404297	17.901514
-22.672816	-12.314427	1277.720703	16.406067
-22.672816	-12.314427	1276.039063	17.893541
-22.672816	-12.314427	1274.355469	17.889555
-22.672816	-12.314427	1272.669922	23.847425
-22.672816	-12.314427	1270.986328	20.861847
-22.672816	-12.314427	1269.300781	20.857197
-22.672816	-12.314427	1267.615234	22.342014
-22.672816	-12.314427	1265.929688	19.358761
-22.672816	-12.314427	1264.244141	31.264870
-22.672816	-12.314427	1262.558594	22.327068
-22.672816	-12.314427	1260.871094	17.857668
-22.672816	-12.314427	1259.185547	19.341490
-22.672816	-12.314427	1257.498047	22.312122
-22.672816	-12.314427	1255.808594	20.819998
-22.672816	-12.314427	1254.121094	19.328537
-22.672816	-12.314427	1252.433594	20.810699
-22.672816	-12.314427	1250.744141	16.347610
-22.672816	-12.314427	1249.054688	16.343958
-22.672816	-12.314427	1247.365234	20.796751
-22.672816	-12.314427	1245.673828	23.762402
-22.672816	-12.314427	1243.984375	19.302633
-22.672816	-12.314427	1242.292969	19.298317
-22.672816	-12.314427	1240.601563	23.746462
-22.672816	-12.314427	1238.910156	20.773504
-22.672816	-12.314427	1237.218750	23.735836
-22.672816	-12.314427	1235.525391	28.179996
-22.672816	-12.314427	1233.833984	25.208035
-22.672816	-12.314427	1232.140625	20.754910
-22.672816	-12.314427	1230.447266	25.196745
-22.672816	-12.314427	1228.753906	16.300125
-22.672816	-12.314427	1227.058594	16.296473
-22.672816	-12.314427	1225.365234	19.255150
-22.672816	-12.314427	1223.669922	17.770000
-22.672816	-12.314427	1221.974609	20.727018
-22.672816	-12.314427	1220.277344	22.202539
-22.672816	-12.314427	1218.582031	20.717722
-22.672816	-12.314427	1216.884766	26.631096
-22.672816	-12.314427	1215.189453	20.708426
-22.672816	-12.314427	1213.492188	23.661461
-22.672816	-12.314427	1211.792969	20.699131
-22.672816	-12.314427	1210.095703	19.216305
-22.672816	-12.314427	1208.396484	17.734144
-22.672816	-12.314427	1206.699219	26.595240
-22.672816	-12.314427	1205.000000	22.157721
-22.672816	-12.314427	1203.298828	14.768494
-22.672816	-12.314427	1201.599609	14.765174
-22.672816	-12.314427	1199.900391	14.761854
-22.672816	-12.314427	1198.199219	19.186094
-22.672816	-12.314427	1196.498047	17.706259
-22.672816	-12.314427	1194.796875	22.127844
-22.672816	-12.314427	1193.093750	17.698292
-22.672816	-12.314427	1191.392578	17.694307
-22.672816	-12.314427	1189.689453	25.061293
-22.672816	-12.314427	1187.986328	28.003374
-22.672816	-12.314427	1186.283203	22.102947
-22.672816	-12.314427	1184.580078	17.678375
-22.672816	-12.314427	1182.875000	20.620123
-22.672816	-12.314427	1181.169922	14.725341
-22.672816	-12.314427	1179.464844	16.194223
-22.672816	-12.314427	1177.759766	17.662443
-22.672816	-12.314427	1176.054688	20.601536
-22.672816	-12.314427	1174.347656	19.125683
-22.672816	-12.314427	1172.642578	25.004866
-22.672816	-12.314427	1170.935547	14.705426
-22.672816	-12.314427	1169.228516	23.523371
-22.672816	-12.314427	1167.519531	19.108425
-22.672816	-12.314427	1165.812500	22.043203
-22.672816	-12.314427	1164.103516	14.692150
-22.672816	-12.314427	1162.394531	23.502131
-22.672816	-12.314427	1160.685547	19.091166
-22.672816	-12.314427	1158.976563	17.618633
-22.672816	-12.314427	1157.265625	19.082539
-22.672816	-12.314427	1155.556641	23.480890
-22.672816	-12.314427	1153.845703	26.410028
-22.672816	-12.314427	1152.134766	20.536488
-22.672816	-12.314427	1150.423828	23.464962
-22.672816	-12.314427	1148.710938	24.925880
-22.672816	-12.314427	1146.998047	24.920238
-22.672816	-12.314427	1145.287109	19.052340
-22.672816	-12.314427	1143.572266	17.582792
-22.672816	-12.314427	1141.859375	14.649009
-22.672816	-12.314427	1140.146484	19.039398
-22.672816	-12.314427	1138.431641	20.499321
-22.672816	-12.314427	1136.716797	24.886393
-22.672816	-12.314427	1135.001953	23.417177
-22.672816	-12.314427	1133.287109	23.411869
-22.672816	-12.314427	1131.570313	24.869469
-22.672816	-12.314427	1129.855469	26.326406
-22.672816	-12.314427	1128.138672	19.009203
-22.672816	-12.314427	1126.421875	24.852547
-22.672816	-12.314427	1124.703125	16.077410
-22.672816	-12.314427	1122.986328	29.225019
-22.672816	-12.314427	1121.267578	23.374706
-22.672816	-12.314427	1119.548828	11.684699
-22.672816	-12.314427	1117.830078	18.983324
-22.672816	-12.314427	1116.111328	24.818707
-22.672816	-12.314427	1114.392578	20.434290
-22.672816	-12.314427	1112.671875	17.511124
-22.672816	-12.314427	1110.951172	21.883928
-22.672816	-12.314427	1109.230469	24.796146
-22.672816	-12.314427	1107.509766	18.957445
-22.672816	-12.314427	1105.787109	20.411066
-22.672816	-12.314427	1104.066406	24.779226
-22.672816	-12.314427	1102.343750	27.688128
-22.672816	-12.314427	1100.621094	18.940195
-22.672816	-12.314427	1098.896484	23.305702
-22.672816	-12.314427	1097.173828	21.844120
-22.672816	-12.314427	1095.449219	20.383202
-22.672816	-12.314427	1093.724609	24.745390
-22.672816	-12.314427	1092.000000	21.829193
-22.672816	-12.314427	1090.275391	26.189060
-22.672816	-12.314427	1088.550781	24.728474
-22.672816	-12.314427	1086.824219	17.451412
-22.672816	-12.314427	1085.097656	21.809290
-22.672816	-12.314427	1083.371094	23.257936
-22.672816	-12.314427	1081.644531	23.252628
-22.672816	-12.314427	1079.916016	24.700279
-22.672816	-12.314427	1078.189453	20.336763
-22.672816	-12.314427	1076.460938	21.784414
-22.672816	-12.314427	1074.732422	20.327477
-22.672816	-12.314427	1073.001953	18.871202
-22.672816	-12.314427	1071.273438	15.964293
-22.672816	-12.314427	1069.542969	26.117418
-22.672816	-12.314427	1067.812500	26.111448
-22.672816	-12.314427	1066.082031	21.754566
-22.672816	-12.314427	1064.351563	20.299618
-22.672816	-12.314427	1062.619141	18.845335
-22.672816	-12.314427	1060.888672	27.536880
-22.672816	-12.314427	1059.156250	20.285690
-22.672816	-12.314427	1057.421875	18.832401
-22.672816	-12.314427	1055.689453	26.069664
-22.672816	-12.314427	1053.957031	24.615711
-22.672816	-12.314427	1052.222656	31.848331
-22.672816	-12.314427	1050.488281	26.051758
-22.672816	-12.314427	1048.753906	23.151812
-22.672816	-12.314427	1047.019531	14.466567
-22.672816	-12.314427	1045.283203	20.248552
-22.672816	-12.314427	1043.546875	18.797916
-22.672816	-12.314427	1041.810547	21.684929
-22.672816	-12.314427	1040.074219	24.570618
-22.672816	-12.314427	1038.337891	24.564981
-22.672816	-12.314427	1036.599609	26.004011
-22.672816	-12.314427	1034.861328	18.776365
-22.672816	-12.314427	1033.123047	20.216059
-22.672816	-12.314427	1031.384766	20.211418
-22.672816	-12.314427	1029.646484	23.093458
-22.672816	-12.314427	1027.906250	23.088154
-22.672816	-12.314427	1026.167969	21.640173
-22.672816	-12.314427	1024.427734	30.289280
-22.672816	-12.314427	1022.685547	23.072243
-22.672816	-12.314427	1020.945313	21.625254
-22.672816	-12.314427	1019.203125	21.620283
-22.672816	-12.314427	1017.462891	24.497351
-22.672816	-12.314427	1015.720703	33.135853
-22.672816	-12.314427	1013.976563	23.045723
-22.672816	-12.314427	1012.234375	30.240551
-22.672816	-12.314427	1010.490234	30.233591
-22.672816	-12.314427	1008.746094	27.347904
-22.672816	-12.314427	1007.001953	27.341606
-22.672816	-12.314427	1005.257813	25.896608
-22.672816	-12.314427	1003.513672	28.767382
-22.672816	-12.314427	1001.767578	25.884678
-22.672816	-12.314427	1000.021484	34.504948
-22.672816	-12.314427	998.275391	27.310122
-22.672816	-12.314427	996.529297	30.177912
-22.672816	-12.314427	994.781250	34.481087
-22.672816	-12.314427	993.035156	21.545710
-22.672816	-12.314427	991.287109	28.720985
-22.672816	-12.314427	989.539063	35.892948
-22.672816	-12.314427	987.789063	25.836956
-22.672816	-12.314427	986.041016	27.266048
-22.672816	-12.314427	984.291016	43.041714
-22.672816	-12.314427	982.541016	44.466164
-22.672816	-12.314427	980.791016	43.021832
-22.672816	-12.314427	979.041016	43.011894
-22.672816	-12.314427	977.289063	47.302151
-22.672816	-12.314427	975.537109	31.527477
-22.672816	-12.314427	973.785156	51.578491
-22.672816	-12.314427	972.033203	41.539730
-22.672816	-12.314427	970.281250	35.801830
-22.672816	-12.314427	968.527344	34.361809
-22.672816	-12.314427	966.773438	42.942322
-22.672816	-12.314427	965.019531	30.052668
-22.672816	-12.314427	963.265625	35.768703
-22.672816	-12.314427	961.511719	35.760422
-22.672816	-12.314427	959.755859	38.612312
-22.672816	-12.314427	958.000000	32.884354
-22.672816	-12.314427	956.244141	30.017887
-22.672816	-12.314427	954.488281	32.869118
-22.672816	-12.314427	952.730469	37.147781
-22.672816	-12.314427	950.974609	38.567600
-22.672816	-12.314427	949.216797	34.274361
-22.672816	-12.314427	947.458984	44.260784
-22.672816	-12.314427	945.701172	37.113338
-22.672816	-12.314427	943.941406	38.531834
-22.672816	-12.314427	942.181641	41.376438
-22.672816	-12.314427	940.421875	42.793278
-22.672816	-12.314427	938.662109	31.374453
-22.672816	-12.314427	936.902344	31.367168
-22.672816	-12.314427	935.140625	24.232637
-22.672816	-12.314427	933.380859	22.801891
-22.672816	-12.314427	931.619141	29.920528
-22.672816	-12.314427	929.855469	22.791296
-22.672816	-12.314427	928.093750	21.361874
-22.672816	-12.314427	926.330078	22.780701
-22.672816	-12.314427	924.568359	25.622330
-22.672816	-12.314427	922.804688	34.155163
-22.672816	-12.314427	921.039063	21.342010
-22.672816	-12.314427	919.275391	19.914576
-22.672816	-12.314427	917.509766	17.065664
-22.672816	-12.314427	915.744141	32.701576
-22.672816	-12.314427	913.978516	19.900673
-22.672816	-12.314427	912.212891	25.580622
-22.672816	-12.314427	910.447266	28.416294
-22.672816	-12.314427	908.679688	18.466290
-22.672816	-12.314427	906.912109	28.403057
-22.672816	-12.314427	905.144531	21.297329
-22.672816	-12.314427	903.375000	19.872873
-22.672816	-12.314427	901.607422	22.706560
-22.672816	-12.314427	899.837891	24.120096
-22.672816	-12.314427	898.068359	25.532969
-22.672816	-12.314427	896.298828	26.945181
-22.672816	-12.314427	894.529297	21.267548
-22.672816	-12.314427	892.757813	22.680090
-22.672816	-12.314427	890.986328	17.006098
-22.672816	-12.314427	889.214844	21.252659
-22.672816	-12.314427	887.443359	22.664211
-22.672816	-12.314427	885.669922	15.578006
-22.672816	-12.314427	883.898438	24.069477
-22.672816	-12.314427	882.125000	22.648333
-22.672816	-12.314427	880.351563	29.718990
-22.672816	-12.314427	878.578125	19.808029
-22.672816	-12.314427	876.802734	31.119627
-22.672816	-12.314427	875.027344	29.698153
-22.672816	-12.314427	873.251953	22.621872
-22.672816	-12.314427	871.476563	25.443653
-22.672816	-12.314427	869.701172	31.090525
-22.672816	-12.314427	867.923828	22.605999
-22.672816	-12.314427	866.146484	24.013252
-22.672816	-12.314427	864.369141	24.007631
-22.672816	-12.314427	862.591797	24.002010
-22.672816	-12.314427	860.814453	23.996389
-22.672816	-12.314427	859.035156	26.813213
-22.672816	-12.314427	857.255859	22.574259
-22.672816	-12.314427	855.476563	23.979528
-22.672816	-12.314427	853.697266	21.153450
-22.672816	-12.314427	851.916016	21.148491
-22.672816	-12.314427	850.136719	25.372240
-22.672816	-12.314427	848.355469	25.366291
-22.672816	-12.314427	846.574219	22.542526
-22.672816	-12.314427	844.791016	21.128660
-22.672816	-12.314427	843.009766	22.531950
-22.672816	-12.314427	841.226563	26.750412
-22.672816	-12.314427	839.443359	21.113789
-22.672816	-12.314427	837.660156	25.330599
-22.672816	-12.314427	835.875000	25.324652
-22.672816	-12.314427	834.091797	25.318703
-22.672816	-12.314427	832.306641	25.312756
-22.672816	-12.314427	830.521484	18.277140
-22.672816	-12.314427	828.734375	25.300863
-22.672816	-12.314427	826.949219	23.889645
-22.672816	-12.314427	825.162109	21.074142
-22.672816	-12.314427	823.375000	23.878412
-22.672816	-12.314427	821.587891	22.468515
-22.672816	-12.314427	819.800781	26.675087
-22.672816	-12.314427	818.011719	16.843460
-22.672816	-12.314427	816.222656	19.646080
-22.672816	-12.314427	814.433594	28.059223
-22.672816	-12.314427	812.644531	29.455250
-22.672816	-12.314427	810.855469	23.839113
-22.672816	-12.314427	809.064453	12.617735
-22.672816	-12.314427	807.273438	23.827887
-22.672816	-12.314427	805.482422	25.223585
-22.672816	-12.314427	803.691406	19.613722
-22.672816	-12.314427	801.898438	22.410400
-22.672816	-12.314427	800.107422	21.004799
-22.672816	-12.314427	798.314453	25.199818
-22.672816	-12.314427	796.521484	25.193876
-22.672816	-12.314427	794.726563	23.788605
-22.672816	-12.314427	792.933594	22.383995
-22.672816	-12.314427	791.138672	20.980045
-22.672816	-12.314427	789.343750	22.373436
-22.672816	-12.314427	787.546875	25.164175
-22.672816	-12.314427	785.751953	27.953596
-22.672816	-12.314427	783.955078	20.960247
-22.672816	-12.314427	782.158203	22.352320
-22.672816	-12.314427	780.361328	27.933802
-22.672816	-12.314427	778.564453	25.134483
-22.672816	-12.314427	776.765625	25.128546
-22.672816	-12.314427	774.968750	23.726908
-22.672816	-12.314427	773.169922	26.512043
-22.672816	-12.314427	771.369141	29.295858
-22.672816	-12.314427	769.570313	26.499512
-22.672816	-12.314427	767.769531	20.915720
-22.672816	-12.314427	765.970703	25.092928
-22.672816	-12.314427	764.167969	26.480717
-22.672816	-12.314427	762.367188	22.294275
-22.672816	-12.314427	760.566406	29.254313
-22.672816	-12.314427	758.763672	26.461924
-22.672816	-12.314427	756.960938	34.810081
-22.672816	-12.314427	755.158203	29.233545
-22.672816	-12.314427	753.353516	27.834881
-22.672816	-12.314427	751.550781	38.959606
-22.672816	-12.314427	749.746094	40.341461
-22.672816	-12.314427	747.941406	25.033596
-22.672816	-12.314427	746.136719	29.198942
-22.672816	-12.314427	744.330078	30.582121
-22.672816	-12.314427	742.523438	26.405571
-22.672816	-12.314427	740.718750	29.178186
-22.672816	-12.314427	738.910156	30.560377
-22.672816	-12.314427	737.103516	29.164352
-22.672816	-12.314427	735.294922	33.322784
-22.672816	-12.314427	733.488281	30.538639
-22.672816	-12.314427	731.679688	24.980230
-22.672816	-12.314427	729.869141	30.524149
-22.672816	-12.314427	728.060547	27.742640
-22.672816	-12.314427	726.250000	27.736055
-22.672816	-12.314427	724.439453	31.888891
-22.672816	-12.314427	722.628906	30.495174
-22.672816	-12.314427	720.818359	16.629782
-22.672816	-12.314427	719.005859	26.324234
-22.672816	-12.314427	717.195313	27.703136
-22.672816	-12.314427	715.382813	23.542070
-22.672816	-12.314427	713.568359	17.998482
-22.672816	-12.314427	711.755859	31.835899
-22.672816	-12.314427	709.941406	26.292969
-22.672816	-12.314427	708.126953	19.369162
-22.672816	-12.314427	706.312500	26.280468
-22.672816	-12.314427	704.498047	26.274218
-22.672816	-12.314427	702.681641	31.798065
-22.672816	-12.314427	700.867188	27.643913
-22.672816	-12.314427	699.050781	19.346134
-22.672816	-12.314427	697.232422	27.630758
-22.672816	-12.314427	695.416016	23.480555
-22.672816	-12.314427	693.597656	26.236725
-22.672816	-12.314427	691.779297	26.230478
-22.672816	-12.314427	689.960938	24.844009
-22.672816	-12.314427	688.142578	23.458199
-22.672816	-12.314427	686.324219	24.832174
-22.672816	-12.314427	684.503906	31.722441
-22.672816	-12.314427	682.683594	26.199251
-22.672816	-12.314427	680.863281	24.814428
-22.672816	-12.314427	679.041016	20.673761
-22.672816	-12.314427	677.218750	19.290911
-22.672816	-12.314427	675.398438	24.796684
-22.672816	-12.314427	673.576172	33.054363
-22.672816	-12.314427	671.751953	20.654049
-22.672816	-12.314427	669.929688	24.778946
-22.672816	-12.314427	668.105469	31.654432
-22.672816	-12.314427	666.281250	34.398781
-22.672816	-12.314427	664.457031	24.761213
-22.672816	-12.314427	662.630859	34.382366
-22.672816	-12.314427	660.806641	28.874290
-22.672816	-12.314427	658.980469	28.867397
-22.672816	-12.314427	657.154297	30.234814
-22.672816	-12.314427	655.326172	32.975555
-22.672816	-12.314427	653.500000	32.967678
-22.672816	-12.314427	651.671875	35.706451
-22.672816	-12.314427	649.843750	34.324924
-22.672816	-12.314427	648.015625	35.689392
-22.672816	-12.314427	646.185547	37.053200
-22.672816	-12.314427	644.357422	37.044342
-22.672816	-12.314427	642.527344	34.292118
-22.672816	-12.314427	640.697266	34.283916
-22.672816	-12.314427	638.865234	37.017776
-22.672816	-12.314427	637.035156	35.638222
-22.672816	-12.314427	635.203125	32.888950
-22.672816	-12.314427	633.371094	43.841442
-22.672816	-12.314427	631.539063	34.242931
-22.672816	-12.314427	629.705078	35.604126
-22.672816	-12.314427	627.873047	36.964664
-22.672816	-12.314427	626.039063	26.005945
-22.672816	-12.314427	624.203125	30.104939
-22.672816	-12.314427	622.369141	36.938122
-22.672816	-12.314427	620.535156	36.929276
-22.672816	-12.314427	618.699219	35.553005
-22.672816	-12.314427	616.863281	35.544491
-22.672816	-12.314427	615.025391	30.068901
-22.672816	-12.314427	613.189453	34.161018
-22.672816	-12.314427	611.351563	36.885059
-22.672816	-12.314427	609.513672	32.778858
-22.672816	-12.314427	607.675781	31.405544
-22.672816	-12.314427	605.837891	38.223671
-22.672816	-12.314427	603.998047	31.390486
-22.672816	-12.314427	602.158203	32.747433
-22.672816	-12.314427	600.318359	30.011282
-22.672816	-12.314427	598.478516	32.731728
-22.672816	-12.314427	596.636719	39.541348
-22.672816	-12.314427	594.796875	31.352854
-22.672816	-12.314427	592.955078	31.345331
-22.672816	-12.314427	591.111328	23.162727
-22.672816	-12.314427	589.269531	31.330286
-22.672816	-12.314427	587.425781	28.599045
-22.672816	-12.314427	585.583984	17.699921
-22.672816	-12.314427	583.738281	20.418081
-22.672816	-12.314427	581.894531	31.300205
-22.672816	-12.314427	580.050781	28.571583
-22.672816	-12.314427	578.205078	17.682922
-22.672816	-12.314427	576.359375	23.118265
-22.672816	-12.314427	574.513672	24.472282
-22.672816	-12.314427	572.666016	21.747911
-22.672816	-12.314427	570.818359	29.896191
-22.672816	-12.314427	568.970703	29.889006
-22.672816	-12.314427	567.123047	21.732233
-22.672816	-12.314427	565.275391	31.232573
-22.672816	-12.314427	563.425781	23.079395
-22.672816	-12.314427	561.576172	28.502983
-22.672816	-12.314427	559.726563	28.496128
-22.672816	-12.314427	557.876953	31.202538
-22.672816	-12.314427	556.027344	27.126114
-22.672816	-12.314427	554.175781	33.899483
-22.672816	-12.314427	552.324219	27.113062
-22.672816	-12.314427	550.472656	32.527843
-22.672816	-12.314427	548.619141	28.455013
-22.672816	-12.314427	546.767578	29.802837
-22.672816	-12.314427	544.914063	31.150011
-22.672816	-12.314427	543.060547	33.850555
-22.672816	-12.314427	541.205078	37.903492
-22.672816	-12.314427	539.351563	39.247734
-22.672816	-12.314427	537.496094	52.768723
-22.672816	-12.314427	535.640625	56.814167
-22.672816	-12.314427	533.785156	47.333733
-22.672816	-12.314427	531.927734	48.674393
-22.672816	-12.314427	530.070313	71.642258
-22.672816	-12.314427	528.212891	86.490555
-22.672816	-12.314427	526.355469	131.055649
-22.672816	-12.314427	524.498047	191.808426
-22.672816	-12.314427	522.638672	353.814728
-22.672816	-12.314427	520.779297	580.548279
-22.672816	-12.314427	518.919922	461.627075
-22.672816	-12.314427	517.060547	248.300873
-22.672816	-12.314427	515.199219	138.960983
-22.672816	-12.314427	513.339844	97.114349
-22.672816	-12.314427	511.478516	74.166672
-22.672816	-12.314427	509.615234	67.407982
-22.672816	-12.314427	507.753906	60.652546
-22.672816	-12.314427	505.890625	59.290401
-22.672816	-12.314427	504.027344	52.540173
-22.672816	-12.314427	502.164063	59.261787
-22.672816	-12.314427	500.300781	72.712822
-22.672816	-12.314427	498.435547	64.618011
-22.672816	-12.314427	496.570313	65.948296
-22.672816	-12.314427	494.705078	60.550140
-22.672816	-12.314427	492.839844	64.571220
-22.672816	-12.314427	490.972656	53.796352
-22.672816	-12.314427	489.107422	53.783360
-22.672816	-12.314427	487.240234	47.049072
-22.672816	-12.314427	485.371094	43.005905
-22.672816	-12.314427	483.503906	49.713562
-22.672816	-12.314427	481.634766	45.671696
-22.672816	-12.314427	479.765625	40.288818
-22.672816	-12.314427	477.896484	41.621716
-22.672816	-12.314427	476.027344	34.900101
-22.672816	-12.314427	474.156250	40.259613
-22.672816	-12.314427	472.285156	41.591541
-22.672816	-12.314427	470.414063	40.240150
-22.672816	-12.314427	468.542969	37.548393
-22.672816	-12.314427	466.669922	28.154486
-22.672816	-12.314427	464.796875	36.189869
-22.672816	-12.314427	462.923828	30.820951
-22.672816	-12.314427	461.050781	26.794346
-22.672816	-12.314427	459.177734	37.503010
-22.672816	-12.314427	457.302734	29.459522
-22.672816	-12.314427	455.427734	34.807377
-22.672816	-12.314427	453.552734	37.475800
-22.672816	-12.314427	451.675781	29.438145
-22.672816	-12.314427	449.800781	26.755474
-22.672816	-12.314427	447.923828	33.436249
-22.672816	-12.314427	446.046875	32.091030
-22.672816	-12.314427	444.169922	33.420067
-22.672816	-12.314427	442.291016	34.748455
-22.672816	-12.314427	440.412109	32.067730
-22.672816	-12.314427	438.533203	33.395798
-22.672816	-12.314427	436.654297	34.723221
-22.672816	-12.314427	434.773438	34.714813
-22.672816	-12.314427	432.894531	37.376129
-22.672816	-12.314427	431.013672	36.032539
-22.672816	-12.314427	429.130859	26.684305
-22.672816	-12.314427	427.250000	29.345627
-22.672816	-12.314427	425.367188	25.337811
-22.672816	-12.314427	423.484375	35.997639
-22.672816	-12.314427	421.601563	19.993843
-22.672816	-12.314427	419.718750	29.317200
-22.672816	-12.314427	417.833984	30.642372
-22.672816	-12.314427	415.949219	29.302992
-22.672816	-12.314427	414.064453	29.295891
-22.672816	-12.314427	412.179688	29.288792
-22.672816	-12.314427	410.294922	25.288734
-22.672816	-12.314427	408.408203	38.589237
-22.672816	-12.314427	406.521484	33.258518
-22.672816	-12.314427	404.634766	42.560585
-22.672816	-12.314427	402.746094	43.879963
-22.672816	-12.314427	400.857422	57.163059
-22.672816	-12.314427	398.968750	69.110657
-22.672816	-12.314427	397.080078	93.011017
-22.672816	-12.314427	395.191406	74.390770
-22.672816	-12.314427	393.300781	66.404221
-22.672816	-12.314427	391.410156	62.404827
-22.672816	-12.314427	389.519531	62.389690
-22.672816	-12.314427	387.628906	65.028793
-22.672816	-12.314427	385.736328	61.032631
-22.672816	-12.314427	383.843750	50.406029
-22.672816	-12.314427	381.951172	63.655323
-22.672816	-12.314427	380.058594	60.988220
-22.672816	-12.314427	378.164063	59.647911
-22.672816	-12.314427	376.271484	75.535690
-22.672816	-12.314427	374.376953	79.491959
-22.672816	-12.314427	372.480469	72.849945
-22.672816	-12.314427	370.585938	51.644695
-22.672816	-12.314427	368.689453	48.984356
-22.672816	-12.314427	366.792969	60.884689
-22.672816	-12.314427	364.896484	46.314064
-22.672816	-12.314427	363.000000	52.917507
-22.672816	-12.314427	361.101563	58.195129
-22.672816	-12.314427	359.203125	64.792480
-22.672816	-12.314427	357.304688	62.132797
-22.672816	-12.314427	355.406250	56.831100
-22.672816	-12.314427	353.505859	60.781296
-22.672816	-12.314427	351.605469	63.408562
-22.672816	-12.314427	349.705078	54.148327
-22.672816	-12.314427	347.804688	56.775921
-22.672816	-12.314427	345.902344	64.682426
-22.672816	-12.314427	344.001953	58.068073
-22.672816	-12.314427	342.099609	50.137520
-22.672816	-12.314427	340.195313	51.444431
-22.672816	-12.314427	338.292969	44.838097
-22.672816	-12.314427	336.388672	44.827206
-22.672816	-12.314427	334.484375	42.180065
-22.672816	-12.314427	332.580078	36.898590
-22.672816	-12.314427	330.675781	50.064495
-22.672816	-12.314427	328.769531	48.735165
-22.672816	-12.314427	326.863281	36.871704
-22.672816	-12.314427	324.957031	43.445381
-22.672816	-12.314427	323.048828	38.169998
-22.672816	-12.314427	321.142578	34.213062
-22.672816	-12.314427	319.234375	30.258047
-22.672816	-12.314427	317.326172	30.250694
-22.672816	-12.314427	315.417969	40.762768
-22.672816	-12.314427	313.507813	36.809036
-22.672816	-12.314427	311.597656	36.800091
-22.672816	-12.314427	309.687500	36.791149
-22.672816	-12.314427	307.777344	31.527607
-22.672816	-12.314427	305.865234	34.146606
-22.672816	-12.314427	303.955078	42.016376
-22.672816	-12.314427	302.042969	32.817318
-22.672816	-12.314427	300.128906	39.371208
-22.672816	-12.314427	298.216797	35.425476
-22.672816	-12.314427	296.302734	40.663807
-22.672816	-12.314427	294.388672	39.342506
-22.672816	-12.314427	292.474609	34.088551
-22.672816	-12.314427	290.560547	35.391045
-22.672816	-12.314427	288.644531	47.176590
-22.672816	-12.314427	286.728516	40.614410
-22.672816	-12.314427	284.812500	53.702774
-22.672816	-12.314427	282.896484	48.451698
-22.672816	-12.314427	280.978516	61.531788
-22.672816	-12.314427	279.060547	62.825699
-22.672816	-12.314427	277.142578	74.587379
-22.672816	-12.314427	275.224609	62.795155
-22.672816	-12.314427	273.304688	70.627373
-22.672816	-12.314427	271.384766	86.301361
-22.672816	-12.314427	269.464844	86.280373
-22.672816	-12.314427	267.544922	107.170769
-22.672816	-12.314427	265.623047	117.597855
-22.672816	-12.314427	263.703125	209.012024
-22.672816	-12.314427	261.781250	305.605774
-22.672816	-12.314427	259.857422	308.142853
-22.672816	-12.314427	257.935547	270.212128
-22.672816	-12.314427	256.011719	249.265533
-22.672816	-12.314427	254.087891	285.737579
-22.672816	-12.314427	252.164063	683.516418
-22.672816	-12.314427	250.240234	1971.804443
-22.672816	-12.314427	248.314453	1867.022095
-22.672816	-12.314427	246.388672	770.350403
-22.672816	-12.314427	244.462891	351.851166
-22.672816	-12.314427	242.535156	230.601898
-22.672816	-12.314427	240.609375	221.428192
-22.672816	-12.314427	238.681641	154.962051
-22.672816	-12.314427	236.753906	141.905518
-22.672816	-12.314427	234.824219	106.728653
-22.672816	-12.314427	232.896484	93.690178
-22.672816	-12.314427	230.966797	84.560844
-22.672816	-12.314427	229.037109	79.337807
-22.672816	-12.314427	227.107422	76.717911
-22.672816	-12.314427	225.175781	84.499184
-22.672816	-12.314427	223.244141	80.579620
-22.672816	-12.314427	221.312500	92.254234
-22.672816	-12.314427	219.380859	96.128922
-22.672816	-12.314427	217.447266	90.910652
-22.672816	-12.314427	215.515625	68.815620
-22.672816	-12.314427	213.582031	80.481720
-22.672816	-12.314427	211.646484	83.057709
-22.672816	-12.314427	209.712891	55.790829
-22.672816	-12.314427	207.777344	62.262993
-22.672816	-12.314427	205.841797	53.170044
-22.672816	-12.314427	203.906250	47.971058
-22.672816	-12.314427	201.968750	36.293598
-22.672816	-12.314427	200.033203	33.693005
-22.672816	-12.314427	198.095703	38.867096
-22.672816	-12.314427	196.158203	32.381374
-22.672816	-12.314427	194.218750	37.553261
-22.672816	-12.314427	192.281250	28.481758
-22.672816	-12.314427	190.341797	22.003281
-22.672816	-12.314427	188.402344	24.585926
-22.672816	-12.314427	186.460938	27.167313
-22.672816	-12.314427	184.521484	24.573977
-22.672816	-12.314427	182.580078	25.861057
-22.672816	-12.314427	180.638672	23.269295
-22.672816	-12.314427	178.695313	21.971214
-22.672816	-12.314427	176.753906	21.965876
-22.672816	-12.314427	174.810547	31.003113
-22.672816	-12.314427	172.867188	28.412613
-22.672816	-12.314427	170.921875	32.279217
-22.672816	-12.314427	168.978516	29.689663
-22.672816	-12.314427	167.033203	34.844616
-22.672816	-12.314427	165.087891	32.255692
-22.672816	-12.314427	163.142578	34.827686
-22.672816	-12.314427	161.195313	30.950420
-22.672816	-12.314427	159.248047	32.232189
-22.672816	-12.314427	157.300781	30.935385
-22.672816	-12.314427	155.353516	39.948498
-22.672816	-12.314427	153.406250	46.380535
-22.672816	-12.314427	151.457031	34.776955
-22.672816	-12.314427	149.507813	33.480785
-22.672816	-12.314427	147.558594	39.909702
-22.672816	-12.314427	145.607422	51.483883
-22.672816	-12.314427	143.658203	42.463890
-22.672816	-12.314427	141.707031	60.464184
-22.672816	-12.314427	139.753906	63.021820
-22.672816	-12.314427	137.802734	68.149910
-22.672816	-12.314427	135.849609	66.847824
-22.672816	-12.314427	133.896484	64.261154
-22.672816	-12.314427	131.943359	56.536083
-22.672816	-12.314427	129.990234	57.806957
-22.672816	-12.314427	128.035156	53.940063
-22.672816	-12.314427	126.080078	55.210945
-22.672816	-12.314427	124.125000	46.211899
-22.672816	-12.314427	122.169922	53.900795
-22.672816	-12.314427	120.212891	61.585960
-22.672816	-12.314427	118.255859	56.440098
-22.672816	-12.314427	116.298828	67.968163
-22.672816	-12.314427	114.341797	41.027424
-22.672816	-12.314427	112.382813	46.144653
-22.672816	-12.314427	110.423828	35.881580
-22.672816	-12.314427	108.464844	34.591702
-22.672816	-12.314427	106.505859	28.178991
-22.672816	-12.314427	104.544922	19.208288
-22.672816	-12.314427	102.585938	19.203630
-22.672816	-12.314427	100.625000	11.519383
-22.672816	-12.314427	98.662109	6.398105
-22.672816	-12.314427	96.701172	0.000000
-22.672816	-12.314427	94.738281	3.837002
-22.672816	-12.314427	92.775391	0.000000
-22.672816	-12.314427	90.812500	3.835141
-22.672816	-12.314427	88.847656	1.278070
-22.672816	-12.314427	86.882813	0.000000
-22.672816	-12.314427	84.917969	2.554902
-22.672816	-12.314427	82.953125	-1.277141
-22.672816	-12.314427	80.988281	2.553664
-22.672816	-12.314427	79.021484	2.553045
-22.672816	-12.314427	77.054688	3.828639
-22.672816	-12.314427	75.087891	0.000000
-22.672816	-12.314427	73.119141	2.551189
-22.672816	-12.314427	71.152344	1.275286
-22.672816	-12.314427	69.183594	5.099907
-22.672816	-12.314427	67.212891	-1.274668
-22.672816	-12.314427	65.244141	1.274359
-22.672816	-12.314427	63.273438	2.548101
-22.672816	-12.314427	61.302734	0.000000
-22.672816	-12.314427	59.332031	2.546868
-19.672816	-12.314427	1838.626953	17.678635
-19.672816	-12.314427	1837.066406	20.892931
-19.672816	-12.314427	1835.503906	35.349747
-19.672816	-12.314427	1833.941406	14.458182
-19.672816	-12.314427	1832.378906	22.485720
-19.672816	-12.314427	1830.816406	25.692497
-19.672816	-12.314427	1829.251953	22.476151
-19.672816	-12.314427	1827.687500	24.076466
-19.672816	-12.314427	1826.125000	24.071342
-19.672816	-12.314427	1824.560547	22.461803
-19.672816	-12.314427	1822.994141	17.644804
-19.672816	-12.314427	1821.429688	19.244781
-19.672816	-12.314427	1819.865234	14.430513
-19.672816	-12.314427	1818.298828	12.824393
-19.672816	-12.314427	1816.732422	20.835203
-19.672816	-12.314427	1815.166016	17.626036
-19.672816	-12.314427	1813.599609	32.040516
-19.672816	-12.314427	1812.033203	27.228642
-19.672816	-12.314427	1810.464844	24.020157
-19.672816	-12.314427	1808.896484	25.616047
-19.672816	-12.314427	1807.330078	24.009932
-19.672816	-12.314427	1805.759766	24.004820
-19.672816	-12.314427	1804.191406	23.999710
-19.672816	-12.314427	1802.623047	23.994600
-19.672816	-12.314427	1801.052734	23.989491
-19.672816	-12.314427	1799.484375	23.984383
-19.672816	-12.314427	1797.914063	25.577894
-19.672816	-12.314427	1796.343750	27.170727
-19.672816	-12.314427	1794.771484	27.164940
-19.672816	-12.314427	1793.201172	31.951948
-19.672816	-12.314427	1791.628906	22.361601
-19.672816	-12.314427	1790.058594	28.744507
-19.672816	-12.314427	1788.486328	15.965769
-19.672816	-12.314427	1786.914063	33.520973
-19.672816	-12.314427	1785.339844	25.534349
-19.672816	-12.314427	1783.767578	25.528912
-19.672816	-12.314427	1782.193359	23.928255
-19.672816	-12.314427	1780.621094	20.733404
-19.672816	-12.314427	1779.046875	25.512600
-19.672816	-12.314427	1777.470703	27.101362
-19.672816	-12.314427	1775.896484	23.907871
-19.672816	-12.314427	1774.322266	36.650925
-19.672816	-12.314427	1772.746094	23.897684
-19.672816	-12.314427	1771.169922	12.742716
-19.672816	-12.314427	1769.593750	23.887501
-19.672816	-12.314427	1768.017578	17.513767
-19.672816	-12.314427	1766.441406	27.060963
-19.672816	-12.314427	1764.863281	25.463713
-19.672816	-12.314427	1763.287109	28.640572
-19.672816	-12.314427	1761.708984	23.862055
-19.672816	-12.314427	1760.130859	25.447433
-19.672816	-12.314427	1758.552734	23.851883
-19.672816	-12.314427	1756.972656	19.077438
-19.672816	-12.314427	1755.394531	22.252266
-19.672816	-12.314427	1753.814453	27.014847
-19.672816	-12.314427	1752.234375	30.186626
-19.672816	-12.314427	1750.654297	30.180189
-19.672816	-12.314427	1749.074219	23.821384
-19.672816	-12.314427	1747.492188	19.053043
-19.672816	-12.314427	1745.912109	31.748299
-19.672816	-12.314427	1744.330078	20.631992
-19.672816	-12.314427	1742.748047	22.214329
-19.672816	-12.314427	1741.166016	22.209591
-19.672816	-12.314427	1739.583984	31.721218
-19.672816	-12.314427	1738.000000	26.957281
-19.672816	-12.314427	1736.417969	23.780762
-19.672816	-12.314427	1734.833984	31.700916
-19.672816	-12.314427	1733.250000	19.016491
-19.672816	-12.314427	1731.666016	14.259324
-19.672816	-12.314427	1730.082031	22.176437
-19.672816	-12.314427	1728.496094	22.171703
-19.672816	-12.314427	1726.912109	28.500391
-19.672816	-12.314427	1725.326172	33.243359
-19.672816	-12.314427	1723.740234	28.488222
-19.672816	-12.314427	1722.154297	22.152777
-19.672816	-12.314427	1720.566406	18.984039
-19.672816	-12.314427	1718.980469	20.561651
-19.672816	-12.314427	1717.392578	17.394604
-19.672816	-12.314427	1715.804688	23.714849
-19.672816	-12.314427	1714.216797	22.129131
-19.672816	-12.314427	1712.628906	28.445662
-19.672816	-12.314427	1711.041016	18.959724
-19.672816	-12.314427	1709.451172	25.274231
-19.672816	-12.314427	1707.861328	26.848131
-19.672816	-12.314427	1706.271484	20.526537
-19.672816	-12.314427	1704.681641	17.364897
-19.672816	-12.314427	1703.091797	22.096054
-19.672816	-12.314427	1701.501953	18.935427
-19.672816	-12.314427	1699.910156	29.974684
-19.672816	-12.314427	1698.318359	25.236443
-19.672816	-12.314427	1696.726563	26.807989
-19.672816	-12.314427	1695.134766	18.919239
-19.672816	-12.314427	1693.542969	31.525324
-19.672816	-12.314427	1691.949219	28.366724
-19.672816	-12.314427	1690.357422	18.907104
-19.672816	-12.314427	1688.763672	18.903061
-19.672816	-12.314427	1687.169922	22.048853
-19.672816	-12.314427	1685.576172	22.044136
-19.672816	-12.314427	1683.982422	31.484886
-19.672816	-12.314427	1682.386719	28.330334
-19.672816	-12.314427	1680.791016	17.309277
-19.672816	-12.314427	1679.195313	29.891443
-19.672816	-12.314427	1677.599609	25.166355
-19.672816	-12.314427	1676.003906	17.298164
-19.672816	-12.314427	1674.408203	18.866686
-19.672816	-12.314427	1672.810547	22.006422
-19.672816	-12.314427	1671.214844	23.573259
-19.672816	-12.314427	1669.617188	28.281855
-19.672816	-12.314427	1668.019531	25.134043
-19.672816	-12.314427	1666.419922	28.269741
-19.672816	-12.314427	1664.822266	25.123276
-19.672816	-12.314427	1663.222656	23.548025
-19.672816	-12.314427	1661.623047	21.973450
-19.672816	-12.314427	1660.023438	23.537937
-19.672816	-12.314427	1658.423828	26.670610
-19.672816	-12.314427	1656.824219	36.076035
-19.672816	-12.314427	1655.222656	18.818245
-19.672816	-12.314427	1653.623047	25.085615
-19.672816	-12.314427	1652.021484	26.647751
-19.672816	-12.314427	1650.419922	18.806145
-19.672816	-12.314427	1648.818359	23.502640
-19.672816	-12.314427	1647.214844	20.364586
-19.672816	-12.314427	1645.613281	14.095536
-19.672816	-12.314427	1644.009766	32.882530
-19.672816	-12.314427	1642.406250	28.178978
-19.672816	-12.314427	1640.802734	26.607769
-19.672816	-12.314427	1639.199219	21.907579
-19.672816	-12.314427	1637.593750	28.160843
-19.672816	-12.314427	1635.990234	20.334021
-19.672816	-12.314427	1634.384766	20.329657
-19.672816	-12.314427	1632.779297	21.888777
-19.672816	-12.314427	1631.173828	23.447226
-19.672816	-12.314427	1629.568359	25.005003
-19.672816	-12.314427	1627.960938	34.374496
-19.672816	-12.314427	1626.353516	24.994265
-19.672816	-12.314427	1624.748047	23.427090
-19.672816	-12.314427	1623.140625	24.983528
-19.672816	-12.314427	1621.531250	32.783836
-19.672816	-12.314427	1619.923828	20.290394
-19.672816	-12.314427	1618.314453	20.286034
-19.672816	-12.314427	1616.707031	26.522188
-19.672816	-12.314427	1615.097656	26.516487
-19.672816	-12.314427	1613.488281	28.070246
-19.672816	-12.314427	1611.878906	26.505087
-19.672816	-12.314427	1610.267578	26.499388
-19.672816	-12.314427	1608.656250	35.844402
-19.672816	-12.314427	1607.046875	24.929873
-19.672816	-12.314427	1605.435547	12.462255
-19.672816	-12.314427	1603.824219	17.131914
-19.672816	-12.314427	1602.210938	26.470898
-19.672816	-12.314427	1600.599609	10.897435
-19.672816	-12.314427	1598.986328	20.233740
-19.672816	-12.314427	1597.373047	17.117170
-19.672816	-12.314427	1595.759766	24.892344
-19.672816	-12.314427	1594.146484	18.665237
-19.672816	-12.314427	1592.533203	26.436726
-19.672816	-12.314427	1590.917969	29.540565
-19.672816	-12.314427	1589.302734	27.979771
-19.672816	-12.314427	1587.687500	27.973743
-19.672816	-12.314427	1586.072266	20.198906
-19.672816	-12.314427	1584.457031	17.087700
-19.672816	-12.314427	1582.839844	21.743294
-19.672816	-12.314427	1581.224609	20.185850
-19.672816	-12.314427	1579.607422	24.838768
-19.672816	-12.314427	1577.990234	24.833412
-19.672816	-12.314427	1576.373047	21.724550
-19.672816	-12.314427	1574.755859	20.168446
-19.672816	-12.314427	1573.136719	24.817348
-19.672816	-12.314427	1571.517578	24.811995
-19.672816	-12.314427	1569.898438	20.155397
-19.672816	-12.314427	1568.279297	31.001612
-19.672816	-12.314427	1566.660156	26.345684
-19.672816	-12.314427	1565.041016	27.889408
-19.672816	-12.314427	1563.419922	32.530621
-19.672816	-12.314427	1561.798828	20.133654
-19.672816	-12.314427	1560.177734	12.387266
-19.672816	-12.314427	1558.556641	29.413403
-19.672816	-12.314427	1556.935547	20.120613
-19.672816	-12.314427	1555.312500	30.948103
-19.672816	-12.314427	1553.691406	17.017778
-19.672816	-12.314427	1552.068359	23.201048
-19.672816	-12.314427	1550.445313	18.556826
-19.672816	-12.314427	1548.822266	27.829224
-19.672816	-12.314427	1547.197266	17.003071
-19.672816	-12.314427	1545.574219	21.635593
-19.672816	-12.314427	1543.949219	18.540785
-19.672816	-12.314427	1542.324219	12.357849
-19.672816	-12.314427	1540.699219	35.521133
-19.672816	-12.314427	1539.072266	20.072819
-19.672816	-12.314427	1537.447266	24.699661
-19.672816	-12.314427	1535.820313	20.064131
-19.672816	-12.314427	1534.193359	27.775093
-19.672816	-12.314427	1532.566406	30.854532
-19.672816	-12.314427	1530.939453	16.966318
-19.672816	-12.314427	1529.312500	16.962645
-19.672816	-12.314427	1527.683594	23.125870
-19.672816	-12.314427	1526.056641	24.662252
-19.672816	-12.314427	1524.427734	15.410568
-19.672816	-12.314427	1522.798828	23.110844
-19.672816	-12.314427	1521.167969	20.025057
-19.672816	-12.314427	1519.539063	29.261047
-19.672816	-12.314427	1517.908203	23.095819
-19.672816	-12.314427	1516.277344	15.393875
-19.672816	-12.314427	1514.646484	18.468645
-19.672816	-12.314427	1513.015625	16.925919
-19.672816	-12.314427	1511.384766	15.383862
-19.672816	-12.314427	1509.751953	21.532734
-19.672816	-12.314427	1508.121094	30.754374
-19.672816	-12.314427	1506.488281	23.060774
-19.672816	-12.314427	1504.855469	23.055769
-19.672816	-12.314427	1503.220703	23.050764
-19.672816	-12.314427	1501.587891	16.900223
-19.672816	-12.314427	1499.953125	12.288403
-19.672816	-12.314427	1498.318359	19.964317
-19.672816	-12.314427	1496.683594	27.636896
-19.672816	-12.314427	1495.048828	21.490694
-19.672816	-12.314427	1493.414063	27.624887
-19.672816	-12.314427	1491.777344	16.878206
-19.672816	-12.314427	1490.140625	15.340488
-19.672816	-12.314427	1488.505859	16.870869
-19.672816	-12.314427	1486.867188	18.400583
-19.672816	-12.314427	1485.230469	16.863533
-19.672816	-12.314427	1483.593750	19.925295
-19.672816	-12.314427	1481.955078	22.985723
-19.672816	-12.314427	1480.316406	24.512770
-19.672816	-12.314427	1478.677734	26.039150
-19.672816	-12.314427	1477.039063	24.502100
-19.672816	-12.314427	1475.400391	29.089911
-19.672816	-12.314427	1473.759766	26.022148
-19.672816	-12.314427	1472.119141	29.077244
-19.672816	-12.314427	1470.478516	15.300479
-19.672816	-12.314427	1468.837891	22.945719
-19.672816	-12.314427	1467.197266	29.058245
-19.672816	-12.314427	1465.556641	24.464767
-19.672816	-12.314427	1463.914063	21.402006
-19.672816	-12.314427	1462.271484	25.982485
-19.672816	-12.314427	1460.628906	24.448772
-19.672816	-12.314427	1458.986328	18.332581
-19.672816	-12.314427	1457.343750	15.273819
-19.672816	-12.314427	1455.699219	18.324585
-19.672816	-12.314427	1454.054688	27.480879
-19.672816	-12.314427	1452.410156	21.369352
-19.672816	-12.314427	1450.765625	27.468885
-19.672816	-12.314427	1449.121094	22.885740
-19.672816	-12.314427	1447.474609	22.880745
-19.672816	-12.314427	1445.830078	28.975946
-19.672816	-12.314427	1444.183594	22.870752
-19.672816	-12.314427	1442.537109	18.292604
-19.672816	-12.314427	1440.890625	22.860760
-19.672816	-12.314427	1439.242188	27.426916
-19.672816	-12.314427	1437.595703	18.280615
-19.672816	-12.314427	1435.947266	27.414927
-19.672816	-12.314427	1434.298828	18.272623
-19.672816	-12.314427	1432.650391	19.791012
-19.672816	-12.314427	1431.000000	30.441051
-19.672816	-12.314427	1429.351563	22.825794
-19.672816	-12.314427	1427.701172	27.384958
-19.672816	-12.314427	1426.050781	24.336859
-19.672816	-12.314427	1424.400391	21.290091
-19.672816	-12.314427	1422.750000	19.765041
-19.672816	-12.314427	1421.097656	19.760714
-19.672816	-12.314427	1419.447266	22.795830
-19.672816	-12.314427	1417.794922	19.752058
-19.672816	-12.314427	1416.142578	21.266788
-19.672816	-12.314427	1414.490234	18.224682
-19.672816	-12.314427	1412.835938	25.812639
-19.672816	-12.314427	1411.183594	22.770866
-19.672816	-12.314427	1409.529297	19.730423
-19.672816	-12.314427	1407.875000	18.208706
-19.672816	-12.314427	1406.220703	22.755890
-19.672816	-12.314427	1404.566406	12.133812
-19.672816	-12.314427	1402.910156	22.745907
-19.672816	-12.314427	1401.255859	22.740915
-19.672816	-12.314427	1399.599609	19.704466
-19.672816	-12.314427	1397.943359	24.246328
-19.672816	-12.314427	1396.287109	21.210878
-19.672816	-12.314427	1394.628906	21.206221
-19.672816	-12.314427	1392.970703	36.345535
-19.672816	-12.314427	1391.314453	22.710968
-19.672816	-12.314427	1389.656250	18.164783
-19.672816	-12.314427	1387.998047	21.187590
-19.672816	-12.314427	1386.337891	27.235197
-19.672816	-12.314427	1384.679688	21.178274
-19.672816	-12.314427	1383.019531	19.661217
-19.672816	-12.314427	1381.359375	19.656891
-19.672816	-12.314427	1379.699219	25.699511
-19.672816	-12.314427	1378.039063	21.159647
-19.672816	-12.314427	1376.376953	19.643919
-19.672816	-12.314427	1374.716797	21.150333
-19.672816	-12.314427	1373.054688	21.145678
-19.672816	-12.314427	1371.392578	16.610802
-19.672816	-12.314427	1369.728516	28.685066
-19.672816	-12.314427	1368.066406	27.169340
-19.672816	-12.314427	1366.402344	19.617977
-19.672816	-12.314427	1364.740234	22.631140
-19.672816	-12.314427	1363.076172	15.084102
-19.672816	-12.314427	1361.412109	18.096931
-19.672816	-12.314427	1359.746094	28.647158
-19.672816	-12.314427	1358.082031	21.103777
-19.672816	-12.314427	1356.416016	19.592041
-19.672816	-12.314427	1354.750000	16.574223
-19.672816	-12.314427	1353.083984	25.609056
-19.672816	-12.314427	1351.417969	21.085157
-19.672816	-12.314427	1349.750000	15.057501
-19.672816	-12.314427	1348.083984	19.570429
-19.672816	-12.314427	1346.416016	24.081364
-19.672816	-12.314427	1344.748047	21.066538
-19.672816	-12.314427	1343.078125	22.566305
-19.672816	-12.314427	1341.410156	18.049055
-19.672816	-12.314427	1339.740234	21.052576
-19.672816	-12.314427	1338.072266	21.047922
-19.672816	-12.314427	1336.402344	13.527816
-19.672816	-12.314427	1334.730469	16.530340
-19.672816	-12.314427	1333.060547	21.033962
-19.672816	-12.314427	1331.388672	18.025122
-19.672816	-12.314427	1329.718750	19.522894
-19.672816	-12.314427	1328.046875	25.524288
-19.672816	-12.314427	1326.375000	22.516445
-19.672816	-12.314427	1324.701172	22.511459
-19.672816	-12.314427	1323.029297	12.003453
-19.672816	-12.314427	1321.355469	18.001192
-19.672816	-12.314427	1319.681641	17.997204
-19.672816	-12.314427	1318.007813	22.491520
-19.672816	-12.314427	1316.333984	17.989227
-19.672816	-12.314427	1314.660156	23.980320
-19.672816	-12.314427	1312.984375	29.968754
-19.672816	-12.314427	1311.308594	23.969687
-19.672816	-12.314427	1309.632813	29.955462
-19.672816	-12.314427	1307.957031	26.953934
-19.672816	-12.314427	1306.279297	28.445061
-19.672816	-12.314427	1304.603516	16.464539
-19.672816	-12.314427	1302.925781	23.943104
-19.672816	-12.314427	1301.248047	23.937786
-19.672816	-12.314427	1299.570313	22.436691
-19.672816	-12.314427	1297.892578	20.936260
-19.672816	-12.314427	1296.212891	19.436495
-19.672816	-12.314427	1294.533203	19.432175
-19.672816	-12.314427	1292.853516	28.394558
-19.672816	-12.314427	1291.173828	17.929419
-19.672816	-12.314427	1289.494141	29.875719
-19.672816	-12.314427	1287.812500	26.882168
-19.672816	-12.314427	1286.132813	22.396824
-19.672816	-12.314427	1284.451172	20.899052
-19.672816	-12.314427	1282.769531	19.401943
-19.672816	-12.314427	1281.085938	22.381874
-19.672816	-12.314427	1279.404297	22.376892
-19.672816	-12.314427	1277.720703	26.846291
-19.672816	-12.314427	1276.039063	14.911284
-19.672816	-12.314427	1274.355469	23.852739
-19.672816	-12.314427	1272.669922	19.376034
-19.672816	-12.314427	1270.986328	22.351978
-19.672816	-12.314427	1269.300781	22.346996
-19.672816	-12.314427	1267.615234	17.873611
-19.672816	-12.314427	1265.929688	22.337032
-19.672816	-12.314427	1264.244141	14.888033
-19.672816	-12.314427	1262.558594	17.861654
-19.672816	-12.314427	1260.871094	20.833946
-19.672816	-12.314427	1259.185547	23.804911
-19.672816	-12.314427	1257.498047	34.211922
-19.672816	-12.314427	1255.808594	20.819998
-19.672816	-12.314427	1254.121094	22.302158
-19.672816	-12.314427	1252.433594	22.297176
-19.672816	-12.314427	1250.744141	23.778341
-19.672816	-12.314427	1249.054688	26.744658
-19.672816	-12.314427	1247.365234	20.796751
-19.672816	-12.314427	1245.673828	20.792101
-19.672816	-12.314427	1243.984375	13.363362
-19.672816	-12.314427	1242.292969	25.236261
-19.672816	-12.314427	1240.601563	19.294001
-19.672816	-12.314427	1238.910156	16.322041
-19.672816	-12.314427	1237.218750	26.702816
-19.672816	-12.314427	1235.525391	23.730522
-19.672816	-12.314427	1233.833984	23.725210
-19.672816	-12.314427	1232.140625	25.202391
-19.672816	-12.314427	1230.447266	23.714584
-19.672816	-12.314427	1228.753906	23.709272
-19.672816	-12.314427	1227.058594	25.185457
-19.672816	-12.314427	1225.365234	17.773985
-19.672816	-12.314427	1223.669922	20.731667
-19.672816	-12.314427	1221.974609	14.805014
-19.672816	-12.314427	1220.277344	14.801693
-19.672816	-12.314427	1218.582031	16.278210
-19.672816	-12.314427	1216.884766	16.274559
-19.672816	-12.314427	1215.189453	16.270906
-19.672816	-12.314427	1213.492188	17.746096
-19.672816	-12.314427	1211.792969	20.699131
-19.672816	-12.314427	1210.095703	19.216305
-19.672816	-12.314427	1208.396484	25.123371
-19.672816	-12.314427	1206.699219	14.775133
-19.672816	-12.314427	1205.000000	22.157721
-19.672816	-12.314427	1203.298828	25.106440
-19.672816	-12.314427	1201.599609	22.147760
-19.672816	-12.314427	1199.900391	22.142782
-19.672816	-12.314427	1198.199219	25.089510
-19.672816	-12.314427	1196.498047	13.279694
-19.672816	-12.314427	1194.796875	14.751896
-19.672816	-12.314427	1193.093750	20.648006
-19.672816	-12.314427	1191.392578	17.694307
-19.672816	-12.314427	1189.689453	23.587099
-19.672816	-12.314427	1187.986328	17.686340
-19.672816	-12.314427	1186.283203	16.208828
-19.672816	-12.314427	1184.580078	17.678375
-19.672816	-12.314427	1182.875000	23.565855
-19.672816	-12.314427	1181.169922	20.615477
-19.672816	-12.314427	1179.464844	20.610830
-19.672816	-12.314427	1177.759766	20.606182
-19.672816	-12.314427	1176.054688	22.073074
-19.672816	-12.314427	1174.347656	16.183270
-19.672816	-12.314427	1172.642578	25.004866
-19.672816	-12.314427	1170.935547	24.999224
-19.672816	-12.314427	1169.228516	20.582951
-19.672816	-12.314427	1167.519531	23.518061
-19.672816	-12.314427	1165.812500	20.573656
-19.672816	-12.314427	1164.103516	20.569010
-19.672816	-12.314427	1162.394531	22.033247
-19.672816	-12.314427	1160.685547	22.028269
-19.672816	-12.314427	1158.976563	17.618633
-19.672816	-12.314427	1157.265625	16.146763
-19.672816	-12.314427	1155.556641	17.610668
-19.672816	-12.314427	1153.845703	16.139462
-19.672816	-12.314427	1152.134766	23.470270
-19.672816	-12.314427	1150.423828	23.464962
-19.672816	-12.314427	1148.710938	23.459652
-19.672816	-12.314427	1146.998047	21.988445
-19.672816	-12.314427	1145.287109	20.517904
-19.672816	-12.314427	1143.572266	33.700352
-19.672816	-12.314427	1141.859375	16.113909
-19.672816	-12.314427	1140.146484	30.755949
-19.672816	-12.314427	1138.431641	23.427795
-19.672816	-12.314427	1136.716797	20.494675
-19.672816	-12.314427	1135.001953	23.417177
-19.672816	-12.314427	1133.287109	13.169176
-19.672816	-12.314427	1131.570313	24.869469
-19.672816	-12.314427	1129.855469	23.401251
-19.672816	-12.314427	1128.138672	20.471449
-19.672816	-12.314427	1126.421875	24.852547
-19.672816	-12.314427	1124.703125	19.000576
-19.672816	-12.314427	1122.986328	17.535011
-19.672816	-12.314427	1121.267578	23.374706
-19.672816	-12.314427	1119.548828	27.751162
-19.672816	-12.314427	1117.830078	21.903835
-19.672816	-12.314427	1116.111328	29.198477
-19.672816	-12.314427	1114.392578	21.893881
-19.672816	-12.314427	1112.671875	20.429644
-19.672816	-12.314427	1110.951172	29.178572
-19.672816	-12.314427	1109.230469	13.127371
-19.672816	-12.314427	1107.509766	13.124386
-19.672816	-12.314427	1105.787109	16.037266
-19.672816	-12.314427	1104.066406	17.491219
-19.672816	-12.314427	1102.343750	17.487238
-19.672816	-12.314427	1100.621094	18.940195
-19.672816	-12.314427	1098.896484	20.392488
-19.672816	-12.314427	1097.173828	20.387844
-19.672816	-12.314427	1095.449219	24.751030
-19.672816	-12.314427	1093.724609	30.567835
-19.672816	-12.314427	1092.000000	21.829193
-19.672816	-12.314427	1090.275391	18.914322
-19.672816	-12.314427	1088.550781	20.364626
-19.672816	-12.314427	1086.824219	20.359982
-19.672816	-12.314427	1085.097656	26.171148
-19.672816	-12.314427	1083.371094	29.072420
-19.672816	-12.314427	1081.644531	23.252628
-19.672816	-12.314427	1079.916016	17.435492
-19.672816	-12.314427	1078.189453	21.789389
-19.672816	-12.314427	1076.460938	20.332121
-19.672816	-12.314427	1074.732422	15.971589
-19.672816	-12.314427	1073.001953	21.774466
-19.672816	-12.314427	1071.273438	18.866892
-19.672816	-12.314427	1069.542969	23.215483
-19.672816	-12.314427	1067.812500	20.308905
-19.672816	-12.314427	1066.082031	20.304262
-19.672816	-12.314427	1064.351563	27.549482
-19.672816	-12.314427	1062.619141	24.643900
-19.672816	-12.314427	1060.888672	13.043785
-19.672816	-12.314427	1059.156250	24.632624
-19.672816	-12.314427	1057.421875	17.383755
-19.672816	-12.314427	1055.689453	21.724720
-19.672816	-12.314427	1053.957031	17.375797
-19.672816	-12.314427	1052.222656	17.371817
-19.672816	-12.314427	1050.488281	17.367838
-19.672816	-12.314427	1048.753906	18.810848
-19.672816	-12.314427	1047.019531	23.146507
-19.672816	-12.314427	1045.283203	26.033852
-19.672816	-12.314427	1043.546875	15.905929
-19.672816	-12.314427	1041.810547	21.684929
-19.672816	-12.314427	1040.074219	28.906609
-19.672816	-12.314427	1038.337891	24.564981
-19.672816	-12.314427	1036.599609	27.448679
-19.672816	-12.314427	1034.861328	17.332029
-19.672816	-12.314427	1033.123047	14.440042
-19.672816	-12.314427	1031.384766	20.211418
-19.672816	-12.314427	1029.646484	15.876753
-19.672816	-12.314427	1027.906250	21.645145
-19.672816	-12.314427	1026.167969	25.968206
-19.672816	-12.314427	1024.427734	21.635199
-19.672816	-12.314427	1022.685547	15.862166
-19.672816	-12.314427	1020.945313	20.183571
-19.672816	-12.314427	1019.203125	25.944338
-19.672816	-12.314427	1017.462891	24.497351
-19.672816	-12.314427	1015.720703	24.491716
-19.672816	-12.314427	1013.976563	27.366796
-19.672816	-12.314427	1012.234375	17.280315
-19.672816	-12.314427	1010.490234	31.673286
-19.672816	-12.314427	1008.746094	21.590450
-19.672816	-12.314427	1007.001953	28.780638
-19.672816	-12.314427	1005.257813	41.722313
-19.672816	-12.314427	1003.513672	30.205750
-19.672816	-12.314427	1001.767578	24.446640
-19.672816	-12.314427	1000.021484	23.003300
-19.672816	-12.314427	998.275391	28.747496
-19.672816	-12.314427	996.529297	21.555651
-19.672816	-12.314427	994.781250	22.987392
-19.672816	-12.314427	993.035156	40.218658
-19.672816	-12.314427	991.287109	30.157034
-19.672816	-12.314427	989.539063	38.764381
-19.672816	-12.314427	987.789063	35.884663
-19.672816	-12.314427	986.041016	40.181545
-19.672816	-12.314427	984.291016	32.998646
-19.672816	-12.314427	982.541016	35.859810
-19.672816	-12.314427	980.791016	31.549345
-19.672816	-12.314427	979.041016	32.975784
-19.672816	-12.314427	977.289063	41.568554
-19.672816	-12.314427	975.537109	37.259747
-19.672816	-12.314427	973.785156	40.116604
-19.672816	-12.314427	972.033203	40.107327
-19.672816	-12.314427	970.281250	41.530125
-19.672816	-12.314427	968.527344	40.088776
-19.672816	-12.314427	966.773438	40.079498
-19.672816	-12.314427	965.019531	28.621588
-19.672816	-12.314427	963.265625	40.060947
-19.672816	-12.314427	961.511719	41.482090
-19.672816	-12.314427	959.755859	42.902569
-19.672816	-12.314427	958.000000	31.454597
-19.672816	-12.314427	956.244141	30.017887
-19.672816	-12.314427	954.488281	35.727299
-19.672816	-12.314427	952.730469	45.720345
-19.672816	-12.314427	950.974609	37.139172
-19.672816	-12.314427	949.216797	35.702461
-19.672816	-12.314427	947.458984	37.121948
-19.672816	-12.314427	945.701172	35.685902
-19.672816	-12.314427	943.941406	44.240253
-19.672816	-12.314427	942.181641	41.376438
-19.672816	-12.314427	940.421875	41.366837
-19.672816	-12.314427	938.662109	28.522230
-19.672816	-12.314427	936.902344	29.941387
-19.672816	-12.314427	935.140625	37.061680
-19.672816	-12.314427	933.380859	34.202835
-19.672816	-12.314427	931.619141	29.920528
-19.672816	-12.314427	929.855469	35.611401
-19.672816	-12.314427	928.093750	27.058372
-19.672816	-12.314427	926.330078	19.933113
-19.672816	-12.314427	924.568359	19.928478
-19.672816	-12.314427	922.804688	22.770107
-19.672816	-12.314427	921.039063	25.610413
-19.672816	-12.314427	919.275391	29.871864
-19.672816	-12.314427	917.509766	22.754219
-19.672816	-12.314427	915.744141	32.701576
-19.672816	-12.314427	913.978516	17.057720
-19.672816	-12.314427	912.212891	27.001768
-19.672816	-12.314427	910.447266	28.416294
-19.672816	-12.314427	908.679688	25.568708
-19.672816	-12.314427	906.912109	25.562752
-19.672816	-12.314427	905.144531	28.396439
-19.672816	-12.314427	903.375000	21.292364
-19.672816	-12.314427	901.607422	29.802361
-19.672816	-12.314427	899.837891	28.376583
-19.672816	-12.314427	898.068359	25.532969
-19.672816	-12.314427	896.298828	34.036018
-19.672816	-12.314427	894.529297	31.192404
-19.672816	-12.314427	892.757813	31.185123
-19.672816	-12.314427	890.986328	25.509146
-19.672816	-12.314427	889.214844	28.336880
-19.672816	-12.314427	887.443359	24.080723
-19.672816	-12.314427	885.669922	32.572193
-19.672816	-12.314427	883.898438	19.821922
-19.672816	-12.314427	882.125000	28.310415
-19.672816	-12.314427	880.351563	25.473419
-19.672816	-12.314427	878.578125	26.882326
-19.672816	-12.314427	876.802734	28.290569
-19.672816	-12.314427	875.027344	19.798769
-19.672816	-12.314427	873.251953	31.105074
-19.672816	-12.314427	871.476563	26.857189
-19.672816	-12.314427	869.701172	25.437702
-19.672816	-12.314427	867.923828	24.018873
-19.672816	-12.314427	866.146484	18.363075
-19.672816	-12.314427	864.369141	18.358778
-19.672816	-12.314427	862.591797	21.178246
-19.672816	-12.314427	860.814453	25.407942
-19.672816	-12.314427	859.035156	19.757105
-19.672816	-12.314427	857.255859	21.163366
-19.672816	-12.314427	855.476563	18.337288
-19.672816	-12.314427	853.697266	15.512529
-19.672816	-12.314427	851.916016	28.197989
-19.672816	-12.314427	850.136719	32.420086
-19.672816	-12.314427	848.355469	22.547813
-19.672816	-12.314427	846.574219	25.360340
-19.672816	-12.314427	844.791016	23.945814
-19.672816	-12.314427	843.009766	23.940197
-19.672816	-12.314427	841.226563	19.710829
-19.672816	-12.314427	839.443359	12.668273
-19.672816	-12.314427	837.660156	22.516088
-19.672816	-12.314427	835.875000	32.359276
-19.672816	-12.314427	834.091797	25.318703
-19.672816	-12.314427	832.306641	19.687700
-19.672816	-12.314427	830.521484	28.118677
-19.672816	-12.314427	828.734375	26.706467
-19.672816	-12.314427	826.949219	22.484371
-19.672816	-12.314427	825.162109	26.693914
-19.672816	-12.314427	823.375000	25.283026
-19.672816	-12.314427	821.587891	22.468515
-19.672816	-12.314427	819.800781	23.867184
-19.672816	-12.314427	818.011719	14.036217
-19.672816	-12.314427	816.222656	18.242788
-19.672816	-12.314427	814.433594	16.835535
-19.672816	-12.314427	812.644531	26.649988
-19.672816	-12.314427	810.855469	22.436811
-19.672816	-12.314427	809.064453	22.431530
-19.672816	-12.314427	807.273438	23.827887
-19.672816	-12.314427	805.482422	16.815723
-19.672816	-12.314427	803.691406	22.415682
-19.672816	-12.314427	801.898438	19.609100
-19.672816	-12.314427	800.107422	26.606079
-19.672816	-12.314427	798.314453	26.599808
-19.672816	-12.314427	796.521484	22.394556
-19.672816	-12.314427	794.726563	13.993298
-19.672816	-12.314427	792.933594	26.580994
-19.672816	-12.314427	791.138672	22.378716
-19.672816	-12.314427	789.343750	18.178417
-19.672816	-12.314427	787.546875	26.562185
-19.672816	-12.314427	785.751953	29.351276
-19.672816	-12.314427	783.955078	20.960247
-19.672816	-12.314427	782.158203	26.543379
-19.672816	-12.314427	780.361328	25.140421
-19.672816	-12.314427	778.564453	22.341763
-19.672816	-12.314427	776.765625	27.920607
-19.672816	-12.314427	774.968750	20.935507
-19.672816	-12.314427	773.169922	25.116673
-19.672816	-12.314427	771.369141	32.085941
-19.672816	-12.314427	769.570313	33.473064
-19.672816	-12.314427	767.769531	26.493246
-19.672816	-12.314427	765.970703	32.063187
-19.672816	-12.314427	764.167969	26.480717
-19.672816	-12.314427	762.367188	30.654629
-19.672816	-12.314427	760.566406	26.468187
-19.672816	-12.314427	758.763672	25.069191
-19.672816	-12.314427	756.960938	20.886049
-19.672816	-12.314427	755.158203	23.665251
-19.672816	-12.314427	753.353516	27.834881
-19.672816	-12.314427	751.550781	22.262630
-19.672816	-12.314427	749.746094	29.212782
-19.672816	-12.314427	747.941406	23.642841
-19.672816	-12.314427	746.136719	27.808517
-19.672816	-12.314427	744.330078	25.021734
-19.672816	-12.314427	742.523438	29.185104
-19.672816	-12.314427	740.718750	23.620438
-19.672816	-12.314427	738.910156	27.782162
-19.672816	-12.314427	737.103516	33.330688
-19.672816	-12.314427	735.294922	30.545885
-19.672816	-12.314427	733.488281	26.374279
-19.672816	-12.314427	731.679688	31.919184
-19.672816	-12.314427	729.869141	26.361765
-19.672816	-12.314427	728.060547	23.581244
-19.672816	-12.314427	726.250000	23.575647
-19.672816	-12.314427	724.439453	29.115944
-19.672816	-12.314427	722.628906	22.178308
-19.672816	-12.314427	720.818359	24.944672
-19.672816	-12.314427	719.005859	26.324234
-19.672816	-12.314427	717.195313	29.088293
-19.672816	-12.314427	715.382813	23.542070
-19.672816	-12.314427	713.568359	23.536476
-19.672816	-12.314427	711.755859	27.683392
-19.672816	-12.314427	709.941406	30.444490
-19.672816	-12.314427	708.126953	29.053741
-19.672816	-12.314427	706.312500	17.981373
-19.672816	-12.314427	704.498047	15.211389
-19.672816	-12.314427	702.681641	24.885443
-19.672816	-12.314427	700.867188	22.115131
-19.672816	-12.314427	699.050781	26.255468
-19.672816	-12.314427	697.232422	20.723068
-19.672816	-12.314427	695.416016	24.861763
-19.672816	-12.314427	693.597656	22.094084
-19.672816	-12.314427	691.779297	17.947168
-19.672816	-12.314427	689.960938	22.083563
-19.672816	-12.314427	688.142578	28.977774
-19.672816	-12.314427	686.324219	23.452610
-19.672816	-12.314427	684.503906	24.826258
-19.672816	-12.314427	682.683594	19.304710
-19.672816	-12.314427	680.863281	28.950165
-19.672816	-12.314427	679.041016	23.430262
-19.672816	-12.314427	677.218750	17.912989
-19.672816	-12.314427	675.398438	27.551872
-19.672816	-12.314427	673.576172	26.168037
-19.672816	-12.314427	671.751953	27.538733
-19.672816	-12.314427	669.929688	28.908772
-19.672816	-12.314427	668.105469	28.901875
-19.672816	-12.314427	666.281250	23.391172
-19.672816	-12.314427	664.457031	33.014950
-19.672816	-12.314427	662.630859	23.380007
-19.672816	-12.314427	660.806641	26.124359
-19.672816	-12.314427	658.980469	23.368845
-19.672816	-12.314427	657.154297	31.609123
-19.672816	-12.314427	655.326172	27.479630
-19.672816	-12.314427	653.500000	32.967678
-19.672816	-12.314427	651.671875	31.586477
-19.672816	-12.314427	649.843750	26.086943
-19.672816	-12.314427	648.015625	27.453377
-19.672816	-12.314427	646.185547	24.702133
-19.672816	-12.314427	644.357422	24.696230
-19.672816	-12.314427	642.527344	23.318640
-19.672816	-12.314427	640.697266	30.169847
-19.672816	-12.314427	638.865234	30.162632
-19.672816	-12.314427	637.035156	30.155418
-19.672816	-12.314427	635.203125	30.148205
-19.672816	-12.314427	633.371094	34.251125
-19.672816	-12.314427	631.539063	41.091518
-19.672816	-12.314427	629.705078	41.081684
-19.672816	-12.314427	627.873047	36.964664
-19.672816	-12.314427	626.039063	34.218349
-19.672816	-12.314427	624.203125	32.841751
-19.672816	-12.314427	622.369141	38.306202
-19.672816	-12.314427	620.535156	31.458271
-19.672816	-12.314427	618.699219	35.553005
-19.672816	-12.314427	616.863281	27.341915
-19.672816	-12.314427	615.025391	28.702133
-19.672816	-12.314427	613.189453	38.260342
-19.672816	-12.314427	611.351563	34.152832
-19.672816	-12.314427	609.513672	34.144646
-19.672816	-12.314427	607.675781	31.405544
-19.672816	-12.314427	605.837891	38.223671
-19.672816	-12.314427	603.998047	36.849701
-19.672816	-12.314427	602.158203	36.840862
-19.672816	-12.314427	600.318359	30.011282
-19.672816	-12.314427	598.478516	32.731728
-19.672816	-12.314427	596.636719	36.814358
-19.672816	-12.314427	594.796875	32.716022
-19.672816	-12.314427	592.955078	25.893969
-19.672816	-12.314427	591.111328	24.525240
-19.672816	-12.314427	589.269531	38.141216
-19.672816	-12.314427	587.425781	34.046482
-19.672816	-12.314427	585.583984	29.953711
-19.672816	-12.314427	583.738281	28.585312
-19.672816	-12.314427	581.894531	25.856691
-19.672816	-12.314427	580.050781	31.292686
-19.672816	-12.314427	578.205078	31.285170
-19.672816	-12.314427	576.359375	31.277653
-19.672816	-12.314427	574.513672	24.472282
-19.672816	-12.314427	572.666016	23.107157
-19.672816	-12.314427	570.818359	27.178356
-19.672816	-12.314427	568.970703	31.247597
-19.672816	-12.314427	567.123047	31.240084
-19.672816	-12.314427	565.275391	24.442884
-19.672816	-12.314427	563.425781	23.079395
-19.672816	-12.314427	561.576172	29.860270
-19.672816	-12.314427	559.726563	24.425253
-19.672816	-12.314427	557.876953	27.132641
-19.672816	-12.314427	556.027344	36.620255
-19.672816	-12.314427	554.175781	28.475567
-19.672816	-12.314427	552.324219	32.535675
-19.672816	-12.314427	550.472656	31.172518
-19.672816	-12.314427	548.619141	31.165014
-19.672816	-12.314427	546.767578	23.029465
-19.672816	-12.314427	544.914063	32.504360
-19.672816	-12.314427	543.060547	32.496532
-19.672816	-12.314427	541.205078	35.196098
-19.672816	-12.314427	539.351563	33.834251
-19.672816	-12.314427	537.496094	43.297413
-19.672816	-12.314427	535.640625	41.934265
-19.672816	-12.314427	533.785156	52.743301
-19.672816	-12.314427	531.927734	51.378525
-19.672816	-12.314427	530.070313	62.180073
-19.672816	-12.314427	528.212891	79.733482
-19.672816	-12.314427	526.355469	113.491493
-19.672816	-12.314427	524.498047	197.211472
-19.672816	-12.314427	522.638672	395.678314
-19.672816	-12.314427	520.779297	581.898376
-19.672816	-12.314427	518.919922	456.227936
-19.672816	-12.314427	517.060547	244.252487
-19.672816	-12.314427	515.199219	134.913574
-19.672816	-12.314427	513.339844	99.811966
-19.672816	-12.314427	511.478516	84.954552
-19.672816	-12.314427	509.615234	74.148781
-19.672816	-12.314427	507.753906	71.435219
-19.672816	-12.314427	505.890625	61.985420
-19.672816	-12.314427	504.027344	74.095116
-19.672816	-12.314427	502.164063	56.568069
-19.672816	-12.314427	500.300781	52.514812
-19.672816	-12.314427	498.435547	63.271805
-19.672816	-12.314427	496.570313	55.181229
-19.672816	-12.314427	494.705078	57.859020
-19.672816	-12.314427	492.839844	55.154583
-19.672816	-12.314427	490.972656	67.245445
-19.672816	-12.314427	489.107422	59.161697
-19.672816	-12.314427	487.240234	49.737591
-19.672816	-12.314427	485.371094	51.069511
-19.672816	-12.314427	483.503906	51.057171
-19.672816	-12.314427	481.634766	45.671696
-19.672816	-12.314427	479.765625	34.916973
-19.672816	-12.314427	477.896484	45.649624
-19.672816	-12.314427	476.027344	40.269344
-19.672816	-12.314427	474.156250	38.917625
-19.672816	-12.314427	472.285156	37.566555
-19.672816	-12.314427	470.414063	36.216133
-19.672816	-12.314427	468.542969	33.525349
-19.672816	-12.314427	466.669922	29.495174
-19.672816	-12.314427	464.796875	38.870602
-19.672816	-12.314427	462.923828	28.140869
-19.672816	-12.314427	461.050781	28.134064
-19.672816	-12.314427	459.177734	29.466652
-19.672816	-12.314427	457.302734	38.833008
-19.672816	-12.314427	455.427734	33.468632
-19.672816	-12.314427	453.552734	37.475800
-19.672816	-12.314427	451.675781	32.114342
-19.672816	-12.314427	449.800781	33.444344
-19.672816	-12.314427	447.923828	24.074099
-19.672816	-12.314427	446.046875	30.753904
-19.672816	-12.314427	444.169922	24.062447
-19.672816	-12.314427	442.291016	26.729580
-19.672816	-12.314427	440.412109	32.067730
-19.672816	-12.314427	438.533203	29.388304
-19.672816	-12.314427	436.654297	21.368135
-19.672816	-12.314427	434.773438	24.033333
-19.672816	-12.314427	432.894531	28.032099
-19.672816	-12.314427	431.013672	24.021694
-19.672816	-12.314427	429.130859	28.018520
-19.672816	-12.314427	427.250000	34.681194
-19.672816	-12.314427	425.367188	29.338518
-19.672816	-12.314427	423.484375	27.998165
-19.672816	-12.314427	421.601563	23.992613
-19.672816	-12.314427	419.718750	30.649799
-19.672816	-12.314427	417.833984	33.306927
-19.672816	-12.314427	415.949219	27.971039
-19.672816	-12.314427	414.064453	27.964260
-19.672816	-12.314427	412.179688	33.282719
-19.672816	-12.314427	410.294922	27.950706
-19.672816	-12.314427	408.408203	34.597248
-19.672816	-12.314427	406.521484	37.249542
-19.672816	-12.314427	404.634766	35.910492
-19.672816	-12.314427	402.746094	42.550266
-19.672816	-12.314427	400.857422	54.504311
-19.672816	-12.314427	398.968750	74.426857
-19.672816	-12.314427	397.080078	89.024826
-19.672816	-12.314427	395.191406	77.047585
-19.672816	-12.314427	393.300781	79.685066
-19.672816	-12.314427	391.410156	71.699165
-19.672816	-12.314427	389.519531	59.734810
-19.672816	-12.314427	387.628906	50.430492
-19.672816	-12.314427	385.736328	55.725445
-19.672816	-12.314427	383.843750	57.038399
-19.672816	-12.314427	381.951172	57.024563
-19.672816	-12.314427	380.058594	58.336555
-19.672816	-12.314427	378.164063	49.043839
-19.672816	-12.314427	376.271484	64.934189
-19.672816	-12.314427	374.376953	86.116287
-19.672816	-12.314427	372.480469	74.174484
-19.672816	-12.314427	370.585938	58.265808
-19.672816	-12.314427	368.689453	54.279964
-19.672816	-12.314427	366.792969	50.296047
-19.672816	-12.314427	364.896484	56.900135
-19.672816	-12.314427	363.000000	47.625759
-19.672816	-12.314427	361.101563	70.098679
-19.672816	-12.314427	359.203125	55.536407
-19.672816	-12.314427	357.304688	48.913055
-19.672816	-12.314427	355.406250	54.187794
-19.672816	-12.314427	353.505859	46.246639
-19.672816	-12.314427	351.605469	56.803505
-19.672816	-12.314427	349.705078	56.789711
-19.672816	-12.314427	347.804688	47.533329
-19.672816	-12.314427	345.902344	54.122032
-19.672816	-12.314427	344.001953	48.829971
-19.672816	-12.314427	342.099609	46.179295
-19.672816	-12.314427	340.195313	44.848991
-19.672816	-12.314427	338.292969	54.069473
-19.672816	-12.314427	336.388672	44.827206
-19.672816	-12.314427	334.484375	44.816319
-19.672816	-12.314427	332.580078	47.441044
-19.672816	-12.314427	330.675781	42.159573
-19.672816	-12.314427	328.769531	48.735165
-19.672816	-12.314427	326.863281	34.238010
-19.672816	-12.314427	324.957031	35.546219
-19.672816	-12.314427	323.048828	34.221378
-19.672816	-12.314427	321.142578	39.476608
-19.672816	-12.314427	319.234375	34.204750
-19.672816	-12.314427	317.326172	32.881191
-19.672816	-12.314427	315.417969	32.873199
-19.672816	-12.314427	313.507813	35.494427
-19.672816	-12.314427	311.597656	31.542936
-19.672816	-12.314427	309.687500	34.163208
-19.672816	-12.314427	307.777344	35.468555
-19.672816	-12.314427	305.865234	31.519943
-19.672816	-12.314427	303.955078	28.886259
-19.672816	-12.314427	302.042969	34.130009
-19.672816	-12.314427	300.128906	30.184593
-19.672816	-12.314427	298.216797	39.361641
-19.672816	-12.314427	296.302734	31.481657
-19.672816	-12.314427	294.388672	38.031090
-19.672816	-12.314427	292.474609	31.466354
-19.672816	-12.314427	290.560547	41.944942
-19.672816	-12.314427	288.644531	52.418430
-19.672816	-12.314427	286.728516	44.544834
-19.672816	-12.314427	284.812500	49.773300
-19.672816	-12.314427	282.896484	52.380211
-19.672816	-12.314427	280.978516	57.604225
-19.672816	-12.314427	279.060547	62.825699
-19.672816	-12.314427	277.142578	53.650570
-19.672816	-12.314427	275.224609	73.261009
-19.672816	-12.314427	273.304688	70.627373
-19.672816	-12.314427	271.384766	69.302605
-19.672816	-12.314427	269.464844	90.202209
-19.672816	-12.314427	267.544922	100.635963
-19.672816	-12.314427	265.623047	124.131073
-19.672816	-12.314427	263.703125	207.705704
-19.672816	-12.314427	261.781250	293.851685
-19.672816	-12.314427	259.857422	293.780243
-19.672816	-12.314427	257.935547	268.906738
-19.672816	-12.314427	256.011719	251.875641
-19.672816	-12.314427	254.087891	257.033356
-19.672816	-12.314427	252.164063	652.210327
-19.672816	-12.314427	250.240234	1851.826904
-19.672816	-12.314427	248.314453	1814.870605
-19.672816	-12.314427	246.388672	785.992004
-19.672816	-12.314427	244.462891	353.154297
-19.672816	-12.314427	242.535156	257.961456
-19.672816	-12.314427	240.609375	188.865219
-19.672816	-12.314427	238.681641	160.170853
-19.672816	-12.314427	236.753906	131.490433
-19.672816	-12.314427	234.824219	117.141205
-19.672816	-12.314427	232.896484	117.112724
-19.672816	-12.314427	230.966797	87.162720
-19.672816	-12.314427	229.037109	79.337807
-19.672816	-12.314427	227.107422	75.417610
-19.672816	-12.314427	225.175781	72.799294
-19.672816	-12.314427	223.244141	93.576340
-19.672816	-12.314427	221.312500	96.152298
-19.672816	-12.314427	219.380859	101.325081
-19.672816	-12.314427	217.447266	81.819588
-19.672816	-12.314427	215.515625	84.396515
-19.672816	-12.314427	213.582031	68.798889
-19.672816	-12.314427	211.646484	60.995502
-19.672816	-12.314427	209.712891	70.062904
-19.672816	-12.314427	207.777344	51.885830
-19.672816	-12.314427	205.841797	51.873215
-19.672816	-12.314427	203.906250	49.267574
-19.672816	-12.314427	201.968750	32.404999
-19.672816	-12.314427	200.033203	36.284775
-19.672816	-12.314427	198.095703	28.502537
-19.672816	-12.314427	196.158203	27.200354
-19.672816	-12.314427	194.218750	25.898802
-19.672816	-12.314427	192.281250	28.481758
-19.672816	-12.314427	190.341797	24.591902
-19.672816	-12.314427	188.402344	28.467915
-19.672816	-12.314427	186.460938	20.698906
-19.672816	-12.314427	184.521484	24.573977
-19.672816	-12.314427	182.580078	25.861057
-19.672816	-12.314427	180.638672	23.269295
-19.672816	-12.314427	178.695313	29.725761
-19.672816	-12.314427	176.753906	21.965876
-19.672816	-12.314427	174.810547	24.544130
-19.672816	-12.314427	172.867188	25.829649
-19.672816	-12.314427	170.921875	25.823372
-19.672816	-12.314427	168.978516	36.143936
-19.672816	-12.314427	167.033203	36.135155
-19.672816	-12.314427	165.087891	27.094782
-19.672816	-12.314427	163.142578	38.697426
-19.672816	-12.314427	161.195313	30.950420
-19.672816	-12.314427	159.248047	25.785751
-19.672816	-12.314427	157.300781	25.779488
-19.672816	-12.314427	155.353516	41.237160
-19.672816	-12.314427	153.406250	46.380535
-19.672816	-12.314427	151.457031	39.929096
-19.672816	-12.314427	149.507813	41.207119
-19.672816	-12.314427	147.558594	39.909702
-19.672816	-12.314427	145.607422	36.038719
-19.672816	-12.314427	143.658203	51.471378
-19.672816	-12.314427	141.707031	47.599464
-19.672816	-12.314427	139.753906	50.160225
-19.672816	-12.314427	137.802734	82.294228
-19.672816	-12.314427	135.849609	73.275505
-19.672816	-12.314427	133.896484	62.975929
-19.672816	-12.314427	131.943359	51.396439
-19.672816	-12.314427	129.990234	46.245567
-19.672816	-12.314427	128.035156	52.655777
-19.672816	-12.314427	126.080078	57.778896
-19.672816	-12.314427	124.125000	47.495564
-19.672816	-12.314427	122.169922	53.900795
-19.672816	-12.314427	120.212891	65.435081
-19.672816	-12.314427	118.255859	57.722824
-19.672816	-12.314427	116.298828	64.120911
-19.672816	-12.314427	114.341797	47.437962
-19.672816	-12.314427	112.382813	39.735676
-19.672816	-12.314427	110.423828	34.600094
-19.672816	-12.314427	108.464844	26.904655
-19.672816	-12.314427	106.505859	32.021584
-19.672816	-12.314427	104.544922	16.647184
-19.672816	-12.314427	102.585938	16.643147
-19.672816	-12.314427	100.625000	6.399657
-19.672816	-12.314427	98.662109	5.118484
-19.672816	-12.314427	96.701172	1.279311
-19.672816	-12.314427	94.738281	3.837002
-19.672816	-12.314427	92.775391	3.836071
-19.672816	-12.314427	90.812500	1.278380
-19.672816	-12.314427	88.847656	3.834212
-19.672816	-12.314427	86.882813	3.833282
-19.672816	-12.314427	84.917969	3.832353
-19.672816	-12.314427	82.953125	3.831424
-19.672816	-12.314427	80.988281	1.276832
-19.672816	-12.314427	79.021484	2.553045
-19.672816	-12.314427	77.054688	0.000000
-19.672816	-12.314427	75.087891	1.275904
-19.672816	-12.314427	73.119141	1.275595
-19.672816	-12.314427	71.152344	1.275286
-19.672816	-12.314427	69.183594	2.549954
-19.672816	-12.314427	67.212891	0.000000
-19.672816	-12.314427	65.244141	0.000000
-19.672816	-12.314427	63.273438	-1.274051
-19.672816	-12.314427	61.302734	3.821227
-19.672816	-12.314427	59.332031	5.093735
-16.672816	-12.314427	1838.626953	16.071486
-16.672816	-12.314427	1837.066406	27.321526
-16.672816	-12.314427	1835.503906	19.281679
-16.672816	-12.314427	1833.941406	27.309900
-16.672816	-12.314427	1832.378906	19.273474
-16.672816	-12.314427	1830.816406	19.269373
-16.672816	-12.314427	1829.251953	32.108788
-16.672816	-12.314427	1827.687500	16.050978
-16.672816	-12.314427	1826.125000	22.466585
-16.672816	-12.314427	1824.560547	17.648561
-16.672816	-12.314427	1822.994141	19.248878
-16.672816	-12.314427	1821.429688	19.244781
-16.672816	-12.314427	1819.865234	20.844076
-16.672816	-12.314427	1818.298828	24.045738
-16.672816	-12.314427	1816.732422	25.643328
-16.672816	-12.314427	1815.166016	20.830769
-16.672816	-12.314427	1813.599609	20.826334
-16.672816	-12.314427	1812.033203	25.626957
-16.672816	-12.314427	1810.464844	17.614782
-16.672816	-12.314427	1808.896484	16.010029
-16.672816	-12.314427	1807.330078	22.409269
-16.672816	-12.314427	1805.759766	24.004820
-16.672816	-12.314427	1804.191406	12.799845
-16.672816	-12.314427	1802.623047	12.797120
-16.672816	-12.314427	1801.052734	27.188089
-16.672816	-12.314427	1799.484375	19.187508
-16.672816	-12.314427	1797.914063	25.577894
-16.672816	-12.314427	1796.343750	22.375893
-16.672816	-12.314427	1794.771484	22.371128
-16.672816	-12.314427	1793.201172	20.768766
-16.672816	-12.314427	1791.628906	17.569830
-16.672816	-12.314427	1790.058594	23.953754
-16.672816	-12.314427	1788.486328	28.738384
-16.672816	-12.314427	1786.914063	20.751080
-16.672816	-12.314427	1785.339844	23.938454
-16.672816	-12.314427	1783.767578	25.528912
-16.672816	-12.314427	1782.193359	12.761737
-16.672816	-12.314427	1780.621094	25.518036
-16.672816	-12.314427	1779.046875	23.918062
-16.672816	-12.314427	1777.470703	31.883955
-16.672816	-12.314427	1775.896484	15.938581
-16.672816	-12.314427	1774.322266	25.496296
-16.672816	-12.314427	1772.746094	23.897684
-16.672816	-12.314427	1771.169922	19.114075
-16.672816	-12.314427	1769.593750	17.517500
-16.672816	-12.314427	1768.017578	20.698090
-16.672816	-12.314427	1766.441406	12.734571
-16.672816	-12.314427	1764.863281	25.463713
-16.672816	-12.314427	1763.287109	20.684858
-16.672816	-12.314427	1761.708984	11.135626
-16.672816	-12.314427	1760.130859	22.266504
-16.672816	-12.314427	1758.552734	25.442009
-16.672816	-12.314427	1756.972656	22.257011
-16.672816	-12.314427	1755.394531	20.662819
-16.672816	-12.314427	1753.814453	22.247522
-16.672816	-12.314427	1752.234375	17.476469
-16.672816	-12.314427	1750.654297	14.295879
-16.672816	-12.314427	1749.074219	17.469015
-16.672816	-12.314427	1747.492188	26.991812
-16.672816	-12.314427	1745.912109	26.986053
-16.672816	-12.314427	1744.330078	19.044916
-16.672816	-12.314427	1742.748047	20.627592
-16.672816	-12.314427	1741.166016	23.795990
-16.672816	-12.314427	1739.583984	22.204851
-16.672816	-12.314427	1738.000000	12.685780
-16.672816	-12.314427	1736.417969	11.097689
-16.672816	-12.314427	1734.833984	25.360733
-16.672816	-12.314427	1733.250000	20.601198
-16.672816	-12.314427	1731.666016	15.843694
-16.672816	-12.314427	1730.082031	30.096592
-16.672816	-12.314427	1728.496094	19.004316
-16.672816	-12.314427	1726.912109	15.833550
-16.672816	-12.314427	1725.326172	22.162239
-16.672816	-12.314427	1723.740234	25.322865
-16.672816	-12.314427	1722.154297	25.317457
-16.672816	-12.314427	1720.566406	20.566042
-16.672816	-12.314427	1718.980469	18.979984
-16.672816	-12.314427	1717.392578	17.394604
-16.672816	-12.314427	1715.804688	20.552868
-16.672816	-12.314427	1714.216797	18.967827
-16.672816	-12.314427	1712.628906	23.704718
-16.672816	-12.314427	1711.041016	18.959724
-16.672816	-12.314427	1709.451172	18.955673
-16.672816	-12.314427	1707.861328	23.689528
-16.672816	-12.314427	1706.271484	23.684465
-16.672816	-12.314427	1704.681641	23.679405
-16.672816	-12.314427	1703.091797	15.782896
-16.672816	-12.314427	1701.501953	14.201571
-16.672816	-12.314427	1699.910156	20.508995
-16.672816	-12.314427	1698.318359	25.236443
-16.672816	-12.314427	1696.726563	23.654108
-16.672816	-12.314427	1695.134766	26.802256
-16.672816	-12.314427	1693.542969	26.796526
-16.672816	-12.314427	1691.949219	18.911150
-16.672816	-12.314427	1690.357422	22.058289
-16.672816	-12.314427	1688.763672	28.354591
-16.672816	-12.314427	1687.169922	20.473936
-16.672816	-12.314427	1685.576172	17.320393
-16.672816	-12.314427	1683.982422	15.742443
-16.672816	-12.314427	1682.386719	18.886889
-16.672816	-12.314427	1680.791016	22.029989
-16.672816	-12.314427	1679.195313	22.025274
-16.672816	-12.314427	1677.599609	23.593458
-16.672816	-12.314427	1676.003906	22.015846
-16.672816	-12.314427	1674.408203	23.583357
-16.672816	-12.314427	1672.810547	22.006422
-16.672816	-12.314427	1671.214844	22.001709
-16.672816	-12.314427	1669.617188	23.568213
-16.672816	-12.314427	1668.019531	23.563164
-16.672816	-12.314427	1666.419922	14.134871
-16.672816	-12.314427	1664.822266	15.702047
-16.672816	-12.314427	1663.222656	21.978157
-16.672816	-12.314427	1661.623047	18.834385
-16.672816	-12.314427	1660.023438	17.261154
-16.672816	-12.314427	1658.423828	21.964033
-16.672816	-12.314427	1656.824219	20.390802
-16.672816	-12.314427	1655.222656	29.795555
-16.672816	-12.314427	1653.623047	17.246361
-16.672816	-12.314427	1652.021484	12.540118
-16.672816	-12.314427	1650.419922	21.940502
-16.672816	-12.314427	1648.818359	18.802113
-16.672816	-12.314427	1647.214844	18.798080
-16.672816	-12.314427	1645.613281	21.926390
-16.672816	-12.314427	1644.009766	25.053356
-16.672816	-12.314427	1642.406250	23.482481
-16.672816	-12.314427	1640.802734	12.521303
-16.672816	-12.314427	1639.199219	17.213099
-16.672816	-12.314427	1637.593750	18.773895
-16.672816	-12.314427	1635.990234	15.641555
-16.672816	-12.314427	1634.384766	20.329657
-16.672816	-12.314427	1632.779297	15.634840
-16.672816	-12.314427	1631.173828	20.320929
-16.672816	-12.314427	1629.568359	18.753752
-16.672816	-12.314427	1627.960938	24.999634
-16.672816	-12.314427	1626.353516	28.118547
-16.672816	-12.314427	1624.748047	17.179865
-16.672816	-12.314427	1623.140625	15.614705
-16.672816	-12.314427	1621.531250	20.294754
-16.672816	-12.314427	1619.923828	20.290394
-16.672816	-12.314427	1618.314453	15.604641
-16.672816	-12.314427	1616.707031	23.401932
-16.672816	-12.314427	1615.097656	26.516487
-16.672816	-12.314427	1613.488281	23.391870
-16.672816	-12.314427	1611.878906	21.827719
-16.672816	-12.314427	1610.267578	23.381813
-16.672816	-12.314427	1608.656250	28.052141
-16.672816	-12.314427	1607.046875	18.697405
-16.672816	-12.314427	1605.435547	20.251163
-16.672816	-12.314427	1603.824219	15.574468
-16.672816	-12.314427	1602.210938	20.242451
-16.672816	-12.314427	1600.599609	26.465200
-16.672816	-12.314427	1598.986328	17.120855
-16.672816	-12.314427	1597.373047	14.004958
-16.672816	-12.314427	1595.759766	23.336571
-16.672816	-12.314427	1594.146484	17.109800
-16.672816	-12.314427	1592.533203	20.216320
-16.672816	-12.314427	1590.917969	23.321499
-16.672816	-12.314427	1589.302734	18.653181
-16.672816	-12.314427	1587.687500	17.095066
-16.672816	-12.314427	1586.072266	27.967716
-16.672816	-12.314427	1584.457031	27.961689
-16.672816	-12.314427	1582.839844	26.402571
-16.672816	-12.314427	1581.224609	24.844122
-16.672816	-12.314427	1579.607422	21.733921
-16.672816	-12.314427	1577.990234	15.520883
-16.672816	-12.314427	1576.373047	20.172796
-16.672816	-12.314427	1574.755859	15.514189
-16.672816	-12.314427	1573.136719	23.266264
-16.672816	-12.314427	1571.517578	20.159746
-16.672816	-12.314427	1569.898438	27.907473
-16.672816	-12.314427	1568.279297	12.400644
-16.672816	-12.314427	1566.660156	15.497460
-16.672816	-12.314427	1565.041016	9.296470
-16.672816	-12.314427	1563.419922	15.490771
-16.672816	-12.314427	1561.798828	20.133654
-16.672816	-12.314427	1560.177734	18.580898
-16.672816	-12.314427	1558.556641	24.769182
-16.672816	-12.314427	1556.935547	20.120613
-16.672816	-12.314427	1555.312500	23.211077
-16.672816	-12.314427	1553.691406	18.564850
-16.672816	-12.314427	1552.068359	20.107574
-16.672816	-12.314427	1550.445313	21.649632
-16.672816	-12.314427	1548.822266	23.191019
-16.672816	-12.314427	1547.197266	23.186007
-16.672816	-12.314427	1545.574219	20.090193
-16.672816	-12.314427	1543.949219	21.630915
-16.672816	-12.314427	1542.324219	21.626236
-16.672816	-12.314427	1540.699219	16.988367
-16.672816	-12.314427	1539.072266	16.984692
-16.672816	-12.314427	1537.447266	16.981016
-16.672816	-12.314427	1535.820313	24.694315
-16.672816	-12.314427	1534.193359	21.602850
-16.672816	-12.314427	1532.566406	21.598173
-16.672816	-12.314427	1530.939453	26.220675
-16.672816	-12.314427	1529.312500	26.214996
-16.672816	-12.314427	1527.683594	21.584146
-16.672816	-12.314427	1526.056641	21.579470
-16.672816	-12.314427	1524.427734	18.492682
-16.672816	-12.314427	1522.798828	23.110844
-16.672816	-12.314427	1521.167969	21.565447
-16.672816	-12.314427	1519.539063	26.180937
-16.672816	-12.314427	1517.908203	20.016376
-16.672816	-12.314427	1516.277344	18.472651
-16.672816	-12.314427	1514.646484	18.468645
-16.672816	-12.314427	1513.015625	27.696959
-16.672816	-12.314427	1511.384766	19.999020
-16.672816	-12.314427	1509.751953	15.380524
-16.672816	-12.314427	1508.121094	23.065781
-16.672816	-12.314427	1506.488281	21.523390
-16.672816	-12.314427	1504.855469	21.518717
-16.672816	-12.314427	1503.220703	21.514046
-16.672816	-12.314427	1501.587891	18.436607
-16.672816	-12.314427	1499.953125	23.040754
-16.672816	-12.314427	1498.318359	19.964317
-16.672816	-12.314427	1496.683594	23.030746
-16.672816	-12.314427	1495.048828	23.025743
-16.672816	-12.314427	1493.414063	16.881876
-16.672816	-12.314427	1491.777344	23.015736
-16.672816	-12.314427	1490.140625	24.544783
-16.672816	-12.314427	1488.505859	12.269723
-16.672816	-12.314427	1486.867188	27.600874
-16.672816	-12.314427	1485.230469	15.330484
-16.672816	-12.314427	1483.593750	19.925295
-16.672816	-12.314427	1481.955078	15.323815
-16.672816	-12.314427	1480.316406	18.384577
-16.672816	-12.314427	1478.677734	21.444006
-16.672816	-12.314427	1477.039063	22.970720
-16.672816	-12.314427	1475.400391	22.965719
-16.672816	-12.314427	1473.759766	15.307146
-16.672816	-12.314427	1472.119141	13.773431
-16.672816	-12.314427	1470.478516	16.830526
-16.672816	-12.314427	1468.837891	21.416004
-16.672816	-12.314427	1467.197266	19.881956
-16.672816	-12.314427	1465.556641	15.290481
-16.672816	-12.314427	1463.914063	12.229718
-16.672816	-12.314427	1462.271484	19.868959
-16.672816	-12.314427	1460.628906	27.504869
-16.672816	-12.314427	1458.986328	21.388010
-16.672816	-12.314427	1457.343750	22.910728
-16.672816	-12.314427	1455.699219	13.743438
-16.672816	-12.314427	1454.054688	16.793871
-16.672816	-12.314427	1452.410156	25.948500
-16.672816	-12.314427	1450.765625	28.994934
-16.672816	-12.314427	1449.121094	18.308592
-16.672816	-12.314427	1447.474609	22.880745
-16.672816	-12.314427	1445.830078	18.300598
-16.672816	-12.314427	1444.183594	27.444902
-16.672816	-12.314427	1442.537109	22.865755
-16.672816	-12.314427	1440.890625	16.764557
-16.672816	-12.314427	1439.242188	19.808329
-16.672816	-12.314427	1437.595703	21.327383
-16.672816	-12.314427	1435.947266	25.891876
-16.672816	-12.314427	1434.298828	19.795341
-16.672816	-12.314427	1432.650391	22.835783
-16.672816	-12.314427	1431.000000	18.264631
-16.672816	-12.314427	1429.351563	18.260635
-16.672816	-12.314427	1427.701172	18.256639
-16.672816	-12.314427	1426.050781	15.210537
-16.672816	-12.314427	1424.400391	19.769369
-16.672816	-12.314427	1422.750000	21.285429
-16.672816	-12.314427	1421.097656	16.720604
-16.672816	-12.314427	1419.447266	19.756386
-16.672816	-12.314427	1417.794922	18.232670
-16.672816	-12.314427	1416.142578	19.747732
-16.672816	-12.314427	1414.490234	22.780851
-16.672816	-12.314427	1412.835938	25.812639
-16.672816	-12.314427	1411.183594	19.734751
-16.672816	-12.314427	1409.529297	19.730423
-16.672816	-12.314427	1407.875000	22.760881
-16.672816	-12.314427	1406.220703	22.755890
-16.672816	-12.314427	1404.566406	18.200718
-16.672816	-12.314427	1402.910156	25.778694
-16.672816	-12.314427	1401.255859	27.289097
-16.672816	-12.314427	1399.599609	16.673010
-16.672816	-12.314427	1397.943359	15.153955
-16.672816	-12.314427	1396.287109	19.695816
-16.672816	-12.314427	1394.628906	18.176760
-16.672816	-12.314427	1392.970703	18.172768
-16.672816	-12.314427	1391.314453	21.196905
-16.672816	-12.314427	1389.656250	16.651051
-16.672816	-12.314427	1387.998047	22.700989
-16.672816	-12.314427	1386.337891	16.643732
-16.672816	-12.314427	1384.679688	22.691008
-16.672816	-12.314427	1383.019531	22.686018
-16.672816	-12.314427	1381.359375	16.632755
-16.672816	-12.314427	1379.699219	19.652567
-16.672816	-12.314427	1378.039063	19.648243
-16.672816	-12.314427	1376.376953	16.621778
-16.672816	-12.314427	1374.716797	18.128857
-16.672816	-12.314427	1373.054688	16.614460
-16.672816	-12.314427	1371.392578	16.610802
-16.672816	-12.314427	1369.728516	16.607143
-16.672816	-12.314427	1368.066406	21.131708
-16.672816	-12.314427	1366.402344	22.636129
-16.672816	-12.314427	1364.740234	19.613655
-16.672816	-12.314427	1363.076172	22.626152
-16.672816	-12.314427	1361.412109	24.129242
-16.672816	-12.314427	1359.746094	21.108431
-16.672816	-12.314427	1358.082031	15.074125
-16.672816	-12.314427	1356.416016	21.099121
-16.672816	-12.314427	1354.750000	19.587719
-16.672816	-12.314427	1353.083984	21.089811
-16.672816	-12.314427	1351.417969	22.591240
-16.672816	-12.314427	1349.750000	15.057501
-16.672816	-12.314427	1348.083984	15.054176
-16.672816	-12.314427	1346.416016	27.091534
-16.672816	-12.314427	1344.748047	19.561787
-16.672816	-12.314427	1343.078125	25.575146
-16.672816	-12.314427	1341.410156	25.569494
-16.672816	-12.314427	1339.740234	24.060087
-16.672816	-12.314427	1338.072266	18.041077
-16.672816	-12.314427	1336.402344	18.037088
-16.672816	-12.314427	1334.730469	19.535856
-16.672816	-12.314427	1333.060547	22.536388
-16.672816	-12.314427	1331.388672	19.527214
-16.672816	-12.314427	1329.718750	19.522894
-16.672816	-12.314427	1328.046875	25.524288
-16.672816	-12.314427	1326.375000	24.017542
-16.672816	-12.314427	1324.701172	19.509932
-16.672816	-12.314427	1323.029297	18.005180
-16.672816	-12.314427	1321.355469	18.001192
-16.672816	-12.314427	1319.681641	22.496504
-16.672816	-12.314427	1318.007813	16.493780
-16.672816	-12.314427	1316.333984	17.989227
-16.672816	-12.314427	1314.660156	16.486469
-16.672816	-12.314427	1312.984375	16.482815
-16.672816	-12.314427	1311.308594	10.486737
-16.672816	-12.314427	1309.632813	10.484411
-16.672816	-12.314427	1307.957031	23.959053
-16.672816	-12.314427	1306.279297	17.965302
-16.672816	-12.314427	1304.603516	19.458090
-16.672816	-12.314427	1302.925781	14.964439
-16.672816	-12.314427	1301.248047	17.953341
-16.672816	-12.314427	1299.570313	16.453573
-16.672816	-12.314427	1297.892578	19.440813
-16.672816	-12.314427	1296.212891	22.426723
-16.672816	-12.314427	1294.533203	14.947826
-16.672816	-12.314427	1292.853516	17.933405
-16.672816	-12.314427	1291.173828	14.941182
-16.672816	-12.314427	1289.494141	14.937860
-16.672816	-12.314427	1287.812500	23.895260
-16.672816	-12.314427	1286.132813	19.410580
-16.672816	-12.314427	1284.451172	17.913473
-16.672816	-12.314427	1282.769531	25.371771
-16.672816	-12.314427	1281.085938	19.397625
-16.672816	-12.314427	1279.404297	17.901514
-16.672816	-12.314427	1277.720703	19.388988
-16.672816	-12.314427	1276.039063	22.366926
-16.672816	-12.314427	1274.355469	16.398758
-16.672816	-12.314427	1272.669922	19.376034
-16.672816	-12.314427	1270.986328	19.371716
-16.672816	-12.314427	1269.300781	20.857197
-16.672816	-12.314427	1267.615234	19.363079
-16.672816	-12.314427	1265.929688	17.869625
-16.672816	-12.314427	1264.244141	14.888033
-16.672816	-12.314427	1262.558594	23.815538
-16.672816	-12.314427	1260.871094	26.786503
-16.672816	-12.314427	1259.185547	19.341490
-16.672816	-12.314427	1257.498047	23.799597
-16.672816	-12.314427	1255.808594	19.332855
-16.672816	-12.314427	1254.121094	22.302158
-16.672816	-12.314427	1252.433594	20.810699
-16.672816	-12.314427	1250.744141	20.806049
-16.672816	-12.314427	1249.054688	14.858143
-16.672816	-12.314427	1247.365234	28.224161
-16.672816	-12.314427	1245.673828	23.762402
-16.672816	-12.314427	1243.984375	22.272270
-16.672816	-12.314427	1242.292969	23.751776
-16.672816	-12.314427	1240.601563	14.841538
-16.672816	-12.314427	1238.910156	14.838218
-16.672816	-12.314427	1237.218750	13.351408
-16.672816	-12.314427	1235.525391	20.764208
-16.672816	-12.314427	1233.833984	14.828257
-16.672816	-12.314427	1232.140625	19.272417
-16.672816	-12.314427	1230.447266	14.821615
-16.672816	-12.314427	1228.753906	19.263783
-16.672816	-12.314427	1227.058594	20.740965
-16.672816	-12.314427	1225.365234	17.773985
-16.672816	-12.314427	1223.669922	22.212502
-16.672816	-12.314427	1221.974609	23.688023
-16.672816	-12.314427	1220.277344	20.722370
-16.672816	-12.314427	1218.582031	16.278210
-16.672816	-12.314427	1216.884766	16.274559
-16.672816	-12.314427	1215.189453	23.666773
-16.672816	-12.314427	1213.492188	16.267254
-16.672816	-12.314427	1211.792969	16.263603
-16.672816	-12.314427	1210.095703	25.129015
-16.672816	-12.314427	1208.396484	25.123371
-16.672816	-12.314427	1206.699219	23.640213
-16.672816	-12.314427	1205.000000	20.680538
-16.672816	-12.314427	1203.298828	28.060139
-16.672816	-12.314427	1201.599609	17.718208
-16.672816	-12.314427	1199.900391	16.238039
-16.672816	-12.314427	1198.199219	20.661949
-16.672816	-12.314427	1196.498047	19.181780
-16.672816	-12.314427	1194.796875	11.801517
-16.672816	-12.314427	1193.093750	19.173149
-16.672816	-12.314427	1191.392578	17.694307
-16.672816	-12.314427	1189.689453	22.112906
-16.672816	-12.314427	1187.986328	17.686340
-16.672816	-12.314427	1186.283203	17.682358
-16.672816	-12.314427	1184.580078	16.205177
-16.672816	-12.314427	1182.875000	23.565855
-16.672816	-12.314427	1181.169922	22.088011
-16.672816	-12.314427	1179.464844	22.083033
-16.672816	-12.314427	1177.759766	19.134314
-16.672816	-12.314427	1176.054688	16.186922
-16.672816	-12.314427	1174.347656	20.596889
-16.672816	-12.314427	1172.642578	19.121368
-16.672816	-12.314427	1170.935547	20.587597
-16.672816	-12.314427	1169.228516	23.523371
-16.672816	-12.314427	1167.519531	14.698788
-16.672816	-12.314427	1165.812500	17.634563
-16.672816	-12.314427	1164.103516	22.038225
-16.672816	-12.314427	1162.394531	26.439896
-16.672816	-12.314427	1160.685547	24.965372
-16.672816	-12.314427	1158.976563	27.896168
-16.672816	-12.314427	1157.265625	26.421976
-16.672816	-12.314427	1155.556641	22.013334
-16.672816	-12.314427	1153.845703	19.073910
-16.672816	-12.314427	1152.134766	19.069595
-16.672816	-12.314427	1150.423828	17.598721
-16.672816	-12.314427	1148.710938	21.993423
-16.672816	-12.314427	1146.998047	21.988445
-16.672816	-12.314427	1145.287109	20.517904
-16.672816	-12.314427	1143.572266	26.374189
-16.672816	-12.314427	1141.859375	23.438414
-16.672816	-12.314427	1140.146484	19.039398
-16.672816	-12.314427	1138.431641	27.820507
-16.672816	-12.314427	1136.716797	13.175149
-16.672816	-12.314427	1135.001953	14.635736
-16.672816	-12.314427	1133.287109	27.801594
-16.672816	-12.314427	1131.570313	20.480740
-16.672816	-12.314427	1129.855469	21.938673
-16.672816	-12.314427	1128.138672	23.395941
-16.672816	-12.314427	1126.421875	20.466805
-16.672816	-12.314427	1124.703125	30.693237
-16.672816	-12.314427	1122.986328	11.690008
-16.672816	-12.314427	1121.267578	21.913788
-16.672816	-12.314427	1119.548828	26.290573
-16.672816	-12.314427	1117.830078	26.284601
-16.672816	-12.314427	1116.111328	21.898857
-16.672816	-12.314427	1114.392578	14.595921
-16.672816	-12.314427	1112.671875	17.511124
-16.672816	-12.314427	1110.951172	17.507143
-16.672816	-12.314427	1109.230469	23.337549
-16.672816	-12.314427	1107.509766	26.248772
-16.672816	-12.314427	1105.787109	29.158667
-16.672816	-12.314427	1104.066406	17.491219
-16.672816	-12.314427	1102.343750	18.944508
-16.672816	-12.314427	1100.621094	16.026320
-16.672816	-12.314427	1098.896484	17.479277
-16.672816	-12.314427	1097.173828	17.475296
-16.672816	-12.314427	1095.449219	21.839144
-16.672816	-12.314427	1093.724609	11.644890
-16.672816	-12.314427	1092.000000	23.284472
-16.672816	-12.314427	1090.275391	20.369268
-16.672816	-12.314427	1088.550781	27.637705
-16.672816	-12.314427	1086.824219	20.359982
-16.672816	-12.314427	1085.097656	17.447432
-16.672816	-12.314427	1083.371094	15.989831
-16.672816	-12.314427	1081.644531	21.799339
-16.672816	-12.314427	1079.916016	18.888449
-16.672816	-12.314427	1078.189453	18.884138
-16.672816	-12.314427	1076.460938	26.141298
-16.672816	-12.314427	1074.732422	15.971589
-16.672816	-12.314427	1073.001953	13.064679
-16.672816	-12.314427	1071.273438	20.318190
-16.672816	-12.314427	1069.542969	17.411612
-16.672816	-12.314427	1067.812500	15.956996
-16.672816	-12.314427	1066.082031	18.853956
-16.672816	-12.314427	1064.351563	17.399673
-16.672816	-12.314427	1062.619141	15.946053
-16.672816	-12.314427	1060.888672	20.290333
-16.672816	-12.314427	1059.156250	11.591823
-16.672816	-12.314427	1057.421875	20.281048
-16.672816	-12.314427	1055.689453	24.621349
-16.672816	-12.314427	1053.957031	21.719746
-16.672816	-12.314427	1052.222656	17.371817
-16.672816	-12.314427	1050.488281	21.709799
-16.672816	-12.314427	1048.753906	21.704824
-16.672816	-12.314427	1047.019531	15.913223
-16.672816	-12.314427	1045.283203	15.909576
-16.672816	-12.314427	1043.546875	15.905929
-16.672816	-12.314427	1041.810547	23.130592
-16.672816	-12.314427	1040.074219	21.679956
-16.672816	-12.314427	1038.337891	21.674982
-16.672816	-12.314427	1036.599609	20.225342
-16.672816	-12.314427	1034.861328	21.665037
-16.672816	-12.314427	1033.123047	21.660063
-16.672816	-12.314427	1031.384766	14.436727
-16.672816	-12.314427	1029.646484	21.650118
-16.672816	-12.314427	1027.906250	25.974174
-16.672816	-12.314427	1026.167969	23.082850
-16.672816	-12.314427	1024.427734	24.519894
-16.672816	-12.314427	1022.685547	21.630226
-16.672816	-12.314427	1020.945313	33.158722
-16.672816	-12.314427	1019.203125	18.737577
-16.672816	-12.314427	1017.462891	27.379393
-16.672816	-12.314427	1015.720703	21.610338
-16.672816	-12.314427	1013.976563	20.165009
-16.672816	-12.314427	1012.234375	27.360498
-16.672816	-12.314427	1010.490234	17.276339
-16.672816	-12.314427	1008.746094	21.590450
-16.672816	-12.314427	1007.001953	33.097733
-16.672816	-12.314427	1005.257813	27.335308
-16.672816	-12.314427	1003.513672	28.767382
-16.672816	-12.314427	1001.767578	27.322714
-16.672816	-12.314427	1000.021484	24.441006
-16.672816	-12.314427	998.275391	28.747496
-16.672816	-12.314427	996.529297	33.051998
-16.672816	-12.314427	994.781250	27.297527
-16.672816	-12.314427	993.035156	34.473133
-16.672816	-12.314427	991.287109	31.593082
-16.672816	-12.314427	989.539063	37.328663
-16.672816	-12.314427	987.789063	28.707729
-16.672816	-12.314427	986.041016	37.311432
-16.672816	-12.314427	984.291016	40.172264
-16.672816	-12.314427	982.541016	37.294205
-16.672816	-12.314427	980.791016	34.417465
-16.672816	-12.314427	979.041016	40.144432
-16.672816	-12.314427	977.289063	37.268360
-16.672816	-12.314427	975.537109	32.960545
-16.672816	-12.314427	973.785156	32.952923
-16.672816	-12.314427	972.033203	38.674923
-16.672816	-12.314427	970.281250	31.505611
-16.672816	-12.314427	968.527344	32.930065
-16.672816	-12.314427	966.773438	34.353855
-16.672816	-12.314427	965.019531	37.208065
-16.672816	-12.314427	963.265625	38.630199
-16.672816	-12.314427	961.511719	54.355843
-16.672816	-12.314427	959.755859	31.461885
-16.672816	-12.314427	958.000000	38.603371
-16.672816	-12.314427	956.244141	34.306156
-16.672816	-12.314427	954.488281	34.298210
-16.672816	-12.314427	952.730469	40.005302
-16.672816	-12.314427	950.974609	42.852890
-16.672816	-12.314427	949.216797	37.130558
-16.672816	-12.314427	947.458984	41.405251
-16.672816	-12.314427	945.701172	39.968208
-16.672816	-12.314427	943.941406	38.531834
-16.672816	-12.314427	942.181641	39.949665
-16.672816	-12.314427	940.421875	28.528852
-16.672816	-12.314427	938.662109	29.948341
-16.672816	-12.314427	936.902344	38.496071
-16.672816	-12.314427	935.140625	22.807188
-16.672816	-12.314427	933.380859	24.227009
-16.672816	-12.314427	931.619141	27.070953
-16.672816	-12.314427	929.855469	29.913576
-16.672816	-12.314427	928.093750	31.330748
-16.672816	-12.314427	926.330078	27.052082
-16.672816	-12.314427	924.568359	24.198868
-16.672816	-12.314427	922.804688	29.885767
-16.672816	-12.314427	921.039063	19.919210
-16.672816	-12.314427	919.275391	27.026924
-16.672816	-12.314427	917.509766	19.909941
-16.672816	-12.314427	915.744141	22.748922
-16.672816	-12.314427	913.978516	29.851009
-16.672816	-12.314427	912.212891	22.738331
-16.672816	-12.314427	910.447266	22.733036
-16.672816	-12.314427	908.679688	17.045805
-16.672816	-12.314427	906.912109	22.722445
-16.672816	-12.314427	905.144531	19.877506
-16.672816	-12.314427	903.375000	24.131346
-16.672816	-12.314427	901.607422	25.544880
-16.672816	-12.314427	899.837891	19.863607
-16.672816	-12.314427	898.068359	19.858976
-16.672816	-12.314427	896.298828	22.690678
-16.672816	-12.314427	894.529297	28.356730
-16.672816	-12.314427	892.757813	22.680090
-16.672816	-12.314427	890.986328	24.091972
-16.672816	-12.314427	889.214844	21.252659
-16.672816	-12.314427	887.443359	24.080723
-16.672816	-12.314427	885.669922	25.491282
-16.672816	-12.314427	883.898438	25.485329
-16.672816	-12.314427	882.125000	16.986250
-16.672816	-12.314427	880.351563	28.303801
-16.672816	-12.314427	878.578125	21.222889
-16.672816	-12.314427	876.802734	25.461514
-16.672816	-12.314427	875.027344	19.798769
-16.672816	-12.314427	873.251953	21.208006
-16.672816	-12.314427	871.476563	25.443653
-16.672816	-12.314427	869.701172	28.264112
-16.672816	-12.314427	867.923828	25.431749
-16.672816	-12.314427	866.146484	22.600708
-16.672816	-12.314427	864.369141	28.244272
-16.672816	-12.314427	862.591797	15.530713
-16.672816	-12.314427	860.814453	21.173285
-16.672816	-12.314427	859.035156	22.579548
-16.672816	-12.314427	857.255859	25.396040
-16.672816	-12.314427	855.476563	23.979528
-16.672816	-12.314427	853.697266	21.153450
-16.672816	-12.314427	851.916016	26.788090
-16.672816	-12.314427	850.136719	22.553102
-16.672816	-12.314427	848.355469	28.184767
-16.672816	-12.314427	846.574219	28.178156
-16.672816	-12.314427	844.791016	28.171547
-16.672816	-12.314427	843.009766	25.348444
-16.672816	-12.314427	841.226563	21.118746
-16.672816	-12.314427	839.443359	26.744133
-16.672816	-12.314427	837.660156	18.294321
-16.672816	-12.314427	835.875000	23.917727
-16.672816	-12.314427	834.091797	29.538488
-16.672816	-12.314427	832.306641	18.281435
-16.672816	-12.314427	830.521484	23.900875
-16.672816	-12.314427	828.734375	15.461638
-16.672816	-12.314427	826.949219	30.916010
-16.672816	-12.314427	825.162109	21.074142
-16.672816	-12.314427	823.375000	23.878412
-16.672816	-12.314427	821.587891	18.255669
-16.672816	-12.314427	819.800781	23.867184
-16.672816	-12.314427	818.011719	25.265190
-16.672816	-12.314427	816.222656	25.259245
-16.672816	-12.314427	814.433594	23.850340
-16.672816	-12.314427	812.644531	19.636833
-16.672816	-12.314427	810.855469	21.034512
-16.672816	-12.314427	809.064453	19.627588
-16.672816	-12.314427	807.273438	22.426247
-16.672816	-12.314427	805.482422	21.019653
-16.672816	-12.314427	803.691406	23.816662
-16.672816	-12.314427	801.898438	22.410400
-16.672816	-12.314427	800.107422	18.204159
-16.672816	-12.314427	798.314453	20.999847
-16.672816	-12.314427	796.521484	16.795918
-16.672816	-12.314427	794.726563	23.788605
-16.672816	-12.314427	792.933594	22.383995
-16.672816	-12.314427	791.138672	18.182707
-16.672816	-12.314427	789.343750	19.576756
-16.672816	-12.314427	787.546875	25.164175
-16.672816	-12.314427	785.751953	22.362877
-16.672816	-12.314427	783.955078	26.549648
-16.672816	-12.314427	782.158203	23.749338
-16.672816	-12.314427	780.361328	27.933802
-16.672816	-12.314427	778.564453	20.945402
-16.672816	-12.314427	776.765625	27.920607
-16.672816	-12.314427	774.968750	20.935507
-16.672816	-12.314427	773.169922	13.953707
-16.672816	-12.314427	771.369141	26.505777
-16.672816	-12.314427	769.570313	23.710089
-16.672816	-12.314427	767.769531	22.310101
-16.672816	-12.314427	765.970703	19.516722
-16.672816	-12.314427	764.167969	30.661880
-16.672816	-12.314427	762.367188	25.081059
-16.672816	-12.314427	760.566406	16.716749
-16.672816	-12.314427	758.763672	23.676458
-16.672816	-12.314427	756.960938	33.417679
-16.672816	-12.314427	755.158203	30.625620
-16.672816	-12.314427	753.353516	29.226624
-16.672816	-12.314427	751.550781	22.262630
-16.672816	-12.314427	749.746094	25.039528
-16.672816	-12.314427	747.941406	31.987373
-16.672816	-12.314427	746.136719	19.465961
-16.672816	-12.314427	744.330078	26.411831
-16.672816	-12.314427	742.523438	29.185104
-16.672816	-12.314427	740.718750	26.399311
-16.672816	-12.314427	738.910156	26.393053
-16.672816	-12.314427	737.103516	26.386795
-16.672816	-12.314427	735.294922	34.711231
-16.672816	-12.314427	733.488281	22.209919
-16.672816	-12.314427	731.679688	24.980230
-16.672816	-12.314427	729.869141	23.586842
-16.672816	-12.314427	728.060547	20.806980
-16.672816	-12.314427	726.250000	23.575647
-16.672816	-12.314427	724.439453	26.342997
-16.672816	-12.314427	722.628906	23.564453
-16.672816	-12.314427	720.818359	30.487932
-16.672816	-12.314427	719.005859	23.553261
-16.672816	-12.314427	717.195313	23.547667
-16.672816	-12.314427	715.382813	20.772415
-16.672816	-12.314427	713.568359	24.920975
-16.672816	-12.314427	711.755859	20.762543
-16.672816	-12.314427	709.941406	24.909128
-16.672816	-12.314427	708.126953	17.985649
-16.672816	-12.314427	706.312500	22.130920
-16.672816	-12.314427	704.498047	27.657070
-16.672816	-12.314427	702.681641	23.502918
-16.672816	-12.314427	700.867188	26.261717
-16.672816	-12.314427	699.050781	24.873602
-16.672816	-12.314427	697.232422	17.959993
-16.672816	-12.314427	695.416016	19.336927
-16.672816	-12.314427	693.597656	22.094084
-16.672816	-12.314427	691.779297	24.849926
-16.672816	-12.314427	689.960938	23.463787
-16.672816	-12.314427	688.142578	22.078304
-16.672816	-12.314427	686.324219	19.313913
-16.672816	-12.314427	684.503906	23.447021
-16.672816	-12.314427	682.683594	15.167987
-16.672816	-12.314427	680.863281	19.300110
-16.672816	-12.314427	679.041016	20.673761
-16.672816	-12.314427	677.218750	17.912989
-16.672816	-12.314427	675.398438	22.041498
-16.672816	-12.314427	673.576172	22.036242
-16.672816	-12.314427	671.751953	19.277113
-16.672816	-12.314427	669.929688	26.155554
-16.672816	-12.314427	668.105469	23.396755
-16.672816	-12.314427	666.281250	22.015221
-16.672816	-12.314427	664.457031	28.888081
-16.672816	-12.314427	662.630859	22.004713
-16.672816	-12.314427	660.806641	23.374426
-16.672816	-12.314427	658.980469	31.616673
-16.672816	-12.314427	657.154297	19.240335
-16.672816	-12.314427	655.326172	20.609722
-16.672816	-12.314427	653.500000	31.594025
-16.672816	-12.314427	651.671875	28.839827
-16.672816	-12.314427	649.843750	30.205933
-16.672816	-12.314427	648.015625	28.826046
-16.672816	-12.314427	646.185547	26.074474
-16.672816	-12.314427	644.357422	31.556293
-16.672816	-12.314427	642.527344	30.177063
-16.672816	-12.314427	640.697266	23.313065
-16.672816	-12.314427	638.865234	30.162632
-16.672816	-12.314427	637.035156	34.267521
-16.672816	-12.314427	635.203125	35.629696
-16.672816	-12.314427	633.371094	28.770947
-16.672816	-12.314427	631.539063	35.612648
-16.672816	-12.314427	629.705078	35.604126
-16.672816	-12.314427	627.873047	30.119358
-16.672816	-12.314427	626.039063	28.743414
-16.672816	-12.314427	624.203125	32.841751
-16.672816	-12.314427	622.369141	32.833885
-16.672816	-12.314427	620.535156	34.193775
-16.672816	-12.314427	618.699219	27.348467
-16.672816	-12.314427	616.863281	28.709011
-16.672816	-12.314427	615.025391	32.802437
-16.672816	-12.314427	613.189453	31.428137
-16.672816	-12.314427	611.351563	30.054491
-16.672816	-12.314427	609.513672	30.047289
-16.672816	-12.314427	607.675781	27.309168
-16.672816	-12.314427	605.837891	31.398014
-16.672816	-12.314427	603.998047	31.390486
-16.672816	-12.314427	602.158203	30.018482
-16.672816	-12.314427	600.318359	25.918835
-16.672816	-12.314427	598.478516	24.548794
-16.672816	-12.314427	596.636719	29.996883
-16.672816	-12.314427	594.796875	20.447514
-16.672816	-12.314427	592.955078	24.531128
-16.672816	-12.314427	591.111328	25.887754
-16.672816	-12.314427	589.269531	24.519354
-16.672816	-12.314427	587.425781	28.599045
-16.672816	-12.314427	585.583984	21.784517
-16.672816	-12.314427	583.738281	13.612054
-16.672816	-12.314427	581.894531	29.939325
-16.672816	-12.314427	580.050781	25.850481
-16.672816	-12.314427	578.205078	23.123821
-16.672816	-12.314427	576.359375	25.838060
-16.672816	-12.314427	574.513672	20.393568
-16.672816	-12.314427	572.666016	19.029423
-16.672816	-12.314427	570.818359	20.383766
-16.672816	-12.314427	568.970703	14.944503
-16.672816	-12.314427	567.123047	23.090498
-16.672816	-12.314427	565.275391	28.516697
-16.672816	-12.314427	563.425781	23.079395
-16.672816	-12.314427	561.576172	21.716558
-16.672816	-12.314427	559.726563	23.068295
-16.672816	-12.314427	557.876953	20.349482
-16.672816	-12.314427	556.027344	33.907642
-16.672816	-12.314427	554.175781	29.831547
-16.672816	-12.314427	552.324219	27.113062
-16.672816	-12.314427	550.472656	28.461863
-16.672816	-12.314427	548.619141	21.680010
-16.672816	-12.314427	546.767578	27.093489
-16.672816	-12.314427	544.914063	28.441315
-16.672816	-12.314427	543.060547	23.018377
-16.672816	-12.314427	541.205078	32.488708
-16.672816	-12.314427	539.351563	40.601105
-16.672816	-12.314427	537.496094	46.003502
-16.672816	-12.314427	535.640625	48.697857
-16.672816	-12.314427	533.785156	66.267227
-16.672816	-12.314427	531.927734	60.842991
-16.672816	-12.314427	530.070313	62.180073
-16.672816	-12.314427	528.212891	83.787727
-16.672816	-12.314427	526.355469	116.193672
-16.672816	-12.314427	524.498047	206.666824
-16.672816	-12.314427	522.638672	391.626984
-16.672816	-12.314427	520.779297	602.150085
-16.672816	-12.314427	518.919922	462.976868
-16.672816	-12.314427	517.060547	229.408417
-16.672816	-12.314427	515.199219	153.801483
-16.672816	-12.314427	513.339844	91.719101
-16.672816	-12.314427	511.478516	78.212128
-16.672816	-12.314427	509.615234	83.585899
-16.672816	-12.314427	507.753906	60.652546
-16.672816	-12.314427	505.890625	60.637913
-16.672816	-12.314427	504.027344	66.012016
-16.672816	-12.314427	502.164063	57.914928
-16.672816	-12.314427	500.300781	61.940548
-16.672816	-12.314427	498.435547	51.155926
-16.672816	-12.314427	496.570313	64.602409
-16.672816	-12.314427	494.705078	71.314606
-16.672816	-12.314427	492.839844	55.154583
-16.672816	-12.314427	490.972656	67.245445
-16.672816	-12.314427	489.107422	51.094193
-16.672816	-12.314427	487.240234	45.704815
-16.672816	-12.314427	485.371094	48.381641
-16.672816	-12.314427	483.503906	37.621075
-16.672816	-12.314427	481.634766	36.268700
-16.672816	-12.314427	479.765625	45.660660
-16.672816	-12.314427	477.896484	40.279079
-16.672816	-12.314427	476.027344	42.953968
-16.672816	-12.314427	474.156250	34.891663
-16.672816	-12.314427	472.285156	37.566555
-16.672816	-12.314427	470.414063	38.898811
-16.672816	-12.314427	468.542969	30.843323
-16.672816	-12.314427	466.669922	26.813795
-16.672816	-12.314427	464.796875	32.168774
-16.672816	-12.314427	462.923828	28.140869
-16.672816	-12.314427	461.050781	28.134064
-16.672816	-12.314427	459.177734	30.806044
-16.672816	-12.314427	457.302734	30.798592
-16.672816	-12.314427	455.427734	30.791142
-16.672816	-12.314427	453.552734	26.768427
-16.672816	-12.314427	451.675781	16.057171
-16.672816	-12.314427	449.800781	32.106567
-16.672816	-12.314427	447.923828	30.761349
-16.672816	-12.314427	446.046875	32.091030
-16.672816	-12.314427	444.169922	30.746460
-16.672816	-12.314427	442.291016	29.402538
-16.672816	-12.314427	440.412109	30.731575
-16.672816	-12.314427	438.533203	30.724134
-16.672816	-12.314427	436.654297	28.045679
-16.672816	-12.314427	434.773438	26.703703
-16.672816	-12.314427	432.894531	22.692650
-16.672816	-12.314427	431.013672	22.687155
-16.672816	-12.314427	429.130859	24.015875
-16.672816	-12.314427	427.250000	26.677843
-16.672816	-12.314427	425.367188	30.672087
-16.672816	-12.314427	423.484375	25.331673
-16.672816	-12.314427	421.601563	30.657227
-16.672816	-12.314427	419.718750	29.317200
-16.672816	-12.314427	417.833984	37.303757
-16.672816	-12.314427	415.949219	18.647358
-16.672816	-12.314427	414.064453	22.637733
-16.672816	-12.314427	412.179688	26.626173
-16.672816	-12.314427	410.294922	25.288734
-16.672816	-12.314427	408.408203	27.943932
-16.672816	-12.314427	406.521484	31.928179
-16.672816	-12.314427	404.634766	39.900547
-16.672816	-12.314427	402.746094	46.539352
-16.672816	-12.314427	400.857422	57.163059
-16.672816	-12.314427	398.968750	69.110657
-16.672816	-12.314427	397.080078	81.052460
-16.672816	-12.314427	395.191406	81.032799
-16.672816	-12.314427	393.300781	62.419968
-16.672816	-12.314427	391.410156	58.421539
-16.672816	-12.314427	389.519531	57.079929
-16.672816	-12.314427	387.628906	50.430492
-16.672816	-12.314427	385.736328	43.784279
-16.672816	-12.314427	383.843750	46.426605
-16.672816	-12.314427	381.951172	50.393799
-16.672816	-12.314427	380.058594	46.404079
-16.672816	-12.314427	378.164063	43.741802
-16.672816	-12.314427	376.271484	76.860878
-16.672816	-12.314427	374.376953	70.217896
-16.672816	-12.314427	372.480469	62.253586
-16.672816	-12.314427	370.585938	51.644695
-16.672816	-12.314427	368.689453	47.660454
-16.672816	-12.314427	366.792969	41.030987
-16.672816	-12.314427	364.896484	46.314064
-16.672816	-12.314427	363.000000	37.042255
-16.672816	-12.314427	361.101563	58.195129
-16.672816	-12.314427	359.203125	52.891819
-16.672816	-12.314427	357.304688	44.947132
-16.672816	-12.314427	355.406250	46.257870
-16.672816	-12.314427	353.505859	52.853302
-16.672816	-12.314427	351.605469	51.519455
-16.672816	-12.314427	349.705078	46.224182
-16.672816	-12.314427	347.804688	52.814808
-16.672816	-12.314427	345.902344	46.201736
-16.672816	-12.314427	344.001953	50.149700
-16.672816	-12.314427	342.099609	36.943436
-16.672816	-12.314427	340.195313	54.082607
-16.672816	-12.314427	338.292969	44.838097
-16.672816	-12.314427	336.388672	29.005840
-16.672816	-12.314427	334.484375	38.225681
-16.672816	-12.314427	332.580078	42.169819
-16.672816	-12.314427	330.675781	31.619680
-16.672816	-12.314427	328.769531	36.880665
-16.672816	-12.314427	326.863281	35.554859
-16.672816	-12.314427	324.957031	35.546219
-16.672816	-12.314427	323.048828	36.853790
-16.672816	-12.314427	321.142578	26.317739
-16.672816	-12.314427	319.234375	31.573614
-16.672816	-12.314427	317.326172	30.250694
-16.672816	-12.314427	315.417969	28.928415
-16.672816	-12.314427	313.507813	36.809036
-16.672816	-12.314427	311.597656	32.857224
-16.672816	-12.314427	309.687500	36.791149
-16.672816	-12.314427	307.777344	27.586655
-16.672816	-12.314427	305.865234	32.833275
-16.672816	-12.314427	303.955078	34.138306
-16.672816	-12.314427	302.042969	28.879238
-16.672816	-12.314427	300.128906	26.247473
-16.672816	-12.314427	298.216797	38.049583
-16.672816	-12.314427	296.302734	43.287277
-16.672816	-12.314427	294.388672	34.096840
-16.672816	-12.314427	292.474609	34.088551
-16.672816	-12.314427	290.560547	49.809616
-16.672816	-12.314427	288.644531	38.003361
-16.672816	-12.314427	286.728516	37.994125
-16.672816	-12.314427	284.812500	48.463478
-16.672816	-12.314427	282.896484	43.213676
-16.672816	-12.314427	280.978516	44.512356
-16.672816	-12.314427	279.060547	54.972485
-16.672816	-12.314427	277.142578	62.810425
-16.672816	-12.314427	275.224609	66.719849
-16.672816	-12.314427	273.304688	60.164059
-16.672816	-12.314427	271.384766	65.379814
-16.672816	-12.314427	269.464844	73.207588
-16.672816	-12.314427	267.544922	98.022041
-16.672816	-12.314427	265.623047	131.970932
-16.672816	-12.314427	263.703125	199.867752
-16.672816	-12.314427	261.781250	270.343567
-16.672816	-12.314427	259.857422	291.168884
-16.672816	-12.314427	257.935547	250.631531
-16.672816	-12.314427	256.011719	225.774536
-16.672816	-12.314427	254.087891	275.299683
-16.672816	-12.314427	252.164063	590.902527
-16.672816	-12.314427	250.240234	1751.410889
-16.672816	-12.314427	248.314453	1653.201172
-16.672816	-12.314427	246.388672	729.942871
-16.672816	-12.314427	244.462891	329.697571
-16.672816	-12.314427	242.535156	229.299057
-16.672816	-12.314427	240.609375	192.772781
-16.672816	-12.314427	238.681641	140.637833
-16.672816	-12.314427	236.753906	118.471581
-16.672816	-12.314427	234.824219	96.316101
-16.672816	-12.314427	232.896484	96.292686
-16.672816	-12.314427	230.966797	83.259911
-16.672816	-12.314427	229.037109	70.233467
-16.672816	-12.314427	227.107422	66.315483
-16.672816	-12.314427	225.175781	72.799294
-16.672816	-12.314427	223.244141	77.980278
-16.672816	-12.314427	221.312500	68.865837
-16.672816	-12.314427	219.380859	85.736603
-16.672816	-12.314427	217.447266	75.325974
-16.672816	-12.314427	215.515625	75.307655
-16.672816	-12.314427	213.582031	72.693161
-16.672816	-12.314427	211.646484	55.804394
-16.672816	-12.314427	209.712891	70.062904
-16.672816	-12.314427	207.777344	58.371559
-16.672816	-12.314427	205.841797	50.576385
-16.672816	-12.314427	203.906250	37.598938
-16.672816	-12.314427	201.968750	31.108799
-16.672816	-12.314427	200.033203	38.876545
-16.672816	-12.314427	198.095703	38.867096
-16.672816	-12.314427	196.158203	37.562393
-16.672816	-12.314427	194.218750	25.898802
-16.672816	-12.314427	192.281250	33.660259
-16.672816	-12.314427	190.341797	27.180525
-16.672816	-12.314427	188.402344	29.761909
-16.672816	-12.314427	186.460938	24.579950
-16.672816	-12.314427	184.521484	31.040812
-16.672816	-12.314427	182.580078	25.861057
-16.672816	-12.314427	180.638672	23.269295
-16.672816	-12.314427	178.695313	24.556065
-16.672816	-12.314427	176.753906	27.134317
-16.672816	-12.314427	174.810547	21.960539
-16.672816	-12.314427	172.867188	32.287060
-16.672816	-12.314427	170.921875	25.823372
-16.672816	-12.314427	168.978516	25.817099
-16.672816	-12.314427	167.033203	28.391909
-16.672816	-12.314427	165.087891	29.675238
-16.672816	-12.314427	163.142578	33.537769
-16.672816	-12.314427	161.195313	32.240021
-16.672816	-12.314427	159.248047	27.075039
-16.672816	-12.314427	157.300781	34.802307
-16.672816	-12.314427	155.353516	37.371178
-16.672816	-12.314427	153.406250	37.362099
-16.672816	-12.314427	151.457031	32.200882
-16.672816	-12.314427	149.507813	36.056229
-16.672816	-12.314427	147.558594	34.760063
-16.672816	-12.314427	145.607422	41.187107
-16.672816	-12.314427	143.658203	42.463890
-16.672816	-12.314427	141.707031	60.464184
-16.672816	-12.314427	139.753906	56.591022
-16.672816	-12.314427	137.802734	70.721603
-16.672816	-12.314427	135.849609	60.420151
-16.672816	-12.314427	133.896484	38.556690
-16.672816	-12.314427	131.943359	50.111530
-16.672816	-12.314427	129.990234	46.245567
-16.672816	-12.314427	128.035156	44.950054
-16.672816	-12.314427	126.080078	41.087215
-16.672816	-12.314427	124.125000	52.630219
-16.672816	-12.314427	122.169922	47.484035
-16.672816	-12.314427	120.212891	51.321632
-16.672816	-12.314427	118.255859	52.591908
-16.672816	-12.314427	116.298828	51.296726
-16.672816	-12.314427	114.341797	41.027424
-16.672816	-12.314427	112.382813	35.890285
-16.672816	-12.314427	110.423828	32.037125
-16.672816	-12.314427	108.464844	25.623482
-16.672816	-12.314427	106.505859	23.055538
-16.672816	-12.314427	104.544922	21.769394
-16.672816	-12.314427	102.585938	12.802420
-16.672816	-12.314427	100.625000	3.839794
-16.672816	-12.314427	98.662109	3.838863
-16.672816	-12.314427	96.701172	1.279311
-16.672816	-12.314427	94.738281	1.279001
-16.672816	-12.314427	92.775391	6.393452
-16.672816	-12.314427	90.812500	5.113522
-16.672816	-12.314427	88.847656	-1.278070
-16.672816	-12.314427	86.882813	2.555521
-16.672816	-12.314427	84.917969	1.277451
-16.672816	-12.314427	82.953125	1.277141
-16.672816	-12.314427	80.988281	1.276832
-16.672816	-12.314427	79.021484	3.829567
-16.672816	-12.314427	77.054688	1.276213
-16.672816	-12.314427	75.087891	1.275904
-16.672816	-12.314427	73.119141	1.275595
-16.672816	-12.314427	71.152344	1.275286
-16.672816	-12.314427	69.183594	2.549954
-16.672816	-12.314427	67.212891	2.549336
-16.672816	-12.314427	65.244141	2.548719
-16.672816	-12.314427	63.273438	3.822152
-16.672816	-12.314427	61.302734	2.547484
-16.672816	-12.314427	59.332031	0.000000
-13.672816	-12.314427	1838.626953	27.321526
-13.672816	-12.314427	1837.066406	30.535824
-13.672816	-12.314427	1835.503906	28.922520
-13.672816	-12.314427	1833.941406	32.129295
-13.672816	-12.314427	1832.378906	28.910212
-13.672816	-12.314427	1830.816406	27.298279
-13.672816	-12.314427	1829.251953	28.897909
-13.672816	-12.314427	1827.687500	25.681562
-13.672816	-12.314427	1826.125000	17.652317
-13.672816	-12.314427	1824.560547	27.275047
-13.672816	-12.314427	1822.994141	27.269243
-13.672816	-12.314427	1821.429688	30.470903
-13.672816	-12.314427	1819.865234	24.050856
-13.672816	-12.314427	1818.298828	20.839640
-13.672816	-12.314427	1816.732422	30.451452
-13.672816	-12.314427	1815.166016	24.035503
-13.672816	-12.314427	1813.599609	22.428360
-13.672816	-12.314427	1812.033203	32.033695
-13.672816	-12.314427	1810.464844	25.621500
-13.672816	-12.314427	1808.896484	22.414042
-13.672816	-12.314427	1807.330078	28.811918
-13.672816	-12.314427	1805.759766	20.804178
-13.672816	-12.314427	1804.191406	35.199574
-13.672816	-12.314427	1802.623047	27.193880
-13.672816	-12.314427	1801.052734	30.386688
-13.672816	-12.314427	1799.484375	22.385424
-13.672816	-12.314427	1797.914063	27.176514
-13.672816	-12.314427	1796.343750	25.572449
-13.672816	-12.314427	1794.771484	23.969065
-13.672816	-12.314427	1793.201172	25.561558
-13.672816	-12.314427	1791.628906	17.569830
-13.672816	-12.314427	1790.058594	20.759922
-13.672816	-12.314427	1788.486328	19.158922
-13.672816	-12.314427	1786.914063	20.751080
-13.672816	-12.314427	1785.339844	20.746660
-13.672816	-12.314427	1783.767578	17.551126
-13.672816	-12.314427	1782.193359	23.928255
-13.672816	-12.314427	1780.621094	23.923159
-13.672816	-12.314427	1779.046875	17.539913
-13.672816	-12.314427	1777.470703	14.347780
-13.672816	-12.314427	1775.896484	20.720156
-13.672816	-12.314427	1774.322266	23.902779
-13.672816	-12.314427	1772.746094	23.897684
-13.672816	-12.314427	1771.169922	23.892593
-13.672816	-12.314427	1769.593750	20.702501
-13.672816	-12.314427	1768.017578	22.290249
-13.672816	-12.314427	1766.441406	27.060963
-13.672816	-12.314427	1764.863281	20.689268
-13.672816	-12.314427	1763.287109	28.640572
-13.672816	-12.314427	1761.708984	30.225271
-13.672816	-12.314427	1760.130859	28.628363
-13.672816	-12.314427	1758.552734	20.671633
-13.672816	-12.314427	1756.972656	23.846798
-13.672816	-12.314427	1755.394531	25.431162
-13.672816	-12.314427	1753.814453	25.425739
-13.672816	-12.314427	1752.234375	25.420317
-13.672816	-12.314427	1750.654297	22.238035
-13.672816	-12.314427	1749.074219	22.233292
-13.672816	-12.314427	1747.492188	30.167318
-13.672816	-12.314427	1745.912109	28.573469
-13.672816	-12.314427	1744.330078	30.154451
-13.672816	-12.314427	1742.748047	23.801067
-13.672816	-12.314427	1741.166016	25.382389
-13.672816	-12.314427	1739.583984	33.307278
-13.672816	-12.314427	1738.000000	30.128727
-13.672816	-12.314427	1736.417969	23.780762
-13.672816	-12.314427	1734.833984	23.775688
-13.672816	-12.314427	1733.250000	23.770613
-13.672816	-12.314427	1731.666016	30.103018
-13.672816	-12.314427	1730.082031	26.928530
-13.672816	-12.314427	1728.496094	34.841248
-13.672816	-12.314427	1726.912109	20.583616
-13.672816	-12.314427	1725.326172	18.996204
-13.672816	-12.314427	1723.740234	30.070902
-13.672816	-12.314427	1722.154297	25.317457
-13.672816	-12.314427	1720.566406	18.984039
-13.672816	-12.314427	1718.980469	23.724981
-13.672816	-12.314427	1717.392578	25.301243
-13.672816	-12.314427	1715.804688	25.295839
-13.672816	-12.314427	1714.216797	20.548479
-13.672816	-12.314427	1712.628906	20.544088
-13.672816	-12.314427	1711.041016	15.799769
-13.672816	-12.314427	1709.451172	22.114952
-13.672816	-12.314427	1707.861328	31.586039
-13.672816	-12.314427	1706.271484	17.368608
-13.672816	-12.314427	1704.681641	18.943523
-13.672816	-12.314427	1703.091797	25.252634
-13.672816	-12.314427	1701.501953	26.825188
-13.672816	-12.314427	1699.910156	25.241838
-13.672816	-12.314427	1698.318359	26.813721
-13.672816	-12.314427	1696.726563	18.923286
-13.672816	-12.314427	1695.134766	20.495844
-13.672816	-12.314427	1693.542969	33.101589
-13.672816	-12.314427	1691.949219	25.214867
-13.672816	-12.314427	1690.357422	18.907104
-13.672816	-12.314427	1688.763672	18.903061
-13.672816	-12.314427	1687.169922	14.174263
-13.672816	-12.314427	1685.576172	23.618717
-13.672816	-12.314427	1683.982422	17.316687
-13.672816	-12.314427	1682.386719	17.312983
-13.672816	-12.314427	1680.791016	28.324272
-13.672816	-12.314427	1679.195313	18.878807
-13.672816	-12.314427	1677.599609	25.166355
-13.672816	-12.314427	1676.003906	20.443287
-13.672816	-12.314427	1674.408203	25.155581
-13.672816	-12.314427	1672.810547	25.150196
-13.672816	-12.314427	1671.214844	18.858608
-13.672816	-12.314427	1669.617188	20.425783
-13.672816	-12.314427	1668.019531	23.563164
-13.672816	-12.314427	1666.419922	23.558117
-13.672816	-12.314427	1664.822266	18.842457
-13.672816	-12.314427	1663.222656	21.978157
-13.672816	-12.314427	1661.623047	18.834385
-13.672816	-12.314427	1660.023438	26.676329
-13.672816	-12.314427	1658.423828	29.808331
-13.672816	-12.314427	1656.824219	23.527849
-13.672816	-12.314427	1655.222656	17.250057
-13.672816	-12.314427	1653.623047	20.382061
-13.672816	-12.314427	1652.021484	28.215265
-13.672816	-12.314427	1650.419922	26.642038
-13.672816	-12.314427	1648.818359	25.069483
-13.672816	-12.314427	1647.214844	20.364586
-13.672816	-12.314427	1645.613281	23.492559
-13.672816	-12.314427	1644.009766	23.487520
-13.672816	-12.314427	1642.406250	29.744476
-13.672816	-12.314427	1640.802734	20.347118
-13.672816	-12.314427	1639.199219	26.602060
-13.672816	-12.314427	1637.593750	26.596352
-13.672816	-12.314427	1635.990234	29.718954
-13.672816	-12.314427	1634.384766	21.893476
-13.672816	-12.314427	1632.779297	26.579229
-13.672816	-12.314427	1631.173828	28.136671
-13.672816	-12.314427	1629.568359	21.879377
-13.672816	-12.314427	1627.960938	26.562111
-13.672816	-12.314427	1626.353516	24.994265
-13.672816	-12.314427	1624.748047	26.550701
-13.672816	-12.314427	1623.140625	23.422056
-13.672816	-12.314427	1621.531250	29.661564
-13.672816	-12.314427	1619.923828	29.655191
-13.672816	-12.314427	1618.314453	21.846498
-13.672816	-12.314427	1616.707031	21.841803
-13.672816	-12.314427	1615.097656	24.956694
-13.672816	-12.314427	1613.488281	20.272955
-13.672816	-12.314427	1611.878906	24.945965
-13.672816	-12.314427	1610.267578	26.499388
-13.672816	-12.314427	1608.656250	24.935236
-13.672816	-12.314427	1607.046875	20.255522
-13.672816	-12.314427	1605.435547	14.020037
-13.672816	-12.314427	1603.824219	21.804255
-13.672816	-12.314427	1602.210938	23.356674
-13.672816	-12.314427	1600.599609	23.351648
-13.672816	-12.314427	1598.986328	24.903063
-13.672816	-12.314427	1597.373047	21.785490
-13.672816	-12.314427	1595.759766	24.892344
-13.672816	-12.314427	1594.146484	24.886984
-13.672816	-12.314427	1592.533203	18.661219
-13.672816	-12.314427	1590.917969	21.766733
-13.672816	-12.314427	1589.302734	21.762043
-13.672816	-12.314427	1587.687500	21.757357
-13.672816	-12.314427	1586.072266	15.537621
-13.672816	-12.314427	1584.457031	20.194553
-13.672816	-12.314427	1582.839844	26.402571
-13.672816	-12.314427	1581.224609	17.080334
-13.672816	-12.314427	1579.607422	23.286345
-13.672816	-12.314427	1577.990234	21.729235
-13.672816	-12.314427	1576.373047	24.828056
-13.672816	-12.314427	1574.755859	18.617027
-13.672816	-12.314427	1573.136719	21.715179
-13.672816	-12.314427	1571.517578	23.261246
-13.672816	-12.314427	1569.898438	23.256227
-13.672816	-12.314427	1568.279297	24.801289
-13.672816	-12.314427	1566.660156	26.345684
-13.672816	-12.314427	1565.041016	21.691763
-13.672816	-12.314427	1563.419922	29.432465
-13.672816	-12.314427	1561.798828	27.877367
-13.672816	-12.314427	1560.177734	23.226124
-13.672816	-12.314427	1558.556641	21.673035
-13.672816	-12.314427	1556.935547	24.763832
-13.672816	-12.314427	1555.312500	23.211077
-13.672816	-12.314427	1553.691406	23.206062
-13.672816	-12.314427	1552.068359	23.201048
-13.672816	-12.314427	1550.445313	21.649632
-13.672816	-12.314427	1548.822266	23.191019
-13.672816	-12.314427	1547.197266	27.823208
-13.672816	-12.314427	1545.574219	20.090193
-13.672816	-12.314427	1543.949219	16.995718
-13.672816	-12.314427	1542.324219	18.536774
-13.672816	-12.314427	1540.699219	30.887941
-13.672816	-12.314427	1539.072266	27.793133
-13.672816	-12.314427	1537.447266	23.155931
-13.672816	-12.314427	1535.820313	15.433948
-13.672816	-12.314427	1534.193359	21.602850
-13.672816	-12.314427	1532.566406	24.683626
-13.672816	-12.314427	1530.939453	23.135889
-13.672816	-12.314427	1529.312500	23.130880
-13.672816	-12.314427	1527.683594	12.333797
-13.672816	-12.314427	1526.056641	21.579470
-13.672816	-12.314427	1524.427734	24.656910
-13.672816	-12.314427	1522.798828	20.029398
-13.672816	-12.314427	1521.167969	21.565447
-13.672816	-12.314427	1519.539063	29.261047
-13.672816	-12.314427	1517.908203	24.635542
-13.672816	-12.314427	1516.277344	26.169588
-13.672816	-12.314427	1514.646484	20.007698
-13.672816	-12.314427	1513.015625	16.925919
-13.672816	-12.314427	1511.384766	19.999020
-13.672816	-12.314427	1509.751953	24.608839
-13.672816	-12.314427	1508.121094	19.990343
-13.672816	-12.314427	1506.488281	21.523390
-13.672816	-12.314427	1504.855469	21.518717
-13.672816	-12.314427	1503.220703	24.587481
-13.672816	-12.314427	1501.587891	24.582144
-13.672816	-12.314427	1499.953125	19.968655
-13.672816	-12.314427	1498.318359	18.428600
-13.672816	-12.314427	1496.683594	18.424597
-13.672816	-12.314427	1495.048828	30.700991
-13.672816	-12.314427	1493.414063	24.555456
-13.672816	-12.314427	1491.777344	21.481354
-13.672816	-12.314427	1490.140625	23.010733
-13.672816	-12.314427	1488.505859	21.472015
-13.672816	-12.314427	1486.867188	21.467346
-13.672816	-12.314427	1485.230469	22.995726
-13.672816	-12.314427	1483.593750	29.121584
-13.672816	-12.314427	1481.955078	19.920959
-13.672816	-12.314427	1480.316406	21.448673
-13.672816	-12.314427	1478.677734	16.848862
-13.672816	-12.314427	1477.039063	21.439339
-13.672816	-12.314427	1475.400391	22.965719
-13.672816	-12.314427	1473.759766	27.552862
-13.672816	-12.314427	1472.119141	22.955719
-13.672816	-12.314427	1470.478516	21.420671
-13.672816	-12.314427	1468.837891	26.005148
-13.672816	-12.314427	1467.197266	22.940720
-13.672816	-12.314427	1465.556641	25.993816
-13.672816	-12.314427	1463.914063	24.459436
-13.672816	-12.314427	1462.271484	16.812197
-13.672816	-12.314427	1460.628906	27.504869
-13.672816	-12.314427	1458.986328	27.498871
-13.672816	-12.314427	1457.343750	25.965492
-13.672816	-12.314427	1455.699219	21.378681
-13.672816	-12.314427	1454.054688	24.427448
-13.672816	-12.314427	1452.410156	18.316587
-13.672816	-12.314427	1450.765625	16.786541
-13.672816	-12.314427	1449.121094	19.834309
-13.672816	-12.314427	1447.474609	16.779213
-13.672816	-12.314427	1445.830078	19.825647
-13.672816	-12.314427	1444.183594	18.296600
-13.672816	-12.314427	1442.537109	21.341372
-13.672816	-12.314427	1440.890625	21.336708
-13.672816	-12.314427	1439.242188	18.284611
-13.672816	-12.314427	1437.595703	22.850769
-13.672816	-12.314427	1435.947266	24.368824
-13.672816	-12.314427	1434.298828	27.408934
-13.672816	-12.314427	1432.650391	19.791012
-13.672816	-12.314427	1431.000000	22.830788
-13.672816	-12.314427	1429.351563	28.912672
-13.672816	-12.314427	1427.701172	24.342186
-13.672816	-12.314427	1426.050781	21.294752
-13.672816	-12.314427	1424.400391	19.769369
-13.672816	-12.314427	1422.750000	19.765041
-13.672816	-12.314427	1421.097656	22.800823
-13.672816	-12.314427	1419.447266	24.315552
-13.672816	-12.314427	1417.794922	19.752058
-13.672816	-12.314427	1416.142578	28.862070
-13.672816	-12.314427	1414.490234	24.299574
-13.672816	-12.314427	1412.835938	21.257467
-13.672816	-12.314427	1411.183594	15.180577
-13.672816	-12.314427	1409.529297	22.765873
-13.672816	-12.314427	1407.875000	33.382626
-13.672816	-12.314427	1406.220703	24.272949
-13.672816	-12.314427	1404.566406	18.200718
-13.672816	-12.314427	1402.910156	18.196724
-13.672816	-12.314427	1401.255859	19.708792
-13.672816	-12.314427	1399.599609	21.220196
-13.672816	-12.314427	1397.943359	18.184746
-13.672816	-12.314427	1396.287109	27.271130
-13.672816	-12.314427	1394.628906	16.662029
-13.672816	-12.314427	1392.970703	22.715960
-13.672816	-12.314427	1391.314453	21.196905
-13.672816	-12.314427	1389.656250	22.705978
-13.672816	-12.314427	1387.998047	19.674191
-13.672816	-12.314427	1386.337891	21.182932
-13.672816	-12.314427	1384.679688	21.178274
-13.672816	-12.314427	1383.019531	16.636414
-13.672816	-12.314427	1381.359375	18.144823
-13.672816	-12.314427	1379.699219	25.699511
-13.672816	-12.314427	1378.039063	22.671049
-13.672816	-12.314427	1376.376953	16.621778
-13.672816	-12.314427	1374.716797	18.128857
-13.672816	-12.314427	1373.054688	18.124866
-13.672816	-12.314427	1371.392578	24.161167
-13.672816	-12.314427	1369.728516	25.665586
-13.672816	-12.314427	1368.066406	24.150524
-13.672816	-12.314427	1366.402344	31.690580
-13.672816	-12.314427	1364.740234	22.631140
-13.672816	-12.314427	1363.076172	22.626152
-13.672816	-12.314427	1361.412109	25.637320
-13.672816	-12.314427	1359.746094	22.616177
-13.672816	-12.314427	1358.082031	25.626015
-13.672816	-12.314427	1356.416016	21.099121
-13.672816	-12.314427	1354.750000	21.094465
-13.672816	-12.314427	1353.083984	21.089811
-13.672816	-12.314427	1351.417969	28.615570
-13.672816	-12.314427	1349.750000	25.597752
-13.672816	-12.314427	1348.083984	22.581264
-13.672816	-12.314427	1346.416016	18.061022
-13.672816	-12.314427	1344.748047	19.561787
-13.672816	-12.314427	1343.078125	25.575146
-13.672816	-12.314427	1341.410156	21.057230
-13.672816	-12.314427	1339.740234	24.060087
-13.672816	-12.314427	1338.072266	18.041077
-13.672816	-12.314427	1336.402344	22.546360
-13.672816	-12.314427	1334.730469	21.038616
-13.672816	-12.314427	1333.060547	19.531536
-13.672816	-12.314427	1331.388672	27.037682
-13.672816	-12.314427	1329.718750	27.031700
-13.672816	-12.314427	1328.046875	21.020002
-13.672816	-12.314427	1326.375000	13.509867
-13.672816	-12.314427	1324.701172	19.509932
-13.672816	-12.314427	1323.029297	25.507338
-13.672816	-12.314427	1321.355469	15.000993
-13.672816	-12.314427	1319.681641	20.996737
-13.672816	-12.314427	1318.007813	19.492649
-13.672816	-12.314427	1316.333984	28.482944
-13.672816	-12.314427	1314.660156	26.977859
-13.672816	-12.314427	1312.984375	31.467192
-13.672816	-12.314427	1311.308594	20.973475
-13.672816	-12.314427	1309.632813	22.466597
-13.672816	-12.314427	1307.957031	22.461611
-13.672816	-12.314427	1306.279297	23.953735
-13.672816	-12.314427	1304.603516	22.451643
-13.672816	-12.314427	1302.925781	20.950214
-13.672816	-12.314427	1301.248047	19.449451
-13.672816	-12.314427	1299.570313	20.940912
-13.672816	-12.314427	1297.892578	14.954472
-13.672816	-12.314427	1296.212891	23.921839
-13.672816	-12.314427	1294.533203	19.432175
-13.672816	-12.314427	1292.853516	22.416758
-13.672816	-12.314427	1291.173828	19.423536
-13.672816	-12.314427	1289.494141	20.913004
-13.672816	-12.314427	1287.812500	17.921446
-13.672816	-12.314427	1286.132813	23.889944
-13.672816	-12.314427	1284.451172	25.377419
-13.672816	-12.314427	1282.769531	19.401943
-13.672816	-12.314427	1281.085938	22.381874
-13.672816	-12.314427	1279.404297	19.393307
-13.672816	-12.314427	1277.720703	17.897528
-13.672816	-12.314427	1276.039063	22.366926
-13.672816	-12.314427	1274.355469	22.361944
-13.672816	-12.314427	1272.669922	22.356960
-13.672816	-12.314427	1270.986328	19.371716
-13.672816	-12.314427	1269.300781	22.346996
-13.672816	-12.314427	1267.615234	19.363079
-13.672816	-12.314427	1265.929688	25.315302
-13.672816	-12.314427	1264.244141	23.820852
-13.672816	-12.314427	1262.558594	20.838596
-13.672816	-12.314427	1260.871094	22.322086
-13.672816	-12.314427	1259.185547	26.780525
-13.672816	-12.314427	1257.498047	20.824648
-13.672816	-12.314427	1255.808594	23.794283
-13.672816	-12.314427	1254.121094	23.788969
-13.672816	-12.314427	1252.433594	19.324221
-13.672816	-12.314427	1250.744141	22.292196
-13.672816	-12.314427	1249.054688	17.829771
-13.672816	-12.314427	1247.365234	19.311268
-13.672816	-12.314427	1245.673828	19.306952
-13.672816	-12.314427	1243.984375	17.817816
-13.672816	-12.314427	1242.292969	23.751776
-13.672816	-12.314427	1240.601563	28.198923
-13.672816	-12.314427	1238.910156	17.805862
-13.672816	-12.314427	1237.218750	22.252346
-13.672816	-12.314427	1235.525391	17.797892
-13.672816	-12.314427	1233.833984	29.656513
-13.672816	-12.314427	1232.140625	23.719896
-13.672816	-12.314427	1230.447266	22.232422
-13.672816	-12.314427	1228.753906	32.600250
-13.672816	-12.314427	1227.058594	22.222462
-13.672816	-12.314427	1225.365234	17.773985
-13.672816	-12.314427	1223.669922	17.770000
-13.672816	-12.314427	1221.974609	17.766016
-13.672816	-12.314427	1220.277344	23.682709
-13.672816	-12.314427	1218.582031	25.157234
-13.672816	-12.314427	1216.884766	25.151590
-13.672816	-12.314427	1215.189453	29.583466
-13.672816	-12.314427	1213.492188	20.703779
-13.672816	-12.314427	1211.792969	14.785093
-13.672816	-12.314427	1210.095703	16.259951
-13.672816	-12.314427	1208.396484	16.256298
-13.672816	-12.314427	1206.699219	26.595240
-13.672816	-12.314427	1205.000000	17.726177
-13.672816	-12.314427	1203.298828	20.675892
-13.672816	-12.314427	1201.599609	19.194727
-13.672816	-12.314427	1199.900391	29.523708
-13.672816	-12.314427	1198.199219	20.661949
-13.672816	-12.314427	1196.498047	17.706259
-13.672816	-12.314427	1194.796875	22.127844
-13.672816	-12.314427	1193.093750	19.173149
-13.672816	-12.314427	1191.392578	17.694307
-13.672816	-12.314427	1189.689453	28.009680
-13.672816	-12.314427	1187.986328	22.107927
-13.672816	-12.314427	1186.283203	30.944126
-13.672816	-12.314427	1184.580078	22.097969
-13.672816	-12.314427	1182.875000	26.511587
-13.672816	-12.314427	1181.169922	16.197874
-13.672816	-12.314427	1179.464844	20.610830
-13.672816	-12.314427	1177.759766	22.078053
-13.672816	-12.314427	1176.054688	17.658459
-13.672816	-12.314427	1174.347656	20.596889
-13.672816	-12.314427	1172.642578	17.650494
-13.672816	-12.314427	1170.935547	17.646511
-13.672816	-12.314427	1169.228516	17.642529
-13.672816	-12.314427	1167.519531	19.108425
-13.672816	-12.314427	1165.812500	20.573656
-13.672816	-12.314427	1164.103516	19.099794
-13.672816	-12.314427	1162.394531	23.502131
-13.672816	-12.314427	1160.685547	14.685513
-13.672816	-12.314427	1158.976563	24.959730
-13.672816	-12.314427	1157.265625	24.954088
-13.672816	-12.314427	1155.556641	26.416002
-13.672816	-12.314427	1153.845703	30.811699
-13.672816	-12.314427	1152.134766	27.870947
-13.672816	-12.314427	1150.423828	23.464962
-13.672816	-12.314427	1148.710938	13.196054
-13.672816	-12.314427	1146.998047	17.590757
-13.672816	-12.314427	1145.287109	21.983469
-13.672816	-12.314427	1143.572266	26.374189
-13.672816	-12.314427	1141.859375	20.508612
-13.672816	-12.314427	1140.146484	21.968536
-13.672816	-12.314427	1138.431641	26.356270
-13.672816	-12.314427	1136.716797	21.958582
-13.672816	-12.314427	1135.001953	14.635736
-13.672816	-12.314427	1133.287109	17.558901
-13.672816	-12.314427	1131.570313	11.703279
-13.672816	-12.314427	1129.855469	14.625781
-13.672816	-12.314427	1128.138672	14.622463
-13.672816	-12.314427	1126.421875	19.004889
-13.672816	-12.314427	1124.703125	32.154819
-13.672816	-12.314427	1122.986328	23.380016
-13.672816	-12.314427	1121.267578	24.835627
-13.672816	-12.314427	1119.548828	18.987637
-13.672816	-12.314427	1117.830078	16.062813
-13.672816	-12.314427	1116.111328	21.898857
-13.672816	-12.314427	1114.392578	21.893881
-13.672816	-12.314427	1112.671875	21.888905
-13.672816	-12.314427	1110.951172	17.507143
-13.672816	-12.314427	1109.230469	23.337549
-13.672816	-12.314427	1107.509766	18.957445
-13.672816	-12.314427	1105.787109	23.326933
-13.672816	-12.314427	1104.066406	21.864023
-13.672816	-12.314427	1102.343750	17.487238
-13.672816	-12.314427	1100.621094	20.397133
-13.672816	-12.314427	1098.896484	20.392488
-13.672816	-12.314427	1097.173828	21.844120
-13.672816	-12.314427	1095.449219	20.383202
-13.672816	-12.314427	1093.724609	20.378557
-13.672816	-12.314427	1092.000000	29.105591
-13.672816	-12.314427	1090.275391	26.189060
-13.672816	-12.314427	1088.550781	24.728474
-13.672816	-12.314427	1086.824219	13.088559
-13.672816	-12.314427	1085.097656	18.901384
-13.672816	-12.314427	1083.371094	17.443453
-13.672816	-12.314427	1081.644531	20.346050
-13.672816	-12.314427	1079.916016	23.247322
-13.672816	-12.314427	1078.189453	27.599894
-13.672816	-12.314427	1076.460938	23.236710
-13.672816	-12.314427	1074.732422	18.875515
-13.672816	-12.314427	1073.001953	21.774466
-13.672816	-12.314427	1071.273438	20.318190
-13.672816	-12.314427	1069.542969	24.666451
-13.672816	-12.314427	1067.812500	20.308905
-13.672816	-12.314427	1066.082031	20.304262
-13.672816	-12.314427	1064.351563	21.749592
-13.672816	-12.314427	1062.619141	17.395693
-13.672816	-12.314427	1060.888672	20.290333
-13.672816	-12.314427	1059.156250	21.734669
-13.672816	-12.314427	1057.421875	21.729694
-13.672816	-12.314427	1055.689453	18.828091
-13.672816	-12.314427	1053.957031	24.615711
-13.672816	-12.314427	1052.222656	24.610075
-13.672816	-12.314427	1050.488281	14.473199
-13.672816	-12.314427	1048.753906	20.257835
-13.672816	-12.314427	1047.019531	18.806538
-13.672816	-12.314427	1045.283203	15.909576
-13.672816	-12.314427	1043.546875	23.135897
-13.672816	-12.314427	1041.810547	21.684929
-13.672816	-12.314427	1040.074219	21.679956
-13.672816	-12.314427	1038.337891	23.119982
-13.672816	-12.314427	1036.599609	15.891340
-13.672816	-12.314427	1034.861328	23.109373
-13.672816	-12.314427	1033.123047	24.548073
-13.672816	-12.314427	1031.384766	21.655090
-13.672816	-12.314427	1029.646484	23.093458
-13.672816	-12.314427	1027.906250	24.531164
-13.672816	-12.314427	1026.167969	27.410885
-13.672816	-12.314427	1024.427734	27.404587
-13.672816	-12.314427	1022.685547	23.072243
-13.672816	-12.314427	1020.945313	30.275356
-13.672816	-12.314427	1019.203125	20.178930
-13.672816	-12.314427	1017.462891	21.615311
-13.672816	-12.314427	1015.720703	28.813784
-13.672816	-12.314427	1013.976563	30.247513
-13.672816	-12.314427	1012.234375	31.680578
-13.672816	-12.314427	1010.490234	28.793896
-13.672816	-12.314427	1008.746094	25.908541
-13.672816	-12.314427	1007.001953	31.658703
-13.672816	-12.314427	1005.257813	25.896608
-13.672816	-12.314427	1003.513672	33.082489
-13.672816	-12.314427	1001.767578	23.008602
-13.672816	-12.314427	1000.021484	24.441006
-13.672816	-12.314427	998.275391	31.622246
-13.672816	-12.314427	996.529297	25.866781
-13.672816	-12.314427	994.781250	30.170952
-13.672816	-12.314427	993.035156	38.782276
-13.672816	-12.314427	991.287109	37.337280
-13.672816	-12.314427	989.539063	50.250126
-13.672816	-12.314427	987.789063	34.449276
-13.672816	-12.314427	986.041016	30.136158
-13.672816	-12.314427	984.291016	40.172264
-13.672816	-12.314427	982.541016	37.294205
-13.672816	-12.314427	980.791016	40.153709
-13.672816	-12.314427	979.041016	37.276974
-13.672816	-12.314427	977.289063	34.401562
-13.672816	-12.314427	975.537109	42.992016
-13.672816	-12.314427	973.785156	35.818398
-13.672816	-12.314427	972.033203	38.674923
-13.672816	-12.314427	970.281250	47.258415
-13.672816	-12.314427	968.527344	34.361809
-13.672816	-12.314427	966.773438	40.079498
-13.672816	-12.314427	965.019531	38.639145
-13.672816	-12.314427	963.265625	42.922443
-13.672816	-12.314427	961.511719	44.342926
-13.672816	-12.314427	959.755859	40.042400
-13.672816	-12.314427	958.000000	45.752144
-13.672816	-12.314427	956.244141	47.170967
-13.672816	-12.314427	954.488281	37.156391
-13.672816	-12.314427	952.730469	35.719021
-13.672816	-12.314427	950.974609	35.710739
-13.672816	-12.314427	949.216797	37.130558
-13.672816	-12.314427	947.458984	42.833019
-13.672816	-12.314427	945.701172	34.258465
-13.672816	-12.314427	943.941406	31.396309
-13.672816	-12.314427	942.181641	27.108702
-13.672816	-12.314427	940.421875	42.793278
-13.672816	-12.314427	938.662109	34.226677
-13.672816	-12.314427	936.902344	29.941387
-13.672816	-12.314427	935.140625	27.083536
-13.672816	-12.314427	933.380859	29.927481
-13.672816	-12.314427	931.619141	31.345316
-13.672816	-12.314427	929.855469	21.366840
-13.672816	-12.314427	928.093750	29.906624
-13.672816	-12.314427	926.330078	25.628288
-13.672816	-12.314427	924.568359	25.622330
-13.672816	-12.314427	922.804688	25.616371
-13.672816	-12.314427	921.039063	22.764811
-13.672816	-12.314427	919.275391	29.871864
-13.672816	-12.314427	917.509766	21.332081
-13.672816	-12.314427	915.744141	19.905308
-13.672816	-12.314427	913.978516	24.165104
-13.672816	-12.314427	912.212891	28.422915
-13.672816	-12.314427	910.447266	21.312222
-13.672816	-12.314427	908.679688	22.727741
-13.672816	-12.314427	906.912109	31.243362
-13.672816	-12.314427	905.144531	28.396439
-13.672816	-12.314427	903.375000	25.550837
-13.672816	-12.314427	901.607422	25.544880
-13.672816	-12.314427	899.837891	28.376583
-13.672816	-12.314427	898.068359	22.695972
-13.672816	-12.314427	896.298828	18.436176
-13.672816	-12.314427	894.529297	19.849710
-13.672816	-12.314427	892.757813	22.680090
-13.672816	-12.314427	890.986328	29.760672
-13.672816	-12.314427	889.214844	24.086348
-13.672816	-12.314427	887.443359	22.664211
-13.672816	-12.314427	885.669922	16.994188
-13.672816	-12.314427	883.898438	26.901178
-13.672816	-12.314427	882.125000	25.479374
-13.672816	-12.314427	880.351563	31.134180
-13.672816	-12.314427	878.578125	22.637747
-13.672816	-12.314427	876.802734	26.876041
-13.672816	-12.314427	875.027344	24.041361
-13.672816	-12.314427	873.251953	28.277340
-13.672816	-12.314427	871.476563	32.511333
-13.672816	-12.314427	869.701172	31.090525
-13.672816	-12.314427	867.923828	29.670374
-13.672816	-12.314427	866.146484	29.663429
-13.672816	-12.314427	864.369141	26.832058
-13.672816	-12.314427	862.591797	21.178246
-13.672816	-12.314427	860.814453	25.407942
-13.672816	-12.314427	859.035156	25.401991
-13.672816	-12.314427	857.255859	32.450497
-13.672816	-12.314427	855.476563	32.442894
-13.672816	-12.314427	853.697266	29.614830
-13.672816	-12.314427	851.916016	23.968290
-13.672816	-12.314427	850.136719	31.010515
-13.672816	-12.314427	848.355469	23.957052
-13.672816	-12.314427	846.574219	26.769249
-13.672816	-12.314427	844.791016	29.580124
-13.672816	-12.314427	843.009766	21.123703
-13.672816	-12.314427	841.226563	30.974161
-13.672816	-12.314427	839.443359	28.151718
-13.672816	-12.314427	837.660156	19.701576
-13.672816	-12.314427	835.875000	23.917727
-13.672816	-12.314427	834.091797	28.131893
-13.672816	-12.314427	832.306641	28.125284
-13.672816	-12.314427	830.521484	23.900875
-13.672816	-12.314427	828.734375	19.678450
-13.672816	-12.314427	826.949219	22.484371
-13.672816	-12.314427	825.162109	23.884027
-13.672816	-12.314427	823.375000	21.069187
-13.672816	-12.314427	821.587891	26.681362
-13.672816	-12.314427	819.800781	21.059278
-13.672816	-12.314427	818.011719	26.668812
-13.672816	-12.314427	816.222656	30.872412
-13.672816	-12.314427	814.433594	23.850340
-13.672816	-12.314427	812.644531	26.649988
-13.672816	-12.314427	810.855469	22.436811
-13.672816	-12.314427	809.064453	16.823647
-13.672816	-12.314427	807.273438	22.426247
-13.672816	-12.314427	805.482422	29.427515
-13.672816	-12.314427	803.691406	15.410782
-13.672816	-12.314427	801.898438	26.612350
-13.672816	-12.314427	800.107422	23.805439
-13.672816	-12.314427	798.314453	18.199867
-13.672816	-12.314427	796.521484	19.595238
-13.672816	-12.314427	794.726563	19.590616
-13.672816	-12.314427	792.933594	23.782995
-13.672816	-12.314427	791.138672	19.581375
-13.672816	-12.314427	789.343750	22.373436
-13.672816	-12.314427	787.546875	27.960196
-13.672816	-12.314427	785.751953	27.953596
-13.672816	-12.314427	783.955078	26.549648
-13.672816	-12.314427	782.158203	20.955299
-13.672816	-12.314427	780.361328	26.537111
-13.672816	-12.314427	778.564453	30.719923
-13.672816	-12.314427	776.765625	33.504726
-13.672816	-12.314427	774.968750	26.518309
-13.672816	-12.314427	773.169922	26.512043
-13.672816	-12.314427	771.369141	30.690899
-13.672816	-12.314427	769.570313	34.867779
-13.672816	-12.314427	767.769531	25.098864
-13.672816	-12.314427	765.970703	25.092928
-13.672816	-12.314427	764.167969	32.055603
-13.672816	-12.314427	762.367188	25.081059
-13.672816	-12.314427	760.566406	23.682062
-13.672816	-12.314427	758.763672	32.032856
-13.672816	-12.314427	756.960938	29.240467
-13.672816	-12.314427	755.158203	26.449398
-13.672816	-12.314427	753.353516	30.618368
-13.672816	-12.314427	751.550781	30.611118
-13.672816	-12.314427	749.746094	27.821697
-13.672816	-12.314427	747.941406	34.768883
-13.672816	-12.314427	746.136719	29.198942
-13.672816	-12.314427	744.330078	27.801928
-13.672816	-12.314427	742.523438	23.626038
-13.672816	-12.314427	740.718750	30.567625
-13.672816	-12.314427	738.910156	33.338593
-13.672816	-12.314427	737.103516	29.164352
-13.672816	-12.314427	735.294922	27.768986
-13.672816	-12.314427	733.488281	22.209919
-13.672816	-12.314427	731.679688	29.143602
-13.672816	-12.314427	729.869141	19.424458
-13.672816	-12.314427	728.060547	22.194113
-13.672816	-12.314427	726.250000	36.056873
-13.672816	-12.314427	724.439453	29.115944
-13.672816	-12.314427	722.628906	30.495174
-13.672816	-12.314427	720.818359	26.330488
-13.672816	-12.314427	719.005859	27.709719
-13.672816	-12.314427	717.195313	31.858606
-13.672816	-12.314427	715.382813	26.311726
-13.672816	-12.314427	713.568359	26.305473
-13.672816	-12.314427	711.755859	23.530882
-13.672816	-12.314427	709.941406	20.757608
-13.672816	-12.314427	708.126953	24.903206
-13.672816	-12.314427	706.312500	29.046833
-13.672816	-12.314427	704.498047	24.891363
-13.672816	-12.314427	702.681641	23.502918
-13.672816	-12.314427	700.867188	31.790501
-13.672816	-12.314427	699.050781	23.491735
-13.672816	-12.314427	697.232422	20.723068
-13.672816	-12.314427	695.416016	22.099346
-13.672816	-12.314427	693.597656	19.332323
-13.672816	-12.314427	691.779297	22.088823
-13.672816	-12.314427	689.960938	26.224232
-13.672816	-12.314427	688.142578	24.838091
-13.672816	-12.314427	686.324219	19.313913
-13.672816	-12.314427	684.503906	24.826258
-13.672816	-12.314427	682.683594	20.683619
-13.672816	-12.314427	680.863281	24.814428
-13.672816	-12.314427	679.041016	31.699766
-13.672816	-12.314427	677.218750	20.668833
-13.672816	-12.314427	675.398438	20.663904
-13.672816	-12.314427	673.576172	28.922567
-13.672816	-12.314427	671.751953	24.784859
-13.672816	-12.314427	669.929688	26.155554
-13.672816	-12.314427	668.105469	20.644196
-13.672816	-12.314427	666.281250	27.519026
-13.672816	-12.314427	664.457031	27.512459
-13.672816	-12.314427	662.630859	20.629419
-13.672816	-12.314427	660.806641	20.624495
-13.672816	-12.314427	658.980469	24.743483
-13.672816	-12.314427	657.154297	30.234814
-13.672816	-12.314427	655.326172	37.097500
-13.672816	-12.314427	653.500000	26.099413
-13.672816	-12.314427	651.671875	28.839827
-13.672816	-12.314427	649.843750	30.205933
-13.672816	-12.314427	648.015625	39.807396
-13.672816	-12.314427	646.185547	38.425541
-13.672816	-12.314427	644.357422	35.672333
-13.672816	-12.314427	642.527344	34.292118
-13.672816	-12.314427	640.697266	41.140701
-13.672816	-12.314427	638.865234	30.162632
-13.672816	-12.314427	637.035156	27.414017
-13.672816	-12.314427	635.203125	35.629696
-13.672816	-12.314427	633.371094	34.251125
-13.672816	-12.314427	631.539063	28.764063
-13.672816	-12.314427	629.705078	42.451073
-13.672816	-12.314427	627.873047	34.226543
-13.672816	-12.314427	626.039063	41.062019
-13.672816	-12.314427	624.203125	32.841751
-13.672816	-12.314427	622.369141	38.306202
-13.672816	-12.314427	620.535156	30.090521
-13.672816	-12.314427	618.699219	36.920429
-13.672816	-12.314427	616.863281	25.974819
-13.672816	-12.314427	615.025391	32.802437
-13.672816	-12.314427	613.189453	38.260342
-13.672816	-12.314427	611.351563	42.349510
-13.672816	-12.314427	609.513672	31.413074
-13.672816	-12.314427	607.675781	27.309168
-13.672816	-12.314427	605.837891	30.032883
-13.672816	-12.314427	603.998047	28.660877
-13.672816	-12.314427	602.158203	30.018482
-13.672816	-12.314427	600.318359	32.739578
-13.672816	-12.314427	598.478516	32.731728
-13.672816	-12.314427	596.636719	36.814358
-13.672816	-12.314427	594.796875	27.263351
-13.672816	-12.314427	592.955078	27.256809
-13.672816	-12.314427	591.111328	27.250267
-13.672816	-12.314427	589.269531	25.881540
-13.672816	-12.314427	587.425781	28.599045
-13.672816	-12.314427	585.583984	29.953711
-13.672816	-12.314427	583.738281	25.862902
-13.672816	-12.314427	581.894531	17.691420
-13.672816	-12.314427	580.050781	25.850481
-13.672816	-12.314427	578.205078	21.763596
-13.672816	-12.314427	576.359375	19.038572
-13.672816	-12.314427	574.513672	24.472282
-13.672816	-12.314427	572.666016	29.903379
-13.672816	-12.314427	570.818359	31.255110
-13.672816	-12.314427	568.970703	35.323368
-13.672816	-12.314427	567.123047	27.165291
-13.672816	-12.314427	565.275391	31.232573
-13.672816	-12.314427	563.425781	36.655510
-13.672816	-12.314427	561.576172	29.860270
-13.672816	-12.314427	559.726563	16.283503
-13.672816	-12.314427	557.876953	25.776011
-13.672816	-12.314427	556.027344	24.413504
-13.672816	-12.314427	554.175781	28.475567
-13.672816	-12.314427	552.324219	25.757408
-13.672816	-12.314427	550.472656	37.949150
-13.672816	-12.314427	548.619141	27.100012
-13.672816	-12.314427	546.767578	35.221535
-13.672816	-12.314427	544.914063	28.441315
-13.672816	-12.314427	543.060547	31.142511
-13.672816	-12.314427	541.205078	36.549797
-13.672816	-12.314427	539.351563	44.661213
-13.672816	-12.314427	537.496094	43.297413
-13.672816	-12.314427	535.640625	47.345139
-13.672816	-12.314427	533.785156	54.095692
-13.672816	-12.314427	531.927734	40.561996
-13.672816	-12.314427	530.070313	75.697479
-13.672816	-12.314427	528.212891	79.733482
-13.672816	-12.314427	526.355469	125.651299
-13.672816	-12.314427	524.498047	186.405365
-13.672816	-12.314427	522.638672	395.678314
-13.672816	-12.314427	520.779297	575.147827
-13.672816	-12.314427	518.919922	472.425354
-13.672816	-12.314427	517.060547	233.456802
-13.672816	-12.314427	515.199219	147.055801
-13.672816	-12.314427	513.339844	91.719101
-13.672816	-12.314427	511.478516	70.121216
-13.672816	-12.314427	509.615234	67.407982
-13.672816	-12.314427	507.753906	70.087387
-13.672816	-12.314427	505.890625	67.375458
-13.672816	-12.314427	504.027344	64.664825
-13.672816	-12.314427	502.164063	61.955505
-13.672816	-12.314427	500.300781	56.554413
-13.672816	-12.314427	498.435547	60.579388
-13.672816	-12.314427	496.570313	61.910645
-13.672816	-12.314427	494.705078	53.822346
-13.672816	-12.314427	492.839844	65.916451
-13.672816	-12.314427	490.972656	64.555626
-13.672816	-12.314427	489.107422	63.195450
-13.672816	-12.314427	487.240234	68.557220
-13.672816	-12.314427	485.371094	57.789185
-13.672816	-12.314427	483.503906	34.933853
-13.672816	-12.314427	481.634766	48.358265
-13.672816	-12.314427	479.765625	40.288818
-13.672816	-12.314427	477.896484	52.362804
-13.672816	-12.314427	476.027344	37.584724
-13.672816	-12.314427	474.156250	38.917625
-13.672816	-12.314427	472.285156	44.274868
-13.672816	-12.314427	470.414063	34.874798
-13.672816	-12.314427	468.542969	33.525349
-13.672816	-12.314427	466.669922	24.132416
-13.672816	-12.314427	464.796875	32.168774
-13.672816	-12.314427	462.923828	37.521160
-13.672816	-12.314427	461.050781	37.512085
-13.672816	-12.314427	459.177734	34.824223
-13.672816	-12.314427	457.302734	28.120453
-13.672816	-12.314427	455.427734	38.823612
-13.672816	-12.314427	453.552734	28.106848
-13.672816	-12.314427	451.675781	30.776243
-13.672816	-12.314427	449.800781	28.093248
-13.672816	-12.314427	447.923828	30.761349
-13.672816	-12.314427	446.046875	28.079651
-13.672816	-12.314427	444.169922	25.399250
-13.672816	-12.314427	442.291016	34.748455
-13.672816	-12.314427	440.412109	28.059265
-13.672816	-12.314427	438.533203	30.724134
-13.672816	-12.314427	436.654297	29.381187
-13.672816	-12.314427	434.773438	21.362963
-13.672816	-12.314427	432.894531	26.697235
-13.672816	-12.314427	431.013672	26.690771
-13.672816	-12.314427	429.130859	34.689598
-13.672816	-12.314427	427.250000	20.008381
-13.672816	-12.314427	425.367188	28.004950
-13.672816	-12.314427	423.484375	25.331673
-13.672816	-12.314427	421.601563	30.657227
-13.672816	-12.314427	419.718750	31.982399
-13.672816	-12.314427	417.833984	29.310095
-13.672816	-12.314427	415.949219	42.622536
-13.672816	-12.314427	414.064453	26.632627
-13.672816	-12.314427	412.179688	29.288792
-13.672816	-12.314427	410.294922	26.619720
-13.672816	-12.314427	408.408203	27.943932
-13.672816	-12.314427	406.521484	23.946135
-13.672816	-12.314427	404.634766	38.570530
-13.672816	-12.314427	402.746094	49.198746
-13.672816	-12.314427	400.857422	59.821804
-13.672816	-12.314427	398.968750	75.755913
-13.672816	-12.314427	397.080078	89.024826
-13.672816	-12.314427	395.191406	87.674835
-13.672816	-12.314427	393.300781	74.372726
-13.672816	-12.314427	391.410156	51.782730
-13.672816	-12.314427	389.519531	59.734810
-13.672816	-12.314427	387.628906	55.738964
-13.672816	-12.314427	385.736328	54.398647
-13.672816	-12.314427	383.843750	46.426605
-13.672816	-12.314427	381.951172	43.763035
-13.672816	-12.314427	380.058594	58.336555
-13.672816	-12.314427	378.164063	60.973419
-13.672816	-12.314427	376.271484	79.511253
-13.672816	-12.314427	374.376953	79.491959
-13.672816	-12.314427	372.480469	64.902672
-13.672816	-12.314427	370.585938	63.562702
-13.672816	-12.314427	368.689453	54.279964
-13.672816	-12.314427	366.792969	52.943207
-13.672816	-12.314427	364.896484	47.637321
-13.672816	-12.314427	363.000000	60.855133
-13.672816	-12.314427	361.101563	54.227280
-13.672816	-12.314427	359.203125	58.181000
-13.672816	-12.314427	357.304688	56.844902
-13.672816	-12.314427	355.406250	55.509445
-13.672816	-12.314427	353.505859	64.745293
-13.672816	-12.314427	351.605469	50.198444
-13.672816	-12.314427	349.705078	46.224182
-13.672816	-12.314427	347.804688	48.853699
-13.672816	-12.314427	345.902344	58.082180
-13.672816	-12.314427	344.001953	50.149700
-13.672816	-12.314427	342.099609	48.818111
-13.672816	-12.314427	340.195313	50.125343
-13.672816	-12.314427	338.292969	43.519329
-13.672816	-12.314427	336.388672	39.553417
-13.672816	-12.314427	334.484375	39.543812
-13.672816	-12.314427	332.580078	44.805431
-13.672816	-12.314427	330.675781	47.429520
-13.672816	-12.314427	328.769531	44.783665
-13.672816	-12.314427	326.863281	35.554859
-13.672816	-12.314427	324.957031	35.546219
-13.672816	-12.314427	323.048828	39.486202
-13.672816	-12.314427	321.142578	36.844837
-13.672816	-12.314427	319.234375	35.520317
-13.672816	-12.314427	317.326172	35.511684
-13.672816	-12.314427	315.417969	43.392624
-13.672816	-12.314427	313.507813	44.696686
-13.672816	-12.314427	311.597656	32.857224
-13.672816	-12.314427	309.687500	26.279392
-13.672816	-12.314427	307.777344	34.154907
-13.672816	-12.314427	305.865234	43.339924
-13.672816	-12.314427	303.955078	43.329388
-13.672816	-12.314427	302.042969	40.693474
-13.672816	-12.314427	300.128906	31.496967
-13.672816	-12.314427	298.216797	32.801365
-13.672816	-12.314427	296.302734	31.481657
-13.672816	-12.314427	294.388672	28.851171
-13.672816	-12.314427	292.474609	40.644043
-13.672816	-12.314427	290.560547	31.458706
-13.672816	-12.314427	288.644531	40.624283
-13.672816	-12.314427	286.728516	53.715832
-13.672816	-12.314427	284.812500	51.083126
-13.672816	-12.314427	282.896484	48.451698
-13.672816	-12.314427	280.978516	62.840973
-13.672816	-12.314427	279.060547	64.134567
-13.672816	-12.314427	277.142578	60.193321
-13.672816	-12.314427	275.224609	69.336319
-13.672816	-12.314427	273.304688	58.856144
-13.672816	-12.314427	271.384766	77.148186
-13.672816	-12.314427	269.464844	79.743980
-13.672816	-12.314427	267.544922	99.329002
-13.672816	-12.314427	265.623047	125.437714
-13.672816	-12.314427	263.703125	199.867752
-13.672816	-12.314427	261.781250	284.709656
-13.672816	-12.314427	259.857422	299.003021
-13.672816	-12.314427	257.935547	267.601379
-13.672816	-12.314427	256.011719	232.299820
-13.672816	-12.314427	254.087891	270.080719
-13.672816	-12.314427	252.164063	701.778259
-13.672816	-12.314427	250.240234	1892.254150
-13.672816	-12.314427	248.314453	1800.528931
-13.672816	-12.314427	246.388672	759.922607
-13.672816	-12.314427	244.462891	354.457458
-13.672816	-12.314427	242.535156	218.876373
-13.672816	-12.314427	240.609375	186.260193
-13.672816	-12.314427	238.681641	167.984070
-13.672816	-12.314427	236.753906	130.188553
-13.672816	-12.314427	234.824219	114.538071
-13.672816	-12.314427	232.896484	104.100197
-13.672816	-12.314427	230.966797	98.871147
-13.672816	-12.314427	229.037109	71.534088
-13.672816	-12.314427	227.107422	76.717911
-13.672816	-12.314427	225.175781	76.699257
-13.672816	-12.314427	223.244141	79.279953
-13.672816	-12.314427	221.312500	75.362610
-13.672816	-12.314427	219.380859	79.241409
-13.672816	-12.314427	217.447266	94.806824
-13.672816	-12.314427	215.515625	74.009247
-13.672816	-12.314427	213.582031	76.587440
-13.672816	-12.314427	211.646484	63.591057
-13.672816	-12.314427	209.712891	73.955284
-13.672816	-12.314427	207.777344	63.560139
-13.672816	-12.314427	205.841797	49.279556
-13.672816	-12.314427	203.906250	45.378029
-13.672816	-12.314427	201.968750	42.774597
-13.672816	-12.314427	200.033203	45.355968
-13.672816	-12.314427	198.095703	38.867096
-13.672816	-12.314427	196.158203	33.676628
-13.672816	-12.314427	194.218750	31.078562
-13.672816	-12.314427	192.281250	34.954884
-13.672816	-12.314427	190.341797	29.769146
-13.672816	-12.314427	188.402344	24.585926
-13.672816	-12.314427	186.460938	28.460995
-13.672816	-12.314427	184.521484	24.573977
-13.672816	-12.314427	182.580078	29.740215
-13.672816	-12.314427	180.638672	32.318466
-13.672816	-12.314427	178.695313	23.263639
-13.672816	-12.314427	176.753906	20.673765
-13.672816	-12.314427	174.810547	29.711315
-13.672816	-12.314427	172.867188	34.870026
-13.672816	-12.314427	170.921875	28.405710
-13.672816	-12.314427	168.978516	32.271374
-13.672816	-12.314427	167.033203	32.263531
-13.672816	-12.314427	165.087891	29.675238
-13.672816	-12.314427	163.142578	30.957941
-13.672816	-12.314427	161.195313	28.371220
-13.672816	-12.314427	159.248047	33.521477
-13.672816	-12.314427	157.300781	34.802307
-13.672816	-12.314427	155.353516	27.061886
-13.672816	-12.314427	153.406250	36.073750
-13.672816	-12.314427	151.457031	34.776955
-13.672816	-12.314427	149.507813	42.494843
-13.672816	-12.314427	147.558594	47.634159
-13.672816	-12.314427	145.607422	43.761299
-13.672816	-12.314427	143.658203	50.184597
-13.672816	-12.314427	141.707031	52.745354
-13.672816	-12.314427	139.753906	59.163342
-13.672816	-12.314427	137.802734	66.864059
-13.672816	-12.314427	135.849609	75.846573
-13.672816	-12.314427	133.896484	57.835037
-13.672816	-12.314427	131.943359	51.396439
-13.672816	-12.314427	129.990234	60.376156
-13.672816	-12.314427	128.035156	59.077213
-13.672816	-12.314427	126.080078	55.210945
-13.672816	-12.314427	124.125000	52.630219
-13.672816	-12.314427	122.169922	51.334091
-13.672816	-12.314427	120.212891	46.189468
-13.672816	-12.314427	118.255859	56.440098
-13.672816	-12.314427	116.298828	56.426399
-13.672816	-12.314427	114.341797	44.873745
-13.672816	-12.314427	112.382813	44.862858
-13.672816	-12.314427	110.423828	32.037125
-13.672816	-12.314427	108.464844	35.872875
-13.672816	-12.314427	106.505859	24.336403
-13.672816	-12.314427	104.544922	17.927736
-13.672816	-12.314427	102.585938	7.681452
-13.672816	-12.314427	100.625000	10.239451
-13.672816	-12.314427	98.662109	3.838863
-13.672816	-12.314427	96.701172	3.837932
-13.672816	-12.314427	94.738281	3.837002
-13.672816	-12.314427	92.775391	1.278690
-13.672816	-12.314427	90.812500	1.278380
-13.672816	-12.314427	88.847656	0.000000
-13.672816	-12.314427	86.882813	2.555521
-13.672816	-12.314427	84.917969	1.277451
-13.672816	-12.314427	82.953125	2.554283
-13.672816	-12.314427	80.988281	1.276832
-13.672816	-12.314427	79.021484	2.553045
-13.672816	-12.314427	77.054688	0.000000
-13.672816	-12.314427	75.087891	0.000000
-13.672816	-12.314427	73.119141	1.275595
-13.672816	-12.314427	71.152344	0.000000
-13.672816	-12.314427	69.183594	3.824930
-13.672816	-12.314427	67.212891	1.274668
-13.672816	-12.314427	65.244141	2.548719
-13.672816	-12.314427	63.273438	0.000000
-13.672816	-12.314427	61.302734	1.273742
-13.672816	-12.314427	59.332031	1.273434
-22.672816	-9.314427	1838.626953	30.535824
-22.672816	-9.314427	1837.066406	19.285784
-22.672816	-9.314427	1835.503906	22.495293
-22.672816	-9.314427	1833.941406	17.671112
-22.672816	-9.314427	1832.378906	20.879597
-22.672816	-9.314427	1830.816406	17.663591
-22.672816	-9.314427	1829.251953	25.687029
-22.672816	-9.314427	1827.687500	24.076466
-22.672816	-9.314427	1826.125000	28.885611
-22.672816	-9.314427	1824.560547	24.066219
-22.672816	-9.314427	1822.994141	24.061098
-22.672816	-9.314427	1821.429688	25.659708
-22.672816	-9.314427	1819.865234	17.637295
-22.672816	-9.314427	1818.298828	19.236589
-22.672816	-9.314427	1816.732422	25.643328
-22.672816	-9.314427	1815.166016	24.035503
-22.672816	-9.314427	1813.599609	19.224310
-22.672816	-9.314427	1812.033203	19.220217
-22.672816	-9.314427	1810.464844	27.222845
-22.672816	-9.314427	1808.896484	27.217051
-22.672816	-9.314427	1807.330078	22.409269
-22.672816	-9.314427	1805.759766	27.205463
-22.672816	-9.314427	1804.191406	17.599787
-22.672816	-9.314427	1802.623047	25.594240
-22.672816	-9.314427	1801.052734	19.191593
-22.672816	-9.314427	1799.484375	22.385424
-22.672816	-9.314427	1797.914063	14.387566
-22.672816	-9.314427	1796.343750	20.777615
-22.672816	-9.314427	1794.771484	20.773190
-22.672816	-9.314427	1793.201172	25.561558
-22.672816	-9.314427	1791.628906	20.764343
-22.672816	-9.314427	1790.058594	23.953754
-22.672816	-9.314427	1788.486328	19.158922
-22.672816	-9.314427	1786.914063	25.539789
-22.672816	-9.314427	1785.339844	28.726143
-22.672816	-9.314427	1783.767578	20.742241
-22.672816	-9.314427	1782.193359	28.713907
-22.672816	-9.314427	1780.621094	22.328281
-22.672816	-9.314427	1779.046875	20.728987
-22.672816	-9.314427	1777.470703	23.912966
-22.672816	-9.314427	1775.896484	27.095589
-22.672816	-9.314427	1774.322266	30.276852
-22.672816	-9.314427	1772.746094	23.897684
-22.672816	-9.314427	1771.169922	19.114075
-22.672816	-9.314427	1769.593750	25.480001
-22.672816	-9.314427	1768.017578	30.251053
-22.672816	-9.314427	1766.441406	30.244606
-22.672816	-9.314427	1764.863281	28.646677
-22.672816	-9.314427	1763.287109	17.502571
-22.672816	-9.314427	1761.708984	20.680449
-22.672816	-9.314427	1760.130859	28.628363
-22.672816	-9.314427	1758.552734	30.212385
-22.672816	-9.314427	1756.972656	15.897865
-22.672816	-9.314427	1755.394531	25.431162
-22.672816	-9.314427	1753.814453	27.014847
-22.672816	-9.314427	1752.234375	30.186626
-22.672816	-9.314427	1750.654297	25.414896
-22.672816	-9.314427	1749.074219	20.645201
-22.672816	-9.314427	1747.492188	25.404058
-22.672816	-9.314427	1745.912109	20.636395
-22.672816	-9.314427	1744.330078	14.283688
-22.672816	-9.314427	1742.748047	26.974543
-22.672816	-9.314427	1741.166016	25.382389
-22.672816	-9.314427	1739.583984	22.204851
-22.672816	-9.314427	1738.000000	30.128727
-22.672816	-9.314427	1736.417969	26.951530
-22.672816	-9.314427	1734.833984	23.775688
-22.672816	-9.314427	1733.250000	26.940029
-22.672816	-9.314427	1731.666016	26.934278
-22.672816	-9.314427	1730.082031	22.176437
-22.672816	-9.314427	1728.496094	23.755396
-22.672816	-9.314427	1726.912109	22.166971
-22.672816	-9.314427	1725.326172	31.660341
-22.672816	-9.314427	1723.740234	26.905544
-22.672816	-9.314427	1722.154297	25.317457
-22.672816	-9.314427	1720.566406	26.894054
-22.672816	-9.314427	1718.980469	23.724981
-22.672816	-9.314427	1717.392578	17.394604
-22.672816	-9.314427	1715.804688	23.714849
-22.672816	-9.314427	1714.216797	20.548479
-22.672816	-9.314427	1712.628906	22.124403
-22.672816	-9.314427	1711.041016	26.859608
-22.672816	-9.314427	1709.451172	22.114952
-22.672816	-9.314427	1707.861328	23.689528
-22.672816	-9.314427	1706.271484	22.105501
-22.672816	-9.314427	1704.681641	26.836658
-22.672816	-9.314427	1703.091797	29.987503
-22.672816	-9.314427	1701.501953	22.091331
-22.672816	-9.314427	1699.910156	20.508995
-22.672816	-9.314427	1698.318359	22.081888
-22.672816	-9.314427	1696.726563	17.346346
-22.672816	-9.314427	1695.134766	28.378860
-22.672816	-9.314427	1693.542969	31.525324
-22.672816	-9.314427	1691.949219	25.214867
-22.672816	-9.314427	1690.357422	22.058289
-22.672816	-9.314427	1688.763672	12.602040
-22.672816	-9.314427	1687.169922	25.198690
-22.672816	-9.314427	1685.576172	20.469555
-22.672816	-9.314427	1683.982422	26.762154
-22.672816	-9.314427	1682.386719	17.312983
-22.672816	-9.314427	1680.791016	25.177130
-22.672816	-9.314427	1679.195313	18.878807
-22.672816	-9.314427	1677.599609	23.593458
-22.672816	-9.314427	1676.003906	20.443287
-22.672816	-9.314427	1674.408203	25.155581
-22.672816	-9.314427	1672.810547	28.293970
-22.672816	-9.314427	1671.214844	28.287912
-22.672816	-9.314427	1669.617188	18.854570
-22.672816	-9.314427	1668.019531	20.421410
-22.672816	-9.314427	1666.419922	21.987577
-22.672816	-9.314427	1664.822266	25.123276
-22.672816	-9.314427	1663.222656	18.838421
-22.672816	-9.314427	1661.623047	21.973450
-22.672816	-9.314427	1660.023438	20.399546
-22.672816	-9.314427	1658.423828	23.532892
-22.672816	-9.314427	1656.824219	26.664896
-22.672816	-9.314427	1655.222656	18.818245
-22.672816	-9.314427	1653.623047	23.517763
-22.672816	-9.314427	1652.021484	21.945208
-22.672816	-9.314427	1650.419922	23.507681
-22.672816	-9.314427	1648.818359	29.770010
-22.672816	-9.314427	1647.214844	29.763626
-22.672816	-9.314427	1645.613281	28.191072
-22.672816	-9.314427	1644.009766	20.355850
-22.672816	-9.314427	1642.406250	20.351484
-22.672816	-9.314427	1640.802734	23.477444
-22.672816	-9.314427	1639.199219	14.083444
-22.672816	-9.314427	1637.593750	26.596352
-22.672816	-9.314427	1635.990234	29.718954
-22.672816	-9.314427	1634.384766	25.021116
-22.672816	-9.314427	1632.779297	23.452261
-22.672816	-9.314427	1631.173828	25.010374
-22.672816	-9.314427	1629.568359	21.879377
-22.672816	-9.314427	1627.960938	23.437157
-22.672816	-9.314427	1626.353516	20.307840
-22.672816	-9.314427	1624.748047	26.550701
-22.672816	-9.314427	1623.140625	18.737646
-22.672816	-9.314427	1621.531250	21.855890
-22.672816	-9.314427	1619.923828	20.290394
-22.672816	-9.314427	1618.314453	20.286034
-22.672816	-9.314427	1616.707031	18.721544
-22.672816	-9.314427	1615.097656	14.038140
-22.672816	-9.314427	1613.488281	20.272955
-22.672816	-9.314427	1611.878906	21.827719
-22.672816	-9.314427	1610.267578	18.705450
-22.672816	-9.314427	1608.656250	26.493689
-22.672816	-9.314427	1607.046875	26.487989
-22.672816	-9.314427	1605.435547	31.155638
-22.672816	-9.314427	1603.824219	23.361700
-22.672816	-9.314427	1602.210938	17.128227
-22.672816	-9.314427	1600.599609	24.908424
-22.672816	-9.314427	1598.986328	20.233740
-22.672816	-9.314427	1597.373047	29.566023
-22.672816	-9.314427	1595.759766	24.892344
-22.672816	-9.314427	1594.146484	20.220675
-22.672816	-9.314427	1592.533203	27.991827
-22.672816	-9.314427	1590.917969	31.095331
-22.672816	-9.314427	1589.302734	21.762043
-22.672816	-9.314427	1587.687500	21.757357
-22.672816	-9.314427	1586.072266	27.967716
-22.672816	-9.314427	1584.457031	21.747980
-22.672816	-9.314427	1582.839844	27.955664
-22.672816	-9.314427	1581.224609	20.185850
-22.672816	-9.314427	1579.607422	20.181498
-22.672816	-9.314427	1577.990234	18.625059
-22.672816	-9.314427	1576.373047	17.069290
-22.672816	-9.314427	1574.755859	23.271284
-22.672816	-9.314427	1573.136719	24.817348
-22.672816	-9.314427	1571.517578	21.710495
-22.672816	-9.314427	1569.898438	17.054567
-22.672816	-9.314427	1568.279297	18.600967
-22.672816	-9.314427	1566.660156	20.146698
-22.672816	-9.314427	1565.041016	23.241173
-22.672816	-9.314427	1563.419922	20.138002
-22.672816	-9.314427	1561.798828	15.487427
-22.672816	-9.314427	1560.177734	27.871347
-22.672816	-9.314427	1558.556641	26.317255
-22.672816	-9.314427	1556.935547	20.120613
-22.672816	-9.314427	1555.312500	21.663671
-22.672816	-9.314427	1553.691406	17.017778
-22.672816	-9.314427	1552.068359	26.294519
-22.672816	-9.314427	1550.445313	29.381641
-22.672816	-9.314427	1548.822266	23.191019
-22.672816	-9.314427	1547.197266	29.368940
-22.672816	-9.314427	1545.574219	23.180992
-22.672816	-9.314427	1543.949219	23.175980
-22.672816	-9.314427	1542.324219	21.626236
-22.672816	-9.314427	1540.699219	23.165955
-22.672816	-9.314427	1539.072266	15.440629
-22.672816	-9.314427	1537.447266	10.806102
-22.672816	-9.314427	1535.820313	20.064131
-22.672816	-9.314427	1534.193359	20.059790
-22.672816	-9.314427	1532.566406	21.598173
-22.672816	-9.314427	1530.939453	20.051104
-22.672816	-9.314427	1529.312500	26.214996
-22.672816	-9.314427	1527.683594	24.667595
-22.672816	-9.314427	1526.056641	26.203642
-22.672816	-9.314427	1524.427734	16.951626
-22.672816	-9.314427	1522.798828	27.733013
-22.672816	-9.314427	1521.167969	18.484669
-22.672816	-9.314427	1519.539063	18.480661
-22.672816	-9.314427	1517.908203	15.397213
-22.672816	-9.314427	1516.277344	23.090813
-22.672816	-9.314427	1514.646484	16.929590
-22.672816	-9.314427	1513.015625	20.003359
-22.672816	-9.314427	1511.384766	21.537405
-22.672816	-9.314427	1509.751953	19.994680
-22.672816	-9.314427	1508.121094	19.990343
-22.672816	-9.314427	1506.488281	21.523390
-22.672816	-9.314427	1504.855469	19.981667
-22.672816	-9.314427	1503.220703	24.587481
-22.672816	-9.314427	1501.587891	19.972992
-22.672816	-9.314427	1499.953125	27.648905
-22.672816	-9.314427	1498.318359	21.500034
-22.672816	-9.314427	1496.683594	21.495363
-22.672816	-9.314427	1495.048828	16.885544
-22.672816	-9.314427	1493.414063	21.486023
-22.672816	-9.314427	1491.777344	21.481354
-22.672816	-9.314427	1490.140625	19.942636
-22.672816	-9.314427	1488.505859	27.606876
-22.672816	-9.314427	1486.867188	23.000729
-22.672816	-9.314427	1485.230469	21.462677
-22.672816	-9.314427	1483.593750	26.056154
-22.672816	-9.314427	1481.955078	26.050486
-22.672816	-9.314427	1480.316406	26.044817
-22.672816	-9.314427	1478.677734	24.507435
-22.672816	-9.314427	1477.039063	22.970720
-22.672816	-9.314427	1475.400391	22.965719
-22.672816	-9.314427	1473.759766	21.430004
-22.672816	-9.314427	1472.119141	35.198769
-22.672816	-9.314427	1470.478516	24.480766
-22.672816	-9.314427	1468.837891	22.945719
-22.672816	-9.314427	1467.197266	30.587626
-22.672816	-9.314427	1465.556641	15.290481
-22.672816	-9.314427	1463.914063	24.459436
-22.672816	-9.314427	1462.271484	24.454103
-22.672816	-9.314427	1460.628906	19.864628
-22.672816	-9.314427	1458.986328	21.388010
-22.672816	-9.314427	1457.343750	19.855965
-22.672816	-9.314427	1455.699219	24.432779
-22.672816	-9.314427	1454.054688	19.847301
-22.672816	-9.314427	1452.410156	16.790205
-22.672816	-9.314427	1450.765625	25.942837
-22.672816	-9.314427	1449.121094	21.360025
-22.672816	-9.314427	1447.474609	21.355362
-22.672816	-9.314427	1445.830078	24.400797
-22.672816	-9.314427	1444.183594	24.395468
-22.672816	-9.314427	1442.537109	22.865755
-22.672816	-9.314427	1440.890625	19.812658
-22.672816	-9.314427	1439.242188	24.379480
-22.672816	-9.314427	1437.595703	19.803999
-22.672816	-9.314427	1435.947266	19.799669
-22.672816	-9.314427	1434.298828	33.499809
-22.672816	-9.314427	1432.650391	21.313396
-22.672816	-9.314427	1431.000000	22.830788
-22.672816	-9.314427	1429.351563	18.260635
-22.672816	-9.314427	1427.701172	19.778027
-22.672816	-9.314427	1426.050781	24.336859
-22.672816	-9.314427	1424.400391	18.248650
-22.672816	-9.314427	1422.750000	22.805817
-22.672816	-9.314427	1421.097656	27.360989
-22.672816	-9.314427	1419.447266	24.315552
-22.672816	-9.314427	1417.794922	21.271448
-22.672816	-9.314427	1416.142578	25.823957
-22.672816	-9.314427	1414.490234	19.743404
-22.672816	-9.314427	1412.835938	18.220686
-22.672816	-9.314427	1411.183594	22.770866
-22.672816	-9.314427	1409.529297	30.354498
-22.672816	-9.314427	1407.875000	21.243490
-22.672816	-9.314427	1406.220703	24.272949
-22.672816	-9.314427	1404.566406	25.784351
-22.672816	-9.314427	1402.910156	15.163938
-22.672816	-9.314427	1401.255859	24.256975
-22.672816	-9.314427	1399.599609	18.188738
-22.672816	-9.314427	1397.943359	18.184746
-22.672816	-9.314427	1396.287109	21.210878
-22.672816	-9.314427	1394.628906	19.691490
-22.672816	-9.314427	1392.970703	30.287947
-22.672816	-9.314427	1391.314453	24.225033
-22.672816	-9.314427	1389.656250	22.705978
-22.672816	-9.314427	1387.998047	19.674191
-22.672816	-9.314427	1386.337891	24.209064
-22.672816	-9.314427	1384.679688	21.178274
-22.672816	-9.314427	1383.019531	27.223223
-22.672816	-9.314427	1381.359375	28.729303
-22.672816	-9.314427	1379.699219	16.629095
-22.672816	-9.314427	1378.039063	18.136841
-22.672816	-9.314427	1376.376953	22.666061
-22.672816	-9.314427	1374.716797	19.639595
-22.672816	-9.314427	1373.054688	25.676893
-22.672816	-9.314427	1371.392578	18.120874
-22.672816	-9.314427	1369.728516	22.646105
-22.672816	-9.314427	1368.066406	27.169340
-22.672816	-9.314427	1366.402344	22.636129
-22.672816	-9.314427	1364.740234	19.613655
-22.672816	-9.314427	1363.076172	25.642973
-22.672816	-9.314427	1361.412109	21.113087
-22.672816	-9.314427	1359.746094	25.631666
-22.672816	-9.314427	1358.082031	21.103777
-22.672816	-9.314427	1356.416016	24.113281
-22.672816	-9.314427	1354.750000	16.574223
-22.672816	-9.314427	1353.083984	15.064151
-22.672816	-9.314427	1351.417969	16.566908
-22.672816	-9.314427	1349.750000	22.586252
-22.672816	-9.314427	1348.083984	21.075848
-22.672816	-9.314427	1346.416016	24.081364
-22.672816	-9.314427	1344.748047	25.580797
-22.672816	-9.314427	1343.078125	22.566305
-22.672816	-9.314427	1341.410156	27.073582
-22.672816	-9.314427	1339.740234	25.563843
-22.672816	-9.314427	1338.072266	34.578732
-22.672816	-9.314427	1336.402344	24.049450
-22.672816	-9.314427	1334.730469	19.535856
-22.672816	-9.314427	1333.060547	25.541239
-22.672816	-9.314427	1331.388672	13.518841
-22.672816	-9.314427	1329.718750	15.017611
-22.672816	-9.314427	1328.046875	19.518574
-22.672816	-9.314427	1326.375000	25.518639
-22.672816	-9.314427	1324.701172	25.512987
-22.672816	-9.314427	1323.029297	24.006907
-22.672816	-9.314427	1321.355469	27.001787
-22.672816	-9.314427	1319.681641	16.497437
-22.672816	-9.314427	1318.007813	17.993216
-22.672816	-9.314427	1316.333984	10.493716
-22.672816	-9.314427	1314.660156	13.488930
-22.672816	-9.314427	1312.984375	22.476564
-22.672816	-9.314427	1311.308594	25.467791
-22.672816	-9.314427	1309.632813	22.466597
-22.672816	-9.314427	1307.957031	25.456493
-22.672816	-9.314427	1306.279297	23.953735
-22.672816	-9.314427	1304.603516	20.954866
-22.672816	-9.314427	1302.925781	16.460884
-22.672816	-9.314427	1301.248047	22.441675
-22.672816	-9.314427	1299.570313	25.428249
-22.672816	-9.314427	1297.892578	25.422602
-22.672816	-9.314427	1296.212891	20.931608
-22.672816	-9.314427	1294.533203	25.411306
-22.672816	-9.314427	1292.853516	20.922306
-22.672816	-9.314427	1291.173828	26.894127
-22.672816	-9.314427	1289.494141	25.394361
-22.672816	-9.314427	1287.812500	23.895260
-22.672816	-9.314427	1286.132813	26.876188
-22.672816	-9.314427	1284.451172	28.362997
-22.672816	-9.314427	1282.769531	25.371771
-22.672816	-9.314427	1281.085938	28.350374
-22.672816	-9.314427	1279.404297	25.360477
-22.672816	-9.314427	1277.720703	23.863369
-22.672816	-9.314427	1276.039063	22.366926
-22.672816	-9.314427	1274.355469	19.380352
-22.672816	-9.314427	1272.669922	22.356960
-22.672816	-9.314427	1270.986328	25.332243
-22.672816	-9.314427	1269.300781	23.836796
-22.672816	-9.314427	1267.615234	25.320950
-22.672816	-9.314427	1265.929688	28.293573
-22.672816	-9.314427	1264.244141	28.287264
-22.672816	-9.314427	1262.558594	17.861654
-22.672816	-9.314427	1260.871094	20.833946
-22.672816	-9.314427	1259.185547	23.804911
-22.672816	-9.314427	1257.498047	25.287071
-22.672816	-9.314427	1255.808594	11.897141
-22.672816	-9.314427	1254.121094	16.354916
-22.672816	-9.314427	1252.433594	16.351263
-22.672816	-9.314427	1250.744141	22.292196
-22.672816	-9.314427	1249.054688	25.258842
-22.672816	-9.314427	1247.365234	23.767715
-22.672816	-9.314427	1245.673828	19.306952
-22.672816	-9.314427	1243.984375	13.363362
-22.672816	-9.314427	1242.292969	22.267288
-22.672816	-9.314427	1240.601563	31.167231
-22.672816	-9.314427	1238.910156	25.224970
-22.672816	-9.314427	1237.218750	22.252346
-22.672816	-9.314427	1235.525391	20.764208
-22.672816	-9.314427	1233.833984	22.242384
-22.672816	-9.314427	1232.140625	22.237404
-22.672816	-9.314427	1230.447266	26.678907
-22.672816	-9.314427	1228.753906	14.818295
-22.672816	-9.314427	1227.058594	13.333477
-22.672816	-9.314427	1225.365234	16.292820
-22.672816	-9.314427	1223.669922	20.731667
-22.672816	-9.314427	1221.974609	26.649025
-22.672816	-9.314427	1220.277344	31.083555
-22.672816	-9.314427	1218.582031	19.237885
-22.672816	-9.314427	1216.884766	25.151590
-22.672816	-9.314427	1215.189453	22.187599
-22.672816	-9.314427	1213.492188	19.224937
-22.672816	-9.314427	1211.792969	23.656149
-22.672816	-9.314427	1210.095703	20.694483
-22.672816	-9.314427	1208.396484	17.734144
-22.672816	-9.314427	1206.699219	20.685186
-22.672816	-9.314427	1205.000000	28.066446
-22.672816	-9.314427	1203.298828	20.675892
-22.672816	-9.314427	1201.599609	20.671244
-22.672816	-9.314427	1199.900391	13.285669
-22.672816	-9.314427	1198.199219	28.041216
-22.672816	-9.314427	1196.498047	22.132822
-22.672816	-9.314427	1194.796875	19.177464
-22.672816	-9.314427	1193.093750	19.173149
-22.672816	-9.314427	1191.392578	17.694307
-22.672816	-9.314427	1189.689453	19.164518
-22.672816	-9.314427	1187.986328	22.107927
-22.672816	-9.314427	1186.283203	25.050007
-22.672816	-9.314427	1184.580078	22.097969
-22.672816	-9.314427	1182.875000	19.147257
-22.672816	-9.314427	1181.169922	17.670408
-22.672816	-9.314427	1179.464844	19.138628
-22.672816	-9.314427	1177.759766	19.134314
-22.672816	-9.314427	1176.054688	23.544613
-22.672816	-9.314427	1174.347656	16.183270
-22.672816	-9.314427	1172.642578	13.237870
-22.672816	-9.314427	1170.935547	23.528681
-22.672816	-9.314427	1169.228516	19.112740
-22.672816	-9.314427	1167.519531	24.987940
-22.672816	-9.314427	1165.812500	23.512751
-22.672816	-9.314427	1164.103516	24.976656
-22.672816	-9.314427	1162.394531	22.033247
-22.672816	-9.314427	1160.685547	27.902473
-22.672816	-9.314427	1158.976563	32.300827
-22.672816	-9.314427	1157.265625	16.146763
-22.672816	-9.314427	1155.556641	19.078224
-22.672816	-9.314427	1153.845703	23.475580
-22.672816	-9.314427	1152.134766	16.135811
-22.672816	-9.314427	1150.423828	19.065281
-22.672816	-9.314427	1148.710938	13.196054
-22.672816	-9.314427	1146.998047	27.852032
-22.672816	-9.314427	1145.287109	26.380161
-22.672816	-9.314427	1143.572266	17.582792
-22.672816	-9.314427	1141.859375	23.438414
-22.672816	-9.314427	1140.146484	23.433105
-22.672816	-9.314427	1138.431641	16.106609
-22.672816	-9.314427	1136.716797	26.350298
-22.672816	-9.314427	1135.001953	21.953604
-22.672816	-9.314427	1133.287109	21.948626
-22.672816	-9.314427	1131.570313	23.406559
-22.672816	-9.314427	1129.855469	30.714142
-22.672816	-9.314427	1128.138672	24.858189
-22.672816	-9.314427	1126.421875	23.390633
-22.672816	-9.314427	1124.703125	20.462158
-22.672816	-9.314427	1122.986328	21.918764
-22.672816	-9.314427	1121.267578	24.835627
-22.672816	-9.314427	1119.548828	23.369398
-22.672816	-9.314427	1117.830078	23.364090
-22.672816	-9.314427	1116.111328	18.979010
-22.672816	-9.314427	1114.392578	17.515104
-22.672816	-9.314427	1112.671875	24.807426
-22.672816	-9.314427	1110.951172	18.966072
-22.672816	-9.314427	1109.230469	21.878952
-22.672816	-9.314427	1107.509766	21.873976
-22.672816	-9.314427	1105.787109	20.411066
-22.672816	-9.314427	1104.066406	20.406422
-22.672816	-9.314427	1102.343750	16.029968
-22.672816	-9.314427	1100.621094	24.767948
-22.672816	-9.314427	1098.896484	23.305702
-22.672816	-9.314427	1097.173828	14.562746
-22.672816	-9.314427	1095.449219	23.295086
-22.672816	-9.314427	1093.724609	21.834167
-22.672816	-9.314427	1092.000000	26.195030
-22.672816	-9.314427	1090.275391	17.459373
-22.672816	-9.314427	1088.550781	20.364626
-22.672816	-9.314427	1086.824219	17.451412
-22.672816	-9.314427	1085.097656	23.263243
-22.672816	-9.314427	1083.371094	24.711557
-22.672816	-9.314427	1081.644531	26.159208
-22.672816	-9.314427	1079.916016	24.700279
-22.672816	-9.314427	1078.189453	27.599894
-22.672816	-9.314427	1076.460938	21.784414
-22.672816	-9.314427	1074.732422	20.327477
-22.672816	-9.314427	1073.001953	23.226095
-22.672816	-9.314427	1071.273438	24.672089
-22.672816	-9.314427	1069.542969	26.117418
-22.672816	-9.314427	1067.812500	23.210176
-22.672816	-9.314427	1066.082031	20.304262
-22.672816	-9.314427	1064.351563	24.649536
-22.672816	-9.314427	1062.619141	21.744617
-22.672816	-9.314427	1060.888672	20.290333
-22.672816	-9.314427	1059.156250	27.530581
-22.672816	-9.314427	1057.421875	33.318863
-22.672816	-9.314427	1055.689453	20.276405
-22.672816	-9.314427	1053.957031	18.823780
-22.672816	-9.314427	1052.222656	14.476515
-22.672816	-9.314427	1050.488281	30.393717
-22.672816	-9.314427	1048.753906	30.386753
-22.672816	-9.314427	1047.019531	26.039820
-22.672816	-9.314427	1045.283203	27.480177
-22.672816	-9.314427	1043.546875	23.135897
-22.672816	-9.314427	1041.810547	23.130592
-22.672816	-9.314427	1040.074219	18.789295
-22.672816	-9.314427	1038.337891	20.229984
-22.672816	-9.314427	1036.599609	20.225342
-22.672816	-9.314427	1034.861328	15.887693
-22.672816	-9.314427	1033.123047	21.660063
-22.672816	-9.314427	1031.384766	21.655090
-22.672816	-9.314427	1029.646484	24.536800
-22.672816	-9.314427	1027.906250	21.645145
-22.672816	-9.314427	1026.167969	17.312138
-22.672816	-9.314427	1024.427734	28.846933
-22.672816	-9.314427	1022.685547	27.398287
-22.672816	-9.314427	1020.945313	24.508621
-22.672816	-9.314427	1019.203125	24.502987
-22.672816	-9.314427	1017.462891	20.174290
-22.672816	-9.314427	1015.720703	31.695162
-22.672816	-9.314427	1013.976563	33.128227
-22.672816	-9.314427	1012.234375	25.920473
-22.672816	-9.314427	1010.490234	31.673286
-22.672816	-9.314427	1008.746094	23.029814
-22.672816	-9.314427	1007.001953	28.780638
-22.672816	-9.314427	1005.257813	23.019207
-22.672816	-9.314427	1003.513672	25.890642
-22.672816	-9.314427	1001.767578	23.008602
-22.672816	-9.314427	1000.021484	20.127888
-22.672816	-9.314427	998.275391	24.435371
-22.672816	-9.314427	996.529297	28.740868
-22.672816	-9.314427	994.781250	31.607664
-22.672816	-9.314427	993.035156	27.291231
-22.672816	-9.314427	991.287109	34.465183
-22.672816	-9.314427	989.539063	30.150076
-22.672816	-9.314427	987.789063	35.884663
-22.672816	-9.314427	986.041016	35.876377
-22.672816	-9.314427	984.291016	32.998646
-22.672816	-9.314427	982.541016	37.294205
-22.672816	-9.314427	980.791016	34.417465
-22.672816	-9.314427	979.041016	38.710705
-22.672816	-9.314427	977.289063	44.435352
-22.672816	-9.314427	975.537109	42.992016
-22.672816	-9.314427	973.785156	37.251133
-22.672816	-9.314427	972.033203	37.242519
-22.672816	-9.314427	970.281250	32.937683
-22.672816	-9.314427	968.527344	38.657032
-22.672816	-9.314427	966.773438	35.785267
-22.672816	-9.314427	965.019531	32.914825
-22.672816	-9.314427	963.265625	45.783943
-22.672816	-9.314427	961.511719	25.747505
-22.672816	-9.314427	959.755859	34.322056
-22.672816	-9.314427	958.000000	32.884354
-22.672816	-9.314427	956.244141	47.170967
-22.672816	-9.314427	954.488281	34.298210
-22.672816	-9.314427	952.730469	40.005302
-22.672816	-9.314427	950.974609	38.567600
-22.672816	-9.314427	949.216797	38.558659
-22.672816	-9.314427	947.458984	35.694180
-22.672816	-9.314427	945.701172	31.403593
-22.672816	-9.314427	943.941406	41.386044
-22.672816	-9.314427	942.181641	35.669346
-22.672816	-9.314427	940.421875	48.499050
-22.672816	-9.314427	938.662109	27.096119
-22.672816	-9.314427	936.902344	34.218727
-22.672816	-9.314427	935.140625	32.785332
-22.672816	-9.314427	933.380859	32.777718
-22.672816	-9.314427	931.619141	21.371805
-22.672816	-9.314427	929.855469	32.762489
-22.672816	-9.314427	928.093750	21.361874
-22.672816	-9.314427	926.330078	29.899672
-22.672816	-9.314427	924.568359	27.045794
-22.672816	-9.314427	922.804688	18.500713
-22.672816	-9.314427	921.039063	18.496408
-22.672816	-9.314427	919.275391	25.604454
-22.672816	-9.314427	917.509766	22.754219
-22.672816	-9.314427	915.744141	27.014345
-22.672816	-9.314427	913.978516	34.115440
-22.672816	-9.314427	912.212891	24.159477
-22.672816	-9.314427	910.447266	17.049776
-22.672816	-9.314427	908.679688	31.250643
-22.672816	-9.314427	906.912109	21.302292
-22.672816	-9.314427	905.144531	24.136972
-22.672816	-9.314427	903.375000	22.711855
-22.672816	-9.314427	901.607422	26.964041
-22.672816	-9.314427	899.837891	28.376583
-22.672816	-9.314427	898.068359	31.206961
-22.672816	-9.314427	896.298828	21.272511
-22.672816	-9.314427	894.529297	22.685385
-22.672816	-9.314427	892.757813	29.767618
-22.672816	-9.314427	890.986328	29.760672
-22.672816	-9.314427	889.214844	26.920036
-22.672816	-9.314427	887.443359	25.497236
-22.672816	-9.314427	885.669922	29.739830
-22.672816	-9.314427	883.898438	24.069477
-22.672816	-9.314427	882.125000	16.986250
-22.672816	-9.314427	880.351563	31.134180
-22.672816	-9.314427	878.578125	29.712044
-22.672816	-9.314427	876.802734	18.388870
-22.672816	-9.314427	875.027344	24.041361
-22.672816	-9.314427	873.251953	26.863474
-22.672816	-9.314427	871.476563	22.616581
-22.672816	-9.314427	869.701172	22.611290
-22.672816	-9.314427	867.923828	24.018873
-22.672816	-9.314427	866.146484	19.775620
-22.672816	-9.314427	864.369141	28.244272
-22.672816	-9.314427	862.591797	25.413893
-22.672816	-9.314427	860.814453	19.761732
-22.672816	-9.314427	859.035156	22.579548
-22.672816	-9.314427	857.255859	31.039604
-22.672816	-9.314427	855.476563	25.390089
-22.672816	-9.314427	853.697266	26.794369
-22.672816	-9.314427	851.916016	26.788090
-22.672816	-9.314427	850.136719	25.372240
-22.672816	-9.314427	848.355469	22.547813
-22.672816	-9.314427	846.574219	22.542526
-22.672816	-9.314427	844.791016	23.945814
-22.672816	-9.314427	843.009766	32.389679
-22.672816	-9.314427	841.226563	26.750412
-22.672816	-9.314427	839.443359	26.744133
-22.672816	-9.314427	837.660156	21.108831
-22.672816	-9.314427	835.875000	21.103876
-22.672816	-9.314427	834.091797	22.505514
-22.672816	-9.314427	832.306641	29.531549
-22.672816	-9.314427	830.521484	19.683075
-22.672816	-9.314427	828.734375	23.895260
-22.672816	-9.314427	826.949219	22.484371
-22.672816	-9.314427	825.162109	23.884027
-22.672816	-9.314427	823.375000	19.664576
-22.672816	-9.314427	821.587891	21.064234
-22.672816	-9.314427	819.800781	22.463230
-22.672816	-9.314427	818.011719	29.476055
-22.672816	-9.314427	816.222656	22.452663
-22.672816	-9.314427	814.433594	22.447378
-22.672816	-9.314427	812.644531	21.039465
-22.672816	-9.314427	810.855469	21.034512
-22.672816	-9.314427	809.064453	15.421677
-22.672816	-9.314427	807.273438	23.827887
-22.672816	-9.314427	805.482422	23.822275
-22.672816	-9.314427	803.691406	18.212742
-22.672816	-9.314427	801.898438	25.211700
-22.672816	-9.314427	800.107422	28.006399
-22.672816	-9.314427	798.314453	22.399837
-22.672816	-9.314427	796.521484	23.794216
-22.672816	-9.314427	794.726563	22.389277
-22.672816	-9.314427	792.933594	19.585997
-22.672816	-9.314427	791.138672	15.385366
-22.672816	-9.314427	789.343750	19.576756
-22.672816	-9.314427	787.546875	20.970146
-22.672816	-9.314427	785.751953	27.953596
-22.672816	-9.314427	783.955078	23.754948
-22.672816	-9.314427	782.158203	16.764240
-22.672816	-9.314427	780.361328	25.140421
-22.672816	-9.314427	778.564453	33.512646
-22.672816	-9.314427	776.765625	20.940454
-22.672816	-9.314427	774.968750	33.496811
-22.672816	-9.314427	773.169922	26.512043
-22.672816	-9.314427	771.369141	20.925613
-22.672816	-9.314427	769.570313	20.920666
-22.672816	-9.314427	767.769531	23.704483
-22.672816	-9.314427	765.970703	26.486980
-22.672816	-9.314427	764.167969	22.299551
-22.672816	-9.314427	762.367188	26.474451
-22.672816	-9.314427	760.566406	25.075125
-22.672816	-9.314427	758.763672	32.032856
-22.672816	-9.314427	756.960938	33.417679
-22.672816	-9.314427	755.158203	29.233545
-22.672816	-9.314427	753.353516	32.010113
-22.672816	-9.314427	751.550781	29.219704
-22.672816	-9.314427	749.746094	26.430613
-22.672816	-9.314427	747.941406	27.815107
-22.672816	-9.314427	746.136719	34.760647
-22.672816	-9.314427	744.330078	29.192024
-22.672816	-9.314427	742.523438	26.405571
-22.672816	-9.314427	740.718750	33.346500
-22.672816	-9.314427	738.910156	33.338593
-22.672816	-9.314427	737.103516	23.609238
-22.672816	-9.314427	735.294922	29.157434
-22.672816	-9.314427	733.488281	27.762398
-22.672816	-9.314427	731.679688	23.592440
-22.672816	-9.314427	729.869141	23.586842
-22.672816	-9.314427	728.060547	27.742640
-22.672816	-9.314427	726.250000	27.736055
-22.672816	-9.314427	724.439453	20.797102
-22.672816	-9.314427	722.628906	34.653606
-22.672816	-9.314427	720.818359	31.873749
-22.672816	-9.314427	719.005859	29.095205
-22.672816	-9.314427	717.195313	23.547667
-22.672816	-9.314427	715.382813	22.157244
-22.672816	-9.314427	713.568359	29.074471
-22.672816	-9.314427	711.755859	26.299221
-22.672816	-9.314427	709.941406	23.525290
-22.672816	-9.314427	708.126953	26.286718
-22.672816	-9.314427	706.312500	20.747738
-22.672816	-9.314427	704.498047	26.274218
-22.672816	-9.314427	702.681641	22.120394
-22.672816	-9.314427	700.867188	19.350739
-22.672816	-9.314427	699.050781	30.401070
-22.672816	-9.314427	697.232422	19.341532
-22.672816	-9.314427	695.416016	26.242973
-22.672816	-9.314427	693.597656	23.474964
-22.672816	-9.314427	691.779297	22.088823
-22.672816	-9.314427	689.960938	28.984676
-22.672816	-9.314427	688.142578	22.078304
-22.672816	-9.314427	686.324219	22.073044
-22.672816	-9.314427	684.503906	26.205496
-22.672816	-9.314427	682.683594	19.304710
-22.672816	-9.314427	680.863281	28.950165
-22.672816	-9.314427	679.041016	24.808514
-22.672816	-9.314427	677.218750	26.180521
-22.672816	-9.314427	675.398438	19.286310
-22.672816	-9.314427	673.576172	22.036242
-22.672816	-9.314427	671.751953	24.784859
-22.672816	-9.314427	669.929688	23.402338
-22.672816	-9.314427	668.105469	28.901875
-22.672816	-9.314427	666.281250	27.519026
-22.672816	-9.314427	664.457031	27.512459
-22.672816	-9.314427	662.630859	24.755302
-22.672816	-9.314427	660.806641	26.124359
-22.672816	-9.314427	658.980469	27.492760
-22.672816	-9.314427	657.154297	34.357742
-22.672816	-9.314427	655.326172	30.227592
-22.672816	-9.314427	653.500000	30.220371
-22.672816	-9.314427	651.671875	31.586477
-22.672816	-9.314427	649.843750	30.205933
-22.672816	-9.314427	648.015625	26.080708
-22.672816	-9.314427	646.185547	34.308521
-22.672816	-9.314427	644.357422	32.928307
-22.672816	-9.314427	642.527344	37.035488
-22.672816	-9.314427	640.697266	35.655273
-22.672816	-9.314427	638.865234	30.162632
-22.672816	-9.314427	637.035156	35.638222
-22.672816	-9.314427	635.203125	41.111187
-22.672816	-9.314427	633.371094	32.881081
-22.672816	-9.314427	631.539063	30.133780
-22.672816	-9.314427	629.705078	34.234737
-22.672816	-9.314427	627.873047	34.226543
-22.672816	-9.314427	626.039063	31.480881
-22.672816	-9.314427	624.203125	31.473345
-22.672816	-9.314427	622.369141	28.729650
-22.672816	-9.314427	620.535156	43.768032
-22.672816	-9.314427	618.699219	36.920429
-22.672816	-9.314427	616.863281	45.114162
-22.672816	-9.314427	615.025391	36.902744
-22.672816	-9.314427	613.189453	30.061697
-22.672816	-9.314427	611.351563	27.322266
-22.672816	-9.314427	609.513672	27.315716
-22.672816	-9.314427	607.675781	31.405544
-22.672816	-9.314427	605.837891	35.493408
-22.672816	-9.314427	603.998047	27.296074
-22.672816	-9.314427	602.158203	34.111912
-22.672816	-9.314427	600.318359	32.739578
-22.672816	-9.314427	598.478516	35.459370
-22.672816	-9.314427	596.636719	29.996883
-22.672816	-9.314427	594.796875	36.805523
-22.672816	-9.314427	592.955078	38.159534
-22.672816	-9.314427	591.111328	32.700321
-22.672816	-9.314427	589.269531	23.157167
-22.672816	-9.314427	587.425781	28.599045
-22.672816	-9.314427	585.583984	36.761372
-22.672816	-9.314427	583.738281	23.140491
-22.672816	-9.314427	581.894531	32.661083
-22.672816	-9.314427	580.050781	27.211031
-22.672816	-9.314427	578.205078	25.844271
-22.672816	-9.314427	576.359375	24.478163
-22.672816	-9.314427	574.513672	28.550995
-22.672816	-9.314427	572.666016	28.544134
-22.672816	-9.314427	570.818359	21.742685
-22.672816	-9.314427	568.970703	25.813232
-22.672816	-9.314427	567.123047	21.732233
-22.672816	-9.314427	565.275391	32.590511
-22.672816	-9.314427	563.425781	17.648949
-22.672816	-9.314427	561.576172	27.145699
-22.672816	-9.314427	559.726563	31.210045
-22.672816	-9.314427	557.876953	23.062746
-22.672816	-9.314427	556.027344	28.482420
-22.672816	-9.314427	554.175781	28.475567
-22.672816	-9.314427	552.324219	24.401756
-22.672816	-9.314427	550.472656	24.395884
-22.672816	-9.314427	548.619141	27.100012
-22.672816	-9.314427	546.767578	27.093489
-22.672816	-9.314427	544.914063	32.504360
-22.672816	-9.314427	543.060547	29.788488
-22.672816	-9.314427	541.205078	39.257187
-22.672816	-9.314427	539.351563	43.307842
-22.672816	-9.314427	537.496094	36.532192
-22.672816	-9.314427	535.640625	39.228828
-22.672816	-9.314427	533.785156	52.743301
-22.672816	-9.314427	531.927734	55.434727
-22.672816	-9.314427	530.070313	56.773109
-22.672816	-9.314427	528.212891	81.084892
-22.672816	-9.314427	526.355469	124.300209
-22.672816	-9.314427	524.498047	201.263763
-22.672816	-9.314427	522.638672	397.028748
-22.672816	-9.314427	520.779297	599.449890
-22.672816	-9.314427	518.919922	441.380280
-22.672816	-9.314427	517.060547	221.311646
-22.672816	-9.314427	515.199219	145.706665
-22.672816	-9.314427	513.339844	84.975052
-22.672816	-9.314427	511.478516	75.515160
-22.672816	-9.314427	509.615234	68.756142
-22.672816	-9.314427	507.753906	62.000381
-22.672816	-9.314427	505.890625	64.680435
-22.672816	-9.314427	504.027344	57.928909
-22.672816	-9.314427	502.164063	76.770950
-22.672816	-9.314427	500.300781	53.861347
-22.672816	-9.314427	498.435547	63.271805
-22.672816	-9.314427	496.570313	52.489460
-22.672816	-9.314427	494.705078	56.513462
-22.672816	-9.314427	492.839844	68.606918
-22.672816	-9.314427	490.972656	56.486172
-22.672816	-9.314427	489.107422	55.127945
-22.672816	-9.314427	487.240234	55.114628
-22.672816	-9.314427	485.371094	49.725574
-22.672816	-9.314427	483.503906	53.744392
-22.672816	-9.314427	481.634766	49.701550
-22.672816	-9.314427	479.765625	41.631779
-22.672816	-9.314427	477.896484	42.964352
-22.672816	-9.314427	476.027344	45.638592
-22.672816	-9.314427	474.156250	40.259613
-22.672816	-9.314427	472.285156	33.541565
-22.672816	-9.314427	470.414063	40.240150
-22.672816	-9.314427	468.542969	38.889408
-22.672816	-9.314427	466.669922	32.176556
-22.672816	-9.314427	464.796875	40.210968
-22.672816	-9.314427	462.923828	28.140869
-22.672816	-9.314427	461.050781	32.153214
-22.672816	-9.314427	459.177734	28.127258
-22.672816	-9.314427	457.302734	30.798592
-22.672816	-9.314427	455.427734	28.113651
-22.672816	-9.314427	453.552734	32.122112
-22.672816	-9.314427	451.675781	33.452438
-22.672816	-9.314427	449.800781	26.755474
-22.672816	-9.314427	447.923828	29.423899
-22.672816	-9.314427	446.046875	28.079651
-22.672816	-9.314427	444.169922	36.093670
-22.672816	-9.314427	442.291016	38.757893
-22.672816	-9.314427	440.412109	36.076199
-22.672816	-9.314427	438.533203	32.059967
-22.672816	-9.314427	436.654297	29.381187
-22.672816	-9.314427	434.773438	22.698147
-22.672816	-9.314427	432.894531	28.032099
-22.672816	-9.314427	431.013672	29.359848
-22.672816	-9.314427	429.130859	28.018520
-22.672816	-9.314427	427.250000	30.679518
-22.672816	-9.314427	425.367188	26.671379
-22.672816	-9.314427	423.484375	29.331411
-22.672816	-9.314427	421.601563	33.323074
-22.672816	-9.314427	419.718750	29.317200
-22.672816	-9.314427	417.833984	26.645540
-22.672816	-9.314427	415.949219	39.958626
-22.672816	-9.314427	414.064453	27.964260
-22.672816	-9.314427	412.179688	23.963556
-22.672816	-9.314427	410.294922	33.274651
-22.672816	-9.314427	408.408203	34.597248
-22.672816	-9.314427	406.521484	25.276476
-22.672816	-9.314427	404.634766	41.230568
-22.672816	-9.314427	402.746094	39.890873
-22.672816	-9.314427	400.857422	62.480553
-22.672816	-9.314427	398.968750	73.097809
-22.672816	-9.314427	397.080078	86.367371
-22.672816	-9.314427	395.191406	78.375984
-22.672816	-9.314427	393.300781	77.028893
-22.672816	-9.314427	391.410156	74.354691
-22.672816	-9.314427	389.519531	65.044571
-22.672816	-9.314427	387.628906	63.701675
-22.672816	-9.314427	385.736328	62.359425
-22.672816	-9.314427	383.843750	55.711926
-22.672816	-9.314427	381.951172	54.372257
-22.672816	-9.314427	380.058594	45.078247
-22.672816	-9.314427	378.164063	71.577492
-22.672816	-9.314427	376.271484	78.186066
-22.672816	-9.314427	374.376953	88.766014
-22.672816	-9.314427	372.480469	71.525398
-22.672816	-9.314427	370.585938	60.914253
-22.672816	-9.314427	368.689453	55.603863
-22.672816	-9.314427	366.792969	50.296047
-22.672816	-9.314427	364.896484	46.314064
-22.672816	-9.314427	363.000000	60.855133
-22.672816	-9.314427	361.101563	55.549896
-22.672816	-9.314427	359.203125	48.924931
-22.672816	-9.314427	357.304688	44.947132
-22.672816	-9.314427	355.406250	51.544483
-22.672816	-9.314427	353.505859	51.531971
-22.672816	-9.314427	351.605469	58.124516
-22.672816	-9.314427	349.705078	50.186256
-22.672816	-9.314427	347.804688	47.533329
-22.672816	-9.314427	345.902344	58.082180
-22.672816	-9.314427	344.001953	48.829971
-22.672816	-9.314427	342.099609	48.818111
-22.672816	-9.314427	340.195313	44.848991
-22.672816	-9.314427	338.292969	43.519329
-22.672816	-9.314427	336.388672	34.279629
-22.672816	-9.314427	334.484375	46.134445
-22.672816	-9.314427	332.580078	51.394466
-22.672816	-9.314427	330.675781	38.207115
-22.672816	-9.314427	328.769531	36.880665
-22.672816	-9.314427	326.863281	43.455936
-22.672816	-9.314427	324.957031	35.546219
-22.672816	-9.314427	323.048828	38.169998
-22.672816	-9.314427	321.142578	36.844837
-22.672816	-9.314427	319.234375	32.889183
-22.672816	-9.314427	317.326172	32.881191
-22.672816	-9.314427	315.417969	32.873199
-22.672816	-9.314427	313.507813	38.123646
-22.672816	-9.314427	311.597656	36.800091
-22.672816	-9.314427	309.687500	30.221300
-22.672816	-9.314427	307.777344	34.154907
-22.672816	-9.314427	305.865234	34.146606
-22.672816	-9.314427	303.955078	32.825294
-22.672816	-9.314427	302.042969	42.006165
-22.672816	-9.314427	300.128906	39.371208
-22.672816	-9.314427	298.216797	32.801365
-22.672816	-9.314427	296.302734	36.728600
-22.672816	-9.314427	294.388672	35.408257
-22.672816	-9.314427	292.474609	34.088551
-22.672816	-9.314427	290.560547	44.566502
-22.672816	-9.314427	288.644531	45.866127
-22.672816	-9.314427	286.728516	52.405689
-22.672816	-9.314427	284.812500	44.534008
-22.672816	-9.314427	282.896484	53.689716
-22.672816	-9.314427	280.978516	51.058292
-22.672816	-9.314427	279.060547	57.590221
-22.672816	-9.314427	277.142578	68.044624
-22.672816	-9.314427	275.224609	54.945759
-22.672816	-9.314427	273.304688	66.703629
-22.672816	-9.314427	271.384766	58.841835
-22.672816	-9.314427	269.464844	96.738602
-22.672816	-9.314427	267.544922	108.477730
-22.672816	-9.314427	265.623047	124.131073
-22.672816	-9.314427	263.703125	206.399368
-22.672816	-9.314427	261.781250	306.911774
-22.672816	-9.314427	259.857422	323.811127
-22.672816	-9.314427	257.935547	257.158386
-22.672816	-9.314427	256.011719	250.570587
-22.672816	-9.314427	254.087891	273.994934
-22.672816	-9.314427	252.164063	683.516418
-22.672816	-9.314427	250.240234	1876.604858
-22.672816	-9.314427	248.314453	1847.465332
-22.672816	-9.314427	246.388672	802.937134
-22.672816	-9.314427	244.462891	380.520508
-22.672816	-9.314427	242.535156	231.904739
-22.672816	-9.314427	240.609375	181.050110
-22.672816	-9.314427	238.681641	160.170853
-22.672816	-9.314427	236.753906	140.603638
-22.672816	-9.314427	234.824219	115.839638
-22.672816	-9.314427	232.896484	94.991432
-22.672816	-9.314427	230.966797	83.259911
-22.672816	-9.314427	229.037109	79.337807
-22.672816	-9.314427	227.107422	75.417610
-22.672816	-9.314427	225.175781	87.099159
-22.672816	-9.314427	223.244141	79.279953
-22.672816	-9.314427	221.312500	80.560036
-22.672816	-9.314427	219.380859	93.530838
-22.672816	-9.314427	217.447266	89.611931
-22.672816	-9.314427	215.515625	77.904472
-22.672816	-9.314427	213.582031	66.202705
-22.672816	-9.314427	211.646484	62.293278
-22.672816	-9.314427	209.712891	63.575596
-22.672816	-9.314427	207.777344	59.668701
-22.672816	-9.314427	205.841797	54.466877
-22.672816	-9.314427	203.906250	51.860603
-22.672816	-9.314427	201.968750	38.885998
-22.672816	-9.314427	200.033203	41.468315
-22.672816	-9.314427	198.095703	34.980385
-22.672816	-9.314427	196.158203	33.676628
-22.672816	-9.314427	194.218750	28.488682
-22.672816	-9.314427	192.281250	23.303255
-22.672816	-9.314427	190.341797	32.357765
-22.672816	-9.314427	188.402344	27.173918
-22.672816	-9.314427	186.460938	28.460995
-22.672816	-9.314427	184.521484	24.573977
-22.672816	-9.314427	182.580078	24.568003
-22.672816	-9.314427	180.638672	31.025726
-22.672816	-9.314427	178.695313	23.263639
-22.672816	-9.314427	176.753906	27.134317
-22.672816	-9.314427	174.810547	19.376945
-22.672816	-9.314427	172.867188	25.829649
-22.672816	-9.314427	170.921875	24.532204
-22.672816	-9.314427	168.978516	23.235388
-22.672816	-9.314427	167.033203	32.263531
-22.672816	-9.314427	165.087891	23.224098
-22.672816	-9.314427	163.142578	32.247856
-22.672816	-9.314427	161.195313	45.136032
-22.672816	-9.314427	159.248047	36.100052
-22.672816	-9.314427	157.300781	34.802307
-22.672816	-9.314427	155.353516	33.505192
-22.672816	-9.314427	153.406250	25.766966
-22.672816	-9.314427	151.457031	43.793201
-22.672816	-9.314427	149.507813	45.070286
-22.672816	-9.314427	147.558594	32.185242
-22.672816	-9.314427	145.607422	38.612911
-22.672816	-9.314427	143.658203	56.618519
-22.672816	-9.314427	141.707031	59.177711
-22.672816	-9.314427	139.753906	61.735661
-22.672816	-9.314427	137.802734	74.579147
-22.672816	-9.314427	135.849609	74.561035
-22.672816	-9.314427	133.896484	57.835037
-22.672816	-9.314427	131.943359	65.530464
-22.672816	-9.314427	129.990234	50.099365
-22.672816	-9.314427	128.035156	48.802914
-22.672816	-9.314427	126.080078	55.210945
-22.672816	-9.314427	124.125000	52.630219
-22.672816	-9.314427	122.169922	48.767387
-22.672816	-9.314427	120.212891	46.189468
-22.672816	-9.314427	118.255859	60.288284
-22.672816	-9.314427	116.298828	50.014309
-22.672816	-9.314427	114.341797	42.309532
-22.672816	-9.314427	112.382813	38.453876
-22.672816	-9.314427	110.423828	39.726032
-22.672816	-9.314427	108.464844	32.029350
-22.672816	-9.314427	106.505859	23.055538
-22.672816	-9.314427	104.544922	24.330500
-22.672816	-9.314427	102.585938	11.522178
-22.672816	-9.314427	100.625000	5.119726
-22.672816	-9.314427	98.662109	7.677726
-22.672816	-9.314427	96.701172	6.396554
-22.672816	-9.314427	94.738281	3.837002
-22.672816	-9.314427	92.775391	3.836071
-22.672816	-9.314427	90.812500	1.278380
-22.672816	-9.314427	88.847656	2.556141
-22.672816	-9.314427	86.882813	2.555521
-22.672816	-9.314427	84.917969	0.000000
-22.672816	-9.314427	82.953125	1.277141
-22.672816	-9.314427	80.988281	2.553664
-22.672816	-9.314427	79.021484	3.829567
-22.672816	-9.314427	77.054688	-1.276213
-22.672816	-9.314427	75.087891	3.827712
-22.672816	-9.314427	73.119141	1.275595
-22.672816	-9.314427	71.152344	1.275286
-22.672816	-9.314427	69.183594	5.099907
-22.672816	-9.314427	67.212891	3.824004
-22.672816	-9.314427	65.244141	0.000000
-22.672816	-9.314427	63.273438	1.274051
-22.672816	-9.314427	61.302734	2.547484
-22.672816	-9.314427	59.332031	0.000000
-19.672816	-9.314427	1838.626953	24.107229
-19.672816	-9.314427	1837.066406	14.464337
-19.672816	-9.314427	1835.503906	24.102098
-19.672816	-9.314427	1833.941406	19.277576
-19.672816	-9.314427	1832.378906	27.304089
-19.672816	-9.314427	1830.816406	24.086716
-19.672816	-9.314427	1829.251953	30.503347
-19.672816	-9.314427	1827.687500	20.866270
-19.672816	-9.314427	1826.125000	20.861830
-19.672816	-9.314427	1824.560547	27.275047
-19.672816	-9.314427	1822.994141	22.457024
-19.672816	-9.314427	1821.429688	17.641048
-19.672816	-9.314427	1819.865234	19.240685
-19.672816	-9.314427	1818.298828	22.442688
-19.672816	-9.314427	1816.732422	24.040619
-19.672816	-9.314427	1815.166016	30.444969
-19.672816	-9.314427	1813.599609	25.632412
-19.672816	-9.314427	1812.033203	25.626957
-19.672816	-9.314427	1810.464844	27.222845
-19.672816	-9.314427	1808.896484	27.217051
-19.672816	-9.314427	1807.330078	27.211256
-19.672816	-9.314427	1805.759766	24.004820
-19.672816	-9.314427	1804.191406	19.199768
-19.672816	-9.314427	1802.623047	22.394960
-19.672816	-9.314427	1801.052734	23.989491
-19.672816	-9.314427	1799.484375	19.187508
-19.672816	-9.314427	1797.914063	23.979277
-19.672816	-9.314427	1796.343750	22.375893
-19.672816	-9.314427	1794.771484	28.762878
-19.672816	-9.314427	1793.201172	19.171169
-19.672816	-9.314427	1791.628906	19.167086
-19.672816	-9.314427	1790.058594	25.550673
-19.672816	-9.314427	1788.486328	22.352077
-19.672816	-9.314427	1786.914063	25.539789
-19.672816	-9.314427	1785.339844	19.150763
-19.672816	-9.314427	1783.767578	27.124468
-19.672816	-9.314427	1782.193359	23.928255
-19.672816	-9.314427	1780.621094	15.948772
-19.672816	-9.314427	1779.046875	23.918062
-19.672816	-9.314427	1777.470703	23.912966
-19.672816	-9.314427	1775.896484	27.095589
-19.672816	-9.314427	1774.322266	22.309259
-19.672816	-9.314427	1772.746094	30.270401
-19.672816	-9.314427	1771.169922	23.892593
-19.672816	-9.314427	1769.593750	22.295000
-19.672816	-9.314427	1768.017578	17.513767
-19.672816	-9.314427	1766.441406	15.918214
-19.672816	-9.314427	1764.863281	28.646677
-19.672816	-9.314427	1763.287109	22.276001
-19.672816	-9.314427	1761.708984	17.498840
-19.672816	-9.314427	1760.130859	22.266504
-19.672816	-9.314427	1758.552734	22.261757
-19.672816	-9.314427	1756.972656	30.205944
-19.672816	-9.314427	1755.394531	31.788952
-19.672816	-9.314427	1753.814453	30.193066
-19.672816	-9.314427	1752.234375	25.420317
-19.672816	-9.314427	1750.654297	28.591759
-19.672816	-9.314427	1749.074219	28.585661
-19.672816	-9.314427	1747.492188	23.816303
-19.672816	-9.314427	1745.912109	20.636395
-19.672816	-9.314427	1744.330078	25.393221
-19.672816	-9.314427	1742.748047	22.214329
-19.672816	-9.314427	1741.166016	19.036791
-19.672816	-9.314427	1739.583984	17.446669
-19.672816	-9.314427	1738.000000	30.128727
-19.672816	-9.314427	1736.417969	20.609993
-19.672816	-9.314427	1734.833984	22.190641
-19.672816	-9.314427	1733.250000	20.601198
-19.672816	-9.314427	1731.666016	28.518648
-19.672816	-9.314427	1730.082031	23.760468
-19.672816	-9.314427	1728.496094	20.588011
-19.672816	-9.314427	1726.912109	28.500391
-19.672816	-9.314427	1725.326172	31.660341
-19.672816	-9.314427	1723.740234	25.322865
-19.672816	-9.314427	1722.154297	26.899799
-19.672816	-9.314427	1720.566406	31.640064
-19.672816	-9.314427	1718.980469	30.051643
-19.672816	-9.314427	1717.392578	23.719915
-19.672816	-9.314427	1715.804688	23.714849
-19.672816	-9.314427	1714.216797	20.548479
-19.672816	-9.314427	1712.628906	20.544088
-19.672816	-9.314427	1711.041016	23.699654
-19.672816	-9.314427	1709.451172	23.694592
-19.672816	-9.314427	1707.861328	20.530924
-19.672816	-9.314427	1706.271484	22.105501
-19.672816	-9.314427	1704.681641	23.679405
-19.672816	-9.314427	1703.091797	23.674343
-19.672816	-9.314427	1701.501953	15.779523
-19.672816	-9.314427	1699.910156	20.508995
-19.672816	-9.314427	1698.318359	23.659166
-19.672816	-9.314427	1696.726563	23.654108
-19.672816	-9.314427	1695.134766	36.261875
-19.672816	-9.314427	1693.542969	25.220259
-19.672816	-9.314427	1691.949219	26.790794
-19.672816	-9.314427	1690.357422	20.482697
-19.672816	-9.314427	1688.763672	31.505100
-19.672816	-9.314427	1687.169922	22.048853
-19.672816	-9.314427	1685.576172	29.917042
-19.672816	-9.314427	1683.982422	26.762154
-19.672816	-9.314427	1682.386719	25.182520
-19.672816	-9.314427	1680.791016	22.029989
-19.672816	-9.314427	1679.195313	25.171741
-19.672816	-9.314427	1677.599609	25.166355
-19.672816	-9.314427	1676.003906	37.741451
-19.672816	-9.314427	1674.408203	20.438910
-19.672816	-9.314427	1672.810547	22.006422
-19.672816	-9.314427	1671.214844	26.716362
-19.672816	-9.314427	1669.617188	21.996998
-19.672816	-9.314427	1668.019531	26.704920
-19.672816	-9.314427	1666.419922	23.558117
-19.672816	-9.314427	1664.822266	25.123276
-19.672816	-9.314427	1663.222656	26.687763
-19.672816	-9.314427	1661.623047	23.542980
-19.672816	-9.314427	1660.023438	28.245523
-19.672816	-9.314427	1658.423828	20.395174
-19.672816	-9.314427	1656.824219	25.096373
-19.672816	-9.314427	1655.222656	18.818245
-19.672816	-9.314427	1653.623047	20.382061
-19.672816	-9.314427	1652.021484	14.107633
-19.672816	-9.314427	1650.419922	23.507681
-19.672816	-9.314427	1648.818359	25.069483
-19.672816	-9.314427	1647.214844	26.630613
-19.672816	-9.314427	1645.613281	28.191072
-19.672816	-9.314427	1644.009766	29.750860
-19.672816	-9.314427	1642.406250	28.178978
-19.672816	-9.314427	1640.802734	29.738096
-19.672816	-9.314427	1639.199219	21.907579
-19.672816	-9.314427	1637.593750	17.209404
-19.672816	-9.314427	1635.990234	23.462332
-19.672816	-9.314427	1634.384766	25.021116
-19.672816	-9.314427	1632.779297	14.071357
-19.672816	-9.314427	1631.173828	28.136671
-19.672816	-9.314427	1629.568359	25.005003
-19.672816	-9.314427	1627.960938	23.437157
-19.672816	-9.314427	1626.353516	17.183558
-19.672816	-9.314427	1624.748047	17.179865
-19.672816	-9.314427	1623.140625	20.299116
-19.672816	-9.314427	1621.531250	15.611350
-19.672816	-9.314427	1619.923828	28.094391
-19.672816	-9.314427	1618.314453	29.648819
-19.672816	-9.314427	1616.707031	21.841803
-19.672816	-9.314427	1615.097656	21.837107
-19.672816	-9.314427	1613.488281	20.272955
-19.672816	-9.314427	1611.878906	28.064209
-19.672816	-9.314427	1610.267578	20.264236
-19.672816	-9.314427	1608.656250	24.935236
-19.672816	-9.314427	1607.046875	29.604223
-19.672816	-9.314427	1605.435547	24.924509
-19.672816	-9.314427	1603.824219	26.476595
-19.672816	-9.314427	1602.210938	17.128227
-19.672816	-9.314427	1600.599609	28.021976
-19.672816	-9.314427	1598.986328	17.120855
-19.672816	-9.314427	1597.373047	24.897703
-19.672816	-9.314427	1595.759766	20.225029
-19.672816	-9.314427	1594.146484	29.553293
-19.672816	-9.314427	1592.533203	17.106117
-19.672816	-9.314427	1590.917969	17.102432
-19.672816	-9.314427	1589.302734	21.762043
-19.672816	-9.314427	1587.687500	20.203259
-19.672816	-9.314427	1586.072266	17.091383
-19.672816	-9.314427	1584.457031	21.747980
-19.672816	-9.314427	1582.839844	27.955664
-19.672816	-9.314427	1581.224609	26.396881
-19.672816	-9.314427	1579.607422	23.286345
-19.672816	-9.314427	1577.990234	23.281324
-19.672816	-9.314427	1576.373047	24.828056
-19.672816	-9.314427	1574.755859	21.719866
-19.672816	-9.314427	1573.136719	21.715179
-19.672816	-9.314427	1571.517578	23.261246
-19.672816	-9.314427	1569.898438	26.357058
-19.672816	-9.314427	1568.279297	24.801289
-19.672816	-9.314427	1566.660156	20.146698
-19.672816	-9.314427	1565.041016	21.691763
-19.672816	-9.314427	1563.419922	20.138002
-19.672816	-9.314427	1561.798828	20.133654
-19.672816	-9.314427	1560.177734	18.580898
-19.672816	-9.314427	1558.556641	20.124960
-19.672816	-9.314427	1556.935547	18.572874
-19.672816	-9.314427	1555.312500	21.663671
-19.672816	-9.314427	1553.691406	12.376566
-19.672816	-9.314427	1552.068359	21.654310
-19.672816	-9.314427	1550.445313	23.196033
-19.672816	-9.314427	1548.822266	24.737087
-19.672816	-9.314427	1547.197266	15.457337
-19.672816	-9.314427	1545.574219	20.090193
-19.672816	-9.314427	1543.949219	20.085850
-19.672816	-9.314427	1542.324219	26.260429
-19.672816	-9.314427	1540.699219	15.443971
-19.672816	-9.314427	1539.072266	15.440629
-19.672816	-9.314427	1537.447266	18.524746
-19.672816	-9.314427	1535.820313	24.694315
-19.672816	-9.314427	1534.193359	24.688971
-19.672816	-9.314427	1532.566406	18.512720
-19.672816	-9.314427	1530.939453	24.678282
-19.672816	-9.314427	1529.312500	13.878528
-19.672816	-9.314427	1527.683594	21.584146
-19.672816	-9.314427	1526.056641	20.038080
-19.672816	-9.314427	1524.427734	21.574795
-19.672816	-9.314427	1522.798828	18.488674
-19.672816	-9.314427	1521.167969	21.565447
-19.672816	-9.314427	1519.539063	20.020718
-19.672816	-9.314427	1517.908203	18.476656
-19.672816	-9.314427	1516.277344	23.090813
-19.672816	-9.314427	1514.646484	20.007698
-19.672816	-9.314427	1513.015625	23.080799
-19.672816	-9.314427	1511.384766	24.614178
-19.672816	-9.314427	1509.751953	23.070786
-19.672816	-9.314427	1508.121094	21.528061
-19.672816	-9.314427	1506.488281	18.448620
-19.672816	-9.314427	1504.855469	23.055769
-19.672816	-9.314427	1503.220703	29.197634
-19.672816	-9.314427	1501.587891	26.118526
-19.672816	-9.314427	1499.953125	19.968655
-19.672816	-9.314427	1498.318359	18.428600
-19.672816	-9.314427	1496.683594	19.959980
-19.672816	-9.314427	1495.048828	21.490694
-19.672816	-9.314427	1493.414063	23.020739
-19.672816	-9.314427	1491.777344	27.618883
-19.672816	-9.314427	1490.140625	21.476685
-19.672816	-9.314427	1488.505859	24.539446
-19.672816	-9.314427	1486.867188	23.000729
-19.672816	-9.314427	1485.230469	19.929630
-19.672816	-9.314427	1483.593750	22.990725
-19.672816	-9.314427	1481.955078	21.453341
-19.672816	-9.314427	1480.316406	18.384577
-19.672816	-9.314427	1478.677734	24.507435
-19.672816	-9.314427	1477.039063	18.376575
-19.672816	-9.314427	1475.400391	18.372576
-19.672816	-9.314427	1473.759766	16.837860
-19.672816	-9.314427	1472.119141	22.955719
-19.672816	-9.314427	1470.478516	15.300479
-19.672816	-9.314427	1468.837891	19.886290
-19.672816	-9.314427	1467.197266	24.470100
-19.672816	-9.314427	1465.556641	16.819529
-19.672816	-9.314427	1463.914063	15.287148
-19.672816	-9.314427	1462.271484	19.868959
-19.672816	-9.314427	1460.628906	21.392675
-19.672816	-9.314427	1458.986328	21.388010
-19.672816	-9.314427	1457.343750	12.219055
-19.672816	-9.314427	1455.699219	16.797535
-19.672816	-9.314427	1454.054688	16.793871
-19.672816	-9.314427	1452.410156	24.422117
-19.672816	-9.314427	1450.765625	16.786541
-19.672816	-9.314427	1449.121094	22.885740
-19.672816	-9.314427	1447.474609	21.355362
-19.672816	-9.314427	1445.830078	19.825647
-19.672816	-9.314427	1444.183594	21.346035
-19.672816	-9.314427	1442.537109	18.292604
-19.672816	-9.314427	1440.890625	19.812658
-19.672816	-9.314427	1439.242188	22.855764
-19.672816	-9.314427	1437.595703	27.420921
-19.672816	-9.314427	1435.947266	16.753567
-19.672816	-9.314427	1434.298828	24.363497
-19.672816	-9.314427	1432.650391	21.313396
-19.672816	-9.314427	1431.000000	22.830788
-19.672816	-9.314427	1429.351563	21.304073
-19.672816	-9.314427	1427.701172	22.820799
-19.672816	-9.314427	1426.050781	22.815805
-19.672816	-9.314427	1424.400391	25.852253
-19.672816	-9.314427	1422.750000	18.244654
-19.672816	-9.314427	1421.097656	22.800823
-19.672816	-9.314427	1419.447266	18.236664
-19.672816	-9.314427	1417.794922	25.829615
-19.672816	-9.314427	1416.142578	24.304901
-19.672816	-9.314427	1414.490234	25.818298
-19.672816	-9.314427	1412.835938	24.294249
-19.672816	-9.314427	1411.183594	24.288923
-19.672816	-9.314427	1409.529297	25.801323
-19.672816	-9.314427	1407.875000	27.313057
-19.672816	-9.314427	1406.220703	28.824127
-19.672816	-9.314427	1404.566406	21.234171
-19.672816	-9.314427	1402.910156	22.745907
-19.672816	-9.314427	1401.255859	19.708792
-19.672816	-9.314427	1399.599609	21.220196
-19.672816	-9.314427	1397.943359	22.730932
-19.672816	-9.314427	1396.287109	19.695816
-19.672816	-9.314427	1394.628906	21.206221
-19.672816	-9.314427	1392.970703	18.172768
-19.672816	-9.314427	1391.314453	21.196905
-19.672816	-9.314427	1389.656250	28.760906
-19.672816	-9.314427	1387.998047	21.187590
-19.672816	-9.314427	1386.337891	34.800529
-19.672816	-9.314427	1384.679688	21.178274
-19.672816	-9.314427	1383.019531	21.173616
-19.672816	-9.314427	1381.359375	19.656891
-19.672816	-9.314427	1379.699219	18.140831
-19.672816	-9.314427	1378.039063	18.136841
-19.672816	-9.314427	1376.376953	25.688202
-19.672816	-9.314427	1374.716797	22.661072
-19.672816	-9.314427	1373.054688	16.614460
-19.672816	-9.314427	1371.392578	22.651094
-19.672816	-9.314427	1369.728516	25.665586
-19.672816	-9.314427	1368.066406	19.622301
-19.672816	-9.314427	1366.402344	18.108902
-19.672816	-9.314427	1364.740234	24.139883
-19.672816	-9.314427	1363.076172	22.626152
-19.672816	-9.314427	1361.412109	22.621164
-19.672816	-9.314427	1359.746094	19.600687
-19.672816	-9.314427	1358.082031	21.103777
-19.672816	-9.314427	1356.416016	12.056641
-19.672816	-9.314427	1354.750000	15.067475
-19.672816	-9.314427	1353.083984	18.076981
-19.672816	-9.314427	1351.417969	21.085157
-19.672816	-9.314427	1349.750000	21.080502
-19.672816	-9.314427	1348.083984	27.097519
-19.672816	-9.314427	1346.416016	21.071194
-19.672816	-9.314427	1344.748047	22.571291
-19.672816	-9.314427	1343.078125	24.070724
-19.672816	-9.314427	1341.410156	24.065407
-19.672816	-9.314427	1339.740234	24.060087
-19.672816	-9.314427	1338.072266	24.054770
-19.672816	-9.314427	1336.402344	22.546360
-19.672816	-9.314427	1334.730469	22.541374
-19.672816	-9.314427	1333.060547	24.038813
-19.672816	-9.314427	1331.388672	15.020934
-19.672816	-9.314427	1329.718750	25.529938
-19.672816	-9.314427	1328.046875	18.017145
-19.672816	-9.314427	1326.375000	22.516445
-19.672816	-9.314427	1324.701172	24.012224
-19.672816	-9.314427	1323.029297	16.504747
-19.672816	-9.314427	1321.355469	12.000794
-19.672816	-9.314427	1319.681641	19.496971
-19.672816	-9.314427	1318.007813	17.993216
-19.672816	-9.314427	1316.333984	22.486534
-19.672816	-9.314427	1314.660156	16.486469
-19.672816	-9.314427	1312.984375	20.978127
-19.672816	-9.314427	1311.308594	20.973475
-19.672816	-9.314427	1309.632813	19.471050
-19.672816	-9.314427	1307.957031	22.461611
-19.672816	-9.314427	1306.279297	20.959518
-19.672816	-9.314427	1304.603516	22.451643
-19.672816	-9.314427	1302.925781	28.432434
-19.672816	-9.314427	1301.248047	16.457228
-19.672816	-9.314427	1299.570313	19.445133
-19.672816	-9.314427	1297.892578	20.936260
-19.672816	-9.314427	1296.212891	26.912069
-19.672816	-9.314427	1294.533203	25.411306
-19.672816	-9.314427	1292.853516	29.889009
-19.672816	-9.314427	1291.173828	19.423536
-19.672816	-9.314427	1289.494141	22.406790
-19.672816	-9.314427	1287.812500	19.414900
-19.672816	-9.314427	1286.132813	26.876188
-19.672816	-9.314427	1284.451172	22.391840
-19.672816	-9.314427	1282.769531	22.386858
-19.672816	-9.314427	1281.085938	28.350374
-19.672816	-9.314427	1279.404297	16.409721
-19.672816	-9.314427	1277.720703	20.880447
-19.672816	-9.314427	1276.039063	23.858055
-19.672816	-9.314427	1274.355469	13.417166
-19.672816	-9.314427	1272.669922	19.376034
-19.672816	-9.314427	1270.986328	17.881582
-19.672816	-9.314427	1269.300781	23.836796
-19.672816	-9.314427	1267.615234	20.852547
-19.672816	-9.314427	1265.929688	23.826168
-19.672816	-9.314427	1264.244141	17.865641
-19.672816	-9.314427	1262.558594	17.861654
-19.672816	-9.314427	1260.871094	20.833946
-19.672816	-9.314427	1259.185547	23.804911
-19.672816	-9.314427	1257.498047	25.287071
-19.672816	-9.314427	1255.808594	16.358570
-19.672816	-9.314427	1254.121094	23.788969
-19.672816	-9.314427	1252.433594	23.783655
-19.672816	-9.314427	1250.744141	22.292196
-19.672816	-9.314427	1249.054688	14.858143
-19.672816	-9.314427	1247.365234	22.282232
-19.672816	-9.314427	1245.673828	16.336651
-19.672816	-9.314427	1243.984375	19.302633
-19.672816	-9.314427	1242.292969	25.236261
-19.672816	-9.314427	1240.601563	22.262308
-19.672816	-9.314427	1238.910156	26.708792
-19.672816	-9.314427	1237.218750	22.252346
-19.672816	-9.314427	1235.525391	20.764208
-19.672816	-9.314427	1233.833984	19.276733
-19.672816	-9.314427	1232.140625	19.272417
-19.672816	-9.314427	1230.447266	26.678907
-19.672816	-9.314427	1228.753906	25.191101
-19.672816	-9.314427	1227.058594	19.259466
-19.672816	-9.314427	1225.365234	23.698647
-19.672816	-9.314427	1223.669922	25.174168
-19.672816	-9.314427	1221.974609	19.246517
-19.672816	-9.314427	1220.277344	20.722370
-19.672816	-9.314427	1218.582031	16.278210
-19.672816	-9.314427	1216.884766	23.672085
-19.672816	-9.314427	1215.189453	26.625120
-19.672816	-9.314427	1213.492188	22.182619
-19.672816	-9.314427	1211.792969	25.134659
-19.672816	-9.314427	1210.095703	22.172659
-19.672816	-9.314427	1208.396484	19.211988
-19.672816	-9.314427	1206.699219	23.640213
-19.672816	-9.314427	1205.000000	19.203358
-19.672816	-9.314427	1203.298828	19.199041
-19.672816	-9.314427	1201.599609	23.624279
-19.672816	-9.314427	1199.900391	16.238039
-19.672816	-9.314427	1198.199219	16.234388
-19.672816	-9.314427	1196.498047	22.132822
-19.672816	-9.314427	1194.796875	22.127844
-19.672816	-9.314427	1193.093750	22.122864
-19.672816	-9.314427	1191.392578	16.219782
-19.672816	-9.314427	1189.689453	22.112906
-19.672816	-9.314427	1187.986328	22.107927
-19.672816	-9.314427	1186.283203	25.050007
-19.672816	-9.314427	1184.580078	25.044365
-19.672816	-9.314427	1182.875000	25.038721
-19.672816	-9.314427	1181.169922	19.142942
-19.672816	-9.314427	1179.464844	25.027435
-19.672816	-9.314427	1177.759766	17.662443
-19.672816	-9.314427	1176.054688	20.601536
-19.672816	-9.314427	1174.347656	16.183270
-19.672816	-9.314427	1172.642578	20.592243
-19.672816	-9.314427	1170.935547	24.999224
-19.672816	-9.314427	1169.228516	20.582951
-19.672816	-9.314427	1167.519531	19.108425
-19.672816	-9.314427	1165.812500	20.573656
-19.672816	-9.314427	1164.103516	22.038225
-19.672816	-9.314427	1162.394531	26.439896
-19.672816	-9.314427	1160.685547	23.496820
-19.672816	-9.314427	1158.976563	22.023291
-19.672816	-9.314427	1157.265625	20.550425
-19.672816	-9.314427	1155.556641	17.610668
-19.672816	-9.314427	1153.845703	24.942804
-19.672816	-9.314427	1152.134766	23.470270
-19.672816	-9.314427	1150.423828	19.065281
-19.672816	-9.314427	1148.710938	17.594738
-19.672816	-9.314427	1146.998047	24.920238
-19.672816	-9.314427	1145.287109	8.793387
-19.672816	-9.314427	1143.572266	23.443724
-19.672816	-9.314427	1141.859375	16.113909
-19.672816	-9.314427	1140.146484	21.968536
-19.672816	-9.314427	1138.431641	20.499321
-19.672816	-9.314427	1136.716797	20.494675
-19.672816	-9.314427	1135.001953	23.417177
-19.672816	-9.314427	1133.287109	20.485384
-19.672816	-9.314427	1131.570313	24.869469
-19.672816	-9.314427	1129.855469	24.863829
-19.672816	-9.314427	1128.138672	21.933695
-19.672816	-9.314427	1126.421875	20.466805
-19.672816	-9.314427	1124.703125	17.538994
-19.672816	-9.314427	1122.986328	24.841267
-19.672816	-9.314427	1121.267578	18.991949
-19.672816	-9.314427	1119.548828	21.908812
-19.672816	-9.314427	1117.830078	18.983324
-19.672816	-9.314427	1116.111328	23.358782
-19.672816	-9.314427	1114.392578	17.515104
-19.672816	-9.314427	1112.671875	24.807426
-19.672816	-9.314427	1110.951172	18.966072
-19.672816	-9.314427	1109.230469	23.337549
-19.672816	-9.314427	1107.509766	23.332241
-19.672816	-9.314427	1105.787109	21.868999
-19.672816	-9.314427	1104.066406	13.118414
-19.672816	-9.314427	1102.343750	18.944508
-19.672816	-9.314427	1100.621094	21.854071
-19.672816	-9.314427	1098.896484	20.392488
-19.672816	-9.314427	1097.173828	20.387844
-19.672816	-9.314427	1095.449219	17.471315
-19.672816	-9.314427	1093.724609	24.745390
-19.672816	-9.314427	1092.000000	20.373913
-19.672816	-9.314427	1090.275391	18.914322
-19.672816	-9.314427	1088.550781	24.728474
-19.672816	-9.314427	1086.824219	21.814266
-19.672816	-9.314427	1085.097656	18.901384
-19.672816	-9.314427	1083.371094	23.257936
-19.672816	-9.314427	1081.644531	21.799339
-19.672816	-9.314427	1079.916016	15.982534
-19.672816	-9.314427	1078.189453	18.884138
-19.672816	-9.314427	1076.460938	26.141298
-19.672816	-9.314427	1074.732422	27.587290
-19.672816	-9.314427	1073.001953	20.322834
-19.672816	-9.314427	1071.273438	18.866892
-19.672816	-9.314427	1069.542969	23.215483
-19.672816	-9.314427	1067.812500	15.956996
-19.672816	-9.314427	1066.082031	18.853956
-19.672816	-9.314427	1064.351563	24.649536
-19.672816	-9.314427	1062.619141	23.194258
-19.672816	-9.314427	1060.888672	20.290333
-19.672816	-9.314427	1059.156250	23.183645
-19.672816	-9.314427	1057.421875	23.178341
-19.672816	-9.314427	1055.689453	26.069664
-19.672816	-9.314427	1053.957031	21.719746
-19.672816	-9.314427	1052.222656	20.267120
-19.672816	-9.314427	1050.488281	7.236599
-19.672816	-9.314427	1048.753906	24.598801
-19.672816	-9.314427	1047.019531	23.146507
-19.672816	-9.314427	1045.283203	27.480177
-19.672816	-9.314427	1043.546875	26.027884
-19.672816	-9.314427	1041.810547	23.130592
-19.672816	-9.314427	1040.074219	26.015947
-19.672816	-9.314427	1038.337891	20.229984
-19.672816	-9.314427	1036.599609	23.114677
-19.672816	-9.314427	1034.861328	21.665037
-19.672816	-9.314427	1033.123047	24.548073
-19.672816	-9.314427	1031.384766	25.986109
-19.672816	-9.314427	1029.646484	21.650118
-19.672816	-9.314427	1027.906250	21.645145
-19.672816	-9.314427	1026.167969	15.869459
-19.672816	-9.314427	1024.427734	25.962240
-19.672816	-9.314427	1022.685547	20.188211
-19.672816	-9.314427	1020.945313	24.508621
-19.672816	-9.314427	1019.203125	25.944338
-19.672816	-9.314427	1017.462891	24.497351
-19.672816	-9.314427	1015.720703	31.695162
-19.672816	-9.314427	1013.976563	21.605366
-19.672816	-9.314427	1012.234375	27.360498
-19.672816	-9.314427	1010.490234	30.233591
-19.672816	-9.314427	1008.746094	23.029814
-19.672816	-9.314427	1007.001953	24.463543
-19.672816	-9.314427	1005.257813	27.335308
-19.672816	-9.314427	1003.513672	24.452274
-19.672816	-9.314427	1001.767578	23.008602
-19.672816	-9.314427	1000.021484	30.191830
-19.672816	-9.314427	998.275391	27.310122
-19.672816	-9.314427	996.529297	24.429737
-19.672816	-9.314427	994.781250	20.113968
-19.672816	-9.314427	993.035156	35.909515
-19.672816	-9.314427	991.287109	37.337280
-19.672816	-9.314427	989.539063	27.278639
-19.672816	-9.314427	987.789063	33.013889
-19.672816	-9.314427	986.041016	37.311432
-19.672816	-9.314427	984.291016	30.129200
-19.672816	-9.314427	982.541016	35.859810
-19.672816	-9.314427	980.791016	34.417465
-19.672816	-9.314427	979.041016	40.144432
-19.672816	-9.314427	977.289063	40.135155
-19.672816	-9.314427	975.537109	42.992016
-19.672816	-9.314427	973.785156	47.280281
-19.672816	-9.314427	972.033203	45.836945
-19.672816	-9.314427	970.281250	45.826344
-19.672816	-9.314427	968.527344	47.247486
-19.672816	-9.314427	966.773438	41.510910
-19.672816	-9.314427	965.019531	40.070225
-19.672816	-9.314427	963.265625	40.060947
-19.672816	-9.314427	961.511719	35.760422
-19.672816	-9.314427	959.755859	40.042400
-19.672816	-9.314427	958.000000	40.033123
-19.672816	-9.314427	956.244141	41.453274
-19.672816	-9.314427	954.488281	32.869118
-19.672816	-9.314427	952.730469	37.147781
-19.672816	-9.314427	950.974609	47.138176
-19.672816	-9.314427	949.216797	32.846264
-19.672816	-9.314427	947.458984	44.260784
-19.672816	-9.314427	945.701172	42.823082
-19.672816	-9.314427	943.941406	39.958939
-19.672816	-9.314427	942.181641	32.815796
-19.672816	-9.314427	940.421875	28.528852
-19.672816	-9.314427	938.662109	31.374453
-19.672816	-9.314427	936.902344	32.792950
-19.672816	-9.314427	935.140625	32.785332
-19.672816	-9.314427	933.380859	34.202835
-19.672816	-9.314427	931.619141	27.070953
-19.672816	-9.314427	929.855469	25.640207
-19.672816	-9.314427	928.093750	24.210123
-19.672816	-9.314427	926.330078	28.475878
-19.672816	-9.314427	924.568359	24.198868
-19.672816	-9.314427	922.804688	27.039503
-19.672816	-9.314427	921.039063	24.187613
-19.672816	-9.314427	919.275391	24.181984
-19.672816	-9.314427	917.509766	25.598495
-19.672816	-9.314427	915.744141	21.327116
-19.672816	-9.314427	913.978516	21.322149
-19.672816	-9.314427	912.212891	28.422915
-19.672816	-9.314427	910.447266	32.678738
-19.672816	-9.314427	908.679688	21.307257
-19.672816	-9.314427	906.912109	21.302292
-19.672816	-9.314427	905.144531	26.976616
-19.672816	-9.314427	903.375000	26.970327
-19.672816	-9.314427	901.607422	28.383202
-19.672816	-9.314427	899.837891	29.795412
-19.672816	-9.314427	898.068359	26.951468
-19.672816	-9.314427	896.298828	21.272511
-19.672816	-9.314427	894.529297	26.938894
-19.672816	-9.314427	892.757813	31.185123
-19.672816	-9.314427	890.986328	28.343496
-19.672816	-9.314427	889.214844	21.252659
-19.672816	-9.314427	887.443359	26.913750
-19.672816	-9.314427	885.669922	24.075100
-19.672816	-9.314427	883.898438	24.069477
-19.672816	-9.314427	882.125000	32.556976
-19.672816	-9.314427	880.351563	29.718990
-19.672816	-9.314427	878.578125	35.371479
-19.672816	-9.314427	876.802734	24.046984
-19.672816	-9.314427	875.027344	24.041361
-19.672816	-9.314427	873.251953	24.035740
-19.672816	-9.314427	871.476563	26.857189
-19.672816	-9.314427	869.701172	22.611290
-19.672816	-9.314427	867.923828	31.083248
-19.672816	-9.314427	866.146484	29.663429
-19.672816	-9.314427	864.369141	28.244272
-19.672816	-9.314427	862.591797	28.237659
-19.672816	-9.314427	860.814453	25.407942
-19.672816	-9.314427	859.035156	25.401991
-19.672816	-9.314427	857.255859	19.752476
-19.672816	-9.314427	855.476563	22.568970
-19.672816	-9.314427	853.697266	22.563679
-19.672816	-9.314427	851.916016	28.197989
-19.672816	-9.314427	850.136719	22.553102
-19.672816	-9.314427	848.355469	22.547813
-19.672816	-9.314427	846.574219	25.360340
-19.672816	-9.314427	844.791016	22.537237
-19.672816	-9.314427	843.009766	25.348444
-19.672816	-9.314427	841.226563	25.342495
-19.672816	-9.314427	839.443359	22.521376
-19.672816	-9.314427	837.660156	25.330599
-19.672816	-9.314427	835.875000	21.103876
-19.672816	-9.314427	834.091797	21.098919
-19.672816	-9.314427	832.306641	29.531549
-19.672816	-9.314427	830.521484	23.900875
-19.672816	-9.314427	828.734375	21.084053
-19.672816	-9.314427	826.949219	18.268551
-19.672816	-9.314427	825.162109	21.074142
-19.672816	-9.314427	823.375000	29.496862
-19.672816	-9.314427	821.587891	28.085644
-19.672816	-9.314427	819.800781	21.059278
-19.672816	-9.314427	818.011719	21.054325
-19.672816	-9.314427	816.222656	23.855953
-19.672816	-9.314427	814.433594	23.850340
-19.672816	-9.314427	812.644531	22.442095
-19.672816	-9.314427	810.855469	18.229910
-19.672816	-9.314427	809.064453	21.029558
-19.672816	-9.314427	807.273438	30.836088
-19.672816	-9.314427	805.482422	22.420963
-19.672816	-9.314427	803.691406	28.019602
-19.672816	-9.314427	801.898438	28.013000
-19.672816	-9.314427	800.107422	21.004799
-19.672816	-9.314427	798.314453	25.199818
-19.672816	-9.314427	796.521484	20.994896
-19.672816	-9.314427	794.726563	20.989946
-19.672816	-9.314427	792.933594	18.186996
-19.672816	-9.314427	791.138672	25.176054
-19.672816	-9.314427	789.343750	20.975096
-19.672816	-9.314427	787.546875	29.358204
-19.672816	-9.314427	785.751953	23.760557
-19.672816	-9.314427	783.955078	25.152298
-19.672816	-9.314427	782.158203	36.322517
-19.672816	-9.314427	780.361328	23.743731
-19.672816	-9.314427	778.564453	27.927204
-19.672816	-9.314427	776.765625	27.920607
-19.672816	-9.314427	774.968750	27.914009
-19.672816	-9.314427	773.169922	23.721302
-19.672816	-9.314427	771.369141	30.690899
-19.672816	-9.314427	769.570313	26.499512
-19.672816	-9.314427	767.769531	25.098864
-19.672816	-9.314427	765.970703	34.851292
-19.672816	-9.314427	764.167969	29.268160
-19.672816	-9.314427	762.367188	29.261236
-19.672816	-9.314427	760.566406	20.895937
-19.672816	-9.314427	758.763672	26.461924
-19.672816	-9.314427	756.960938	26.455662
-19.672816	-9.314427	755.158203	36.193913
-19.672816	-9.314427	753.353516	25.051392
-19.672816	-9.314427	751.550781	32.002533
-19.672816	-9.314427	749.746094	30.603868
-19.672816	-9.314427	747.941406	25.033596
-19.672816	-9.314427	746.136719	26.418091
-19.672816	-9.314427	744.330078	23.631638
-19.672816	-9.314427	742.523438	20.846504
-19.672816	-9.314427	740.718750	29.178186
-19.672816	-9.314427	738.910156	19.447514
-19.672816	-9.314427	737.103516	24.998016
-19.672816	-9.314427	735.294922	29.157434
-19.672816	-9.314427	733.488281	29.150518
-19.672816	-9.314427	731.679688	31.919184
-19.672816	-9.314427	729.869141	31.911610
-19.672816	-9.314427	728.060547	20.806980
-19.672816	-9.314427	726.250000	29.122858
-19.672816	-9.314427	724.439453	16.637682
-19.672816	-9.314427	722.628906	31.881319
-19.672816	-9.314427	720.818359	33.259563
-19.672816	-9.314427	719.005859	27.709719
-19.672816	-9.314427	717.195313	27.703136
-19.672816	-9.314427	715.382813	22.157244
-19.672816	-9.314427	713.568359	29.074471
-19.672816	-9.314427	711.755859	16.610035
-19.672816	-9.314427	709.941406	23.525290
-19.672816	-9.314427	708.126953	17.985649
-19.672816	-9.314427	706.312500	26.280468
-19.672816	-9.314427	704.498047	22.125656
-19.672816	-9.314427	702.681641	26.267967
-19.672816	-9.314427	700.867188	30.408304
-19.672816	-9.314427	699.050781	26.255468
-19.672816	-9.314427	697.232422	22.104607
-19.672816	-9.314427	695.416016	26.242973
-19.672816	-9.314427	693.597656	20.713203
-19.672816	-9.314427	691.779297	27.611029
-19.672816	-9.314427	689.960938	31.745123
-19.672816	-9.314427	688.142578	34.497349
-19.672816	-9.314427	686.324219	23.452610
-19.672816	-9.314427	684.503906	22.067785
-19.672816	-9.314427	682.683594	24.820343
-19.672816	-9.314427	680.863281	26.193007
-19.672816	-9.314427	679.041016	13.782507
-19.672816	-9.314427	677.218750	19.290911
-19.672816	-9.314427	675.398438	23.419090
-19.672816	-9.314427	673.576172	27.545301
-19.672816	-9.314427	671.751953	27.538733
-19.672816	-9.314427	669.929688	27.532162
-19.672816	-9.314427	668.105469	27.525595
-19.672816	-9.314427	666.281250	26.143074
-19.672816	-9.314427	664.457031	24.761213
-19.672816	-9.314427	662.630859	28.881186
-19.672816	-9.314427	660.806641	31.624224
-19.672816	-9.314427	658.980469	24.743483
-19.672816	-9.314427	657.154297	34.357742
-19.672816	-9.314427	655.326172	30.227592
-19.672816	-9.314427	653.500000	28.846720
-19.672816	-9.314427	651.671875	31.586477
-19.672816	-9.314427	649.843750	32.951927
-19.672816	-9.314427	648.015625	31.571384
-19.672816	-9.314427	646.185547	31.563837
-19.672816	-9.314427	644.357422	27.440254
-19.672816	-9.314427	642.527344	32.920433
-19.672816	-9.314427	640.697266	38.397987
-19.672816	-9.314427	638.865234	34.275719
-19.672816	-9.314427	637.035156	32.896820
-19.672816	-9.314427	635.203125	31.518578
-19.672816	-9.314427	633.371094	42.471397
-19.672816	-9.314427	631.539063	34.242931
-19.672816	-9.314427	629.705078	31.495958
-19.672816	-9.314427	627.873047	32.857479
-19.672816	-9.314427	626.039063	36.955818
-19.672816	-9.314427	624.203125	45.157406
-19.672816	-9.314427	622.369141	43.778515
-19.672816	-9.314427	620.535156	27.355019
-19.672816	-9.314427	618.699219	41.022701
-19.672816	-9.314427	616.863281	35.544491
-19.672816	-9.314427	615.025391	31.435669
-19.672816	-9.314427	613.189453	34.161018
-19.672816	-9.314427	611.351563	34.152832
-19.672816	-9.314427	609.513672	40.973576
-19.672816	-9.314427	607.675781	27.309168
-19.672816	-9.314427	605.837891	36.858540
-19.672816	-9.314427	603.998047	34.120094
-19.672816	-9.314427	602.158203	28.654005
-19.672816	-9.314427	600.318359	34.103729
-19.672816	-9.314427	598.478516	30.004082
-19.672816	-9.314427	596.636719	23.179411
-19.672816	-9.314427	594.796875	35.442356
-19.672816	-9.314427	592.955078	31.345331
-19.672816	-9.314427	591.111328	27.250267
-19.672816	-9.314427	589.269531	28.605913
-19.672816	-9.314427	587.425781	28.599045
-19.672816	-9.314427	585.583984	20.422985
-19.672816	-9.314427	583.738281	28.585312
-19.672816	-9.314427	581.894531	28.578447
-19.672816	-9.314427	580.050781	28.571583
-19.672816	-9.314427	578.205078	31.285170
-19.672816	-9.314427	576.359375	20.398470
-19.672816	-9.314427	574.513672	29.910566
-19.672816	-9.314427	572.666016	23.107157
-19.672816	-9.314427	570.818359	25.819439
-19.672816	-9.314427	568.970703	21.737459
-19.672816	-9.314427	567.123047	20.373968
-19.672816	-9.314427	565.275391	25.800821
-19.672816	-9.314427	563.425781	27.152229
-19.672816	-9.314427	561.576172	29.860270
-19.672816	-9.314427	559.726563	27.139170
-19.672816	-9.314427	557.876953	28.489273
-19.672816	-9.314427	556.027344	28.482420
-19.672816	-9.314427	554.175781	33.899483
-19.672816	-9.314427	552.324219	33.891327
-19.672816	-9.314427	550.472656	31.172518
-19.672816	-9.314427	548.619141	40.650017
-19.672816	-9.314427	546.767578	36.576210
-19.672816	-9.314427	544.914063	33.858707
-19.672816	-9.314427	543.060547	37.912621
-19.672816	-9.314427	541.205078	33.842403
-19.672816	-9.314427	539.351563	32.480885
-19.672816	-9.314427	537.496094	39.238281
-19.672816	-9.314427	535.640625	45.992420
-19.672816	-9.314427	533.785156	41.924164
-19.672816	-9.314427	531.927734	55.434727
-19.672816	-9.314427	530.070313	68.938774
-19.672816	-9.314427	528.212891	81.084892
-19.672816	-9.314427	526.355469	114.842583
-19.672816	-9.314427	524.498047	201.263763
-19.672816	-9.314427	522.638672	370.019989
-19.672816	-9.314427	520.779297	621.051636
-19.672816	-9.314427	518.919922	457.577698
-19.672816	-9.314427	517.060547	241.553558
-19.672816	-9.314427	515.199219	137.611847
-19.672816	-9.314427	513.339844	106.556015
-19.672816	-9.314427	511.478516	71.469704
-19.672816	-9.314427	509.615234	66.059822
-19.672816	-9.314427	507.753906	56.609043
-19.672816	-9.314427	505.890625	51.205349
-19.672816	-9.314427	504.027344	56.581726
-19.672816	-9.314427	502.164063	57.914928
-19.672816	-9.314427	500.300781	60.594017
-19.672816	-9.314427	498.435547	68.656639
-19.672816	-9.314427	496.570313	53.835342
-19.672816	-9.314427	494.705078	68.623489
-19.672816	-9.314427	492.839844	65.916451
-19.672816	-9.314427	490.972656	67.245445
-19.672816	-9.314427	489.107422	65.884613
-19.672816	-9.314427	487.240234	53.770370
-19.672816	-9.314427	485.371094	49.725574
-19.672816	-9.314427	483.503906	44.339123
-19.672816	-9.314427	481.634766	49.701550
-19.672816	-9.314427	479.765625	47.003620
-19.672816	-9.314427	477.896484	34.908535
-19.672816	-9.314427	476.027344	41.611656
-19.672816	-9.314427	474.156250	41.601601
-19.672816	-9.314427	472.285156	33.541565
-19.672816	-9.314427	470.414063	33.533459
-19.672816	-9.314427	468.542969	34.866364
-19.672816	-9.314427	466.669922	41.561382
-19.672816	-9.314427	464.796875	34.849503
-19.672816	-9.314427	462.923828	34.841076
-19.672816	-9.314427	461.050781	37.512085
-19.672816	-9.314427	459.177734	25.448471
-19.672816	-9.314427	457.302734	44.189285
-19.672816	-9.314427	455.427734	37.484867
-19.672816	-9.314427	453.552734	32.122112
-19.672816	-9.314427	451.675781	25.423853
-19.672816	-9.314427	449.800781	30.768795
-19.672816	-9.314427	447.923828	30.761349
-19.672816	-9.314427	446.046875	33.428158
-19.672816	-9.314427	444.169922	37.430473
-19.672816	-9.314427	442.291016	28.066059
-19.672816	-9.314427	440.412109	25.386953
-19.672816	-9.314427	438.533203	32.059967
-19.672816	-9.314427	436.654297	24.039154
-19.672816	-9.314427	434.773438	36.049999
-19.672816	-9.314427	432.894531	29.366961
-19.672816	-9.314427	431.013672	34.698002
-19.672816	-9.314427	429.130859	24.015875
-19.672816	-9.314427	427.250000	37.348980
-19.672816	-9.314427	425.367188	26.671379
-19.672816	-9.314427	423.484375	23.998426
-19.672816	-9.314427	421.601563	23.992613
-19.672816	-9.314427	419.718750	26.651999
-19.672816	-9.314427	417.833984	21.316433
-19.672816	-9.314427	415.949219	23.975176
-19.672816	-9.314427	414.064453	33.290787
-19.672816	-9.314427	412.179688	31.951408
-19.672816	-9.314427	410.294922	27.950706
-19.672816	-9.314427	408.408203	38.589237
-19.672816	-9.314427	406.521484	39.910225
-19.672816	-9.314427	404.634766	30.590420
-19.672816	-9.314427	402.746094	42.550266
-19.672816	-9.314427	400.857422	61.151176
-19.672816	-9.314427	398.968750	89.046425
-19.672816	-9.314427	397.080078	85.038643
-19.672816	-9.314427	395.191406	65.091919
-19.672816	-9.314427	393.300781	79.685066
-19.672816	-9.314427	391.410156	70.371399
-19.672816	-9.314427	389.519531	59.734810
-19.672816	-9.314427	387.628906	55.738964
-19.672816	-9.314427	385.736328	57.052242
-19.672816	-9.314427	383.843750	55.711926
-19.672816	-9.314427	381.951172	49.067646
-19.672816	-9.314427	380.058594	57.010727
-19.672816	-9.314427	378.164063	67.600967
-19.672816	-9.314427	376.271484	91.437935
-19.672816	-9.314427	374.376953	76.842224
-19.672816	-9.314427	372.480469	71.525398
-19.672816	-9.314427	370.585938	60.914253
-19.672816	-9.314427	368.689453	58.251667
-19.672816	-9.314427	366.792969	58.237530
-19.672816	-9.314427	364.896484	54.253616
-19.672816	-9.314427	363.000000	66.146889
-19.672816	-9.314427	361.101563	62.162979
-19.672816	-9.314427	359.203125	63.470181
-19.672816	-9.314427	357.304688	64.776749
-19.672816	-9.314427	355.406250	52.866138
-19.672816	-9.314427	353.505859	59.459965
-19.672816	-9.314427	351.605469	52.840469
-19.672816	-9.314427	349.705078	55.469021
-19.672816	-9.314427	347.804688	50.174068
-19.672816	-9.314427	345.902344	59.402229
-19.672816	-9.314427	344.001953	47.510242
-19.672816	-9.314427	342.099609	54.095745
-19.672816	-9.314427	340.195313	60.678047
-19.672816	-9.314427	338.292969	38.244259
-19.672816	-9.314427	336.388672	44.827206
-19.672816	-9.314427	334.484375	40.861938
-19.672816	-9.314427	332.580078	32.945171
-19.672816	-9.314427	330.675781	36.889626
-19.672816	-9.314427	328.769531	36.880665
-19.672816	-9.314427	326.863281	31.604319
-19.672816	-9.314427	324.957031	35.546219
-19.672816	-9.314427	323.048828	26.324137
-19.672816	-9.314427	321.142578	35.528950
-19.672816	-9.314427	319.234375	35.520317
-19.672816	-9.314427	317.326172	24.989704
-19.672816	-9.314427	315.417969	30.243343
-19.672816	-9.314427	313.507813	38.123646
-19.672816	-9.314427	311.597656	32.857224
-19.672816	-9.314427	309.687500	44.674965
-19.672816	-9.314427	307.777344	40.723156
-19.672816	-9.314427	305.865234	32.833275
-19.672816	-9.314427	303.955078	36.764332
-19.672816	-9.314427	302.042969	31.504623
-19.672816	-9.314427	300.128906	30.184593
-19.672816	-9.314427	298.216797	41.985748
-19.672816	-9.314427	296.302734	47.222485
-19.672816	-9.314427	294.388672	34.096840
-19.672816	-9.314427	292.474609	34.088551
-19.672816	-9.314427	290.560547	35.391045
-19.672816	-9.314427	288.644531	44.555668
-19.672816	-9.314427	286.728516	45.854977
-19.672816	-9.314427	284.812500	62.871540
-19.672816	-9.314427	282.896484	54.999222
-19.672816	-9.314427	280.978516	51.058292
-19.672816	-9.314427	279.060547	69.370041
-19.672816	-9.314427	277.142578	71.970276
-19.672816	-9.314427	275.224609	64.103386
-19.672816	-9.314427	273.304688	71.935287
-19.672816	-9.314427	271.384766	71.917801
-19.672816	-9.314427	269.464844	86.280373
-19.672816	-9.314427	267.544922	84.952438
-19.672816	-9.314427	265.623047	124.131073
-19.672816	-9.314427	263.703125	223.381607
-19.672816	-9.314427	261.781250	308.217773
-19.672816	-9.314427	259.857422	297.697327
-19.672816	-9.314427	257.935547	246.715408
-19.672816	-9.314427	256.011719	237.520035
-19.672816	-9.314427	254.087891	267.471252
-19.672816	-9.314427	252.164063	653.514709
-19.672816	-9.314427	250.240234	1814.007935
-19.672816	-9.314427	248.314453	1734.035889
-19.672816	-9.314427	246.388672	759.922607
-19.672816	-9.314427	244.462891	349.244843
-19.672816	-9.314427	242.535156	235.813232
-19.672816	-9.314427	240.609375	191.470261
-19.672816	-9.314427	238.681641	169.286270
-19.672816	-9.314427	236.753906	148.414948
-19.672816	-9.314427	234.824219	117.141205
-19.672816	-9.314427	232.896484	108.003960
-19.672816	-9.314427	230.966797	85.861786
-19.672816	-9.314427	229.037109	71.534088
-19.672816	-9.314427	227.107422	72.817001
-19.672816	-9.314427	225.175781	71.499306
-19.672816	-9.314427	223.244141	80.579620
-19.672816	-9.314427	221.312500	85.757454
-19.672816	-9.314427	219.380859	94.829880
-19.672816	-9.314427	217.447266	89.611931
-19.672816	-9.314427	215.515625	71.412437
-19.672816	-9.314427	213.582031	85.674088
-19.672816	-9.314427	211.646484	71.377716
-19.672816	-9.314427	209.712891	64.873055
-19.672816	-9.314427	207.777344	50.588684
-19.672816	-9.314427	205.841797	50.576385
-19.672816	-9.314427	203.906250	41.488483
-19.672816	-9.314427	201.968750	33.701199
-19.672816	-9.314427	200.033203	32.397121
-19.672816	-9.314427	198.095703	34.980385
-19.672816	-9.314427	196.158203	34.971882
-19.672816	-9.314427	194.218750	28.488682
-19.672816	-9.314427	192.281250	25.892508
-19.672816	-9.314427	190.341797	34.946388
-19.672816	-9.314427	188.402344	33.643898
-19.672816	-9.314427	186.460938	34.929401
-19.672816	-9.314427	184.521484	34.920914
-19.672816	-9.314427	182.580078	23.274950
-19.672816	-9.314427	180.638672	31.025726
-19.672816	-9.314427	178.695313	23.263639
-19.672816	-9.314427	176.753906	23.257986
-19.672816	-9.314427	174.810547	27.127724
-19.672816	-9.314427	172.867188	27.121132
-19.672816	-9.314427	170.921875	28.405710
-19.672816	-9.314427	168.978516	28.398808
-19.672816	-9.314427	167.033203	29.682449
-19.672816	-9.314427	165.087891	28.385010
-19.672816	-9.314427	163.142578	15.478971
-19.672816	-9.314427	161.195313	27.081617
-19.672816	-9.314427	159.248047	28.364326
-19.672816	-9.314427	157.300781	24.490513
-19.672816	-9.314427	155.353516	46.391808
-19.672816	-9.314427	153.406250	33.497055
-19.672816	-9.314427	151.457031	33.488918
-19.672816	-9.314427	149.507813	36.056229
-19.672816	-9.314427	147.558594	47.634159
-19.672816	-9.314427	145.607422	51.483883
-19.672816	-9.314427	143.658203	41.177105
-19.672816	-9.314427	141.707031	50.172409
-19.672816	-9.314427	139.753906	60.449501
-19.672816	-9.314427	137.802734	69.435753
-19.672816	-9.314427	135.849609	73.275505
-19.672816	-9.314427	133.896484	52.694145
-19.672816	-9.314427	131.943359	47.541706
-19.672816	-9.314427	129.990234	51.383965
-19.672816	-9.314427	128.035156	51.371490
-19.672816	-9.314427	126.080078	51.359020
-19.672816	-9.314427	124.125000	50.062889
-19.672816	-9.314427	122.169922	46.200684
-19.672816	-9.314427	120.212891	56.453796
-19.672816	-9.314427	118.255859	60.288284
-19.672816	-9.314427	116.298828	52.579147
-19.672816	-9.314427	114.341797	43.591640
-19.672816	-9.314427	112.382813	38.453876
-19.672816	-9.314427	110.423828	34.600094
-19.672816	-9.314427	108.464844	29.467003
-19.672816	-9.314427	106.505859	21.774675
-19.672816	-9.314427	104.544922	16.647184
-19.672816	-9.314427	102.585938	15.362904
-19.672816	-9.314427	100.625000	11.519383
-19.672816	-9.314427	98.662109	8.957348
-19.672816	-9.314427	96.701172	3.837932
-19.672816	-9.314427	94.738281	1.279001
-19.672816	-9.314427	92.775391	3.836071
-19.672816	-9.314427	90.812500	3.835141
-19.672816	-9.314427	88.847656	3.834212
-19.672816	-9.314427	86.882813	0.000000
-19.672816	-9.314427	84.917969	0.000000
-19.672816	-9.314427	82.953125	1.277141
-19.672816	-9.314427	80.988281	0.000000
-19.672816	-9.314427	79.021484	3.829567
-19.672816	-9.314427	77.054688	-1.276213
-19.672816	-9.314427	75.087891	1.275904
-19.672816	-9.314427	73.119141	0.000000
-19.672816	-9.314427	71.152344	1.275286
-19.672816	-9.314427	69.183594	1.274977
-19.672816	-9.314427	67.212891	0.000000
-19.672816	-9.314427	65.244141	2.548719
-19.672816	-9.314427	63.273438	0.000000
-19.672816	-9.314427	61.302734	2.547484
-19.672816	-9.314427	59.332031	3.820301
-16.672816	-9.314427	1838.626953	19.285784
-16.672816	-9.314427	1837.066406	22.500080
-16.672816	-9.314427	1835.503906	32.136131
-16.672816	-9.314427	1833.941406	24.096970
-16.672816	-9.314427	1832.378906	22.485720
-16.672816	-9.314427	1830.816406	22.480934
-16.672816	-9.314427	1829.251953	24.081591
-16.672816	-9.314427	1827.687500	17.656075
-16.672816	-9.314427	1826.125000	22.466585
-16.672816	-9.314427	1824.560547	27.275047
-16.672816	-9.314427	1822.994141	19.248878
-16.672816	-9.314427	1821.429688	14.433586
-16.672816	-9.314427	1819.865234	28.861027
-16.672816	-9.314427	1818.298828	17.633541
-16.672816	-9.314427	1816.732422	22.437912
-16.672816	-9.314427	1815.166016	28.842604
-16.672816	-9.314427	1813.599609	24.030386
-16.672816	-9.314427	1812.033203	22.423586
-16.672816	-9.314427	1810.464844	35.229565
-16.672816	-9.314427	1808.896484	30.419056
-16.672816	-9.314427	1807.330078	24.009932
-16.672816	-9.314427	1805.759766	28.805784
-16.672816	-9.314427	1804.191406	17.599787
-16.672816	-9.314427	1802.623047	19.195681
-16.672816	-9.314427	1801.052734	23.989491
-16.672816	-9.314427	1799.484375	20.786465
-16.672816	-9.314427	1797.914063	20.782040
-16.672816	-9.314427	1796.343750	25.572449
-16.672816	-9.314427	1794.771484	22.371128
-16.672816	-9.314427	1793.201172	23.963961
-16.672816	-9.314427	1791.628906	27.153372
-16.672816	-9.314427	1790.058594	25.550673
-16.672816	-9.314427	1788.486328	19.158922
-16.672816	-9.314427	1786.914063	27.136026
-16.672816	-9.314427	1785.339844	25.534349
-16.672816	-9.314427	1783.767578	19.146683
-16.672816	-9.314427	1782.193359	19.142605
-16.672816	-9.314427	1780.621094	27.112913
-16.672816	-9.314427	1779.046875	20.728987
-16.672816	-9.314427	1777.470703	17.536175
-16.672816	-9.314427	1775.896484	27.095589
-16.672816	-9.314427	1774.322266	20.715740
-16.672816	-9.314427	1772.746094	28.677221
-16.672816	-9.314427	1771.169922	23.892593
-16.672816	-9.314427	1769.593750	23.887501
-16.672816	-9.314427	1768.017578	22.290249
-16.672816	-9.314427	1766.441406	30.244606
-16.672816	-9.314427	1764.863281	23.872231
-16.672816	-9.314427	1763.287109	30.231714
-16.672816	-9.314427	1761.708984	23.862055
-16.672816	-9.314427	1760.130859	33.399757
-16.672816	-9.314427	1758.552734	27.032135
-16.672816	-9.314427	1756.972656	22.257011
-16.672816	-9.314427	1755.394531	20.662819
-16.672816	-9.314427	1753.814453	33.371281
-16.672816	-9.314427	1752.234375	33.364166
-16.672816	-9.314427	1750.654297	20.649603
-16.672816	-9.314427	1749.074219	22.233292
-16.672816	-9.314427	1747.492188	19.053043
-16.672816	-9.314427	1745.912109	23.811224
-16.672816	-9.314427	1744.330078	28.567375
-16.672816	-9.314427	1742.748047	17.454117
-16.672816	-9.314427	1741.166016	33.314384
-16.672816	-9.314427	1739.583984	33.307278
-16.672816	-9.314427	1738.000000	28.543005
-16.672816	-9.314427	1736.417969	33.293068
-16.672816	-9.314427	1734.833984	26.945780
-16.672816	-9.314427	1733.250000	26.940029
-16.672816	-9.314427	1731.666016	23.765541
-16.672816	-9.314427	1730.082031	23.760468
-16.672816	-9.314427	1728.496094	22.171703
-16.672816	-9.314427	1726.912109	25.333681
-16.672816	-9.314427	1725.326172	18.996204
-16.672816	-9.314427	1723.740234	28.488222
-16.672816	-9.314427	1722.154297	23.735117
-16.672816	-9.314427	1720.566406	23.730049
-16.672816	-9.314427	1718.980469	33.214973
-16.672816	-9.314427	1717.392578	20.557259
-16.672816	-9.314427	1715.804688	23.714849
-16.672816	-9.314427	1714.216797	25.290436
-16.672816	-9.314427	1712.628906	26.865347
-16.672816	-9.314427	1711.041016	26.859608
-16.672816	-9.314427	1709.451172	23.694592
-16.672816	-9.314427	1707.861328	30.006735
-16.672816	-9.314427	1706.271484	26.842396
-16.672816	-9.314427	1704.681641	26.836658
-16.672816	-9.314427	1703.091797	26.830923
-16.672816	-9.314427	1701.501953	22.091331
-16.672816	-9.314427	1699.910156	18.931379
-16.672816	-9.314427	1698.318359	31.545553
-16.672816	-9.314427	1696.726563	23.654108
-16.672816	-9.314427	1695.134766	25.225653
-16.672816	-9.314427	1693.542969	28.372791
-16.672816	-9.314427	1691.949219	22.063007
-16.672816	-9.314427	1690.357422	23.633881
-16.672816	-9.314427	1688.763672	25.204081
-16.672816	-9.314427	1687.169922	23.623772
-16.672816	-9.314427	1685.576172	17.320393
-16.672816	-9.314427	1683.982422	20.465176
-16.672816	-9.314427	1682.386719	26.756426
-16.672816	-9.314427	1680.791016	20.456419
-16.672816	-9.314427	1679.195313	18.878807
-16.672816	-9.314427	1677.599609	25.166355
-16.672816	-9.314427	1676.003906	29.878649
-16.672816	-9.314427	1674.408203	28.300030
-16.672816	-9.314427	1672.810547	23.578308
-16.672816	-9.314427	1671.214844	22.001709
-16.672816	-9.314427	1669.617188	17.283356
-16.672816	-9.314427	1668.019531	20.421410
-16.672816	-9.314427	1666.419922	28.269741
-16.672816	-9.314427	1664.822266	28.263685
-16.672816	-9.314427	1663.222656	26.687763
-16.672816	-9.314427	1661.623047	23.542980
-16.672816	-9.314427	1660.023438	25.107132
-16.672816	-9.314427	1658.423828	14.119736
-16.672816	-9.314427	1656.824219	21.959326
-16.672816	-9.314427	1655.222656	26.659180
-16.672816	-9.314427	1653.623047	23.517763
-16.672816	-9.314427	1652.021484	25.080236
-16.672816	-9.314427	1650.419922	17.238966
-16.672816	-9.314427	1648.818359	15.668427
-16.672816	-9.314427	1647.214844	18.798080
-16.672816	-9.314427	1645.613281	21.926390
-16.672816	-9.314427	1644.009766	23.487520
-16.672816	-9.314427	1642.406250	28.178978
-16.672816	-9.314427	1640.802734	29.738096
-16.672816	-9.314427	1639.199219	21.907579
-16.672816	-9.314427	1637.593750	28.160843
-16.672816	-9.314427	1635.990234	26.590643
-16.672816	-9.314427	1634.384766	21.893476
-16.672816	-9.314427	1632.779297	20.325293
-16.672816	-9.314427	1631.173828	15.631484
-16.672816	-9.314427	1629.568359	26.567816
-16.672816	-9.314427	1627.960938	24.999634
-16.672816	-9.314427	1626.353516	24.994265
-16.672816	-9.314427	1624.748047	24.988895
-16.672816	-9.314427	1623.140625	29.667938
-16.672816	-9.314427	1621.531250	21.855890
-16.672816	-9.314427	1619.923828	18.729595
-16.672816	-9.314427	1618.314453	20.286034
-16.672816	-9.314427	1616.707031	24.962059
-16.672816	-9.314427	1615.097656	29.636074
-16.672816	-9.314427	1613.488281	26.510786
-16.672816	-9.314427	1611.878906	21.827719
-16.672816	-9.314427	1610.267578	26.499388
-16.672816	-9.314427	1608.656250	24.935236
-16.672816	-9.314427	1607.046875	32.720459
-16.672816	-9.314427	1605.435547	21.808947
-16.672816	-9.314427	1603.824219	24.919147
-16.672816	-9.314427	1602.210938	18.685339
-16.672816	-9.314427	1600.599609	26.465200
-16.672816	-9.314427	1598.986328	28.015945
-16.672816	-9.314427	1597.373047	21.785490
-16.672816	-9.314427	1595.759766	23.336571
-16.672816	-9.314427	1594.146484	20.220675
-16.672816	-9.314427	1592.533203	27.991827
-16.672816	-9.314427	1590.917969	18.657200
-16.672816	-9.314427	1589.302734	23.316475
-16.672816	-9.314427	1587.687500	18.649162
-16.672816	-9.314427	1586.072266	18.645144
-16.672816	-9.314427	1584.457031	21.747980
-16.672816	-9.314427	1582.839844	18.637110
-16.672816	-9.314427	1581.224609	18.633093
-16.672816	-9.314427	1579.607422	20.181498
-16.672816	-9.314427	1577.990234	23.281324
-16.672816	-9.314427	1576.373047	21.724550
-16.672816	-9.314427	1574.755859	24.822702
-16.672816	-9.314427	1573.136719	24.817348
-16.672816	-9.314427	1571.517578	29.464245
-16.672816	-9.314427	1569.898438	26.357058
-16.672816	-9.314427	1568.279297	24.801289
-16.672816	-9.314427	1566.660156	23.246191
-16.672816	-9.314427	1565.041016	23.241173
-16.672816	-9.314427	1563.419922	29.432465
-16.672816	-9.314427	1561.798828	23.231140
-16.672816	-9.314427	1560.177734	30.968164
-16.672816	-9.314427	1558.556641	23.221107
-16.672816	-9.314427	1556.935547	15.477395
-16.672816	-9.314427	1555.312500	18.568861
-16.672816	-9.314427	1553.691406	23.206062
-16.672816	-9.314427	1552.068359	24.747784
-16.672816	-9.314427	1550.445313	20.103230
-16.672816	-9.314427	1548.822266	21.644951
-16.672816	-9.314427	1547.197266	20.094538
-16.672816	-9.314427	1545.574219	24.726393
-16.672816	-9.314427	1543.949219	12.360522
-16.672816	-9.314427	1542.324219	15.447311
-16.672816	-9.314427	1540.699219	24.710352
-16.672816	-9.314427	1539.072266	29.337194
-16.672816	-9.314427	1537.447266	24.699661
-16.672816	-9.314427	1535.820313	26.237711
-16.672816	-9.314427	1534.193359	21.602850
-16.672816	-9.314427	1532.566406	23.140900
-16.672816	-9.314427	1530.939453	23.135889
-16.672816	-9.314427	1529.312500	26.214996
-16.672816	-9.314427	1527.683594	26.209320
-16.672816	-9.314427	1526.056641	20.038080
-16.672816	-9.314427	1524.427734	26.197966
-16.672816	-9.314427	1522.798828	18.488674
-16.672816	-9.314427	1521.167969	20.025057
-16.672816	-9.314427	1519.539063	18.480661
-16.672816	-9.314427	1517.908203	24.635542
-16.672816	-9.314427	1516.277344	21.551424
-16.672816	-9.314427	1514.646484	21.546751
-16.672816	-9.314427	1513.015625	24.619518
-16.672816	-9.314427	1511.384766	30.767723
-16.672816	-9.314427	1509.751953	27.684942
-16.672816	-9.314427	1508.121094	30.754374
-16.672816	-9.314427	1506.488281	23.060774
-16.672816	-9.314427	1504.855469	26.129871
-16.672816	-9.314427	1503.220703	18.440611
-16.672816	-9.314427	1501.587891	16.900223
-16.672816	-9.314427	1499.953125	19.968655
-16.672816	-9.314427	1498.318359	27.642900
-16.672816	-9.314427	1496.683594	18.424597
-16.672816	-9.314427	1495.048828	24.560793
-16.672816	-9.314427	1493.414063	16.881876
-16.672816	-9.314427	1491.777344	18.412588
-16.672816	-9.314427	1490.140625	21.476685
-16.672816	-9.314427	1488.505859	26.073162
-16.672816	-9.314427	1486.867188	18.400583
-16.672816	-9.314427	1485.230469	18.396582
-16.672816	-9.314427	1483.593750	29.121584
-16.672816	-9.314427	1481.955078	19.920959
-16.672816	-9.314427	1480.316406	13.788433
-16.672816	-9.314427	1478.677734	16.848862
-16.672816	-9.314427	1477.039063	27.564863
-16.672816	-9.314427	1475.400391	24.496767
-16.672816	-9.314427	1473.759766	22.960718
-16.672816	-9.314427	1472.119141	29.077244
-16.672816	-9.314427	1470.478516	26.010815
-16.672816	-9.314427	1468.837891	24.475433
-16.672816	-9.314427	1467.197266	16.823195
-16.672816	-9.314427	1465.556641	24.464767
-16.672816	-9.314427	1463.914063	16.815863
-16.672816	-9.314427	1462.271484	21.397341
-16.672816	-9.314427	1460.628906	29.032917
-16.672816	-9.314427	1458.986328	18.332581
-16.672816	-9.314427	1457.343750	21.383347
-16.672816	-9.314427	1455.699219	24.432779
-16.672816	-9.314427	1454.054688	24.427448
-16.672816	-9.314427	1452.410156	18.316587
-16.672816	-9.314427	1450.765625	21.364689
-16.672816	-9.314427	1449.121094	24.411457
-16.672816	-9.314427	1447.474609	19.829979
-16.672816	-9.314427	1445.830078	21.350698
-16.672816	-9.314427	1444.183594	19.821318
-16.672816	-9.314427	1442.537109	21.341372
-16.672816	-9.314427	1440.890625	21.336708
-16.672816	-9.314427	1439.242188	16.760893
-16.672816	-9.314427	1437.595703	25.897537
-16.672816	-9.314427	1435.947266	22.845774
-16.672816	-9.314427	1434.298828	22.840778
-16.672816	-9.314427	1432.650391	22.835783
-16.672816	-9.314427	1431.000000	28.918999
-16.672816	-9.314427	1429.351563	19.782354
-16.672816	-9.314427	1427.701172	25.863573
-16.672816	-9.314427	1426.050781	16.731590
-16.672816	-9.314427	1424.400391	30.414415
-16.672816	-9.314427	1422.750000	19.765041
-16.672816	-9.314427	1421.097656	21.280769
-16.672816	-9.314427	1419.447266	22.795830
-16.672816	-9.314427	1417.794922	21.271448
-16.672816	-9.314427	1416.142578	21.266788
-16.672816	-9.314427	1414.490234	22.780851
-16.672816	-9.314427	1412.835938	15.183906
-16.672816	-9.314427	1411.183594	16.698635
-16.672816	-9.314427	1409.529297	15.177249
-16.672816	-9.314427	1407.875000	22.760881
-16.672816	-9.314427	1406.220703	21.238831
-16.672816	-9.314427	1404.566406	21.234171
-16.672816	-9.314427	1402.910156	27.295088
-16.672816	-9.314427	1401.255859	15.160609
-16.672816	-9.314427	1399.599609	24.251652
-16.672816	-9.314427	1397.943359	25.761723
-16.672816	-9.314427	1396.287109	28.786192
-16.672816	-9.314427	1394.628906	30.294600
-16.672816	-9.314427	1392.970703	21.201563
-16.672816	-9.314427	1391.314453	18.168776
-16.672816	-9.314427	1389.656250	18.164783
-16.672816	-9.314427	1387.998047	21.187590
-16.672816	-9.314427	1386.337891	19.669865
-16.672816	-9.314427	1384.679688	21.178274
-16.672816	-9.314427	1383.019531	22.686018
-16.672816	-9.314427	1381.359375	22.681028
-16.672816	-9.314427	1379.699219	21.164303
-16.672816	-9.314427	1378.039063	15.114034
-16.672816	-9.314427	1376.376953	25.688202
-16.672816	-9.314427	1374.716797	24.171810
-16.672816	-9.314427	1373.054688	21.145678
-16.672816	-9.314427	1371.392578	24.161167
-16.672816	-9.314427	1369.728516	22.646105
-16.672816	-9.314427	1368.066406	21.131708
-16.672816	-9.314427	1366.402344	30.181505
-16.672816	-9.314427	1364.740234	28.666111
-16.672816	-9.314427	1363.076172	19.609331
-16.672816	-9.314427	1361.412109	15.080776
-16.672816	-9.314427	1359.746094	25.631666
-16.672816	-9.314427	1358.082031	21.103777
-16.672816	-9.314427	1356.416016	22.606201
-16.672816	-9.314427	1354.750000	21.094465
-16.672816	-9.314427	1353.083984	19.583397
-16.672816	-9.314427	1351.417969	18.072990
-16.672816	-9.314427	1349.750000	18.069002
-16.672816	-9.314427	1348.083984	27.097519
-16.672816	-9.314427	1346.416016	19.566107
-16.672816	-9.314427	1344.748047	18.057034
-16.672816	-9.314427	1343.078125	30.088406
-16.672816	-9.314427	1341.410156	16.544968
-16.672816	-9.314427	1339.740234	21.052576
-16.672816	-9.314427	1338.072266	22.551346
-16.672816	-9.314427	1336.402344	21.043268
-16.672816	-9.314427	1334.730469	25.546890
-16.672816	-9.314427	1333.060547	22.536388
-16.672816	-9.314427	1331.388672	18.025122
-16.672816	-9.314427	1329.718750	25.529938
-16.672816	-9.314427	1328.046875	22.521431
-16.672816	-9.314427	1326.375000	24.017542
-16.672816	-9.314427	1324.701172	16.508404
-16.672816	-9.314427	1323.029297	13.503884
-16.672816	-9.314427	1321.355469	18.001192
-16.672816	-9.314427	1319.681641	19.496971
-16.672816	-9.314427	1318.007813	25.490389
-16.672816	-9.314427	1316.333984	17.989227
-16.672816	-9.314427	1314.660156	22.481550
-16.672816	-9.314427	1312.984375	19.479691
-16.672816	-9.314427	1311.308594	19.475370
-16.672816	-9.314427	1309.632813	22.466597
-16.672816	-9.314427	1307.957031	19.466730
-16.672816	-9.314427	1306.279297	19.462410
-16.672816	-9.314427	1304.603516	14.967762
-16.672816	-9.314427	1302.925781	16.460884
-16.672816	-9.314427	1301.248047	20.945564
-16.672816	-9.314427	1299.570313	23.932470
-16.672816	-9.314427	1297.892578	20.936260
-16.672816	-9.314427	1296.212891	28.407183
-16.672816	-9.314427	1294.533203	13.453044
-16.672816	-9.314427	1292.853516	28.394558
-16.672816	-9.314427	1291.173828	20.917654
-16.672816	-9.314427	1289.494141	20.913004
-16.672816	-9.314427	1287.812500	23.895260
-16.672816	-9.314427	1286.132813	25.383066
-16.672816	-9.314427	1284.451172	22.391840
-16.672816	-9.314427	1282.769531	22.386858
-16.672816	-9.314427	1281.085938	22.381874
-16.672816	-9.314427	1279.404297	20.885099
-16.672816	-9.314427	1277.720703	23.863369
-16.672816	-9.314427	1276.039063	19.384670
-16.672816	-9.314427	1274.355469	25.343536
-16.672816	-9.314427	1272.669922	19.376034
-16.672816	-9.314427	1270.986328	22.351978
-16.672816	-9.314427	1269.300781	25.326595
-16.672816	-9.314427	1267.615234	25.320950
-16.672816	-9.314427	1265.929688	17.869625
-16.672816	-9.314427	1264.244141	19.354443
-16.672816	-9.314427	1262.558594	23.815538
-16.672816	-9.314427	1260.871094	22.322086
-16.672816	-9.314427	1259.185547	19.341490
-16.672816	-9.314427	1257.498047	26.774546
-16.672816	-9.314427	1255.808594	26.768568
-16.672816	-9.314427	1254.121094	28.249401
-16.672816	-9.314427	1252.433594	19.324221
-16.672816	-9.314427	1250.744141	23.778341
-16.672816	-9.314427	1249.054688	17.829771
-16.672816	-9.314427	1247.365234	26.738680
-16.672816	-9.314427	1245.673828	25.247551
-16.672816	-9.314427	1243.984375	29.696360
-16.672816	-9.314427	1242.292969	22.267288
-16.672816	-9.314427	1240.601563	22.262308
-16.672816	-9.314427	1238.910156	16.322041
-16.672816	-9.314427	1237.218750	23.735836
-16.672816	-9.314427	1235.525391	19.281050
-16.672816	-9.314427	1233.833984	23.725210
-16.672816	-9.314427	1232.140625	17.789923
-16.672816	-9.314427	1230.447266	22.232422
-16.672816	-9.314427	1228.753906	20.745613
-16.672816	-9.314427	1227.058594	16.296473
-16.672816	-9.314427	1225.365234	11.849323
-16.672816	-9.314427	1223.669922	16.289167
-16.672816	-9.314427	1221.974609	20.727018
-16.672816	-9.314427	1220.277344	29.603386
-16.672816	-9.314427	1218.582031	25.157234
-16.672816	-9.314427	1216.884766	20.713074
-16.672816	-9.314427	1215.189453	26.625120
-16.672816	-9.314427	1213.492188	17.746096
-16.672816	-9.314427	1211.792969	20.699131
-16.672816	-9.314427	1210.095703	20.694483
-16.672816	-9.314427	1208.396484	20.689835
-16.672816	-9.314427	1206.699219	22.162701
-16.672816	-9.314427	1205.000000	33.975170
-16.672816	-9.314427	1203.298828	20.675892
-16.672816	-9.314427	1201.599609	20.671244
-16.672816	-9.314427	1199.900391	25.095152
-16.672816	-9.314427	1198.199219	20.661949
-16.672816	-9.314427	1196.498047	14.755215
-16.672816	-9.314427	1194.796875	17.702274
-16.672816	-9.314427	1193.093750	11.798861
-16.672816	-9.314427	1191.392578	17.694307
-16.672816	-9.314427	1189.689453	19.164518
-16.672816	-9.314427	1187.986328	20.634066
-16.672816	-9.314427	1186.283203	14.735298
-16.672816	-9.314427	1184.580078	22.097969
-16.672816	-9.314427	1182.875000	17.674391
-16.672816	-9.314427	1181.169922	23.560545
-16.672816	-9.314427	1179.464844	16.194223
-16.672816	-9.314427	1177.759766	22.078053
-16.672816	-9.314427	1176.054688	20.601536
-16.672816	-9.314427	1174.347656	25.010509
-16.672816	-9.314427	1172.642578	26.475740
-16.672816	-9.314427	1170.935547	16.175968
-16.672816	-9.314427	1169.228516	19.112740
-16.672816	-9.314427	1167.519531	20.578302
-16.672816	-9.314427	1165.812500	20.573656
-16.672816	-9.314427	1164.103516	22.038225
-16.672816	-9.314427	1162.394531	24.971014
-16.672816	-9.314427	1160.685547	17.622616
-16.672816	-9.314427	1158.976563	16.150414
-16.672816	-9.314427	1157.265625	22.018312
-16.672816	-9.314427	1155.556641	23.480890
-16.672816	-9.314427	1153.845703	23.475580
-16.672816	-9.314427	1152.134766	24.937162
-16.672816	-9.314427	1150.423828	29.331202
-16.672816	-9.314427	1148.710938	19.060966
-16.672816	-9.314427	1146.998047	27.852032
-16.672816	-9.314427	1145.287109	30.776855
-16.672816	-9.314427	1143.572266	27.839422
-16.672816	-9.314427	1141.859375	19.043711
-16.672816	-9.314427	1140.146484	19.039398
-16.672816	-9.314427	1138.431641	26.356270
-16.672816	-9.314427	1136.716797	16.102959
-16.672816	-9.314427	1135.001953	30.735044
-16.672816	-9.314427	1133.287109	20.485384
-16.672816	-9.314427	1131.570313	20.480740
-16.672816	-9.314427	1129.855469	30.714142
-16.672816	-9.314427	1128.138672	17.546957
-16.672816	-9.314427	1126.421875	19.004889
-16.672816	-9.314427	1124.703125	14.615828
-16.672816	-9.314427	1122.986328	14.612510
-16.672816	-9.314427	1121.267578	18.991949
-16.672816	-9.314427	1119.548828	21.908812
-16.672816	-9.314427	1117.830078	24.824347
-16.672816	-9.314427	1116.111328	21.898857
-16.672816	-9.314427	1114.392578	21.893881
-16.672816	-9.314427	1112.671875	16.051863
-16.672816	-9.314427	1110.951172	21.883928
-16.672816	-9.314427	1109.230469	23.337549
-16.672816	-9.314427	1107.509766	34.998360
-16.672816	-9.314427	1105.787109	26.242800
-16.672816	-9.314427	1104.066406	21.864023
-16.672816	-9.314427	1102.343750	21.859047
-16.672816	-9.314427	1100.621094	29.138762
-16.672816	-9.314427	1098.896484	23.305702
-16.672816	-9.314427	1097.173828	21.844120
-16.672816	-9.314427	1095.449219	16.015371
-16.672816	-9.314427	1093.724609	21.834167
-16.672816	-9.314427	1092.000000	23.284472
-16.672816	-9.314427	1090.275391	23.279165
-16.672816	-9.314427	1088.550781	20.364626
-16.672816	-9.314427	1086.824219	21.814266
-16.672816	-9.314427	1085.097656	21.809290
-16.672816	-9.314427	1083.371094	23.257936
-16.672816	-9.314427	1081.644531	17.439472
-16.672816	-9.314427	1079.916016	20.341408
-16.672816	-9.314427	1078.189453	17.431511
-16.672816	-9.314427	1076.460938	23.236710
-16.672816	-9.314427	1074.732422	26.135328
-16.672816	-9.314427	1073.001953	27.580988
-16.672816	-9.314427	1071.273438	23.220789
-16.672816	-9.314427	1069.542969	23.215483
-16.672816	-9.314427	1067.812500	20.308905
-16.672816	-9.314427	1066.082031	24.655174
-16.672816	-9.314427	1064.351563	18.849646
-16.672816	-9.314427	1062.619141	15.946053
-16.672816	-9.314427	1060.888672	18.841024
-16.672816	-9.314427	1059.156250	18.836712
-16.672816	-9.314427	1057.421875	27.524279
-16.672816	-9.314427	1055.689453	20.276405
-16.672816	-9.314427	1053.957031	17.375797
-16.672816	-9.314427	1052.222656	18.819469
-16.672816	-9.314427	1050.488281	23.157118
-16.672816	-9.314427	1048.753906	24.598801
-16.672816	-9.314427	1047.019531	23.146507
-16.672816	-9.314427	1045.283203	26.033852
-16.672816	-9.314427	1043.546875	26.027884
-16.672816	-9.314427	1041.810547	15.902282
-16.672816	-9.314427	1040.074219	21.679956
-16.672816	-9.314427	1038.337891	18.784985
-16.672816	-9.314427	1036.599609	27.448679
-16.672816	-9.314427	1034.861328	30.331051
-16.672816	-9.314427	1033.123047	21.660063
-16.672816	-9.314427	1031.384766	15.880400
-16.672816	-9.314427	1029.646484	20.206776
-16.672816	-9.314427	1027.906250	23.088154
-16.672816	-9.314427	1026.167969	23.082850
-16.672816	-9.314427	1024.427734	25.962240
-16.672816	-9.314427	1022.685547	24.514257
-16.672816	-9.314427	1020.945313	27.391989
-16.672816	-9.314427	1019.203125	25.944338
-16.672816	-9.314427	1017.462891	25.938372
-16.672816	-9.314427	1015.720703	25.932405
-16.672816	-9.314427	1013.976563	27.366796
-16.672816	-9.314427	1012.234375	25.920473
-16.672816	-9.314427	1010.490234	30.233591
-16.672816	-9.314427	1008.746094	30.226631
-16.672816	-9.314427	1007.001953	23.024511
-16.672816	-9.314427	1005.257813	24.457909
-16.672816	-9.314427	1003.513672	28.767382
-16.672816	-9.314427	1001.767578	31.636827
-16.672816	-9.314427	1000.021484	25.878712
-16.672816	-9.314427	998.275391	22.997997
-16.672816	-9.314427	996.529297	37.363129
-16.672816	-9.314427	994.781250	28.734240
-16.672816	-9.314427	993.035156	40.218658
-16.672816	-9.314427	991.287109	44.517525
-16.672816	-9.314427	989.539063	31.585793
-16.672816	-9.314427	987.789063	37.320049
-16.672816	-9.314427	986.041016	38.746487
-16.672816	-9.314427	984.291016	34.433372
-16.672816	-9.314427	982.541016	48.769344
-16.672816	-9.314427	980.791016	40.153709
-16.672816	-9.314427	979.041016	41.578163
-16.672816	-9.314427	977.289063	45.868752
-16.672816	-9.314427	975.537109	41.558949
-16.672816	-9.314427	973.785156	35.818398
-16.672816	-9.314427	972.033203	41.539730
-16.672816	-9.314427	970.281250	34.369759
-16.672816	-9.314427	968.527344	41.520515
-16.672816	-9.314427	966.773438	41.510910
-16.672816	-9.314427	965.019531	51.518860
-16.672816	-9.314427	963.265625	44.353191
-16.672816	-9.314427	961.511719	40.051674
-16.672816	-9.314427	959.755859	45.762741
-16.672816	-9.314427	958.000000	42.892635
-16.672816	-9.314427	956.244141	41.453274
-16.672816	-9.314427	954.488281	34.298210
-16.672816	-9.314427	952.730469	27.146456
-16.672816	-9.314427	950.974609	32.853882
-16.672816	-9.314427	949.216797	38.558659
-16.672816	-9.314427	947.458984	44.260784
-16.672816	-9.314427	945.701172	39.968208
-16.672816	-9.314427	943.941406	45.667358
-16.672816	-9.314427	942.181641	45.656761
-16.672816	-9.314427	940.421875	35.661064
-16.672816	-9.314427	938.662109	35.652786
-16.672816	-9.314427	936.902344	37.070290
-16.672816	-9.314427	935.140625	27.083536
-16.672816	-9.314427	933.380859	29.927481
-16.672816	-9.314427	931.619141	25.646168
-16.672816	-9.314427	929.855469	24.215752
-16.672816	-9.314427	928.093750	31.330748
-16.672816	-9.314427	926.330078	17.085526
-16.672816	-9.314427	924.568359	22.775404
-16.672816	-9.314427	922.804688	24.193239
-16.672816	-9.314427	921.039063	21.342010
-16.672816	-9.314427	919.275391	15.647166
-16.672816	-9.314427	917.509766	24.176357
-16.672816	-9.314427	915.744141	19.905308
-16.672816	-9.314427	913.978516	14.214767
-16.672816	-9.314427	912.212891	27.001768
-16.672816	-9.314427	910.447266	26.995480
-16.672816	-9.314427	908.679688	24.148224
-16.672816	-9.314427	906.912109	21.302292
-16.672816	-9.314427	905.144531	28.396439
-16.672816	-9.314427	903.375000	34.067783
-16.672816	-9.314427	901.607422	24.125721
-16.672816	-9.314427	899.837891	21.282436
-16.672816	-9.314427	898.068359	32.625462
-16.672816	-9.314427	896.298828	19.854343
-16.672816	-9.314427	894.529297	26.938894
-16.672816	-9.314427	892.757813	31.185123
-16.672816	-9.314427	890.986328	28.343496
-16.672816	-9.314427	889.214844	17.002127
-16.672816	-9.314427	887.443359	31.163290
-16.672816	-9.314427	885.669922	29.739830
-16.672816	-9.314427	883.898438	21.237774
-16.672816	-9.314427	882.125000	29.725935
-16.672816	-9.314427	880.351563	24.058229
-16.672816	-9.314427	878.578125	32.541763
-16.672816	-9.314427	876.802734	19.803398
-16.672816	-9.314427	875.027344	26.869757
-16.672816	-9.314427	873.251953	25.449606
-16.672816	-9.314427	871.476563	21.203045
-16.672816	-9.314427	869.701172	29.677319
-16.672816	-9.314427	867.923828	38.147625
-16.672816	-9.314427	866.146484	22.600708
-16.672816	-9.314427	864.369141	32.480915
-16.672816	-9.314427	862.591797	29.649542
-16.672816	-9.314427	860.814453	25.407942
-16.672816	-9.314427	859.035156	21.168325
-16.672816	-9.314427	857.255859	18.341585
-16.672816	-9.314427	855.476563	22.568970
-16.672816	-9.314427	853.697266	28.204599
-16.672816	-9.314427	851.916016	28.197989
-16.672816	-9.314427	850.136719	18.324396
-16.672816	-9.314427	848.355469	21.138575
-16.672816	-9.314427	846.574219	21.133617
-16.672816	-9.314427	844.791016	23.945814
-16.672816	-9.314427	843.009766	22.531950
-16.672816	-9.314427	841.226563	23.934578
-16.672816	-9.314427	839.443359	23.928961
-16.672816	-9.314427	837.660156	15.479811
-16.672816	-9.314427	835.875000	29.545425
-16.672816	-9.314427	834.091797	28.131893
-16.672816	-9.314427	832.306641	26.719021
-16.672816	-9.314427	830.521484	16.871206
-16.672816	-9.314427	828.734375	16.867243
-16.672816	-9.314427	826.949219	30.916010
-16.672816	-9.314427	825.162109	29.503799
-16.672816	-9.314427	823.375000	21.069187
-16.672816	-9.314427	821.587891	25.277081
-16.672816	-9.314427	819.800781	23.867184
-16.672816	-9.314427	818.011719	12.632595
-16.672816	-9.314427	816.222656	19.646080
-16.672816	-9.314427	814.433594	25.253302
-16.672816	-9.314427	812.644531	26.649988
-16.672816	-9.314427	810.855469	25.241413
-16.672816	-9.314427	809.064453	23.833500
-16.672816	-9.314427	807.273438	30.836088
-16.672816	-9.314427	805.482422	29.427515
-16.672816	-9.314427	803.691406	22.415682
-16.672816	-9.314427	801.898438	25.211700
-16.672816	-9.314427	800.107422	25.205759
-16.672816	-9.314427	798.314453	20.999847
-16.672816	-9.314427	796.521484	32.192173
-16.672816	-9.314427	794.726563	19.590616
-16.672816	-9.314427	792.933594	26.580994
-16.672816	-9.314427	791.138672	30.770733
-16.672816	-9.314427	789.343750	29.365133
-16.672816	-9.314427	787.546875	16.776117
-16.672816	-9.314427	785.751953	22.362877
-16.672816	-9.314427	783.955078	19.562899
-16.672816	-9.314427	782.158203	19.558279
-16.672816	-9.314427	780.361328	23.743731
-16.672816	-9.314427	778.564453	27.927204
-16.672816	-9.314427	776.765625	30.712667
-16.672816	-9.314427	774.968750	36.288212
-16.672816	-9.314427	773.169922	22.325932
-16.672816	-9.314427	771.369141	22.320654
-16.672816	-9.314427	769.570313	20.920666
-16.672816	-9.314427	767.769531	20.915720
-16.672816	-9.314427	765.970703	32.063187
-16.672816	-9.314427	764.167969	30.661880
-16.672816	-9.314427	762.367188	23.687668
-16.672816	-9.314427	760.566406	25.075125
-16.672816	-9.314427	758.763672	16.712793
-16.672816	-9.314427	756.960938	25.063257
-16.672816	-9.314427	755.158203	30.625620
-16.672816	-9.314427	753.353516	20.876160
-16.672816	-9.314427	751.550781	26.436874
-16.672816	-9.314427	749.746094	25.039528
-16.672816	-9.314427	747.941406	34.768883
-16.672816	-9.314427	746.136719	36.151073
-16.672816	-9.314427	744.330078	26.411831
-16.672816	-9.314427	742.523438	30.574873
-16.672816	-9.314427	740.718750	29.178186
-16.672816	-9.314427	738.910156	27.782162
-16.672816	-9.314427	737.103516	22.220459
-16.672816	-9.314427	735.294922	30.545885
-16.672816	-9.314427	733.488281	20.821798
-16.672816	-9.314427	731.679688	29.143602
-16.672816	-9.314427	729.869141	22.199381
-16.672816	-9.314427	728.060547	26.355509
-16.672816	-9.314427	726.250000	20.802042
-16.672816	-9.314427	724.439453	24.956524
-16.672816	-9.314427	722.628906	30.495174
-16.672816	-9.314427	720.818359	30.487932
-16.672816	-9.314427	719.005859	29.095205
-16.672816	-9.314427	717.195313	16.621881
-16.672816	-9.314427	715.382813	31.851038
-16.672816	-9.314427	713.568359	23.536476
-16.672816	-9.314427	711.755859	26.299221
-16.672816	-9.314427	709.941406	26.292969
-16.672816	-9.314427	708.126953	30.437252
-16.672816	-9.314427	706.312500	20.747738
-16.672816	-9.314427	704.498047	34.571339
-16.672816	-9.314427	702.681641	26.267967
-16.672816	-9.314427	700.867188	20.732935
-16.672816	-9.314427	699.050781	20.728003
-16.672816	-9.314427	697.232422	26.249220
-16.672816	-9.314427	695.416016	26.242973
-16.672816	-9.314427	693.597656	26.236725
-16.672816	-9.314427	691.779297	28.991581
-16.672816	-9.314427	689.960938	16.562672
-16.672816	-9.314427	688.142578	22.078304
-16.672816	-9.314427	686.324219	28.970871
-16.672816	-9.314427	684.503906	17.930077
-16.672816	-9.314427	682.683594	26.199251
-16.672816	-9.314427	680.863281	24.814428
-16.672816	-9.314427	679.041016	23.430262
-16.672816	-9.314427	677.218750	27.558443
-16.672816	-9.314427	675.398438	22.041498
-16.672816	-9.314427	673.576172	28.922567
-16.672816	-9.314427	671.751953	22.030985
-16.672816	-9.314427	669.929688	26.155554
-16.672816	-9.314427	668.105469	24.773035
-16.672816	-9.314427	666.281250	28.894978
-16.672816	-9.314427	664.457031	23.385590
-16.672816	-9.314427	662.630859	28.881186
-16.672816	-9.314427	660.806641	20.624495
-16.672816	-9.314427	658.980469	31.616673
-16.672816	-9.314427	657.154297	28.860504
-16.672816	-9.314427	655.326172	28.853611
-16.672816	-9.314427	653.500000	27.473066
-16.672816	-9.314427	651.671875	32.959805
-16.672816	-9.314427	649.843750	34.324924
-16.672816	-9.314427	648.015625	30.198715
-16.672816	-9.314427	646.185547	26.074474
-16.672816	-9.314427	644.357422	30.184280
-16.672816	-9.314427	642.527344	30.177063
-16.672816	-9.314427	640.697266	35.655273
-16.672816	-9.314427	638.865234	27.420576
-16.672816	-9.314427	637.035156	37.008923
-16.672816	-9.314427	635.203125	27.407459
-16.672816	-9.314427	633.371094	38.361263
-16.672816	-9.314427	631.539063	41.091518
-16.672816	-9.314427	629.705078	38.342903
-16.672816	-9.314427	627.873047	41.071850
-16.672816	-9.314427	626.039063	42.430752
-16.672816	-9.314427	624.203125	31.473345
-16.672816	-9.314427	622.369141	27.361572
-16.672816	-9.314427	620.535156	25.987268
-16.672816	-9.314427	618.699219	36.920429
-16.672816	-9.314427	616.863281	32.810299
-16.672816	-9.314427	615.025391	35.535973
-16.672816	-9.314427	613.189453	35.527458
-16.672816	-9.314427	611.351563	34.152832
-16.672816	-9.314427	609.513672	32.778858
-16.672816	-9.314427	607.675781	28.674627
-16.672816	-9.314427	605.837891	28.667751
-16.672816	-9.314427	603.998047	24.566467
-16.672816	-9.314427	602.158203	32.747433
-16.672816	-9.314427	600.318359	31.375431
-16.672816	-9.314427	598.478516	27.276438
-16.672816	-9.314427	596.636719	25.906401
-16.672816	-9.314427	594.796875	31.352854
-16.672816	-9.314427	592.955078	20.442606
-16.672816	-9.314427	591.111328	39.512886
-16.672816	-9.314427	589.269531	24.519354
-16.672816	-9.314427	587.425781	25.875326
-16.672816	-9.314427	585.583984	28.592178
-16.672816	-9.314427	583.738281	35.391338
-16.672816	-9.314427	581.894531	27.217569
-16.672816	-9.314427	580.050781	24.489929
-16.672816	-9.314427	578.205078	32.645393
-16.672816	-9.314427	576.359375	28.557858
-16.672816	-9.314427	574.513672	31.270138
-16.672816	-9.314427	572.666016	24.466400
-16.672816	-9.314427	570.818359	25.819439
-16.672816	-9.314427	568.970703	28.530415
-16.672816	-9.314427	567.123047	28.523556
-16.672816	-9.314427	565.275391	27.158760
-16.672816	-9.314427	563.425781	25.794617
-16.672816	-9.314427	561.576172	23.073845
-16.672816	-9.314427	559.726563	24.425253
-16.672816	-9.314427	557.876953	20.349482
-16.672816	-9.314427	556.027344	33.907642
-16.672816	-9.314427	554.175781	29.831547
-16.672816	-9.314427	552.324219	25.757408
-16.672816	-9.314427	550.472656	28.461863
-16.672816	-9.314427	548.619141	33.875015
-16.672816	-9.314427	546.767578	23.029465
-16.672816	-9.314427	544.914063	33.858707
-16.672816	-9.314427	543.060547	28.434465
-16.672816	-9.314427	541.205078	36.549797
-16.672816	-9.314427	539.351563	27.067402
-16.672816	-9.314427	537.496094	44.650455
-16.672816	-9.314427	535.640625	48.697857
-16.672816	-9.314427	533.785156	47.333733
-16.672816	-9.314427	531.927734	60.842991
-16.672816	-9.314427	530.070313	58.124851
-16.672816	-9.314427	528.212891	83.787727
-16.672816	-9.314427	526.355469	114.842583
-16.672816	-9.314427	524.498047	194.509949
-16.672816	-9.314427	522.638672	386.225250
-16.672816	-9.314427	520.779297	580.548279
-16.672816	-9.314427	518.919922	452.178558
-16.672816	-9.314427	517.060547	229.408417
-16.672816	-9.314427	515.199219	137.611847
-16.672816	-9.314427	513.339844	84.975052
-16.672816	-9.314427	511.478516	80.909096
-16.672816	-9.314427	509.615234	70.104301
-16.672816	-9.314427	507.753906	62.000381
-16.672816	-9.314427	505.890625	59.290401
-16.672816	-9.314427	504.027344	61.970463
-16.672816	-9.314427	502.164063	52.527493
-16.672816	-9.314427	500.300781	53.861347
-16.672816	-9.314427	498.435547	60.579388
-16.672816	-9.314427	496.570313	67.294182
-16.672816	-9.314427	494.705078	63.241257
-16.672816	-9.314427	492.839844	52.464115
-16.672816	-9.314427	490.972656	59.175987
-16.672816	-9.314427	489.107422	61.850864
-16.672816	-9.314427	487.240234	52.426109
-16.672816	-9.314427	485.371094	41.661968
-16.672816	-9.314427	483.503906	41.651905
-16.672816	-9.314427	481.634766	40.298553
-16.672816	-9.314427	479.765625	52.375462
-16.672816	-9.314427	477.896484	38.936443
-16.672816	-9.314427	476.027344	40.269344
-16.672816	-9.314427	474.156250	49.653522
-16.672816	-9.314427	472.285156	32.199905
-16.672816	-9.314427	470.414063	44.264164
-16.672816	-9.314427	468.542969	41.571434
-16.672816	-9.314427	466.669922	33.517242
-16.672816	-9.314427	464.796875	33.509140
-16.672816	-9.314427	462.923828	28.140869
-16.672816	-9.314427	461.050781	32.153214
-16.672816	-9.314427	459.177734	26.787865
-16.672816	-9.314427	457.302734	34.815800
-16.672816	-9.314427	455.427734	30.791142
-16.672816	-9.314427	453.552734	30.783691
-16.672816	-9.314427	451.675781	32.114342
-16.672816	-9.314427	449.800781	34.782116
-16.672816	-9.314427	447.923828	34.773697
-16.672816	-9.314427	446.046875	37.439533
-16.672816	-9.314427	444.169922	41.440880
-16.672816	-9.314427	442.291016	33.411976
-16.672816	-9.314427	440.412109	28.059265
-16.672816	-9.314427	438.533203	32.059967
-16.672816	-9.314427	436.654297	28.045679
-16.672816	-9.314427	434.773438	29.374073
-16.672816	-9.314427	432.894531	28.032099
-16.672816	-9.314427	431.013672	28.025309
-16.672816	-9.314427	429.130859	26.684305
-16.672816	-9.314427	427.250000	34.681194
-16.672816	-9.314427	425.367188	29.338518
-16.672816	-9.314427	423.484375	25.331673
-16.672816	-9.314427	421.601563	33.323074
-16.672816	-9.314427	419.718750	27.984600
-16.672816	-9.314427	417.833984	33.306927
-16.672816	-9.314427	415.949219	34.630810
-16.672816	-9.314427	414.064453	35.954048
-16.672816	-9.314427	412.179688	29.288792
-16.672816	-9.314427	410.294922	34.605637
-16.672816	-9.314427	408.408203	27.943932
-16.672816	-9.314427	406.521484	35.919201
-16.672816	-9.314427	404.634766	37.240513
-16.672816	-9.314427	402.746094	43.879963
-16.672816	-9.314427	400.857422	66.468674
-16.672816	-9.314427	398.968750	85.059273
-16.672816	-9.314427	397.080078	87.696098
-16.672816	-9.314427	395.191406	98.302086
-16.672816	-9.314427	393.300781	77.028893
-16.672816	-9.314427	391.410156	61.077065
-16.672816	-9.314427	389.519531	55.752491
-16.672816	-9.314427	387.628906	57.066086
-16.672816	-9.314427	385.736328	51.745056
-16.672816	-9.314427	383.843750	51.732502
-16.672816	-9.314427	381.951172	62.329170
-16.672816	-9.314427	380.058594	55.684895
-16.672816	-9.314427	378.164063	58.322403
-16.672816	-9.314427	376.271484	84.811996
-16.672816	-9.314427	374.376953	74.192490
-16.672816	-9.314427	372.480469	68.876312
-16.672816	-9.314427	370.585938	70.183815
-16.672816	-9.314427	368.689453	50.308258
-16.672816	-9.314427	366.792969	46.325306
-16.672816	-9.314427	364.896484	51.607098
-16.672816	-9.314427	363.000000	47.625759
-16.672816	-9.314427	361.101563	59.517746
-16.672816	-9.314427	359.203125	59.503296
-16.672816	-9.314427	357.304688	55.522926
-16.672816	-9.314427	355.406250	48.901176
-16.672816	-9.314427	353.505859	47.567970
-16.672816	-9.314427	351.605469	48.877434
-16.672816	-9.314427	349.705078	47.544872
-16.672816	-9.314427	347.804688	54.135178
-16.672816	-9.314427	345.902344	39.601486
-16.672816	-9.314427	344.001953	44.870785
-16.672816	-9.314427	342.099609	46.179295
-16.672816	-9.314427	340.195313	40.891727
-16.672816	-9.314427	338.292969	38.244259
-16.672816	-9.314427	336.388672	38.234970
-16.672816	-9.314427	334.484375	42.180065
-16.672816	-9.314427	332.580078	38.216396
-16.672816	-9.314427	330.675781	46.112034
-16.672816	-9.314427	328.769531	35.563499
-16.672816	-9.314427	326.863281	46.089630
-16.672816	-9.314427	324.957031	39.495800
-16.672816	-9.314427	323.048828	36.853790
-16.672816	-9.314427	321.142578	39.476608
-16.672816	-9.314427	319.234375	40.782585
-16.672816	-9.314427	317.326172	36.826931
-16.672816	-9.314427	315.417969	26.298559
-16.672816	-9.314427	313.507813	34.179821
-16.672816	-9.314427	311.597656	36.800091
-16.672816	-9.314427	309.687500	34.163208
-16.672816	-9.314427	307.777344	34.154907
-16.672816	-9.314427	305.865234	30.206614
-16.672816	-9.314427	303.955078	34.138306
-16.672816	-9.314427	302.042969	31.504623
-16.672816	-9.314427	300.128906	43.308331
-16.672816	-9.314427	298.216797	36.737530
-16.672816	-9.314427	296.302734	32.793392
-16.672816	-9.314427	294.388672	34.096840
-16.672816	-9.314427	292.474609	45.888435
-16.672816	-9.314427	290.560547	34.080265
-16.672816	-9.314427	288.644531	32.761520
-16.672816	-9.314427	286.728516	48.475262
-16.672816	-9.314427	284.812500	45.843830
-16.672816	-9.314427	282.896484	57.618233
-16.672816	-9.314427	280.978516	56.295040
-16.672816	-9.314427	279.060547	68.061172
-16.672816	-9.314427	277.142578	70.661728
-16.672816	-9.314427	275.224609	77.185707
-16.672816	-9.314427	273.304688	62.779888
-16.672816	-9.314427	271.384766	81.070976
-16.672816	-9.314427	269.464844	90.202209
-16.672816	-9.314427	267.544922	100.635963
-16.672816	-9.314427	265.623047	137.197495
-16.672816	-9.314427	263.703125	207.705704
-16.672816	-9.314427	261.781250	306.911774
-16.672816	-9.314427	259.857422	295.085938
-16.672816	-9.314427	257.935547	259.769135
-16.672816	-9.314427	256.011719	238.825089
-16.672816	-9.314427	254.087891	271.385468
-16.672816	-9.314427	252.164063	716.126892
-16.672816	-9.314427	250.240234	1936.593628
-16.672816	-9.314427	248.314453	1813.566895
-16.672816	-9.314427	246.388672	789.902405
-16.672816	-9.314427	244.462891	363.579529
-16.672816	-9.314427	242.535156	234.510406
-16.672816	-9.314427	240.609375	207.100494
-16.672816	-9.314427	238.681641	166.681870
-16.672816	-9.314427	236.753906	124.981010
-16.672816	-9.314427	234.824219	105.427086
-16.672816	-9.314427	232.896484	102.798943
-16.672816	-9.314427	230.966797	81.958977
-16.672816	-9.314427	229.037109	75.435951
-16.672816	-9.314427	227.107422	59.813965
-16.672816	-9.314427	225.175781	83.199196
-16.672816	-9.314427	223.244141	77.980278
-16.672816	-9.314427	221.312500	85.757454
-16.672816	-9.314427	219.380859	90.932762
-16.672816	-9.314427	217.447266	88.313210
-16.672816	-9.314427	215.515625	83.098106
-16.672816	-9.314427	213.582031	71.395073
-16.672816	-9.314427	211.646484	73.973267
-16.672816	-9.314427	209.712891	71.360359
-16.672816	-9.314427	207.777344	67.451576
-16.672816	-9.314427	205.841797	58.357368
-16.672816	-9.314427	203.906250	41.488483
-16.672816	-9.314427	201.968750	38.885998
-16.672816	-9.314427	200.033203	40.172432
-16.672816	-9.314427	198.095703	37.571526
-16.672816	-9.314427	196.158203	32.381374
-16.672816	-9.314427	194.218750	29.783623
-16.672816	-9.314427	192.281250	25.892508
-16.672816	-9.314427	190.341797	32.357765
-16.672816	-9.314427	188.402344	27.173918
-16.672816	-9.314427	186.460938	29.754677
-16.672816	-9.314427	184.521484	33.627544
-16.672816	-9.314427	182.580078	27.154110
-16.672816	-9.314427	180.638672	28.440248
-16.672816	-9.314427	178.695313	29.725761
-16.672816	-9.314427	176.753906	29.718538
-16.672816	-9.314427	174.810547	21.960539
-16.672816	-9.314427	172.867188	21.955202
-16.672816	-9.314427	170.921875	25.823372
-16.672816	-9.314427	168.978516	28.398808
-16.672816	-9.314427	167.033203	29.682449
-16.672816	-9.314427	165.087891	32.255692
-16.672816	-9.314427	163.142578	29.668028
-16.672816	-9.314427	161.195313	28.371220
-16.672816	-9.314427	159.248047	25.785751
-16.672816	-9.314427	157.300781	29.646410
-16.672816	-9.314427	155.353516	32.216530
-16.672816	-9.314427	153.406250	30.920359
-16.672816	-9.314427	151.457031	30.912848
-16.672816	-9.314427	149.507813	39.919395
-16.672816	-9.314427	147.558594	38.622292
-16.672816	-9.314427	145.607422	46.335495
-16.672816	-9.314427	143.658203	43.750671
-16.672816	-9.314427	141.707031	45.026520
-16.672816	-9.314427	139.753906	69.452621
-16.672816	-9.314427	137.802734	61.720673
-16.672816	-9.314427	135.849609	61.705685
-16.672816	-9.314427	133.896484	66.831596
-16.672816	-9.314427	131.943359	62.960640
-16.672816	-9.314427	129.990234	59.091557
-16.672816	-9.314427	128.035156	38.528618
-16.672816	-9.314427	126.080078	43.655167
-16.672816	-9.314427	124.125000	50.062889
-16.672816	-9.314427	122.169922	57.750854
-16.672816	-9.314427	120.212891	61.585960
-16.672816	-9.314427	118.255859	50.026447
-16.672816	-9.314427	116.298828	55.143982
-16.672816	-9.314427	114.341797	46.155853
-16.672816	-9.314427	112.382813	42.299267
-16.672816	-9.314427	110.423828	37.163063
-16.672816	-9.314427	108.464844	37.154049
-16.672816	-9.314427	106.505859	26.898129
-16.672816	-9.314427	104.544922	21.769394
-16.672816	-9.314427	102.585938	14.082662
-16.672816	-9.314427	100.625000	12.799314
-16.672816	-9.314427	98.662109	8.957348
-16.672816	-9.314427	96.701172	3.837932
-16.672816	-9.314427	94.738281	3.837002
-16.672816	-9.314427	92.775391	1.278690
-16.672816	-9.314427	90.812500	2.556761
-16.672816	-9.314427	88.847656	0.000000
-16.672816	-9.314427	86.882813	1.277761
-16.672816	-9.314427	84.917969	2.554902
-16.672816	-9.314427	82.953125	1.277141
-16.672816	-9.314427	80.988281	1.276832
-16.672816	-9.314427	79.021484	-1.276522
-16.672816	-9.314427	77.054688	-2.552426
-16.672816	-9.314427	75.087891	1.275904
-16.672816	-9.314427	73.119141	5.102379
-16.672816	-9.314427	71.152344	0.000000
-16.672816	-9.314427	69.183594	1.274977
-16.672816	-9.314427	67.212891	0.000000
-16.672816	-9.314427	65.244141	2.548719
-16.672816	-9.314427	63.273438	1.274051
-16.672816	-9.314427	61.302734	1.273742
-16.672816	-9.314427	59.332031	1.273434
-13.672816	-9.314427	1838.626953	22.500080
-13.672816	-9.314427	1837.066406	24.107229
-13.672816	-9.314427	1835.503906	20.888487
-13.672816	-9.314427	1833.941406	22.490505
-13.672816	-9.314427	1832.378906	22.485720
-13.672816	-9.314427	1830.816406	14.452029
-13.672816	-9.314427	1829.251953	24.081591
-13.672816	-9.314427	1827.687500	25.681562
-13.672816	-9.314427	1826.125000	27.280853
-13.672816	-9.314427	1824.560547	27.275047
-13.672816	-9.314427	1822.994141	19.248878
-13.672816	-9.314427	1821.429688	17.641048
-13.672816	-9.314427	1819.865234	19.240685
-13.672816	-9.314427	1818.298828	24.045738
-13.672816	-9.314427	1816.732422	17.629787
-13.672816	-9.314427	1815.166016	28.842604
-13.672816	-9.314427	1813.599609	17.622284
-13.672816	-9.314427	1812.033203	24.025270
-13.672816	-9.314427	1810.464844	28.824188
-13.672816	-9.314427	1808.896484	22.414042
-13.672816	-9.314427	1807.330078	19.207945
-13.672816	-9.314427	1805.759766	22.404499
-13.672816	-9.314427	1804.191406	23.999710
-13.672816	-9.314427	1802.623047	25.594240
-13.672816	-9.314427	1801.052734	27.188089
-13.672816	-9.314427	1799.484375	25.583342
-13.672816	-9.314427	1797.914063	19.183422
-13.672816	-9.314427	1796.343750	23.974171
-13.672816	-9.314427	1794.771484	15.979377
-13.672816	-9.314427	1793.201172	14.378377
-13.672816	-9.314427	1791.628906	23.958858
-13.672816	-9.314427	1790.058594	23.953754
-13.672816	-9.314427	1788.486328	25.545231
-13.672816	-9.314427	1786.914063	22.347317
-13.672816	-9.314427	1785.339844	22.342556
-13.672816	-9.314427	1783.767578	17.551126
-13.672816	-9.314427	1782.193359	27.118690
-13.672816	-9.314427	1780.621094	17.543650
-13.672816	-9.314427	1779.046875	22.323524
-13.672816	-9.314427	1777.470703	20.724571
-13.672816	-9.314427	1775.896484	17.532440
-13.672816	-9.314427	1774.322266	12.748148
-13.672816	-9.314427	1772.746094	22.304506
-13.672816	-9.314427	1771.169922	25.485432
-13.672816	-9.314427	1769.593750	22.295000
-13.672816	-9.314427	1768.017578	27.066732
-13.672816	-9.314427	1766.441406	15.918214
-13.672816	-9.314427	1764.863281	23.872231
-13.672816	-9.314427	1763.287109	17.502571
-13.672816	-9.314427	1761.708984	22.271252
-13.672816	-9.314427	1760.130859	20.676041
-13.672816	-9.314427	1758.552734	15.901256
-13.672816	-9.314427	1756.972656	15.897865
-13.672816	-9.314427	1755.394531	17.483923
-13.672816	-9.314427	1753.814453	25.425739
-13.672816	-9.314427	1752.234375	27.009087
-13.672816	-9.314427	1750.654297	20.649603
-13.672816	-9.314427	1749.074219	17.469015
-13.672816	-9.314427	1747.492188	22.228550
-13.672816	-9.314427	1745.912109	23.811224
-13.672816	-9.314427	1744.330078	20.631992
-13.672816	-9.314427	1742.748047	19.040854
-13.672816	-9.314427	1741.166016	20.623192
-13.672816	-9.314427	1739.583984	22.204851
-13.672816	-9.314427	1738.000000	19.028669
-13.672816	-9.314427	1736.417969	19.024609
-13.672816	-9.314427	1734.833984	22.190641
-13.672816	-9.314427	1733.250000	23.770613
-13.672816	-9.314427	1731.666016	34.856125
-13.672816	-9.314427	1730.082031	31.680624
-13.672816	-9.314427	1728.496094	25.339090
-13.672816	-9.314427	1726.912109	30.083746
-13.672816	-9.314427	1725.326172	26.911289
-13.672816	-9.314427	1723.740234	15.826791
-13.672816	-9.314427	1722.154297	18.988094
-13.672816	-9.314427	1720.566406	28.476059
-13.672816	-9.314427	1718.980469	17.398319
-13.672816	-9.314427	1717.392578	26.882570
-13.672816	-9.314427	1715.804688	23.714849
-13.672816	-9.314427	1714.216797	18.967827
-13.672816	-9.314427	1712.628906	22.124403
-13.672816	-9.314427	1711.041016	20.539700
-13.672816	-9.314427	1709.451172	20.535313
-13.672816	-9.314427	1707.861328	30.006735
-13.672816	-9.314427	1706.271484	23.684465
-13.672816	-9.314427	1704.681641	25.258032
-13.672816	-9.314427	1703.091797	18.939476
-13.672816	-9.314427	1701.501953	20.513380
-13.672816	-9.314427	1699.910156	17.353765
-13.672816	-9.314427	1698.318359	26.813721
-13.672816	-9.314427	1696.726563	15.769405
-13.672816	-9.314427	1695.134766	15.766033
-13.672816	-9.314427	1693.542969	17.338928
-13.672816	-9.314427	1691.949219	17.335220
-13.672816	-9.314427	1690.357422	28.360657
-13.672816	-9.314427	1688.763672	17.327806
-13.672816	-9.314427	1687.169922	23.623772
-13.672816	-9.314427	1685.576172	22.044136
-13.672816	-9.314427	1683.982422	23.613665
-13.672816	-9.314427	1682.386719	17.312983
-13.672816	-9.314427	1680.791016	26.750702
-13.672816	-9.314427	1679.195313	25.171741
-13.672816	-9.314427	1677.599609	14.156075
-13.672816	-9.314427	1676.003906	20.443287
-13.672816	-9.314427	1674.408203	23.583357
-13.672816	-9.314427	1672.810547	23.578308
-13.672816	-9.314427	1671.214844	18.858608
-13.672816	-9.314427	1669.617188	18.854570
-13.672816	-9.314427	1668.019531	21.992287
-13.672816	-9.314427	1666.419922	25.128658
-13.672816	-9.314427	1664.822266	18.842457
-13.672816	-9.314427	1663.222656	18.838421
-13.672816	-9.314427	1661.623047	21.973450
-13.672816	-9.314427	1660.023438	21.968740
-13.672816	-9.314427	1658.423828	15.688595
-13.672816	-9.314427	1656.824219	21.959326
-13.672816	-9.314427	1655.222656	18.818245
-13.672816	-9.314427	1653.623047	18.814211
-13.672816	-9.314427	1652.021484	23.512722
-13.672816	-9.314427	1650.419922	10.970251
-13.672816	-9.314427	1648.818359	21.935797
-13.672816	-9.314427	1647.214844	23.497599
-13.672816	-9.314427	1645.613281	17.227877
-13.672816	-9.314427	1644.009766	18.790016
-13.672816	-9.314427	1642.406250	21.916983
-13.672816	-9.314427	1640.802734	17.216791
-13.672816	-9.314427	1639.199219	23.472406
-13.672816	-9.314427	1637.593750	20.338387
-13.672816	-9.314427	1635.990234	21.898176
-13.672816	-9.314427	1634.384766	20.329657
-13.672816	-9.314427	1632.779297	21.888777
-13.672816	-9.314427	1631.173828	20.320929
-13.672816	-9.314427	1629.568359	28.130629
-13.672816	-9.314427	1627.960938	26.562111
-13.672816	-9.314427	1626.353516	26.556406
-13.672816	-9.314427	1624.748047	18.741673
-13.672816	-9.314427	1623.140625	21.860586
-13.672816	-9.314427	1621.531250	26.539295
-13.672816	-9.314427	1619.923828	29.655191
-13.672816	-9.314427	1618.314453	28.088354
-13.672816	-9.314427	1616.707031	15.601287
-13.672816	-9.314427	1615.097656	17.157726
-13.672816	-9.314427	1613.488281	21.832413
-13.672816	-9.314427	1611.878906	24.945965
-13.672816	-9.314427	1610.267578	18.705450
-13.672816	-9.314427	1608.656250	21.818331
-13.672816	-9.314427	1607.046875	23.371756
-13.672816	-9.314427	1605.435547	29.597855
-13.672816	-9.314427	1603.824219	15.574468
-13.672816	-9.314427	1602.210938	26.470898
-13.672816	-9.314427	1600.599609	21.794870
-13.672816	-9.314427	1598.986328	23.346622
-13.672816	-9.314427	1597.373047	24.897703
-13.672816	-9.314427	1595.759766	24.892344
-13.672816	-9.314427	1594.146484	21.776110
-13.672816	-9.314427	1592.533203	13.995914
-13.672816	-9.314427	1590.917969	20.211966
-13.672816	-9.314427	1589.302734	21.762043
-13.672816	-9.314427	1587.687500	21.757357
-13.672816	-9.314427	1586.072266	15.537621
-13.672816	-9.314427	1584.457031	21.747980
-13.672816	-9.314427	1582.839844	21.743294
-13.672816	-9.314427	1581.224609	21.738607
-13.672816	-9.314427	1579.607422	24.838768
-13.672816	-9.314427	1577.990234	23.281324
-13.672816	-9.314427	1576.373047	20.172796
-13.672816	-9.314427	1574.755859	26.374121
-13.672816	-9.314427	1573.136719	26.368433
-13.672816	-9.314427	1571.517578	20.159746
-13.672816	-9.314427	1569.898438	31.008303
-13.672816	-9.314427	1568.279297	20.151047
-13.672816	-9.314427	1566.660156	15.497460
-13.672816	-9.314427	1565.041016	29.438820
-13.672816	-9.314427	1563.419922	20.138002
-13.672816	-9.314427	1561.798828	20.133654
-13.672816	-9.314427	1560.177734	21.677715
-13.672816	-9.314427	1558.556641	23.221107
-13.672816	-9.314427	1556.935547	12.381916
-13.672816	-9.314427	1555.312500	27.853292
-13.672816	-9.314427	1553.691406	17.017778
-13.672816	-9.314427	1552.068359	20.107574
-13.672816	-9.314427	1550.445313	23.196033
-13.672816	-9.314427	1548.822266	13.914612
-13.672816	-9.314427	1547.197266	20.094538
-13.672816	-9.314427	1545.574219	20.090193
-13.672816	-9.314427	1543.949219	21.630915
-13.672816	-9.314427	1542.324219	12.357849
-13.672816	-9.314427	1540.699219	23.165955
-13.672816	-9.314427	1539.072266	16.984692
-13.672816	-9.314427	1537.447266	20.068474
-13.672816	-9.314427	1535.820313	18.520737
-13.672816	-9.314427	1534.193359	26.232031
-13.672816	-9.314427	1532.566406	32.397259
-13.672816	-9.314427	1530.939453	23.135889
-13.672816	-9.314427	1529.312500	24.672939
-13.672816	-9.314427	1527.683594	15.417247
-13.672816	-9.314427	1526.056641	26.203642
-13.672816	-9.314427	1524.427734	15.410568
-13.672816	-9.314427	1522.798828	18.488674
-13.672816	-9.314427	1521.167969	20.025057
-13.672816	-9.314427	1519.539063	18.480661
-13.672816	-9.314427	1517.908203	18.476656
-13.672816	-9.314427	1516.277344	13.854487
-13.672816	-9.314427	1514.646484	20.007698
-13.672816	-9.314427	1513.015625	24.619518
-13.672816	-9.314427	1511.384766	26.152565
-13.672816	-9.314427	1509.751953	24.608839
-13.672816	-9.314427	1508.121094	19.990343
-13.672816	-9.314427	1506.488281	13.836465
-13.672816	-9.314427	1504.855469	23.055769
-13.672816	-9.314427	1503.220703	21.514046
-13.672816	-9.314427	1501.587891	29.191296
-13.672816	-9.314427	1499.953125	33.793106
-13.672816	-9.314427	1498.318359	26.107183
-13.672816	-9.314427	1496.683594	24.566130
-13.672816	-9.314427	1495.048828	24.560793
-13.672816	-9.314427	1493.414063	21.486023
-13.672816	-9.314427	1491.777344	19.946972
-13.672816	-9.314427	1490.140625	19.942636
-13.672816	-9.314427	1488.505859	15.337153
-13.672816	-9.314427	1486.867188	19.933964
-13.672816	-9.314427	1485.230469	15.330484
-13.672816	-9.314427	1483.593750	12.261720
-13.672816	-9.314427	1481.955078	27.582867
-13.672816	-9.314427	1480.316406	21.448673
-13.672816	-9.314427	1478.677734	26.039150
-13.672816	-9.314427	1477.039063	21.439339
-13.672816	-9.314427	1475.400391	18.372576
-13.672816	-9.314427	1473.759766	16.837860
-13.672816	-9.314427	1472.119141	16.834194
-13.672816	-9.314427	1470.478516	15.300479
-13.672816	-9.314427	1468.837891	24.475433
-13.672816	-9.314427	1467.197266	18.352575
-13.672816	-9.314427	1465.556641	16.819529
-13.672816	-9.314427	1463.914063	19.873291
-13.672816	-9.314427	1462.271484	18.340578
-13.672816	-9.314427	1460.628906	19.864628
-13.672816	-9.314427	1458.986328	16.804865
-13.672816	-9.314427	1457.343750	13.746437
-13.672816	-9.314427	1455.699219	18.324585
-13.672816	-9.314427	1454.054688	22.900732
-13.672816	-9.314427	1452.410156	19.842970
-13.672816	-9.314427	1450.765625	15.260492
-13.672816	-9.314427	1449.121094	21.360025
-13.672816	-9.314427	1447.474609	19.829979
-13.672816	-9.314427	1445.830078	16.775549
-13.672816	-9.314427	1444.183594	25.920185
-13.672816	-9.314427	1442.537109	21.341372
-13.672816	-9.314427	1440.890625	19.812658
-13.672816	-9.314427	1439.242188	21.332047
-13.672816	-9.314427	1437.595703	16.757231
-13.672816	-9.314427	1435.947266	24.368824
-13.672816	-9.314427	1434.298828	21.318060
-13.672816	-9.314427	1432.650391	15.223855
-13.672816	-9.314427	1431.000000	19.786682
-13.672816	-9.314427	1429.351563	27.390953
-13.672816	-9.314427	1427.701172	18.256639
-13.672816	-9.314427	1426.050781	22.815805
-13.672816	-9.314427	1424.400391	30.414415
-13.672816	-9.314427	1422.750000	16.724266
-13.672816	-9.314427	1421.097656	18.240660
-13.672816	-9.314427	1419.447266	16.716942
-13.672816	-9.314427	1417.794922	21.271448
-13.672816	-9.314427	1416.142578	16.709620
-13.672816	-9.314427	1414.490234	13.668510
-13.672816	-9.314427	1412.835938	21.257467
-13.672816	-9.314427	1411.183594	18.216692
-13.672816	-9.314427	1409.529297	18.212700
-13.672816	-9.314427	1407.875000	15.173921
-13.672816	-9.314427	1406.220703	12.136475
-13.672816	-9.314427	1404.566406	19.717445
-13.672816	-9.314427	1402.910156	13.647544
-13.672816	-9.314427	1401.255859	15.160609
-13.672816	-9.314427	1399.599609	13.641554
-13.672816	-9.314427	1397.943359	16.669350
-13.672816	-9.314427	1396.287109	18.180754
-13.672816	-9.314427	1394.628906	15.147300
-13.672816	-9.314427	1392.970703	27.259151
-13.672816	-9.314427	1391.314453	19.682840
-13.672816	-9.314427	1389.656250	25.733442
-13.672816	-9.314427	1387.998047	22.700989
-13.672816	-9.314427	1386.337891	22.695999
-13.672816	-9.314427	1384.679688	18.152807
-13.672816	-9.314427	1383.019531	16.636414
-13.672816	-9.314427	1381.359375	12.096549
-13.672816	-9.314427	1379.699219	18.140831
-13.672816	-9.314427	1378.039063	18.136841
-13.672816	-9.314427	1376.376953	21.154989
-13.672816	-9.314427	1374.716797	16.618120
-13.672816	-9.314427	1373.054688	22.656082
-13.672816	-9.314427	1371.392578	18.120874
-13.672816	-9.314427	1369.728516	16.607143
-13.672816	-9.314427	1368.066406	18.112894
-13.672816	-9.314427	1366.402344	18.108902
-13.672816	-9.314427	1364.740234	21.122398
-13.672816	-9.314427	1363.076172	21.117743
-13.672816	-9.314427	1361.412109	7.540388
-13.672816	-9.314427	1359.746094	21.108431
-13.672816	-9.314427	1358.082031	21.103777
-13.672816	-9.314427	1356.416016	24.113281
-13.672816	-9.314427	1354.750000	19.587719
-13.672816	-9.314427	1353.083984	13.557735
-13.672816	-9.314427	1351.417969	18.072990
-13.672816	-9.314427	1349.750000	18.069002
-13.672816	-9.314427	1348.083984	16.559595
-13.672816	-9.314427	1346.416016	28.596619
-13.672816	-9.314427	1344.748047	22.571291
-13.672816	-9.314427	1343.078125	16.548624
-13.672816	-9.314427	1341.410156	21.057230
-13.672816	-9.314427	1339.740234	21.052576
-13.672816	-9.314427	1338.072266	24.054770
-13.672816	-9.314427	1336.402344	19.540178
-13.672816	-9.314427	1334.730469	25.546890
-13.672816	-9.314427	1333.060547	19.531536
-13.672816	-9.314427	1331.388672	24.033495
-13.672816	-9.314427	1329.718750	25.529938
-13.672816	-9.314427	1328.046875	12.011430
-13.672816	-9.314427	1326.375000	15.010963
-13.672816	-9.314427	1324.701172	19.509932
-13.672816	-9.314427	1323.029297	21.006042
-13.672816	-9.314427	1321.355469	24.001589
-13.672816	-9.314427	1319.681641	17.997204
-13.672816	-9.314427	1318.007813	20.992085
-13.672816	-9.314427	1316.333984	16.490126
-13.672816	-9.314427	1314.660156	22.481550
-13.672816	-9.314427	1312.984375	20.978127
-13.672816	-9.314427	1311.308594	17.977264
-13.672816	-9.314427	1309.632813	16.475504
-13.672816	-9.314427	1307.957031	25.456493
-13.672816	-9.314427	1306.279297	19.462410
-13.672816	-9.314427	1304.603516	16.464539
-13.672816	-9.314427	1302.925781	14.964439
-13.672816	-9.314427	1301.248047	13.465005
-13.672816	-9.314427	1299.570313	23.932470
-13.672816	-9.314427	1297.892578	20.936260
-13.672816	-9.314427	1296.212891	23.921839
-13.672816	-9.314427	1294.533203	20.926958
-13.672816	-9.314427	1292.853516	16.438955
-13.672816	-9.314427	1291.173828	22.411774
-13.672816	-9.314427	1289.494141	13.444074
-13.672816	-9.314427	1287.812500	20.908352
-13.672816	-9.314427	1286.132813	20.903702
-13.672816	-9.314427	1284.451172	23.884630
-13.672816	-9.314427	1282.769531	19.401943
-13.672816	-9.314427	1281.085938	25.366125
-13.672816	-9.314427	1279.404297	16.409721
-13.672816	-9.314427	1277.720703	20.880447
-13.672816	-9.314427	1276.039063	11.929028
-13.672816	-9.314427	1274.355469	19.380352
-13.672816	-9.314427	1272.669922	20.866497
-13.672816	-9.314427	1270.986328	13.411187
-13.672816	-9.314427	1269.300781	13.408197
-13.672816	-9.314427	1267.615234	17.873611
-13.672816	-9.314427	1265.929688	19.358761
-13.672816	-9.314427	1264.244141	25.309656
-13.672816	-9.314427	1262.558594	26.792480
-13.672816	-9.314427	1260.871094	20.833946
-13.672816	-9.314427	1259.185547	16.365875
-13.672816	-9.314427	1257.498047	22.312122
-13.672816	-9.314427	1255.808594	16.358570
-13.672816	-9.314427	1254.121094	17.841726
-13.672816	-9.314427	1252.433594	17.837742
-13.672816	-9.314427	1250.744141	22.292196
-13.672816	-9.314427	1249.054688	17.829771
-13.672816	-9.314427	1247.365234	20.796751
-13.672816	-9.314427	1245.673828	13.366351
-13.672816	-9.314427	1243.984375	19.302633
-13.672816	-9.314427	1242.292969	20.782803
-13.672816	-9.314427	1240.601563	22.262308
-13.672816	-9.314427	1238.910156	23.741148
-13.672816	-9.314427	1237.218750	13.351408
-13.672816	-9.314427	1235.525391	19.281050
-13.672816	-9.314427	1233.833984	29.656513
-13.672816	-9.314427	1232.140625	16.307428
-13.672816	-9.314427	1230.447266	14.821615
-13.672816	-9.314427	1228.753906	17.781954
-13.672816	-9.314427	1227.058594	17.777969
-13.672816	-9.314427	1225.365234	25.179811
-13.672816	-9.314427	1223.669922	14.808333
-13.672816	-9.314427	1221.974609	19.246517
-13.672816	-9.314427	1220.277344	20.722370
-13.672816	-9.314427	1218.582031	16.278210
-13.672816	-9.314427	1216.884766	22.192579
-13.672816	-9.314427	1215.189453	20.708426
-13.672816	-9.314427	1213.492188	26.619144
-13.672816	-9.314427	1211.792969	19.220621
-13.672816	-9.314427	1210.095703	22.172659
-13.672816	-9.314427	1208.396484	19.211988
-13.672816	-9.314427	1206.699219	14.775133
-13.672816	-9.314427	1205.000000	14.771813
-13.672816	-9.314427	1203.298828	11.814795
-13.672816	-9.314427	1201.599609	19.194727
-13.672816	-9.314427	1199.900391	17.714226
-13.672816	-9.314427	1198.199219	23.613655
-13.672816	-9.314427	1196.498047	20.657301
-13.672816	-9.314427	1194.796875	14.751896
-13.672816	-9.314427	1193.093750	11.798861
-13.672816	-9.314427	1191.392578	19.168833
-13.672816	-9.314427	1189.689453	17.690325
-13.672816	-9.314427	1187.986328	22.107927
-13.672816	-9.314427	1186.283203	17.682358
-13.672816	-9.314427	1184.580078	22.097969
-13.672816	-9.314427	1182.875000	19.147257
-13.672816	-9.314427	1181.169922	23.560545
-13.672816	-9.314427	1179.464844	22.083033
-13.672816	-9.314427	1177.759766	22.078053
-13.672816	-9.314427	1176.054688	20.601536
-13.672816	-9.314427	1174.347656	17.654476
-13.672816	-9.314427	1172.642578	23.533991
-13.672816	-9.314427	1170.935547	22.058138
-13.672816	-9.314427	1169.228516	16.172318
-13.672816	-9.314427	1167.519531	20.578302
-13.672816	-9.314427	1165.812500	26.451845
-13.672816	-9.314427	1164.103516	26.445869
-13.672816	-9.314427	1162.394531	20.564363
-13.672816	-9.314427	1160.685547	20.559717
-13.672816	-9.314427	1158.976563	20.555071
-13.672816	-9.314427	1157.265625	19.082539
-13.672816	-9.314427	1155.556641	23.480890
-13.672816	-9.314427	1153.845703	19.073910
-13.672816	-9.314427	1152.134766	24.937162
-13.672816	-9.314427	1150.423828	24.931522
-13.672816	-9.314427	1148.710938	23.459652
-13.672816	-9.314427	1146.998047	17.590757
-13.672816	-9.314427	1145.287109	21.983469
-13.672816	-9.314427	1143.572266	24.908957
-13.672816	-9.314427	1141.859375	21.973513
-13.672816	-9.314427	1140.146484	11.716553
-13.672816	-9.314427	1138.431641	20.499321
-13.672816	-9.314427	1136.716797	19.030769
-13.672816	-9.314427	1135.001953	23.417177
-13.672816	-9.314427	1133.287109	20.485384
-13.672816	-9.314427	1131.570313	20.480740
-13.672816	-9.314427	1129.855469	19.013515
-13.672816	-9.314427	1128.138672	23.395941
-13.672816	-9.314427	1126.421875	24.852547
-13.672816	-9.314427	1124.703125	17.538994
-13.672816	-9.314427	1122.986328	21.918764
-13.672816	-9.314427	1121.267578	21.913788
-13.672816	-9.314427	1119.548828	23.369398
-13.672816	-9.314427	1117.830078	24.824347
-13.672816	-9.314427	1116.111328	29.198477
-13.672816	-9.314427	1114.392578	21.893881
-13.672816	-9.314427	1112.671875	16.051863
-13.672816	-9.314427	1110.951172	18.966072
-13.672816	-9.314427	1109.230469	20.420355
-13.672816	-9.314427	1107.509766	23.332241
-13.672816	-9.314427	1105.787109	17.495199
-13.672816	-9.314427	1104.066406	26.236828
-13.672816	-9.314427	1102.343750	23.316317
-13.672816	-9.314427	1100.621094	20.397133
-13.672816	-9.314427	1098.896484	13.109457
-13.672816	-9.314427	1097.173828	17.475296
-13.672816	-9.314427	1095.449219	17.471315
-13.672816	-9.314427	1093.724609	21.834167
-13.672816	-9.314427	1092.000000	18.918633
-13.672816	-9.314427	1090.275391	24.734112
-13.672816	-9.314427	1088.550781	21.819241
-13.672816	-9.314427	1086.824219	17.451412
-13.672816	-9.314427	1085.097656	23.263243
-13.672816	-9.314427	1083.371094	20.350695
-13.672816	-9.314427	1081.644531	21.799339
-13.672816	-9.314427	1079.916016	20.341408
-13.672816	-9.314427	1078.189453	26.147268
-13.672816	-9.314427	1076.460938	11.618355
-13.672816	-9.314427	1074.732422	18.875515
-13.672816	-9.314427	1073.001953	20.322834
-13.672816	-9.314427	1071.273438	23.220789
-13.672816	-9.314427	1069.542969	24.666451
-13.672816	-9.314427	1067.812500	17.407633
-13.672816	-9.314427	1066.082031	18.853956
-13.672816	-9.314427	1064.351563	21.749592
-13.672816	-9.314427	1062.619141	15.946053
-13.672816	-9.314427	1060.888672	15.942405
-13.672816	-9.314427	1059.156250	20.285690
-13.672816	-9.314427	1057.421875	15.935109
-13.672816	-9.314427	1055.689453	14.483147
-13.672816	-9.314427	1053.957031	27.511679
-13.672816	-9.314427	1052.222656	23.162424
-13.672816	-9.314427	1050.488281	21.709799
-13.672816	-9.314427	1048.753906	17.363859
-13.672816	-9.314427	1047.019531	20.253193
-13.672816	-9.314427	1045.283203	24.587526
-13.672816	-9.314427	1043.546875	20.243910
-13.672816	-9.314427	1041.810547	15.902282
-13.672816	-9.314427	1040.074219	18.789295
-13.672816	-9.314427	1038.337891	20.229984
-13.672816	-9.314427	1036.599609	20.225342
-13.672816	-9.314427	1034.861328	21.665037
-13.672816	-9.314427	1033.123047	21.660063
-13.672816	-9.314427	1031.384766	21.655090
-13.672816	-9.314427	1029.646484	21.650118
-13.672816	-9.314427	1027.906250	24.531164
-13.672816	-9.314427	1026.167969	27.410885
-13.672816	-9.314427	1024.427734	25.962240
-13.672816	-9.314427	1022.685547	21.630226
-13.672816	-9.314427	1020.945313	21.625254
-13.672816	-9.314427	1019.203125	23.061634
-13.672816	-9.314427	1017.462891	34.584496
-13.672816	-9.314427	1015.720703	30.254473
-13.672816	-9.314427	1013.976563	25.926439
-13.672816	-9.314427	1012.234375	24.480446
-13.672816	-9.314427	1010.490234	27.354200
-13.672816	-9.314427	1008.746094	23.029814
-13.672816	-9.314427	1007.001953	27.341606
-13.672816	-9.314427	1005.257813	21.580507
-13.672816	-9.314427	1003.513672	23.013905
-13.672816	-9.314427	1001.767578	28.760752
-13.672816	-9.314427	1000.021484	30.191830
-13.672816	-9.314427	998.275391	33.059620
-13.672816	-9.314427	996.529297	27.303825
-13.672816	-9.314427	994.781250	35.917801
-13.672816	-9.314427	993.035156	33.036755
-13.672816	-9.314427	991.287109	31.593082
-13.672816	-9.314427	989.539063	40.200100
-13.672816	-9.314427	987.789063	38.755436
-13.672816	-9.314427	986.041016	33.006268
-13.672816	-9.314427	984.291016	34.433372
-13.672816	-9.314427	982.541016	35.859810
-13.672816	-9.314427	980.791016	44.455894
-13.672816	-9.314427	979.041016	37.276974
-13.672816	-9.314427	977.289063	34.401562
-13.672816	-9.314427	975.537109	37.259747
-13.672816	-9.314427	973.785156	38.683868
-13.672816	-9.314427	972.033203	42.972137
-13.672816	-9.314427	970.281250	38.665977
-13.672816	-9.314427	968.527344	40.088776
-13.672816	-9.314427	966.773438	28.628214
-13.672816	-9.314427	965.019531	37.208065
-13.672816	-9.314427	963.265625	34.337955
-13.672816	-9.314427	961.511719	32.899590
-13.672816	-9.314427	959.755859	32.891972
-13.672816	-9.314427	958.000000	32.884354
-13.672816	-9.314427	956.244141	38.594429
-13.672816	-9.314427	954.488281	27.152748
-13.672816	-9.314427	952.730469	31.432737
-13.672816	-9.314427	950.974609	35.710739
-13.672816	-9.314427	949.216797	32.846264
-13.672816	-9.314427	947.458984	39.977482
-13.672816	-9.314427	945.701172	39.968208
-13.672816	-9.314427	943.941406	29.969204
-13.672816	-9.314427	942.181641	35.669346
-13.672816	-9.314427	940.421875	29.955296
-13.672816	-9.314427	938.662109	35.652786
-13.672816	-9.314427	936.902344	37.070290
-13.672816	-9.314427	935.140625	28.508986
-13.672816	-9.314427	933.380859	38.478191
-13.672816	-9.314427	931.619141	27.070953
-13.672816	-9.314427	929.855469	25.640207
-13.672816	-9.314427	928.093750	25.634249
-13.672816	-9.314427	926.330078	18.509319
-13.672816	-9.314427	924.568359	11.387702
-13.672816	-9.314427	922.804688	21.346975
-13.672816	-9.314427	921.039063	19.919210
-13.672816	-9.314427	919.275391	21.337046
-13.672816	-9.314427	917.509766	21.332081
-13.672816	-9.314427	915.744141	25.592539
-13.672816	-9.314427	913.978516	19.900673
-13.672816	-9.314427	912.212891	32.686352
-13.672816	-9.314427	910.447266	31.257923
-13.672816	-9.314427	908.679688	19.886772
-13.672816	-9.314427	906.912109	21.302292
-13.672816	-9.314427	905.144531	29.816259
-13.672816	-9.314427	903.375000	22.711855
-13.672816	-9.314427	901.607422	26.964041
-13.672816	-9.314427	899.837891	26.957754
-13.672816	-9.314427	898.068359	28.369965
-13.672816	-9.314427	896.298828	24.108845
-13.672816	-9.314427	894.529297	19.849710
-13.672816	-9.314427	892.757813	17.010067
-13.672816	-9.314427	890.986328	26.926321
-13.672816	-9.314427	889.214844	22.669504
-13.672816	-9.314427	887.443359	22.664211
-13.672816	-9.314427	885.669922	28.323647
-13.672816	-9.314427	883.898438	15.574367
-13.672816	-9.314427	882.125000	19.817291
-13.672816	-9.314427	880.351563	26.888609
-13.672816	-9.314427	878.578125	21.222889
-13.672816	-9.314427	876.802734	22.632456
-13.672816	-9.314427	875.027344	25.455559
-13.672816	-9.314427	873.251953	18.380272
-13.672816	-9.314427	871.476563	15.548900
-13.672816	-9.314427	869.701172	18.371674
-13.672816	-9.314427	867.923828	25.431749
-13.672816	-9.314427	866.146484	25.425797
-13.672816	-9.314427	864.369141	15.534349
-13.672816	-9.314427	862.591797	24.002010
-13.672816	-9.314427	860.814453	21.173285
-13.672816	-9.314427	859.035156	22.579548
-13.672816	-9.314427	857.255859	28.217823
-13.672816	-9.314427	855.476563	23.979528
-13.672816	-9.314427	853.697266	25.384140
-13.672816	-9.314427	851.916016	22.558392
-13.672816	-9.314427	850.136719	22.553102
-13.672816	-9.314427	848.355469	32.412483
-13.672816	-9.314427	846.574219	26.769249
-13.672816	-9.314427	844.791016	25.354391
-13.672816	-9.314427	843.009766	22.531950
-13.672816	-9.314427	841.226563	23.934578
-13.672816	-9.314427	839.443359	22.521376
-13.672816	-9.314427	837.660156	26.737854
-13.672816	-9.314427	835.875000	25.324652
-13.672816	-9.314427	834.091797	28.131893
-13.672816	-9.314427	832.306641	28.125284
-13.672816	-9.314427	830.521484	16.871206
-13.672816	-9.314427	828.734375	15.461638
-13.672816	-9.314427	826.949219	18.268551
-13.672816	-9.314427	825.162109	16.859314
-13.672816	-9.314427	823.375000	19.664576
-13.672816	-9.314427	821.587891	21.064234
-13.672816	-9.314427	819.800781	21.059278
-13.672816	-9.314427	818.011719	23.861568
-13.672816	-9.314427	816.222656	21.049372
-13.672816	-9.314427	814.433594	18.238495
-13.672816	-9.314427	812.644531	29.455250
-13.672816	-9.314427	810.855469	19.632210
-13.672816	-9.314427	809.064453	12.617735
-13.672816	-9.314427	807.273438	18.221325
-13.672816	-9.314427	805.482422	18.217033
-13.672816	-9.314427	803.691406	15.410782
-13.672816	-9.314427	801.898438	16.807800
-13.672816	-9.314427	800.107422	25.205759
-13.672816	-9.314427	798.314453	27.999796
-13.672816	-9.314427	796.521484	18.195578
-13.672816	-9.314427	794.726563	29.385925
-13.672816	-9.314427	792.933594	20.984995
-13.672816	-9.314427	791.138672	22.378716
-13.672816	-9.314427	789.343750	9.788378
-13.672816	-9.314427	787.546875	22.368156
-13.672816	-9.314427	785.751953	20.965197
-13.672816	-9.314427	783.955078	27.946997
-13.672816	-9.314427	782.158203	27.940399
-13.672816	-9.314427	780.361328	27.933802
-13.672816	-9.314427	778.564453	23.738123
-13.672816	-9.314427	776.765625	26.524576
-13.672816	-9.314427	774.968750	20.935507
-13.672816	-9.314427	773.169922	22.325932
-13.672816	-9.314427	771.369141	23.715694
-13.672816	-9.314427	769.570313	26.499512
-13.672816	-9.314427	767.769531	29.282007
-13.672816	-9.314427	765.970703	19.516722
-13.672816	-9.314427	764.167969	34.843048
-13.672816	-9.314427	762.367188	32.048019
-13.672816	-9.314427	760.566406	22.289000
-13.672816	-9.314427	758.763672	25.069191
-13.672816	-9.314427	756.960938	20.886049
-13.672816	-9.314427	755.158203	22.273178
-13.672816	-9.314427	753.353516	25.051392
-13.672816	-9.314427	751.550781	29.219704
-13.672816	-9.314427	749.746094	30.603868
-13.672816	-9.314427	747.941406	29.205862
-13.672816	-9.314427	746.136719	29.198942
-13.672816	-9.314427	744.330078	26.411831
-13.672816	-9.314427	742.523438	30.574873
-13.672816	-9.314427	740.718750	27.788750
-13.672816	-9.314427	738.910156	27.782162
-13.672816	-9.314427	737.103516	29.164352
-13.672816	-9.314427	735.294922	24.992086
-13.672816	-9.314427	733.488281	22.209919
-13.672816	-9.314427	731.679688	29.143602
-13.672816	-9.314427	729.869141	27.749226
-13.672816	-9.314427	728.060547	24.968376
-13.672816	-9.314427	726.250000	18.028437
-13.672816	-9.314427	724.439453	27.729471
-13.672816	-9.314427	722.628906	19.406021
-13.672816	-9.314427	720.818359	26.330488
-13.672816	-9.314427	719.005859	23.553261
-13.672816	-9.314427	717.195313	23.547667
-13.672816	-9.314427	715.382813	26.311726
-13.672816	-9.314427	713.568359	26.305473
-13.672816	-9.314427	711.755859	26.299221
-13.672816	-9.314427	709.941406	19.373768
-13.672816	-9.314427	708.126953	15.218626
-13.672816	-9.314427	706.312500	22.130920
-13.672816	-9.314427	704.498047	23.508511
-13.672816	-9.314427	702.681641	17.972820
-13.672816	-9.314427	700.867188	22.115131
-13.672816	-9.314427	699.050781	17.964268
-13.672816	-9.314427	697.232422	26.249220
-13.672816	-9.314427	695.416016	24.861763
-13.672816	-9.314427	693.597656	20.713203
-13.672816	-9.314427	691.779297	23.469376
-13.672816	-9.314427	689.960938	19.323118
-13.672816	-9.314427	688.142578	19.318516
-13.672816	-9.314427	686.324219	19.313913
-13.672816	-9.314427	684.503906	26.205496
-13.672816	-9.314427	682.683594	22.062527
-13.672816	-9.314427	680.863281	28.950165
-13.672816	-9.314427	679.041016	22.052011
-13.672816	-9.314427	677.218750	23.424677
-13.672816	-9.314427	675.398438	24.796684
-13.672816	-9.314427	673.576172	27.545301
-13.672816	-9.314427	671.751953	31.669542
-13.672816	-9.314427	669.929688	23.402338
-13.672816	-9.314427	668.105469	24.773035
-13.672816	-9.314427	666.281250	26.143074
-13.672816	-9.314427	664.457031	27.512459
-13.672816	-9.314427	662.630859	24.755302
-13.672816	-9.314427	660.806641	26.124359
-13.672816	-9.314427	658.980469	31.616673
-13.672816	-9.314427	657.154297	23.363266
-13.672816	-9.314427	655.326172	21.983704
-13.672816	-9.314427	653.500000	32.967678
-13.672816	-9.314427	651.671875	28.839827
-13.672816	-9.314427	649.843750	31.578930
-13.672816	-9.314427	648.015625	34.316723
-13.672816	-9.314427	646.185547	27.446815
-13.672816	-9.314427	644.357422	32.928307
-13.672816	-9.314427	642.527344	31.548748
-13.672816	-9.314427	640.697266	37.026630
-13.672816	-9.314427	638.865234	31.533661
-13.672816	-9.314427	637.035156	30.155418
-13.672816	-9.314427	635.203125	28.777832
-13.672816	-9.314427	633.371094	23.290766
-13.672816	-9.314427	631.539063	34.242931
-13.672816	-9.314427	629.705078	39.712296
-13.672816	-9.314427	627.873047	35.595604
-13.672816	-9.314427	626.039063	28.743414
-13.672816	-9.314427	624.203125	42.420593
-13.672816	-9.314427	622.369141	51.986988
-13.672816	-9.314427	620.535156	27.355019
-13.672816	-9.314427	618.699219	31.450737
-13.672816	-9.314427	616.863281	30.076107
-13.672816	-9.314427	615.025391	34.169205
-13.672816	-9.314427	613.189453	32.794579
-13.672816	-9.314427	611.351563	36.885059
-13.672816	-9.314427	609.513672	36.876217
-13.672816	-9.314427	607.675781	23.212793
-13.672816	-9.314427	605.837891	34.128277
-13.672816	-9.314427	603.998047	34.120094
-13.672816	-9.314427	602.158203	27.289528
-13.672816	-9.314427	600.318359	23.190536
-13.672816	-9.314427	598.478516	23.184973
-13.672816	-9.314427	596.636719	29.996883
-13.672816	-9.314427	594.796875	31.352854
-13.672816	-9.314427	592.955078	24.531128
-13.672816	-9.314427	591.111328	32.700321
-13.672816	-9.314427	589.269531	31.330286
-13.672816	-9.314427	587.425781	27.237186
-13.672816	-9.314427	585.583984	24.507582
-13.672816	-9.314427	583.738281	32.668930
-13.672816	-9.314427	581.894531	20.413177
-13.672816	-9.314427	580.050781	24.489929
-13.672816	-9.314427	578.205078	24.484045
-13.672816	-9.314427	576.359375	25.838060
-13.672816	-9.314427	574.513672	24.472282
-13.672816	-9.314427	572.666016	27.184889
-13.672816	-9.314427	570.818359	23.101603
-13.672816	-9.314427	568.970703	20.378868
-13.672816	-9.314427	567.123047	28.523556
-13.672816	-9.314427	565.275391	24.442884
-13.672816	-9.314427	563.425781	23.079395
-13.672816	-9.314427	561.576172	28.502983
-13.672816	-9.314427	559.726563	21.711336
-13.672816	-9.314427	557.876953	29.845905
-13.672816	-9.314427	556.027344	16.275669
-13.672816	-9.314427	554.175781	28.475567
-13.672816	-9.314427	552.324219	25.757408
-13.672816	-9.314427	550.472656	31.172518
-13.672816	-9.314427	548.619141	24.390011
-13.672816	-9.314427	546.767578	29.802837
-13.672816	-9.314427	544.914063	29.795662
-13.672816	-9.314427	543.060547	36.558598
-13.672816	-9.314427	541.205078	32.488708
-13.672816	-9.314427	539.351563	40.601105
-13.672816	-9.314427	537.496094	36.532192
-13.672816	-9.314427	535.640625	45.992420
-13.672816	-9.314427	533.785156	48.686123
-13.672816	-9.314427	531.927734	55.434727
-13.672816	-9.314427	530.070313	62.180073
-13.672816	-9.314427	528.212891	77.030647
-13.672816	-9.314427	526.355469	104.033867
-13.672816	-9.314427	524.498047	203.965286
-13.672816	-9.314427	522.638672	388.926117
-13.672816	-9.314427	520.779297	595.399536
-13.672816	-9.314427	518.919922	458.927490
-13.672816	-9.314427	517.060547	219.962189
-13.672816	-9.314427	515.199219	128.167892
-13.672816	-9.314427	513.339844	82.277435
-13.672816	-9.314427	511.478516	70.121216
-13.672816	-9.314427	509.615234	68.756142
-13.672816	-9.314427	507.753906	62.000381
-13.672816	-9.314427	505.890625	67.375458
-13.672816	-9.314427	504.027344	55.234543
-13.672816	-9.314427	502.164063	61.955505
-13.672816	-9.314427	500.300781	48.475212
-13.672816	-9.314427	498.435547	60.579388
-13.672816	-9.314427	496.570313	63.256531
-13.672816	-9.314427	494.705078	68.623489
-13.672816	-9.314427	492.839844	59.190285
-13.672816	-9.314427	490.972656	45.726902
-13.672816	-9.314427	489.107422	63.195450
-13.672816	-9.314427	487.240234	53.770370
-13.672816	-9.314427	485.371094	51.069511
-13.672816	-9.314427	483.503906	40.308292
-13.672816	-9.314427	481.634766	45.671696
-13.672816	-9.314427	479.765625	45.660660
-13.672816	-9.314427	477.896484	32.223263
-13.672816	-9.314427	476.027344	45.638592
-13.672816	-9.314427	474.156250	32.207691
-13.672816	-9.314427	472.285156	30.858242
-13.672816	-9.314427	470.414063	32.192120
-13.672816	-9.314427	468.542969	36.207378
-13.672816	-9.314427	466.669922	34.857933
-13.672816	-9.314427	464.796875	30.828407
-13.672816	-9.314427	462.923828	28.140869
-13.672816	-9.314427	461.050781	33.492931
-13.672816	-9.314427	459.177734	32.145439
-13.672816	-9.314427	457.302734	42.850216
-13.672816	-9.314427	455.427734	41.501102
-13.672816	-9.314427	453.552734	41.491062
-13.672816	-9.314427	451.675781	33.452438
-13.672816	-9.314427	449.800781	25.417700
-13.672816	-9.314427	447.923828	32.098801
-13.672816	-9.314427	446.046875	37.439533
-13.672816	-9.314427	444.169922	37.430473
-13.672816	-9.314427	442.291016	28.066059
-13.672816	-9.314427	440.412109	32.067730
-13.672816	-9.314427	438.533203	32.059967
-13.672816	-9.314427	436.654297	28.045679
-13.672816	-9.314427	434.773438	25.368517
-13.672816	-9.314427	432.894531	21.357788
-13.672816	-9.314427	431.013672	29.359848
-13.672816	-9.314427	429.130859	25.350090
-13.672816	-9.314427	427.250000	21.342274
-13.672816	-9.314427	425.367188	34.672794
-13.672816	-9.314427	423.484375	18.665443
-13.672816	-9.314427	421.601563	23.992613
-13.672816	-9.314427	419.718750	26.651999
-13.672816	-9.314427	417.833984	27.977818
-13.672816	-9.314427	415.949219	23.975176
-13.672816	-9.314427	414.064453	18.642839
-13.672816	-9.314427	412.179688	31.951408
-13.672816	-9.314427	410.294922	34.605637
-13.672816	-9.314427	408.408203	39.919903
-13.672816	-9.314427	406.521484	34.588860
-13.672816	-9.314427	404.634766	33.250458
-13.672816	-9.314427	402.746094	45.209660
-13.672816	-9.314427	400.857422	55.833683
-13.672816	-9.314427	398.968750	81.072113
-13.672816	-9.314427	397.080078	82.381187
-13.672816	-9.314427	395.191406	79.704391
-13.672816	-9.314427	393.300781	66.404221
-13.672816	-9.314427	391.410156	71.699165
-13.672816	-9.314427	389.519531	58.407372
-13.672816	-9.314427	387.628906	62.374557
-13.672816	-9.314427	385.736328	57.052242
-13.672816	-9.314427	383.843750	53.058975
-13.672816	-9.314427	381.951172	58.350716
-13.672816	-9.314427	380.058594	57.010727
-13.672816	-9.314427	378.164063	53.020367
-13.672816	-9.314427	376.271484	72.885315
-13.672816	-9.314427	374.376953	79.491959
-13.672816	-9.314427	372.480469	67.551765
-13.672816	-9.314427	370.585938	59.590031
-13.672816	-9.314427	368.689453	41.040947
-13.672816	-9.314427	366.792969	50.296047
-13.672816	-9.314427	364.896484	46.314064
-13.672816	-9.314427	363.000000	51.594570
-13.672816	-9.314427	361.101563	55.549896
-13.672816	-9.314427	359.203125	63.470181
-13.672816	-9.314427	357.304688	48.913055
-13.672816	-9.314427	355.406250	60.796059
-13.672816	-9.314427	353.505859	55.495968
-13.672816	-9.314427	351.605469	50.198444
-13.672816	-9.314427	349.705078	50.186256
-13.672816	-9.314427	347.804688	59.416660
-13.672816	-9.314427	345.902344	46.201736
-13.672816	-9.314427	344.001953	52.789158
-13.672816	-9.314427	342.099609	52.776337
-13.672816	-9.314427	340.195313	43.529903
-13.672816	-9.314427	338.292969	42.200562
-13.672816	-9.314427	336.388672	48.782551
-13.672816	-9.314427	334.484375	39.543812
-13.672816	-9.314427	332.580078	30.309557
-13.672816	-9.314427	330.675781	42.159573
-13.672816	-9.314427	328.769531	36.880665
-13.672816	-9.314427	326.863281	31.604319
-13.672816	-9.314427	324.957031	34.229694
-13.672816	-9.314427	323.048828	34.221378
-13.672816	-9.314427	321.142578	39.476608
-13.672816	-9.314427	319.234375	31.573614
-13.672816	-9.314427	317.326172	27.620199
-13.672816	-9.314427	315.417969	31.558271
-13.672816	-9.314427	313.507813	36.809036
-13.672816	-9.314427	311.597656	24.971491
-13.672816	-9.314427	309.687500	34.163208
-13.672816	-9.314427	307.777344	31.527607
-13.672816	-9.314427	305.865234	38.086597
-13.672816	-9.314427	303.955078	34.138306
-13.672816	-9.314427	302.042969	34.130009
-13.672816	-9.314427	300.128906	36.746460
-13.672816	-9.314427	298.216797	39.361641
-13.672816	-9.314427	296.302734	28.858187
-13.672816	-9.314427	294.388672	34.096840
-13.672816	-9.314427	292.474609	28.844158
-13.672816	-9.314427	290.560547	30.147926
-13.672816	-9.314427	288.644531	40.624283
-13.672816	-9.314427	286.728516	44.544834
-13.672816	-9.314427	284.812500	53.702774
-13.672816	-9.314427	282.896484	39.285160
-13.672816	-9.314427	280.978516	51.058292
-13.672816	-9.314427	279.060547	62.825699
-13.672816	-9.314427	277.142578	68.044624
-13.672816	-9.314427	275.224609	68.028084
-13.672816	-9.314427	273.304688	68.011543
-13.672816	-9.314427	271.384766	74.532990
-13.672816	-9.314427	269.464844	74.514870
-13.672816	-9.314427	267.544922	95.408127
-13.672816	-9.314427	265.623047	124.131073
-13.672816	-9.314427	263.703125	201.174072
-13.672816	-9.314427	261.781250	313.441803
-13.672816	-9.314427	259.857422	270.277832
-13.672816	-9.314427	257.935547	261.074493
-13.672816	-9.314427	256.011719	237.520035
-13.672816	-9.314427	254.087891	259.642822
-13.672816	-9.314427	252.164063	666.558960
-13.672816	-9.314427	250.240234	1920.944336
-13.672816	-9.314427	248.314453	1727.516968
-13.672816	-9.314427	246.388672	756.012207
-13.672816	-9.314427	244.462891	353.154297
-13.672816	-9.314427	242.535156	241.024582
-13.672816	-9.314427	240.609375	205.797974
-13.672816	-9.314427	238.681641	169.286270
-13.672816	-9.314427	236.753906	134.094208
-13.672816	-9.314427	234.824219	115.839638
-13.672816	-9.314427	232.896484	93.690178
-13.672816	-9.314427	230.966797	76.755226
-13.672816	-9.314427	229.037109	70.233467
-13.672816	-9.314427	227.107422	70.216393
-13.672816	-9.314427	225.175781	75.399269
-13.672816	-9.314427	223.244141	75.380936
-13.672816	-9.314427	221.312500	76.661964
-13.672816	-9.314427	219.380859	83.138527
-13.672816	-9.314427	217.447266	83.118309
-13.672816	-9.314427	215.515625	79.202881
-13.672816	-9.314427	213.582031	75.289352
-13.672816	-9.314427	211.646484	70.079941
-13.672816	-9.314427	209.712891	58.385750
-13.672816	-9.314427	207.777344	58.371559
-13.672816	-9.314427	205.841797	57.060535
-13.672816	-9.314427	203.906250	47.971058
-13.672816	-9.314427	201.968750	31.108799
-13.672816	-9.314427	200.033203	36.284775
-13.672816	-9.314427	198.095703	44.049374
-13.672816	-9.314427	196.158203	33.676628
-13.672816	-9.314427	194.218750	27.193743
-13.672816	-9.314427	192.281250	32.365635
-13.672816	-9.314427	190.341797	18.120350
-13.672816	-9.314427	188.402344	28.467915
-13.672816	-9.314427	186.460938	31.048357
-13.672816	-9.314427	184.521484	25.867344
-13.672816	-9.314427	182.580078	29.740215
-13.672816	-9.314427	180.638672	27.147511
-13.672816	-9.314427	178.695313	34.895458
-13.672816	-9.314427	176.753906	23.257986
-13.672816	-9.314427	174.810547	25.835926
-13.672816	-9.314427	172.867188	32.287060
-13.672816	-9.314427	170.921875	33.570385
-13.672816	-9.314427	168.978516	20.653679
-13.672816	-9.314427	167.033203	27.101366
-13.672816	-9.314427	165.087891	29.675238
-13.672816	-9.314427	163.142578	29.668028
-13.672816	-9.314427	161.195313	25.792017
-13.672816	-9.314427	159.248047	32.232189
-13.672816	-9.314427	157.300781	38.669231
-13.672816	-9.314427	155.353516	32.216530
-13.672816	-9.314427	153.406250	30.920359
-13.672816	-9.314427	151.457031	41.217129
-13.672816	-9.314427	149.507813	30.905340
-13.672816	-9.314427	147.558594	45.059341
-13.672816	-9.314427	145.607422	43.761299
-13.672816	-9.314427	143.658203	46.324242
-13.672816	-9.314427	141.707031	51.458881
-13.672816	-9.314427	139.753906	55.304863
-13.672816	-9.314427	137.802734	77.150841
-13.672816	-9.314427	135.849609	77.132111
-13.672816	-9.314427	133.896484	62.975929
-13.672816	-9.314427	131.943359	51.396439
-13.672816	-9.314427	129.990234	55.237759
-13.672816	-9.314427	128.035156	41.097191
-13.672816	-9.314427	126.080078	43.655167
-13.672816	-9.314427	124.125000	43.644569
-13.672816	-9.314427	122.169922	51.334091
-13.672816	-9.314427	120.212891	55.170757
-13.672816	-9.314427	118.255859	44.895531
-13.672816	-9.314427	116.298828	52.579147
-13.672816	-9.314427	114.341797	44.873745
-13.672816	-9.314427	112.382813	43.581062
-13.672816	-9.314427	110.423828	29.474154
-13.672816	-9.314427	108.464844	23.061132
-13.672816	-9.314427	106.505859	23.055538
-13.672816	-9.314427	104.544922	23.049946
-13.672816	-9.314427	102.585938	14.082662
-13.672816	-9.314427	100.625000	8.959520
-13.672816	-9.314427	98.662109	5.118484
-13.672816	-9.314427	96.701172	1.279311
-13.672816	-9.314427	94.738281	1.279001
-13.672816	-9.314427	92.775391	2.557381
-13.672816	-9.314427	90.812500	1.278380
-13.672816	-9.314427	88.847656	-2.556141
-13.672816	-9.314427	86.882813	0.000000
-13.672816	-9.314427	84.917969	-1.277451
-13.672816	-9.314427	82.953125	-1.277141
-13.672816	-9.314427	80.988281	0.000000
-13.672816	-9.314427	79.021484	-1.276522
-13.672816	-9.314427	77.054688	2.552426
-13.672816	-9.314427	75.087891	1.275904
-13.672816	-9.314427	73.119141	2.551189
-13.672816	-9.314427	71.152344	-1.275286
-13.672816	-9.314427	69.183594	-1.274977
-13.672816	-9.314427	67.212891	2.549336
-13.672816	-9.314427	65.244141	-1.274359
-13.672816	-9.314427	63.273438	-1.274051
-13.672816	-9.314427	61.302734	2.547484
-13.672816	-9.314427	59.332031	-1.273434
