#X		#Y		#Wave		#Intensity
-32.547194	-26.613749	1838.626953	8.035743
-32.547194	-26.613749	1837.066406	9.642892
-32.547194	-26.613749	1835.503906	4.820420
-32.547194	-26.613749	1833.941406	8.032324
-32.547194	-26.613749	1832.378906	12.848983
-32.547194	-26.613749	1830.816406	6.423124
-32.547194	-26.613749	1829.251953	11.238075
-32.547194	-26.613749	1827.687500	12.840781
-32.547194	-26.613749	1826.125000	4.814269
-32.547194	-26.613749	1824.560547	9.626488
-32.547194	-26.613749	1822.994141	17.644804
-32.547194	-26.613749	1821.429688	8.018659
-32.547194	-26.613749	1819.865234	11.223733
-32.547194	-26.613749	1818.298828	8.015245
-32.547194	-26.613749	1816.732422	6.410832
-32.547194	-26.613749	1815.166016	8.011834
-32.547194	-26.613749	1813.599609	4.806077
-32.547194	-26.613749	1812.033203	12.813478
-32.547194	-26.613749	1810.464844	8.006719
-32.547194	-26.613749	1808.896484	8.005014
-32.547194	-26.613749	1807.330078	11.204635
-32.547194	-26.613749	1805.759766	16.003214
-32.547194	-26.613749	1804.191406	7.999903
-32.547194	-26.613749	1802.623047	7.998200
-32.547194	-26.613749	1801.052734	4.797898
-32.547194	-26.613749	1799.484375	9.593754
-32.547194	-26.613749	1797.914063	9.591711
-32.547194	-26.613749	1796.343750	3.196556
-32.547194	-26.613749	1794.771484	14.381439
-32.547194	-26.613749	1793.201172	7.987987
-32.547194	-26.613749	1791.628906	11.180800
-32.547194	-26.613749	1790.058594	4.790751
-32.547194	-26.613749	1788.486328	14.369192
-32.547194	-26.613749	1786.914063	12.769895
-32.547194	-26.613749	1785.339844	9.575381
-32.547194	-26.613749	1783.767578	12.764456
-32.547194	-26.613749	1782.193359	6.380868
-32.547194	-26.613749	1780.621094	11.164141
-32.547194	-26.613749	1779.046875	11.161762
-32.547194	-26.613749	1777.470703	14.347780
-32.547194	-26.613749	1775.896484	7.969291
-32.547194	-26.613749	1774.322266	9.561111
-32.547194	-26.613749	1772.746094	9.559073
-32.547194	-26.613749	1771.169922	6.371358
-32.547194	-26.613749	1769.593750	11.147500
-32.547194	-26.613749	1768.017578	12.737286
-32.547194	-26.613749	1766.441406	9.550928
-32.547194	-26.613749	1764.863281	11.140374
-32.547194	-26.613749	1763.287109	11.138000
-32.547194	-26.613749	1761.708984	9.544823
-32.547194	-26.613749	1760.130859	11.133252
-32.547194	-26.613749	1758.552734	3.180251
-32.547194	-26.613749	1756.972656	9.538719
-32.547194	-26.613749	1755.394531	9.536686
-32.547194	-26.613749	1753.814453	14.301978
-32.547194	-26.613749	1752.234375	7.943849
-32.547194	-26.613749	1750.654297	9.530586
-32.547194	-26.613749	1749.074219	6.352369
-32.547194	-26.613749	1747.492188	7.938768
-32.547194	-26.613749	1745.912109	7.937075
-32.547194	-26.613749	1744.330078	11.109534
-32.547194	-26.613749	1742.748047	9.520427
-32.547194	-26.613749	1741.166016	14.277594
-32.547194	-26.613749	1739.583984	9.516365
-32.547194	-26.613749	1738.000000	7.928612
-32.547194	-26.613749	1736.417969	6.341537
-32.547194	-26.613749	1734.833984	7.925229
-32.547194	-26.613749	1733.250000	9.508245
-32.547194	-26.613749	1731.666016	6.337477
-32.547194	-26.613749	1730.082031	11.088219
-32.547194	-26.613749	1728.496094	9.502158
-32.547194	-26.613749	1726.912109	11.083486
-32.547194	-26.613749	1725.326172	12.664136
-32.547194	-26.613749	1723.740234	7.913395
-32.547194	-26.613749	1722.154297	9.494047
-32.547194	-26.613749	1720.566406	4.746010
-32.547194	-26.613749	1718.980469	11.071658
-32.547194	-26.613749	1717.392578	7.906638
-32.547194	-26.613749	1715.804688	9.485939
-32.547194	-26.613749	1714.216797	9.483913
-32.547194	-26.613749	1712.628906	9.481888
-32.547194	-26.613749	1711.041016	7.899885
-32.547194	-26.613749	1709.451172	11.057476
-32.547194	-26.613749	1707.861328	12.634415
-32.547194	-26.613749	1706.271484	6.315857
-32.547194	-26.613749	1704.681641	6.314508
-32.547194	-26.613749	1703.091797	11.048027
-32.547194	-26.613749	1701.501953	11.045666
-32.547194	-26.613749	1699.910156	9.465690
-32.547194	-26.613749	1698.318359	18.927332
-32.547194	-26.613749	1696.726563	11.038584
-32.547194	-26.613749	1695.134766	11.036223
-32.547194	-26.613749	1693.542969	12.610129
-32.547194	-26.613749	1691.949219	9.455575
-32.547194	-26.613749	1690.357422	7.877960
-32.547194	-26.613749	1688.763672	9.451530
-32.547194	-26.613749	1687.169922	9.449509
-32.547194	-26.613749	1685.576172	6.298325
-32.547194	-26.613749	1683.982422	11.019710
-32.547194	-26.613749	1682.386719	6.295630
-32.547194	-26.613749	1680.791016	7.867853
-32.547194	-26.613749	1679.195313	15.732339
-32.547194	-26.613749	1677.599609	6.291589
-32.547194	-26.613749	1676.003906	4.717681
-32.547194	-26.613749	1674.408203	6.288895
-32.547194	-26.613749	1672.810547	12.575098
-32.547194	-26.613749	1671.214844	12.572405
-32.547194	-26.613749	1669.617188	4.713643
-32.547194	-26.613749	1668.019531	7.854388
-32.547194	-26.613749	1666.419922	6.282165
-32.547194	-26.613749	1664.822266	7.851024
-32.547194	-26.613749	1663.222656	4.709605
-32.547194	-26.613749	1661.623047	12.556256
-32.547194	-26.613749	1660.023438	10.984370
-32.547194	-26.613749	1658.423828	7.844297
-32.547194	-26.613749	1656.824219	9.411139
-32.547194	-26.613749	1655.222656	10.977309
-32.547194	-26.613749	1653.623047	4.703553
-32.547194	-26.613749	1652.021484	3.135030
-32.547194	-26.613749	1650.419922	9.403072
-32.547194	-26.613749	1648.818359	9.401056
-32.547194	-26.613749	1647.214844	10.965547
-32.547194	-26.613749	1645.613281	9.397024
-32.547194	-26.613749	1644.009766	4.697504
-32.547194	-26.613749	1642.406250	7.827494
-32.547194	-26.613749	1640.802734	4.695489
-32.547194	-26.613749	1639.199219	4.694481
-32.547194	-26.613749	1637.593750	6.257965
-32.547194	-26.613749	1635.990234	10.949088
-32.547194	-26.613749	1634.384766	4.691459
-32.547194	-26.613749	1632.779297	1.563484
-32.547194	-26.613749	1631.173828	10.942039
-32.547194	-26.613749	1629.568359	9.376876
-32.547194	-26.613749	1627.960938	10.937340
-32.547194	-26.613749	1626.353516	9.372849
-32.547194	-26.613749	1624.748047	9.370836
-32.547194	-26.613749	1623.140625	7.807353
-32.547194	-26.613749	1621.531250	3.122270
-32.547194	-26.613749	1619.923828	12.486396
-32.547194	-26.613749	1618.314453	9.362784
-32.547194	-26.613749	1616.707031	7.800643
-32.547194	-26.613749	1615.097656	9.358760
-32.547194	-26.613749	1613.488281	6.237832
-32.547194	-26.613749	1611.878906	6.236491
-32.547194	-26.613749	1610.267578	12.470300
-32.547194	-26.613749	1608.656250	7.792261
-32.547194	-26.613749	1607.046875	12.464936
-32.547194	-26.613749	1605.435547	14.020037
-32.547194	-26.613749	1603.824219	14.017020
-32.547194	-26.613749	1602.210938	12.456893
-32.547194	-26.613749	1600.599609	7.783883
-32.547194	-26.613749	1598.986328	9.338649
-32.547194	-26.613749	1597.373047	12.448852
-32.547194	-26.613749	1595.759766	9.334628
-32.547194	-26.613749	1594.146484	9.332619
-32.547194	-26.613749	1592.533203	9.330609
-32.547194	-26.613749	1590.917969	7.773833
-32.547194	-26.613749	1589.302734	6.217727
-32.547194	-26.613749	1587.687500	4.662291
-32.547194	-26.613749	1586.072266	10.876334
-32.547194	-26.613749	1584.457031	9.320563
-32.547194	-26.613749	1582.839844	3.106185
-32.547194	-26.613749	1581.224609	4.658273
-32.547194	-26.613749	1579.607422	10.866961
-32.547194	-26.613749	1577.990234	7.760441
-32.547194	-26.613749	1576.373047	9.310521
-32.547194	-26.613749	1574.755859	6.205676
-32.547194	-26.613749	1573.136719	12.408674
-32.547194	-26.613749	1571.517578	4.652249
-32.547194	-26.613749	1569.898438	7.752076
-32.547194	-26.613749	1568.279297	13.950726
-32.547194	-26.613749	1566.660156	12.397968
-32.547194	-26.613749	1565.041016	3.098823
-32.547194	-26.613749	1563.419922	10.843539
-32.547194	-26.613749	1561.798828	7.743713
-32.547194	-26.613749	1560.177734	4.645225
-32.547194	-26.613749	1558.556641	0.000000
-32.547194	-26.613749	1556.935547	10.834176
-32.547194	-26.613749	1555.312500	15.474051
-32.547194	-26.613749	1553.691406	9.282425
-32.547194	-26.613749	1552.068359	4.640210
-32.547194	-26.613749	1550.445313	9.278413
-32.547194	-26.613749	1548.822266	13.914612
-32.547194	-26.613749	1547.197266	7.728669
-32.547194	-26.613749	1545.574219	10.817797
-32.547194	-26.613749	1543.949219	9.270392
-32.547194	-26.613749	1542.324219	9.268387
-32.547194	-26.613749	1540.699219	12.355176
-32.547194	-26.613749	1539.072266	10.808440
-32.547194	-26.613749	1537.447266	13.893559
-32.547194	-26.613749	1535.820313	7.716974
-32.547194	-26.613749	1534.193359	4.629182
-32.547194	-26.613749	1532.566406	7.713633
-32.547194	-26.613749	1530.939453	9.254355
-32.547194	-26.613749	1529.312500	7.710293
-32.547194	-26.613749	1527.683594	4.625174
-32.547194	-26.613749	1526.056641	10.789735
-32.547194	-26.613749	1524.427734	7.705284
-32.547194	-26.613749	1522.798828	9.244337
-32.547194	-26.613749	1521.167969	7.701945
-32.547194	-26.613749	1519.539063	9.240331
-32.547194	-26.613749	1517.908203	13.857491
-32.547194	-26.613749	1516.277344	7.696938
-32.547194	-26.613749	1514.646484	6.156215
-32.547194	-26.613749	1513.015625	6.154880
-32.547194	-26.613749	1511.384766	6.153544
-32.547194	-26.613749	1509.751953	13.842471
-32.547194	-26.613749	1508.121094	7.688593
-32.547194	-26.613749	1506.488281	9.224310
-32.547194	-26.613749	1504.855469	9.222307
-32.547194	-26.613749	1503.220703	10.757023
-32.547194	-26.613749	1501.587891	10.754687
-32.547194	-26.613749	1499.953125	6.144201
-32.547194	-26.613749	1498.318359	4.607150
-32.547194	-26.613749	1496.683594	7.676916
-32.547194	-26.613749	1495.048828	6.140198
-32.547194	-26.613749	1493.414063	6.138864
-32.547194	-26.613749	1491.777344	7.671912
-32.547194	-26.613749	1490.140625	13.806440
-32.547194	-26.613749	1488.505859	10.736008
-32.547194	-26.613749	1486.867188	4.600146
-32.547194	-26.613749	1485.230469	6.132194
-32.547194	-26.613749	1483.593750	9.196290
-32.547194	-26.613749	1481.955078	3.064763
-32.547194	-26.613749	1480.316406	7.660241
-32.547194	-26.613749	1478.677734	3.063429
-32.547194	-26.613749	1477.039063	9.188288
-32.547194	-26.613749	1475.400391	0.000000
-32.547194	-26.613749	1473.759766	10.715002
-32.547194	-26.613749	1472.119141	4.591144
-32.547194	-26.613749	1470.478516	7.650239
-32.547194	-26.613749	1468.837891	7.648573
-32.547194	-26.613749	1467.197266	10.705669
-32.547194	-26.613749	1465.556641	6.116192
-32.547194	-26.613749	1463.914063	9.172289
-32.547194	-26.613749	1462.271484	7.641908
-32.547194	-26.613749	1460.628906	9.168290
-32.547194	-26.613749	1458.986328	6.110860
-32.547194	-26.613749	1457.343750	10.691673
-32.547194	-26.613749	1455.699219	9.162292
-32.547194	-26.613749	1454.054688	10.687009
-32.547194	-26.613749	1452.410156	6.105529
-32.547194	-26.613749	1450.765625	13.734443
-32.547194	-26.613749	1449.121094	4.577148
-32.547194	-26.613749	1447.474609	9.152298
-32.547194	-26.613749	1445.830078	6.100199
-32.547194	-26.613749	1444.183594	6.098867
-32.547194	-26.613749	1442.537109	9.146302
-32.547194	-26.613749	1440.890625	7.620253
-32.547194	-26.613749	1439.242188	6.094870
-32.547194	-26.613749	1437.595703	3.046769
-32.547194	-26.613749	1435.947266	0.000000
-32.547194	-26.613749	1434.298828	9.136312
-32.547194	-26.613749	1432.650391	7.611928
-32.547194	-26.613749	1431.000000	6.088210
-32.547194	-26.613749	1429.351563	10.652037
-32.547194	-26.613749	1427.701172	6.085546
-32.547194	-26.613749	1426.050781	9.126322
-32.547194	-26.613749	1424.400391	9.124325
-32.547194	-26.613749	1422.750000	3.040776
-32.547194	-26.613749	1421.097656	7.600275
-32.547194	-26.613749	1419.447266	12.157776
-32.547194	-26.613749	1417.794922	10.635724
-32.547194	-26.613749	1416.142578	6.076225
-32.547194	-26.613749	1414.490234	7.593617
-32.547194	-26.613749	1412.835938	12.147124
-32.547194	-26.613749	1411.183594	10.626404
-32.547194	-26.613749	1409.529297	6.070899
-32.547194	-26.613749	1407.875000	10.621745
-32.547194	-26.613749	1406.220703	3.034119
-32.547194	-26.613749	1404.566406	6.066906
-32.547194	-26.613749	1402.910156	9.098362
-32.547194	-26.613749	1401.255859	10.612427
-32.547194	-26.613749	1399.599609	13.641554
-32.547194	-26.613749	1397.943359	9.092373
-32.547194	-26.613749	1396.287109	6.060251
-32.547194	-26.613749	1394.628906	10.603110
-32.547194	-26.613749	1392.970703	6.057589
-32.547194	-26.613749	1391.314453	10.598453
-32.547194	-26.613749	1389.656250	7.568659
-32.547194	-26.613749	1387.998047	9.080396
-32.547194	-26.613749	1386.337891	9.078400
-32.547194	-26.613749	1384.679688	6.050936
-32.547194	-26.613749	1383.019531	7.562006
-32.547194	-26.613749	1381.359375	12.096549
-32.547194	-26.613749	1379.699219	9.070415
-32.547194	-26.613749	1378.039063	4.534210
-32.547194	-26.613749	1376.376953	12.088566
-32.547194	-26.613749	1374.716797	6.042953
-32.547194	-26.613749	1373.054688	7.552028
-32.547194	-26.613749	1371.392578	6.040292
-32.547194	-26.613749	1369.728516	4.529221
-32.547194	-26.613749	1368.066406	7.547039
-32.547194	-26.613749	1366.402344	10.563527
-32.547194	-26.613749	1364.740234	6.034971
-32.547194	-26.613749	1363.076172	9.050461
-32.547194	-26.613749	1361.412109	4.524233
-32.547194	-26.613749	1359.746094	9.046471
-32.547194	-26.613749	1358.082031	9.044476
-32.547194	-26.613749	1356.416016	7.535400
-32.547194	-26.613749	1354.750000	6.026990
-32.547194	-26.613749	1353.083984	6.025661
-32.547194	-26.613749	1351.417969	9.036495
-32.547194	-26.613749	1349.750000	6.023001
-32.547194	-26.613749	1348.083984	7.527088
-32.547194	-26.613749	1346.416016	7.525426
-32.547194	-26.613749	1344.748047	6.019011
-32.547194	-26.613749	1343.078125	10.530942
-32.547194	-26.613749	1341.410156	9.024528
-32.547194	-26.613749	1339.740234	10.526288
-32.547194	-26.613749	1338.072266	10.523961
-32.547194	-26.613749	1336.402344	9.018544
-32.547194	-26.613749	1334.730469	3.005517
-32.547194	-26.613749	1333.060547	9.014555
-32.547194	-26.613749	1331.388672	12.016747
-32.547194	-26.613749	1329.718750	9.010567
-32.547194	-26.613749	1328.046875	6.005715
-32.547194	-26.613749	1326.375000	9.006578
-32.547194	-26.613749	1324.701172	9.004584
-32.547194	-26.613749	1323.029297	13.503884
-32.547194	-26.613749	1321.355469	4.500298
-32.547194	-26.613749	1319.681641	7.498835
-32.547194	-26.613749	1318.007813	5.997738
-32.547194	-26.613749	1316.333984	8.994614
-32.547194	-26.613749	1314.660156	7.493850
-32.547194	-26.613749	1312.984375	7.492188
-32.547194	-26.613749	1311.308594	8.988632
-32.547194	-26.613749	1309.632813	7.488865
-32.547194	-26.613749	1307.957031	10.482085
-32.547194	-26.613749	1306.279297	16.468193
-32.547194	-26.613749	1304.603516	11.974210
-32.547194	-26.613749	1302.925781	11.971552
-32.547194	-26.613749	1301.248047	4.488335
-32.547194	-26.613749	1299.570313	11.966235
-32.547194	-26.613749	1297.892578	8.972683
-32.547194	-26.613749	1296.212891	7.475574
-32.547194	-26.613749	1294.533203	1.494783
-32.547194	-26.613749	1292.853516	5.977802
-32.547194	-26.613749	1291.173828	8.964709
-32.547194	-26.613749	1289.494141	10.456502
-32.547194	-26.613749	1287.812500	11.947630
-32.547194	-26.613749	1286.132813	4.479365
-32.547194	-26.613749	1284.451172	4.478368
-32.547194	-26.613749	1282.769531	8.954743
-32.547194	-26.613749	1281.085938	11.936999
-32.547194	-26.613749	1279.404297	7.458964
-32.547194	-26.613749	1277.720703	7.457303
-32.547194	-26.613749	1276.039063	5.964514
-32.547194	-26.613749	1274.355469	13.417166
-32.547194	-26.613749	1272.669922	8.942784
-32.547194	-26.613749	1270.986328	10.430923
-32.547194	-26.613749	1269.300781	10.428598
-32.547194	-26.613749	1267.615234	10.426273
-32.547194	-26.613749	1265.929688	4.467406
-32.547194	-26.613749	1264.244141	7.444016
-32.547194	-26.613749	1262.558594	5.953885
-32.547194	-26.613749	1260.871094	5.952556
-32.547194	-26.613749	1259.185547	8.926842
-32.547194	-26.613749	1257.498047	11.899798
-32.547194	-26.613749	1255.808594	11.897141
-32.547194	-26.613749	1254.121094	5.947242
-32.547194	-26.613749	1252.433594	10.405350
-32.547194	-26.613749	1250.744141	4.458439
-32.547194	-26.613749	1249.054688	8.914886
-32.547194	-26.613749	1247.365234	10.398376
-32.547194	-26.613749	1245.673828	7.425750
-32.547194	-26.613749	1243.984375	10.393726
-32.547194	-26.613749	1242.292969	16.329346
-32.547194	-26.613749	1240.601563	2.968308
-32.547194	-26.613749	1238.910156	11.870574
-32.547194	-26.613749	1237.218750	5.933959
-32.547194	-26.613749	1235.525391	7.415788
-32.547194	-26.613749	1233.833984	8.896954
-32.547194	-26.613749	1232.140625	5.929974
-32.547194	-26.613749	1230.447266	7.410808
-32.547194	-26.613749	1228.753906	1.481830
-32.547194	-26.613749	1227.058594	5.925990
-32.547194	-26.613749	1225.365234	11.849323
-32.547194	-26.613749	1223.669922	11.846667
-32.547194	-26.613749	1221.974609	2.961003
-32.547194	-26.613749	1220.277344	10.361185
-32.547194	-26.613749	1218.582031	0.000000
-32.547194	-26.613749	1216.884766	11.836042
-32.547194	-26.613749	1215.189453	11.833386
-32.547194	-26.613749	1213.492188	7.394207
-32.547194	-26.613749	1211.792969	2.957019
-32.547194	-26.613749	1210.095703	13.303596
-32.547194	-26.613749	1208.396484	2.955691
-32.547194	-26.613749	1206.699219	11.820107
-32.547194	-26.613749	1205.000000	16.248995
-32.547194	-26.613749	1203.298828	5.907398
-32.547194	-26.613749	1201.599609	5.906070
-32.547194	-26.613749	1199.900391	5.904742
-32.547194	-26.613749	1198.199219	11.806828
-32.547194	-26.613749	1196.498047	10.328650
-32.547194	-26.613749	1194.796875	7.375948
-32.547194	-26.613749	1193.093750	10.324003
-32.547194	-26.613749	1191.392578	8.847154
-32.547194	-26.613749	1189.689453	5.896775
-32.547194	-26.613749	1187.986328	7.369309
-32.547194	-26.613749	1186.283203	8.841179
-32.547194	-26.613749	1184.580078	8.839188
-32.547194	-26.613749	1182.875000	10.310061
-32.547194	-26.613749	1181.169922	7.362670
-32.547194	-26.613749	1179.464844	5.888809
-32.547194	-26.613749	1177.759766	11.774961
-32.547194	-26.613749	1176.054688	10.300768
-32.547194	-26.613749	1174.347656	7.356032
-32.547194	-26.613749	1172.642578	11.766995
-32.547194	-26.613749	1170.935547	14.705426
-32.547194	-26.613749	1169.228516	13.231896
-32.547194	-26.613749	1167.519531	13.228909
-32.547194	-26.613749	1165.812500	8.817282
-32.547194	-26.613749	1164.103516	11.753720
-32.547194	-26.613749	1162.394531	14.688831
-32.547194	-26.613749	1160.685547	7.342756
-32.547194	-26.613749	1158.976563	7.341097
-32.547194	-26.613749	1157.265625	7.339437
-32.547194	-26.613749	1155.556641	7.337778
-32.547194	-26.613749	1153.845703	2.934448
-32.547194	-26.613749	1152.134766	14.668920
-32.547194	-26.613749	1150.423828	8.799360
-32.547194	-26.613749	1148.710938	10.263597
-32.547194	-26.613749	1146.998047	10.261274
-32.547194	-26.613749	1145.287109	11.724516
-32.547194	-26.613749	1143.572266	10.256629
-32.547194	-26.613749	1141.859375	8.789405
-32.547194	-26.613749	1140.146484	5.858276
-32.547194	-26.613749	1138.431641	5.856949
-32.547194	-26.613749	1136.716797	8.783432
-32.547194	-26.613749	1135.001953	13.172162
-32.547194	-26.613749	1133.287109	5.852967
-32.547194	-26.613749	1131.570313	13.166189
-32.547194	-26.613749	1129.855469	8.775469
-32.547194	-26.613749	1128.138672	11.697970
-32.547194	-26.613749	1126.421875	8.771487
-32.547194	-26.613749	1124.703125	7.307914
-32.547194	-26.613749	1122.986328	11.690008
-32.547194	-26.613749	1121.267578	11.687353
-32.547194	-26.613749	1119.548828	4.381762
-32.547194	-26.613749	1117.830078	10.221789
-32.547194	-26.613749	1116.111328	13.139315
-32.547194	-26.613749	1114.392578	8.757552
-32.547194	-26.613749	1112.671875	4.377781
-32.547194	-26.613749	1110.951172	10.212500
-32.547194	-26.613749	1109.230469	4.375791
-32.547194	-26.613749	1107.509766	8.749590
-32.547194	-26.613749	1105.787109	11.663466
-32.547194	-26.613749	1104.066406	8.745609
-32.547194	-26.613749	1102.343750	11.658158
-32.547194	-26.613749	1100.621094	10.198566
-32.547194	-26.613749	1098.896484	8.739638
-32.547194	-26.613749	1097.173828	11.650197
-32.547194	-26.613749	1095.449219	10.191601
-32.547194	-26.613749	1093.724609	8.733667
-32.547194	-26.613749	1092.000000	8.731677
-32.547194	-26.613749	1090.275391	16.004425
-32.547194	-26.613749	1088.550781	14.546161
-32.547194	-26.613749	1086.824219	5.817138
-32.547194	-26.613749	1085.097656	13.085574
-32.547194	-26.613749	1083.371094	5.814484
-32.547194	-26.613749	1081.644531	5.813157
-32.547194	-26.613749	1079.916016	10.170704
-32.547194	-26.613749	1078.189453	10.168382
-32.547194	-26.613749	1076.460938	8.713766
-32.547194	-26.613749	1074.732422	8.711776
-32.547194	-26.613749	1073.001953	10.161417
-32.547194	-26.613749	1071.273438	4.353898
-32.547194	-26.613749	1069.542969	5.803871
-32.547194	-26.613749	1067.812500	14.506360
-32.547194	-26.613749	1066.082031	10.152131
-32.547194	-26.613749	1064.351563	7.249864
-32.547194	-26.613749	1062.619141	14.496411
-32.547194	-26.613749	1060.888672	11.594476
-32.547194	-26.613749	1059.156250	11.591823
-32.547194	-26.613749	1057.421875	5.794585
-32.547194	-26.613749	1055.689453	8.689888
-32.547194	-26.613749	1053.957031	4.343949
-32.547194	-26.613749	1052.222656	11.581212
-32.547194	-26.613749	1050.488281	4.341959
-32.547194	-26.613749	1048.753906	7.234941
-32.547194	-26.613749	1047.019531	10.126596
-32.547194	-26.613749	1045.283203	11.570601
-32.547194	-26.613749	1043.546875	13.013942
-32.547194	-26.613749	1041.810547	10.119634
-32.547194	-26.613749	1040.074219	11.562643
-32.547194	-26.613749	1038.337891	8.669993
-32.547194	-26.613749	1036.599609	5.778669
-32.547194	-26.613749	1034.861328	10.110351
-32.547194	-26.613749	1033.123047	14.440042
-32.547194	-26.613749	1031.384766	11.549381
-32.547194	-26.613749	1029.646484	8.660047
-32.547194	-26.613749	1027.906250	10.101068
-32.547194	-26.613749	1026.167969	11.541425
-32.547194	-26.613749	1024.427734	7.211733
-32.547194	-26.613749	1022.685547	8.652091
-32.547194	-26.613749	1020.945313	5.766735
-32.547194	-26.613749	1019.203125	11.530817
-32.547194	-26.613749	1017.462891	17.292248
-32.547194	-26.613749	1015.720703	12.966203
-32.547194	-26.613749	1013.976563	15.843935
-32.547194	-26.613749	1012.234375	15.840289
-32.547194	-26.613749	1010.490234	17.276339
-32.547194	-26.613749	1008.746094	17.272360
-32.547194	-26.613749	1007.001953	15.829351
-32.547194	-26.613749	1005.257813	12.948304
-32.547194	-26.613749	1003.513672	14.383691
-32.547194	-26.613749	1001.767578	15.818414
-32.547194	-26.613749	1000.021484	17.252474
-32.547194	-26.613749	998.275391	18.685873
-32.547194	-26.613749	996.529297	17.244520
-32.547194	-26.613749	994.781250	22.987392
-32.547194	-26.613749	993.035156	18.672949
-32.547194	-26.613749	991.287109	25.848886
-32.547194	-26.613749	989.539063	24.407204
-32.547194	-26.613749	987.789063	21.530798
-32.547194	-26.613749	986.041016	15.785606
-32.547194	-26.613749	984.291016	28.694475
-32.547194	-26.613749	982.541016	21.515886
-32.547194	-26.613749	980.791016	22.944977
-32.547194	-26.613749	979.041016	30.108326
-32.547194	-26.613749	977.289063	22.934376
-32.547194	-26.613749	975.537109	20.062941
-32.547194	-26.613749	973.785156	18.625566
-32.547194	-26.613749	972.033203	15.756450
-32.547194	-26.613749	970.281250	17.184879
-32.547194	-26.613749	968.527344	20.044388
-32.547194	-26.613749	966.773438	24.333982
-32.547194	-26.613749	965.019531	24.328350
-32.547194	-26.613749	963.265625	21.461222
-32.547194	-26.613749	961.511719	28.608339
-32.547194	-26.613749	959.755859	25.741543
-32.547194	-26.613749	958.000000	20.016562
-32.547194	-26.613749	956.244141	27.159040
-32.547194	-26.613749	954.488281	25.723656
-32.547194	-26.613749	952.730469	28.575216
-32.547194	-26.613749	950.974609	25.711733
-32.547194	-26.613749	949.216797	27.133869
-32.547194	-26.613749	947.458984	17.133207
-32.547194	-26.613749	945.701172	22.838978
-32.547194	-26.613749	943.941406	21.406574
-32.547194	-26.613749	942.181641	24.255154
-32.547194	-26.613749	940.421875	24.249525
-32.547194	-26.613749	938.662109	19.965561
-32.547194	-26.613749	936.902344	17.109364
-32.547194	-26.613749	935.140625	24.232637
-32.547194	-26.613749	933.380859	14.251182
-32.547194	-26.613749	931.619141	17.097445
-32.547194	-26.613749	929.855469	15.669016
-32.547194	-26.613749	928.093750	17.089499
-32.547194	-26.613749	926.330078	17.085526
-32.547194	-26.613749	924.568359	8.540776
-32.547194	-26.613749	922.804688	12.808186
-32.547194	-26.613749	921.039063	12.805206
-32.547194	-26.613749	919.275391	14.224697
-32.547194	-26.613749	917.509766	8.532832
-32.547194	-26.613749	915.744141	8.530846
-32.547194	-26.613749	913.978516	9.950336
-32.547194	-26.613749	912.212891	9.948020
-32.547194	-26.613749	910.447266	12.787333
-32.547194	-26.613749	908.679688	11.363871
-32.547194	-26.613749	906.912109	11.361222
-32.547194	-26.613749	905.144531	11.358575
-32.547194	-26.613749	903.375000	12.775418
-32.547194	-26.613749	901.607422	12.772440
-32.547194	-26.613749	899.837891	11.350634
-32.547194	-26.613749	898.068359	12.766484
-32.547194	-26.613749	896.298828	15.599841
-32.547194	-26.613749	894.529297	8.507019
-32.547194	-26.613749	892.757813	11.340045
-32.547194	-26.613749	890.986328	12.754573
-32.547194	-26.613749	889.214844	5.667376
-32.547194	-26.613749	887.443359	8.499079
-32.547194	-26.613749	885.669922	14.161823
-32.547194	-26.613749	883.898438	14.158515
-32.547194	-26.613749	882.125000	12.739687
-32.547194	-26.613749	880.351563	12.736710
-32.547194	-26.613749	878.578125	15.563452
-32.547194	-26.613749	876.802734	11.316228
-32.547194	-26.613749	875.027344	18.384571
-32.547194	-26.613749	873.251953	15.552537
-32.547194	-26.613749	871.476563	12.721827
-32.547194	-26.613749	869.701172	8.479234
-32.547194	-26.613749	867.923828	14.128750
-32.547194	-26.613749	866.146484	14.125443
-32.547194	-26.613749	864.369141	11.297709
-32.547194	-26.613749	862.591797	15.530713
-32.547194	-26.613749	860.814453	21.173285
-32.547194	-26.613749	859.035156	14.112217
-32.547194	-26.613749	857.255859	14.108912
-32.547194	-26.613749	855.476563	9.873924
-32.547194	-26.613749	853.697266	8.461380
-32.547194	-26.613749	851.916016	14.098994
-32.547194	-26.613749	850.136719	15.505258
-32.547194	-26.613749	848.355469	14.092383
-32.547194	-26.613749	846.574219	14.089078
-32.547194	-26.613749	844.791016	8.451464
-32.547194	-26.613749	843.009766	12.674222
-32.547194	-26.613749	841.226563	12.671247
-32.547194	-26.613749	839.443359	14.075859
-32.547194	-26.613749	837.660156	15.479811
-32.547194	-26.613749	835.875000	12.662326
-32.547194	-26.613749	834.091797	9.846163
-32.547194	-26.613749	832.306641	7.031321
-32.547194	-26.613749	830.521484	12.653405
-32.547194	-26.613749	828.734375	7.028018
-32.547194	-26.613749	826.949219	14.052732
-32.547194	-26.613749	825.162109	12.644485
-32.547194	-26.613749	823.375000	8.427675
-32.547194	-26.613749	821.587891	14.042822
-32.547194	-26.613749	819.800781	11.231615
-32.547194	-26.613749	818.011719	8.421730
-32.547194	-26.613749	816.222656	14.032914
-32.547194	-26.613749	814.433594	15.432573
-32.547194	-26.613749	812.644531	21.039465
-32.547194	-26.613749	810.855469	12.620707
-32.547194	-26.613749	809.064453	15.421677
-32.547194	-26.613749	807.273438	11.213123
-32.547194	-26.613749	805.482422	22.420963
-32.547194	-26.613749	803.691406	9.806861
-32.547194	-26.613749	801.898438	8.403900
-32.547194	-26.613749	800.107422	12.602880
-32.547194	-26.613749	798.314453	12.599909
-32.547194	-26.613749	796.521484	15.396257
-32.547194	-26.613749	794.726563	6.996649
-32.547194	-26.613749	792.933594	9.792998
-32.547194	-26.613749	791.138672	15.385366
-32.547194	-26.613749	789.343750	15.381737
-32.547194	-26.613749	787.546875	11.184078
-32.547194	-26.613749	785.751953	6.988399
-32.547194	-26.613749	783.955078	11.178799
-32.547194	-26.613749	782.158203	15.367219
-32.547194	-26.613749	780.361328	12.570210
-32.547194	-26.613749	778.564453	16.756323
-32.547194	-26.613749	776.765625	13.960303
-32.547194	-26.613749	774.968750	13.957005
-32.547194	-26.613749	773.169922	18.139818
-32.547194	-26.613749	771.369141	11.160327
-32.547194	-26.613749	769.570313	9.762978
-32.547194	-26.613749	767.769531	11.155050
-32.547194	-26.613749	765.970703	15.334568
-32.547194	-26.613749	764.167969	15.330940
-32.547194	-26.613749	762.367188	13.933922
-32.547194	-26.613749	760.566406	11.144500
-32.547194	-26.613749	758.763672	9.749130
-32.547194	-26.613749	756.960938	18.101242
-32.547194	-26.613749	755.158203	13.920736
-32.547194	-26.613749	753.353516	11.133952
-32.547194	-26.613749	751.550781	12.522730
-32.547194	-26.613749	749.746094	12.519764
-32.547194	-26.613749	747.941406	12.516798
-32.547194	-26.613749	746.136719	11.123406
-32.547194	-26.613749	744.330078	16.681156
-32.547194	-26.613749	742.523438	18.066971
-32.547194	-26.613749	740.718750	8.336625
-32.547194	-26.613749	738.910156	13.891081
-32.547194	-26.613749	737.103516	16.665344
-32.547194	-26.613749	735.294922	8.330696
-32.547194	-26.613749	733.488281	13.881199
-32.547194	-26.613749	731.679688	20.816858
-32.547194	-26.613749	729.869141	11.099690
-32.547194	-26.613749	728.060547	12.484188
-32.547194	-26.613749	726.250000	16.641634
-32.547194	-26.613749	724.439453	13.864736
-32.547194	-26.613749	722.628906	11.089154
-32.547194	-26.613749	720.818359	9.700706
-32.547194	-26.613749	719.005859	16.625832
-32.547194	-26.613749	717.195313	18.007038
-32.547194	-26.613749	715.382813	15.233105
-32.547194	-26.613749	713.568359	15.229485
-32.547194	-26.613749	711.755859	20.762543
-32.547194	-26.613749	709.941406	11.070724
-32.547194	-26.613749	708.126953	13.835114
-32.547194	-26.613749	706.312500	2.766365
-32.547194	-26.613749	704.498047	12.445682
-32.547194	-26.613749	702.681641	19.355345
-32.547194	-26.613749	700.867188	11.057566
-32.547194	-26.613749	699.050781	9.673067
-32.547194	-26.613749	697.232422	11.052303
-32.547194	-26.613749	695.416016	11.049673
-32.547194	-26.613749	693.597656	16.570562
-32.547194	-26.613749	691.779297	19.327721
-32.547194	-26.613749	689.960938	15.182450
-32.547194	-26.613749	688.142578	15.178834
-32.547194	-26.613749	686.324219	17.934349
-32.547194	-26.613749	684.503906	15.171602
-32.547194	-26.613749	682.683594	12.410172
-32.547194	-26.613749	680.863281	15.164372
-32.547194	-26.613749	679.041016	12.404257
-32.547194	-26.613749	677.218750	15.157144
-32.547194	-26.613749	675.398438	17.908716
-32.547194	-26.613749	673.576172	17.904446
-32.547194	-26.613749	671.751953	19.277113
-32.547194	-26.613749	669.929688	12.389473
-32.547194	-26.613749	668.105469	15.139076
-32.547194	-26.613749	666.281250	11.007610
-32.547194	-26.613749	664.457031	19.258720
-32.547194	-26.613749	662.630859	17.878830
-32.547194	-26.613749	660.806641	10.999730
-32.547194	-26.613749	658.980469	15.121017
-32.547194	-26.613749	657.154297	15.117407
-32.547194	-26.613749	655.326172	12.365833
-32.547194	-26.613749	653.500000	15.110186
-32.547194	-26.613749	651.671875	13.733252
-32.547194	-26.613749	649.843750	21.967951
-32.547194	-26.613749	648.015625	23.335371
-32.547194	-26.613749	646.185547	13.723408
-32.547194	-26.613749	644.357422	13.720127
-32.547194	-26.613749	642.527344	13.716847
-32.547194	-26.613749	640.697266	16.456282
-32.547194	-26.613749	638.865234	16.452345
-32.547194	-26.613749	637.035156	20.560513
-32.547194	-26.613749	635.203125	20.555593
-32.547194	-26.613749	633.371094	20.550676
-32.547194	-26.613749	631.539063	15.066890
-32.547194	-26.613749	629.705078	13.693894
-32.547194	-26.613749	627.873047	24.643110
-32.547194	-26.613749	626.039063	23.268476
-32.547194	-26.613749	624.203125	19.157688
-32.547194	-26.613749	622.369141	24.625414
-32.547194	-26.613749	620.535156	23.251766
-32.547194	-26.613749	618.699219	24.613621
-32.547194	-26.613749	616.863281	17.772245
-32.547194	-26.613749	615.025391	21.868292
-32.547194	-26.613749	613.189453	23.229492
-32.547194	-26.613749	611.351563	21.857813
-32.547194	-26.613749	609.513672	25.949930
-32.547194	-26.613749	607.675781	20.481876
-32.547194	-26.613749	605.837891	21.842096
-32.547194	-26.613749	603.998047	16.377645
-32.547194	-26.613749	602.158203	13.644764
-32.547194	-26.613749	600.318359	16.369789
-32.547194	-26.613749	598.478516	16.365864
-32.547194	-26.613749	596.636719	13.634948
-32.547194	-26.613749	594.796875	17.721178
-32.547194	-26.613749	592.955078	17.716927
-32.547194	-26.613749	591.111328	10.900106
-32.547194	-26.613749	589.269531	13.621863
-32.547194	-26.613749	587.425781	12.256734
-32.547194	-26.613749	585.583984	17.699921
-32.547194	-26.613749	583.738281	17.695669
-32.547194	-26.613749	581.894531	17.691420
-32.547194	-26.613749	580.050781	13.605515
-32.547194	-26.613749	578.205078	12.242023
-32.547194	-26.613749	576.359375	14.958878
-32.547194	-26.613749	574.513672	13.595712
-32.547194	-26.613749	572.666016	10.873956
-32.547194	-26.613749	570.818359	9.512424
-32.547194	-26.613749	568.970703	12.227321
-32.547194	-26.613749	567.123047	17.657438
-32.547194	-26.613749	565.275391	12.221442
-32.547194	-26.613749	563.425781	16.291338
-32.547194	-26.613749	561.576172	19.001989
-32.547194	-26.613749	559.726563	12.212626
-32.547194	-26.613749	557.876953	24.419378
-32.547194	-26.613749	556.027344	17.631973
-32.547194	-26.613749	554.175781	12.203815
-32.547194	-26.613749	552.324219	16.267838
-32.547194	-26.613749	550.472656	21.685228
-32.547194	-26.613749	548.619141	21.680010
-32.547194	-26.613749	546.767578	21.674791
-32.547194	-26.613749	544.914063	18.960876
-32.547194	-26.613749	543.060547	23.018377
-32.547194	-26.613749	541.205078	20.305443
-32.547194	-26.613749	539.351563	27.067402
-32.547194	-26.613749	537.496094	28.413927
-32.547194	-26.613749	535.640625	35.170673
-32.547194	-26.613749	533.785156	37.866985
-32.547194	-26.613749	531.927734	37.857861
-32.547194	-26.613749	530.070313	50.014404
-32.547194	-26.613749	528.212891	55.408012
-32.547194	-26.613749	526.355469	91.874069
-32.547194	-26.613749	524.498047	171.546967
-32.547194	-26.613749	522.638672	322.754669
-32.547194	-26.613749	520.779297	526.543823
-32.547194	-26.613749	518.919922	407.635590
-32.547194	-26.613749	517.060547	228.058945
-32.547194	-26.613749	515.199219	114.676544
-32.547194	-26.613749	513.339844	66.091705
-32.547194	-26.613749	511.478516	55.287884
-32.547194	-26.613749	509.615234	49.881908
-32.547194	-26.613749	507.753906	49.869873
-32.547194	-26.613749	505.890625	37.730255
-32.547194	-26.613749	504.027344	37.721149
-32.547194	-26.613749	502.164063	43.099480
-32.547194	-26.613749	500.300781	37.702942
-32.547194	-26.613749	498.435547	43.078674
-32.547194	-26.613749	496.570313	39.030624
-32.547194	-26.613749	494.705078	45.748993
-32.547194	-26.613749	492.839844	40.357010
-32.547194	-26.613749	490.972656	40.347263
-32.547194	-26.613749	489.107422	43.026688
-32.547194	-26.613749	487.240234	34.950741
-32.547194	-26.613749	485.371094	28.222624
-32.547194	-26.613749	483.503906	40.308292
-32.547194	-26.613749	481.634766	32.238842
-32.547194	-26.613749	479.765625	33.574013
-32.547194	-26.613749	477.896484	24.167448
-32.547194	-26.613749	476.027344	24.161608
-32.547194	-26.613749	474.156250	25.497755
-32.547194	-26.613749	472.285156	29.516579
-32.547194	-26.613749	470.414063	25.485428
-32.547194	-26.613749	468.542969	22.797237
-32.547194	-26.613749	466.669922	22.791725
-32.547194	-26.613749	464.796875	22.786215
-32.547194	-26.613749	462.923828	22.780704
-32.547194	-26.613749	461.050781	16.076607
-32.547194	-26.613749	459.177734	18.751505
-32.547194	-26.613749	457.302734	18.746969
-32.547194	-26.613749	455.427734	22.758669
-32.547194	-26.613749	453.552734	14.722635
-32.547194	-26.613749	451.675781	13.380975
-32.547194	-26.613749	449.800781	18.728832
-32.547194	-26.613749	447.923828	20.061749
-32.547194	-26.613749	446.046875	17.382641
-32.547194	-26.613749	444.169922	17.378433
-32.547194	-26.613749	442.291016	17.374228
-32.547194	-26.613749	440.412109	20.042332
-32.547194	-26.613749	438.533203	16.029984
-32.547194	-26.613749	436.654297	20.032627
-32.547194	-26.613749	434.773438	13.351851
-32.547194	-26.613749	432.894531	10.678894
-32.547194	-26.613749	431.013672	20.018078
-32.547194	-26.613749	429.130859	16.010584
-32.547194	-26.613749	427.250000	14.672813
-32.547194	-26.613749	425.367188	12.002121
-32.547194	-26.613749	423.484375	14.665706
-32.547194	-26.613749	421.601563	19.993843
-32.547194	-26.613749	419.718750	13.325999
-32.547194	-26.613749	417.833984	15.987325
-32.547194	-26.613749	415.949219	14.651496
-32.547194	-26.613749	414.064453	14.647945
-32.547194	-26.613749	412.179688	17.307013
-32.547194	-26.613749	410.294922	14.640846
-32.547194	-26.613749	408.408203	17.298624
-32.547194	-26.613749	406.521484	23.946135
-32.547194	-26.613749	404.634766	27.930384
-32.547194	-26.613749	402.746094	27.923613
-32.547194	-26.613749	400.857422	39.881203
-32.547194	-26.613749	398.968750	43.858685
-32.547194	-26.613749	397.080078	62.450253
-32.547194	-26.613749	395.191406	65.091919
-32.547194	-26.613749	393.300781	54.451462
-32.547194	-26.613749	391.410156	46.471680
-32.547194	-26.613749	389.519531	39.823208
-32.547194	-26.613749	387.628906	37.159309
-32.547194	-26.613749	385.736328	33.169907
-32.547194	-26.613749	383.843750	25.203014
-32.547194	-26.613749	381.951172	30.501511
-32.547194	-26.613749	380.058594	39.774925
-32.547194	-26.613749	378.164063	39.765274
-32.547194	-26.613749	376.271484	58.308250
-32.547194	-26.613749	374.376953	63.593563
-32.547194	-26.613749	372.480469	49.008144
-32.547194	-26.613749	370.585938	41.050911
-32.547194	-26.613749	368.689453	31.773638
-32.547194	-26.613749	366.792969	45.001728
-32.547194	-26.613749	364.896484	35.727989
-32.547194	-26.613749	363.000000	43.656944
-32.547194	-26.613749	361.101563	35.710648
-32.547194	-26.613749	359.203125	43.635750
-32.547194	-26.613749	357.304688	42.303181
-32.547194	-26.613749	355.406250	30.398029
-32.547194	-26.613749	353.505859	35.675980
-32.547194	-26.613749	351.605469	36.988327
-32.547194	-26.613749	349.705078	35.658657
-32.547194	-26.613749	347.804688	34.329624
-32.547194	-26.613749	345.902344	40.921535
-32.547194	-26.613749	344.001953	34.312954
-32.547194	-26.613749	342.099609	34.304619
-32.547194	-26.613749	340.195313	31.658112
-32.547194	-26.613749	338.292969	34.287956
-32.547194	-26.613749	336.388672	23.732050
-32.547194	-26.613749	334.484375	23.726286
-32.547194	-26.613749	332.580078	17.131489
-32.547194	-26.613749	330.675781	26.349733
-32.547194	-26.613749	328.769531	28.977665
-32.547194	-26.613749	326.863281	26.336931
-32.547194	-26.613749	324.957031	27.647060
-32.547194	-26.613749	323.048828	17.110689
-32.547194	-26.613749	321.142578	23.685966
-32.547194	-26.613749	319.234375	26.311344
-32.547194	-26.613749	317.326172	28.935448
-32.547194	-26.613749	315.417969	26.298559
-32.547194	-26.613749	313.507813	18.404518
-32.547194	-26.613749	311.597656	30.228647
-32.547194	-26.613749	309.687500	59.128632
-32.547194	-26.613749	307.777344	57.800610
-32.547194	-26.613749	305.865234	31.519943
-32.547194	-26.613749	303.955078	23.634212
-32.547194	-26.613749	302.042969	23.628468
-32.547194	-26.613749	300.128906	18.373230
-32.547194	-26.613749	298.216797	26.241093
-32.547194	-26.613749	296.302734	35.416866
-32.547194	-26.613749	294.388672	30.162588
-32.547194	-26.613749	292.474609	23.599766
-32.547194	-26.613749	290.560547	24.904808
-32.547194	-26.613749	288.644531	19.656912
-32.547194	-26.613749	286.728516	32.753555
-32.547194	-26.613749	284.812500	34.055416
-32.547194	-26.613749	282.896484	28.809116
-32.547194	-26.613749	280.978516	32.729675
-32.547194	-26.613749	279.060547	36.648323
-32.547194	-26.613749	277.142578	32.713764
-32.547194	-26.613749	275.224609	26.164648
-32.547194	-26.613749	273.304688	37.929516
-32.547194	-26.613749	271.384766	41.843082
-32.547194	-26.613749	269.464844	40.525631
-32.547194	-26.613749	267.544922	52.278423
-32.547194	-26.613749	265.623047	73.171997
-32.547194	-26.613749	263.703125	112.343964
-32.547194	-26.613749	261.781250	143.660828
-32.547194	-26.613749	259.857422	210.216095
-32.547194	-26.613749	257.935547	211.470352
-32.547194	-26.613749	256.011719	203.588608
-32.547194	-26.613749	254.087891	227.024384
-32.547194	-26.613749	252.164063	576.553894
-32.547194	-26.613749	250.240234	903.743713
-32.547194	-26.613749	248.314453	662.323486
-32.547194	-26.613749	246.388672	350.633270
-32.547194	-26.613749	244.462891	181.138184
-32.547194	-26.613749	242.535156	134.192062
-32.547194	-26.613749	240.609375	104.201508
-32.547194	-26.613749	238.681641	84.643135
-32.547194	-26.613749	236.753906	68.999931
-32.547194	-26.613749	234.824219	71.586288
-32.547194	-26.613749	232.896484	58.556362
-32.547194	-26.613749	230.966797	57.241188
-32.547194	-26.613749	229.037109	42.920452
-32.547194	-26.613749	227.107422	45.510624
-32.547194	-26.613749	225.175781	45.499561
-32.547194	-26.613749	223.244141	45.488499
-32.547194	-26.613749	221.312500	49.375504
-32.547194	-26.613749	219.380859	45.466381
-32.547194	-26.613749	217.447266	35.065536
-32.547194	-26.613749	215.515625	37.653828
-32.547194	-26.613749	213.582031	36.346581
-32.547194	-26.613749	211.646484	36.337746
-32.547194	-26.613749	209.712891	33.733990
-32.547194	-26.613749	207.777344	37.617226
-32.547194	-26.613749	205.841797	32.420761
-32.547194	-26.613749	203.906250	15.558182
-32.547194	-26.613749	201.968750	20.739199
-32.547194	-26.613749	200.033203	18.142387
-32.547194	-26.613749	198.095703	14.251268
-32.547194	-26.613749	196.158203	20.724079
-32.547194	-26.613749	194.218750	19.424101
-32.547194	-26.613749	192.281250	15.535504
-32.547194	-26.613749	190.341797	12.943107
-32.547194	-26.613749	188.402344	11.645965
-32.547194	-26.613749	186.460938	11.643134
-32.547194	-26.613749	184.521484	16.813772
-32.547194	-26.613749	182.580078	14.223581
-32.547194	-26.613749	180.638672	14.220124
-32.547194	-26.613749	178.695313	12.924244
-32.547194	-26.613749	176.753906	11.628993
-32.547194	-26.613749	174.810547	14.209760
-32.547194	-26.613749	172.867188	11.623342
-32.547194	-26.613749	170.921875	12.911686
-32.547194	-26.613749	168.978516	9.035984
-32.547194	-26.613749	167.033203	14.195954
-32.547194	-26.613749	165.087891	11.612049
-32.547194	-26.613749	163.142578	12.899142
-32.547194	-26.613749	161.195313	10.316807
-32.547194	-26.613749	159.248047	20.628601
-32.547194	-26.613749	157.300781	14.178719
-32.547194	-26.613749	155.353516	18.041258
-32.547194	-26.613749	153.406250	20.613571
-32.547194	-26.613749	151.457031	18.032494
-32.547194	-26.613749	149.507813	23.179005
-32.547194	-26.613749	147.558594	29.610424
-32.547194	-26.613749	145.607422	30.890329
-32.547194	-26.613749	143.658203	25.735689
-32.547194	-26.613749	141.707031	33.448273
-32.547194	-26.613749	139.753906	42.443268
-32.547194	-26.613749	137.802734	39.861267
-32.547194	-26.613749	135.849609	47.564800
-32.547194	-26.613749	133.896484	26.989683
-32.547194	-26.613749	131.943359	28.268042
-32.547194	-26.613749	129.990234	23.122784
-32.547194	-26.613749	128.035156	35.960041
-32.547194	-26.613749	126.080078	29.531437
-32.547194	-26.613749	124.125000	24.389612
-32.547194	-26.613749	122.169922	34.650513
-32.547194	-26.613749	120.212891	30.792980
-32.547194	-26.613749	118.255859	35.916424
-32.547194	-26.613749	116.298828	30.778036
-32.547194	-26.613749	114.341797	24.360033
-32.547194	-26.613749	112.382813	25.635920
-32.547194	-26.613749	110.423828	21.785244
-32.547194	-26.613749	108.464844	15.374088
-32.547194	-26.613749	106.505859	17.932085
-32.547194	-26.613749	104.544922	6.402763
-32.547194	-26.613749	102.585938	1.280242
-32.547194	-26.613749	100.625000	3.839794
-32.547194	-26.613749	98.662109	6.398105
-32.547194	-26.613749	96.701172	3.837932
-32.547194	-26.613749	94.738281	0.000000
-32.547194	-26.613749	92.775391	0.000000
-32.547194	-26.613749	90.812500	0.000000
-32.547194	-26.613749	88.847656	0.000000
-32.547194	-26.613749	86.882813	1.277761
-32.547194	-26.613749	84.917969	1.277451
-32.547194	-26.613749	82.953125	-1.277141
-32.547194	-26.613749	80.988281	-1.276832
-32.547194	-26.613749	79.021484	2.553045
-32.547194	-26.613749	77.054688	1.276213
-32.547194	-26.613749	75.087891	1.275904
-32.547194	-26.613749	73.119141	-2.551189
-32.547194	-26.613749	71.152344	1.275286
-32.547194	-26.613749	69.183594	1.274977
-32.547194	-26.613749	67.212891	0.000000
-32.547194	-26.613749	65.244141	1.274359
-32.547194	-26.613749	63.273438	-1.274051
-32.547194	-26.613749	61.302734	0.000000
-32.547194	-26.613749	59.332031	1.273434
-29.547194	-26.613749	1838.626953	28.928675
-29.547194	-26.613749	1837.066406	19.285784
-29.547194	-26.613749	1835.503906	19.281679
-29.547194	-26.613749	1833.941406	25.703436
-29.547194	-26.613749	1832.378906	22.485720
-29.547194	-26.613749	1830.816406	19.269373
-29.547194	-26.613749	1829.251953	20.870712
-29.547194	-26.613749	1827.687500	17.656075
-29.547194	-26.613749	1826.125000	16.047562
-29.547194	-26.613749	1824.560547	14.439732
-29.547194	-26.613749	1822.994141	19.248878
-29.547194	-26.613749	1821.429688	25.659708
-29.547194	-26.613749	1819.865234	22.447466
-29.547194	-26.613749	1818.298828	24.045738
-29.547194	-26.613749	1816.732422	28.848743
-29.547194	-26.613749	1815.166016	22.433136
-29.547194	-26.613749	1813.599609	17.622284
-29.547194	-26.613749	1812.033203	20.821901
-29.547194	-26.613749	1810.464844	22.418814
-29.547194	-26.613749	1808.896484	12.808023
-29.547194	-26.613749	1807.330078	16.006620
-29.547194	-26.613749	1805.759766	17.603535
-29.547194	-26.613749	1804.191406	19.199768
-29.547194	-26.613749	1802.623047	27.193880
-29.547194	-26.613749	1801.052734	22.390192
-29.547194	-26.613749	1799.484375	19.187508
-29.547194	-26.613749	1797.914063	25.577894
-29.547194	-26.613749	1796.343750	20.777615
-29.547194	-26.613749	1794.771484	25.567003
-29.547194	-26.613749	1793.201172	20.768766
-29.547194	-26.613749	1791.628906	31.945145
-29.547194	-26.613749	1790.058594	20.759922
-29.547194	-26.613749	1788.486328	14.369192
-29.547194	-26.613749	1786.914063	25.539789
-29.547194	-26.613749	1785.339844	25.534349
-29.547194	-26.613749	1783.767578	17.551126
-29.547194	-26.613749	1782.193359	15.952170
-29.547194	-26.613749	1780.621094	17.543650
-29.547194	-26.613749	1779.046875	17.539913
-29.547194	-26.613749	1777.470703	22.318769
-29.547194	-26.613749	1775.896484	19.126297
-29.547194	-26.613749	1774.322266	23.902779
-29.547194	-26.613749	1772.746094	20.711327
-29.547194	-26.613749	1771.169922	23.892593
-29.547194	-26.613749	1769.593750	23.887501
-29.547194	-26.613749	1768.017578	23.882410
-29.547194	-26.613749	1766.441406	17.510035
-29.547194	-26.613749	1764.863281	14.323339
-29.547194	-26.613749	1763.287109	19.093714
-29.547194	-26.613749	1761.708984	15.908037
-29.547194	-26.613749	1760.130859	22.266504
-29.547194	-26.613749	1758.552734	22.261757
-29.547194	-26.613749	1756.972656	17.487652
-29.547194	-26.613749	1755.394531	20.662819
-29.547194	-26.613749	1753.814453	15.891087
-29.547194	-26.613749	1752.234375	19.065239
-29.547194	-26.613749	1750.654297	17.472742
-29.547194	-26.613749	1749.074219	23.821384
-29.547194	-26.613749	1747.492188	20.640797
-29.547194	-26.613749	1745.912109	23.811224
-29.547194	-26.613749	1744.330078	23.806145
-29.547194	-26.613749	1742.748047	22.214329
-29.547194	-26.613749	1741.166016	23.795990
-29.547194	-26.613749	1739.583984	30.135157
-29.547194	-26.613749	1738.000000	20.614391
-29.547194	-26.613749	1736.417969	19.024609
-29.547194	-26.613749	1734.833984	20.605597
-29.547194	-26.613749	1733.250000	23.770613
-29.547194	-26.613749	1731.666016	26.934278
-29.547194	-26.613749	1730.082031	23.760468
-29.547194	-26.613749	1728.496094	28.506475
-29.547194	-26.613749	1726.912109	28.500391
-29.547194	-26.613749	1725.326172	26.911289
-29.547194	-26.613749	1723.740234	15.826791
-29.547194	-26.613749	1722.154297	15.823411
-29.547194	-26.613749	1720.566406	15.820032
-29.547194	-26.613749	1718.980469	20.561651
-29.547194	-26.613749	1717.392578	25.301243
-29.547194	-26.613749	1715.804688	18.971878
-29.547194	-26.613749	1714.216797	18.967827
-29.547194	-26.613749	1712.628906	22.124403
-29.547194	-26.613749	1711.041016	18.959724
-29.547194	-26.613749	1709.451172	25.274231
-29.547194	-26.613749	1707.861328	18.951622
-29.547194	-26.613749	1706.271484	22.105501
-29.547194	-26.613749	1704.681641	20.522150
-29.547194	-26.613749	1703.091797	15.782896
-29.547194	-26.613749	1701.501953	28.403141
-29.547194	-26.613749	1699.910156	20.508995
-29.547194	-26.613749	1698.318359	22.081888
-29.547194	-26.613749	1696.726563	22.077168
-29.547194	-26.613749	1695.134766	17.342636
-29.547194	-26.613749	1693.542969	20.491461
-29.547194	-26.613749	1691.949219	34.670441
-29.547194	-26.613749	1690.357422	20.482697
-29.547194	-26.613749	1688.763672	18.903061
-29.547194	-26.613749	1687.169922	20.473936
-29.547194	-26.613749	1685.576172	20.469555
-29.547194	-26.613749	1683.982422	17.316687
-29.547194	-26.613749	1682.386719	17.312983
-29.547194	-26.613749	1680.791016	25.177130
-29.547194	-26.613749	1679.195313	18.878807
-29.547194	-26.613749	1677.599609	18.874765
-29.547194	-26.613749	1676.003906	25.160967
-29.547194	-26.613749	1674.408203	22.011133
-29.547194	-26.613749	1672.810547	20.434534
-29.547194	-26.613749	1671.214844	18.858608
-29.547194	-26.613749	1669.617188	17.283356
-29.547194	-26.613749	1668.019531	25.134043
-29.547194	-26.613749	1666.419922	14.134871
-29.547194	-26.613749	1664.822266	23.553072
-29.547194	-26.613749	1663.222656	23.548025
-29.547194	-26.613749	1661.623047	17.264853
-29.547194	-26.613749	1660.023438	23.537937
-29.547194	-26.613749	1658.423828	23.532892
-29.547194	-26.613749	1656.824219	18.822279
-29.547194	-26.613749	1655.222656	10.977309
-29.547194	-26.613749	1653.623047	26.653465
-29.547194	-26.613749	1652.021484	20.377691
-29.547194	-26.613749	1650.419922	23.507681
-29.547194	-26.613749	1648.818359	18.802113
-29.547194	-26.613749	1647.214844	21.931093
-29.547194	-26.613749	1645.613281	17.227877
-29.547194	-26.613749	1644.009766	25.053356
-29.547194	-26.613749	1642.406250	17.220488
-29.547194	-26.613749	1640.802734	21.912281
-29.547194	-26.613749	1639.199219	28.166887
-29.547194	-26.613749	1637.593750	17.209404
-29.547194	-26.613749	1635.990234	25.026487
-29.547194	-26.613749	1634.384766	20.329657
-29.547194	-26.613749	1632.779297	20.325293
-29.547194	-26.613749	1631.173828	20.320929
-29.547194	-26.613749	1629.568359	21.879377
-29.547194	-26.613749	1627.960938	21.874680
-29.547194	-26.613749	1626.353516	21.869982
-29.547194	-26.613749	1624.748047	18.741673
-29.547194	-26.613749	1623.140625	17.176176
-29.547194	-26.613749	1621.531250	14.050215
-29.547194	-26.613749	1619.923828	24.972792
-29.547194	-26.613749	1618.314453	12.483713
-29.547194	-26.613749	1616.707031	23.401932
-29.547194	-26.613749	1615.097656	18.717520
-29.547194	-26.613749	1613.488281	31.189161
-29.547194	-26.613749	1611.878906	17.150351
-29.547194	-26.613749	1610.267578	21.823025
-29.547194	-26.613749	1608.656250	17.142975
-29.547194	-26.613749	1607.046875	23.371756
-29.547194	-26.613749	1605.435547	20.251163
-29.547194	-26.613749	1603.824219	12.459574
-29.547194	-26.613749	1602.210938	23.356674
-29.547194	-26.613749	1600.599609	21.794870
-29.547194	-26.613749	1598.986328	24.903063
-29.547194	-26.613749	1597.373047	26.453810
-29.547194	-26.613749	1595.759766	20.225029
-29.547194	-26.613749	1594.146484	23.331547
-29.547194	-26.613749	1592.533203	17.106117
-29.547194	-26.613749	1590.917969	29.540565
-29.547194	-26.613749	1589.302734	24.870907
-29.547194	-26.613749	1587.687500	17.095066
-29.547194	-26.613749	1586.072266	24.860191
-29.547194	-26.613749	1584.457031	20.194553
-29.547194	-26.613749	1582.839844	27.955664
-29.547194	-26.613749	1581.224609	17.080334
-29.547194	-26.613749	1579.607422	26.391190
-29.547194	-26.613749	1577.990234	26.385500
-29.547194	-26.613749	1576.373047	21.724550
-29.547194	-26.613749	1574.755859	18.617027
-29.547194	-26.613749	1573.136719	31.021687
-29.547194	-26.613749	1571.517578	24.811995
-29.547194	-26.613749	1569.898438	27.907473
-29.547194	-26.613749	1568.279297	15.500806
-29.547194	-26.613749	1566.660156	23.246191
-29.547194	-26.613749	1565.041016	18.592939
-29.547194	-26.613749	1563.419922	15.490771
-29.547194	-26.613749	1561.798828	20.133654
-29.547194	-26.613749	1560.177734	21.677715
-29.547194	-26.613749	1558.556641	24.769182
-29.547194	-26.613749	1556.935547	17.025135
-29.547194	-26.613749	1555.312500	13.926646
-29.547194	-26.613749	1553.691406	20.111919
-29.547194	-26.613749	1552.068359	20.107574
-29.547194	-26.613749	1550.445313	21.649632
-29.547194	-26.613749	1548.822266	20.098883
-29.547194	-26.613749	1547.197266	18.548805
-29.547194	-26.613749	1545.574219	16.999395
-29.547194	-26.613749	1543.949219	21.630915
-29.547194	-26.613749	1542.324219	18.536774
-29.547194	-26.613749	1540.699219	23.165955
-29.547194	-26.613749	1539.072266	23.160944
-29.547194	-26.613749	1537.447266	20.068474
-29.547194	-26.613749	1535.820313	18.520737
-29.547194	-26.613749	1534.193359	21.602850
-29.547194	-26.613749	1532.566406	24.683626
-29.547194	-26.613749	1530.939453	23.135889
-29.547194	-26.613749	1529.312500	20.046762
-29.547194	-26.613749	1527.683594	23.125870
-29.547194	-26.613749	1526.056641	21.579470
-29.547194	-26.613749	1524.427734	16.951626
-29.547194	-26.613749	1522.798828	13.866507
-29.547194	-26.613749	1521.167969	20.025057
-29.547194	-26.613749	1519.539063	21.560772
-29.547194	-26.613749	1517.908203	20.016376
-29.547194	-26.613749	1516.277344	20.012037
-29.547194	-26.613749	1514.646484	21.546751
-29.547194	-26.613749	1513.015625	26.158237
-29.547194	-26.613749	1511.384766	15.383862
-29.547194	-26.613749	1509.751953	21.532734
-29.547194	-26.613749	1508.121094	15.377187
-29.547194	-26.613749	1506.488281	23.060774
-29.547194	-26.613749	1504.855469	13.833462
-29.547194	-26.613749	1503.220703	18.440611
-29.547194	-26.613749	1501.587891	15.363839
-29.547194	-26.613749	1499.953125	19.968655
-29.547194	-26.613749	1498.318359	23.035749
-29.547194	-26.613749	1496.683594	13.818448
-29.547194	-26.613749	1495.048828	26.095842
-29.547194	-26.613749	1493.414063	18.416592
-29.547194	-26.613749	1491.777344	15.343824
-29.547194	-26.613749	1490.140625	19.942636
-29.547194	-26.613749	1488.505859	23.005732
-29.547194	-26.613749	1486.867188	16.867201
-29.547194	-26.613749	1485.230469	21.462677
-29.547194	-26.613749	1483.593750	26.056154
-29.547194	-26.613749	1481.955078	15.323815
-29.547194	-26.613749	1480.316406	19.916626
-29.547194	-26.613749	1478.677734	26.039150
-29.547194	-26.613749	1477.039063	10.719669
-29.547194	-26.613749	1475.400391	18.372576
-29.547194	-26.613749	1473.759766	18.368574
-29.547194	-26.613749	1472.119141	19.894957
-29.547194	-26.613749	1470.478516	24.480766
-29.547194	-26.613749	1468.837891	18.356575
-29.547194	-26.613749	1467.197266	16.823195
-29.547194	-26.613749	1465.556641	19.877625
-29.547194	-26.613749	1463.914063	18.344578
-29.547194	-26.613749	1462.271484	15.283815
-29.547194	-26.613749	1460.628906	19.864628
-29.547194	-26.613749	1458.986328	27.498871
-29.547194	-26.613749	1457.343750	21.383347
-29.547194	-26.613749	1455.699219	21.378681
-29.547194	-26.613749	1454.054688	22.900732
-29.547194	-26.613749	1452.410156	27.474882
-29.547194	-26.613749	1450.765625	15.260492
-29.547194	-26.613749	1449.121094	21.360025
-29.547194	-26.613749	1447.474609	19.829979
-29.547194	-26.613749	1445.830078	22.875748
-29.547194	-26.613749	1444.183594	16.771885
-29.547194	-26.613749	1442.537109	21.341372
-29.547194	-26.613749	1440.890625	19.812658
-29.547194	-26.613749	1439.242188	16.760893
-29.547194	-26.613749	1437.595703	12.187077
-29.547194	-26.613749	1435.947266	18.276619
-29.547194	-26.613749	1434.298828	18.272623
-29.547194	-26.613749	1432.650391	18.268627
-29.547194	-26.613749	1431.000000	10.654367
-29.547194	-26.613749	1429.351563	13.695477
-29.547194	-26.613749	1427.701172	12.171093
-29.547194	-26.613749	1426.050781	13.689483
-29.547194	-26.613749	1424.400391	19.769369
-29.547194	-26.613749	1422.750000	19.765041
-29.547194	-26.613749	1421.097656	22.800823
-29.547194	-26.613749	1419.447266	18.236664
-29.547194	-26.613749	1417.794922	19.752058
-29.547194	-26.613749	1416.142578	16.709620
-29.547194	-26.613749	1414.490234	16.705957
-29.547194	-26.613749	1412.835938	21.257467
-29.547194	-26.613749	1411.183594	16.698635
-29.547194	-26.613749	1409.529297	19.730423
-29.547194	-26.613749	1407.875000	25.795666
-29.547194	-26.613749	1406.220703	15.170593
-29.547194	-26.613749	1404.566406	19.717445
-29.547194	-26.613749	1402.910156	16.680330
-29.547194	-26.613749	1401.255859	19.708792
-29.547194	-26.613749	1399.599609	19.704466
-29.547194	-26.613749	1397.943359	15.153955
-29.547194	-26.613749	1396.287109	22.725941
-29.547194	-26.613749	1394.628906	18.176760
-29.547194	-26.613749	1392.970703	19.687164
-29.547194	-26.613749	1391.314453	16.654711
-29.547194	-26.613749	1389.656250	21.192247
-29.547194	-26.613749	1387.998047	15.133992
-29.547194	-26.613749	1386.337891	21.182932
-29.547194	-26.613749	1384.679688	15.127338
-29.547194	-26.613749	1383.019531	21.173616
-29.547194	-26.613749	1381.359375	19.656891
-29.547194	-26.613749	1379.699219	21.164303
-29.547194	-26.613749	1378.039063	19.648243
-29.547194	-26.613749	1376.376953	13.599636
-29.547194	-26.613749	1374.716797	12.085905
-29.547194	-26.613749	1373.054688	25.676893
-29.547194	-26.613749	1371.392578	21.141022
-29.547194	-26.613749	1369.728516	19.626625
-29.547194	-26.613749	1368.066406	24.150524
-29.547194	-26.613749	1366.402344	21.127054
-29.547194	-26.613749	1364.740234	13.578684
-29.547194	-26.613749	1363.076172	24.134562
-29.547194	-26.613749	1361.412109	27.145397
-29.547194	-26.613749	1359.746094	22.616177
-29.547194	-26.613749	1358.082031	18.088951
-29.547194	-26.613749	1356.416016	13.563721
-29.547194	-26.613749	1354.750000	22.601213
-29.547194	-26.613749	1353.083984	18.076981
-29.547194	-26.613749	1351.417969	19.579073
-29.547194	-26.613749	1349.750000	13.551751
-29.547194	-26.613749	1348.083984	19.570429
-29.547194	-26.613749	1346.416016	24.081364
-29.547194	-26.613749	1344.748047	16.552280
-29.547194	-26.613749	1343.078125	19.557465
-29.547194	-26.613749	1341.410156	25.569494
-29.547194	-26.613749	1339.740234	19.548820
-29.547194	-26.613749	1338.072266	19.544500
-29.547194	-26.613749	1336.402344	16.533997
-29.547194	-26.613749	1334.730469	21.038616
-29.547194	-26.613749	1333.060547	13.521832
-29.547194	-26.613749	1331.388672	30.041868
-29.547194	-26.613749	1329.718750	12.014089
-29.547194	-26.613749	1328.046875	16.515717
-29.547194	-26.613749	1326.375000	19.514252
-29.547194	-26.613749	1324.701172	24.012224
-29.547194	-26.613749	1323.029297	24.006907
-29.547194	-26.613749	1321.355469	25.501688
-29.547194	-26.613749	1319.681641	17.997204
-29.547194	-26.613749	1318.007813	16.493780
-29.547194	-26.613749	1316.333984	14.991023
-29.547194	-26.613749	1314.660156	14.987700
-29.547194	-26.613749	1312.984375	14.984377
-29.547194	-26.613749	1311.308594	16.479158
-29.547194	-26.613749	1309.632813	13.479958
-29.547194	-26.613749	1307.957031	13.476967
-29.547194	-26.613749	1306.279297	23.953735
-29.547194	-26.613749	1304.603516	23.948420
-29.547194	-26.613749	1302.925781	26.935991
-29.547194	-26.613749	1301.248047	20.945564
-29.547194	-26.613749	1299.570313	22.436691
-29.547194	-26.613749	1297.892578	17.945366
-29.547194	-26.613749	1296.212891	17.941380
-29.547194	-26.613749	1294.533203	17.937391
-29.547194	-26.613749	1292.853516	20.922306
-29.547194	-26.613749	1291.173828	11.952946
-29.547194	-26.613749	1289.494141	14.937860
-29.547194	-26.613749	1287.812500	10.454176
-29.547194	-26.613749	1286.132813	19.410580
-29.547194	-26.613749	1284.451172	17.913473
-29.547194	-26.613749	1282.769531	13.432115
-29.547194	-26.613749	1281.085938	17.905500
-29.547194	-26.613749	1279.404297	14.917928
-29.547194	-26.613749	1277.720703	19.388988
-29.547194	-26.613749	1276.039063	22.366926
-29.547194	-26.613749	1274.355469	17.889555
-29.547194	-26.613749	1272.669922	16.395105
-29.547194	-26.613749	1270.986328	19.371716
-29.547194	-26.613749	1269.300781	22.346996
-29.547194	-26.613749	1267.615234	17.873611
-29.547194	-26.613749	1265.929688	22.337032
-29.547194	-26.613749	1264.244141	19.354443
-29.547194	-26.613749	1262.558594	20.838596
-29.547194	-26.613749	1260.871094	17.857668
-29.547194	-26.613749	1259.185547	14.878069
-29.547194	-26.613749	1257.498047	16.362223
-29.547194	-26.613749	1255.808594	11.897141
-29.547194	-26.613749	1254.121094	23.788969
-29.547194	-26.613749	1252.433594	26.756613
-29.547194	-26.613749	1250.744141	23.778341
-29.547194	-26.613749	1249.054688	16.343958
-29.547194	-26.613749	1247.365234	14.854822
-29.547194	-26.613749	1245.673828	17.821800
-29.547194	-26.613749	1243.984375	17.817816
-29.547194	-26.613749	1242.292969	20.782803
-29.547194	-26.613749	1240.601563	23.746462
-29.547194	-26.613749	1238.910156	25.224970
-29.547194	-26.613749	1237.218750	16.318386
-29.547194	-26.613749	1235.525391	17.797892
-29.547194	-26.613749	1233.833984	19.276733
-29.547194	-26.613749	1232.140625	20.754910
-29.547194	-26.613749	1230.447266	20.750261
-29.547194	-26.613749	1228.753906	14.818295
-29.547194	-26.613749	1227.058594	25.185457
-29.547194	-26.613749	1225.365234	16.292820
-29.547194	-26.613749	1223.669922	14.808333
-29.547194	-26.613749	1221.974609	19.246517
-29.547194	-26.613749	1220.277344	13.321524
-29.547194	-26.613749	1218.582031	20.717722
-29.547194	-26.613749	1216.884766	16.274559
-29.547194	-26.613749	1215.189453	23.666773
-29.547194	-26.613749	1213.492188	19.224937
-29.547194	-26.613749	1211.792969	14.785093
-29.547194	-26.613749	1210.095703	19.216305
-29.547194	-26.613749	1208.396484	19.211988
-29.547194	-26.613749	1206.699219	22.162701
-29.547194	-26.613749	1205.000000	19.203358
-29.547194	-26.613749	1203.298828	16.245342
-29.547194	-26.613749	1201.599609	19.194727
-29.547194	-26.613749	1199.900391	19.190411
-29.547194	-26.613749	1198.199219	17.710241
-29.547194	-26.613749	1196.498047	14.755215
-29.547194	-26.613749	1194.796875	28.028601
-29.547194	-26.613749	1193.093750	14.748576
-29.547194	-26.613749	1191.392578	17.694307
-29.547194	-26.613749	1189.689453	20.638712
-29.547194	-26.613749	1187.986328	13.264756
-29.547194	-26.613749	1186.283203	32.417656
-29.547194	-26.613749	1184.580078	16.205177
-29.547194	-26.613749	1182.875000	16.201527
-29.547194	-26.613749	1181.169922	20.615477
-29.547194	-26.613749	1179.464844	22.083033
-29.547194	-26.613749	1177.759766	20.606182
-29.547194	-26.613749	1176.054688	17.658459
-29.547194	-26.613749	1174.347656	17.654476
-29.547194	-26.613749	1172.642578	16.179619
-29.547194	-26.613749	1170.935547	20.587597
-29.547194	-26.613749	1169.228516	22.053160
-29.547194	-26.613749	1167.519531	23.518061
-29.547194	-26.613749	1165.812500	16.165016
-29.547194	-26.613749	1164.103516	17.630581
-29.547194	-26.613749	1162.394531	23.502131
-29.547194	-26.613749	1160.685547	14.685513
-29.547194	-26.613749	1158.976563	20.555071
-29.547194	-26.613749	1157.265625	19.082539
-29.547194	-26.613749	1155.556641	19.078224
-29.547194	-26.613749	1153.845703	16.139462
-29.547194	-26.613749	1152.134766	24.937162
-29.547194	-26.613749	1150.423828	20.531841
-29.547194	-26.613749	1148.710938	23.459652
-29.547194	-26.613749	1146.998047	17.590757
-29.547194	-26.613749	1145.287109	24.914597
-29.547194	-26.613749	1143.572266	20.513258
-29.547194	-26.613749	1141.859375	14.649009
-29.547194	-26.613749	1140.146484	17.574829
-29.547194	-26.613749	1138.431641	21.963558
-29.547194	-26.613749	1136.716797	21.958582
-29.547194	-26.613749	1135.001953	19.026457
-29.547194	-26.613749	1133.287109	11.705935
-29.547194	-26.613749	1131.570313	20.480740
-29.547194	-26.613749	1129.855469	19.013515
-29.547194	-26.613749	1128.138672	23.395941
-29.547194	-26.613749	1126.421875	26.314463
-29.547194	-26.613749	1124.703125	23.385324
-29.547194	-26.613749	1122.986328	23.380016
-29.547194	-26.613749	1121.267578	13.148273
-29.547194	-26.613749	1119.548828	16.066462
-29.547194	-26.613749	1117.830078	18.983324
-29.547194	-26.613749	1116.111328	11.679391
-29.547194	-26.613749	1114.392578	18.974697
-29.547194	-26.613749	1112.671875	21.888905
-29.547194	-26.613749	1110.951172	21.883928
-29.547194	-26.613749	1109.230469	20.420355
-29.547194	-26.613749	1107.509766	20.415710
-29.547194	-26.613749	1105.787109	23.326933
-29.547194	-26.613749	1104.066406	16.033617
-29.547194	-26.613749	1102.343750	14.572699
-29.547194	-26.613749	1100.621094	11.655505
-29.547194	-26.613749	1098.896484	20.392488
-29.547194	-26.613749	1097.173828	14.562746
-29.547194	-26.613749	1095.449219	16.015371
-29.547194	-26.613749	1093.724609	10.189279
-29.547194	-26.613749	1092.000000	18.918633
-29.547194	-26.613749	1090.275391	21.824217
-29.547194	-26.613749	1088.550781	23.273857
-29.547194	-26.613749	1086.824219	24.722836
-29.547194	-26.613749	1085.097656	27.625101
-29.547194	-26.613749	1083.371094	20.350695
-29.547194	-26.613749	1081.644531	15.986182
-29.547194	-26.613749	1079.916016	20.341408
-29.547194	-26.613749	1078.189453	23.242016
-29.547194	-26.613749	1076.460938	21.784414
-29.547194	-26.613749	1074.732422	15.971589
-29.547194	-26.613749	1073.001953	17.419571
-29.547194	-26.613749	1071.273438	18.866892
-29.547194	-26.613749	1069.542969	15.960645
-29.547194	-26.613749	1067.812500	15.956996
-29.547194	-26.613749	1066.082031	18.853956
-29.547194	-26.613749	1064.351563	17.399673
-29.547194	-26.613749	1062.619141	20.294975
-29.547194	-26.613749	1060.888672	28.986191
-29.547194	-26.613749	1059.156250	21.734669
-29.547194	-26.613749	1057.421875	24.626986
-29.547194	-26.613749	1055.689453	21.724720
-29.547194	-26.613749	1053.957031	15.927814
-29.547194	-26.613749	1052.222656	23.162424
-29.547194	-26.613749	1050.488281	21.709799
-29.547194	-26.613749	1048.753906	17.363859
-29.547194	-26.613749	1047.019531	20.253193
-29.547194	-26.613749	1045.283203	14.463251
-29.547194	-26.613749	1043.546875	23.135897
-29.547194	-26.613749	1041.810547	26.021915
-29.547194	-26.613749	1040.074219	17.343966
-29.547194	-26.613749	1038.337891	11.559991
-29.547194	-26.613749	1036.599609	18.780676
-29.547194	-26.613749	1034.861328	23.109373
-29.547194	-26.613749	1033.123047	21.660063
-29.547194	-26.613749	1031.384766	27.429781
-29.547194	-26.613749	1029.646484	27.423483
-29.547194	-26.613749	1027.906250	18.759125
-29.547194	-26.613749	1026.167969	27.410885
-29.547194	-26.613749	1024.427734	23.077547
-29.547194	-26.613749	1022.685547	21.630226
-29.547194	-26.613749	1020.945313	33.158722
-29.547194	-26.613749	1019.203125	27.385691
-29.547194	-26.613749	1017.462891	30.261435
-29.547194	-26.613749	1015.720703	25.932405
-29.547194	-26.613749	1013.976563	23.045723
-29.547194	-26.613749	1012.234375	25.920473
-29.547194	-26.613749	1010.490234	28.793896
-29.547194	-26.613749	1008.746094	23.029814
-29.547194	-26.613749	1007.001953	20.146446
-29.547194	-26.613749	1005.257813	31.651411
-29.547194	-26.613749	1003.513672	24.452274
-29.547194	-26.613749	1001.767578	30.198790
-29.547194	-26.613749	1000.021484	24.441006
-29.547194	-26.613749	998.275391	28.747496
-29.547194	-26.613749	996.529297	30.177912
-29.547194	-26.613749	994.781250	30.170952
-29.547194	-26.613749	993.035156	27.291231
-29.547194	-26.613749	991.287109	31.593082
-29.547194	-26.613749	989.539063	30.150076
-29.547194	-26.613749	987.789063	24.401571
-29.547194	-26.613749	986.041016	43.051655
-29.547194	-26.613749	984.291016	34.433372
-29.547194	-26.613749	982.541016	38.728596
-29.547194	-26.613749	980.791016	37.285587
-29.547194	-26.613749	979.041016	37.276974
-29.547194	-26.613749	977.289063	30.101368
-29.547194	-26.613749	975.537109	40.125881
-29.547194	-26.613749	973.785156	38.683868
-29.547194	-26.613749	972.033203	44.404541
-29.547194	-26.613749	970.281250	31.505611
-29.547194	-26.613749	968.527344	37.225292
-29.547194	-26.613749	966.773438	35.785267
-29.547194	-26.613749	965.019531	32.914825
-29.547194	-26.613749	963.265625	32.907207
-29.547194	-26.613749	961.511719	35.760422
-29.547194	-26.613749	959.755859	30.031799
-29.547194	-26.613749	958.000000	41.462879
-29.547194	-26.613749	956.244141	40.023849
-29.547194	-26.613749	954.488281	41.443668
-29.547194	-26.613749	952.730469	38.576542
-29.547194	-26.613749	950.974609	42.852890
-29.547194	-26.613749	949.216797	31.418165
-29.547194	-26.613749	947.458984	39.977482
-29.547194	-26.613749	945.701172	31.403593
-29.547194	-26.613749	943.941406	39.958939
-29.547194	-26.613749	942.181641	32.815796
-29.547194	-26.613749	940.421875	35.661064
-29.547194	-26.613749	938.662109	34.226677
-29.547194	-26.613749	936.902344	27.089827
-29.547194	-26.613749	935.140625	31.359884
-29.547194	-26.613749	933.380859	39.903309
-29.547194	-26.613749	931.619141	37.044464
-29.547194	-26.613749	929.855469	27.064663
-29.547194	-26.613749	928.093750	34.178997
-29.547194	-26.613749	926.330078	29.899672
-29.547194	-26.613749	924.568359	37.010033
-29.547194	-26.613749	922.804688	18.500713
-29.547194	-26.613749	921.039063	21.342010
-29.547194	-26.613749	919.275391	29.871864
-29.547194	-26.613749	917.509766	24.176357
-29.547194	-26.613749	915.744141	22.748922
-29.547194	-26.613749	913.978516	19.900673
-29.547194	-26.613749	912.212891	25.580622
-29.547194	-26.613749	910.447266	25.574665
-29.547194	-26.613749	908.679688	25.568708
-29.547194	-26.613749	906.912109	18.461987
-29.547194	-26.613749	905.144531	24.136972
-29.547194	-26.613749	903.375000	22.711855
-29.547194	-26.613749	901.607422	25.544880
-29.547194	-26.613749	899.837891	22.701267
-29.547194	-26.613749	898.068359	21.277473
-29.547194	-26.613749	896.298828	26.945181
-29.547194	-26.613749	894.529297	28.356730
-29.547194	-26.613749	892.757813	24.097595
-29.547194	-26.613749	890.986328	21.257622
-29.547194	-26.613749	889.214844	26.920036
-29.547194	-26.613749	887.443359	25.497236
-29.547194	-26.613749	885.669922	22.658918
-29.547194	-26.613749	883.898438	21.237774
-29.547194	-26.613749	882.125000	22.648333
-29.547194	-26.613749	880.351563	25.473419
-29.547194	-26.613749	878.578125	26.882326
-29.547194	-26.613749	876.802734	21.217928
-29.547194	-26.613749	875.027344	28.283955
-29.547194	-26.613749	873.251953	22.621872
-29.547194	-26.613749	871.476563	21.203045
-29.547194	-26.613749	869.701172	24.024496
-29.547194	-26.613749	867.923828	16.954500
-29.547194	-26.613749	866.146484	21.188164
-29.547194	-26.613749	864.369141	24.007631
-29.547194	-26.613749	862.591797	22.590128
-29.547194	-26.613749	860.814453	22.584837
-29.547194	-26.613749	859.035156	29.635656
-29.547194	-26.613749	857.255859	29.628714
-29.547194	-26.613749	855.476563	23.979528
-29.547194	-26.613749	853.697266	23.973909
-29.547194	-26.613749	851.916016	21.148491
-29.547194	-26.613749	850.136719	15.505258
-29.547194	-26.613749	848.355469	22.547813
-29.547194	-26.613749	846.574219	19.724710
-29.547194	-26.613749	844.791016	18.311506
-29.547194	-26.613749	843.009766	22.531950
-29.547194	-26.613749	841.226563	21.118746
-29.547194	-26.613749	839.443359	28.151718
-29.547194	-26.613749	837.660156	18.294321
-29.547194	-26.613749	835.875000	26.731577
-29.547194	-26.613749	834.091797	29.538488
-29.547194	-26.613749	832.306641	18.281435
-29.547194	-26.613749	830.521484	23.900875
-29.547194	-26.613749	828.734375	16.867243
-29.547194	-26.613749	826.949219	22.484371
-29.547194	-26.613749	825.162109	23.884027
-29.547194	-26.613749	823.375000	21.069187
-29.547194	-26.613749	821.587891	23.872797
-29.547194	-26.613749	819.800781	22.463230
-29.547194	-26.613749	818.011719	25.265190
-29.547194	-26.613749	816.222656	26.662537
-29.547194	-26.613749	814.433594	19.641457
-29.547194	-26.613749	812.644531	22.442095
-29.547194	-26.613749	810.855469	21.034512
-29.547194	-26.613749	809.064453	21.029558
-29.547194	-26.613749	807.273438	19.622965
-29.547194	-26.613749	805.482422	23.822275
-29.547194	-26.613749	803.691406	25.217642
-29.547194	-26.613749	801.898438	19.609100
-29.547194	-26.613749	800.107422	25.205759
-29.547194	-26.613749	798.314453	30.799776
-29.547194	-26.613749	796.521484	25.193876
-29.547194	-26.613749	794.726563	19.590616
-29.547194	-26.613749	792.933594	27.979994
-29.547194	-26.613749	791.138672	19.581375
-29.547194	-26.613749	789.343750	19.576756
-29.547194	-26.613749	787.546875	27.960196
-29.547194	-26.613749	785.751953	25.158236
-29.547194	-26.613749	783.955078	23.754948
-29.547194	-26.613749	782.158203	36.322517
-29.547194	-26.613749	780.361328	26.537111
-29.547194	-26.613749	778.564453	32.116283
-29.547194	-26.613749	776.765625	18.148394
-29.547194	-26.613749	774.968750	18.144106
-29.547194	-26.613749	773.169922	23.721302
-29.547194	-26.613749	771.369141	22.320654
-29.547194	-26.613749	769.570313	20.920666
-29.547194	-26.613749	767.769531	26.493246
-29.547194	-26.613749	765.970703	26.486980
-29.547194	-26.613749	764.167969	19.512106
-29.547194	-26.613749	762.367188	25.081059
-29.547194	-26.613749	760.566406	25.075125
-29.547194	-26.613749	758.763672	26.461924
-29.547194	-26.613749	756.960938	30.632872
-29.547194	-26.613749	755.158203	22.273178
-29.547194	-26.613749	753.353516	23.659649
-29.547194	-26.613749	751.550781	23.654045
-29.547194	-26.613749	749.746094	34.777122
-29.547194	-26.613749	747.941406	31.987373
-29.547194	-26.613749	746.136719	27.808517
-29.547194	-26.613749	744.330078	25.021734
-29.547194	-26.613749	742.523438	30.574873
-29.547194	-26.613749	740.718750	16.673250
-29.547194	-26.613749	738.910156	31.949486
-29.547194	-26.613749	737.103516	27.775574
-29.547194	-26.613749	735.294922	20.826738
-29.547194	-26.613749	733.488281	23.598040
-29.547194	-26.613749	731.679688	24.980230
-29.547194	-26.613749	729.869141	27.749226
-29.547194	-26.613749	728.060547	16.645584
-29.547194	-26.613749	726.250000	27.736055
-29.547194	-26.613749	724.439453	29.115944
-29.547194	-26.613749	722.628906	24.950598
-29.547194	-26.613749	720.818359	22.173042
-29.547194	-26.613749	719.005859	24.938747
-29.547194	-26.613749	717.195313	30.473450
-29.547194	-26.613749	715.382813	20.772415
-29.547194	-26.613749	713.568359	29.074471
-29.547194	-26.613749	711.755859	19.378374
-29.547194	-26.613749	709.941406	19.373768
-29.547194	-26.613749	708.126953	29.053741
-29.547194	-26.613749	706.312500	29.046833
-29.547194	-26.613749	704.498047	34.571339
-29.547194	-26.613749	702.681641	27.650492
-29.547194	-26.613749	700.867188	27.643913
-29.547194	-26.613749	699.050781	29.019203
-29.547194	-26.613749	697.232422	27.630758
-29.547194	-26.613749	695.416016	19.336927
-29.547194	-26.613749	693.597656	20.713203
-29.547194	-26.613749	691.779297	22.088823
-29.547194	-26.613749	689.960938	23.463787
-29.547194	-26.613749	688.142578	23.458199
-29.547194	-26.613749	686.324219	19.313913
-29.547194	-26.613749	684.503906	17.930077
-29.547194	-26.613749	682.683594	17.925802
-29.547194	-26.613749	680.863281	23.435848
-29.547194	-26.613749	679.041016	17.917259
-29.547194	-26.613749	677.218750	28.936365
-29.547194	-26.613749	675.398438	23.419090
-29.547194	-26.613749	673.576172	27.545301
-29.547194	-26.613749	671.751953	20.654049
-29.547194	-26.613749	669.929688	27.532162
-29.547194	-26.613749	668.105469	28.901875
-29.547194	-26.613749	666.281250	17.887367
-29.547194	-26.613749	664.457031	27.512459
-29.547194	-26.613749	662.630859	26.130596
-29.547194	-26.613749	660.806641	24.749393
-29.547194	-26.613749	658.980469	26.118122
-29.547194	-26.613749	657.154297	32.983433
-29.547194	-26.613749	655.326172	27.479630
-29.547194	-26.613749	653.500000	30.220371
-29.547194	-26.613749	651.671875	34.333126
-29.547194	-26.613749	649.843750	37.070919
-29.547194	-26.613749	648.015625	27.453377
-29.547194	-26.613749	646.185547	35.680859
-29.547194	-26.613749	644.357422	30.184280
-29.547194	-26.613749	642.527344	31.548748
-29.547194	-26.613749	640.697266	34.283916
-29.547194	-26.613749	638.865234	31.533661
-29.547194	-26.613749	637.035156	28.784718
-29.547194	-26.613749	635.203125	23.296341
-29.547194	-26.613749	633.371094	28.770947
-29.547194	-26.613749	631.539063	39.721802
-29.547194	-26.613749	629.705078	32.865349
-29.547194	-26.613749	627.873047	26.012173
-29.547194	-26.613749	626.039063	41.062019
-29.547194	-26.613749	624.203125	36.946968
-29.547194	-26.613749	622.369141	31.465807
-29.547194	-26.613749	620.535156	38.297028
-29.547194	-26.613749	618.699219	28.715891
-29.547194	-26.613749	616.863281	42.379971
-29.547194	-26.613749	615.025391	25.968597
-29.547194	-26.613749	613.189453	31.428137
-29.547194	-26.613749	611.351563	36.885059
-29.547194	-26.613749	609.513672	23.218359
-29.547194	-26.613749	607.675781	31.405544
-29.547194	-26.613749	605.837891	36.858540
-29.547194	-26.613749	603.998047	35.484898
-29.547194	-26.613749	602.158203	34.111912
-29.547194	-26.613749	600.318359	28.647133
-29.547194	-26.613749	598.478516	32.731728
-29.547194	-26.613749	596.636719	31.360378
-29.547194	-26.613749	594.796875	29.989687
-29.547194	-26.613749	592.955078	24.531128
-29.547194	-26.613749	591.111328	23.162727
-29.547194	-26.613749	589.269531	25.881540
-29.547194	-26.613749	587.425781	21.789749
-29.547194	-26.613749	585.583984	23.146049
-29.547194	-26.613749	583.738281	23.140491
-29.547194	-26.613749	581.894531	27.217569
-29.547194	-26.613749	580.050781	27.211031
-29.547194	-26.613749	578.205078	25.844271
-29.547194	-26.613749	576.359375	29.917755
-29.547194	-26.613749	574.513672	25.831852
-29.547194	-26.613749	572.666016	23.107157
-29.547194	-26.613749	570.818359	20.383766
-29.547194	-26.613749	568.970703	25.813232
-29.547194	-26.613749	567.123047	27.165291
-29.547194	-26.613749	565.275391	25.800821
-29.547194	-26.613749	563.425781	23.079395
-29.547194	-26.613749	561.576172	17.644705
-29.547194	-26.613749	559.726563	24.425253
-29.547194	-26.613749	557.876953	23.062746
-29.547194	-26.613749	556.027344	28.482420
-29.547194	-26.613749	554.175781	21.695669
-29.547194	-26.613749	552.324219	32.535675
-29.547194	-26.613749	550.472656	29.817190
-29.547194	-26.613749	548.619141	21.680010
-29.547194	-26.613749	546.767578	33.866859
-29.547194	-26.613749	544.914063	35.213055
-29.547194	-26.613749	543.060547	32.496532
-29.547194	-26.613749	541.205078	31.135012
-29.547194	-26.613749	539.351563	37.894363
-29.547194	-26.613749	537.496094	31.120016
-29.547194	-26.613749	535.640625	54.108730
-29.547194	-26.613749	533.785156	47.333733
-29.547194	-26.613749	531.927734	52.730595
-29.547194	-26.613749	530.070313	62.180073
-29.547194	-26.613749	528.212891	81.084892
-29.547194	-26.613749	526.355469	106.736046
-29.547194	-26.613749	524.498047	175.599258
-29.547194	-26.613749	522.638672	338.959900
-29.547194	-26.613749	520.779297	639.953247
-29.547194	-26.613749	518.919922	488.622803
-29.547194	-26.613749	517.060547	237.505173
-29.547194	-26.613749	515.199219	138.960983
-29.547194	-26.613749	513.339844	101.160774
-29.547194	-26.613749	511.478516	66.075768
-29.547194	-26.613749	509.615234	72.800621
-29.547194	-26.613749	507.753906	55.261208
-29.547194	-26.613749	505.890625	74.112999
-29.547194	-26.613749	504.027344	60.623276
-29.547194	-26.613749	502.164063	41.752621
-29.547194	-26.613749	500.300781	52.514812
-29.547194	-26.613749	498.435547	56.540764
-29.547194	-26.613749	496.570313	57.872993
-29.547194	-26.613749	494.705078	64.586815
-29.547194	-26.613749	492.839844	60.535519
-29.547194	-26.613749	490.972656	48.416718
-29.547194	-26.613749	489.107422	51.094193
-29.547194	-26.613749	487.240234	52.426109
-29.547194	-26.613749	485.371094	60.477051
-29.547194	-26.613749	483.503906	34.933853
-29.547194	-26.613749	481.634766	42.985126
-29.547194	-26.613749	479.765625	37.602898
-29.547194	-26.613749	477.896484	38.936443
-29.547194	-26.613749	476.027344	46.980904
-29.547194	-26.613749	474.156250	33.549675
-29.547194	-26.613749	472.285156	36.224892
-29.547194	-26.613749	470.414063	38.898811
-29.547194	-26.613749	468.542969	26.820280
-29.547194	-26.613749	466.669922	30.835865
-29.547194	-26.613749	464.796875	26.807312
-29.547194	-26.613749	462.923828	32.160992
-29.547194	-26.613749	461.050781	25.454628
-29.547194	-26.613749	459.177734	26.787865
-29.547194	-26.613749	457.302734	26.781385
-29.547194	-26.613749	455.427734	34.807377
-29.547194	-26.613749	453.552734	28.106848
-29.547194	-26.613749	451.675781	24.085754
-29.547194	-26.613749	449.800781	29.431021
-29.547194	-26.613749	447.923828	37.448597
-29.547194	-26.613749	446.046875	24.068272
-29.547194	-26.613749	444.169922	26.736052
-29.547194	-26.613749	442.291016	25.393101
-29.547194	-26.613749	440.412109	30.731575
-29.547194	-26.613749	438.533203	28.052471
-29.547194	-26.613749	436.654297	22.703646
-29.547194	-26.613749	434.773438	29.374073
-29.547194	-26.613749	432.894531	24.027512
-29.547194	-26.613749	431.013672	30.694386
-29.547194	-26.613749	429.130859	25.350090
-29.547194	-26.613749	427.250000	28.011734
-29.547194	-26.613749	425.367188	25.337811
-29.547194	-26.613749	423.484375	25.331673
-29.547194	-26.613749	421.601563	22.659689
-29.547194	-26.613749	419.718750	23.986799
-29.547194	-26.613749	417.833984	22.648710
-29.547194	-26.613749	415.949219	19.979313
-29.547194	-26.613749	414.064453	27.964260
-29.547194	-26.613749	412.179688	22.632248
-29.547194	-26.613749	410.294922	31.943665
-29.547194	-26.613749	408.408203	19.959951
-29.547194	-26.613749	406.521484	33.258518
-29.547194	-26.613749	404.634766	30.590420
-29.547194	-26.613749	402.746094	41.220570
-29.547194	-26.613749	400.857422	66.468674
-29.547194	-26.613749	398.968750	70.439705
-29.547194	-26.613749	397.080078	82.381187
-29.547194	-26.613749	395.191406	81.032799
-29.547194	-26.613749	393.300781	71.716560
-29.547194	-26.613749	391.410156	55.766014
-29.547194	-26.613749	389.519531	65.044571
-29.547194	-26.613749	387.628906	69.010147
-29.547194	-26.613749	385.736328	55.725445
-29.547194	-26.613749	383.843750	49.079552
-29.547194	-26.613749	381.951172	51.719952
-29.547194	-26.613749	380.058594	53.033234
-29.547194	-26.613749	378.164063	55.671383
-29.547194	-26.613749	376.271484	64.934189
-29.547194	-26.613749	374.376953	84.791420
-29.547194	-26.613749	372.480469	71.525398
-29.547194	-26.613749	370.585938	62.238480
-29.547194	-26.613749	368.689453	51.632160
-29.547194	-26.613749	366.792969	46.325306
-29.547194	-26.613749	364.896484	39.697769
-29.547194	-26.613749	363.000000	55.563385
-29.547194	-26.613749	361.101563	50.259430
-29.547194	-26.613749	359.203125	52.891819
-29.547194	-26.613749	357.304688	40.981209
-29.547194	-26.613749	355.406250	46.257870
-29.547194	-26.613749	353.505859	47.567970
-29.547194	-26.613749	351.605469	54.161480
-29.547194	-26.613749	349.705078	51.506947
-29.547194	-26.613749	347.804688	46.212959
-29.547194	-26.613749	345.902344	50.161884
-29.547194	-26.613749	344.001953	51.469429
-29.547194	-26.613749	342.099609	42.221069
-29.547194	-26.613749	340.195313	48.806255
-29.547194	-26.613749	338.292969	38.244259
-29.547194	-26.613749	336.388672	42.190311
-29.547194	-26.613749	334.484375	51.406952
-29.547194	-26.613749	332.580078	36.898590
-29.547194	-26.613749	330.675781	39.524601
-29.547194	-26.613749	328.769531	43.466499
-29.547194	-26.613749	326.863281	39.505398
-29.547194	-26.613749	324.957031	31.596640
-29.547194	-26.613749	323.048828	36.853790
-29.547194	-26.613749	321.142578	32.897175
-29.547194	-26.613749	319.234375	35.520317
-29.547194	-26.613749	317.326172	32.881191
-29.547194	-26.613749	315.417969	26.298559
-29.547194	-26.613749	313.507813	38.123646
-29.547194	-26.613749	311.597656	28.914358
-29.547194	-26.613749	309.687500	31.535271
-29.547194	-26.613749	307.777344	32.841255
-29.547194	-26.613749	305.865234	27.579950
-29.547194	-26.613749	303.955078	30.199272
-29.547194	-26.613749	302.042969	32.817318
-29.547194	-26.613749	300.128906	38.058834
-29.547194	-26.613749	298.216797	23.616983
-29.547194	-26.613749	296.302734	39.352074
-29.547194	-26.613749	294.388672	31.474005
-29.547194	-26.613749	292.474609	38.021847
-29.547194	-26.613749	290.560547	32.769485
-29.547194	-26.613749	288.644531	47.176590
-29.547194	-26.613749	286.728516	37.994125
-29.547194	-26.613749	284.812500	52.392948
-29.547194	-26.613749	282.896484	56.308727
-29.547194	-26.613749	280.978516	44.512356
-29.547194	-26.613749	279.060547	56.281353
-29.547194	-26.613749	277.142578	70.661728
-29.547194	-26.613749	275.224609	64.103386
-29.547194	-26.613749	273.304688	60.164059
-29.547194	-26.613749	271.384766	79.763374
-29.547194	-26.613749	269.464844	86.280373
-29.547194	-26.613749	267.544922	79.724594
-29.547194	-26.613749	265.623047	108.451355
-29.547194	-26.613749	263.703125	199.867752
-29.547194	-26.613749	261.781250	295.157715
-29.547194	-26.613749	259.857422	292.474548
-29.547194	-26.613749	257.935547	280.655090
-29.547194	-26.613749	256.011719	245.350372
-29.547194	-26.613749	254.087891	255.728622
-29.547194	-26.613749	252.164063	523.072693
-29.547194	-26.613749	250.240234	1814.007935
-29.547194	-26.613749	248.314453	1838.338745
-29.547194	-26.613749	246.388672	750.798340
-29.547194	-26.613749	244.462891	349.244843
-29.547194	-26.613749	242.535156	247.538757
-29.547194	-26.613749	240.609375	187.562714
-29.547194	-26.613749	238.681641	160.170853
-29.547194	-26.613749	236.753906	137.999863
-29.547194	-26.613749	234.824219	109.331795
-29.547194	-26.613749	232.896484	93.690178
-29.547194	-26.613749	230.966797	84.560844
-29.547194	-26.613749	229.037109	75.435951
-29.547194	-26.613749	227.107422	80.618820
-29.547194	-26.613749	225.175781	81.899208
-29.547194	-26.613749	223.244141	83.178970
-29.547194	-26.613749	221.312500	71.464546
-29.547194	-26.613749	219.380859	94.829880
-29.547194	-26.613749	217.447266	80.520866
-29.547194	-26.613749	215.515625	75.307655
-29.547194	-26.613749	213.582031	73.991257
-29.547194	-26.613749	211.646484	60.995502
-29.547194	-26.613749	209.712891	60.980675
-29.547194	-26.613749	207.777344	53.182976
-29.547194	-26.613749	205.841797	47.982723
-29.547194	-26.613749	203.906250	42.785000
-29.547194	-26.613749	201.968750	28.516399
-29.547194	-26.613749	200.033203	29.805351
-29.547194	-26.613749	198.095703	31.093676
-29.547194	-26.613749	196.158203	37.562393
-29.547194	-26.613749	194.218750	28.488682
-29.547194	-26.613749	192.281250	31.071009
-29.547194	-26.613749	190.341797	34.946388
-29.547194	-26.613749	188.402344	27.173918
-29.547194	-26.613749	186.460938	32.342041
-29.547194	-26.613749	184.521484	34.920914
-29.547194	-26.613749	182.580078	37.498531
-29.547194	-26.613749	180.638672	27.147511
-29.547194	-26.613749	178.695313	23.263639
-29.547194	-26.613749	176.753906	27.134317
-29.547194	-26.613749	174.810547	28.419519
-29.547194	-26.613749	172.867188	25.829649
-29.547194	-26.613749	170.921875	23.241035
-29.547194	-26.613749	168.978516	18.071968
-29.547194	-26.613749	167.033203	24.520285
-29.547194	-26.613749	165.087891	20.643642
-29.547194	-26.613749	163.142578	30.957941
-29.547194	-26.613749	161.195313	30.950420
-29.547194	-26.613749	159.248047	23.207176
-29.547194	-26.613749	157.300781	28.357437
-29.547194	-26.613749	155.353516	42.525822
-29.547194	-26.613749	153.406250	38.650448
-29.547194	-26.613749	151.457031	30.912848
-29.547194	-26.613749	149.507813	34.768505
-29.547194	-26.613749	147.558594	37.334881
-29.547194	-26.613749	145.607422	45.048397
-29.547194	-26.613749	143.658203	47.611027
-29.547194	-26.613749	141.707031	51.458881
-29.547194	-26.613749	139.753906	45.015587
-29.547194	-26.613749	137.802734	57.863129
-29.547194	-26.613749	135.849609	56.563545
-29.547194	-26.613749	133.896484	68.116821
-29.547194	-26.613749	131.943359	48.826618
-29.547194	-26.613749	129.990234	47.530167
-29.547194	-26.613749	128.035156	55.224350
-29.547194	-26.613749	126.080078	41.087215
-29.547194	-26.613749	124.125000	50.062889
-29.547194	-26.613749	122.169922	57.750854
-29.547194	-26.613749	120.212891	48.755550
-29.547194	-26.613749	118.255859	50.026447
-29.547194	-26.613749	116.298828	50.014309
-29.547194	-26.613749	114.341797	46.155853
-29.547194	-26.613749	112.382813	39.735676
-29.547194	-26.613749	110.423828	32.037125
-29.547194	-26.613749	108.464844	29.467003
-29.547194	-26.613749	106.505859	24.336403
-29.547194	-26.613749	104.544922	14.086079
-29.547194	-26.613749	102.585938	15.362904
-29.547194	-26.613749	100.625000	3.839794
-29.547194	-26.613749	98.662109	3.838863
-29.547194	-26.613749	96.701172	2.558621
-29.547194	-26.613749	94.738281	-1.279001
-29.547194	-26.613749	92.775391	-1.278690
-29.547194	-26.613749	90.812500	1.278380
-29.547194	-26.613749	88.847656	2.556141
-29.547194	-26.613749	86.882813	0.000000
-29.547194	-26.613749	84.917969	3.832353
-29.547194	-26.613749	82.953125	1.277141
-29.547194	-26.613749	80.988281	1.276832
-29.547194	-26.613749	79.021484	2.553045
-29.547194	-26.613749	77.054688	-1.276213
-29.547194	-26.613749	75.087891	1.275904
-29.547194	-26.613749	73.119141	-2.551189
-29.547194	-26.613749	71.152344	0.000000
-29.547194	-26.613749	69.183594	1.274977
-29.547194	-26.613749	67.212891	0.000000
-29.547194	-26.613749	65.244141	0.000000
-29.547194	-26.613749	63.273438	0.000000
-29.547194	-26.613749	61.302734	-1.273742
-29.547194	-26.613749	59.332031	1.273434
-26.547194	-26.613749	1838.626953	17.678635
-26.547194	-26.613749	1837.066406	22.500080
-26.547194	-26.613749	1835.503906	24.102098
-26.547194	-26.613749	1833.941406	22.490505
-26.547194	-26.613749	1832.378906	25.697966
-26.547194	-26.613749	1830.816406	17.663591
-26.547194	-26.613749	1829.251953	22.476151
-26.547194	-26.613749	1827.687500	28.891758
-26.547194	-26.613749	1826.125000	25.676098
-26.547194	-26.613749	1824.560547	27.275047
-26.547194	-26.613749	1822.994141	19.248878
-26.547194	-26.613749	1821.429688	25.659708
-26.547194	-26.613749	1819.865234	25.654247
-26.547194	-26.613749	1818.298828	25.648787
-26.547194	-26.613749	1816.732422	19.232496
-26.547194	-26.613749	1815.166016	36.854439
-26.547194	-26.613749	1813.599609	28.836464
-26.547194	-26.613749	1812.033203	20.821901
-26.547194	-26.613749	1810.464844	19.216125
-26.547194	-26.613749	1808.896484	24.015043
-26.547194	-26.613749	1807.330078	19.207945
-26.547194	-26.613749	1805.759766	16.003214
-26.547194	-26.613749	1804.191406	14.399826
-26.547194	-26.613749	1802.623047	19.195681
-26.547194	-26.613749	1801.052734	25.588791
-26.547194	-26.613749	1799.484375	15.989589
-26.547194	-26.613749	1797.914063	25.577894
-26.547194	-26.613749	1796.343750	27.170727
-26.547194	-26.613749	1794.771484	25.567003
-26.547194	-26.613749	1793.201172	19.171169
-26.547194	-26.613749	1791.628906	28.750629
-26.547194	-26.613749	1790.058594	19.163004
-26.547194	-26.613749	1788.486328	27.141808
-26.547194	-26.613749	1786.914063	22.347317
-26.547194	-26.613749	1785.339844	27.130247
-26.547194	-26.613749	1783.767578	28.720024
-26.547194	-26.613749	1782.193359	22.333038
-26.547194	-26.613749	1780.621094	22.328281
-26.547194	-26.613749	1779.046875	25.512600
-26.547194	-26.613749	1777.470703	23.912966
-26.547194	-26.613749	1775.896484	20.720156
-26.547194	-26.613749	1774.322266	28.683334
-26.547194	-26.613749	1772.746094	22.304506
-26.547194	-26.613749	1771.169922	27.078272
-26.547194	-26.613749	1769.593750	30.257502
-26.547194	-26.613749	1768.017578	17.513767
-26.547194	-26.613749	1766.441406	31.836428
-26.547194	-26.613749	1764.863281	20.689268
-26.547194	-26.613749	1763.287109	19.093714
-26.547194	-26.613749	1761.708984	17.498840
-26.547194	-26.613749	1760.130859	22.266504
-26.547194	-26.613749	1758.552734	17.491381
-26.547194	-26.613749	1756.972656	22.257011
-26.547194	-26.613749	1755.394531	28.610056
-26.547194	-26.613749	1753.814453	19.069304
-26.547194	-26.613749	1752.234375	20.654007
-26.547194	-26.613749	1750.654297	27.003328
-26.547194	-26.613749	1749.074219	25.409477
-26.547194	-26.613749	1747.492188	14.289783
-26.547194	-26.613749	1745.912109	28.573469
-26.547194	-26.613749	1744.330078	25.393221
-26.547194	-26.613749	1742.748047	26.974543
-26.547194	-26.613749	1741.166016	31.727985
-26.547194	-26.613749	1739.583984	23.790913
-26.547194	-26.613749	1738.000000	19.028669
-26.547194	-26.613749	1736.417969	20.609993
-26.547194	-26.613749	1734.833984	25.360733
-26.547194	-26.613749	1733.250000	22.185905
-26.547194	-26.613749	1731.666016	15.843694
-26.547194	-26.613749	1730.082031	15.840312
-26.547194	-26.613749	1728.496094	23.755396
-26.547194	-26.613749	1726.912109	20.583616
-26.547194	-26.613749	1725.326172	20.579222
-26.547194	-26.613749	1723.740234	22.157507
-26.547194	-26.613749	1722.154297	18.988094
-26.547194	-26.613749	1720.566406	28.476059
-26.547194	-26.613749	1718.980469	18.979984
-26.547194	-26.613749	1717.392578	22.138586
-26.547194	-26.613749	1715.804688	22.133858
-26.547194	-26.613749	1714.216797	25.290436
-26.547194	-26.613749	1712.628906	26.865347
-26.547194	-26.613749	1711.041016	26.859608
-26.547194	-26.613749	1709.451172	26.853870
-26.547194	-26.613749	1707.861328	23.689528
-26.547194	-26.613749	1706.271484	23.684465
-26.547194	-26.613749	1704.681641	23.679405
-26.547194	-26.613749	1703.091797	26.830923
-26.547194	-26.613749	1701.501953	23.669285
-26.547194	-26.613749	1699.910156	23.664225
-26.547194	-26.613749	1698.318359	22.081888
-26.547194	-26.613749	1696.726563	18.923286
-26.547194	-26.613749	1695.134766	17.342636
-26.547194	-26.613749	1693.542969	28.372791
-26.547194	-26.613749	1691.949219	18.911150
-26.547194	-26.613749	1690.357422	20.482697
-26.547194	-26.613749	1688.763672	22.053572
-26.547194	-26.613749	1687.169922	25.198690
-26.547194	-26.613749	1685.576172	22.044136
-26.547194	-26.613749	1683.982422	17.316687
-26.547194	-26.613749	1682.386719	22.034704
-26.547194	-26.613749	1680.791016	25.177130
-26.547194	-26.613749	1679.195313	20.452040
-26.547194	-26.613749	1677.599609	25.166355
-26.547194	-26.613749	1676.003906	23.588408
-26.547194	-26.613749	1674.408203	25.155581
-26.547194	-26.613749	1672.810547	22.006422
-26.547194	-26.613749	1671.214844	17.287058
-26.547194	-26.613749	1669.617188	21.996998
-26.547194	-26.613749	1668.019531	18.850533
-26.547194	-26.613749	1666.419922	26.699200
-26.547194	-26.613749	1664.822266	21.982866
-26.547194	-26.613749	1663.222656	20.408289
-26.547194	-26.613749	1661.623047	28.251577
-26.547194	-26.613749	1660.023438	15.691957
-26.547194	-26.613749	1658.423828	17.257454
-26.547194	-26.613749	1656.824219	23.527849
-26.547194	-26.613749	1655.222656	18.818245
-26.547194	-26.613749	1653.623047	21.949913
-26.547194	-26.613749	1652.021484	17.242662
-26.547194	-26.613749	1650.419922	23.507681
-26.547194	-26.613749	1648.818359	23.502640
-26.547194	-26.613749	1647.214844	29.763626
-26.547194	-26.613749	1645.613281	25.058731
-26.547194	-26.613749	1644.009766	23.487520
-26.547194	-26.613749	1642.406250	26.613480
-26.547194	-26.613749	1640.802734	21.912281
-26.547194	-26.613749	1639.199219	20.342752
-26.547194	-26.613749	1637.593750	23.467369
-26.547194	-26.613749	1635.990234	25.026487
-26.547194	-26.613749	1634.384766	20.329657
-26.547194	-26.613749	1632.779297	18.761808
-26.547194	-26.613749	1631.173828	15.631484
-26.547194	-26.613749	1629.568359	20.316565
-26.547194	-26.613749	1627.960938	17.187248
-26.547194	-26.613749	1626.353516	20.307840
-26.547194	-26.613749	1624.748047	26.550701
-26.547194	-26.613749	1623.140625	21.860586
-26.547194	-26.613749	1621.531250	24.978159
-26.547194	-26.613749	1619.923828	23.411993
-26.547194	-26.613749	1618.314453	20.286034
-26.547194	-26.613749	1616.707031	21.841803
-26.547194	-26.613749	1615.097656	18.717520
-26.547194	-26.613749	1613.488281	18.713497
-26.547194	-26.613749	1611.878906	23.386841
-26.547194	-26.613749	1610.267578	23.381813
-26.547194	-26.613749	1608.656250	21.818331
-26.547194	-26.613749	1607.046875	23.371756
-26.547194	-26.613749	1605.435547	15.577819
-26.547194	-26.613749	1603.824219	15.574468
-26.547194	-26.613749	1602.210938	12.456893
-26.547194	-26.613749	1600.599609	20.238094
-26.547194	-26.613749	1598.986328	18.677298
-26.547194	-26.613749	1597.373047	29.566023
-26.547194	-26.613749	1595.759766	23.336571
-26.547194	-26.613749	1594.146484	20.220675
-26.547194	-26.613749	1592.533203	31.102030
-26.547194	-26.613749	1590.917969	29.540565
-26.547194	-26.613749	1589.302734	20.207613
-26.547194	-26.613749	1587.687500	17.095066
-26.547194	-26.613749	1586.072266	13.983858
-26.547194	-26.613749	1584.457031	13.980844
-26.547194	-26.613749	1582.839844	20.190201
-26.547194	-26.613749	1581.224609	13.974819
-26.547194	-26.613749	1579.607422	20.181498
-26.547194	-26.613749	1577.990234	10.864617
-26.547194	-26.613749	1576.373047	20.172796
-26.547194	-26.613749	1574.755859	23.271284
-26.547194	-26.613749	1573.136719	31.021687
-26.547194	-26.613749	1571.517578	20.159746
-26.547194	-26.613749	1569.898438	21.705812
-26.547194	-26.613749	1568.279297	13.950726
-26.547194	-26.613749	1566.660156	20.146698
-26.547194	-26.613749	1565.041016	13.944704
-26.547194	-26.613749	1563.419922	15.490771
-26.547194	-26.613749	1561.798828	27.877367
-26.547194	-26.613749	1560.177734	21.677715
-26.547194	-26.613749	1558.556641	23.221107
-26.547194	-26.613749	1556.935547	23.216091
-26.547194	-26.613749	1555.312500	20.116266
-26.547194	-26.613749	1553.691406	18.564850
-26.547194	-26.613749	1552.068359	17.014101
-26.547194	-26.613749	1550.445313	24.742435
-26.547194	-26.613749	1548.822266	24.737087
-26.547194	-26.613749	1547.197266	21.640272
-26.547194	-26.613749	1545.574219	29.362591
-26.547194	-26.613749	1543.949219	24.721045
-26.547194	-26.613749	1542.324219	23.170967
-26.547194	-26.613749	1540.699219	24.710352
-26.547194	-26.613749	1539.072266	21.616880
-26.547194	-26.613749	1537.447266	24.699661
-26.547194	-26.613749	1535.820313	18.520737
-26.547194	-26.613749	1534.193359	23.145910
-26.547194	-26.613749	1532.566406	27.769079
-26.547194	-26.613749	1530.939453	21.593496
-26.547194	-26.613749	1529.312500	23.130880
-26.547194	-26.613749	1527.683594	16.958971
-26.547194	-26.613749	1526.056641	23.120861
-26.547194	-26.613749	1524.427734	12.328455
-26.547194	-26.613749	1522.798828	16.947952
-26.547194	-26.613749	1521.167969	16.944279
-26.547194	-26.613749	1519.539063	24.640882
-26.547194	-26.613749	1517.908203	26.175262
-26.547194	-26.613749	1516.277344	18.472651
-26.547194	-26.613749	1514.646484	9.234323
-26.547194	-26.613749	1513.015625	21.542078
-26.547194	-26.613749	1511.384766	23.075792
-26.547194	-26.613749	1509.751953	18.456629
-26.547194	-26.613749	1508.121094	21.528061
-26.547194	-26.613749	1506.488281	23.060774
-26.547194	-26.613749	1504.855469	23.055769
-26.547194	-26.613749	1503.220703	18.440611
-26.547194	-26.613749	1501.587891	21.509375
-26.547194	-26.613749	1499.953125	24.576805
-26.547194	-26.613749	1498.318359	19.964317
-26.547194	-26.613749	1496.683594	10.747682
-26.547194	-26.613749	1495.048828	19.955645
-26.547194	-26.613749	1493.414063	21.486023
-26.547194	-26.613749	1491.777344	15.343824
-26.547194	-26.613749	1490.140625	21.476685
-26.547194	-26.613749	1488.505859	16.870869
-26.547194	-26.613749	1486.867188	16.867201
-26.547194	-26.613749	1485.230469	9.198291
-26.547194	-26.613749	1483.593750	18.392580
-26.547194	-26.613749	1481.955078	22.985723
-26.547194	-26.613749	1480.316406	21.448673
-26.547194	-26.613749	1478.677734	18.380577
-26.547194	-26.613749	1477.039063	21.439339
-26.547194	-26.613749	1475.400391	22.965719
-26.547194	-26.613749	1473.759766	22.960718
-26.547194	-26.613749	1472.119141	21.425337
-26.547194	-26.613749	1470.478516	19.890623
-26.547194	-26.613749	1468.837891	22.945719
-26.547194	-26.613749	1467.197266	27.528864
-26.547194	-26.613749	1465.556641	12.232384
-26.547194	-26.613749	1463.914063	18.344578
-26.547194	-26.613749	1462.271484	12.227052
-26.547194	-26.613749	1460.628906	24.448772
-26.547194	-26.613749	1458.986328	18.332581
-26.547194	-26.613749	1457.343750	24.438110
-26.547194	-26.613749	1455.699219	27.486876
-26.547194	-26.613749	1454.054688	19.847301
-26.547194	-26.613749	1452.410156	24.422117
-26.547194	-26.613749	1450.765625	21.364689
-26.547194	-26.613749	1449.121094	27.462889
-26.547194	-26.613749	1447.474609	27.456894
-26.547194	-26.613749	1445.830078	10.675349
-26.547194	-26.613749	1444.183594	21.346035
-26.547194	-26.613749	1442.537109	15.243836
-26.547194	-26.613749	1440.890625	24.384809
-26.547194	-26.613749	1439.242188	22.855764
-26.547194	-26.613749	1437.595703	19.803999
-26.547194	-26.613749	1435.947266	18.276619
-26.547194	-26.613749	1434.298828	19.795341
-26.547194	-26.613749	1432.650391	22.835783
-26.547194	-26.613749	1431.000000	27.396946
-26.547194	-26.613749	1429.351563	24.347513
-26.547194	-26.613749	1427.701172	22.820799
-26.547194	-26.613749	1426.050781	19.773697
-26.547194	-26.613749	1424.400391	21.290091
-26.547194	-26.613749	1422.750000	27.366982
-26.547194	-26.613749	1421.097656	18.240660
-26.547194	-26.613749	1419.447266	28.874718
-26.547194	-26.613749	1417.794922	24.310226
-26.547194	-26.613749	1416.142578	27.343014
-26.547194	-26.613749	1414.490234	24.299574
-26.547194	-26.613749	1412.835938	24.294249
-26.547194	-26.613749	1411.183594	22.770866
-26.547194	-26.613749	1409.529297	16.694975
-26.547194	-26.613749	1407.875000	24.278275
-26.547194	-26.613749	1406.220703	15.170593
-26.547194	-26.613749	1404.566406	22.750898
-26.547194	-26.613749	1402.910156	21.229513
-26.547194	-26.613749	1401.255859	19.708792
-26.547194	-26.613749	1399.599609	25.767380
-26.547194	-26.613749	1397.943359	22.730932
-26.547194	-26.613749	1396.287109	16.665689
-26.547194	-26.613749	1394.628906	21.206221
-26.547194	-26.613749	1392.970703	19.687164
-26.547194	-26.613749	1391.314453	18.168776
-26.547194	-26.613749	1389.656250	24.219711
-26.547194	-26.613749	1387.998047	13.620593
-26.547194	-26.613749	1386.337891	25.722132
-26.547194	-26.613749	1384.679688	25.716476
-26.547194	-26.613749	1383.019531	18.148815
-26.547194	-26.613749	1381.359375	15.120686
-26.547194	-26.613749	1379.699219	19.652567
-26.547194	-26.613749	1378.039063	19.648243
-26.547194	-26.613749	1376.376953	34.754627
-26.547194	-26.613749	1374.716797	24.171810
-26.547194	-26.613749	1373.054688	24.166489
-26.547194	-26.613749	1371.392578	19.630949
-26.547194	-26.613749	1369.728516	22.646105
-26.547194	-26.613749	1368.066406	24.150524
-26.547194	-26.613749	1366.402344	13.581677
-26.547194	-26.613749	1364.740234	18.104912
-26.547194	-26.613749	1363.076172	24.134562
-26.547194	-26.613749	1361.412109	13.572699
-26.547194	-26.613749	1359.746094	19.600687
-26.547194	-26.613749	1358.082031	18.088951
-26.547194	-26.613749	1356.416016	16.577881
-26.547194	-26.613749	1354.750000	19.587719
-26.547194	-26.613749	1353.083984	22.596226
-26.547194	-26.613749	1351.417969	16.566908
-26.547194	-26.613749	1349.750000	13.551751
-26.547194	-26.613749	1348.083984	21.075848
-26.547194	-26.613749	1346.416016	19.566107
-26.547194	-26.613749	1344.748047	16.552280
-26.547194	-26.613749	1343.078125	22.566305
-26.547194	-26.613749	1341.410156	22.561317
-26.547194	-26.613749	1339.740234	15.037555
-26.547194	-26.613749	1338.072266	19.544500
-26.547194	-26.613749	1336.402344	16.533997
-26.547194	-26.613749	1334.730469	16.530340
-26.547194	-26.613749	1333.060547	24.038813
-26.547194	-26.613749	1331.388672	16.523027
-26.547194	-26.613749	1329.718750	25.529938
-26.547194	-26.613749	1328.046875	18.017145
-26.547194	-26.613749	1326.375000	21.015348
-26.547194	-26.613749	1324.701172	19.509932
-26.547194	-26.613749	1323.029297	27.007769
-26.547194	-26.613749	1321.355469	21.001390
-26.547194	-26.613749	1319.681641	25.496038
-26.547194	-26.613749	1318.007813	29.988693
-26.547194	-26.613749	1316.333984	17.989227
-26.547194	-26.613749	1314.660156	17.985239
-26.547194	-26.613749	1312.984375	16.482815
-26.547194	-26.613749	1311.308594	23.969687
-26.547194	-26.613749	1309.632813	13.479958
-26.547194	-26.613749	1307.957031	22.461611
-26.547194	-26.613749	1306.279297	20.959518
-26.547194	-26.613749	1304.603516	13.470986
-26.547194	-26.613749	1302.925781	17.957327
-26.547194	-26.613749	1301.248047	23.937786
-26.547194	-26.613749	1299.570313	16.453573
-26.547194	-26.613749	1297.892578	17.945366
-26.547194	-26.613749	1296.212891	19.436495
-26.547194	-26.613749	1294.533203	23.916523
-26.547194	-26.613749	1292.853516	19.427856
-26.547194	-26.613749	1291.173828	23.905891
-26.547194	-26.613749	1289.494141	13.444074
-26.547194	-26.613749	1287.812500	17.921446
-26.547194	-26.613749	1286.132813	25.383066
-26.547194	-26.613749	1284.451172	25.377419
-26.547194	-26.613749	1282.769531	20.894400
-26.547194	-26.613749	1281.085938	17.905500
-26.547194	-26.613749	1279.404297	17.901514
-26.547194	-26.613749	1277.720703	23.863369
-26.547194	-26.613749	1276.039063	13.420156
-26.547194	-26.613749	1274.355469	23.852739
-26.547194	-26.613749	1272.669922	22.356960
-26.547194	-26.613749	1270.986328	20.861847
-26.547194	-26.613749	1269.300781	22.346996
-26.547194	-26.613749	1267.615234	16.384144
-26.547194	-26.613749	1265.929688	22.337032
-26.547194	-26.613749	1264.244141	22.332050
-26.547194	-26.613749	1262.558594	19.350126
-26.547194	-26.613749	1260.871094	22.322086
-26.547194	-26.613749	1259.185547	19.341490
-26.547194	-26.613749	1257.498047	17.849697
-26.547194	-26.613749	1255.808594	20.819998
-26.547194	-26.613749	1254.121094	28.249401
-26.547194	-26.613749	1252.433594	29.729568
-26.547194	-26.613749	1250.744141	22.292196
-26.547194	-26.613749	1249.054688	14.858143
-26.547194	-26.613749	1247.365234	22.282232
-26.547194	-26.613749	1245.673828	14.851501
-26.547194	-26.613749	1243.984375	23.757088
-26.547194	-26.613749	1242.292969	28.205233
-26.547194	-26.613749	1240.601563	13.357385
-26.547194	-26.613749	1238.910156	11.870574
-26.547194	-26.613749	1237.218750	19.285366
-26.547194	-26.613749	1235.525391	19.281050
-26.547194	-26.613749	1233.833984	19.276733
-26.547194	-26.613749	1232.140625	20.754910
-26.547194	-26.613749	1230.447266	23.714584
-26.547194	-26.613749	1228.753906	13.336465
-26.547194	-26.613749	1227.058594	17.777969
-26.547194	-26.613749	1225.365234	26.660978
-26.547194	-26.613749	1223.669922	17.770000
-26.547194	-26.613749	1221.974609	22.207520
-26.547194	-26.613749	1220.277344	19.242201
-26.547194	-26.613749	1218.582031	16.278210
-26.547194	-26.613749	1216.884766	17.754065
-26.547194	-26.613749	1215.189453	14.791733
-26.547194	-26.613749	1213.492188	20.703779
-26.547194	-26.613749	1211.792969	23.656149
-26.547194	-26.613749	1210.095703	19.216305
-26.547194	-26.613749	1208.396484	22.167681
-26.547194	-26.613749	1206.699219	19.207674
-26.547194	-26.613749	1205.000000	22.157721
-26.547194	-26.613749	1203.298828	17.722193
-26.547194	-26.613749	1201.599609	16.241692
-26.547194	-26.613749	1199.900391	19.190411
-26.547194	-26.613749	1198.199219	14.758534
-26.547194	-26.613749	1196.498047	23.608345
-26.547194	-26.613749	1194.796875	26.553411
-26.547194	-26.613749	1193.093750	11.798861
-26.547194	-26.613749	1191.392578	22.117886
-26.547194	-26.613749	1189.689453	14.741937
-26.547194	-26.613749	1187.986328	22.107927
-26.547194	-26.613749	1186.283203	23.576477
-26.547194	-26.613749	1184.580078	16.205177
-26.547194	-26.613749	1182.875000	20.620123
-26.547194	-26.613749	1181.169922	26.505613
-26.547194	-26.613749	1179.464844	22.083033
-26.547194	-26.613749	1177.759766	23.549923
-26.547194	-26.613749	1176.054688	23.544613
-26.547194	-26.613749	1174.347656	23.539303
-26.547194	-26.613749	1172.642578	20.592243
-26.547194	-26.613749	1170.935547	16.175968
-26.547194	-26.613749	1169.228516	24.993582
-26.547194	-26.613749	1167.519531	22.048182
-26.547194	-26.613749	1165.812500	22.043203
-26.547194	-26.613749	1164.103516	14.692150
-26.547194	-26.613749	1162.394531	14.688831
-26.547194	-26.613749	1160.685547	20.559717
-26.547194	-26.613749	1158.976563	22.023291
-26.547194	-26.613749	1157.265625	23.486200
-26.547194	-26.613749	1155.556641	22.013334
-26.547194	-26.613749	1153.845703	22.008356
-26.547194	-26.613749	1152.134766	23.470270
-26.547194	-26.613749	1150.423828	13.199040
-26.547194	-26.613749	1148.710938	17.594738
-26.547194	-26.613749	1146.998047	16.124861
-26.547194	-26.613749	1145.287109	13.190081
-26.547194	-26.613749	1143.572266	20.513258
-26.547194	-26.613749	1141.859375	19.043711
-26.547194	-26.613749	1140.146484	21.968536
-26.547194	-26.613749	1138.431641	20.499321
-26.547194	-26.613749	1136.716797	17.566864
-26.547194	-26.613749	1135.001953	19.026457
-26.547194	-26.613749	1133.287109	19.022142
-26.547194	-26.613749	1131.570313	17.554920
-26.547194	-26.613749	1129.855469	20.476093
-26.547194	-26.613749	1128.138672	26.320435
-26.547194	-26.613749	1126.421875	19.004889
-26.547194	-26.613749	1124.703125	26.308489
-26.547194	-26.613749	1122.986328	29.225019
-26.547194	-26.613749	1121.267578	16.070110
-26.547194	-26.613749	1119.548828	20.448223
-26.547194	-26.613749	1117.830078	21.903835
-26.547194	-26.613749	1116.111328	21.898857
-26.547194	-26.613749	1114.392578	20.434290
-26.547194	-26.613749	1112.671875	21.888905
-26.547194	-26.613749	1110.951172	21.883928
-26.547194	-26.613749	1109.230469	16.044565
-26.547194	-26.613749	1107.509766	16.040916
-26.547194	-26.613749	1105.787109	14.579333
-26.547194	-26.613749	1104.066406	20.406422
-26.547194	-26.613749	1102.343750	26.230858
-26.547194	-26.613749	1100.621094	14.569381
-26.547194	-26.613749	1098.896484	20.392488
-26.547194	-26.613749	1097.173828	32.038044
-26.547194	-26.613749	1095.449219	17.471315
-26.547194	-26.613749	1093.724609	21.834167
-26.547194	-26.613749	1092.000000	21.829193
-26.547194	-26.613749	1090.275391	20.369268
-26.547194	-26.613749	1088.550781	21.819241
-26.547194	-26.613749	1086.824219	29.085688
-26.547194	-26.613749	1085.097656	24.717196
-26.547194	-26.613749	1083.371094	15.989831
-26.547194	-26.613749	1081.644531	21.799339
-26.547194	-26.613749	1079.916016	27.606195
-26.547194	-26.613749	1078.189453	26.147268
-26.547194	-26.613749	1076.460938	24.689003
-26.547194	-26.613749	1074.732422	21.779440
-26.547194	-26.613749	1073.001953	14.516310
-26.547194	-26.613749	1071.273438	24.672089
-26.547194	-26.613749	1069.542969	13.058709
-26.547194	-26.613749	1067.812500	17.407633
-26.547194	-26.613749	1066.082031	21.754566
-26.547194	-26.613749	1064.351563	17.399673
-26.547194	-26.613749	1062.619141	17.395693
-26.547194	-26.613749	1060.888672	23.188951
-26.547194	-26.613749	1059.156250	13.040801
-26.547194	-26.613749	1057.421875	15.935109
-26.547194	-26.613749	1055.689453	26.069664
-26.547194	-26.613749	1053.957031	23.167728
-26.547194	-26.613749	1052.222656	17.371817
-26.547194	-26.613749	1050.488281	27.499077
-26.547194	-26.613749	1048.753906	18.810848
-26.547194	-26.613749	1047.019531	21.699850
-26.547194	-26.613749	1045.283203	23.141201
-26.547194	-26.613749	1043.546875	18.797916
-26.547194	-26.613749	1041.810547	30.358902
-26.547194	-26.613749	1040.074219	23.125286
-26.547194	-26.613749	1038.337891	17.339987
-26.547194	-26.613749	1036.599609	15.891340
-26.547194	-26.613749	1034.861328	25.998043
-26.547194	-26.613749	1033.123047	27.436081
-26.547194	-26.613749	1031.384766	18.767746
-26.547194	-26.613749	1029.646484	23.093458
-26.547194	-26.613749	1027.906250	31.746212
-26.547194	-26.613749	1026.167969	23.082850
-26.547194	-26.613749	1024.427734	24.519894
-26.547194	-26.613749	1022.685547	27.398287
-26.547194	-26.613749	1020.945313	15.858521
-26.547194	-26.613749	1019.203125	25.944338
-26.547194	-26.613749	1017.462891	27.379393
-26.547194	-26.613749	1015.720703	27.373095
-26.547194	-26.613749	1013.976563	23.045723
-26.547194	-26.613749	1012.234375	24.480446
-26.547194	-26.613749	1010.490234	21.595423
-26.547194	-26.613749	1008.746094	24.469177
-26.547194	-26.613749	1007.001953	21.585478
-26.547194	-26.613749	1005.257813	25.896608
-26.547194	-26.613749	1003.513672	24.452274
-26.547194	-26.613749	1001.767578	31.636827
-26.547194	-26.613749	1000.021484	28.754124
-26.547194	-26.613749	998.275391	28.747496
-26.547194	-26.613749	996.529297	30.177912
-26.547194	-26.613749	994.781250	35.917801
-26.547194	-26.613749	993.035156	33.036755
-26.547194	-26.613749	991.287109	37.337280
-26.547194	-26.613749	989.539063	24.407204
-26.547194	-26.613749	987.789063	33.013889
-26.547194	-26.613749	986.041016	40.181545
-26.547194	-26.613749	984.291016	34.433372
-26.547194	-26.613749	982.541016	43.031773
-26.547194	-26.613749	980.791016	44.455894
-26.547194	-26.613749	979.041016	28.674595
-26.547194	-26.613749	977.289063	28.667969
-26.547194	-26.613749	975.537109	41.558949
-26.547194	-26.613749	973.785156	45.847546
-26.547194	-26.613749	972.033203	32.945305
-26.547194	-26.613749	970.281250	28.641464
-26.547194	-26.613749	968.527344	38.657032
-26.547194	-26.613749	966.773438	38.648090
-26.547194	-26.613749	965.019531	30.052668
-26.547194	-26.613749	963.265625	37.199451
-26.547194	-26.613749	961.511719	38.621258
-26.547194	-26.613749	959.755859	31.461885
-26.547194	-26.613749	958.000000	40.033123
-26.547194	-26.613749	956.244141	22.870771
-26.547194	-26.613749	954.488281	35.727299
-26.547194	-26.613749	952.730469	35.719021
-26.547194	-26.613749	950.974609	28.568592
-26.547194	-26.613749	949.216797	38.558659
-26.547194	-26.613749	947.458984	34.266415
-26.547194	-26.613749	945.701172	32.831028
-26.547194	-26.613749	943.941406	38.531834
-26.547194	-26.613749	942.181641	31.389023
-26.547194	-26.613749	940.421875	35.661064
-26.547194	-26.613749	938.662109	31.374453
-26.547194	-26.613749	936.902344	31.367168
-26.547194	-26.613749	935.140625	37.061680
-26.547194	-26.613749	933.380859	28.502363
-26.547194	-26.613749	931.619141	32.770103
-26.547194	-26.613749	929.855469	28.489120
-26.547194	-26.613749	928.093750	27.058372
-26.547194	-26.613749	926.330078	22.780701
-26.547194	-26.613749	924.568359	31.316181
-26.547194	-26.613749	922.804688	24.193239
-26.547194	-26.613749	921.039063	28.456015
-26.547194	-26.613749	919.275391	18.492105
-26.547194	-26.613749	917.509766	25.598495
-26.547194	-26.613749	915.744141	18.483500
-26.547194	-26.613749	913.978516	19.900673
-26.547194	-26.613749	912.212891	27.001768
-26.547194	-26.613749	910.447266	21.312222
-26.547194	-26.613749	908.679688	26.989191
-26.547194	-26.613749	906.912109	19.882139
-26.547194	-26.613749	905.144531	24.136972
-26.547194	-26.613749	903.375000	29.809311
-26.547194	-26.613749	901.607422	26.964041
-26.547194	-26.613749	899.837891	25.538925
-26.547194	-26.613749	898.068359	24.114470
-26.547194	-26.613749	896.298828	28.363348
-26.547194	-26.613749	894.529297	24.103220
-26.547194	-26.613749	892.757813	25.515102
-26.547194	-26.613749	890.986328	24.091972
-26.547194	-26.613749	889.214844	25.503191
-26.547194	-26.613749	887.443359	16.998158
-26.547194	-26.613749	885.669922	16.994188
-26.547194	-26.613749	883.898438	21.237774
-26.547194	-26.613749	882.125000	32.556976
-26.547194	-26.613749	880.351563	24.058229
-26.547194	-26.613749	878.578125	28.297184
-26.547194	-26.613749	876.802734	26.876041
-26.547194	-26.613749	875.027344	26.869757
-26.547194	-26.613749	873.251953	21.208006
-26.547194	-26.613749	871.476563	26.857189
-26.547194	-26.613749	869.701172	24.024496
-26.547194	-26.613749	867.923828	16.954500
-26.547194	-26.613749	866.146484	25.425797
-26.547194	-26.613749	864.369141	26.832058
-26.547194	-26.613749	862.591797	26.825777
-26.547194	-26.613749	860.814453	25.407942
-26.547194	-26.613749	859.035156	21.168325
-26.547194	-26.613749	857.255859	28.217823
-26.547194	-26.613749	855.476563	26.800650
-26.547194	-26.613749	853.697266	25.384140
-26.547194	-26.613749	851.916016	22.558392
-26.547194	-26.613749	850.136719	19.733965
-26.547194	-26.613749	848.355469	23.957052
-26.547194	-26.613749	846.574219	28.178156
-26.547194	-26.613749	844.791016	22.537237
-26.547194	-26.613749	843.009766	28.164936
-26.547194	-26.613749	841.226563	21.118746
-26.547194	-26.613749	839.443359	21.113789
-26.547194	-26.613749	837.660156	22.516088
-26.547194	-26.613749	835.875000	28.138500
-26.547194	-26.613749	834.091797	30.945082
-26.547194	-26.613749	832.306641	23.906492
-26.547194	-26.613749	830.521484	18.277140
-26.547194	-26.613749	828.734375	23.895260
-26.547194	-26.613749	826.949219	22.484371
-26.547194	-26.613749	825.162109	18.264257
-26.547194	-26.613749	823.375000	15.450738
-26.547194	-26.613749	821.587891	25.277081
-26.547194	-26.613749	819.800781	25.271135
-26.547194	-26.613749	818.011719	23.861568
-26.547194	-26.613749	816.222656	22.452663
-26.547194	-26.613749	814.433594	18.238495
-26.547194	-26.613749	812.644531	26.649988
-26.547194	-26.613749	810.855469	19.632210
-26.547194	-26.613749	809.064453	21.029558
-26.547194	-26.613749	807.273438	18.221325
-26.547194	-26.613749	805.482422	25.223585
-26.547194	-26.613749	803.691406	28.019602
-26.547194	-26.613749	801.898438	21.009750
-26.547194	-26.613749	800.107422	26.606079
-26.547194	-26.613749	798.314453	22.399837
-26.547194	-26.613749	796.521484	25.193876
-26.547194	-26.613749	794.726563	22.389277
-26.547194	-26.613749	792.933594	32.176994
-26.547194	-26.613749	791.138672	19.581375
-26.547194	-26.613749	789.343750	25.170115
-26.547194	-26.613749	787.546875	20.970146
-26.547194	-26.613749	785.751953	20.965197
-26.547194	-26.613749	783.955078	25.152298
-26.547194	-26.613749	782.158203	18.161259
-26.547194	-26.613749	780.361328	22.347040
-26.547194	-26.613749	778.564453	33.512646
-26.547194	-26.613749	776.765625	23.732515
-26.547194	-26.613749	774.968750	30.705410
-26.547194	-26.613749	773.169922	22.325932
-26.547194	-26.613749	771.369141	22.320654
-26.547194	-26.613749	769.570313	25.104799
-26.547194	-26.613749	767.769531	33.465153
-26.547194	-26.613749	765.970703	32.063187
-26.547194	-26.613749	764.167969	26.480717
-26.547194	-26.613749	762.367188	25.081059
-26.547194	-26.613749	760.566406	27.861250
-26.547194	-26.613749	758.763672	26.461924
-26.547194	-26.613749	756.960938	20.886049
-26.547194	-26.613749	755.158203	27.841473
-26.547194	-26.613749	753.353516	33.401855
-26.547194	-26.613749	751.550781	30.611118
-26.547194	-26.613749	749.746094	36.168209
-26.547194	-26.613749	747.941406	36.159641
-26.547194	-26.613749	746.136719	30.589369
-26.547194	-26.613749	744.330078	23.631638
-26.547194	-26.613749	742.523438	27.795338
-26.547194	-26.613749	740.718750	30.567625
-26.547194	-26.613749	738.910156	29.171268
-26.547194	-26.613749	737.103516	31.941910
-26.547194	-26.613749	735.294922	27.768986
-26.547194	-26.613749	733.488281	31.926758
-26.547194	-26.613749	731.679688	22.204649
-26.547194	-26.613749	729.869141	24.974304
-26.547194	-26.613749	728.060547	22.194113
-26.547194	-26.613749	726.250000	26.349253
-26.547194	-26.613749	724.439453	23.570049
-26.547194	-26.613749	722.628906	22.178308
-26.547194	-26.613749	720.818359	26.330488
-26.547194	-26.613749	719.005859	13.854859
-26.547194	-26.613749	717.195313	26.317980
-26.547194	-26.613749	715.382813	19.387589
-26.547194	-26.613749	713.568359	20.767479
-26.547194	-26.613749	711.755859	15.225865
-26.547194	-26.613749	709.941406	26.292969
-26.547194	-26.613749	708.126953	20.752672
-26.547194	-26.613749	706.312500	23.514103
-26.547194	-26.613749	704.498047	22.125656
-26.547194	-26.613749	702.681641	23.502918
-26.547194	-26.613749	700.867188	27.643913
-26.547194	-26.613749	699.050781	19.346134
-26.547194	-26.613749	697.232422	16.578455
-26.547194	-26.613749	695.416016	20.718136
-26.547194	-26.613749	693.597656	23.474964
-26.547194	-26.613749	691.779297	22.088823
-26.547194	-26.613749	689.960938	27.604454
-26.547194	-26.613749	688.142578	26.217985
-26.547194	-26.613749	686.324219	22.073044
-26.547194	-26.613749	684.503906	20.688549
-26.547194	-26.613749	682.683594	27.578159
-26.547194	-26.613749	680.863281	23.435848
-26.547194	-26.613749	679.041016	24.808514
-26.547194	-26.613749	677.218750	28.936365
-26.547194	-26.613749	675.398438	27.551872
-26.547194	-26.613749	673.576172	22.036242
-26.547194	-26.613749	671.751953	24.784859
-26.547194	-26.613749	669.929688	26.155554
-26.547194	-26.613749	668.105469	23.396755
-26.547194	-26.613749	666.281250	24.767124
-26.547194	-26.613749	664.457031	24.761213
-26.547194	-26.613749	662.630859	26.130596
-26.547194	-26.613749	660.806641	20.624495
-26.547194	-26.613749	658.980469	31.616673
-26.547194	-26.613749	657.154297	27.486195
-26.547194	-26.613749	655.326172	26.105648
-26.547194	-26.613749	653.500000	26.099413
-26.547194	-26.613749	651.671875	20.599876
-26.547194	-26.613749	649.843750	26.086943
-26.547194	-26.613749	648.015625	42.552734
-26.547194	-26.613749	646.185547	35.680859
-26.547194	-26.613749	644.357422	32.928307
-26.547194	-26.613749	642.527344	32.920433
-26.547194	-26.613749	640.697266	34.283916
-26.547194	-26.613749	638.865234	34.275719
-26.547194	-26.613749	637.035156	34.267521
-26.547194	-26.613749	635.203125	37.000069
-26.547194	-26.613749	633.371094	34.251125
-26.547194	-26.613749	631.539063	35.612648
-26.547194	-26.613749	629.705078	32.865349
-26.547194	-26.613749	627.873047	26.012173
-26.547194	-26.613749	626.039063	32.849613
-26.547194	-26.613749	624.203125	28.736532
-26.547194	-26.613749	622.369141	39.674278
-26.547194	-26.613749	620.535156	34.193775
-26.547194	-26.613749	618.699219	32.818161
-26.547194	-26.613749	616.863281	34.177395
-26.547194	-26.613749	615.025391	38.269512
-26.547194	-26.613749	613.189453	39.626781
-26.547194	-26.613749	611.351563	36.885059
-26.547194	-26.613749	609.513672	27.315716
-26.547194	-26.613749	607.675781	30.040085
-26.547194	-26.613749	605.837891	34.128277
-26.547194	-26.613749	603.998047	35.484898
-26.547194	-26.613749	602.158203	34.111912
-26.547194	-26.613749	600.318359	28.647133
-26.547194	-26.613749	598.478516	31.367905
-26.547194	-26.613749	596.636719	24.542906
-26.547194	-26.613749	594.796875	34.079189
-26.547194	-26.613749	592.955078	27.256809
-26.547194	-26.613749	591.111328	24.525240
-26.547194	-26.613749	589.269531	28.605913
-26.547194	-26.613749	587.425781	23.151608
-26.547194	-26.613749	585.583984	23.146049
-26.547194	-26.613749	583.738281	28.585312
-26.547194	-26.613749	581.894531	27.217569
-26.547194	-26.613749	580.050781	24.489929
-26.547194	-26.613749	578.205078	21.763596
-26.547194	-26.613749	576.359375	24.478163
-26.547194	-26.613749	574.513672	29.910566
-26.547194	-26.613749	572.666016	28.544134
-26.547194	-26.613749	570.818359	21.742685
-26.547194	-26.613749	568.970703	19.020277
-26.547194	-26.613749	567.123047	29.881821
-26.547194	-26.613749	565.275391	23.084946
-26.547194	-26.613749	563.425781	27.152229
-26.547194	-26.613749	561.576172	25.788414
-26.547194	-26.613749	559.726563	25.782211
-26.547194	-26.613749	557.876953	23.062746
-26.547194	-26.613749	556.027344	31.195032
-26.547194	-26.613749	554.175781	21.695669
-26.547194	-26.613749	552.324219	27.113062
-26.547194	-26.613749	550.472656	31.172518
-26.547194	-26.613749	548.619141	35.230015
-26.547194	-26.613749	546.767578	25.738813
-26.547194	-26.613749	544.914063	25.732618
-26.547194	-26.613749	543.060547	37.912621
-26.547194	-26.613749	541.205078	37.903492
-26.547194	-26.613749	539.351563	37.894363
-26.547194	-26.613749	537.496094	35.179150
-26.547194	-26.613749	535.640625	45.992420
-26.547194	-26.613749	533.785156	45.981339
-26.547194	-26.613749	531.927734	62.195057
-26.547194	-26.613749	530.070313	64.883553
-26.547194	-26.613749	528.212891	83.787727
-26.547194	-26.613749	526.355469	102.682777
-26.547194	-26.613749	524.498047	187.756134
-26.547194	-26.613749	522.638672	371.370422
-26.547194	-26.613749	520.779297	594.049438
-26.547194	-26.613749	518.919922	499.421112
-26.547194	-26.613749	517.060547	249.650330
-26.547194	-26.613749	515.199219	140.310120
-26.547194	-26.613749	513.339844	101.160774
-26.547194	-26.613749	511.478516	82.257584
-26.547194	-26.613749	509.615234	72.800621
-26.547194	-26.613749	507.753906	72.783058
-26.547194	-26.613749	505.890625	71.417984
-26.547194	-26.613749	504.027344	61.970463
-26.547194	-26.613749	502.164063	67.342941
-26.547194	-26.613749	500.300781	67.326683
-26.547194	-26.613749	498.435547	55.194553
-26.547194	-26.613749	496.570313	53.835342
-26.547194	-26.613749	494.705078	49.785671
-26.547194	-26.613749	492.839844	56.499817
-26.547194	-26.613749	490.972656	59.175987
-26.547194	-26.613749	489.107422	52.438778
-26.547194	-26.613749	487.240234	40.327778
-26.547194	-26.613749	485.371094	40.318035
-26.547194	-26.613749	483.503906	51.057171
-26.547194	-26.613749	481.634766	45.671696
-26.547194	-26.613749	479.765625	41.631779
-26.547194	-26.613749	477.896484	45.649624
-26.547194	-26.613749	476.027344	40.269344
-26.547194	-26.613749	474.156250	34.891663
-26.547194	-26.613749	472.285156	32.199905
-26.547194	-26.613749	470.414063	37.557472
-26.547194	-26.613749	468.542969	34.866364
-26.547194	-26.613749	466.669922	38.880005
-26.547194	-26.613749	464.796875	32.168774
-26.547194	-26.613749	462.923828	28.140869
-26.547194	-26.613749	461.050781	26.794346
-26.547194	-26.613749	459.177734	37.503010
-26.547194	-26.613749	457.302734	36.154869
-26.547194	-26.613749	455.427734	26.774906
-26.547194	-26.613749	453.552734	29.445271
-26.547194	-26.613749	451.675781	30.776243
-26.547194	-26.613749	449.800781	29.431021
-26.547194	-26.613749	447.923828	34.773697
-26.547194	-26.613749	446.046875	32.091030
-26.547194	-26.613749	444.169922	32.083263
-26.547194	-26.613749	442.291016	32.075497
-26.547194	-26.613749	440.412109	32.067730
-26.547194	-26.613749	438.533203	21.373312
-26.547194	-26.613749	436.654297	28.045679
-26.547194	-26.613749	434.773438	26.703703
-26.547194	-26.613749	432.894531	22.692650
-26.547194	-26.613749	431.013672	29.359848
-26.547194	-26.613749	429.130859	29.352736
-26.547194	-26.613749	427.250000	29.345627
-26.547194	-26.613749	425.367188	25.337811
-26.547194	-26.613749	423.484375	26.664919
-26.547194	-26.613749	421.601563	21.326767
-26.547194	-26.613749	419.718750	21.321600
-26.547194	-26.613749	417.833984	33.306927
-26.547194	-26.613749	415.949219	26.639084
-26.547194	-26.613749	414.064453	35.954048
-26.547194	-26.613749	412.179688	30.620100
-26.547194	-26.613749	410.294922	25.288734
-26.547194	-26.613749	408.408203	26.613268
-26.547194	-26.613749	406.521484	31.928179
-26.547194	-26.613749	404.634766	30.590420
-26.547194	-26.613749	402.746094	37.231483
-26.547194	-26.613749	400.857422	54.504311
-26.547194	-26.613749	398.968750	87.717369
-26.547194	-26.613749	397.080078	77.066269
-26.547194	-26.613749	395.191406	75.719177
-26.547194	-26.613749	393.300781	78.356979
-26.547194	-26.613749	391.410156	77.010216
-26.547194	-26.613749	389.519531	75.664093
-26.547194	-26.613749	387.628906	61.047440
-26.547194	-26.613749	385.736328	53.071854
-26.547194	-26.613749	383.843750	58.364876
-26.547194	-26.613749	381.951172	51.719952
-26.547194	-26.613749	380.058594	54.359066
-26.547194	-26.613749	378.164063	51.694855
-26.547194	-26.613749	376.271484	79.511253
-26.547194	-26.613749	374.376953	70.217896
-26.547194	-26.613749	372.480469	67.551765
-26.547194	-26.613749	370.585938	58.265808
-26.547194	-26.613749	368.689453	47.660454
-26.547194	-26.613749	366.792969	50.296047
-26.547194	-26.613749	364.896484	42.344284
-26.547194	-26.613749	363.000000	46.302818
-26.547194	-26.613749	361.101563	56.872513
-26.547194	-26.613749	359.203125	62.147888
-26.547194	-26.613749	357.304688	42.303181
-26.547194	-26.613749	355.406250	46.257870
-26.547194	-26.613749	353.505859	60.781296
-26.547194	-26.613749	351.605469	52.840469
-26.547194	-26.613749	349.705078	52.827637
-26.547194	-26.613749	347.804688	46.212959
-26.547194	-26.613749	345.902344	44.881687
-26.547194	-26.613749	344.001953	59.387802
-26.547194	-26.613749	342.099609	60.692787
-26.547194	-26.613749	340.195313	42.210815
-26.547194	-26.613749	338.292969	34.287956
-26.547194	-26.613749	336.388672	46.145653
-26.547194	-26.613749	334.484375	43.498192
-26.547194	-26.613749	332.580078	40.852013
-26.547194	-26.613749	330.675781	31.619680
-26.547194	-26.613749	328.769531	35.563499
-26.547194	-26.613749	326.863281	39.505398
-26.547194	-26.613749	324.957031	38.179272
-26.547194	-26.613749	323.048828	30.272757
-26.547194	-26.613749	321.142578	28.949514
-26.547194	-26.613749	319.234375	39.467018
-26.547194	-26.613749	317.326172	32.881191
-26.547194	-26.613749	315.417969	27.613487
-26.547194	-26.613749	313.507813	34.179821
-26.547194	-26.613749	311.597656	36.800091
-26.547194	-26.613749	309.687500	36.791149
-26.547194	-26.613749	307.777344	42.036808
-26.547194	-26.613749	305.865234	35.459938
-26.547194	-26.613749	303.955078	28.886259
-26.547194	-26.613749	302.042969	36.755394
-26.547194	-26.613749	300.128906	31.496967
-26.547194	-26.613749	298.216797	28.865202
-26.547194	-26.613749	296.302734	41.975544
-26.547194	-26.613749	294.388672	31.474005
-26.547194	-26.613749	292.474609	31.466354
-26.547194	-26.613749	290.560547	41.944942
-26.547194	-26.613749	288.644531	40.624283
-26.547194	-26.613749	286.728516	53.715832
-26.547194	-26.613749	284.812500	52.392948
-26.547194	-26.613749	282.896484	52.380211
-26.547194	-26.613749	280.978516	56.295040
-26.547194	-26.613749	279.060547	57.590221
-26.547194	-26.613749	277.142578	70.661728
-26.547194	-26.613749	275.224609	60.178688
-26.547194	-26.613749	273.304688	57.548229
-26.547194	-26.613749	271.384766	71.917801
-26.547194	-26.613749	269.464844	83.665817
-26.547194	-26.613749	267.544922	79.724594
-26.547194	-26.613749	265.623047	108.451355
-26.547194	-26.613749	263.703125	188.110825
-26.547194	-26.613749	261.781250	282.097626
-26.547194	-26.613749	259.857422	302.920074
-26.547194	-26.613749	257.935547	266.295990
-26.547194	-26.613749	256.011719	258.400909
-26.547194	-26.613749	254.087891	251.814407
-26.547194	-26.613749	252.164063	584.380432
-26.547194	-26.613749	250.240234	1854.435059
-26.547194	-26.613749	248.314453	1880.059937
-26.547194	-26.613749	246.388672	766.440002
-26.547194	-26.613749	244.462891	346.638550
-26.547194	-26.613749	242.535156	247.538757
-26.547194	-26.613749	240.609375	184.957672
-26.547194	-26.613749	238.681641	157.566452
-26.547194	-26.613749	236.753906	137.999863
-26.547194	-26.613749	234.824219	104.125519
-26.547194	-26.613749	232.896484	84.581413
-26.547194	-26.613749	230.966797	85.861786
-26.547194	-26.613749	229.037109	74.135330
-26.547194	-26.613749	227.107422	67.615784
-26.547194	-26.613749	225.175781	80.599220
-26.547194	-26.613749	223.244141	66.283241
-26.547194	-26.613749	221.312500	75.362610
-26.547194	-26.613749	219.380859	89.633720
-26.547194	-26.613749	217.447266	88.313210
-26.547194	-26.613749	215.515625	86.993332
-26.547194	-26.613749	213.582031	68.798889
-26.547194	-26.613749	211.646484	76.568825
-26.547194	-26.613749	209.712891	53.195908
-26.547194	-26.613749	207.777344	57.074413
-26.547194	-26.613749	205.841797	51.873215
-26.547194	-26.613749	203.906250	47.971058
-26.547194	-26.613749	201.968750	36.293598
-26.547194	-26.613749	200.033203	33.693005
-26.547194	-26.613749	198.095703	28.502537
-26.547194	-26.613749	196.158203	29.790863
-26.547194	-26.613749	194.218750	32.373501
-26.547194	-26.613749	192.281250	29.776382
-26.547194	-26.613749	190.341797	24.591902
-26.547194	-26.613749	188.402344	24.585926
-26.547194	-26.613749	186.460938	27.167313
-26.547194	-26.613749	184.521484	33.627544
-26.547194	-26.613749	182.580078	29.740215
-26.547194	-26.613749	180.638672	29.732986
-26.547194	-26.613749	178.695313	21.971214
-26.547194	-26.613749	176.753906	29.718538
-26.547194	-26.613749	174.810547	24.544130
-26.547194	-26.613749	172.867188	23.246683
-26.547194	-26.613749	170.921875	23.241035
-26.547194	-26.613749	168.978516	29.689663
-26.547194	-26.613749	167.033203	20.648661
-26.547194	-26.613749	165.087891	28.385010
-26.547194	-26.613749	163.142578	34.827686
-26.547194	-26.613749	161.195313	29.660820
-26.547194	-26.613749	159.248047	28.364326
-26.547194	-26.613749	157.300781	32.224358
-26.547194	-26.613749	155.353516	36.082516
-26.547194	-26.613749	153.406250	38.650448
-26.547194	-26.613749	151.457031	33.488918
-26.547194	-26.613749	149.507813	32.193062
-26.547194	-26.613749	147.558594	36.047474
-26.547194	-26.613749	145.607422	32.177425
-26.547194	-26.613749	143.658203	43.750671
-26.547194	-26.613749	141.707031	43.740047
-26.547194	-26.613749	139.753906	54.018703
-26.547194	-26.613749	137.802734	59.148975
-26.547194	-26.613749	135.849609	64.276756
-26.547194	-26.613749	133.896484	56.549812
-26.547194	-26.613749	131.943359	55.251171
-26.547194	-26.613749	129.990234	50.099365
-26.547194	-26.613749	128.035156	51.371490
-26.547194	-26.613749	126.080078	50.075043
-26.547194	-26.613749	124.125000	38.509914
-26.547194	-26.613749	122.169922	50.050739
-26.547194	-26.613749	120.212891	44.906429
-26.547194	-26.613749	118.255859	61.571014
-26.547194	-26.613749	116.298828	44.884636
-26.547194	-26.613749	114.341797	44.873745
-26.547194	-26.613749	112.382813	34.608490
-26.547194	-26.613749	110.423828	33.318607
-26.547194	-26.613749	108.464844	26.904655
-26.547194	-26.613749	106.505859	28.178991
-26.547194	-26.613749	104.544922	16.647184
-26.547194	-26.613749	102.585938	10.241936
-26.547194	-26.613749	100.625000	7.679589
-26.547194	-26.613749	98.662109	7.677726
-26.547194	-26.613749	96.701172	3.837932
-26.547194	-26.613749	94.738281	1.279001
-26.547194	-26.613749	92.775391	-1.278690
-26.547194	-26.613749	90.812500	0.000000
-26.547194	-26.613749	88.847656	3.834212
-26.547194	-26.613749	86.882813	-1.277761
-26.547194	-26.613749	84.917969	1.277451
-26.547194	-26.613749	82.953125	2.554283
-26.547194	-26.613749	80.988281	-1.276832
-26.547194	-26.613749	79.021484	2.553045
-26.547194	-26.613749	77.054688	-1.276213
-26.547194	-26.613749	75.087891	-1.275904
-26.547194	-26.613749	73.119141	2.551189
-26.547194	-26.613749	71.152344	2.550571
-26.547194	-26.613749	69.183594	1.274977
-26.547194	-26.613749	67.212891	-1.274668
-26.547194	-26.613749	65.244141	0.000000
-26.547194	-26.613749	63.273438	0.000000
-26.547194	-26.613749	61.302734	2.547484
-26.547194	-26.613749	59.332031	-2.546868
-23.547194	-26.613749	1838.626953	16.071486
-23.547194	-26.613749	1837.066406	24.107229
-23.547194	-26.613749	1835.503906	22.495293
-23.547194	-26.613749	1833.941406	28.916365
-23.547194	-26.613749	1832.378906	30.516335
-23.547194	-26.613749	1830.816406	25.692497
-23.547194	-26.613749	1829.251953	17.659832
-23.547194	-26.613749	1827.687500	17.656075
-23.547194	-26.613749	1826.125000	24.071342
-23.547194	-26.613749	1824.560547	30.483877
-23.547194	-26.613749	1822.994141	25.665171
-23.547194	-26.613749	1821.429688	22.452244
-23.547194	-26.613749	1819.865234	27.257637
-23.547194	-26.613749	1818.298828	24.045738
-23.547194	-26.613749	1816.732422	28.848743
-23.547194	-26.613749	1815.166016	20.830769
-23.547194	-26.613749	1813.599609	17.622284
-23.547194	-26.613749	1812.033203	25.626957
-23.547194	-26.613749	1810.464844	30.425531
-23.547194	-26.613749	1808.896484	28.818052
-23.547194	-26.613749	1807.330078	22.409269
-23.547194	-26.613749	1805.759766	20.804178
-23.547194	-26.613749	1804.191406	20.799747
-23.547194	-26.613749	1802.623047	23.994600
-23.547194	-26.613749	1801.052734	23.989491
-23.547194	-26.613749	1799.484375	25.583342
-23.547194	-26.613749	1797.914063	19.183422
-23.547194	-26.613749	1796.343750	20.777615
-23.547194	-26.613749	1794.771484	17.577314
-23.547194	-26.613749	1793.201172	17.573572
-23.547194	-26.613749	1791.628906	23.958858
-23.547194	-26.613749	1790.058594	30.341423
-23.547194	-26.613749	1788.486328	25.545231
-23.547194	-26.613749	1786.914063	27.136026
-23.547194	-26.613749	1785.339844	19.150763
-23.547194	-26.613749	1783.767578	17.551126
-23.547194	-26.613749	1782.193359	20.737822
-23.547194	-26.613749	1780.621094	27.112913
-23.547194	-26.613749	1779.046875	20.728987
-23.547194	-26.613749	1777.470703	12.753582
-23.547194	-26.613749	1775.896484	27.095589
-23.547194	-26.613749	1774.322266	20.715740
-23.547194	-26.613749	1772.746094	23.897684
-23.547194	-26.613749	1771.169922	25.485432
-23.547194	-26.613749	1769.593750	22.295000
-23.547194	-26.613749	1768.017578	20.698090
-23.547194	-26.613749	1766.441406	25.469141
-23.547194	-26.613749	1764.863281	17.506304
-23.547194	-26.613749	1763.287109	23.867144
-23.547194	-26.613749	1761.708984	30.225271
-23.547194	-26.613749	1760.130859	20.676041
-23.547194	-26.613749	1758.552734	17.491381
-23.547194	-26.613749	1756.972656	17.487652
-23.547194	-26.613749	1755.394531	23.841713
-23.547194	-26.613749	1753.814453	19.069304
-23.547194	-26.613749	1752.234375	19.065239
-23.547194	-26.613749	1750.654297	17.472742
-23.547194	-26.613749	1749.074219	25.409477
-23.547194	-26.613749	1747.492188	25.404058
-23.547194	-26.613749	1745.912109	23.811224
-23.547194	-26.613749	1744.330078	23.806145
-23.547194	-26.613749	1742.748047	22.214329
-23.547194	-26.613749	1741.166016	19.036791
-23.547194	-26.613749	1739.583984	19.032730
-23.547194	-26.613749	1738.000000	17.442947
-23.547194	-26.613749	1736.417969	28.536915
-23.547194	-26.613749	1734.833984	31.700916
-23.547194	-26.613749	1733.250000	17.431784
-23.547194	-26.613749	1731.666016	15.843694
-23.547194	-26.613749	1730.082031	19.008375
-23.547194	-26.613749	1728.496094	23.755396
-23.547194	-26.613749	1726.912109	23.750326
-23.547194	-26.613749	1725.326172	23.745255
-23.547194	-26.613749	1723.740234	20.574827
-23.547194	-26.613749	1722.154297	25.317457
-23.547194	-26.613749	1720.566406	22.148046
-23.547194	-26.613749	1718.980469	18.979984
-23.547194	-26.613749	1717.392578	23.719915
-23.547194	-26.613749	1715.804688	20.552868
-23.547194	-26.613749	1714.216797	18.967827
-23.547194	-26.613749	1712.628906	26.865347
-23.547194	-26.613749	1711.041016	28.439585
-23.547194	-26.613749	1709.451172	17.376034
-23.547194	-26.613749	1707.861328	20.530924
-23.547194	-26.613749	1706.271484	20.526537
-23.547194	-26.613749	1704.681641	23.679405
-23.547194	-26.613749	1703.091797	14.204606
-23.547194	-26.613749	1701.501953	22.091331
-23.547194	-26.613749	1699.910156	26.819454
-23.547194	-26.613749	1698.318359	23.659166
-23.547194	-26.613749	1696.726563	20.500227
-23.547194	-26.613749	1695.134766	14.189430
-23.547194	-26.613749	1693.542969	25.220259
-23.547194	-26.613749	1691.949219	11.031504
-23.547194	-26.613749	1690.357422	25.209473
-23.547194	-26.613749	1688.763672	22.053572
-23.547194	-26.613749	1687.169922	23.623772
-23.547194	-26.613749	1685.576172	25.193298
-23.547194	-26.613749	1683.982422	18.890932
-23.547194	-26.613749	1682.386719	20.460796
-23.547194	-26.613749	1680.791016	20.456419
-23.547194	-26.613749	1679.195313	22.025274
-23.547194	-26.613749	1677.599609	25.166355
-23.547194	-26.613749	1676.003906	18.870726
-23.547194	-26.613749	1674.408203	20.438910
-23.547194	-26.613749	1672.810547	29.865858
-23.547194	-26.613749	1671.214844	18.858608
-23.547194	-26.613749	1669.617188	20.425783
-23.547194	-26.613749	1668.019531	18.850533
-23.547194	-26.613749	1666.419922	17.275953
-23.547194	-26.613749	1664.822266	25.123276
-23.547194	-26.613749	1663.222656	23.548025
-23.547194	-26.613749	1661.623047	25.112513
-23.547194	-26.613749	1660.023438	25.107132
-23.547194	-26.613749	1658.423828	21.964033
-23.547194	-26.613749	1656.824219	21.959326
-23.547194	-26.613749	1655.222656	26.659180
-23.547194	-26.613749	1653.623047	17.246361
-23.547194	-26.613749	1652.021484	21.945208
-23.547194	-26.613749	1650.419922	17.238966
-23.547194	-26.613749	1648.818359	25.069483
-23.547194	-26.613749	1647.214844	17.231573
-23.547194	-26.613749	1645.613281	20.360218
-23.547194	-26.613749	1644.009766	17.224182
-23.547194	-26.613749	1642.406250	25.047981
-23.547194	-26.613749	1640.802734	20.347118
-23.547194	-26.613749	1639.199219	21.907579
-23.547194	-26.613749	1637.593750	32.854317
-23.547194	-26.613749	1635.990234	23.462332
-23.547194	-26.613749	1634.384766	25.021116
-23.547194	-26.613749	1632.779297	23.452261
-23.547194	-26.613749	1631.173828	14.068336
-23.547194	-26.613749	1629.568359	18.753752
-23.547194	-26.613749	1627.960938	24.999634
-23.547194	-26.613749	1626.353516	20.307840
-23.547194	-26.613749	1624.748047	18.741673
-23.547194	-26.613749	1623.140625	17.176176
-23.547194	-26.613749	1621.531250	17.172485
-23.547194	-26.613749	1619.923828	18.729595
-23.547194	-26.613749	1618.314453	14.044177
-23.547194	-26.613749	1616.707031	26.522188
-23.547194	-26.613749	1615.097656	21.837107
-23.547194	-26.613749	1613.488281	28.070246
-23.547194	-26.613749	1611.878906	18.709473
-23.547194	-26.613749	1610.267578	24.940599
-23.547194	-26.613749	1608.656250	20.259880
-23.547194	-26.613749	1607.046875	17.139288
-23.547194	-26.613749	1605.435547	17.135601
-23.547194	-26.613749	1603.824219	26.476595
-23.547194	-26.613749	1602.210938	31.142233
-23.547194	-26.613749	1600.599609	28.021976
-23.547194	-26.613749	1598.986328	23.346622
-23.547194	-26.613749	1597.373047	20.229383
-23.547194	-26.613749	1595.759766	14.001943
-23.547194	-26.613749	1594.146484	21.776110
-23.547194	-26.613749	1592.533203	17.106117
-23.547194	-26.613749	1590.917969	20.211966
-23.547194	-26.613749	1589.302734	12.435453
-23.547194	-26.613749	1587.687500	21.757357
-23.547194	-26.613749	1586.072266	23.306431
-23.547194	-26.613749	1584.457031	21.747980
-23.547194	-26.613749	1582.839844	23.296387
-23.547194	-26.613749	1581.224609	27.949638
-23.547194	-26.613749	1579.607422	15.524229
-23.547194	-26.613749	1577.990234	20.177147
-23.547194	-26.613749	1576.373047	23.276304
-23.547194	-26.613749	1574.755859	24.822702
-23.547194	-26.613749	1573.136719	20.164095
-23.547194	-26.613749	1571.517578	21.710495
-23.547194	-26.613749	1569.898438	23.256227
-23.547194	-26.613749	1568.279297	21.701128
-23.547194	-26.613749	1566.660156	20.146698
-23.547194	-26.613749	1565.041016	18.592939
-23.547194	-26.613749	1563.419922	20.138002
-23.547194	-26.613749	1561.798828	21.682398
-23.547194	-26.613749	1560.177734	20.129307
-23.547194	-26.613749	1558.556641	21.673035
-23.547194	-26.613749	1556.935547	21.668352
-23.547194	-26.613749	1555.312500	27.853292
-23.547194	-26.613749	1553.691406	24.753132
-23.547194	-26.613749	1552.068359	13.920629
-23.547194	-26.613749	1550.445313	32.474445
-23.547194	-26.613749	1548.822266	21.644951
-23.547194	-26.613749	1547.197266	20.094538
-23.547194	-26.613749	1545.574219	21.635593
-23.547194	-26.613749	1543.949219	20.085850
-23.547194	-26.613749	1542.324219	27.805161
-23.547194	-26.613749	1540.699219	18.532764
-23.547194	-26.613749	1539.072266	24.705006
-23.547194	-26.613749	1537.447266	24.699661
-23.547194	-26.613749	1535.820313	18.520737
-23.547194	-26.613749	1534.193359	18.516727
-23.547194	-26.613749	1532.566406	21.598173
-23.547194	-26.613749	1530.939453	18.508711
-23.547194	-26.613749	1529.312500	16.962645
-23.547194	-26.613749	1527.683594	15.417247
-23.547194	-26.613749	1526.056641	15.413907
-23.547194	-26.613749	1524.427734	30.821136
-23.547194	-26.613749	1522.798828	21.570120
-23.547194	-26.613749	1521.167969	24.646225
-23.547194	-26.613749	1519.539063	16.940607
-23.547194	-26.613749	1517.908203	20.016376
-23.547194	-26.613749	1516.277344	24.630199
-23.547194	-26.613749	1514.646484	21.546751
-23.547194	-26.613749	1513.015625	20.003359
-23.547194	-26.613749	1511.384766	23.075792
-23.547194	-26.613749	1509.751953	13.842471
-23.547194	-26.613749	1508.121094	12.301749
-23.547194	-26.613749	1506.488281	18.448620
-23.547194	-26.613749	1504.855469	21.518717
-23.547194	-26.613749	1503.220703	16.903894
-23.547194	-26.613749	1501.587891	23.045759
-23.547194	-26.613749	1499.953125	23.040754
-23.547194	-26.613749	1498.318359	21.500034
-23.547194	-26.613749	1496.683594	21.495363
-23.547194	-26.613749	1495.048828	16.885544
-23.547194	-26.613749	1493.414063	16.881876
-23.547194	-26.613749	1491.777344	19.946972
-23.547194	-26.613749	1490.140625	19.942636
-23.547194	-26.613749	1488.505859	16.870869
-23.547194	-26.613749	1486.867188	13.800437
-23.547194	-26.613749	1485.230469	22.995726
-23.547194	-26.613749	1483.593750	19.925295
-23.547194	-26.613749	1481.955078	15.323815
-23.547194	-26.613749	1480.316406	13.788433
-23.547194	-26.613749	1478.677734	24.507435
-23.547194	-26.613749	1477.039063	21.439339
-23.547194	-26.613749	1475.400391	16.841528
-23.547194	-26.613749	1473.759766	15.307146
-23.547194	-26.613749	1472.119141	22.955719
-23.547194	-26.613749	1470.478516	19.890623
-23.547194	-26.613749	1468.837891	22.945719
-23.547194	-26.613749	1467.197266	21.411339
-23.547194	-26.613749	1465.556641	18.348576
-23.547194	-26.613749	1463.914063	18.344578
-23.547194	-26.613749	1462.271484	18.340578
-23.547194	-26.613749	1460.628906	22.920725
-23.547194	-26.613749	1458.986328	32.082016
-23.547194	-26.613749	1457.343750	18.328583
-23.547194	-26.613749	1455.699219	22.905729
-23.547194	-26.613749	1454.054688	19.847301
-23.547194	-26.613749	1452.410156	19.842970
-23.547194	-26.613749	1450.765625	22.890738
-23.547194	-26.613749	1449.121094	27.462889
-23.547194	-26.613749	1447.474609	22.880745
-23.547194	-26.613749	1445.830078	24.400797
-23.547194	-26.613749	1444.183594	13.722451
-23.547194	-26.613749	1442.537109	15.243836
-23.547194	-26.613749	1440.890625	28.956963
-23.547194	-26.613749	1439.242188	22.855764
-23.547194	-26.613749	1437.595703	22.850769
-23.547194	-26.613749	1435.947266	21.322721
-23.547194	-26.613749	1434.298828	19.795341
-23.547194	-26.613749	1432.650391	22.835783
-23.547194	-26.613749	1431.000000	19.786682
-23.547194	-26.613749	1429.351563	19.782354
-23.547194	-26.613749	1427.701172	19.778027
-23.547194	-26.613749	1426.050781	22.815805
-23.547194	-26.613749	1424.400391	19.769369
-23.547194	-26.613749	1422.750000	18.244654
-23.547194	-26.613749	1421.097656	25.840933
-23.547194	-26.613749	1419.447266	21.276108
-23.547194	-26.613749	1417.794922	19.752058
-23.547194	-26.613749	1416.142578	12.152451
-23.547194	-26.613749	1414.490234	25.818298
-23.547194	-26.613749	1412.835938	27.331030
-23.547194	-26.613749	1411.183594	27.325039
-23.547194	-26.613749	1409.529297	30.354498
-23.547194	-26.613749	1407.875000	12.139137
-23.547194	-26.613749	1406.220703	18.204712
-23.547194	-26.613749	1404.566406	13.650538
-23.547194	-26.613749	1402.910156	24.262300
-23.547194	-26.613749	1401.255859	24.256975
-23.547194	-26.613749	1399.599609	21.220196
-23.547194	-26.613749	1397.943359	19.700142
-23.547194	-26.613749	1396.287109	13.635565
-23.547194	-26.613749	1394.628906	21.206221
-23.547194	-26.613749	1392.970703	18.172768
-23.547194	-26.613749	1391.314453	16.654711
-23.547194	-26.613749	1389.656250	25.733442
-23.547194	-26.613749	1387.998047	21.187590
-23.547194	-26.613749	1386.337891	18.156799
-23.547194	-26.613749	1384.679688	19.665541
-23.547194	-26.613749	1383.019531	30.248024
-23.547194	-26.613749	1381.359375	19.656891
-23.547194	-26.613749	1379.699219	24.187775
-23.547194	-26.613749	1378.039063	13.602630
-23.547194	-26.613749	1376.376953	16.621778
-23.547194	-26.613749	1374.716797	24.171810
-23.547194	-26.613749	1373.054688	25.676893
-23.547194	-26.613749	1371.392578	22.651094
-23.547194	-26.613749	1369.728516	19.626625
-23.547194	-26.613749	1368.066406	22.641117
-23.547194	-26.613749	1366.402344	18.108902
-23.547194	-26.613749	1364.740234	18.104912
-23.547194	-26.613749	1363.076172	22.626152
-23.547194	-26.613749	1361.412109	15.080776
-23.547194	-26.613749	1359.746094	18.092941
-23.547194	-26.613749	1358.082031	12.059300
-23.547194	-26.613749	1356.416016	21.099121
-23.547194	-26.613749	1354.750000	13.560728
-23.547194	-26.613749	1353.083984	16.570566
-23.547194	-26.613749	1351.417969	16.566908
-23.547194	-26.613749	1349.750000	16.563251
-23.547194	-26.613749	1348.083984	22.581264
-23.547194	-26.613749	1346.416016	13.545767
-23.547194	-26.613749	1344.748047	15.047527
-23.547194	-26.613749	1343.078125	15.044203
-23.547194	-26.613749	1341.410156	28.577669
-23.547194	-26.613749	1339.740234	12.030044
-23.547194	-26.613749	1338.072266	21.047922
-23.547194	-26.613749	1336.402344	22.546360
-23.547194	-26.613749	1334.730469	30.055164
-23.547194	-26.613749	1333.060547	19.531536
-23.547194	-26.613749	1331.388672	13.518841
-23.547194	-26.613749	1329.718750	27.031700
-23.547194	-26.613749	1328.046875	25.524288
-23.547194	-26.613749	1326.375000	19.514252
-23.547194	-26.613749	1324.701172	22.511459
-23.547194	-26.613749	1323.029297	22.506474
-23.547194	-26.613749	1321.355469	25.501688
-23.547194	-26.613749	1319.681641	19.496971
-23.547194	-26.613749	1318.007813	16.493780
-23.547194	-26.613749	1316.333984	16.490126
-23.547194	-26.613749	1314.660156	20.982780
-23.547194	-26.613749	1312.984375	19.479691
-23.547194	-26.613749	1311.308594	17.977264
-23.547194	-26.613749	1309.632813	17.973276
-23.547194	-26.613749	1307.957031	16.471849
-23.547194	-26.613749	1306.279297	16.468193
-23.547194	-26.613749	1304.603516	20.954866
-23.547194	-26.613749	1302.925781	17.957327
-23.547194	-26.613749	1301.248047	11.968893
-23.547194	-26.613749	1299.570313	25.428249
-23.547194	-26.613749	1297.892578	23.927155
-23.547194	-26.613749	1296.212891	26.912069
-23.547194	-26.613749	1294.533203	25.411306
-23.547194	-26.613749	1292.853516	22.416758
-23.547194	-26.613749	1291.173828	22.411774
-23.547194	-26.613749	1289.494141	19.419218
-23.547194	-26.613749	1287.812500	14.934538
-23.547194	-26.613749	1286.132813	22.396824
-23.547194	-26.613749	1284.451172	22.391840
-23.547194	-26.613749	1282.769531	34.326515
-23.547194	-26.613749	1281.085938	25.366125
-23.547194	-26.613749	1279.404297	28.344063
-23.547194	-26.613749	1277.720703	20.880447
-23.547194	-26.613749	1276.039063	19.384670
-23.547194	-26.613749	1274.355469	23.852739
-23.547194	-26.613749	1272.669922	17.885569
-23.547194	-26.613749	1270.986328	28.312506
-23.547194	-26.613749	1269.300781	26.816395
-23.547194	-26.613749	1267.615234	25.320950
-23.547194	-26.613749	1265.929688	14.891355
-23.547194	-26.613749	1264.244141	29.776066
-23.547194	-26.613749	1262.558594	19.350126
-23.547194	-26.613749	1260.871094	14.881391
-23.547194	-26.613749	1259.185547	23.804911
-23.547194	-26.613749	1257.498047	28.262022
-23.547194	-26.613749	1255.808594	23.794283
-23.547194	-26.613749	1254.121094	22.302158
-23.547194	-26.613749	1252.433594	23.783655
-23.547194	-26.613749	1250.744141	26.750635
-23.547194	-26.613749	1249.054688	22.287214
-23.547194	-26.613749	1247.365234	19.311268
-23.547194	-26.613749	1245.673828	22.277252
-23.547194	-26.613749	1243.984375	20.787453
-23.547194	-26.613749	1242.292969	22.267288
-23.547194	-26.613749	1240.601563	17.809847
-23.547194	-26.613749	1238.910156	20.773504
-23.547194	-26.613749	1237.218750	28.186304
-23.547194	-26.613749	1235.525391	16.314734
-23.547194	-26.613749	1233.833984	22.242384
-23.547194	-26.613749	1232.140625	19.272417
-23.547194	-26.613749	1230.447266	20.750261
-23.547194	-26.613749	1228.753906	17.781954
-23.547194	-26.613749	1227.058594	16.296473
-23.547194	-26.613749	1225.365234	20.736317
-23.547194	-26.613749	1223.669922	23.693335
-23.547194	-26.613749	1221.974609	14.805014
-23.547194	-26.613749	1220.277344	23.682709
-23.547194	-26.613749	1218.582031	17.758047
-23.547194	-26.613749	1216.884766	19.233568
-23.547194	-26.613749	1215.189453	20.708426
-23.547194	-26.613749	1213.492188	23.661461
-23.547194	-26.613749	1211.792969	19.220621
-23.547194	-26.613749	1210.095703	17.738129
-23.547194	-26.613749	1208.396484	17.734144
-23.547194	-26.613749	1206.699219	14.775133
-23.547194	-26.613749	1205.000000	20.680538
-23.547194	-26.613749	1203.298828	16.245342
-23.547194	-26.613749	1201.599609	19.194727
-23.547194	-26.613749	1199.900391	14.761854
-23.547194	-26.613749	1198.199219	19.186094
-23.547194	-26.613749	1196.498047	17.706259
-23.547194	-26.613749	1194.796875	19.177464
-23.547194	-26.613749	1193.093750	20.648006
-23.547194	-26.613749	1191.392578	19.168833
-23.547194	-26.613749	1189.689453	16.216131
-23.547194	-26.613749	1187.986328	10.317033
-23.547194	-26.613749	1186.283203	20.629417
-23.547194	-26.613749	1184.580078	27.990761
-23.547194	-26.613749	1182.875000	17.674391
-23.547194	-26.613749	1181.169922	17.670408
-23.547194	-26.613749	1179.464844	22.083033
-23.547194	-26.613749	1177.759766	25.021793
-23.547194	-26.613749	1176.054688	19.129997
-23.547194	-26.613749	1174.347656	20.596889
-23.547194	-26.613749	1172.642578	17.650494
-23.547194	-26.613749	1170.935547	20.587597
-23.547194	-26.613749	1169.228516	20.582951
-23.547194	-26.613749	1167.519531	27.927696
-23.547194	-26.613749	1165.812500	16.165016
-23.547194	-26.613749	1164.103516	22.038225
-23.547194	-26.613749	1162.394531	8.813299
-23.547194	-26.613749	1160.685547	20.559717
-23.547194	-26.613749	1158.976563	20.555071
-23.547194	-26.613749	1157.265625	23.486200
-23.547194	-26.613749	1155.556641	14.675556
-23.547194	-26.613749	1153.845703	22.008356
-23.547194	-26.613749	1152.134766	19.069595
-23.547194	-26.613749	1150.423828	20.531841
-23.547194	-26.613749	1148.710938	17.594738
-23.547194	-26.613749	1146.998047	21.988445
-23.547194	-26.613749	1145.287109	21.983469
-23.547194	-26.613749	1143.572266	29.304655
-23.547194	-26.613749	1141.859375	27.833117
-23.547194	-26.613749	1140.146484	21.968536
-23.547194	-26.613749	1138.431641	23.427795
-23.547194	-26.613749	1136.716797	20.494675
-23.547194	-26.613749	1135.001953	16.099310
-23.547194	-26.613749	1133.287109	20.485384
-23.547194	-26.613749	1131.570313	23.406559
-23.547194	-26.613749	1129.855469	19.013515
-23.547194	-26.613749	1128.138672	20.471449
-23.547194	-26.613749	1126.421875	29.238291
-23.547194	-26.613749	1124.703125	27.770073
-23.547194	-26.613749	1122.986328	18.996264
-23.547194	-26.613749	1121.267578	21.913788
-23.547194	-26.613749	1119.548828	24.829987
-23.547194	-26.613749	1117.830078	24.824347
-23.547194	-26.613749	1116.111328	23.358782
-23.547194	-26.613749	1114.392578	17.515104
-23.547194	-26.613749	1112.671875	26.266685
-23.547194	-26.613749	1110.951172	16.048214
-23.547194	-26.613749	1109.230469	23.337549
-23.547194	-26.613749	1107.509766	29.165300
-23.547194	-26.613749	1105.787109	23.326933
-23.547194	-26.613749	1104.066406	18.948820
-23.547194	-26.613749	1102.343750	16.029968
-23.547194	-26.613749	1100.621094	10.198566
-23.547194	-26.613749	1098.896484	21.849096
-23.547194	-26.613749	1097.173828	18.931570
-23.547194	-26.613749	1095.449219	23.295086
-23.547194	-26.613749	1093.724609	23.289780
-23.547194	-26.613749	1092.000000	20.373913
-23.547194	-26.613749	1090.275391	27.644009
-23.547194	-26.613749	1088.550781	20.364626
-23.547194	-26.613749	1086.824219	20.359982
-23.547194	-26.613749	1085.097656	17.447432
-23.547194	-26.613749	1083.371094	21.804316
-23.547194	-26.613749	1081.644531	18.892761
-23.547194	-26.613749	1079.916016	27.606195
-23.547194	-26.613749	1078.189453	18.884138
-23.547194	-26.613749	1076.460938	20.332121
-23.547194	-26.613749	1074.732422	13.067664
-23.547194	-26.613749	1073.001953	15.967940
-23.547194	-26.613749	1071.273438	20.318190
-23.547194	-26.613749	1069.542969	14.509677
-23.547194	-26.613749	1067.812500	18.858269
-23.547194	-26.613749	1066.082031	21.754566
-23.547194	-26.613749	1064.351563	18.849646
-23.547194	-26.613749	1062.619141	20.294975
-23.547194	-26.613749	1060.888672	23.188951
-23.547194	-26.613749	1059.156250	18.836712
-23.547194	-26.613749	1057.421875	17.383755
-23.547194	-26.613749	1055.689453	18.828091
-23.547194	-26.613749	1053.957031	23.167728
-23.547194	-26.613749	1052.222656	21.714771
-23.547194	-26.613749	1050.488281	15.920519
-23.547194	-26.613749	1048.753906	20.257835
-23.547194	-26.613749	1047.019531	24.593164
-23.547194	-26.613749	1045.283203	24.587526
-23.547194	-26.613749	1043.546875	17.351923
-23.547194	-26.613749	1041.810547	21.684929
-23.547194	-26.613749	1040.074219	18.789295
-23.547194	-26.613749	1038.337891	18.784985
-23.547194	-26.613749	1036.599609	20.225342
-23.547194	-26.613749	1034.861328	23.109373
-23.547194	-26.613749	1033.123047	21.660063
-23.547194	-26.613749	1031.384766	23.098763
-23.547194	-26.613749	1029.646484	28.866823
-23.547194	-26.613749	1027.906250	20.202135
-23.547194	-26.613749	1026.167969	28.853563
-23.547194	-26.613749	1024.427734	23.077547
-23.547194	-26.613749	1022.685547	24.514257
-23.547194	-26.613749	1020.945313	23.066938
-23.547194	-26.613749	1019.203125	25.944338
-23.547194	-26.613749	1017.462891	15.851228
-23.547194	-26.613749	1015.720703	23.051027
-23.547194	-26.613749	1013.976563	20.165009
-23.547194	-26.613749	1012.234375	23.040421
-23.547194	-26.613749	1010.490234	23.035116
-23.547194	-26.613749	1008.746094	24.469177
-23.547194	-26.613749	1007.001953	27.341606
-23.547194	-26.613749	1005.257813	27.335308
-23.547194	-26.613749	1003.513672	27.329012
-23.547194	-26.613749	1001.767578	25.884678
-23.547194	-26.613749	1000.021484	23.003300
-23.547194	-26.613749	998.275391	24.435371
-23.547194	-26.613749	996.529297	25.866781
-23.547194	-26.613749	994.781250	27.297527
-23.547194	-26.613749	993.035156	27.291231
-23.547194	-26.613749	991.287109	37.337280
-23.547194	-26.613749	989.539063	30.150076
-23.547194	-26.613749	987.789063	35.884663
-23.547194	-26.613749	986.041016	41.616600
-23.547194	-26.613749	984.291016	32.998646
-23.547194	-26.613749	982.541016	37.294205
-23.547194	-26.613749	980.791016	45.889954
-23.547194	-26.613749	979.041016	40.144432
-23.547194	-26.613749	977.289063	43.001953
-23.547194	-26.613749	975.537109	40.125881
-23.547194	-26.613749	973.785156	38.683868
-23.547194	-26.613749	972.033203	32.945305
-23.547194	-26.613749	970.281250	41.530125
-23.547194	-26.613749	968.527344	41.520515
-23.547194	-26.613749	966.773438	38.648090
-23.547194	-26.613749	965.019531	37.208065
-23.547194	-26.613749	963.265625	38.630199
-23.547194	-26.613749	961.511719	42.912506
-23.547194	-26.613749	959.755859	35.752144
-23.547194	-26.613749	958.000000	41.462879
-23.547194	-26.613749	956.244141	44.312119
-23.547194	-26.613749	954.488281	32.869118
-23.547194	-26.613749	952.730469	27.146456
-23.547194	-26.613749	950.974609	37.139172
-23.547194	-26.613749	949.216797	31.418165
-23.547194	-26.613749	947.458984	35.694180
-23.547194	-26.613749	945.701172	35.685902
-23.547194	-26.613749	943.941406	37.104729
-23.547194	-26.613749	942.181641	38.522892
-23.547194	-26.613749	940.421875	29.955296
-23.547194	-26.613749	938.662109	34.226677
-23.547194	-26.613749	936.902344	34.218727
-23.547194	-26.613749	935.140625	27.083536
-23.547194	-26.613749	933.380859	25.652126
-23.547194	-26.613749	931.619141	31.345316
-23.547194	-26.613749	929.855469	22.791296
-23.547194	-26.613749	928.093750	24.210123
-23.547194	-26.613749	926.330078	19.933113
-23.547194	-26.613749	924.568359	31.316181
-23.547194	-26.613749	922.804688	31.308899
-23.547194	-26.613749	921.039063	25.610413
-23.547194	-26.613749	919.275391	25.604454
-23.547194	-26.613749	917.509766	22.754219
-23.547194	-26.613749	915.744141	27.014345
-23.547194	-26.613749	913.978516	21.322149
-23.547194	-26.613749	912.212891	21.317186
-23.547194	-26.613749	910.447266	21.312222
-23.547194	-26.613749	908.679688	35.512093
-23.547194	-26.613749	906.912109	21.302292
-23.547194	-26.613749	905.144531	24.136972
-23.547194	-26.613749	903.375000	18.453382
-23.547194	-26.613749	901.607422	24.125721
-23.547194	-26.613749	899.837891	34.051899
-23.547194	-26.613749	898.068359	19.858976
-23.547194	-26.613749	896.298828	28.363348
-23.547194	-26.613749	894.529297	22.685385
-23.547194	-26.613749	892.757813	26.932608
-23.547194	-26.613749	890.986328	32.595020
-23.547194	-26.613749	889.214844	24.086348
-23.547194	-26.613749	887.443359	28.330263
-23.547194	-26.613749	885.669922	25.491282
-23.547194	-26.613749	883.898438	31.148733
-23.547194	-26.613749	882.125000	28.310415
-23.547194	-26.613749	880.351563	21.227850
-23.547194	-26.613749	878.578125	22.637747
-23.547194	-26.613749	876.802734	31.119627
-23.547194	-26.613749	875.027344	22.627165
-23.547194	-26.613749	873.251953	22.621872
-23.547194	-26.613749	871.476563	18.375973
-23.547194	-26.613749	869.701172	22.611290
-23.547194	-26.613749	867.923828	19.780249
-23.547194	-26.613749	866.146484	26.838341
-23.547194	-26.613749	864.369141	22.595417
-23.547194	-26.613749	862.591797	21.178246
-23.547194	-26.613749	860.814453	18.350180
-23.547194	-26.613749	859.035156	15.523439
-23.547194	-26.613749	857.255859	15.519802
-23.547194	-26.613749	855.476563	25.390089
-23.547194	-26.613749	853.697266	19.743219
-23.547194	-26.613749	851.916016	19.738592
-23.547194	-26.613749	850.136719	23.962671
-23.547194	-26.613749	848.355469	28.184767
-23.547194	-26.613749	846.574219	22.542526
-23.547194	-26.613749	844.791016	18.311506
-23.547194	-26.613749	843.009766	19.715456
-23.547194	-26.613749	841.226563	23.934578
-23.547194	-26.613749	839.443359	23.928961
-23.547194	-26.613749	837.660156	33.774132
-23.547194	-26.613749	835.875000	23.917727
-23.547194	-26.613749	834.091797	21.098919
-23.547194	-26.613749	832.306641	28.125284
-23.547194	-26.613749	830.521484	26.712744
-23.547194	-26.613749	828.734375	23.895260
-23.547194	-26.613749	826.949219	21.079098
-23.547194	-26.613749	825.162109	25.288971
-23.547194	-26.613749	823.375000	23.878412
-23.547194	-26.613749	821.587891	26.681362
-23.547194	-26.613749	819.800781	25.271135
-23.547194	-26.613749	818.011719	21.054325
-23.547194	-26.613749	816.222656	21.049372
-23.547194	-26.613749	814.433594	30.865147
-23.547194	-26.613749	812.644531	18.234203
-23.547194	-26.613749	810.855469	18.229910
-23.547194	-26.613749	809.064453	21.029558
-23.547194	-26.613749	807.273438	18.221325
-23.547194	-26.613749	805.482422	18.217033
-23.547194	-26.613749	803.691406	22.415682
-23.547194	-26.613749	801.898438	21.009750
-23.547194	-26.613749	800.107422	25.205759
-23.547194	-26.613749	798.314453	25.199818
-23.547194	-26.613749	796.521484	23.794216
-23.547194	-26.613749	794.726563	29.385925
-23.547194	-26.613749	792.933594	27.979994
-23.547194	-26.613749	791.138672	22.378716
-23.547194	-26.613749	789.343750	19.576756
-23.547194	-26.613749	787.546875	25.164175
-23.547194	-26.613749	785.751953	22.362877
-23.547194	-26.613749	783.955078	23.754948
-23.547194	-26.613749	782.158203	26.543379
-23.547194	-26.613749	780.361328	19.553661
-23.547194	-26.613749	778.564453	19.549042
-23.547194	-26.613749	776.765625	27.920607
-23.547194	-26.613749	774.968750	25.122608
-23.547194	-26.613749	773.169922	37.675007
-23.547194	-26.613749	771.369141	20.925613
-23.547194	-26.613749	769.570313	32.078354
-23.547194	-26.613749	767.769531	23.704483
-23.547194	-26.613749	765.970703	23.698877
-23.547194	-26.613749	764.167969	26.480717
-23.547194	-26.613749	762.367188	22.294275
-23.547194	-26.613749	760.566406	19.502874
-23.547194	-26.613749	758.763672	36.211056
-23.547194	-26.613749	756.960938	36.202484
-23.547194	-26.613749	755.158203	32.017693
-23.547194	-26.613749	753.353516	30.618368
-23.547194	-26.613749	751.550781	26.436874
-23.547194	-26.613749	749.746094	27.821697
-23.547194	-26.613749	747.941406	25.033596
-23.547194	-26.613749	746.136719	25.027666
-23.547194	-26.613749	744.330078	19.461349
-23.547194	-26.613749	742.523438	29.185104
-23.547194	-26.613749	740.718750	26.399311
-23.547194	-26.613749	738.910156	27.782162
-23.547194	-26.613749	737.103516	23.609238
-23.547194	-26.613749	735.294922	20.826738
-23.547194	-26.613749	733.488281	26.374279
-23.547194	-26.613749	731.679688	27.755812
-23.547194	-26.613749	729.869141	30.524149
-23.547194	-26.613749	728.060547	26.355509
-23.547194	-26.613749	726.250000	26.349253
-23.547194	-26.613749	724.439453	29.115944
-23.547194	-26.613749	722.628906	24.950598
-23.547194	-26.613749	720.818359	20.787228
-23.547194	-26.613749	719.005859	24.938747
-23.547194	-26.613749	717.195313	31.858606
-23.547194	-26.613749	715.382813	23.542070
-23.547194	-26.613749	713.568359	22.151978
-23.547194	-26.613749	711.755859	26.299221
-23.547194	-26.613749	709.941406	23.525290
-23.547194	-26.613749	708.126953	20.752672
-23.547194	-26.613749	706.312500	29.046833
-23.547194	-26.613749	704.498047	20.742804
-23.547194	-26.613749	702.681641	20.737869
-23.547194	-26.613749	700.867188	30.408304
-23.547194	-26.613749	699.050781	20.728003
-23.547194	-26.613749	697.232422	20.723068
-23.547194	-26.613749	695.416016	19.336927
-23.547194	-26.613749	693.597656	28.998486
-23.547194	-26.613749	691.779297	17.947168
-23.547194	-26.613749	689.960938	23.463787
-23.547194	-26.613749	688.142578	20.698410
-23.547194	-26.613749	686.324219	24.832174
-23.547194	-26.613749	684.503906	19.309313
-23.547194	-26.613749	682.683594	20.683619
-23.547194	-26.613749	680.863281	23.435848
-23.547194	-26.613749	679.041016	23.430262
-23.547194	-26.613749	677.218750	26.180521
-23.547194	-26.613749	675.398438	30.307058
-23.547194	-26.613749	673.576172	22.036242
-23.547194	-26.613749	671.751953	19.277113
-23.547194	-26.613749	669.929688	27.532162
-23.547194	-26.613749	668.105469	24.773035
-23.547194	-26.613749	666.281250	19.263319
-23.547194	-26.613749	664.457031	22.009966
-23.547194	-26.613749	662.630859	24.755302
-23.547194	-26.613749	660.806641	32.999191
-23.547194	-26.613749	658.980469	34.365948
-23.547194	-26.613749	657.154297	23.363266
-23.547194	-26.613749	655.326172	24.731667
-23.547194	-26.613749	653.500000	27.473066
-23.547194	-26.613749	651.671875	34.333126
-23.547194	-26.613749	649.843750	27.459940
-23.547194	-26.613749	648.015625	31.571384
-23.547194	-26.613749	646.185547	34.308521
-23.547194	-26.613749	644.357422	32.928307
-23.547194	-26.613749	642.527344	30.177063
-23.547194	-26.613749	640.697266	30.169847
-23.547194	-26.613749	638.865234	26.049547
-23.547194	-26.613749	637.035156	32.896820
-23.547194	-26.613749	635.203125	30.148205
-23.547194	-26.613749	633.371094	32.881081
-23.547194	-26.613749	631.539063	36.982365
-23.547194	-26.613749	629.705078	32.865349
-23.547194	-26.613749	627.873047	34.226543
-23.547194	-26.613749	626.039063	32.849613
-23.547194	-26.613749	624.203125	32.841751
-23.547194	-26.613749	622.369141	35.570042
-23.547194	-26.613749	620.535156	36.929276
-23.547194	-26.613749	618.699219	30.083313
-23.547194	-26.613749	616.863281	30.076107
-23.547194	-26.613749	615.025391	35.535973
-23.547194	-26.613749	613.189453	32.794579
-23.547194	-26.613749	611.351563	35.518944
-23.547194	-26.613749	609.513672	36.876217
-23.547194	-26.613749	607.675781	34.136459
-23.547194	-26.613749	605.837891	30.032883
-23.547194	-26.613749	603.998047	32.755291
-23.547194	-26.613749	602.158203	34.111912
-23.547194	-26.613749	600.318359	32.739578
-23.547194	-26.613749	598.478516	32.731728
-23.547194	-26.613749	596.636719	32.723873
-23.547194	-26.613749	594.796875	39.531860
-23.547194	-26.613749	592.955078	40.885212
-23.547194	-26.613749	591.111328	29.975294
-23.547194	-26.613749	589.269531	21.794981
-23.547194	-26.613749	587.425781	27.237186
-23.547194	-26.613749	585.583984	25.869114
-23.547194	-26.613749	583.738281	20.418081
-23.547194	-26.613749	581.894531	24.495811
-23.547194	-26.613749	580.050781	36.734894
-23.547194	-26.613749	578.205078	28.564720
-23.547194	-26.613749	576.359375	25.838060
-23.547194	-26.613749	574.513672	23.112711
-23.547194	-26.613749	572.666016	17.670177
-23.547194	-26.613749	570.818359	23.101603
-23.547194	-26.613749	568.970703	27.171824
-23.547194	-26.613749	567.123047	29.881821
-23.547194	-26.613749	565.275391	24.442884
-23.547194	-26.613749	563.425781	29.867453
-23.547194	-26.613749	561.576172	27.145699
-23.547194	-26.613749	559.726563	31.210045
-23.547194	-26.613749	557.876953	25.776011
-23.547194	-26.613749	556.027344	28.482420
-23.547194	-26.613749	554.175781	24.407629
-23.547194	-26.613749	552.324219	32.535675
-23.547194	-26.613749	550.472656	25.751209
-23.547194	-26.613749	548.619141	35.230015
-23.547194	-26.613749	546.767578	28.448162
-23.547194	-26.613749	544.914063	27.086966
-23.547194	-26.613749	543.060547	32.496532
-23.547194	-26.613749	541.205078	36.549797
-23.547194	-26.613749	539.351563	37.894363
-23.547194	-26.613749	537.496094	39.238281
-23.547194	-26.613749	535.640625	43.286983
-23.547194	-26.613749	533.785156	62.210049
-23.547194	-26.613749	531.927734	55.434727
-23.547194	-26.613749	530.070313	67.587036
-23.547194	-26.613749	528.212891	72.976402
-23.547194	-26.613749	526.355469	113.491493
-23.547194	-26.613749	524.498047	178.300781
-23.547194	-26.613749	522.638672	367.319092
-23.547194	-26.613749	520.779297	607.550537
-23.547194	-26.613749	518.919922	461.627075
-23.547194	-26.613749	517.060547	264.494415
-23.547194	-26.613749	515.199219	145.706665
-23.547194	-26.613749	513.339844	91.719101
-23.547194	-26.613749	511.478516	82.257584
-23.547194	-26.613749	509.615234	74.148781
-23.547194	-26.613749	507.753906	60.652546
-23.547194	-26.613749	505.890625	66.027946
-23.547194	-26.613749	504.027344	59.276093
-23.547194	-26.613749	502.164063	49.833775
-23.547194	-26.613749	500.300781	51.168282
-23.547194	-26.613749	498.435547	56.540764
-23.547194	-26.613749	496.570313	64.602409
-23.547194	-26.613749	494.705078	47.094551
-23.547194	-26.613749	492.839844	57.845051
-23.547194	-26.613749	490.972656	75.314896
-23.547194	-26.613749	489.107422	56.472530
-23.547194	-26.613749	487.240234	55.114628
-23.547194	-26.613749	485.371094	52.413445
-23.547194	-26.613749	483.503906	42.995514
-23.547194	-26.613749	481.634766	42.985126
-23.547194	-26.613749	479.765625	41.631779
-23.547194	-26.613749	477.896484	40.279079
-23.547194	-26.613749	476.027344	34.900101
-23.547194	-26.613749	474.156250	37.575638
-23.547194	-26.613749	472.285156	52.324844
-23.547194	-26.613749	470.414063	37.557472
-23.547194	-26.613749	468.542969	42.912449
-23.547194	-26.613749	466.669922	22.791725
-23.547194	-26.613749	464.796875	30.828407
-23.547194	-26.613749	462.923828	36.181118
-23.547194	-26.613749	461.050781	36.172367
-23.547194	-26.613749	459.177734	36.163616
-23.547194	-26.613749	457.302734	24.103247
-23.547194	-26.613749	455.427734	26.774906
-23.547194	-26.613749	453.552734	20.076321
-23.547194	-26.613749	451.675781	26.761950
-23.547194	-26.613749	449.800781	26.755474
-23.547194	-26.613749	447.923828	25.411549
-23.547194	-26.613749	446.046875	28.079651
-23.547194	-26.613749	444.169922	26.736052
-23.547194	-26.613749	442.291016	28.066059
-23.547194	-26.613749	440.412109	36.076199
-23.547194	-26.613749	438.533203	28.052471
-23.547194	-26.613749	436.654297	30.716696
-23.547194	-26.613749	434.773438	24.033333
-23.547194	-26.613749	432.894531	25.362373
-23.547194	-26.613749	431.013672	30.694386
-23.547194	-26.613749	429.130859	32.021168
-23.547194	-26.613749	427.250000	25.343950
-23.547194	-26.613749	425.367188	32.005657
-23.547194	-26.613749	423.484375	31.997902
-23.547194	-26.613749	421.601563	26.658459
-23.547194	-26.613749	419.718750	30.649799
-23.547194	-26.613749	417.833984	30.642372
-23.547194	-26.613749	415.949219	25.307131
-23.547194	-26.613749	414.064453	22.637733
-23.547194	-26.613749	412.179688	21.300940
-23.547194	-26.613749	410.294922	27.950706
-23.547194	-26.613749	408.408203	29.274593
-23.547194	-26.613749	406.521484	37.249542
-23.547194	-26.613749	404.634766	35.910492
-23.547194	-26.613749	402.746094	57.176922
-23.547194	-26.613749	400.857422	59.821804
-23.547194	-26.613749	398.968750	87.717369
-23.547194	-26.613749	397.080078	91.682289
-23.547194	-26.613749	395.191406	91.660049
-23.547194	-26.613749	393.300781	77.028893
-23.547194	-26.613749	391.410156	58.421539
-23.547194	-26.613749	389.519531	58.407372
-23.547194	-26.613749	387.628906	51.757610
-23.547194	-26.613749	385.736328	50.418259
-23.547194	-26.613749	383.843750	57.038399
-23.547194	-26.613749	381.951172	59.676868
-23.547194	-26.613749	380.058594	57.010727
-23.547194	-26.613749	378.164063	58.322403
-23.547194	-26.613749	376.271484	71.560127
-23.547194	-26.613749	374.376953	82.141685
-23.547194	-26.613749	372.480469	70.200851
-23.547194	-26.613749	370.585938	60.914253
-23.547194	-26.613749	368.689453	48.984356
-23.547194	-26.613749	366.792969	47.648888
-23.547194	-26.613749	364.896484	48.960579
-23.547194	-26.613749	363.000000	64.823944
-23.547194	-26.613749	361.101563	56.872513
-23.547194	-26.613749	359.203125	63.470181
-23.547194	-26.613749	357.304688	58.166874
-23.547194	-26.613749	355.406250	44.936218
-23.547194	-26.613749	353.505859	54.174633
-23.547194	-26.613749	351.605469	56.803505
-23.547194	-26.613749	349.705078	51.506947
-23.547194	-26.613749	347.804688	54.135178
-23.547194	-26.613749	345.902344	44.881687
-23.547194	-26.613749	344.001953	44.870785
-23.547194	-26.613749	342.099609	48.818111
-23.547194	-26.613749	340.195313	46.168079
-23.547194	-26.613749	338.292969	44.838097
-23.547194	-26.613749	336.388672	38.234970
-23.547194	-26.613749	334.484375	42.180065
-23.547194	-26.613749	332.580078	38.216396
-23.547194	-26.613749	330.675781	39.524601
-23.547194	-26.613749	328.769531	39.514999
-23.547194	-26.613749	326.863281	50.040173
-23.547194	-26.613749	324.957031	35.546219
-23.547194	-26.613749	323.048828	28.956549
-23.547194	-26.613749	321.142578	40.792496
-23.547194	-26.613749	319.234375	35.520317
-23.547194	-26.613749	317.326172	28.935448
-23.547194	-26.613749	315.417969	32.873199
-23.547194	-26.613749	313.507813	30.235994
-23.547194	-26.613749	311.597656	27.600069
-23.547194	-26.613749	309.687500	38.105118
-23.547194	-26.613749	307.777344	31.527607
-23.547194	-26.613749	305.865234	27.579950
-23.547194	-26.613749	303.955078	30.199272
-23.547194	-26.613749	302.042969	31.504623
-23.547194	-26.613749	300.128906	30.184593
-23.547194	-26.613749	298.216797	32.801365
-23.547194	-26.613749	296.302734	31.481657
-23.547194	-26.613749	294.388672	31.474005
-23.547194	-26.613749	292.474609	35.399651
-23.547194	-26.613749	290.560547	38.012604
-23.547194	-26.613749	288.644531	44.555668
-23.547194	-26.613749	286.728516	51.095547
-23.547194	-26.613749	284.812500	53.702774
-23.547194	-26.613749	282.896484	48.451698
-23.547194	-26.613749	280.978516	57.604225
-23.547194	-26.613749	279.060547	66.752304
-23.547194	-26.613749	277.142578	71.970276
-23.547194	-26.613749	275.224609	68.028084
-23.547194	-26.613749	273.304688	68.011543
-23.547194	-26.613749	271.384766	74.532990
-23.547194	-26.613749	269.464844	88.894936
-23.547194	-26.613749	267.544922	86.259399
-23.547194	-26.613749	265.623047	121.517784
-23.547194	-26.613749	263.703125	206.399368
-23.547194	-26.613749	261.781250	317.359833
-23.547194	-26.613749	259.857422	315.976990
-23.547194	-26.613749	257.935547	268.906738
-23.547194	-26.613749	256.011719	266.231262
-23.547194	-26.613749	254.087891	242.681244
-23.547194	-26.613749	252.164063	584.380432
-23.547194	-26.613749	250.240234	1901.382813
-23.547194	-26.613749	248.314453	1977.843872
-23.547194	-26.613749	246.388672	771.653870
-23.547194	-26.613749	244.462891	353.154297
-23.547194	-26.613749	242.535156	238.418915
-23.547194	-26.613749	240.609375	182.352631
-23.547194	-26.613749	238.681641	149.753235
-23.547194	-26.613749	236.753906	121.075348
-23.547194	-26.613749	234.824219	124.950623
-23.547194	-26.613749	232.896484	113.208969
-23.547194	-26.613749	230.966797	80.658035
-23.547194	-26.613749	229.037109	74.135330
-23.547194	-26.613749	227.107422	72.817001
-23.547194	-26.613749	225.175781	75.399269
-23.547194	-26.613749	223.244141	75.380936
-23.547194	-26.613749	221.312500	76.661964
-23.547194	-26.613749	219.380859	93.530838
-23.547194	-26.613749	217.447266	81.819588
-23.547194	-26.613749	215.515625	85.694923
-23.547194	-26.613749	213.582031	66.202705
-23.547194	-26.613749	211.646484	75.271042
-23.547194	-26.613749	209.712891	70.062904
-23.547194	-26.613749	207.777344	53.182976
-23.547194	-26.613749	205.841797	47.982723
-23.547194	-26.613749	203.906250	51.860603
-23.547194	-26.613749	201.968750	40.182198
-23.547194	-26.613749	200.033203	31.101236
-23.547194	-26.613749	198.095703	41.458237
-23.547194	-26.613749	196.158203	44.038666
-23.547194	-26.613749	194.218750	29.783623
-23.547194	-26.613749	192.281250	33.660259
-23.547194	-26.613749	190.341797	29.769146
-23.547194	-26.613749	188.402344	29.761909
-23.547194	-26.613749	186.460938	24.579950
-23.547194	-26.613749	184.521484	18.107140
-23.547194	-26.613749	182.580078	24.568003
-23.547194	-26.613749	180.638672	29.732986
-23.547194	-26.613749	178.695313	21.971214
-23.547194	-26.613749	176.753906	24.550097
-23.547194	-26.613749	174.810547	25.835926
-23.547194	-26.613749	172.867188	27.121132
-23.547194	-26.613749	170.921875	25.823372
-23.547194	-26.613749	168.978516	21.944534
-23.547194	-26.613749	167.033203	25.810825
-23.547194	-26.613749	165.087891	28.385010
-23.547194	-26.613749	163.142578	33.537769
-23.547194	-26.613749	161.195313	28.371220
-23.547194	-26.613749	159.248047	32.232189
-23.547194	-26.613749	157.300781	29.646410
-23.547194	-26.613749	155.353516	32.216530
-23.547194	-26.613749	153.406250	39.938797
-23.547194	-26.613749	151.457031	38.641060
-23.547194	-26.613749	149.507813	39.919395
-23.547194	-26.613749	147.558594	43.771931
-23.547194	-26.613749	145.607422	37.325813
-23.547194	-26.613749	143.658203	39.890320
-23.547194	-26.613749	141.707031	60.464184
-23.547194	-26.613749	139.753906	60.449501
-23.547194	-26.613749	137.802734	61.720673
-23.547194	-26.613749	135.849609	75.846573
-23.547194	-26.613749	133.896484	65.546371
-23.547194	-26.613749	131.943359	53.966263
-23.547194	-26.613749	129.990234	46.245567
-23.547194	-26.613749	128.035156	47.518627
-23.547194	-26.613749	126.080078	50.075043
-23.547194	-26.613749	124.125000	52.630219
-23.547194	-26.613749	122.169922	43.633976
-23.547194	-26.613749	120.212891	50.038593
-23.547194	-26.613749	118.255859	55.157368
-23.547194	-26.613749	116.298828	48.731892
-23.547194	-26.613749	114.341797	52.566387
-23.547194	-26.613749	112.382813	42.299267
-23.547194	-26.613749	110.423828	32.037125
-23.547194	-26.613749	108.464844	30.748177
-23.547194	-26.613749	106.505859	26.898129
-23.547194	-26.613749	104.544922	16.647184
-23.547194	-26.613749	102.585938	17.923388
-23.547194	-26.613749	100.625000	7.679589
-23.547194	-26.613749	98.662109	7.677726
-23.547194	-26.613749	96.701172	5.117243
-23.547194	-26.613749	94.738281	6.395003
-23.547194	-26.613749	92.775391	7.672143
-23.547194	-26.613749	90.812500	1.278380
-23.547194	-26.613749	88.847656	3.834212
-23.547194	-26.613749	86.882813	1.277761
-23.547194	-26.613749	84.917969	0.000000
-23.547194	-26.613749	82.953125	1.277141
-23.547194	-26.613749	80.988281	1.276832
-23.547194	-26.613749	79.021484	1.276522
-23.547194	-26.613749	77.054688	1.276213
-23.547194	-26.613749	75.087891	1.275904
-23.547194	-26.613749	73.119141	1.275595
-23.547194	-26.613749	71.152344	1.275286
-23.547194	-26.613749	69.183594	-2.549954
-23.547194	-26.613749	67.212891	-3.824004
-23.547194	-26.613749	65.244141	0.000000
-23.547194	-26.613749	63.273438	1.274051
-23.547194	-26.613749	61.302734	2.547484
-23.547194	-26.613749	59.332031	0.000000
-32.547194	-23.613749	1838.626953	19.285784
-32.547194	-23.613749	1837.066406	9.642892
-32.547194	-23.613749	1835.503906	11.247646
-32.547194	-23.613749	1833.941406	12.851718
-32.547194	-23.613749	1832.378906	8.030614
-32.547194	-23.613749	1830.816406	20.875154
-32.547194	-23.613749	1829.251953	8.027197
-32.547194	-23.613749	1827.687500	16.050978
-32.547194	-23.613749	1826.125000	16.047562
-32.547194	-23.613749	1824.560547	14.439732
-32.547194	-23.613749	1822.994141	11.228512
-32.547194	-23.613749	1821.429688	8.018659
-32.547194	-23.613749	1819.865234	12.827124
-32.547194	-23.613749	1818.298828	16.030491
-32.547194	-23.613749	1816.732422	17.629787
-32.547194	-23.613749	1815.166016	9.614201
-32.547194	-23.613749	1813.599609	12.816206
-32.547194	-23.613749	1812.033203	16.016848
-32.547194	-23.613749	1810.464844	9.608063
-32.547194	-23.613749	1808.896484	14.409026
-32.547194	-23.613749	1807.330078	8.003310
-32.547194	-23.613749	1805.759766	14.402892
-32.547194	-23.613749	1804.191406	12.799845
-32.547194	-23.613749	1802.623047	12.797120
-32.547194	-23.613749	1801.052734	6.397198
-32.547194	-23.613749	1799.484375	14.390630
-32.547194	-23.613749	1797.914063	15.986184
-32.547194	-23.613749	1796.343750	14.384502
-32.547194	-23.613749	1794.771484	12.783502
-32.547194	-23.613749	1793.201172	12.780779
-32.547194	-23.613749	1791.628906	14.375315
-32.547194	-23.613749	1790.058594	12.775336
-32.547194	-23.613749	1788.486328	11.176039
-32.547194	-23.613749	1786.914063	11.173658
-32.547194	-23.613749	1785.339844	11.171278
-32.547194	-23.613749	1783.767578	9.573341
-32.547194	-23.613749	1782.193359	17.547388
-32.547194	-23.613749	1780.621094	11.164141
-32.547194	-23.613749	1779.046875	15.945374
-32.547194	-23.613749	1777.470703	15.941978
-32.547194	-23.613749	1775.896484	15.938581
-32.547194	-23.613749	1774.322266	9.561111
-32.547194	-23.613749	1772.746094	12.745432
-32.547194	-23.613749	1771.169922	15.928395
-32.547194	-23.613749	1769.593750	7.962500
-32.547194	-23.613749	1768.017578	14.329446
-32.547194	-23.613749	1766.441406	12.734571
-32.547194	-23.613749	1764.863281	17.506304
-32.547194	-23.613749	1763.287109	17.502571
-32.547194	-23.613749	1761.708984	7.954019
-32.547194	-23.613749	1760.130859	12.723717
-32.547194	-23.613749	1758.552734	9.540753
-32.547194	-23.613749	1756.972656	14.308079
-32.547194	-23.613749	1755.394531	14.305028
-32.547194	-23.613749	1753.814453	15.891087
-32.547194	-23.613749	1752.234375	12.710158
-32.547194	-23.613749	1750.654297	14.295879
-32.547194	-23.613749	1749.074219	14.292830
-32.547194	-23.613749	1747.492188	11.114275
-32.547194	-23.613749	1745.912109	12.699320
-32.547194	-23.613749	1744.330078	17.457840
-32.547194	-23.613749	1742.748047	14.280641
-32.547194	-23.613749	1741.166016	9.518395
-32.547194	-23.613749	1739.583984	4.758183
-32.547194	-23.613749	1738.000000	17.442947
-32.547194	-23.613749	1736.417969	17.439226
-32.547194	-23.613749	1734.833984	14.265412
-32.547194	-23.613749	1733.250000	11.092953
-32.547194	-23.613749	1731.666016	11.090586
-32.547194	-23.613749	1730.082031	14.256281
-32.547194	-23.613749	1728.496094	11.085852
-32.547194	-23.613749	1726.912109	12.666841
-32.547194	-23.613749	1725.326172	11.081120
-32.547194	-23.613749	1723.740234	9.496075
-32.547194	-23.613749	1722.154297	12.658729
-32.547194	-23.613749	1720.566406	7.910016
-32.547194	-23.613749	1718.980469	12.653323
-32.547194	-23.613749	1717.392578	11.069293
-32.547194	-23.613749	1715.804688	11.066929
-32.547194	-23.613749	1714.216797	11.064566
-32.547194	-23.613749	1712.628906	12.642516
-32.547194	-23.613749	1711.041016	15.799769
-32.547194	-23.613749	1709.451172	18.955673
-32.547194	-23.613749	1707.861328	14.213717
-32.547194	-23.613749	1706.271484	11.052751
-32.547194	-23.613749	1704.681641	11.050389
-32.547194	-23.613749	1703.091797	14.204606
-32.547194	-23.613749	1701.501953	17.357475
-32.547194	-23.613749	1699.910156	12.620919
-32.547194	-23.613749	1698.318359	15.772777
-32.547194	-23.613749	1696.726563	9.461643
-32.547194	-23.613749	1695.134766	11.036223
-32.547194	-23.613749	1693.542969	11.033863
-32.547194	-23.613749	1691.949219	14.183362
-32.547194	-23.613749	1690.357422	9.453552
-32.547194	-23.613749	1688.763672	7.876275
-32.547194	-23.613749	1687.169922	14.174263
-32.547194	-23.613749	1685.576172	14.171230
-32.547194	-23.613749	1683.982422	15.742443
-32.547194	-23.613749	1682.386719	7.869537
-32.547194	-23.613749	1680.791016	14.162136
-32.547194	-23.613749	1679.195313	12.585871
-32.547194	-23.613749	1677.599609	9.437383
-32.547194	-23.613749	1676.003906	15.725605
-32.547194	-23.613749	1674.408203	7.861119
-32.547194	-23.613749	1672.810547	14.146985
-32.547194	-23.613749	1671.214844	9.429304
-32.547194	-23.613749	1669.617188	10.998499
-32.547194	-23.613749	1668.019531	18.850533
-32.547194	-23.613749	1666.419922	9.423247
-32.547194	-23.613749	1664.822266	9.421228
-32.547194	-23.613749	1663.222656	14.128816
-32.547194	-23.613749	1661.623047	9.417192
-32.547194	-23.613749	1660.023438	7.845979
-32.547194	-23.613749	1658.423828	15.688595
-32.547194	-23.613749	1656.824219	12.548186
-32.547194	-23.613749	1655.222656	9.409122
-32.547194	-23.613749	1653.623047	12.542808
-32.547194	-23.613749	1652.021484	9.405088
-32.547194	-23.613749	1650.419922	15.671787
-32.547194	-23.613749	1648.818359	9.401056
-32.547194	-23.613749	1647.214844	17.231573
-32.547194	-23.613749	1645.613281	9.397024
-32.547194	-23.613749	1644.009766	15.658347
-32.547194	-23.613749	1642.406250	12.523991
-32.547194	-23.613749	1640.802734	9.390978
-32.547194	-23.613749	1639.199219	15.648271
-32.547194	-23.613749	1637.593750	9.386948
-32.547194	-23.613749	1635.990234	10.949088
-32.547194	-23.613749	1634.384766	10.946738
-32.547194	-23.613749	1632.779297	12.507873
-32.547194	-23.613749	1631.173828	12.505187
-32.547194	-23.613749	1629.568359	12.502501
-32.547194	-23.613749	1627.960938	15.624771
-32.547194	-23.613749	1626.353516	15.621415
-32.547194	-23.613749	1624.748047	10.932642
-32.547194	-23.613749	1623.140625	6.245882
-32.547194	-23.613749	1621.531250	15.611350
-32.547194	-23.613749	1619.923828	10.925597
-32.547194	-23.613749	1618.314453	9.362784
-32.547194	-23.613749	1616.707031	6.240515
-32.547194	-23.613749	1615.097656	6.239173
-32.547194	-23.613749	1613.488281	9.356749
-32.547194	-23.613749	1611.878906	18.709473
-32.547194	-23.613749	1610.267578	6.235150
-32.547194	-23.613749	1608.656250	12.467618
-32.547194	-23.613749	1607.046875	15.581170
-32.547194	-23.613749	1605.435547	9.346691
-32.547194	-23.613749	1603.824219	12.459574
-32.547194	-23.613749	1602.210938	7.785558
-32.547194	-23.613749	1600.599609	7.783883
-32.547194	-23.613749	1598.986328	14.007973
-32.547194	-23.613749	1597.373047	12.448852
-32.547194	-23.613749	1595.759766	14.001943
-32.547194	-23.613749	1594.146484	6.221746
-32.547194	-23.613749	1592.533203	18.661219
-32.547194	-23.613749	1590.917969	7.773833
-32.547194	-23.613749	1589.302734	10.881021
-32.547194	-23.613749	1587.687500	13.986872
-32.547194	-23.613749	1586.072266	7.768810
-32.547194	-23.613749	1584.457031	10.873990
-32.547194	-23.613749	1582.839844	13.977832
-32.547194	-23.613749	1581.224609	12.422061
-32.547194	-23.613749	1579.607422	12.419384
-32.547194	-23.613749	1577.990234	15.520883
-32.547194	-23.613749	1576.373047	15.517535
-32.547194	-23.613749	1574.755859	6.205676
-32.547194	-23.613749	1573.136719	13.959759
-32.547194	-23.613749	1571.517578	9.304499
-32.547194	-23.613749	1569.898438	10.852906
-32.547194	-23.613749	1568.279297	7.750403
-32.547194	-23.613749	1566.660156	13.947715
-32.547194	-23.613749	1565.041016	12.395292
-32.547194	-23.613749	1563.419922	12.392617
-32.547194	-23.613749	1561.798828	6.194971
-32.547194	-23.613749	1560.177734	13.935674
-32.547194	-23.613749	1558.556641	13.932665
-32.547194	-23.613749	1556.935547	10.834176
-32.547194	-23.613749	1555.312500	9.284431
-32.547194	-23.613749	1553.691406	10.829495
-32.547194	-23.613749	1552.068359	15.467365
-32.547194	-23.613749	1550.445313	12.371218
-32.547194	-23.613749	1548.822266	12.368544
-32.547194	-23.613749	1547.197266	17.003071
-32.547194	-23.613749	1545.574219	16.999395
-32.547194	-23.613749	1543.949219	6.180261
-32.547194	-23.613749	1542.324219	15.447311
-32.547194	-23.613749	1540.699219	10.810780
-32.547194	-23.613749	1539.072266	9.264378
-32.547194	-23.613749	1537.447266	12.349831
-32.547194	-23.613749	1535.820313	6.173579
-32.547194	-23.613749	1534.193359	12.344485
-32.547194	-23.613749	1532.566406	12.341813
-32.547194	-23.613749	1530.939453	9.254355
-32.547194	-23.613749	1529.312500	9.252352
-32.547194	-23.613749	1527.683594	13.875523
-32.547194	-23.613749	1526.056641	13.872517
-32.547194	-23.613749	1524.427734	9.246341
-32.547194	-23.613749	1522.798828	10.785060
-32.547194	-23.613749	1521.167969	18.484669
-32.547194	-23.613749	1519.539063	7.700276
-32.547194	-23.613749	1517.908203	12.317771
-32.547194	-23.613749	1516.277344	10.775712
-32.547194	-23.613749	1514.646484	16.929590
-32.547194	-23.613749	1513.015625	7.693600
-32.547194	-23.613749	1511.384766	10.768703
-32.547194	-23.613749	1509.751953	15.380524
-32.547194	-23.613749	1508.121094	12.301749
-32.547194	-23.613749	1506.488281	9.224310
-32.547194	-23.613749	1504.855469	15.370513
-32.547194	-23.613749	1503.220703	7.683588
-32.547194	-23.613749	1501.587891	6.145536
-32.547194	-23.613749	1499.953125	12.288403
-32.547194	-23.613749	1498.318359	12.285733
-32.547194	-23.613749	1496.683594	10.747682
-32.547194	-23.613749	1495.048828	12.280396
-32.547194	-23.613749	1493.414063	12.277728
-32.547194	-23.613749	1491.777344	6.137530
-32.547194	-23.613749	1490.140625	9.204293
-32.547194	-23.613749	1488.505859	13.803438
-32.547194	-23.613749	1486.867188	9.200292
-32.547194	-23.613749	1485.230469	12.264387
-32.547194	-23.613749	1483.593750	12.261720
-32.547194	-23.613749	1481.955078	13.791433
-32.547194	-23.613749	1480.316406	10.724337
-32.547194	-23.613749	1478.677734	9.190289
-32.547194	-23.613749	1477.039063	18.376575
-32.547194	-23.613749	1475.400391	16.841528
-32.547194	-23.613749	1473.759766	15.307146
-32.547194	-23.613749	1472.119141	9.182287
-32.547194	-23.613749	1470.478516	12.240383
-32.547194	-23.613749	1468.837891	19.886290
-32.547194	-23.613749	1467.197266	12.235050
-32.547194	-23.613749	1465.556641	15.290481
-32.547194	-23.613749	1463.914063	13.758432
-32.547194	-23.613749	1462.271484	13.755434
-32.547194	-23.613749	1460.628906	15.280483
-32.547194	-23.613749	1458.986328	13.749435
-32.547194	-23.613749	1457.343750	16.801201
-32.547194	-23.613749	1455.699219	13.743438
-32.547194	-23.613749	1454.054688	18.320585
-32.547194	-23.613749	1452.410156	9.158294
-32.547194	-23.613749	1450.765625	10.682344
-32.547194	-23.613749	1449.121094	13.731444
-32.547194	-23.613749	1447.474609	10.677681
-32.547194	-23.613749	1445.830078	12.200398
-32.547194	-23.613749	1444.183594	12.197734
-32.547194	-23.613749	1442.537109	10.670686
-32.547194	-23.613749	1440.890625	7.620253
-32.547194	-23.613749	1439.242188	10.666023
-32.547194	-23.613749	1437.595703	9.140307
-32.547194	-23.613749	1435.947266	12.184412
-32.547194	-23.613749	1434.298828	12.181748
-32.547194	-23.613749	1432.650391	10.656698
-32.547194	-23.613749	1431.000000	10.654367
-32.547194	-23.613749	1429.351563	16.738914
-32.547194	-23.613749	1427.701172	9.128320
-32.547194	-23.613749	1426.050781	10.647376
-32.547194	-23.613749	1424.400391	10.645045
-32.547194	-23.613749	1422.750000	12.163102
-32.547194	-23.613749	1421.097656	12.160439
-32.547194	-23.613749	1419.447266	10.638054
-32.547194	-23.613749	1417.794922	16.713280
-32.547194	-23.613749	1416.142578	16.709620
-32.547194	-23.613749	1414.490234	9.112341
-32.547194	-23.613749	1412.835938	15.183906
-32.547194	-23.613749	1411.183594	13.662519
-32.547194	-23.613749	1409.529297	16.694975
-32.547194	-23.613749	1407.875000	21.243490
-32.547194	-23.613749	1406.220703	13.653534
-32.547194	-23.613749	1404.566406	15.167265
-32.547194	-23.613749	1402.910156	10.614757
-32.547194	-23.613749	1401.255859	13.644548
-32.547194	-23.613749	1399.599609	7.578641
-32.547194	-23.613749	1397.943359	9.092373
-32.547194	-23.613749	1396.287109	12.120502
-32.547194	-23.613749	1394.628906	12.117840
-32.547194	-23.613749	1392.970703	15.143973
-32.547194	-23.613749	1391.314453	7.570323
-32.547194	-23.613749	1389.656250	10.596124
-32.547194	-23.613749	1387.998047	4.540198
-32.547194	-23.613749	1386.337891	15.130666
-32.547194	-23.613749	1384.679688	10.589137
-32.547194	-23.613749	1383.019531	10.586808
-32.547194	-23.613749	1381.359375	9.072412
-32.547194	-23.613749	1379.699219	12.093887
-32.547194	-23.613749	1378.039063	15.114034
-32.547194	-23.613749	1376.376953	16.621778
-32.547194	-23.613749	1374.716797	13.596643
-32.547194	-23.613749	1373.054688	10.572839
-32.547194	-23.613749	1371.392578	13.590656
-32.547194	-23.613749	1369.728516	7.548702
-32.547194	-23.613749	1368.066406	10.565854
-32.547194	-23.613749	1366.402344	13.581677
-32.547194	-23.613749	1364.740234	9.052456
-32.547194	-23.613749	1363.076172	12.067281
-32.547194	-23.613749	1361.412109	9.048466
-32.547194	-23.613749	1359.746094	10.554215
-32.547194	-23.613749	1358.082031	15.074125
-32.547194	-23.613749	1356.416016	12.056641
-32.547194	-23.613749	1354.750000	9.040485
-32.547194	-23.613749	1353.083984	18.076981
-32.547194	-23.613749	1351.417969	15.060826
-32.547194	-23.613749	1349.750000	15.057501
-32.547194	-23.613749	1348.083984	19.570429
-32.547194	-23.613749	1346.416016	10.535597
-32.547194	-23.613749	1344.748047	9.028517
-32.547194	-23.613749	1343.078125	9.026522
-32.547194	-23.613749	1341.410156	13.536791
-32.547194	-23.613749	1339.740234	12.030044
-32.547194	-23.613749	1338.072266	10.523961
-32.547194	-23.613749	1336.402344	12.024725
-32.547194	-23.613749	1334.730469	7.513791
-32.547194	-23.613749	1333.060547	10.516981
-32.547194	-23.613749	1331.388672	9.012561
-32.547194	-23.613749	1329.718750	10.512327
-32.547194	-23.613749	1328.046875	19.518574
-32.547194	-23.613749	1326.375000	12.008771
-32.547194	-23.613749	1324.701172	16.508404
-32.547194	-23.613749	1323.029297	10.503021
-32.547194	-23.613749	1321.355469	12.000794
-32.547194	-23.613749	1319.681641	10.498368
-32.547194	-23.613749	1318.007813	13.494911
-32.547194	-23.613749	1316.333984	10.493716
-32.547194	-23.613749	1314.660156	10.491390
-32.547194	-23.613749	1312.984375	11.987501
-32.547194	-23.613749	1311.308594	5.992422
-32.547194	-23.613749	1309.632813	5.991092
-32.547194	-23.613749	1307.957031	10.482085
-32.547194	-23.613749	1306.279297	11.976868
-32.547194	-23.613749	1304.603516	10.477433
-32.547194	-23.613749	1302.925781	11.971552
-32.547194	-23.613749	1301.248047	10.472782
-32.547194	-23.613749	1299.570313	10.470456
-32.547194	-23.613749	1297.892578	13.459024
-32.547194	-23.613749	1296.212891	13.456035
-32.547194	-23.613749	1294.533203	7.473913
-32.547194	-23.613749	1292.853516	13.450054
-32.547194	-23.613749	1291.173828	13.447063
-32.547194	-23.613749	1289.494141	11.950288
-32.547194	-23.613749	1287.812500	5.973815
-32.547194	-23.613749	1286.132813	8.958730
-32.547194	-23.613749	1284.451172	13.435104
-32.547194	-23.613749	1282.769531	16.417028
-32.547194	-23.613749	1281.085938	16.413374
-32.547194	-23.613749	1279.404297	10.442550
-32.547194	-23.613749	1277.720703	17.897528
-32.547194	-23.613749	1276.039063	13.420156
-32.547194	-23.613749	1274.355469	14.907963
-32.547194	-23.613749	1272.669922	13.414177
-32.547194	-23.613749	1270.986328	13.411187
-32.547194	-23.613749	1269.300781	14.897998
-32.547194	-23.613749	1267.615234	10.426273
-32.547194	-23.613749	1265.929688	5.956542
-32.547194	-23.613749	1264.244141	10.421623
-32.547194	-23.613749	1262.558594	16.373182
-32.547194	-23.613749	1260.871094	5.952556
-32.547194	-23.613749	1259.185547	13.390263
-32.547194	-23.613749	1257.498047	10.412324
-32.547194	-23.613749	1255.808594	13.384284
-32.547194	-23.613749	1254.121094	11.894485
-32.547194	-23.613749	1252.433594	14.864784
-32.547194	-23.613749	1250.744141	8.916878
-32.547194	-23.613749	1249.054688	10.400700
-32.547194	-23.613749	1247.365234	11.883858
-32.547194	-23.613749	1245.673828	5.940600
-32.547194	-23.613749	1243.984375	20.787453
-32.547194	-23.613749	1242.292969	13.360373
-32.547194	-23.613749	1240.601563	14.841538
-32.547194	-23.613749	1238.910156	13.354396
-32.547194	-23.613749	1237.218750	13.351408
-32.547194	-23.613749	1235.525391	14.831576
-32.547194	-23.613749	1233.833984	8.896954
-32.547194	-23.613749	1232.140625	5.929974
-32.547194	-23.613749	1230.447266	11.857292
-32.547194	-23.613749	1228.753906	10.372807
-32.547194	-23.613749	1227.058594	14.814975
-32.547194	-23.613749	1225.365234	8.886992
-32.547194	-23.613749	1223.669922	13.327500
-32.547194	-23.613749	1221.974609	16.285515
-32.547194	-23.613749	1220.277344	11.841354
-32.547194	-23.613749	1218.582031	10.358861
-32.547194	-23.613749	1216.884766	13.315548
-32.547194	-23.613749	1215.189453	10.354213
-32.547194	-23.613749	1213.492188	8.873048
-32.547194	-23.613749	1211.792969	16.263603
-32.547194	-23.613749	1210.095703	10.347241
-32.547194	-23.613749	1208.396484	14.778453
-32.547194	-23.613749	1206.699219	14.775133
-32.547194	-23.613749	1205.000000	10.340269
-32.547194	-23.613749	1203.298828	16.245342
-32.547194	-23.613749	1201.599609	8.859104
-32.547194	-23.613749	1199.900391	11.809484
-32.547194	-23.613749	1198.199219	8.855121
-32.547194	-23.613749	1196.498047	16.230736
-32.547194	-23.613749	1194.796875	7.375948
-32.547194	-23.613749	1193.093750	16.223434
-32.547194	-23.613749	1191.392578	11.796206
-32.547194	-23.613749	1189.689453	11.793550
-32.547194	-23.613749	1187.986328	11.790895
-32.547194	-23.613749	1186.283203	10.314709
-32.547194	-23.613749	1184.580078	13.258781
-32.547194	-23.613749	1182.875000	14.728660
-32.547194	-23.613749	1181.169922	13.252807
-32.547194	-23.613749	1179.464844	14.722021
-32.547194	-23.613749	1177.759766	23.549923
-32.547194	-23.613749	1176.054688	14.715383
-32.547194	-23.613749	1174.347656	8.827238
-32.547194	-23.613749	1172.642578	7.354373
-32.547194	-23.613749	1170.935547	16.175968
-32.547194	-23.613749	1169.228516	16.172318
-32.547194	-23.613749	1167.519531	16.168667
-32.547194	-23.613749	1165.812500	17.634563
-32.547194	-23.613749	1164.103516	13.222935
-32.547194	-23.613749	1162.394531	17.626598
-32.547194	-23.613749	1160.685547	16.154064
-32.547194	-23.613749	1158.976563	10.277535
-32.547194	-23.613749	1157.265625	13.210988
-32.547194	-23.613749	1155.556641	14.675556
-32.547194	-23.613749	1153.845703	5.868895
-32.547194	-23.613749	1152.134766	10.268244
-32.547194	-23.613749	1150.423828	11.732481
-32.547194	-23.613749	1148.710938	10.263597
-32.547194	-23.613749	1146.998047	13.193068
-32.547194	-23.613749	1145.287109	13.190081
-32.547194	-23.613749	1143.572266	16.117559
-32.547194	-23.613749	1141.859375	8.789405
-32.547194	-23.613749	1140.146484	10.251984
-32.547194	-23.613749	1138.431641	14.642372
-32.547194	-23.613749	1136.716797	5.855622
-32.547194	-23.613749	1135.001953	13.172162
-32.547194	-23.613749	1133.287109	10.242692
-32.547194	-23.613749	1131.570313	13.166189
-32.547194	-23.613749	1129.855469	13.163203
-32.547194	-23.613749	1128.138672	10.235724
-32.547194	-23.613749	1126.421875	8.771487
-32.547194	-23.613749	1124.703125	11.692662
-32.547194	-23.613749	1122.986328	11.690008
-32.547194	-23.613749	1121.267578	13.148273
-32.547194	-23.613749	1119.548828	20.448223
-32.547194	-23.613749	1117.830078	7.301278
-32.547194	-23.613749	1116.111328	14.599238
-32.547194	-23.613749	1114.392578	13.136329
-32.547194	-23.613749	1112.671875	13.133343
-32.547194	-23.613749	1110.951172	10.212500
-32.547194	-23.613749	1109.230469	18.961758
-32.547194	-23.613749	1107.509766	11.666121
-32.547194	-23.613749	1105.787109	7.289667
-32.547194	-23.613749	1104.066406	13.118414
-32.547194	-23.613749	1102.343750	14.572699
-32.547194	-23.613749	1100.621094	16.026320
-32.547194	-23.613749	1098.896484	13.109457
-32.547194	-23.613749	1097.173828	7.281373
-32.547194	-23.613749	1095.449219	8.735658
-32.547194	-23.613749	1093.724609	16.011723
-32.547194	-23.613749	1092.000000	11.642236
-32.547194	-23.613749	1090.275391	14.549478
-32.547194	-23.613749	1088.550781	11.636929
-32.547194	-23.613749	1086.824219	15.997128
-32.547194	-23.613749	1085.097656	14.539527
-32.547194	-23.613749	1083.371094	15.989831
-32.547194	-23.613749	1081.644531	11.626314
-32.547194	-23.613749	1079.916016	13.076619
-32.547194	-23.613749	1078.189453	13.073634
-32.547194	-23.613749	1076.460938	8.713766
-32.547194	-23.613749	1074.732422	14.519627
-32.547194	-23.613749	1073.001953	8.709785
-32.547194	-23.613749	1071.273438	11.610394
-32.547194	-23.613749	1069.542969	13.058709
-32.547194	-23.613749	1067.812500	13.055724
-32.547194	-23.613749	1066.082031	10.152131
-32.547194	-23.613749	1064.351563	21.749592
-32.547194	-23.613749	1062.619141	14.496411
-32.547194	-23.613749	1060.888672	7.246548
-32.547194	-23.613749	1059.156250	7.244889
-32.547194	-23.613749	1057.421875	15.935109
-32.547194	-23.613749	1055.689453	13.034832
-32.547194	-23.613749	1053.957031	14.479831
-32.547194	-23.613749	1052.222656	8.685908
-32.547194	-23.613749	1050.488281	15.920519
-32.547194	-23.613749	1048.753906	14.469883
-32.547194	-23.613749	1047.019531	4.339970
-32.547194	-23.613749	1045.283203	10.124276
-32.547194	-23.613749	1043.546875	13.013942
-32.547194	-23.613749	1041.810547	11.565296
-32.547194	-23.613749	1040.074219	13.007974
-32.547194	-23.613749	1038.337891	15.894987
-32.547194	-23.613749	1036.599609	14.446673
-32.547194	-23.613749	1034.861328	7.221679
-32.547194	-23.613749	1033.123047	11.552033
-32.547194	-23.613749	1031.384766	15.880400
-32.547194	-23.613749	1029.646484	11.546729
-32.547194	-23.613749	1027.906250	7.215048
-32.547194	-23.613749	1026.167969	15.869459
-32.547194	-23.613749	1024.427734	20.192852
-32.547194	-23.613749	1022.685547	18.746197
-32.547194	-23.613749	1020.945313	15.858521
-32.547194	-23.613749	1019.203125	20.178930
-32.547194	-23.613749	1017.462891	18.733269
-32.547194	-23.613749	1015.720703	10.084825
-32.547194	-23.613749	1013.976563	12.963220
-32.547194	-23.613749	1012.234375	15.840289
-32.547194	-23.613749	1010.490234	23.035116
-32.547194	-23.613749	1008.746094	15.832997
-32.547194	-23.613749	1007.001953	11.512256
-32.547194	-23.613749	1005.257813	17.264406
-32.547194	-23.613749	1003.513672	23.013905
-32.547194	-23.613749	1001.767578	21.570564
-32.547194	-23.613749	1000.021484	14.377062
-32.547194	-23.613749	998.275391	21.560621
-32.547194	-23.613749	996.529297	21.555651
-32.547194	-23.613749	994.781250	21.550680
-32.547194	-23.613749	993.035156	18.672949
-32.547194	-23.613749	991.287109	24.412836
-32.547194	-23.613749	989.539063	27.278639
-32.547194	-23.613749	987.789063	31.578503
-32.547194	-23.613749	986.041016	27.266048
-32.547194	-23.613749	984.291016	31.563923
-32.547194	-23.613749	982.541016	24.384672
-32.547194	-23.613749	980.791016	27.247160
-32.547194	-23.613749	979.041016	25.807137
-32.547194	-23.613749	977.289063	28.667969
-32.547194	-23.613749	975.537109	40.125881
-32.547194	-23.613749	973.785156	31.520187
-32.547194	-23.613749	972.033203	24.350878
-32.547194	-23.613749	970.281250	32.937683
-32.547194	-23.613749	968.527344	32.930065
-32.547194	-23.613749	966.773438	34.353855
-32.547194	-23.613749	965.019531	27.190510
-32.547194	-23.613749	963.265625	27.184216
-32.547194	-23.613749	961.511719	27.177921
-32.547194	-23.613749	959.755859	28.601713
-32.547194	-23.613749	958.000000	35.743862
-32.547194	-23.613749	956.244141	35.735580
-32.547194	-23.613749	954.488281	31.440023
-32.547194	-23.613749	952.730469	28.575216
-32.547194	-23.613749	950.974609	38.567600
-32.547194	-23.613749	949.216797	34.274361
-32.547194	-23.613749	947.458984	27.127577
-32.547194	-23.613749	945.701172	28.548721
-32.547194	-23.613749	943.941406	34.250519
-32.547194	-23.613749	942.181641	35.669346
-32.547194	-23.613749	940.421875	31.381739
-32.547194	-23.613749	938.662109	29.948341
-32.547194	-23.613749	936.902344	27.089827
-32.547194	-23.613749	935.140625	21.381739
-32.547194	-23.613749	933.380859	28.502363
-32.547194	-23.613749	931.619141	18.522232
-32.547194	-23.613749	929.855469	12.820104
-32.547194	-23.613749	928.093750	22.785999
-32.547194	-23.613749	926.330078	18.509319
-32.547194	-23.613749	924.568359	14.234628
-32.547194	-23.613749	922.804688	17.077581
-32.547194	-23.613749	921.039063	14.228007
-32.547194	-23.613749	919.275391	14.224697
-32.547194	-23.613749	917.509766	17.065664
-32.547194	-23.613749	915.744141	17.061691
-32.547194	-23.613749	913.978516	11.371814
-32.547194	-23.613749	912.212891	14.211457
-32.547194	-23.613749	910.447266	17.049776
-32.547194	-23.613749	908.679688	18.466290
-32.547194	-23.613749	906.912109	14.201529
-32.547194	-23.613749	905.144531	22.717150
-32.547194	-23.613749	903.375000	15.614401
-32.547194	-23.613749	901.607422	8.514960
-32.547194	-23.613749	899.837891	15.607121
-32.547194	-23.613749	898.068359	8.510989
-32.547194	-23.613749	896.298828	19.854343
-32.547194	-23.613749	894.529297	14.178365
-32.547194	-23.613749	892.757813	14.175056
-32.547194	-23.613749	890.986328	17.006098
-32.547194	-23.613749	889.214844	12.751595
-32.547194	-23.613749	887.443359	16.998158
-32.547194	-23.613749	885.669922	18.410370
-32.547194	-23.613749	883.898438	22.653625
-32.547194	-23.613749	882.125000	21.232811
-32.547194	-23.613749	880.351563	21.227850
-32.547194	-23.613749	878.578125	18.393169
-32.547194	-23.613749	876.802734	16.974342
-32.547194	-23.613749	875.027344	15.556175
-32.547194	-23.613749	873.251953	19.794138
-32.547194	-23.613749	871.476563	25.443653
-32.547194	-23.613749	869.701172	18.371674
-32.547194	-23.613749	867.923828	14.128750
-32.547194	-23.613749	866.146484	24.013252
-32.547194	-23.613749	864.369141	18.358778
-32.547194	-23.613749	862.591797	12.706946
-32.547194	-23.613749	860.814453	21.173285
-32.547194	-23.613749	859.035156	18.345882
-32.547194	-23.613749	857.255859	16.930695
-32.547194	-23.613749	855.476563	16.926727
-32.547194	-23.613749	853.697266	14.102300
-32.547194	-23.613749	851.916016	16.918793
-32.547194	-23.613749	850.136719	9.866982
-32.547194	-23.613749	848.355469	19.729338
-32.547194	-23.613749	846.574219	7.044539
-32.547194	-23.613749	844.791016	14.085773
-32.547194	-23.613749	843.009766	14.082468
-32.547194	-23.613749	841.226563	14.079164
-32.547194	-23.613749	839.443359	18.298616
-32.547194	-23.613749	837.660156	21.108831
-32.547194	-23.613749	835.875000	14.069250
-32.547194	-23.613749	834.091797	18.285730
-32.547194	-23.613749	832.306641	16.875172
-32.547194	-23.613749	830.521484	15.465273
-32.547194	-23.613749	828.734375	19.678450
-32.547194	-23.613749	826.949219	12.647458
-32.547194	-23.613749	825.162109	15.454371
-32.547194	-23.613749	823.375000	21.069187
-32.547194	-23.613749	821.587891	16.851387
-32.547194	-23.613749	819.800781	14.039519
-32.547194	-23.613749	818.011719	18.247082
-32.547194	-23.613749	816.222656	11.226332
-32.547194	-23.613749	814.433594	16.835535
-32.547194	-23.613749	812.644531	12.623678
-32.547194	-23.613749	810.855469	15.425308
-32.547194	-23.613749	809.064453	12.617735
-32.547194	-23.613749	807.273438	15.418044
-32.547194	-23.613749	805.482422	12.611793
-32.547194	-23.613749	803.691406	14.009801
-32.547194	-23.613749	801.898438	18.208450
-32.547194	-23.613749	800.107422	18.204159
-32.547194	-23.613749	798.314453	15.399888
-32.547194	-23.613749	796.521484	13.996597
-32.547194	-23.613749	794.726563	18.191286
-32.547194	-23.613749	792.933594	18.186996
-32.547194	-23.613749	791.138672	22.378716
-32.547194	-23.613749	789.343750	15.381737
-32.547194	-23.613749	787.546875	11.184078
-32.547194	-23.613749	785.751953	16.772158
-32.547194	-23.613749	783.955078	16.768198
-32.547194	-23.613749	782.158203	13.970200
-32.547194	-23.613749	780.361328	16.760281
-32.547194	-23.613749	778.564453	20.945402
-32.547194	-23.613749	776.765625	12.564273
-32.547194	-23.613749	774.968750	20.935507
-32.547194	-23.613749	773.169922	18.139818
-32.547194	-23.613749	771.369141	15.345449
-32.547194	-23.613749	769.570313	20.920666
-32.547194	-23.613749	767.769531	15.338195
-32.547194	-23.613749	765.970703	18.122671
-32.547194	-23.613749	764.167969	25.086994
-32.547194	-23.613749	762.367188	22.294275
-32.547194	-23.613749	760.566406	25.075125
-32.547194	-23.613749	758.763672	18.105528
-32.547194	-23.613749	756.960938	18.101242
-32.547194	-23.613749	755.158203	27.841473
-32.547194	-23.613749	753.353516	19.484417
-32.547194	-23.613749	751.550781	18.088388
-32.547194	-23.613749	749.746094	22.257359
-32.547194	-23.613749	747.941406	16.689064
-32.547194	-23.613749	746.136719	23.637239
-32.547194	-23.613749	744.330078	18.071253
-32.547194	-23.613749	742.523438	13.897669
-32.547194	-23.613749	740.718750	20.841562
-32.547194	-23.613749	738.910156	19.447514
-32.547194	-23.613749	737.103516	24.998016
-32.547194	-23.613749	735.294922	22.215189
-32.547194	-23.613749	733.488281	26.374279
-32.547194	-23.613749	731.679688	16.653488
-32.547194	-23.613749	729.869141	19.424458
-32.547194	-23.613749	728.060547	22.194113
-32.547194	-23.613749	726.250000	20.802042
-32.547194	-23.613749	724.439453	16.637682
-32.547194	-23.613749	722.628906	18.019876
-32.547194	-23.613749	720.818359	22.173042
-32.547194	-23.613749	719.005859	19.396803
-32.547194	-23.613749	717.195313	20.777353
-32.547194	-23.613749	715.382813	12.463449
-32.547194	-23.613749	713.568359	16.613983
-32.547194	-23.613749	711.755859	17.994204
-32.547194	-23.613749	709.941406	17.989927
-32.547194	-23.613749	708.126953	24.903206
-32.547194	-23.613749	706.312500	17.981373
-32.547194	-23.613749	704.498047	20.742804
-32.547194	-23.613749	702.681641	22.120394
-32.547194	-23.613749	700.867188	9.675369
-32.547194	-23.613749	699.050781	17.964268
-32.547194	-23.613749	697.232422	12.433842
-32.547194	-23.613749	695.416016	16.574509
-32.547194	-23.613749	693.597656	17.951443
-32.547194	-23.613749	691.779297	16.566618
-32.547194	-23.613749	689.960938	13.802227
-32.547194	-23.613749	688.142578	13.798940
-32.547194	-23.613749	686.324219	15.175218
-32.547194	-23.613749	684.503906	16.550838
-32.547194	-23.613749	682.683594	22.062527
-32.547194	-23.613749	680.863281	16.542952
-32.547194	-23.613749	679.041016	19.295509
-32.547194	-23.613749	677.218750	12.401299
-32.547194	-23.613749	675.398438	16.531122
-32.547194	-23.613749	673.576172	20.658976
-32.547194	-23.613749	671.751953	15.146302
-32.547194	-23.613749	669.929688	15.142690
-32.547194	-23.613749	668.105469	20.644196
-32.547194	-23.613749	666.281250	15.135465
-32.547194	-23.613749	664.457031	17.883099
-32.547194	-23.613749	662.630859	17.878830
-32.547194	-23.613749	660.806641	20.624495
-32.547194	-23.613749	658.980469	21.994207
-32.547194	-23.613749	657.154297	17.866026
-32.547194	-23.613749	655.326172	24.731667
-32.547194	-23.613749	653.500000	20.604799
-32.547194	-23.613749	651.671875	21.973202
-32.547194	-23.613749	649.843750	23.340948
-32.547194	-23.613749	648.015625	21.962702
-32.547194	-23.613749	646.185547	17.840429
-32.547194	-23.613749	644.357422	21.952204
-32.547194	-23.613749	642.527344	30.177063
-32.547194	-23.613749	640.697266	31.541204
-32.547194	-23.613749	638.865234	23.307489
-32.547194	-23.613749	637.035156	30.155418
-32.547194	-23.613749	635.203125	28.777832
-32.547194	-23.613749	633.371094	23.290766
-32.547194	-23.613749	631.539063	31.503496
-32.547194	-23.613749	629.705078	36.973515
-32.547194	-23.613749	627.873047	23.274048
-32.547194	-23.613749	626.039063	26.005945
-32.547194	-23.613749	624.203125	31.473345
-32.547194	-23.613749	622.369141	30.097729
-32.547194	-23.613749	620.535156	21.884016
-32.547194	-23.613749	618.699219	36.920429
-32.547194	-23.613749	616.863281	32.810299
-32.547194	-23.613749	615.025391	28.702133
-32.547194	-23.613749	613.189453	24.595934
-32.547194	-23.613749	611.351563	34.152832
-32.547194	-23.613749	609.513672	31.413074
-32.547194	-23.613749	607.675781	28.674627
-32.547194	-23.613749	605.837891	28.667751
-32.547194	-23.613749	603.998047	30.025682
-32.547194	-23.613749	602.158203	24.560575
-32.547194	-23.613749	600.318359	24.554686
-32.547194	-23.613749	598.478516	31.367905
-32.547194	-23.613749	596.636719	20.452421
-32.547194	-23.613749	594.796875	28.626518
-32.547194	-23.613749	592.955078	12.265564
-32.547194	-23.613749	591.111328	21.800213
-32.547194	-23.613749	589.269531	17.708422
-32.547194	-23.613749	587.425781	28.599045
-32.547194	-23.613749	585.583984	25.869114
-32.547194	-23.613749	583.738281	24.501698
-32.547194	-23.613749	581.894531	27.217569
-32.547194	-23.613749	580.050781	21.768826
-32.547194	-23.613749	578.205078	16.322697
-32.547194	-23.613749	576.359375	20.398470
-32.547194	-23.613749	574.513672	13.595712
-32.547194	-23.613749	572.666016	21.747911
-32.547194	-23.613749	570.818359	28.537273
-32.547194	-23.613749	568.970703	21.737459
-32.547194	-23.613749	567.123047	21.732233
-32.547194	-23.613749	565.275391	23.084946
-32.547194	-23.613749	563.425781	20.364172
-32.547194	-23.613749	561.576172	20.359274
-32.547194	-23.613749	559.726563	25.782211
-32.547194	-23.613749	557.876953	20.349482
-32.547194	-23.613749	556.027344	20.344585
-32.547194	-23.613749	554.175781	27.119587
-32.547194	-23.613749	552.324219	23.046103
-32.547194	-23.613749	550.472656	20.329903
-32.547194	-23.613749	548.619141	20.325008
-32.547194	-23.613749	546.767578	16.256094
-32.547194	-23.613749	544.914063	20.315224
-32.547194	-23.613749	543.060547	29.788488
-32.547194	-23.613749	541.205078	27.073923
-32.547194	-23.613749	539.351563	28.420773
-32.547194	-23.613749	537.496094	40.591324
-32.547194	-23.613749	535.640625	37.876110
-32.547194	-23.613749	533.785156	43.276554
-32.547194	-23.613749	531.927734	44.618195
-32.547194	-23.613749	530.070313	60.828331
-32.547194	-23.613749	528.212891	67.570747
-32.547194	-23.613749	526.355469	120.246941
-32.547194	-23.613749	524.498047	176.950027
-32.547194	-23.613749	522.638672	405.131378
-32.547194	-23.613749	520.779297	589.999084
-32.547194	-23.613749	518.919922	498.071320
-32.547194	-23.613749	517.060547	242.903030
-32.547194	-23.613749	515.199219	129.517029
-32.547194	-23.613749	513.339844	82.277435
-32.547194	-23.613749	511.478516	76.863647
-32.547194	-23.613749	509.615234	68.756142
-32.547194	-23.613749	507.753906	75.478722
-32.547194	-23.613749	505.890625	63.332928
-32.547194	-23.613749	504.027344	51.192989
-32.547194	-23.613749	502.164063	52.527493
-32.547194	-23.613749	500.300781	59.247482
-32.547194	-23.613749	498.435547	65.964226
-32.547194	-23.613749	496.570313	63.256531
-32.547194	-23.613749	494.705078	60.550140
-32.547194	-23.613749	492.839844	64.571220
-32.547194	-23.613749	490.972656	49.761627
-32.547194	-23.613749	489.107422	61.850864
-32.547194	-23.613749	487.240234	51.081852
-32.547194	-23.613749	485.371094	40.318035
-32.547194	-23.613749	483.503906	44.339123
-32.547194	-23.613749	481.634766	38.955269
-32.547194	-23.613749	479.765625	34.916973
-32.547194	-23.613749	477.896484	36.251171
-32.547194	-23.613749	476.027344	38.927032
-32.547194	-23.613749	474.156250	33.549675
-32.547194	-23.613749	472.285156	22.808266
-32.547194	-23.613749	470.414063	34.874798
-32.547194	-23.613749	468.542969	25.479267
-32.547194	-23.613749	466.669922	36.198624
-32.547194	-23.613749	464.796875	30.828407
-32.547194	-23.613749	462.923828	24.120745
-32.547194	-23.613749	461.050781	26.794346
-32.547194	-23.613749	459.177734	26.787865
-32.547194	-23.613749	457.302734	26.781385
-32.547194	-23.613749	455.427734	32.129887
-32.547194	-23.613749	453.552734	28.106848
-32.547194	-23.613749	451.675781	28.100048
-32.547194	-23.613749	449.800781	24.079927
-32.547194	-23.613749	447.923828	22.736649
-32.547194	-23.613749	446.046875	28.079651
-32.547194	-23.613749	444.169922	29.409657
-32.547194	-23.613749	442.291016	30.739017
-32.547194	-23.613749	440.412109	26.723108
-32.547194	-23.613749	438.533203	30.724134
-32.547194	-23.613749	436.654297	21.368135
-32.547194	-23.613749	434.773438	17.357407
-32.547194	-23.613749	432.894531	26.697235
-32.547194	-23.613749	431.013672	21.352617
-32.547194	-23.613749	429.130859	22.681660
-32.547194	-23.613749	427.250000	26.677843
-32.547194	-23.613749	425.367188	21.337105
-32.547194	-23.613749	423.484375	18.665443
-32.547194	-23.613749	421.601563	23.992613
-32.547194	-23.613749	419.718750	29.317200
-32.547194	-23.613749	417.833984	23.980988
-32.547194	-23.613749	415.949219	22.643221
-32.547194	-23.613749	414.064453	27.964260
-32.547194	-23.613749	412.179688	21.300940
-32.547194	-23.613749	410.294922	26.619720
-32.547194	-23.613749	408.408203	30.605257
-32.547194	-23.613749	406.521484	27.937157
-32.547194	-23.613749	404.634766	30.590420
-32.547194	-23.613749	402.746094	43.879963
-32.547194	-23.613749	400.857422	58.492432
-32.547194	-23.613749	398.968750	82.401169
-32.547194	-23.613749	397.080078	102.312119
-32.547194	-23.613749	395.191406	106.272522
-32.547194	-23.613749	393.300781	88.981651
-32.547194	-23.613749	391.410156	77.010216
-32.547194	-23.613749	389.519531	65.044571
-32.547194	-23.613749	387.628906	47.776257
-32.547194	-23.613749	385.736328	51.745056
-32.547194	-23.613749	383.843750	50.406029
-32.547194	-23.613749	381.951172	50.393799
-32.547194	-23.613749	380.058594	54.359066
-32.547194	-23.613749	378.164063	62.298931
-32.547194	-23.613749	376.271484	72.885315
-32.547194	-23.613749	374.376953	105.989273
-32.547194	-23.613749	372.480469	76.823578
-32.547194	-23.613749	370.585938	60.914253
-32.547194	-23.613749	368.689453	48.984356
-32.547194	-23.613749	366.792969	46.325306
-32.547194	-23.613749	364.896484	48.960579
-32.547194	-23.613749	363.000000	54.240444
-32.547194	-23.613749	361.101563	68.776062
-32.547194	-23.613749	359.203125	54.214115
-32.547194	-23.613749	357.304688	60.810825
-32.547194	-23.613749	355.406250	54.187794
-32.547194	-23.613749	353.505859	55.495968
-32.547194	-23.613749	351.605469	63.408562
-32.547194	-23.613749	349.705078	52.827637
-32.547194	-23.613749	347.804688	52.814808
-32.547194	-23.613749	345.902344	48.841835
-32.547194	-23.613749	344.001953	51.469429
-32.547194	-23.613749	342.099609	56.734562
-32.547194	-23.613749	340.195313	46.168079
-32.547194	-23.613749	338.292969	56.707008
-32.547194	-23.613749	336.388672	39.553417
-32.547194	-23.613749	334.484375	32.953175
-32.547194	-23.613749	332.580078	40.852013
-32.547194	-23.613749	330.675781	34.254654
-32.547194	-23.613749	328.769531	28.977665
-32.547194	-23.613749	326.863281	36.871704
-32.547194	-23.613749	324.957031	36.862747
-32.547194	-23.613749	323.048828	27.640343
-32.547194	-23.613749	321.142578	30.265400
-32.547194	-23.613749	319.234375	28.942480
-32.547194	-23.613749	317.326172	31.565943
-32.547194	-23.613749	315.417969	38.132912
-32.547194	-23.613749	313.507813	39.438251
-32.547194	-23.613749	311.597656	48.628693
-32.547194	-23.613749	309.687500	86.721992
-32.547194	-23.613749	307.777344	69.623466
-32.547194	-23.613749	305.865234	40.713261
-32.547194	-23.613749	303.955078	31.512283
-32.547194	-23.613749	302.042969	31.504623
-32.547194	-23.613749	300.128906	38.058834
-32.547194	-23.613749	298.216797	35.425476
-32.547194	-23.613749	296.302734	28.858187
-32.547194	-23.613749	294.388672	41.965340
-32.547194	-23.613749	292.474609	36.710747
-32.547194	-23.613749	290.560547	44.566502
-32.547194	-23.613749	288.644531	43.245205
-32.547194	-23.613749	286.728516	48.475262
-32.547194	-23.613749	284.812500	49.773300
-32.547194	-23.613749	282.896484	54.999222
-32.547194	-23.613749	280.978516	43.203171
-32.547194	-23.613749	279.060547	62.825699
-32.547194	-23.613749	277.142578	49.724918
-32.547194	-23.613749	275.224609	56.253990
-32.547194	-23.613749	273.304688	62.779888
-32.547194	-23.613749	271.384766	74.532990
-32.547194	-23.613749	269.464844	88.894936
-32.547194	-23.613749	267.544922	111.091652
-32.547194	-23.613749	265.623047	134.584213
-32.547194	-23.613749	263.703125	207.705704
-32.547194	-23.613749	261.781250	304.299744
-32.547194	-23.613749	259.857422	394.318390
-32.547194	-23.613749	257.935547	409.886963
-32.547194	-23.613749	256.011719	364.110382
-32.547194	-23.613749	254.087891	441.001404
-32.547194	-23.613749	252.164063	1175.282959
-32.547194	-23.613749	250.240234	2483.012939
-32.547194	-23.613749	248.314453	1766.630493
-32.547194	-23.613749	246.388672	701.266541
-32.547194	-23.613749	244.462891	357.063751
-32.547194	-23.613749	242.535156	257.961456
-32.547194	-23.613749	240.609375	199.285370
-32.547194	-23.613749	238.681641	171.890671
-32.547194	-23.613749	236.753906	141.905518
-32.547194	-23.613749	234.824219	109.331795
-32.547194	-23.613749	232.896484	93.690178
-32.547194	-23.613749	230.966797	106.676758
-32.547194	-23.613749	229.037109	92.344002
-32.547194	-23.613749	227.107422	83.219429
-32.547194	-23.613749	225.175781	85.799171
-32.547194	-23.613749	223.244141	85.778313
-32.547194	-23.613749	221.312500	89.655518
-32.547194	-23.613749	219.380859	98.726997
-32.547194	-23.613749	217.447266	81.819588
-32.547194	-23.613749	215.515625	72.710838
-32.547194	-23.613749	213.582031	58.414150
-32.547194	-23.613749	211.646484	75.271042
-32.547194	-23.613749	209.712891	73.955284
-32.547194	-23.613749	207.777344	63.560139
-32.547194	-23.613749	205.841797	46.685894
-32.547194	-23.613749	203.906250	44.081512
-32.547194	-23.613749	201.968750	29.812599
-32.547194	-23.613749	200.033203	33.693005
-32.547194	-23.613749	198.095703	29.798107
-32.547194	-23.613749	196.158203	19.428823
-32.547194	-23.613749	194.218750	23.308922
-32.547194	-23.613749	192.281250	22.008631
-32.547194	-23.613749	190.341797	27.180525
-32.547194	-23.613749	188.402344	23.291929
-32.547194	-23.613749	186.460938	27.167313
-32.547194	-23.613749	184.521484	21.987242
-32.547194	-23.613749	182.580078	24.568003
-32.547194	-23.613749	180.638672	18.098339
-32.547194	-23.613749	178.695313	16.801517
-32.547194	-23.613749	176.753906	25.842207
-32.547194	-23.613749	174.810547	23.252335
-32.547194	-23.613749	172.867188	24.538166
-32.547194	-23.613749	170.921875	25.823372
-32.547194	-23.613749	168.978516	25.817099
-32.547194	-23.613749	167.033203	27.101366
-32.547194	-23.613749	165.087891	24.514326
-32.547194	-23.613749	163.142578	20.638628
-32.547194	-23.613749	161.195313	19.344013
-32.547194	-23.613749	159.248047	23.207176
-32.547194	-23.613749	157.300781	32.224358
-32.547194	-23.613749	155.353516	41.237160
-32.547194	-23.613749	153.406250	37.362099
-32.547194	-23.613749	151.457031	41.217129
-32.547194	-23.613749	149.507813	45.070286
-32.547194	-23.613749	147.558594	33.472652
-32.547194	-23.613749	145.607422	39.900009
-32.547194	-23.613749	143.658203	48.897812
-32.547194	-23.613749	141.707031	65.610069
-32.547194	-23.613749	139.753906	70.738777
-32.547194	-23.613749	137.802734	70.721603
-32.547194	-23.613749	135.849609	65.562294
-32.547194	-23.613749	133.896484	56.549812
-32.547194	-23.613749	131.943359	51.396439
-32.547194	-23.613749	129.990234	51.383965
-32.547194	-23.613749	128.035156	50.087200
-32.547194	-23.613749	126.080078	47.507092
-32.547194	-23.613749	124.125000	38.509914
-32.547194	-23.613749	122.169922	53.900795
-32.547194	-23.613749	120.212891	56.453796
-32.547194	-23.613749	118.255859	65.419205
-32.547194	-23.613749	116.298828	58.991238
-32.547194	-23.613749	114.341797	58.976921
-32.547194	-23.613749	112.382813	48.708244
-32.547194	-23.613749	110.423828	25.629700
-32.547194	-23.613749	108.464844	29.467003
-32.547194	-23.613749	106.505859	23.055538
-32.547194	-23.613749	104.544922	17.927736
-32.547194	-23.613749	102.585938	14.082662
-32.547194	-23.613749	100.625000	7.679589
-32.547194	-23.613749	98.662109	5.118484
-32.547194	-23.613749	96.701172	2.558621
-32.547194	-23.613749	94.738281	2.558001
-32.547194	-23.613749	92.775391	1.278690
-32.547194	-23.613749	90.812500	3.835141
-32.547194	-23.613749	88.847656	0.000000
-32.547194	-23.613749	86.882813	0.000000
-32.547194	-23.613749	84.917969	2.554902
-32.547194	-23.613749	82.953125	1.277141
-32.547194	-23.613749	80.988281	2.553664
-32.547194	-23.613749	79.021484	0.000000
-32.547194	-23.613749	77.054688	-2.552426
-32.547194	-23.613749	75.087891	1.275904
-32.547194	-23.613749	73.119141	-2.551189
-32.547194	-23.613749	71.152344	0.000000
-32.547194	-23.613749	69.183594	0.000000
-32.547194	-23.613749	67.212891	0.000000
-32.547194	-23.613749	65.244141	-2.548719
-32.547194	-23.613749	63.273438	1.274051
-32.547194	-23.613749	61.302734	1.273742
-32.547194	-23.613749	59.332031	-1.273434
-29.547194	-23.613749	1838.626953	16.071486
-29.547194	-23.613749	1837.066406	17.678635
-29.547194	-23.613749	1835.503906	24.102098
-29.547194	-23.613749	1833.941406	28.916365
-29.547194	-23.613749	1832.378906	27.304089
-29.547194	-23.613749	1830.816406	19.269373
-29.547194	-23.613749	1829.251953	22.476151
-29.547194	-23.613749	1827.687500	19.261173
-29.547194	-23.613749	1826.125000	30.490366
-29.547194	-23.613749	1824.560547	22.461803
-29.547194	-23.613749	1822.994141	17.644804
-29.547194	-23.613749	1821.429688	19.244781
-29.547194	-23.613749	1819.865234	20.844076
-29.547194	-23.613749	1818.298828	19.236589
-29.547194	-23.613749	1816.732422	12.821664
-29.547194	-23.613749	1815.166016	22.433136
-29.547194	-23.613749	1813.599609	19.224310
-29.547194	-23.613749	1812.033203	24.025270
-29.547194	-23.613749	1810.464844	24.020157
-29.547194	-23.613749	1808.896484	24.015043
-29.547194	-23.613749	1807.330078	20.808607
-29.547194	-23.613749	1805.759766	24.004820
-29.547194	-23.613749	1804.191406	27.199671
-29.547194	-23.613749	1802.623047	11.197480
-29.547194	-23.613749	1801.052734	25.588791
-29.547194	-23.613749	1799.484375	15.989589
-29.547194	-23.613749	1797.914063	19.183422
-29.547194	-23.613749	1796.343750	12.786224
-29.547194	-23.613749	1794.771484	22.371128
-29.547194	-23.613749	1793.201172	19.171169
-29.547194	-23.613749	1791.628906	28.750629
-29.547194	-23.613749	1790.058594	19.163004
-29.547194	-23.613749	1788.486328	23.948654
-29.547194	-23.613749	1786.914063	27.136026
-29.547194	-23.613749	1785.339844	23.938454
-29.547194	-23.613749	1783.767578	11.168899
-29.547194	-23.613749	1782.193359	22.333038
-29.547194	-23.613749	1780.621094	19.138527
-29.547194	-23.613749	1779.046875	22.323524
-29.547194	-23.613749	1777.470703	30.289757
-29.547194	-23.613749	1775.896484	17.532440
-29.547194	-23.613749	1774.322266	22.309259
-29.547194	-23.613749	1772.746094	22.304506
-29.547194	-23.613749	1771.169922	30.263950
-29.547194	-23.613749	1769.593750	23.887501
-29.547194	-23.613749	1768.017578	20.698090
-29.547194	-23.613749	1766.441406	17.510035
-29.547194	-23.613749	1764.863281	15.914821
-29.547194	-23.613749	1763.287109	15.911428
-29.547194	-23.613749	1761.708984	27.043663
-29.547194	-23.613749	1760.130859	23.856970
-29.547194	-23.613749	1758.552734	19.081507
-29.547194	-23.613749	1756.972656	20.667225
-29.547194	-23.613749	1755.394531	25.431162
-29.547194	-23.613749	1753.814453	23.836630
-29.547194	-23.613749	1752.234375	23.831547
-29.547194	-23.613749	1750.654297	19.061172
-29.547194	-23.613749	1749.074219	19.057108
-29.547194	-23.613749	1747.492188	17.465290
-29.547194	-23.613749	1745.912109	23.811224
-29.547194	-23.613749	1744.330078	31.741528
-29.547194	-23.613749	1742.748047	20.627592
-29.547194	-23.613749	1741.166016	23.795990
-29.547194	-23.613749	1739.583984	17.446669
-29.547194	-23.613749	1738.000000	15.857224
-29.547194	-23.613749	1736.417969	19.024609
-29.547194	-23.613749	1734.833984	28.530825
-29.547194	-23.613749	1733.250000	15.847075
-29.547194	-23.613749	1731.666016	30.103018
-29.547194	-23.613749	1730.082031	12.672250
-29.547194	-23.613749	1728.496094	19.004316
-29.547194	-23.613749	1726.912109	28.500391
-29.547194	-23.613749	1725.326172	22.162239
-29.547194	-23.613749	1723.740234	26.905544
-29.547194	-23.613749	1722.154297	26.899799
-29.547194	-23.613749	1720.566406	26.894054
-29.547194	-23.613749	1718.980469	26.888311
-29.547194	-23.613749	1717.392578	14.231949
-29.547194	-23.613749	1715.804688	25.295839
-29.547194	-23.613749	1714.216797	20.548479
-29.547194	-23.613749	1712.628906	15.803145
-29.547194	-23.613749	1711.041016	26.859608
-29.547194	-23.613749	1709.451172	22.114952
-29.547194	-23.613749	1707.861328	18.951622
-29.547194	-23.613749	1706.271484	14.210680
-29.547194	-23.613749	1704.681641	12.629016
-29.547194	-23.613749	1703.091797	14.204606
-29.547194	-23.613749	1701.501953	23.669285
-29.547194	-23.613749	1699.910156	29.974684
-29.547194	-23.613749	1698.318359	22.081888
-29.547194	-23.613749	1696.726563	22.077168
-29.547194	-23.613749	1695.134766	18.919239
-29.547194	-23.613749	1693.542969	18.915194
-29.547194	-23.613749	1691.949219	12.607433
-29.547194	-23.613749	1690.357422	22.058289
-29.547194	-23.613749	1688.763672	18.903061
-29.547194	-23.613749	1687.169922	15.749181
-29.547194	-23.613749	1685.576172	17.320393
-29.547194	-23.613749	1683.982422	23.613665
-29.547194	-23.613749	1682.386719	17.312983
-29.547194	-23.613749	1680.791016	26.750702
-29.547194	-23.613749	1679.195313	17.305573
-29.547194	-23.613749	1677.599609	25.166355
-29.547194	-23.613749	1676.003906	17.298164
-29.547194	-23.613749	1674.408203	28.300030
-29.547194	-23.613749	1672.810547	22.006422
-29.547194	-23.613749	1671.214844	20.430159
-29.547194	-23.613749	1669.617188	18.854570
-29.547194	-23.613749	1668.019531	12.567021
-29.547194	-23.613749	1666.419922	26.699200
-29.547194	-23.613749	1664.822266	29.833891
-29.547194	-23.613749	1663.222656	28.257631
-29.547194	-23.613749	1661.623047	23.542980
-29.547194	-23.613749	1660.023438	20.399546
-29.547194	-23.613749	1658.423828	23.532892
-29.547194	-23.613749	1656.824219	23.527849
-29.547194	-23.613749	1655.222656	12.545497
-29.547194	-23.613749	1653.623047	29.789167
-29.547194	-23.613749	1652.021484	21.945208
-29.547194	-23.613749	1650.419922	21.940502
-29.547194	-23.613749	1648.818359	15.668427
-29.547194	-23.613749	1647.214844	25.064106
-29.547194	-23.613749	1645.613281	23.492559
-29.547194	-23.613749	1644.009766	17.224182
-29.547194	-23.613749	1642.406250	21.916983
-29.547194	-23.613749	1640.802734	17.216791
-29.547194	-23.613749	1639.199219	23.472406
-29.547194	-23.613749	1637.593750	21.902878
-29.547194	-23.613749	1635.990234	21.898176
-29.547194	-23.613749	1634.384766	23.457296
-29.547194	-23.613749	1632.779297	15.634840
-29.547194	-23.613749	1631.173828	25.010374
-29.547194	-23.613749	1629.568359	18.753752
-29.547194	-23.613749	1627.960938	15.624771
-29.547194	-23.613749	1626.353516	15.621415
-29.547194	-23.613749	1624.748047	18.741673
-29.547194	-23.613749	1623.140625	15.614705
-29.547194	-23.613749	1621.531250	17.172485
-29.547194	-23.613749	1619.923828	29.655191
-29.547194	-23.613749	1618.314453	26.527889
-29.547194	-23.613749	1616.707031	21.841803
-29.547194	-23.613749	1615.097656	20.277313
-29.547194	-23.613749	1613.488281	17.154039
-29.547194	-23.613749	1611.878906	26.505087
-29.547194	-23.613749	1610.267578	24.940599
-29.547194	-23.613749	1608.656250	18.701427
-29.547194	-23.613749	1607.046875	17.139288
-29.547194	-23.613749	1605.435547	14.020037
-29.547194	-23.613749	1603.824219	18.689362
-29.547194	-23.613749	1602.210938	12.456893
-29.547194	-23.613749	1600.599609	15.567765
-29.547194	-23.613749	1598.986328	14.007973
-29.547194	-23.613749	1597.373047	7.780532
-29.547194	-23.613749	1595.759766	20.225029
-29.547194	-23.613749	1594.146484	18.665237
-29.547194	-23.613749	1592.533203	23.326523
-29.547194	-23.613749	1590.917969	27.985798
-29.547194	-23.613749	1589.302734	29.534203
-29.547194	-23.613749	1587.687500	15.540969
-29.547194	-23.613749	1586.072266	21.752668
-29.547194	-23.613749	1584.457031	17.087700
-29.547194	-23.613749	1582.839844	27.955664
-29.547194	-23.613749	1581.224609	17.080334
-29.547194	-23.613749	1579.607422	9.314538
-29.547194	-23.613749	1577.990234	18.625059
-29.547194	-23.613749	1576.373047	20.172796
-29.547194	-23.613749	1574.755859	26.374121
-29.547194	-23.613749	1573.136719	13.959759
-29.547194	-23.613749	1571.517578	17.058247
-29.547194	-23.613749	1569.898438	20.155397
-29.547194	-23.613749	1568.279297	17.050886
-29.547194	-23.613749	1566.660156	17.047207
-29.547194	-23.613749	1565.041016	20.142351
-29.547194	-23.613749	1563.419922	21.687078
-29.547194	-23.613749	1561.798828	17.036169
-29.547194	-23.613749	1560.177734	20.129307
-29.547194	-23.613749	1558.556641	18.576885
-29.547194	-23.613749	1556.935547	20.120613
-29.547194	-23.613749	1555.312500	21.663671
-29.547194	-23.613749	1553.691406	17.017778
-29.547194	-23.613749	1552.068359	18.560839
-29.547194	-23.613749	1550.445313	23.196033
-29.547194	-23.613749	1548.822266	17.006748
-29.547194	-23.613749	1547.197266	24.731739
-29.547194	-23.613749	1545.574219	27.817192
-29.547194	-23.613749	1543.949219	30.901306
-29.547194	-23.613749	1542.324219	20.081505
-29.547194	-23.613749	1540.699219	20.077162
-29.547194	-23.613749	1539.072266	18.528755
-29.547194	-23.613749	1537.447266	16.981016
-29.547194	-23.613749	1535.820313	26.237711
-29.547194	-23.613749	1534.193359	23.145910
-29.547194	-23.613749	1532.566406	16.969994
-29.547194	-23.613749	1530.939453	18.508711
-29.547194	-23.613749	1529.312500	23.130880
-29.547194	-23.613749	1527.683594	12.333797
-29.547194	-23.613749	1526.056641	18.496689
-29.547194	-23.613749	1524.427734	18.492682
-29.547194	-23.613749	1522.798828	16.947952
-29.547194	-23.613749	1521.167969	18.484669
-29.547194	-23.613749	1519.539063	21.560772
-29.547194	-23.613749	1517.908203	18.476656
-29.547194	-23.613749	1516.277344	20.012037
-29.547194	-23.613749	1514.646484	21.546751
-29.547194	-23.613749	1513.015625	24.619518
-29.547194	-23.613749	1511.384766	19.999020
-29.547194	-23.613749	1509.751953	19.994680
-29.547194	-23.613749	1508.121094	19.990343
-29.547194	-23.613749	1506.488281	35.359856
-29.547194	-23.613749	1504.855469	18.444614
-29.547194	-23.613749	1503.220703	19.977329
-29.547194	-23.613749	1501.587891	19.972992
-29.547194	-23.613749	1499.953125	18.432604
-29.547194	-23.613749	1498.318359	21.500034
-29.547194	-23.613749	1496.683594	19.959980
-29.547194	-23.613749	1495.048828	13.815446
-29.547194	-23.613749	1493.414063	10.743011
-29.547194	-23.613749	1491.777344	19.946972
-29.547194	-23.613749	1490.140625	15.340488
-29.547194	-23.613749	1488.505859	21.472015
-29.547194	-23.613749	1486.867188	27.600874
-29.547194	-23.613749	1485.230469	18.396582
-29.547194	-23.613749	1483.593750	19.925295
-29.547194	-23.613749	1481.955078	16.856197
-29.547194	-23.613749	1480.316406	15.320481
-29.547194	-23.613749	1478.677734	10.722003
-29.547194	-23.613749	1477.039063	18.376575
-29.547194	-23.613749	1475.400391	18.372576
-29.547194	-23.613749	1473.759766	22.960718
-29.547194	-23.613749	1472.119141	21.425337
-29.547194	-23.613749	1470.478516	22.950718
-29.547194	-23.613749	1468.837891	22.945719
-29.547194	-23.613749	1467.197266	15.293813
-29.547194	-23.613749	1465.556641	15.290481
-29.547194	-23.613749	1463.914063	18.344578
-29.547194	-23.613749	1462.271484	21.397341
-29.547194	-23.613749	1460.628906	13.752435
-29.547194	-23.613749	1458.986328	13.749435
-29.547194	-23.613749	1457.343750	24.438110
-29.547194	-23.613749	1455.699219	18.324585
-29.547194	-23.613749	1454.054688	19.847301
-29.547194	-23.613749	1452.410156	16.790205
-29.547194	-23.613749	1450.765625	13.734443
-29.547194	-23.613749	1449.121094	24.411457
-29.547194	-23.613749	1447.474609	24.406128
-29.547194	-23.613749	1445.830078	19.825647
-29.547194	-23.613749	1444.183594	22.870752
-29.547194	-23.613749	1442.537109	19.816988
-29.547194	-23.613749	1440.890625	19.812658
-29.547194	-23.613749	1439.242188	21.332047
-29.547194	-23.613749	1437.595703	22.850769
-29.547194	-23.613749	1435.947266	18.276619
-29.547194	-23.613749	1434.298828	12.181748
-29.547194	-23.613749	1432.650391	22.835783
-29.547194	-23.613749	1431.000000	16.742579
-29.547194	-23.613749	1429.351563	12.173757
-29.547194	-23.613749	1427.701172	16.735252
-29.547194	-23.613749	1426.050781	16.731590
-29.547194	-23.613749	1424.400391	28.893694
-29.547194	-23.613749	1422.750000	19.765041
-29.547194	-23.613749	1421.097656	22.800823
-29.547194	-23.613749	1419.447266	19.756386
-29.547194	-23.613749	1417.794922	18.232670
-29.547194	-23.613749	1416.142578	13.671507
-29.547194	-23.613749	1414.490234	18.224682
-29.547194	-23.613749	1412.835938	18.220686
-29.547194	-23.613749	1411.183594	15.180577
-29.547194	-23.613749	1409.529297	31.872223
-29.547194	-23.613749	1407.875000	18.208706
-29.547194	-23.613749	1406.220703	22.755890
-29.547194	-23.613749	1404.566406	24.267624
-29.547194	-23.613749	1402.910156	24.262300
-29.547194	-23.613749	1401.255859	19.708792
-29.547194	-23.613749	1399.599609	21.220196
-29.547194	-23.613749	1397.943359	22.730932
-29.547194	-23.613749	1396.287109	25.756067
-29.547194	-23.613749	1394.628906	24.235680
-29.547194	-23.613749	1392.970703	33.316742
-29.547194	-23.613749	1391.314453	22.710968
-29.547194	-23.613749	1389.656250	12.109856
-29.547194	-23.613749	1387.998047	13.620593
-29.547194	-23.613749	1386.337891	18.156799
-29.547194	-23.613749	1384.679688	18.152807
-29.547194	-23.613749	1383.019531	12.099210
-29.547194	-23.613749	1381.359375	18.144823
-29.547194	-23.613749	1379.699219	16.629095
-29.547194	-23.613749	1378.039063	21.159647
-29.547194	-23.613749	1376.376953	21.154989
-29.547194	-23.613749	1374.716797	21.150333
-29.547194	-23.613749	1373.054688	19.635271
-29.547194	-23.613749	1371.392578	19.630949
-29.547194	-23.613749	1369.728516	21.136366
-29.547194	-23.613749	1368.066406	18.112894
-29.547194	-23.613749	1366.402344	16.599827
-29.547194	-23.613749	1364.740234	19.613655
-29.547194	-23.613749	1363.076172	16.592512
-29.547194	-23.613749	1361.412109	21.113087
-29.547194	-23.613749	1359.746094	19.600687
-29.547194	-23.613749	1358.082031	18.088951
-29.547194	-23.613749	1356.416016	19.592041
-29.547194	-23.613749	1354.750000	27.121456
-29.547194	-23.613749	1353.083984	18.076981
-29.547194	-23.613749	1351.417969	19.579073
-29.547194	-23.613749	1349.750000	21.080502
-29.547194	-23.613749	1348.083984	24.086683
-29.547194	-23.613749	1346.416016	18.061022
-29.547194	-23.613749	1344.748047	19.561787
-29.547194	-23.613749	1343.078125	15.044203
-29.547194	-23.613749	1341.410156	18.049055
-29.547194	-23.613749	1339.740234	30.075109
-29.547194	-23.613749	1338.072266	24.054770
-29.547194	-23.613749	1336.402344	22.546360
-29.547194	-23.613749	1334.730469	25.546890
-29.547194	-23.613749	1333.060547	15.024259
-29.547194	-23.613749	1331.388672	21.029308
-29.547194	-23.613749	1329.718750	18.021133
-29.547194	-23.613749	1328.046875	13.512858
-29.547194	-23.613749	1326.375000	15.010963
-29.547194	-23.613749	1324.701172	19.509932
-29.547194	-23.613749	1323.029297	19.505611
-29.547194	-23.613749	1321.355469	21.001390
-29.547194	-23.613749	1319.681641	14.997669
-29.547194	-23.613749	1318.007813	22.491520
-29.547194	-23.613749	1316.333984	11.992818
-29.547194	-23.613749	1314.660156	20.982780
-29.547194	-23.613749	1312.984375	25.473440
-29.547194	-23.613749	1311.308594	28.464003
-29.547194	-23.613749	1309.632813	22.466597
-29.547194	-23.613749	1307.957031	19.466730
-29.547194	-23.613749	1306.279297	20.959518
-29.547194	-23.613749	1304.603516	19.458090
-29.547194	-23.613749	1302.925781	23.943104
-29.547194	-23.613749	1301.248047	17.953341
-29.547194	-23.613749	1299.570313	19.445133
-29.547194	-23.613749	1297.892578	17.945366
-29.547194	-23.613749	1296.212891	19.436495
-29.547194	-23.613749	1294.533203	19.432175
-29.547194	-23.613749	1292.853516	20.922306
-29.547194	-23.613749	1291.173828	17.929419
-29.547194	-23.613749	1289.494141	17.925432
-29.547194	-23.613749	1287.812500	13.441084
-29.547194	-23.613749	1286.132813	25.383066
-29.547194	-23.613749	1284.451172	25.377419
-29.547194	-23.613749	1282.769531	20.894400
-29.547194	-23.613749	1281.085938	17.905500
-29.547194	-23.613749	1279.404297	11.934342
-29.547194	-23.613749	1277.720703	17.897528
-29.547194	-23.613749	1276.039063	14.911284
-29.547194	-23.613749	1274.355469	19.380352
-29.547194	-23.613749	1272.669922	22.356960
-29.547194	-23.613749	1270.986328	22.351978
-29.547194	-23.613749	1269.300781	17.877598
-29.547194	-23.613749	1267.615234	16.384144
-29.547194	-23.613749	1265.929688	19.358761
-29.547194	-23.613749	1264.244141	17.865641
-29.547194	-23.613749	1262.558594	20.838596
-29.547194	-23.613749	1260.871094	22.322086
-29.547194	-23.613749	1259.185547	22.317104
-29.547194	-23.613749	1257.498047	19.337172
-29.547194	-23.613749	1255.808594	14.871427
-29.547194	-23.613749	1254.121094	20.815348
-29.547194	-23.613749	1252.433594	20.810699
-29.547194	-23.613749	1250.744141	22.292196
-29.547194	-23.613749	1249.054688	19.315586
-29.547194	-23.613749	1247.365234	19.311268
-29.547194	-23.613749	1245.673828	16.336651
-29.547194	-23.613749	1243.984375	17.817816
-29.547194	-23.613749	1242.292969	16.329346
-29.547194	-23.613749	1240.601563	23.746462
-29.547194	-23.613749	1238.910156	25.224970
-29.547194	-23.613749	1237.218750	19.285366
-29.547194	-23.613749	1235.525391	17.797892
-29.547194	-23.613749	1233.833984	19.276733
-29.547194	-23.613749	1232.140625	17.789923
-29.547194	-23.613749	1230.447266	20.750261
-29.547194	-23.613749	1228.753906	14.818295
-29.547194	-23.613749	1227.058594	17.777969
-29.547194	-23.613749	1225.365234	20.736317
-29.547194	-23.613749	1223.669922	25.174168
-29.547194	-23.613749	1221.974609	23.688023
-29.547194	-23.613749	1220.277344	23.682709
-29.547194	-23.613749	1218.582031	17.758047
-29.547194	-23.613749	1216.884766	19.233568
-29.547194	-23.613749	1215.189453	23.666773
-29.547194	-23.613749	1213.492188	17.746096
-29.547194	-23.613749	1211.792969	23.656149
-29.547194	-23.613749	1210.095703	17.738129
-29.547194	-23.613749	1208.396484	26.601215
-29.547194	-23.613749	1206.699219	17.730160
-29.547194	-23.613749	1205.000000	20.680538
-29.547194	-23.613749	1203.298828	26.583288
-29.547194	-23.613749	1201.599609	33.959900
-29.547194	-23.613749	1199.900391	14.761854
-29.547194	-23.613749	1198.199219	20.661949
-29.547194	-23.613749	1196.498047	14.755215
-29.547194	-23.613749	1194.796875	30.978981
-29.547194	-23.613749	1193.093750	25.072578
-29.547194	-23.613749	1191.392578	20.643360
-29.547194	-23.613749	1189.689453	16.216131
-29.547194	-23.613749	1187.986328	13.264756
-29.547194	-23.613749	1186.283203	16.208828
-29.547194	-23.613749	1184.580078	20.624771
-29.547194	-23.613749	1182.875000	16.201527
-29.547194	-23.613749	1181.169922	25.033079
-29.547194	-23.613749	1179.464844	17.666426
-29.547194	-23.613749	1177.759766	16.190573
-29.547194	-23.613749	1176.054688	16.186922
-29.547194	-23.613749	1174.347656	14.712064
-29.547194	-23.613749	1172.642578	11.766995
-29.547194	-23.613749	1170.935547	8.823256
-29.547194	-23.613749	1169.228516	16.172318
-29.547194	-23.613749	1167.519531	24.987940
-29.547194	-23.613749	1165.812500	17.634563
-29.547194	-23.613749	1164.103516	20.569010
-29.547194	-23.613749	1162.394531	20.564363
-29.547194	-23.613749	1160.685547	20.559717
-29.547194	-23.613749	1158.976563	17.618633
-29.547194	-23.613749	1157.265625	23.486200
-29.547194	-23.613749	1155.556641	17.610668
-29.547194	-23.613749	1153.845703	19.073910
-29.547194	-23.613749	1152.134766	24.937162
-29.547194	-23.613749	1150.423828	29.331202
-29.547194	-23.613749	1148.710938	20.527195
-29.547194	-23.613749	1146.998047	24.920238
-29.547194	-23.613749	1145.287109	23.449032
-29.547194	-23.613749	1143.572266	17.582792
-29.547194	-23.613749	1141.859375	20.508612
-29.547194	-23.613749	1140.146484	21.968536
-29.547194	-23.613749	1138.431641	14.642372
-29.547194	-23.613749	1136.716797	13.175149
-29.547194	-23.613749	1135.001953	19.026457
-29.547194	-23.613749	1133.287109	19.022142
-29.547194	-23.613749	1131.570313	16.092009
-29.547194	-23.613749	1129.855469	27.788984
-29.547194	-23.613749	1128.138672	17.546957
-29.547194	-23.613749	1126.421875	14.619145
-29.547194	-23.613749	1124.703125	20.462158
-29.547194	-23.613749	1122.986328	21.918764
-29.547194	-23.613749	1121.267578	18.991949
-29.547194	-23.613749	1119.548828	17.527048
-29.547194	-23.613749	1117.830078	20.443579
-29.547194	-23.613749	1116.111328	18.979010
-29.547194	-23.613749	1114.392578	20.434290
-29.547194	-23.613749	1112.671875	23.348166
-29.547194	-23.613749	1110.951172	20.424999
-29.547194	-23.613749	1109.230469	20.420355
-29.547194	-23.613749	1107.509766	24.790506
-29.547194	-23.613749	1105.787109	18.953133
-29.547194	-23.613749	1104.066406	20.406422
-29.547194	-23.613749	1102.343750	27.688128
-29.547194	-23.613749	1100.621094	20.397133
-29.547194	-23.613749	1098.896484	17.479277
-29.547194	-23.613749	1097.173828	17.475296
-29.547194	-23.613749	1095.449219	16.015371
-29.547194	-23.613749	1093.724609	23.289780
-29.547194	-23.613749	1092.000000	17.463354
-29.547194	-23.613749	1090.275391	13.094530
-29.547194	-23.613749	1088.550781	18.910009
-29.547194	-23.613749	1086.824219	21.814266
-29.547194	-23.613749	1085.097656	15.993480
-29.547194	-23.613749	1083.371094	20.350695
-29.547194	-23.613749	1081.644531	14.532893
-29.547194	-23.613749	1079.916016	18.888449
-29.547194	-23.613749	1078.189453	18.884138
-29.547194	-23.613749	1076.460938	17.427532
-29.547194	-23.613749	1074.732422	17.423552
-29.547194	-23.613749	1073.001953	18.871202
-29.547194	-23.613749	1071.273438	21.769489
-29.547194	-23.613749	1069.542969	21.764515
-29.547194	-23.613749	1067.812500	21.759541
-29.547194	-23.613749	1066.082031	17.403652
-29.547194	-23.613749	1064.351563	21.749592
-29.547194	-23.613749	1062.619141	20.294975
-29.547194	-23.613749	1060.888672	20.290333
-29.547194	-23.613749	1059.156250	24.632624
-29.547194	-23.613749	1057.421875	17.383755
-29.547194	-23.613749	1055.689453	20.276405
-29.547194	-23.613749	1053.957031	24.615711
-29.547194	-23.613749	1052.222656	18.819469
-29.547194	-23.613749	1050.488281	20.262478
-29.547194	-23.613749	1048.753906	21.704824
-29.547194	-23.613749	1047.019531	26.039820
-29.547194	-23.613749	1045.283203	18.802227
-29.547194	-23.613749	1043.546875	26.027884
-29.547194	-23.613749	1041.810547	23.130592
-29.547194	-23.613749	1040.074219	21.679956
-29.547194	-23.613749	1038.337891	23.119982
-29.547194	-23.613749	1036.599609	26.004011
-29.547194	-23.613749	1034.861328	21.665037
-29.547194	-23.613749	1033.123047	23.104067
-29.547194	-23.613749	1031.384766	21.655090
-29.547194	-23.613749	1029.646484	23.093458
-29.547194	-23.613749	1027.906250	25.974174
-29.547194	-23.613749	1026.167969	21.640173
-29.547194	-23.613749	1024.427734	30.289280
-29.547194	-23.613749	1022.685547	24.514257
-29.547194	-23.613749	1020.945313	21.625254
-29.547194	-23.613749	1019.203125	28.827044
-29.547194	-23.613749	1017.462891	20.174290
-29.547194	-23.613749	1015.720703	21.610338
-29.547194	-23.613749	1013.976563	27.366796
-29.547194	-23.613749	1012.234375	23.040421
-29.547194	-23.613749	1010.490234	25.914507
-29.547194	-23.613749	1008.746094	18.711723
-29.547194	-23.613749	1007.001953	27.341606
-29.547194	-23.613749	1005.257813	30.212709
-29.547194	-23.613749	1003.513672	28.767382
-29.547194	-23.613749	1001.767578	25.884678
-29.547194	-23.613749	1000.021484	25.878712
-29.547194	-23.613749	998.275391	30.184870
-29.547194	-23.613749	996.529297	30.177912
-29.547194	-23.613749	994.781250	30.170952
-29.547194	-23.613749	993.035156	37.345898
-29.547194	-23.613749	991.287109	25.848886
-29.547194	-23.613749	989.539063	25.842922
-29.547194	-23.613749	987.789063	33.013889
-29.547194	-23.613749	986.041016	35.876377
-29.547194	-23.613749	984.291016	31.563923
-29.547194	-23.613749	982.541016	45.900558
-29.547194	-23.613749	980.791016	40.153709
-29.547194	-23.613749	979.041016	38.710705
-29.547194	-23.613749	977.289063	35.834961
-29.547194	-23.613749	975.537109	40.125881
-29.547194	-23.613749	973.785156	44.414810
-29.547194	-23.613749	972.033203	32.945305
-29.547194	-23.613749	970.281250	32.937683
-29.547194	-23.613749	968.527344	34.361809
-29.547194	-23.613749	966.773438	37.216679
-29.547194	-23.613749	965.019531	48.656700
-29.547194	-23.613749	963.265625	42.922443
-29.547194	-23.613749	961.511719	41.482090
-29.547194	-23.613749	959.755859	37.182228
-29.547194	-23.613749	958.000000	40.033123
-29.547194	-23.613749	956.244141	40.023849
-29.547194	-23.613749	954.488281	25.723656
-29.547194	-23.613749	952.730469	35.719021
-29.547194	-23.613749	950.974609	29.997023
-29.547194	-23.613749	949.216797	48.555347
-29.547194	-23.613749	947.458984	49.971855
-29.547194	-23.613749	945.701172	39.968208
-29.547194	-23.613749	943.941406	32.823414
-29.547194	-23.613749	942.181641	39.949665
-29.547194	-23.613749	940.421875	44.219723
-29.547194	-23.613749	938.662109	37.078899
-29.547194	-23.613749	936.902344	31.367168
-29.547194	-23.613749	935.140625	32.785332
-29.547194	-23.613749	933.380859	24.227009
-29.547194	-23.613749	931.619141	19.947020
-29.547194	-23.613749	929.855469	22.791296
-29.547194	-23.613749	928.093750	25.634249
-29.547194	-23.613749	926.330078	31.323465
-29.547194	-23.613749	924.568359	27.045794
-29.547194	-23.613749	922.804688	29.885767
-29.547194	-23.613749	921.039063	22.764811
-29.547194	-23.613749	919.275391	22.759516
-29.547194	-23.613749	917.509766	19.909941
-29.547194	-23.613749	915.744141	21.327116
-29.547194	-23.613749	913.978516	24.165104
-29.547194	-23.613749	912.212891	18.474894
-29.547194	-23.613749	910.447266	22.733036
-29.547194	-23.613749	908.679688	19.886772
-29.547194	-23.613749	906.912109	24.142597
-29.547194	-23.613749	905.144531	17.037863
-29.547194	-23.613749	903.375000	22.711855
-29.547194	-23.613749	901.607422	25.544880
-29.547194	-23.613749	899.837891	24.120096
-29.547194	-23.613749	898.068359	24.114470
-29.547194	-23.613749	896.298828	24.108845
-29.547194	-23.613749	894.529297	28.356730
-29.547194	-23.613749	892.757813	29.767618
-29.547194	-23.613749	890.986328	34.012196
-29.547194	-23.613749	889.214844	21.252659
-29.547194	-23.613749	887.443359	24.080723
-29.547194	-23.613749	885.669922	19.826553
-29.547194	-23.613749	883.898438	25.485329
-29.547194	-23.613749	882.125000	19.817291
-29.547194	-23.613749	880.351563	31.134180
-29.547194	-23.613749	878.578125	28.297184
-29.547194	-23.613749	876.802734	33.948685
-29.547194	-23.613749	875.027344	31.112350
-29.547194	-23.613749	873.251953	33.932808
-29.547194	-23.613749	871.476563	26.857189
-29.547194	-23.613749	869.701172	26.850906
-29.547194	-23.613749	867.923828	21.193125
-29.547194	-23.613749	866.146484	24.013252
-29.547194	-23.613749	864.369141	16.946564
-29.547194	-23.613749	862.591797	28.237659
-29.547194	-23.613749	860.814453	28.231047
-29.547194	-23.613749	859.035156	21.168325
-29.547194	-23.613749	857.255859	31.039604
-29.547194	-23.613749	855.476563	22.568970
-29.547194	-23.613749	853.697266	21.153450
-29.547194	-23.613749	851.916016	21.148491
-29.547194	-23.613749	850.136719	23.962671
-29.547194	-23.613749	848.355469	31.003244
-29.547194	-23.613749	846.574219	29.587065
-29.547194	-23.613749	844.791016	22.537237
-29.547194	-23.613749	843.009766	19.715456
-29.547194	-23.613749	841.226563	19.710829
-29.547194	-23.613749	839.443359	26.744133
-29.547194	-23.613749	837.660156	28.145109
-29.547194	-23.613749	835.875000	26.731577
-29.547194	-23.613749	834.091797	22.505514
-29.547194	-23.613749	832.306641	22.500229
-29.547194	-23.613749	830.521484	26.712744
-29.547194	-23.613749	828.734375	23.895260
-29.547194	-23.613749	826.949219	32.321281
-29.547194	-23.613749	825.162109	19.669199
-29.547194	-23.613749	823.375000	23.878412
-29.547194	-23.613749	821.587891	21.064234
-29.547194	-23.613749	819.800781	26.675087
-29.547194	-23.613749	818.011719	21.054325
-29.547194	-23.613749	816.222656	30.872412
-29.547194	-23.613749	814.433594	11.223689
-29.547194	-23.613749	812.644531	19.636833
-29.547194	-23.613749	810.855469	22.436811
-29.547194	-23.613749	809.064453	21.029558
-29.547194	-23.613749	807.273438	19.622965
-29.547194	-23.613749	805.482422	16.815723
-29.547194	-23.613749	803.691406	16.811762
-29.547194	-23.613749	801.898438	29.413651
-29.547194	-23.613749	800.107422	16.803839
-29.547194	-23.613749	798.314453	23.799828
-29.547194	-23.613749	796.521484	26.593536
-29.547194	-23.613749	794.726563	26.587265
-29.547194	-23.613749	792.933594	20.984995
-29.547194	-23.613749	791.138672	16.784037
-29.547194	-23.613749	789.343750	25.170115
-29.547194	-23.613749	787.546875	18.174128
-29.547194	-23.613749	785.751953	22.362877
-29.547194	-23.613749	783.955078	22.357597
-29.547194	-23.613749	782.158203	29.337420
-29.547194	-23.613749	780.361328	19.553661
-29.547194	-23.613749	778.564453	20.945402
-29.547194	-23.613749	776.765625	22.336485
-29.547194	-23.613749	774.968750	23.726908
-29.547194	-23.613749	773.169922	26.512043
-29.547194	-23.613749	771.369141	23.715694
-29.547194	-23.613749	769.570313	27.894222
-29.547194	-23.613749	767.769531	22.310101
-29.547194	-23.613749	765.970703	32.063187
-29.547194	-23.613749	764.167969	27.874437
-29.547194	-23.613749	762.367188	23.687668
-29.547194	-23.613749	760.566406	20.895937
-29.547194	-23.613749	758.763672	34.818321
-29.547194	-23.613749	756.960938	19.493645
-29.547194	-23.613749	755.158203	37.585987
-29.547194	-23.613749	753.353516	19.484417
-29.547194	-23.613749	751.550781	36.176777
-29.547194	-23.613749	749.746094	30.603868
-29.547194	-23.613749	747.941406	26.424353
-29.547194	-23.613749	746.136719	30.589369
-29.547194	-23.613749	744.330078	37.532600
-29.547194	-23.613749	742.523438	30.574873
-29.547194	-23.613749	740.718750	22.230999
-29.547194	-23.613749	738.910156	31.949486
-29.547194	-23.613749	737.103516	22.220459
-29.547194	-23.613749	735.294922	29.157434
-29.547194	-23.613749	733.488281	26.374279
-29.547194	-23.613749	731.679688	26.368021
-29.547194	-23.613749	729.869141	31.911610
-29.547194	-23.613749	728.060547	23.581244
-29.547194	-23.613749	726.250000	22.188845
-29.547194	-23.613749	724.439453	26.342997
-29.547194	-23.613749	722.628906	29.109030
-29.547194	-23.613749	720.818359	29.102118
-29.547194	-23.613749	719.005859	23.553261
-29.547194	-23.613749	717.195313	29.088293
-29.547194	-23.613749	715.382813	23.542070
-29.547194	-23.613749	713.568359	20.767479
-29.547194	-23.613749	711.755859	27.683392
-29.547194	-23.613749	709.941406	23.525290
-29.547194	-23.613749	708.126953	27.670229
-29.547194	-23.613749	706.312500	20.747738
-29.547194	-23.613749	704.498047	15.211389
-29.547194	-23.613749	702.681641	27.650492
-29.547194	-23.613749	700.867188	26.261717
-29.547194	-23.613749	699.050781	22.109869
-29.547194	-23.613749	697.232422	24.867683
-29.547194	-23.613749	695.416016	19.336927
-29.547194	-23.613749	693.597656	20.713203
-29.547194	-23.613749	691.779297	13.805514
-29.547194	-23.613749	689.960938	22.083563
-29.547194	-23.613749	688.142578	19.318516
-29.547194	-23.613749	686.324219	26.211740
-29.547194	-23.613749	684.503906	26.205496
-29.547194	-23.613749	682.683594	20.683619
-29.547194	-23.613749	680.863281	23.435848
-29.547194	-23.613749	679.041016	24.808514
-29.547194	-23.613749	677.218750	17.912989
-29.547194	-23.613749	675.398438	28.929466
-29.547194	-23.613749	673.576172	24.790771
-29.547194	-23.613749	671.751953	27.538733
-29.547194	-23.613749	669.929688	23.402338
-29.547194	-23.613749	668.105469	26.149315
-29.547194	-23.613749	666.281250	23.391172
-29.547194	-23.613749	664.457031	30.263704
-29.547194	-23.613749	662.630859	28.881186
-29.547194	-23.613749	660.806641	21.999460
-29.547194	-23.613749	658.980469	30.242035
-29.547194	-23.613749	657.154297	24.737576
-29.547194	-23.613749	655.326172	26.105648
-29.547194	-23.613749	653.500000	26.099413
-29.547194	-23.613749	651.671875	23.346527
-29.547194	-23.613749	649.843750	26.086943
-29.547194	-23.613749	648.015625	35.689392
-29.547194	-23.613749	646.185547	31.563837
-29.547194	-23.613749	644.357422	28.812267
-29.547194	-23.613749	642.527344	26.062010
-29.547194	-23.613749	640.697266	35.655273
-29.547194	-23.613749	638.865234	39.759834
-29.547194	-23.613749	637.035156	38.379623
-29.547194	-23.613749	635.203125	35.629696
-29.547194	-23.613749	633.371094	26.030857
-29.547194	-23.613749	631.539063	32.873215
-29.547194	-23.613749	629.705078	30.126568
-29.547194	-23.613749	627.873047	35.595604
-29.547194	-23.613749	626.039063	28.743414
-29.547194	-23.613749	624.203125	32.841751
-29.547194	-23.613749	622.369141	41.042358
-29.547194	-23.613749	620.535156	35.561523
-29.547194	-23.613749	618.699219	35.553005
-29.547194	-23.613749	616.863281	36.911587
-29.547194	-23.613749	615.025391	36.902744
-29.547194	-23.613749	613.189453	34.161018
-29.547194	-23.613749	611.351563	34.152832
-29.547194	-23.613749	609.513672	36.876217
-29.547194	-23.613749	607.675781	35.501919
-29.547194	-23.613749	605.837891	28.667751
-29.547194	-23.613749	603.998047	23.201664
-29.547194	-23.613749	602.158203	31.382957
-29.547194	-23.613749	600.318359	27.282984
-29.547194	-23.613749	598.478516	25.912617
-29.547194	-23.613749	596.636719	34.087368
-29.547194	-23.613749	594.796875	29.989687
-29.547194	-23.613749	592.955078	29.982491
-29.547194	-23.613749	591.111328	27.250267
-29.547194	-23.613749	589.269531	27.243727
-29.547194	-23.613749	587.425781	27.237186
-29.547194	-23.613749	585.583984	29.953711
-29.547194	-23.613749	583.738281	35.391338
-29.547194	-23.613749	581.894531	21.774055
-29.547194	-23.613749	580.050781	24.489929
-29.547194	-23.613749	578.205078	27.204494
-29.547194	-23.613749	576.359375	20.398470
-29.547194	-23.613749	574.513672	21.753139
-29.547194	-23.613749	572.666016	24.466400
-29.547194	-23.613749	570.818359	28.537273
-29.547194	-23.613749	568.970703	27.171824
-29.547194	-23.613749	567.123047	38.031406
-29.547194	-23.613749	565.275391	20.369070
-29.547194	-23.613749	563.425781	24.437006
-29.547194	-23.613749	561.576172	21.716558
-29.547194	-23.613749	559.726563	28.496128
-29.547194	-23.613749	557.876953	23.062746
-29.547194	-23.613749	556.027344	28.482420
-29.547194	-23.613749	554.175781	20.339691
-29.547194	-23.613749	552.324219	21.690449
-29.547194	-23.613749	550.472656	23.040556
-29.547194	-23.613749	548.619141	39.295017
-29.547194	-23.613749	546.767578	24.384140
-29.547194	-23.613749	544.914063	24.378269
-29.547194	-23.613749	543.060547	35.204578
-29.547194	-23.613749	541.205078	31.135012
-29.547194	-23.613749	539.351563	37.894363
-29.547194	-23.613749	537.496094	41.944370
-29.547194	-23.613749	535.640625	43.286983
-29.547194	-23.613749	533.785156	54.095692
-29.547194	-23.613749	531.927734	47.322327
-29.547194	-23.613749	530.070313	66.235291
-29.547194	-23.613749	528.212891	78.382065
-29.547194	-23.613749	526.355469	114.842583
-29.547194	-23.613749	524.498047	172.897736
-29.547194	-23.613749	522.638672	361.917358
-29.547194	-23.613749	520.779297	634.552795
-29.547194	-23.613749	518.919922	487.273010
-29.547194	-23.613749	517.060547	242.903030
-29.547194	-23.613749	515.199219	155.150620
-29.547194	-23.613749	513.339844	91.719101
-29.547194	-23.613749	511.478516	72.818192
-29.547194	-23.613749	509.615234	71.452461
-29.547194	-23.613749	507.753906	59.304714
-29.547194	-23.613749	505.890625	51.205349
-29.547194	-23.613749	504.027344	49.845806
-29.547194	-23.613749	502.164063	68.689796
-29.547194	-23.613749	500.300781	63.287083
-29.547194	-23.613749	498.435547	71.349060
-29.547194	-23.613749	496.570313	57.872993
-29.547194	-23.613749	494.705078	52.476788
-29.547194	-23.613749	492.839844	53.809349
-29.547194	-23.613749	490.972656	57.831081
-29.547194	-23.613749	489.107422	60.506279
-29.547194	-23.613749	487.240234	55.114628
-29.547194	-23.613749	485.371094	45.693771
-29.547194	-23.613749	483.503906	42.995514
-29.547194	-23.613749	481.634766	49.701550
-29.547194	-23.613749	479.765625	49.689541
-29.547194	-23.613749	477.896484	33.565899
-29.547194	-23.613749	476.027344	32.215477
-29.547194	-23.613749	474.156250	37.575638
-29.547194	-23.613749	472.285156	33.541565
-29.547194	-23.613749	470.414063	33.533459
-29.547194	-23.613749	468.542969	34.866364
-29.547194	-23.613749	466.669922	40.220692
-29.547194	-23.613749	464.796875	36.189869
-29.547194	-23.613749	462.923828	28.140869
-29.547194	-23.613749	461.050781	34.832649
-29.547194	-23.613749	459.177734	36.163616
-29.547194	-23.613749	457.302734	30.798592
-29.547194	-23.613749	455.427734	28.113651
-29.547194	-23.613749	453.552734	29.445271
-29.547194	-23.613749	451.675781	37.466732
-29.547194	-23.613749	449.800781	29.431021
-29.547194	-23.613749	447.923828	29.423899
-29.547194	-23.613749	446.046875	34.765282
-29.547194	-23.613749	444.169922	30.746460
-29.547194	-23.613749	442.291016	34.748455
-29.547194	-23.613749	440.412109	32.067730
-29.547194	-23.613749	438.533203	26.716639
-29.547194	-23.613749	436.654297	28.045679
-29.547194	-23.613749	434.773438	26.703703
-29.547194	-23.613749	432.894531	26.697235
-29.547194	-23.613749	431.013672	30.694386
-29.547194	-23.613749	429.130859	32.021168
-29.547194	-23.613749	427.250000	29.345627
-29.547194	-23.613749	425.367188	30.672087
-29.547194	-23.613749	423.484375	21.331934
-29.547194	-23.613749	421.601563	27.991381
-29.547194	-23.613749	419.718750	26.651999
-29.547194	-23.613749	417.833984	25.313265
-29.547194	-23.613749	415.949219	33.298855
-29.547194	-23.613749	414.064453	27.964260
-29.547194	-23.613749	412.179688	26.626173
-29.547194	-23.613749	410.294922	30.612679
-29.547194	-23.613749	408.408203	26.613268
-29.547194	-23.613749	406.521484	33.258518
-29.547194	-23.613749	404.634766	27.930384
-29.547194	-23.613749	402.746094	42.550266
-29.547194	-23.613749	400.857422	71.786163
-29.547194	-23.613749	398.968750	78.414017
-29.547194	-23.613749	397.080078	78.394997
-29.547194	-23.613749	395.191406	81.032799
-29.547194	-23.613749	393.300781	75.700813
-29.547194	-23.613749	391.410156	70.371399
-29.547194	-23.613749	389.519531	61.062252
-29.547194	-23.613749	387.628906	49.103374
-29.547194	-23.613749	385.736328	57.052242
-29.547194	-23.613749	383.843750	59.691349
-29.547194	-23.613749	381.951172	59.676868
-29.547194	-23.613749	380.058594	58.336555
-29.547194	-23.613749	378.164063	62.298931
-29.547194	-23.613749	376.271484	72.885315
-29.547194	-23.613749	374.376953	80.816818
-29.547194	-23.613749	372.480469	60.929043
-29.547194	-23.613749	370.585938	59.590031
-29.547194	-23.613749	368.689453	46.336555
-29.547194	-23.613749	366.792969	56.913948
-29.547194	-23.613749	364.896484	46.314064
-29.547194	-23.613749	363.000000	56.886322
-29.547194	-23.613749	361.101563	60.840363
-29.547194	-23.613749	359.203125	63.470181
-29.547194	-23.613749	357.304688	54.200951
-29.547194	-23.613749	355.406250	44.936218
-29.547194	-23.613749	353.505859	58.138634
-29.547194	-23.613749	351.605469	55.482491
-29.547194	-23.613749	349.705078	46.224182
-29.547194	-23.613749	347.804688	56.775921
-29.547194	-23.613749	345.902344	46.201736
-29.547194	-23.613749	344.001953	51.469429
-29.547194	-23.613749	342.099609	51.456928
-29.547194	-23.613749	340.195313	44.848991
-29.547194	-23.613749	338.292969	34.287956
-29.547194	-23.613749	336.388672	48.782551
-29.547194	-23.613749	334.484375	43.498192
-29.547194	-23.613749	332.580078	40.852013
-29.547194	-23.613749	330.675781	42.159573
-29.547194	-23.613749	328.769531	35.563499
-29.547194	-23.613749	326.863281	35.554859
-29.547194	-23.613749	324.957031	31.596640
-29.547194	-23.613749	323.048828	35.537582
-29.547194	-23.613749	321.142578	36.844837
-29.547194	-23.613749	319.234375	38.151451
-29.547194	-23.613749	317.326172	31.565943
-29.547194	-23.613749	315.417969	30.243343
-29.547194	-23.613749	313.507813	38.123646
-29.547194	-23.613749	311.597656	28.914358
-29.547194	-23.613749	309.687500	28.907331
-29.547194	-23.613749	307.777344	30.213955
-29.547194	-23.613749	305.865234	39.399929
-29.547194	-23.613749	303.955078	40.703365
-29.547194	-23.613749	302.042969	32.817318
-29.547194	-23.613749	300.128906	28.872219
-29.547194	-23.613749	298.216797	30.177258
-29.547194	-23.613749	296.302734	35.416866
-29.547194	-23.613749	294.388672	32.785423
-29.547194	-23.613749	292.474609	35.399651
-29.547194	-23.613749	290.560547	36.701824
-29.547194	-23.613749	288.644531	45.866127
-29.547194	-23.613749	286.728516	49.785404
-29.547194	-23.613749	284.812500	60.251892
-29.547194	-23.613749	282.896484	48.451698
-29.547194	-23.613749	280.978516	53.676666
-29.547194	-23.613749	279.060547	58.899090
-29.547194	-23.613749	277.142578	57.576221
-29.547194	-23.613749	275.224609	62.795155
-29.547194	-23.613749	273.304688	57.548229
-29.547194	-23.613749	271.384766	71.917801
-29.547194	-23.613749	269.464844	82.358543
-29.547194	-23.613749	267.544922	95.408127
-29.547194	-23.613749	265.623047	122.824425
-29.547194	-23.613749	263.703125	206.399368
-29.547194	-23.613749	261.781250	291.239685
-29.547194	-23.613749	259.857422	291.168884
-29.547194	-23.613749	257.935547	272.822876
-29.547194	-23.613749	256.011719	257.095856
-29.547194	-23.613749	254.087891	238.767029
-29.547194	-23.613749	252.164063	566.118530
-29.547194	-23.613749	250.240234	1846.610474
-29.547194	-23.613749	248.314453	1837.035034
-29.547194	-23.613749	246.388672	762.529602
-29.547194	-23.613749	244.462891	364.882690
-29.547194	-23.613749	242.535156	242.327423
-29.547194	-23.613749	240.609375	221.428192
-29.547194	-23.613749	238.681641	166.681870
-29.547194	-23.613749	236.753906	144.509293
-29.547194	-23.613749	234.824219	110.633362
-29.547194	-23.613749	232.896484	113.208969
-29.547194	-23.613749	230.966797	96.269272
-29.547194	-23.613749	229.037109	75.435951
-29.547194	-23.613749	227.107422	83.219429
-29.547194	-23.613749	225.175781	79.299232
-29.547194	-23.613749	223.244141	72.781593
-29.547194	-23.613749	221.312500	74.063255
-29.547194	-23.613749	219.380859	83.138527
-29.547194	-23.613749	217.447266	77.923416
-29.547194	-23.613749	215.515625	74.009247
-29.547194	-23.613749	213.582031	61.010334
-29.547194	-23.613749	211.646484	67.484383
-29.547194	-23.613749	209.712891	55.790829
-29.547194	-23.613749	207.777344	59.668701
-29.547194	-23.613749	205.841797	60.951027
-29.547194	-23.613749	203.906250	46.674545
-29.547194	-23.613749	201.968750	41.478397
-29.547194	-23.613749	200.033203	32.397121
-29.547194	-23.613749	198.095703	33.684814
-29.547194	-23.613749	196.158203	22.019333
-29.547194	-23.613749	194.218750	27.193743
-29.547194	-23.613749	192.281250	29.776382
-29.547194	-23.613749	190.341797	22.003281
-29.547194	-23.613749	188.402344	32.349903
-29.547194	-23.613749	186.460938	29.754677
-29.547194	-23.613749	184.521484	33.627544
-29.547194	-23.613749	182.580078	25.861057
-29.547194	-23.613749	180.638672	33.611202
-29.547194	-23.613749	178.695313	16.801517
-29.547194	-23.613749	176.753906	18.089544
-29.547194	-23.613749	174.810547	28.419519
-29.547194	-23.613749	172.867188	27.121132
-29.547194	-23.613749	170.921875	23.241035
-29.547194	-23.613749	168.978516	30.980518
-29.547194	-23.613749	167.033203	28.391909
-29.547194	-23.613749	165.087891	19.353416
-29.547194	-23.613749	163.142578	24.508371
-29.547194	-23.613749	161.195313	36.108826
-29.547194	-23.613749	159.248047	24.496464
-29.547194	-23.613749	157.300781	25.779488
-29.547194	-23.613749	155.353516	34.793854
-29.547194	-23.613749	153.406250	38.650448
-29.547194	-23.613749	151.457031	36.064987
-29.547194	-23.613749	149.507813	39.919395
-29.547194	-23.613749	147.558594	42.484520
-29.547194	-23.613749	145.607422	45.048397
-29.547194	-23.613749	143.658203	45.037457
-29.547194	-23.613749	141.707031	54.031826
-29.547194	-23.613749	139.753906	55.304863
-29.547194	-23.613749	137.802734	70.721603
-29.547194	-23.613749	135.849609	69.418900
-29.547194	-23.613749	133.896484	59.120258
-29.547194	-23.613749	131.943359	55.251171
-29.547194	-23.613749	129.990234	47.530167
-29.547194	-23.613749	128.035156	42.381477
-29.547194	-23.613749	126.080078	47.507092
-29.547194	-23.613749	124.125000	59.048538
-29.547194	-23.613749	122.169922	52.617443
-29.547194	-23.613749	120.212891	65.435081
-29.547194	-23.613749	118.255859	53.874638
-29.547194	-23.613749	116.298828	53.861565
-29.547194	-23.613749	114.341797	50.002174
-29.547194	-23.613749	112.382813	43.581062
-29.547194	-23.613749	110.423828	39.726032
-29.547194	-23.613749	108.464844	29.467003
-29.547194	-23.613749	106.505859	29.459856
-29.547194	-23.613749	104.544922	17.927736
-29.547194	-23.613749	102.585938	21.764114
-29.547194	-23.613749	100.625000	6.399657
-29.547194	-23.613749	98.662109	7.677726
-29.547194	-23.613749	96.701172	2.558621
-29.547194	-23.613749	94.738281	2.558001
-29.547194	-23.613749	92.775391	2.557381
-29.547194	-23.613749	90.812500	-2.556761
-29.547194	-23.613749	88.847656	2.556141
-29.547194	-23.613749	86.882813	1.277761
-29.547194	-23.613749	84.917969	0.000000
-29.547194	-23.613749	82.953125	1.277141
-29.547194	-23.613749	80.988281	2.553664
-29.547194	-23.613749	79.021484	2.553045
-29.547194	-23.613749	77.054688	-1.276213
-29.547194	-23.613749	75.087891	1.275904
-29.547194	-23.613749	73.119141	1.275595
-29.547194	-23.613749	71.152344	-1.275286
-29.547194	-23.613749	69.183594	0.000000
-29.547194	-23.613749	67.212891	0.000000
-29.547194	-23.613749	65.244141	1.274359
-29.547194	-23.613749	63.273438	1.274051
-29.547194	-23.613749	61.302734	-1.273742
-29.547194	-23.613749	59.332031	-1.273434
-26.547194	-23.613749	1838.626953	17.678635
-26.547194	-23.613749	1837.066406	17.678635
-26.547194	-23.613749	1835.503906	20.888487
-26.547194	-23.613749	1833.941406	28.916365
-26.547194	-23.613749	1832.378906	20.879597
-26.547194	-23.613749	1830.816406	20.875154
-26.547194	-23.613749	1829.251953	22.476151
-26.547194	-23.613749	1827.687500	22.471367
-26.547194	-23.613749	1826.125000	17.652317
-26.547194	-23.613749	1824.560547	19.252975
-26.547194	-23.613749	1822.994141	19.248878
-26.547194	-23.613749	1821.429688	20.848513
-26.547194	-23.613749	1819.865234	16.033905
-26.547194	-23.613749	1818.298828	24.045738
-26.547194	-23.613749	1816.732422	25.643328
-26.547194	-23.613749	1815.166016	20.830769
-26.547194	-23.613749	1813.599609	14.418232
-26.547194	-23.613749	1812.033203	16.016848
-26.547194	-23.613749	1810.464844	17.614782
-26.547194	-23.613749	1808.896484	22.414042
-26.547194	-23.613749	1807.330078	22.409269
-26.547194	-23.613749	1805.759766	24.004820
-26.547194	-23.613749	1804.191406	25.599689
-26.547194	-23.613749	1802.623047	19.195681
-26.547194	-23.613749	1801.052734	17.592293
-26.547194	-23.613749	1799.484375	14.390630
-26.547194	-23.613749	1797.914063	20.782040
-26.547194	-23.613749	1796.343750	23.974171
-26.547194	-23.613749	1794.771484	20.773190
-26.547194	-23.613749	1793.201172	15.975974
-26.547194	-23.613749	1791.628906	17.569830
-26.547194	-23.613749	1790.058594	15.969171
-26.547194	-23.613749	1788.486328	19.158922
-26.547194	-23.613749	1786.914063	22.347317
-26.547194	-23.613749	1785.339844	17.554865
-26.547194	-23.613749	1783.767578	28.720024
-26.547194	-23.613749	1782.193359	22.333038
-26.547194	-23.613749	1780.621094	22.328281
-26.547194	-23.613749	1779.046875	17.539913
-26.547194	-23.613749	1777.470703	25.507164
-26.547194	-23.613749	1775.896484	23.907871
-26.547194	-23.613749	1774.322266	27.089815
-26.547194	-23.613749	1772.746094	23.897684
-26.547194	-23.613749	1771.169922	25.485432
-26.547194	-23.613749	1769.593750	19.110001
-26.547194	-23.613749	1768.017578	19.105928
-26.547194	-23.613749	1766.441406	20.693678
-26.547194	-23.613749	1764.863281	22.280748
-26.547194	-23.613749	1763.287109	19.093714
-26.547194	-23.613749	1761.708984	15.908037
-26.547194	-23.613749	1760.130859	20.676041
-26.547194	-23.613749	1758.552734	14.311130
-26.547194	-23.613749	1756.972656	20.667225
-26.547194	-23.613749	1755.394531	19.073372
-26.547194	-23.613749	1753.814453	19.069304
-26.547194	-23.613749	1752.234375	12.710158
-26.547194	-23.613749	1750.654297	22.238035
-26.547194	-23.613749	1749.074219	22.233292
-26.547194	-23.613749	1747.492188	28.579565
-26.547194	-23.613749	1745.912109	20.636395
-26.547194	-23.613749	1744.330078	14.283688
-26.547194	-23.613749	1742.748047	15.867378
-26.547194	-23.613749	1741.166016	15.863993
-26.547194	-23.613749	1739.583984	14.274548
-26.547194	-23.613749	1738.000000	20.614391
-26.547194	-23.613749	1736.417969	15.853841
-26.547194	-23.613749	1734.833984	14.265412
-26.547194	-23.613749	1733.250000	17.431784
-26.547194	-23.613749	1731.666016	15.843694
-26.547194	-23.613749	1730.082031	17.424343
-26.547194	-23.613749	1728.496094	15.836931
-26.547194	-23.613749	1726.912109	17.416904
-26.547194	-23.613749	1725.326172	26.911289
-26.547194	-23.613749	1723.740234	15.826791
-26.547194	-23.613749	1722.154297	23.735117
-26.547194	-23.613749	1720.566406	20.566042
-26.547194	-23.613749	1718.980469	26.888311
-26.547194	-23.613749	1717.392578	25.301243
-26.547194	-23.613749	1715.804688	18.971878
-26.547194	-23.613749	1714.216797	18.967827
-26.547194	-23.613749	1712.628906	26.865347
-26.547194	-23.613749	1711.041016	17.379747
-26.547194	-23.613749	1709.451172	18.955673
-26.547194	-23.613749	1707.861328	18.951622
-26.547194	-23.613749	1706.271484	22.105501
-26.547194	-23.613749	1704.681641	25.258032
-26.547194	-23.613749	1703.091797	28.409212
-26.547194	-23.613749	1701.501953	9.467713
-26.547194	-23.613749	1699.910156	17.353765
-26.547194	-23.613749	1698.318359	23.659166
-26.547194	-23.613749	1696.726563	23.654108
-26.547194	-23.613749	1695.134766	15.766033
-26.547194	-23.613749	1693.542969	18.915194
-26.547194	-23.613749	1691.949219	18.911150
-26.547194	-23.613749	1690.357422	12.604736
-26.547194	-23.613749	1688.763672	20.478315
-26.547194	-23.613749	1687.169922	22.048853
-26.547194	-23.613749	1685.576172	17.320393
-26.547194	-23.613749	1683.982422	17.316687
-26.547194	-23.613749	1682.386719	15.739075
-26.547194	-23.613749	1680.791016	14.162136
-26.547194	-23.613749	1679.195313	17.305573
-26.547194	-23.613749	1677.599609	12.583178
-26.547194	-23.613749	1676.003906	17.298164
-26.547194	-23.613749	1674.408203	25.155581
-26.547194	-23.613749	1672.810547	22.006422
-26.547194	-23.613749	1671.214844	15.715507
-26.547194	-23.613749	1669.617188	17.283356
-26.547194	-23.613749	1668.019531	21.992287
-26.547194	-23.613749	1666.419922	31.410824
-26.547194	-23.613749	1664.822266	12.561638
-26.547194	-23.613749	1663.222656	26.687763
-26.547194	-23.613749	1661.623047	18.834385
-26.547194	-23.613749	1660.023438	18.830349
-26.547194	-23.613749	1658.423828	18.826313
-26.547194	-23.613749	1656.824219	25.096373
-26.547194	-23.613749	1655.222656	15.681870
-26.547194	-23.613749	1653.623047	26.653465
-26.547194	-23.613749	1652.021484	18.810177
-26.547194	-23.613749	1650.419922	18.806145
-26.547194	-23.613749	1648.818359	9.401056
-26.547194	-23.613749	1647.214844	23.497599
-26.547194	-23.613749	1645.613281	23.492559
-26.547194	-23.613749	1644.009766	12.526678
-26.547194	-23.613749	1642.406250	20.351484
-26.547194	-23.613749	1640.802734	14.086466
-26.547194	-23.613749	1639.199219	20.342752
-26.547194	-23.613749	1637.593750	21.902878
-26.547194	-23.613749	1635.990234	18.769865
-26.547194	-23.613749	1634.384766	23.457296
-26.547194	-23.613749	1632.779297	28.142714
-26.547194	-23.613749	1631.173828	23.447226
-26.547194	-23.613749	1629.568359	15.628127
-26.547194	-23.613749	1627.960938	18.749725
-26.547194	-23.613749	1626.353516	20.307840
-26.547194	-23.613749	1624.748047	23.427090
-26.547194	-23.613749	1623.140625	21.860586
-26.547194	-23.613749	1621.531250	17.172485
-26.547194	-23.613749	1619.923828	15.607995
-26.547194	-23.613749	1618.314453	20.286034
-26.547194	-23.613749	1616.707031	24.962059
-26.547194	-23.613749	1615.097656	15.597934
-26.547194	-23.613749	1613.488281	20.272955
-26.547194	-23.613749	1611.878906	21.827719
-26.547194	-23.613749	1610.267578	15.587874
-26.547194	-23.613749	1608.656250	12.467618
-26.547194	-23.613749	1607.046875	15.581170
-26.547194	-23.613749	1605.435547	24.924509
-26.547194	-23.613749	1603.824219	18.689362
-26.547194	-23.613749	1602.210938	18.685339
-26.547194	-23.613749	1600.599609	21.794870
-26.547194	-23.613749	1598.986328	18.677298
-26.547194	-23.613749	1597.373047	18.673277
-26.547194	-23.613749	1595.759766	12.446172
-26.547194	-23.613749	1594.146484	23.331547
-26.547194	-23.613749	1592.533203	20.216320
-26.547194	-23.613749	1590.917969	20.211966
-26.547194	-23.613749	1589.302734	23.316475
-26.547194	-23.613749	1587.687500	24.865549
-26.547194	-23.613749	1586.072266	23.306431
-26.547194	-23.613749	1584.457031	17.087700
-26.547194	-23.613749	1582.839844	27.955664
-26.547194	-23.613749	1581.224609	18.633093
-26.547194	-23.613749	1579.607422	15.524229
-26.547194	-23.613749	1577.990234	15.520883
-26.547194	-23.613749	1576.373047	20.172796
-26.547194	-23.613749	1574.755859	24.822702
-26.547194	-23.613749	1573.136719	21.715179
-26.547194	-23.613749	1571.517578	13.956747
-26.547194	-23.613749	1569.898438	24.806643
-26.547194	-23.613749	1568.279297	26.351370
-26.547194	-23.613749	1566.660156	23.246191
-26.547194	-23.613749	1565.041016	18.592939
-26.547194	-23.613749	1563.419922	21.687078
-26.547194	-23.613749	1561.798828	18.584911
-26.547194	-23.613749	1560.177734	20.129307
-26.547194	-23.613749	1558.556641	17.028812
-26.547194	-23.613749	1556.935547	17.025135
-26.547194	-23.613749	1555.312500	27.853292
-26.547194	-23.613749	1553.691406	27.847275
-26.547194	-23.613749	1552.068359	17.014101
-26.547194	-23.613749	1550.445313	20.103230
-26.547194	-23.613749	1548.822266	17.006748
-26.547194	-23.613749	1547.197266	17.003071
-26.547194	-23.613749	1545.574219	9.272397
-26.547194	-23.613749	1543.949219	13.905588
-26.547194	-23.613749	1542.324219	18.536774
-26.547194	-23.613749	1540.699219	15.443971
-26.547194	-23.613749	1539.072266	18.528755
-26.547194	-23.613749	1537.447266	21.612204
-26.547194	-23.613749	1535.820313	15.433948
-26.547194	-23.613749	1534.193359	15.430607
-26.547194	-23.613749	1532.566406	13.884540
-26.547194	-23.613749	1530.939453	13.881534
-26.547194	-23.613749	1529.312500	20.046762
-26.547194	-23.613749	1527.683594	16.958971
-26.547194	-23.613749	1526.056641	23.120861
-26.547194	-23.613749	1524.427734	15.410568
-26.547194	-23.613749	1522.798828	29.273735
-26.547194	-23.613749	1521.167969	18.484669
-26.547194	-23.613749	1519.539063	18.480661
-26.547194	-23.613749	1517.908203	10.778049
-26.547194	-23.613749	1516.277344	23.090813
-26.547194	-23.613749	1514.646484	15.390537
-26.547194	-23.613749	1513.015625	23.080799
-26.547194	-23.613749	1511.384766	18.460634
-26.547194	-23.613749	1509.751953	16.918577
-26.547194	-23.613749	1508.121094	26.141216
-26.547194	-23.613749	1506.488281	15.373850
-26.547194	-23.613749	1504.855469	19.981667
-26.547194	-23.613749	1503.220703	16.903894
-26.547194	-23.613749	1501.587891	13.827456
-26.547194	-23.613749	1499.953125	16.896553
-26.547194	-23.613749	1498.318359	21.500034
-26.547194	-23.613749	1496.683594	13.818448
-26.547194	-23.613749	1495.048828	26.095842
-26.547194	-23.613749	1493.414063	16.881876
-26.547194	-23.613749	1491.777344	18.412588
-26.547194	-23.613749	1490.140625	15.340488
-26.547194	-23.613749	1488.505859	19.938299
-26.547194	-23.613749	1486.867188	15.333818
-26.547194	-23.613749	1485.230469	29.127920
-26.547194	-23.613749	1483.593750	18.392580
-26.547194	-23.613749	1481.955078	16.856197
-26.547194	-23.613749	1480.316406	18.384577
-26.547194	-23.613749	1478.677734	15.317147
-26.547194	-23.613749	1477.039063	13.782432
-26.547194	-23.613749	1475.400391	16.841528
-26.547194	-23.613749	1473.759766	10.715002
-26.547194	-23.613749	1472.119141	15.303812
-26.547194	-23.613749	1470.478516	22.950718
-26.547194	-23.613749	1468.837891	21.416004
-26.547194	-23.613749	1467.197266	18.352575
-26.547194	-23.613749	1465.556641	18.348576
-26.547194	-23.613749	1463.914063	18.344578
-26.547194	-23.613749	1462.271484	19.868959
-26.547194	-23.613749	1460.628906	18.336580
-26.547194	-23.613749	1458.986328	21.388010
-26.547194	-23.613749	1457.343750	19.855965
-26.547194	-23.613749	1455.699219	12.216390
-26.547194	-23.613749	1454.054688	19.847301
-26.547194	-23.613749	1452.410156	22.895735
-26.547194	-23.613749	1450.765625	22.890738
-26.547194	-23.613749	1449.121094	16.782877
-26.547194	-23.613749	1447.474609	18.304596
-26.547194	-23.613749	1445.830078	24.400797
-26.547194	-23.613749	1444.183594	22.870752
-26.547194	-23.613749	1442.537109	18.292604
-26.547194	-23.613749	1440.890625	12.192405
-26.547194	-23.613749	1439.242188	12.189740
-26.547194	-23.613749	1437.595703	21.327383
-26.547194	-23.613749	1435.947266	22.845774
-26.547194	-23.613749	1434.298828	9.136312
-26.547194	-23.613749	1432.650391	21.313396
-26.547194	-23.613749	1431.000000	22.830788
-26.547194	-23.613749	1429.351563	28.912672
-26.547194	-23.613749	1427.701172	18.256639
-26.547194	-23.613749	1426.050781	18.252644
-26.547194	-23.613749	1424.400391	13.686486
-26.547194	-23.613749	1422.750000	12.163102
-26.547194	-23.613749	1421.097656	10.640385
-26.547194	-23.613749	1419.447266	21.276108
-26.547194	-23.613749	1417.794922	24.310226
-26.547194	-23.613749	1416.142578	21.266788
-26.547194	-23.613749	1414.490234	18.224682
-26.547194	-23.613749	1412.835938	13.665515
-26.547194	-23.613749	1411.183594	12.144462
-26.547194	-23.613749	1409.529297	19.730423
-26.547194	-23.613749	1407.875000	19.726097
-26.547194	-23.613749	1406.220703	15.170593
-26.547194	-23.613749	1404.566406	15.167265
-26.547194	-23.613749	1402.910156	24.262300
-26.547194	-23.613749	1401.255859	21.224854
-26.547194	-23.613749	1399.599609	16.673010
-26.547194	-23.613749	1397.943359	21.215536
-26.547194	-23.613749	1396.287109	19.695816
-26.547194	-23.613749	1394.628906	21.206221
-26.547194	-23.613749	1392.970703	24.230356
-26.547194	-23.613749	1391.314453	22.710968
-26.547194	-23.613749	1389.656250	24.219711
-26.547194	-23.613749	1387.998047	13.620593
-26.547194	-23.613749	1386.337891	19.669865
-26.547194	-23.613749	1384.679688	19.665541
-26.547194	-23.613749	1383.019531	16.636414
-26.547194	-23.613749	1381.359375	15.120686
-26.547194	-23.613749	1379.699219	13.605623
-26.547194	-23.613749	1378.039063	16.625437
-26.547194	-23.613749	1376.376953	21.154989
-26.547194	-23.613749	1374.716797	21.150333
-26.547194	-23.613749	1373.054688	25.676893
-26.547194	-23.613749	1371.392578	16.610802
-26.547194	-23.613749	1369.728516	19.626625
-26.547194	-23.613749	1368.066406	30.188156
-26.547194	-23.613749	1366.402344	18.108902
-26.547194	-23.613749	1364.740234	25.648626
-26.547194	-23.613749	1363.076172	16.592512
-26.547194	-23.613749	1361.412109	19.605009
-26.547194	-23.613749	1359.746094	13.569706
-26.547194	-23.613749	1358.082031	13.566713
-26.547194	-23.613749	1356.416016	19.592041
-26.547194	-23.613749	1354.750000	18.080971
-26.547194	-23.613749	1353.083984	12.051321
-26.547194	-23.613749	1351.417969	16.566908
-26.547194	-23.613749	1349.750000	13.551751
-26.547194	-23.613749	1348.083984	19.570429
-26.547194	-23.613749	1346.416016	16.555937
-26.547194	-23.613749	1344.748047	13.542775
-26.547194	-23.613749	1343.078125	15.044203
-26.547194	-23.613749	1341.410156	21.057230
-26.547194	-23.613749	1339.740234	18.045065
-26.547194	-23.613749	1338.072266	19.544500
-26.547194	-23.613749	1336.402344	21.043268
-26.547194	-23.613749	1334.730469	16.530340
-26.547194	-23.613749	1333.060547	25.541239
-26.547194	-23.613749	1331.388672	22.531403
-26.547194	-23.613749	1329.718750	18.021133
-26.547194	-23.613749	1328.046875	24.022860
-26.547194	-23.613749	1326.375000	27.019733
-26.547194	-23.613749	1324.701172	27.013752
-26.547194	-23.613749	1323.029297	22.506474
-26.547194	-23.613749	1321.355469	27.001787
-26.547194	-23.613749	1319.681641	14.997669
-26.547194	-23.613749	1318.007813	11.995477
-26.547194	-23.613749	1316.333984	11.992818
-26.547194	-23.613749	1314.660156	25.479090
-26.547194	-23.613749	1312.984375	25.473440
-26.547194	-23.613749	1311.308594	13.482948
-26.547194	-23.613749	1309.632813	13.479958
-26.547194	-23.613749	1307.957031	14.974408
-26.547194	-23.613749	1306.279297	17.965302
-26.547194	-23.613749	1304.603516	20.954866
-26.547194	-23.613749	1302.925781	26.935991
-26.547194	-23.613749	1301.248047	13.465005
-26.547194	-23.613749	1299.570313	20.940912
-26.547194	-23.613749	1297.892578	19.440813
-26.547194	-23.613749	1296.212891	17.941380
-26.547194	-23.613749	1294.533203	17.937391
-26.547194	-23.613749	1292.853516	23.911207
-26.547194	-23.613749	1291.173828	22.411774
-26.547194	-23.613749	1289.494141	16.431646
-26.547194	-23.613749	1287.812500	22.401806
-26.547194	-23.613749	1286.132813	8.958730
-26.547194	-23.613749	1284.451172	14.927894
-26.547194	-23.613749	1282.769531	20.894400
-26.547194	-23.613749	1281.085938	22.381874
-26.547194	-23.613749	1279.404297	25.360477
-26.547194	-23.613749	1277.720703	19.388988
-26.547194	-23.613749	1276.039063	23.858055
-26.547194	-23.613749	1274.355469	16.398758
-26.547194	-23.613749	1272.669922	13.414177
-26.547194	-23.613749	1270.986328	14.901320
-26.547194	-23.613749	1269.300781	13.408197
-26.547194	-23.613749	1267.615234	17.873611
-26.547194	-23.613749	1265.929688	20.847897
-26.547194	-23.613749	1264.244141	17.865641
-26.547194	-23.613749	1262.558594	16.373182
-26.547194	-23.613749	1260.871094	25.298365
-26.547194	-23.613749	1259.185547	16.365875
-26.547194	-23.613749	1257.498047	16.362223
-26.547194	-23.613749	1255.808594	11.897141
-26.547194	-23.613749	1254.121094	16.354916
-26.547194	-23.613749	1252.433594	14.864784
-26.547194	-23.613749	1250.744141	10.403025
-26.547194	-23.613749	1249.054688	17.829771
-26.547194	-23.613749	1247.365234	14.854822
-26.547194	-23.613749	1245.673828	20.792101
-26.547194	-23.613749	1243.984375	22.272270
-26.547194	-23.613749	1242.292969	19.298317
-26.547194	-23.613749	1240.601563	19.294001
-26.547194	-23.613749	1238.910156	17.805862
-26.547194	-23.613749	1237.218750	11.867918
-26.547194	-23.613749	1235.525391	23.730522
-26.547194	-23.613749	1233.833984	20.759558
-26.547194	-23.613749	1232.140625	14.824936
-26.547194	-23.613749	1230.447266	13.339454
-26.547194	-23.613749	1228.753906	20.745613
-26.547194	-23.613749	1227.058594	16.296473
-26.547194	-23.613749	1225.365234	16.292820
-26.547194	-23.613749	1223.669922	14.808333
-26.547194	-23.613749	1221.974609	20.727018
-26.547194	-23.613749	1220.277344	20.722370
-26.547194	-23.613749	1218.582031	25.157234
-26.547194	-23.613749	1216.884766	14.795053
-26.547194	-23.613749	1215.189453	19.229254
-26.547194	-23.613749	1213.492188	20.703779
-26.547194	-23.613749	1211.792969	13.306583
-26.547194	-23.613749	1210.095703	19.216305
-26.547194	-23.613749	1208.396484	14.778453
-26.547194	-23.613749	1206.699219	25.117727
-26.547194	-23.613749	1205.000000	19.203358
-26.547194	-23.613749	1203.298828	22.152740
-26.547194	-23.613749	1201.599609	16.241692
-26.547194	-23.613749	1199.900391	20.666595
-26.547194	-23.613749	1198.199219	11.806828
-26.547194	-23.613749	1196.498047	20.657301
-26.547194	-23.613749	1194.796875	17.702274
-26.547194	-23.613749	1193.093750	14.748576
-26.547194	-23.613749	1191.392578	19.168833
-26.547194	-23.613749	1189.689453	14.741937
-26.547194	-23.613749	1187.986328	22.107927
-26.547194	-23.613749	1186.283203	26.523537
-26.547194	-23.613749	1184.580078	19.151573
-26.547194	-23.613749	1182.875000	16.201527
-26.547194	-23.613749	1181.169922	17.670408
-26.547194	-23.613749	1179.464844	20.610830
-26.547194	-23.613749	1177.759766	17.662443
-26.547194	-23.613749	1176.054688	19.129997
-26.547194	-23.613749	1174.347656	27.952921
-26.547194	-23.613749	1172.642578	25.004866
-26.547194	-23.613749	1170.935547	19.117054
-26.547194	-23.613749	1169.228516	13.231896
-26.547194	-23.613749	1167.519531	14.698788
-26.547194	-23.613749	1165.812500	14.695469
-26.547194	-23.613749	1164.103516	20.569010
-26.547194	-23.613749	1162.394531	19.095480
-26.547194	-23.613749	1160.685547	17.622616
-26.547194	-23.613749	1158.976563	23.491510
-26.547194	-23.613749	1157.265625	14.678875
-26.547194	-23.613749	1155.556641	22.013334
-26.547194	-23.613749	1153.845703	16.139462
-26.547194	-23.613749	1152.134766	20.536488
-26.547194	-23.613749	1150.423828	23.464962
-26.547194	-23.613749	1148.710938	20.527195
-26.547194	-23.613749	1146.998047	19.056654
-26.547194	-23.613749	1145.287109	21.983469
-26.547194	-23.613749	1143.572266	27.839422
-26.547194	-23.613749	1141.859375	23.438414
-26.547194	-23.613749	1140.146484	13.181122
-26.547194	-23.613749	1138.431641	17.570847
-26.547194	-23.613749	1136.716797	19.030769
-26.547194	-23.613749	1135.001953	20.490030
-26.547194	-23.613749	1133.287109	23.411869
-26.547194	-23.613749	1131.570313	19.017830
-26.547194	-23.613749	1129.855469	19.013515
-26.547194	-23.613749	1128.138672	17.546957
-26.547194	-23.613749	1126.421875	24.852547
-26.547194	-23.613749	1124.703125	21.923742
-26.547194	-23.613749	1122.986328	20.457514
-26.547194	-23.613749	1121.267578	16.070110
-26.547194	-23.613749	1119.548828	21.908812
-26.547194	-23.613749	1117.830078	26.284601
-26.547194	-23.613749	1116.111328	21.898857
-26.547194	-23.613749	1114.392578	14.595921
-26.547194	-23.613749	1112.671875	18.970385
-26.547194	-23.613749	1110.951172	23.342857
-26.547194	-23.613749	1109.230469	16.044565
-26.547194	-23.613749	1107.509766	18.957445
-26.547194	-23.613749	1105.787109	18.953133
-26.547194	-23.613749	1104.066406	23.321625
-26.547194	-23.613749	1102.343750	17.487238
-26.547194	-23.613749	1100.621094	17.483257
-26.547194	-23.613749	1098.896484	16.022671
-26.547194	-23.613749	1097.173828	21.844120
-26.547194	-23.613749	1095.449219	17.471315
-26.547194	-23.613749	1093.724609	23.289780
-26.547194	-23.613749	1092.000000	17.463354
-26.547194	-23.613749	1090.275391	16.004425
-26.547194	-23.613749	1088.550781	16.000776
-26.547194	-23.613749	1086.824219	15.997128
-26.547194	-23.613749	1085.097656	15.993480
-26.547194	-23.613749	1083.371094	21.804316
-26.547194	-23.613749	1081.644531	14.532893
-26.547194	-23.613749	1079.916016	14.529576
-26.547194	-23.613749	1078.189453	20.336763
-26.547194	-23.613749	1076.460938	17.427532
-26.547194	-23.613749	1074.732422	20.327477
-26.547194	-23.613749	1073.001953	23.226095
-26.547194	-23.613749	1071.273438	18.866892
-26.547194	-23.613749	1069.542969	20.313547
-26.547194	-23.613749	1067.812500	20.308905
-26.547194	-23.613749	1066.082031	17.403652
-26.547194	-23.613749	1064.351563	20.299618
-26.547194	-23.613749	1062.619141	20.294975
-26.547194	-23.613749	1060.888672	17.391714
-26.547194	-23.613749	1059.156250	26.081602
-26.547194	-23.613749	1057.421875	11.589170
-26.547194	-23.613749	1055.689453	17.379776
-26.547194	-23.613749	1053.957031	23.167728
-26.547194	-23.613749	1052.222656	15.924166
-26.547194	-23.613749	1050.488281	26.051758
-26.547194	-23.613749	1048.753906	24.598801
-26.547194	-23.613749	1047.019531	24.593164
-26.547194	-23.613749	1045.283203	23.141201
-26.547194	-23.613749	1043.546875	14.459935
-26.547194	-23.613749	1041.810547	24.576254
-26.547194	-23.613749	1040.074219	14.453304
-26.547194	-23.613749	1038.337891	24.564981
-26.547194	-23.613749	1036.599609	30.338013
-26.547194	-23.613749	1034.861328	15.887693
-26.547194	-23.613749	1033.123047	20.216059
-26.547194	-23.613749	1031.384766	14.436727
-26.547194	-23.613749	1029.646484	15.876753
-26.547194	-23.613749	1027.906250	25.974174
-26.547194	-23.613749	1026.167969	24.525528
-26.547194	-23.613749	1024.427734	21.635199
-26.547194	-23.613749	1022.685547	23.072243
-26.547194	-23.613749	1020.945313	15.858521
-26.547194	-23.613749	1019.203125	25.944338
-26.547194	-23.613749	1017.462891	24.497351
-26.547194	-23.613749	1015.720703	20.169649
-26.547194	-23.613749	1013.976563	20.165009
-26.547194	-23.613749	1012.234375	23.040421
-26.547194	-23.613749	1010.490234	18.716032
-26.547194	-23.613749	1008.746094	21.590450
-26.547194	-23.613749	1007.001953	27.341606
-26.547194	-23.613749	1005.257813	30.212709
-26.547194	-23.613749	1003.513672	23.013905
-26.547194	-23.613749	1001.767578	25.884678
-26.547194	-23.613749	1000.021484	31.629536
-26.547194	-23.613749	998.275391	25.872746
-26.547194	-23.613749	996.529297	25.866781
-26.547194	-23.613749	994.781250	24.424105
-26.547194	-23.613749	993.035156	22.982090
-26.547194	-23.613749	991.287109	21.540739
-26.547194	-23.613749	989.539063	25.842922
-26.547194	-23.613749	987.789063	54.544685
-26.547194	-23.613749	986.041016	37.311432
-26.547194	-23.613749	984.291016	32.998646
-26.547194	-23.613749	982.541016	38.728596
-26.547194	-23.613749	980.791016	43.021832
-26.547194	-23.613749	979.041016	37.276974
-26.547194	-23.613749	977.289063	40.135155
-26.547194	-23.613749	975.537109	34.393612
-26.547194	-23.613749	973.785156	40.116604
-26.547194	-23.613749	972.033203	35.810112
-26.547194	-23.613749	970.281250	31.505611
-26.547194	-23.613749	968.527344	32.930065
-26.547194	-23.613749	966.773438	41.510910
-26.547194	-23.613749	965.019531	35.776985
-26.547194	-23.613749	963.265625	38.630199
-26.547194	-23.613749	961.511719	41.482090
-26.547194	-23.613749	959.755859	31.461885
-26.547194	-23.613749	958.000000	32.884354
-26.547194	-23.613749	956.244141	32.876736
-26.547194	-23.613749	954.488281	31.440023
-26.547194	-23.613749	952.730469	28.575216
-26.547194	-23.613749	950.974609	32.853882
-26.547194	-23.613749	949.216797	39.986755
-26.547194	-23.613749	947.458984	37.121948
-26.547194	-23.613749	945.701172	41.395645
-26.547194	-23.613749	943.941406	34.250519
-26.547194	-23.613749	942.181641	29.962250
-26.547194	-23.613749	940.421875	35.661064
-26.547194	-23.613749	938.662109	41.357235
-26.547194	-23.613749	936.902344	29.941387
-26.547194	-23.613749	935.140625	29.934435
-26.547194	-23.613749	933.380859	32.777718
-26.547194	-23.613749	931.619141	28.495741
-26.547194	-23.613749	929.855469	19.942383
-26.547194	-23.613749	928.093750	21.361874
-26.547194	-23.613749	926.330078	19.933113
-26.547194	-23.613749	924.568359	14.234628
-26.547194	-23.613749	922.804688	21.346975
-26.547194	-23.613749	921.039063	21.342010
-26.547194	-23.613749	919.275391	25.604454
-26.547194	-23.613749	917.509766	22.754219
-26.547194	-23.613749	915.744141	18.483500
-26.547194	-23.613749	913.978516	12.793290
-26.547194	-23.613749	912.212891	22.738331
-26.547194	-23.613749	910.447266	18.470591
-26.547194	-23.613749	908.679688	18.466290
-26.547194	-23.613749	906.912109	19.882139
-26.547194	-23.613749	905.144531	22.717150
-26.547194	-23.613749	903.375000	19.872873
-26.547194	-23.613749	901.607422	17.029921
-26.547194	-23.613749	899.837891	17.025949
-26.547194	-23.613749	898.068359	22.695972
-26.547194	-23.613749	896.298828	25.527012
-26.547194	-23.613749	894.529297	29.774567
-26.547194	-23.613749	892.757813	25.515102
-26.547194	-23.613749	890.986328	18.423273
-26.547194	-23.613749	889.214844	22.669504
-26.547194	-23.613749	887.443359	26.913750
-26.547194	-23.613749	885.669922	26.907465
-26.547194	-23.613749	883.898438	21.237774
-26.547194	-23.613749	882.125000	24.063852
-26.547194	-23.613749	880.351563	26.888609
-26.547194	-23.613749	878.578125	26.882326
-26.547194	-23.613749	876.802734	22.632456
-26.547194	-23.613749	875.027344	25.455559
-26.547194	-23.613749	873.251953	24.035740
-26.547194	-23.613749	871.476563	22.616581
-26.547194	-23.613749	869.701172	28.264112
-26.547194	-23.613749	867.923828	22.605999
-26.547194	-23.613749	866.146484	18.363075
-26.547194	-23.613749	864.369141	22.595417
-26.547194	-23.613749	862.591797	24.002010
-26.547194	-23.613749	860.814453	19.761732
-26.547194	-23.613749	859.035156	23.990770
-26.547194	-23.613749	857.255859	21.163366
-26.547194	-23.613749	855.476563	23.979528
-26.547194	-23.613749	853.697266	21.153450
-26.547194	-23.613749	851.916016	25.378189
-26.547194	-23.613749	850.136719	22.553102
-26.547194	-23.613749	848.355469	26.775528
-26.547194	-23.613749	846.574219	21.133617
-26.547194	-23.613749	844.791016	26.762970
-26.547194	-23.613749	843.009766	26.756691
-26.547194	-23.613749	841.226563	25.342495
-26.547194	-23.613749	839.443359	25.336546
-26.547194	-23.613749	837.660156	28.145109
-26.547194	-23.613749	835.875000	22.510801
-26.547194	-23.613749	834.091797	26.725298
-26.547194	-23.613749	832.306641	23.906492
-26.547194	-23.613749	830.521484	23.900875
-26.547194	-23.613749	828.734375	23.895260
-26.547194	-23.613749	826.949219	19.673824
-26.547194	-23.613749	825.162109	21.074142
-26.547194	-23.613749	823.375000	19.664576
-26.547194	-23.613749	821.587891	29.489927
-26.547194	-23.613749	819.800781	18.251375
-26.547194	-23.613749	818.011719	18.247082
-26.547194	-23.613749	816.222656	22.452663
-26.547194	-23.613749	814.433594	21.044418
-26.547194	-23.613749	812.644531	15.428941
-26.547194	-23.613749	810.855469	21.034512
-26.547194	-23.613749	809.064453	21.029558
-26.547194	-23.613749	807.273438	22.426247
-26.547194	-23.613749	805.482422	18.217033
-26.547194	-23.613749	803.691406	26.618622
-26.547194	-23.613749	801.898438	19.609100
-26.547194	-23.613749	800.107422	25.205759
-26.547194	-23.613749	798.314453	23.799828
-26.547194	-23.613749	796.521484	18.195578
-26.547194	-23.613749	794.726563	25.187935
-26.547194	-23.613749	792.933594	25.181995
-26.547194	-23.613749	791.138672	25.176054
-26.547194	-23.613749	789.343750	25.170115
-26.547194	-23.613749	787.546875	20.970146
-26.547194	-23.613749	785.751953	18.169838
-26.547194	-23.613749	783.955078	20.960247
-26.547194	-23.613749	782.158203	27.940399
-26.547194	-23.613749	780.361328	18.156971
-26.547194	-23.613749	778.564453	25.134483
-26.547194	-23.613749	776.765625	18.148394
-26.547194	-23.613749	774.968750	27.914009
-26.547194	-23.613749	773.169922	32.093525
-26.547194	-23.613749	771.369141	25.110735
-26.547194	-23.613749	769.570313	29.288933
-26.547194	-23.613749	767.769531	25.098864
-26.547194	-23.613749	765.970703	20.910774
-26.547194	-23.613749	764.167969	20.905828
-26.547194	-23.613749	762.367188	26.474451
-26.547194	-23.613749	760.566406	19.502874
-26.547194	-23.613749	758.763672	25.069191
-26.547194	-23.613749	756.960938	27.848064
-26.547194	-23.613749	755.158203	23.665251
-26.547194	-23.613749	753.353516	32.010113
-26.547194	-23.613749	751.550781	27.828289
-26.547194	-23.613749	749.746094	37.559292
-26.547194	-23.613749	747.941406	23.642841
-26.547194	-23.613749	746.136719	25.027666
-26.547194	-23.613749	744.330078	20.851446
-26.547194	-23.613749	742.523438	26.405571
-26.547194	-23.613749	740.718750	19.452126
-26.547194	-23.613749	738.910156	25.003944
-26.547194	-23.613749	737.103516	24.998016
-26.547194	-23.613749	735.294922	26.380537
-26.547194	-23.613749	733.488281	33.314877
-26.547194	-23.613749	731.679688	31.919184
-26.547194	-23.613749	729.869141	29.136688
-26.547194	-23.613749	728.060547	19.419847
-26.547194	-23.613749	726.250000	22.188845
-26.547194	-23.613749	724.439453	22.183577
-26.547194	-23.613749	722.628906	24.950598
-26.547194	-23.613749	720.818359	23.558857
-26.547194	-23.613749	719.005859	20.782290
-26.547194	-23.613749	717.195313	12.466412
-26.547194	-23.613749	715.382813	15.233105
-26.547194	-23.613749	713.568359	17.998482
-26.547194	-23.613749	711.755859	29.067560
-26.547194	-23.613749	709.941406	15.222245
-26.547194	-23.613749	708.126953	16.602139
-26.547194	-23.613749	706.312500	17.981373
-26.547194	-23.613749	704.498047	23.508511
-26.547194	-23.613749	702.681641	26.267967
-26.547194	-23.613749	700.867188	19.350739
-26.547194	-23.613749	699.050781	23.491735
-26.547194	-23.613749	697.232422	24.867683
-26.547194	-23.613749	695.416016	29.005390
-26.547194	-23.613749	693.597656	19.332323
-26.547194	-23.613749	691.779297	22.088823
-26.547194	-23.613749	689.960938	20.703341
-26.547194	-23.613749	688.142578	19.318516
-26.547194	-23.613749	686.324219	17.934349
-26.547194	-23.613749	684.503906	26.205496
-26.547194	-23.613749	682.683594	22.062527
-26.547194	-23.613749	680.863281	23.435848
-26.547194	-23.613749	679.041016	22.052011
-26.547194	-23.613749	677.218750	23.424677
-26.547194	-23.613749	675.398438	20.663904
-26.547194	-23.613749	673.576172	17.904446
-26.547194	-23.613749	671.751953	30.292604
-26.547194	-23.613749	669.929688	27.532162
-26.547194	-23.613749	668.105469	22.020475
-26.547194	-23.613749	666.281250	20.639269
-26.547194	-23.613749	664.457031	22.009966
-26.547194	-23.613749	662.630859	24.755302
-26.547194	-23.613749	660.806641	24.749393
-26.547194	-23.613749	658.980469	32.991310
-26.547194	-23.613749	657.154297	26.111885
-26.547194	-23.613749	655.326172	31.601574
-26.547194	-23.613749	653.500000	32.967678
-26.547194	-23.613749	651.671875	26.093178
-26.547194	-23.613749	649.843750	27.459940
-26.547194	-23.613749	648.015625	20.590033
-26.547194	-23.613749	646.185547	28.819157
-26.547194	-23.613749	644.357422	24.696230
-26.547194	-23.613749	642.527344	26.062010
-26.547194	-23.613749	640.697266	30.169847
-26.547194	-23.613749	638.865234	26.049547
-26.547194	-23.613749	637.035156	39.750324
-26.547194	-23.613749	635.203125	23.296341
-26.547194	-23.613749	633.371094	30.140991
-26.547194	-23.613749	631.539063	35.612648
-26.547194	-23.613749	629.705078	34.234737
-26.547194	-23.613749	627.873047	30.119358
-26.547194	-23.613749	626.039063	34.218349
-26.547194	-23.613749	624.203125	30.104939
-26.547194	-23.613749	622.369141	31.465807
-26.547194	-23.613749	620.535156	27.355019
-26.547194	-23.613749	618.699219	34.185585
-26.547194	-23.613749	616.863281	31.443203
-26.547194	-23.613749	615.025391	24.601828
-26.547194	-23.613749	613.189453	27.328815
-26.547194	-23.613749	611.351563	31.420605
-26.547194	-23.613749	609.513672	28.681503
-26.547194	-23.613749	607.675781	28.674627
-26.547194	-23.613749	605.837891	32.763145
-26.547194	-23.613749	603.998047	30.025682
-26.547194	-23.613749	602.158203	45.027721
-26.547194	-23.613749	600.318359	30.011282
-26.547194	-23.613749	598.478516	27.276438
-26.547194	-23.613749	596.636719	32.723873
-26.547194	-23.613749	594.796875	29.989687
-26.547194	-23.613749	592.955078	23.168287
-26.547194	-23.613749	591.111328	29.975294
-26.547194	-23.613749	589.269531	21.794981
-26.547194	-23.613749	587.425781	25.875326
-26.547194	-23.613749	585.583984	13.615323
-26.547194	-23.613749	583.738281	20.418081
-26.547194	-23.613749	581.894531	27.217569
-26.547194	-23.613749	580.050781	23.129377
-26.547194	-23.613749	578.205078	25.844271
-26.547194	-23.613749	576.359375	24.478163
-26.547194	-23.613749	574.513672	28.550995
-26.547194	-23.613749	572.666016	24.466400
-26.547194	-23.613749	570.818359	25.819439
-26.547194	-23.613749	568.970703	24.454641
-26.547194	-23.613749	567.123047	19.015703
-26.547194	-23.613749	565.275391	21.727007
-26.547194	-23.613749	563.425781	25.794617
-26.547194	-23.613749	561.576172	24.431129
-26.547194	-23.613749	559.726563	21.711336
-26.547194	-23.613749	557.876953	31.202538
-26.547194	-23.613749	556.027344	31.195032
-26.547194	-23.613749	554.175781	28.475567
-26.547194	-23.613749	552.324219	23.046103
-26.547194	-23.613749	550.472656	23.040556
-26.547194	-23.613749	548.619141	28.455013
-26.547194	-23.613749	546.767578	37.930885
-26.547194	-23.613749	544.914063	33.858707
-26.547194	-23.613749	543.060547	27.080444
-26.547194	-23.613749	541.205078	32.488708
-26.547194	-23.613749	539.351563	36.540993
-26.547194	-23.613749	537.496094	36.532192
-26.547194	-23.613749	535.640625	41.934265
-26.547194	-23.613749	533.785156	41.924164
-26.547194	-23.613749	531.927734	51.378525
-26.547194	-23.613749	530.070313	71.642258
-26.547194	-23.613749	528.212891	79.733482
-26.547194	-23.613749	526.355469	112.140404
-26.547194	-23.613749	524.498047	186.405365
-26.547194	-23.613749	522.638672	387.575684
-26.547194	-23.613749	520.779297	619.701538
-26.547194	-23.613749	518.919922	481.873871
-26.547194	-23.613749	517.060547	271.241699
-26.547194	-23.613749	515.199219	148.404938
-26.547194	-23.613749	513.339844	93.067917
-26.547194	-23.613749	511.478516	70.121216
-26.547194	-23.613749	509.615234	66.059822
-26.547194	-23.613749	507.753906	60.652546
-26.547194	-23.613749	505.890625	61.985420
-26.547194	-23.613749	504.027344	53.887356
-26.547194	-23.613749	502.164063	59.261787
-26.547194	-23.613749	500.300781	53.861347
-26.547194	-23.613749	498.435547	65.964226
-26.547194	-23.613749	496.570313	55.181229
-26.547194	-23.613749	494.705078	61.895699
-26.547194	-23.613749	492.839844	48.428413
-26.547194	-23.613749	490.972656	53.796352
-26.547194	-23.613749	489.107422	53.783360
-26.547194	-23.613749	487.240234	45.704815
-26.547194	-23.613749	485.371094	40.318035
-26.547194	-23.613749	483.503906	44.339123
-26.547194	-23.613749	481.634766	40.298553
-26.547194	-23.613749	479.765625	40.288818
-26.547194	-23.613749	477.896484	40.279079
-26.547194	-23.613749	476.027344	40.269344
-26.547194	-23.613749	474.156250	38.917625
-26.547194	-23.613749	472.285156	37.566555
-26.547194	-23.613749	470.414063	29.509443
-26.547194	-23.613749	468.542969	26.820280
-26.547194	-23.613749	466.669922	32.176556
-26.547194	-23.613749	464.796875	34.849503
-26.547194	-23.613749	462.923828	26.800827
-26.547194	-23.613749	461.050781	36.172367
-26.547194	-23.613749	459.177734	34.824223
-26.547194	-23.613749	457.302734	32.137661
-26.547194	-23.613749	455.427734	24.097414
-26.547194	-23.613749	453.552734	26.768427
-26.547194	-23.613749	451.675781	36.128632
-26.547194	-23.613749	449.800781	33.444344
-26.547194	-23.613749	447.923828	22.736649
-26.547194	-23.613749	446.046875	32.091030
-26.547194	-23.613749	444.169922	37.430473
-26.547194	-23.613749	442.291016	32.075497
-26.547194	-23.613749	440.412109	38.748508
-26.547194	-23.613749	438.533203	28.052471
-26.547194	-23.613749	436.654297	38.729748
-26.547194	-23.613749	434.773438	32.044445
-26.547194	-23.613749	432.894531	29.366961
-26.547194	-23.613749	431.013672	25.356232
-26.547194	-23.613749	429.130859	20.013229
-26.547194	-23.613749	427.250000	26.677843
-26.547194	-23.613749	425.367188	32.005657
-26.547194	-23.613749	423.484375	31.997902
-26.547194	-23.613749	421.601563	26.658459
-26.547194	-23.613749	419.718750	27.984600
-26.547194	-23.613749	417.833984	23.980988
-26.547194	-23.613749	415.949219	26.639084
-26.547194	-23.613749	414.064453	38.617310
-26.547194	-23.613749	412.179688	22.632248
-26.547194	-23.613749	410.294922	27.950706
-26.547194	-23.613749	408.408203	25.282604
-26.547194	-23.613749	406.521484	31.928179
-26.547194	-23.613749	404.634766	31.920439
-26.547194	-23.613749	402.746094	47.869049
-26.547194	-23.613749	400.857422	53.174938
-26.547194	-23.613749	398.968750	70.439705
-26.547194	-23.613749	397.080078	83.709915
-26.547194	-23.613749	395.191406	67.748734
-26.547194	-23.613749	393.300781	83.669319
-26.547194	-23.613749	391.410156	59.749302
-26.547194	-23.613749	389.519531	59.734810
-26.547194	-23.613749	387.628906	58.393204
-26.547194	-23.613749	385.736328	49.091461
-26.547194	-23.613749	383.843750	50.406029
-26.547194	-23.613749	381.951172	49.067646
-26.547194	-23.613749	380.058594	43.752419
-26.547194	-23.613749	378.164063	58.322403
-26.547194	-23.613749	376.271484	62.283813
-26.547194	-23.613749	374.376953	75.517357
-26.547194	-23.613749	372.480469	67.551765
-26.547194	-23.613749	370.585938	56.941586
-26.547194	-23.613749	368.689453	58.251667
-26.547194	-23.613749	366.792969	47.648888
-26.547194	-23.613749	364.896484	42.344284
-26.547194	-23.613749	363.000000	43.656944
-26.547194	-23.613749	361.101563	58.195129
-26.547194	-23.613749	359.203125	52.891819
-26.547194	-23.613749	357.304688	59.488850
-26.547194	-23.613749	355.406250	47.579525
-26.547194	-23.613749	353.505859	46.246639
-26.547194	-23.613749	351.605469	48.877434
-26.547194	-23.613749	349.705078	52.827637
-26.547194	-23.613749	347.804688	48.853699
-26.547194	-23.613749	345.902344	47.521786
-26.547194	-23.613749	344.001953	36.952412
-26.547194	-23.613749	342.099609	48.818111
-26.547194	-23.613749	340.195313	54.082607
-26.547194	-23.613749	338.292969	42.200562
-26.547194	-23.613749	336.388672	43.508759
-26.547194	-23.613749	334.484375	30.316921
-26.547194	-23.613749	332.580078	36.898590
-26.547194	-23.613749	330.675781	34.254654
-26.547194	-23.613749	328.769531	42.149330
-26.547194	-23.613749	326.863281	34.238010
-26.547194	-23.613749	324.957031	32.913166
-26.547194	-23.613749	323.048828	25.007929
-26.547194	-23.613749	321.142578	23.685966
-26.547194	-23.613749	319.234375	26.311344
-26.547194	-23.613749	317.326172	36.826931
-26.547194	-23.613749	315.417969	26.298559
-26.547194	-23.613749	313.507813	26.292170
-26.547194	-23.613749	311.597656	35.485802
-26.547194	-23.613749	309.687500	39.419086
-26.547194	-23.613749	307.777344	28.900305
-26.547194	-23.613749	305.865234	35.459938
-26.547194	-23.613749	303.955078	36.764332
-26.547194	-23.613749	302.042969	32.817318
-26.547194	-23.613749	300.128906	32.809341
-26.547194	-23.613749	298.216797	30.177258
-26.547194	-23.613749	296.302734	38.040337
-26.547194	-23.613749	294.388672	36.719673
-26.547194	-23.613749	292.474609	35.399651
-26.547194	-23.613749	290.560547	34.080265
-26.547194	-23.613749	288.644531	40.624283
-26.547194	-23.613749	286.728516	43.234692
-26.547194	-23.613749	284.812500	40.604534
-26.547194	-23.613749	282.896484	52.380211
-26.547194	-23.613749	280.978516	49.749104
-26.547194	-23.613749	279.060547	51.045879
-26.547194	-23.613749	277.142578	64.118973
-26.547194	-23.613749	275.224609	62.795155
-26.547194	-23.613749	273.304688	61.471973
-26.547194	-23.613749	271.384766	62.764626
-26.547194	-23.613749	269.464844	71.900314
-26.547194	-23.613749	267.544922	75.803711
-26.547194	-23.613749	265.623047	103.224785
-26.547194	-23.613749	263.703125	195.948776
-26.547194	-23.613749	261.781250	305.605774
-26.547194	-23.613749	259.857422	302.920074
-26.547194	-23.613749	257.935547	259.769135
-26.547194	-23.613749	256.011719	238.825089
-26.547194	-23.613749	254.087891	247.900192
-26.547194	-23.613749	252.164063	559.596436
-26.547194	-23.613749	250.240234	1834.873535
-26.547194	-23.613749	248.314453	1818.781982
-26.547194	-23.613749	246.388672	765.136536
-26.547194	-23.613749	244.462891	374.004761
-26.547194	-23.613749	242.535156	237.116074
-26.547194	-23.613749	240.609375	204.495453
-26.547194	-23.613749	238.681641	157.566452
-26.547194	-23.613749	236.753906	122.377235
-26.547194	-23.613749	234.824219	119.744347
-26.547194	-23.613749	232.896484	92.388924
-26.547194	-23.613749	230.966797	87.162720
-26.547194	-23.613749	229.037109	71.534088
-26.547194	-23.613749	227.107422	63.714874
-26.547194	-23.613749	225.175781	75.399269
-26.547194	-23.613749	223.244141	80.579620
-26.547194	-23.613749	221.312500	90.954872
-26.547194	-23.613749	219.380859	81.839485
-26.547194	-23.613749	217.447266	76.624695
-26.547194	-23.613749	215.515625	71.412437
-26.547194	-23.613749	213.582031	75.289352
-26.547194	-23.613749	211.646484	68.782166
-26.547194	-23.613749	209.712891	51.898445
-26.547194	-23.613749	207.777344	53.182976
-26.547194	-23.613749	205.841797	47.982723
-26.547194	-23.613749	203.906250	44.081512
-26.547194	-23.613749	201.968750	34.997398
-26.547194	-23.613749	200.033203	41.468315
-26.547194	-23.613749	198.095703	34.980385
-26.547194	-23.613749	196.158203	33.676628
-26.547194	-23.613749	194.218750	25.898802
-26.547194	-23.613749	192.281250	34.954884
-26.547194	-23.613749	190.341797	25.886213
-26.547194	-23.613749	188.402344	29.761909
-26.547194	-23.613749	186.460938	29.754677
-26.547194	-23.613749	184.521484	28.454077
-26.547194	-23.613749	182.580078	28.447163
-26.547194	-23.613749	180.638672	19.391079
-26.547194	-23.613749	178.695313	21.971214
-26.547194	-23.613749	176.753906	25.842207
-26.547194	-23.613749	174.810547	25.835926
-26.547194	-23.613749	172.867188	24.538166
-26.547194	-23.613749	170.921875	21.949867
-26.547194	-23.613749	168.978516	25.817099
-26.547194	-23.613749	167.033203	29.682449
-26.547194	-23.613749	165.087891	25.804554
-26.547194	-23.613749	163.142578	23.218456
-26.547194	-23.613749	161.195313	29.660820
-26.547194	-23.613749	159.248047	25.785751
-26.547194	-23.613749	157.300781	33.513332
-26.547194	-23.613749	155.353516	32.216530
-26.547194	-23.613749	153.406250	34.785404
-26.547194	-23.613749	151.457031	24.472672
-26.547194	-23.613749	149.507813	37.343952
-26.547194	-23.613749	147.558594	32.185242
-26.547194	-23.613749	145.607422	51.483883
-26.547194	-23.613749	143.658203	43.750671
-26.547194	-23.613749	141.707031	50.172409
-26.547194	-23.613749	139.753906	52.732544
-26.547194	-23.613749	137.802734	65.578217
-26.547194	-23.613749	135.849609	65.562294
-26.547194	-23.613749	133.896484	60.405483
-26.547194	-23.613749	131.943359	42.402061
-26.547194	-23.613749	129.990234	56.522358
-26.547194	-23.613749	128.035156	59.077213
-26.547194	-23.613749	126.080078	46.223118
-26.547194	-23.613749	124.125000	48.779224
-26.547194	-23.613749	122.169922	46.200684
-26.547194	-23.613749	120.212891	56.453796
-26.547194	-23.613749	118.255859	61.571014
-26.547194	-23.613749	116.298828	57.708820
-26.547194	-23.613749	114.341797	48.720066
-26.547194	-23.613749	112.382813	38.453876
-26.547194	-23.613749	110.423828	30.755638
-26.547194	-23.613749	108.464844	28.185829
-26.547194	-23.613749	106.505859	23.055538
-26.547194	-23.613749	104.544922	12.805526
-26.547194	-23.613749	102.585938	15.362904
-26.547194	-23.613749	100.625000	6.399657
-26.547194	-23.613749	98.662109	0.000000
-26.547194	-23.613749	96.701172	1.279311
-26.547194	-23.613749	94.738281	3.837002
-26.547194	-23.613749	92.775391	0.000000
-26.547194	-23.613749	90.812500	1.278380
-26.547194	-23.613749	88.847656	0.000000
-26.547194	-23.613749	86.882813	-1.277761
-26.547194	-23.613749	84.917969	3.832353
-26.547194	-23.613749	82.953125	-2.554283
-26.547194	-23.613749	80.988281	1.276832
-26.547194	-23.613749	79.021484	1.276522
-26.547194	-23.613749	77.054688	2.552426
-26.547194	-23.613749	75.087891	-1.275904
-26.547194	-23.613749	73.119141	0.000000
-26.547194	-23.613749	71.152344	2.550571
-26.547194	-23.613749	69.183594	2.549954
-26.547194	-23.613749	67.212891	1.274668
-26.547194	-23.613749	65.244141	-1.274359
-26.547194	-23.613749	63.273438	2.548101
-26.547194	-23.613749	61.302734	2.547484
-26.547194	-23.613749	59.332031	1.273434
-23.547194	-23.613749	1838.626953	19.285784
-23.547194	-23.613749	1837.066406	19.285784
-23.547194	-23.613749	1835.503906	24.102098
-23.547194	-23.613749	1833.941406	20.884041
-23.547194	-23.613749	1832.378906	22.485720
-23.547194	-23.613749	1830.816406	20.875154
-23.547194	-23.613749	1829.251953	22.476151
-23.547194	-23.613749	1827.687500	24.076466
-23.547194	-23.613749	1826.125000	22.466585
-23.547194	-23.613749	1824.560547	24.066219
-23.547194	-23.613749	1822.994141	24.061098
-23.547194	-23.613749	1821.429688	19.244781
-23.547194	-23.613749	1819.865234	22.447466
-23.547194	-23.613749	1818.298828	24.045738
-23.547194	-23.613749	1816.732422	17.629787
-23.547194	-23.613749	1815.166016	28.842604
-23.547194	-23.613749	1813.599609	19.224310
-23.547194	-23.613749	1812.033203	20.821901
-23.547194	-23.613749	1810.464844	20.817469
-23.547194	-23.613749	1808.896484	19.212034
-23.547194	-23.613749	1807.330078	16.006620
-23.547194	-23.613749	1805.759766	25.605141
-23.547194	-23.613749	1804.191406	17.599787
-23.547194	-23.613749	1802.623047	22.394960
-23.547194	-23.613749	1801.052734	15.992994
-23.547194	-23.613749	1799.484375	19.187508
-23.547194	-23.613749	1797.914063	22.380657
-23.547194	-23.613749	1796.343750	19.179337
-23.547194	-23.613749	1794.771484	20.773190
-23.547194	-23.613749	1793.201172	14.378377
-23.547194	-23.613749	1791.628906	20.764343
-23.547194	-23.613749	1790.058594	19.163004
-23.547194	-23.613749	1788.486328	15.965769
-23.547194	-23.613749	1786.914063	17.558605
-23.547194	-23.613749	1785.339844	19.150763
-23.547194	-23.613749	1783.767578	25.528912
-23.547194	-23.613749	1782.193359	25.523474
-23.547194	-23.613749	1780.621094	17.543650
-23.547194	-23.613749	1779.046875	20.728987
-23.547194	-23.613749	1777.470703	27.101362
-23.547194	-23.613749	1775.896484	31.877163
-23.547194	-23.613749	1774.322266	22.309259
-23.547194	-23.613749	1772.746094	19.118147
-23.547194	-23.613749	1771.169922	22.299753
-23.547194	-23.613749	1769.593750	22.295000
-23.547194	-23.613749	1768.017578	25.474571
-23.547194	-23.613749	1766.441406	23.877321
-23.547194	-23.613749	1764.863281	15.914821
-23.547194	-23.613749	1763.287109	25.458286
-23.547194	-23.613749	1761.708984	14.317233
-23.547194	-23.613749	1760.130859	31.809292
-23.547194	-23.613749	1758.552734	17.491381
-23.547194	-23.613749	1756.972656	22.257011
-23.547194	-23.613749	1755.394531	25.431162
-23.547194	-23.613749	1753.814453	22.247522
-23.547194	-23.613749	1752.234375	23.831547
-23.547194	-23.613749	1750.654297	22.238035
-23.547194	-23.613749	1749.074219	23.821384
-23.547194	-23.613749	1747.492188	15.877536
-23.547194	-23.613749	1745.912109	23.811224
-23.547194	-23.613749	1744.330078	28.567375
-23.547194	-23.613749	1742.748047	28.561281
-23.547194	-23.613749	1741.166016	26.968788
-23.547194	-23.613749	1739.583984	26.963036
-23.547194	-23.613749	1738.000000	25.371559
-23.547194	-23.613749	1736.417969	17.439226
-23.547194	-23.613749	1734.833984	17.435505
-23.547194	-23.613749	1733.250000	22.185905
-23.547194	-23.613749	1731.666016	26.934278
-23.547194	-23.613749	1730.082031	28.512562
-23.547194	-23.613749	1728.496094	26.922783
-23.547194	-23.613749	1726.912109	20.583616
-23.547194	-23.613749	1725.326172	18.996204
-23.547194	-23.613749	1723.740234	14.244111
-23.547194	-23.613749	1722.154297	20.570435
-23.547194	-23.613749	1720.566406	28.476059
-23.547194	-23.613749	1718.980469	22.143316
-23.547194	-23.613749	1717.392578	23.719915
-23.547194	-23.613749	1715.804688	20.552868
-23.547194	-23.613749	1714.216797	26.871088
-23.547194	-23.613749	1712.628906	28.445662
-23.547194	-23.613749	1711.041016	23.699654
-23.547194	-23.613749	1709.451172	18.955673
-23.547194	-23.613749	1707.861328	30.006735
-23.547194	-23.613749	1706.271484	22.105501
-23.547194	-23.613749	1704.681641	23.679405
-23.547194	-23.613749	1703.091797	23.674343
-23.547194	-23.613749	1701.501953	12.623618
-23.547194	-23.613749	1699.910156	20.508995
-23.547194	-23.613749	1698.318359	20.504610
-23.547194	-23.613749	1696.726563	20.500227
-23.547194	-23.613749	1695.134766	23.649050
-23.547194	-23.613749	1693.542969	22.067726
-23.547194	-23.613749	1691.949219	22.063007
-23.547194	-23.613749	1690.357422	26.785065
-23.547194	-23.613749	1688.763672	23.628826
-23.547194	-23.613749	1687.169922	23.623772
-23.547194	-23.613749	1685.576172	18.894974
-23.547194	-23.613749	1683.982422	18.890932
-23.547194	-23.613749	1682.386719	17.312983
-23.547194	-23.613749	1680.791016	25.177130
-23.547194	-23.613749	1679.195313	22.025274
-23.547194	-23.613749	1677.599609	14.156075
-23.547194	-23.613749	1676.003906	23.588408
-23.547194	-23.613749	1674.408203	26.727806
-23.547194	-23.613749	1672.810547	20.434534
-23.547194	-23.613749	1671.214844	17.287058
-23.547194	-23.613749	1669.617188	18.854570
-23.547194	-23.613749	1668.019531	18.850533
-23.547194	-23.613749	1666.419922	23.558117
-23.547194	-23.613749	1664.822266	20.412663
-23.547194	-23.613749	1663.222656	21.978157
-23.547194	-23.613749	1661.623047	26.682045
-23.547194	-23.613749	1660.023438	17.261154
-23.547194	-23.613749	1658.423828	23.532892
-23.547194	-23.613749	1656.824219	21.959326
-23.547194	-23.613749	1655.222656	23.522806
-23.547194	-23.613749	1653.623047	21.949913
-23.547194	-23.613749	1652.021484	28.215265
-23.547194	-23.613749	1650.419922	20.373323
-23.547194	-23.613749	1648.818359	28.203167
-23.547194	-23.613749	1647.214844	15.665067
-23.547194	-23.613749	1645.613281	20.360218
-23.547194	-23.613749	1644.009766	18.790016
-23.547194	-23.613749	1642.406250	26.613480
-23.547194	-23.613749	1640.802734	18.781956
-23.547194	-23.613749	1639.199219	15.648271
-23.547194	-23.613749	1637.593750	20.338387
-23.547194	-23.613749	1635.990234	15.641555
-23.547194	-23.613749	1634.384766	26.584936
-23.547194	-23.613749	1632.779297	31.269680
-23.547194	-23.613749	1631.173828	21.884077
-23.547194	-23.613749	1629.568359	21.879377
-23.547194	-23.613749	1627.960938	20.312202
-23.547194	-23.613749	1626.353516	18.745699
-23.547194	-23.613749	1624.748047	23.427090
-23.547194	-23.613749	1623.140625	23.422056
-23.547194	-23.613749	1621.531250	29.661564
-23.547194	-23.613749	1619.923828	14.047195
-23.547194	-23.613749	1618.314453	18.725569
-23.547194	-23.613749	1616.707031	23.401932
-23.547194	-23.613749	1615.097656	24.956694
-23.547194	-23.613749	1613.488281	21.832413
-23.547194	-23.613749	1611.878906	20.268597
-23.547194	-23.613749	1610.267578	24.940599
-23.547194	-23.613749	1608.656250	18.701427
-23.547194	-23.613749	1607.046875	21.813639
-23.547194	-23.613749	1605.435547	20.251163
-23.547194	-23.613749	1603.824219	18.689362
-23.547194	-23.613749	1602.210938	21.799562
-23.547194	-23.613749	1600.599609	18.681318
-23.547194	-23.613749	1598.986328	21.790180
-23.547194	-23.613749	1597.373047	18.673277
-23.547194	-23.613749	1595.759766	21.780800
-23.547194	-23.613749	1594.146484	20.220675
-23.547194	-23.613749	1592.533203	24.881624
-23.547194	-23.613749	1590.917969	15.547666
-23.547194	-23.613749	1589.302734	21.762043
-23.547194	-23.613749	1587.687500	26.419647
-23.547194	-23.613749	1586.072266	18.645144
-23.547194	-23.613749	1584.457031	21.747980
-23.547194	-23.613749	1582.839844	23.296387
-23.547194	-23.613749	1581.224609	17.080334
-23.547194	-23.613749	1579.607422	18.629076
-23.547194	-23.613749	1577.990234	21.729235
-23.547194	-23.613749	1576.373047	21.724550
-23.547194	-23.613749	1574.755859	20.168446
-23.547194	-23.613749	1573.136719	18.613012
-23.547194	-23.613749	1571.517578	21.710495
-23.547194	-23.613749	1569.898438	23.256227
-23.547194	-23.613749	1568.279297	26.351370
-23.547194	-23.613749	1566.660156	17.047207
-23.547194	-23.613749	1565.041016	17.043528
-23.547194	-23.613749	1563.419922	21.687078
-23.547194	-23.613749	1561.798828	21.682398
-23.547194	-23.613749	1560.177734	15.484082
-23.547194	-23.613749	1558.556641	27.865330
-23.547194	-23.613749	1556.935547	21.668352
-23.547194	-23.613749	1555.312500	23.211077
-23.547194	-23.613749	1553.691406	24.753132
-23.547194	-23.613749	1552.068359	21.654310
-23.547194	-23.613749	1550.445313	12.371218
-23.547194	-23.613749	1548.822266	17.006748
-23.547194	-23.613749	1547.197266	23.186007
-23.547194	-23.613749	1545.574219	21.635593
-23.547194	-23.613749	1543.949219	20.085850
-23.547194	-23.613749	1542.324219	10.813118
-23.547194	-23.613749	1540.699219	20.077162
-23.547194	-23.613749	1539.072266	13.896566
-23.547194	-23.613749	1537.447266	29.330847
-23.547194	-23.613749	1535.820313	23.150921
-23.547194	-23.613749	1534.193359	18.516727
-23.547194	-23.613749	1532.566406	18.512720
-23.547194	-23.613749	1530.939453	16.966318
-23.547194	-23.613749	1529.312500	23.130880
-23.547194	-23.613749	1527.683594	15.417247
-23.547194	-23.613749	1526.056641	21.579470
-23.547194	-23.613749	1524.427734	21.574795
-23.547194	-23.613749	1522.798828	18.488674
-23.547194	-23.613749	1521.167969	21.565447
-23.547194	-23.613749	1519.539063	30.801104
-23.547194	-23.613749	1517.908203	26.175262
-23.547194	-23.613749	1516.277344	20.012037
-23.547194	-23.613749	1514.646484	16.929590
-23.547194	-23.613749	1513.015625	18.464640
-23.547194	-23.613749	1511.384766	21.537405
-23.547194	-23.613749	1509.751953	27.684942
-23.547194	-23.613749	1508.121094	18.452623
-23.547194	-23.613749	1506.488281	12.299080
-23.547194	-23.613749	1504.855469	21.518717
-23.547194	-23.613749	1503.220703	19.977329
-23.547194	-23.613749	1501.587891	16.900223
-23.547194	-23.613749	1499.953125	18.432604
-23.547194	-23.613749	1498.318359	19.964317
-23.547194	-23.613749	1496.683594	18.424597
-23.547194	-23.613749	1495.048828	24.560793
-23.547194	-23.613749	1493.414063	21.486023
-23.547194	-23.613749	1491.777344	15.343824
-23.547194	-23.613749	1490.140625	16.874538
-23.547194	-23.613749	1488.505859	18.404585
-23.547194	-23.613749	1486.867188	18.400583
-23.547194	-23.613749	1485.230469	29.127920
-23.547194	-23.613749	1483.593750	24.523439
-23.547194	-23.613749	1481.955078	27.582867
-23.547194	-23.613749	1480.316406	16.852530
-23.547194	-23.613749	1478.677734	19.912291
-23.547194	-23.613749	1477.039063	18.376575
-23.547194	-23.613749	1475.400391	16.841528
-23.547194	-23.613749	1473.759766	16.837860
-23.547194	-23.613749	1472.119141	15.303812
-23.547194	-23.613749	1470.478516	22.950718
-23.547194	-23.613749	1468.837891	19.886290
-23.547194	-23.613749	1467.197266	22.940720
-23.547194	-23.613749	1465.556641	22.935720
-23.547194	-23.613749	1463.914063	21.402006
-23.547194	-23.613749	1462.271484	21.397341
-23.547194	-23.613749	1460.628906	19.864628
-23.547194	-23.613749	1458.986328	19.860296
-23.547194	-23.613749	1457.343750	16.801201
-23.547194	-23.613749	1455.699219	21.378681
-23.547194	-23.613749	1454.054688	19.847301
-23.547194	-23.613749	1452.410156	29.001265
-23.547194	-23.613749	1450.765625	25.942837
-23.547194	-23.613749	1449.121094	16.782877
-23.547194	-23.613749	1447.474609	18.304596
-23.547194	-23.613749	1445.830078	19.825647
-23.547194	-23.613749	1444.183594	22.870752
-23.547194	-23.613749	1442.537109	21.341372
-23.547194	-23.613749	1440.890625	19.812658
-23.547194	-23.613749	1439.242188	18.284611
-23.547194	-23.613749	1437.595703	22.850769
-23.547194	-23.613749	1435.947266	22.845774
-23.547194	-23.613749	1434.298828	16.749905
-23.547194	-23.613749	1432.650391	19.791012
-23.547194	-23.613749	1431.000000	22.830788
-23.547194	-23.613749	1429.351563	19.782354
-23.547194	-23.613749	1427.701172	22.820799
-23.547194	-23.613749	1426.050781	22.815805
-23.547194	-23.613749	1424.400391	16.727928
-23.547194	-23.613749	1422.750000	15.203878
-23.547194	-23.613749	1421.097656	25.840933
-23.547194	-23.613749	1419.447266	22.795830
-23.547194	-23.613749	1417.794922	28.868393
-23.547194	-23.613749	1416.142578	22.785845
-23.547194	-23.613749	1414.490234	21.262127
-23.547194	-23.613749	1412.835938	27.331030
-23.547194	-23.613749	1411.183594	22.770866
-23.547194	-23.613749	1409.529297	22.765873
-23.547194	-23.613749	1407.875000	25.795666
-23.547194	-23.613749	1406.220703	19.721771
-23.547194	-23.613749	1404.566406	18.200718
-23.547194	-23.613749	1402.910156	21.229513
-23.547194	-23.613749	1401.255859	16.676670
-23.547194	-23.613749	1399.599609	24.251652
-23.547194	-23.613749	1397.943359	19.700142
-23.547194	-23.613749	1396.287109	19.695816
-23.547194	-23.613749	1394.628906	25.750410
-23.547194	-23.613749	1392.970703	22.715960
-23.547194	-23.613749	1391.314453	21.196905
-23.547194	-23.613749	1389.656250	16.651051
-23.547194	-23.613749	1387.998047	24.214388
-23.547194	-23.613749	1386.337891	19.669865
-23.547194	-23.613749	1384.679688	19.665541
-23.547194	-23.613749	1383.019531	19.661217
-23.547194	-23.613749	1381.359375	19.656891
-23.547194	-23.613749	1379.699219	16.629095
-23.547194	-23.613749	1378.039063	19.648243
-23.547194	-23.613749	1376.376953	21.154989
-23.547194	-23.613749	1374.716797	25.682549
-23.547194	-23.613749	1373.054688	15.104055
-23.547194	-23.613749	1371.392578	21.141022
-23.547194	-23.613749	1369.728516	22.646105
-23.547194	-23.613749	1368.066406	21.131708
-23.547194	-23.613749	1366.402344	15.090753
-23.547194	-23.613749	1364.740234	21.122398
-23.547194	-23.613749	1363.076172	15.084102
-23.547194	-23.613749	1361.412109	19.605009
-23.547194	-23.613749	1359.746094	19.600687
-23.547194	-23.613749	1358.082031	19.596363
-23.547194	-23.613749	1356.416016	19.592041
-23.547194	-23.613749	1354.750000	22.601213
-23.547194	-23.613749	1353.083984	18.076981
-23.547194	-23.613749	1351.417969	18.072990
-23.547194	-23.613749	1349.750000	22.586252
-23.547194	-23.613749	1348.083984	18.065012
-23.547194	-23.613749	1346.416016	25.586449
-23.547194	-23.613749	1344.748047	18.057034
-23.547194	-23.613749	1343.078125	22.566305
-23.547194	-23.613749	1341.410156	16.544968
-23.547194	-23.613749	1339.740234	25.563843
-23.547194	-23.613749	1338.072266	27.061615
-23.547194	-23.613749	1336.402344	18.037088
-23.547194	-23.613749	1334.730469	27.049648
-23.547194	-23.613749	1333.060547	21.033962
-23.547194	-23.613749	1331.388672	19.527214
-23.547194	-23.613749	1329.718750	22.526417
-23.547194	-23.613749	1328.046875	24.022860
-23.547194	-23.613749	1326.375000	24.017542
-23.547194	-23.613749	1324.701172	18.009169
-23.547194	-23.613749	1323.029297	22.506474
-23.547194	-23.613749	1321.355469	21.001390
-23.547194	-23.613749	1319.681641	19.496971
-23.547194	-23.613749	1318.007813	20.992085
-23.547194	-23.613749	1316.333984	14.991023
-23.547194	-23.613749	1314.660156	20.982780
-23.547194	-23.613749	1312.984375	20.978127
-23.547194	-23.613749	1311.308594	19.475370
-23.547194	-23.613749	1309.632813	22.466597
-23.547194	-23.613749	1307.957031	25.456493
-23.547194	-23.613749	1306.279297	13.473976
-23.547194	-23.613749	1304.603516	16.464539
-23.547194	-23.613749	1302.925781	19.453772
-23.547194	-23.613749	1301.248047	26.930010
-23.547194	-23.613749	1299.570313	23.932470
-23.547194	-23.613749	1297.892578	19.440813
-23.547194	-23.613749	1296.212891	20.931608
-23.547194	-23.613749	1294.533203	14.947826
-23.547194	-23.613749	1292.853516	14.944505
-23.547194	-23.613749	1291.173828	17.929419
-23.547194	-23.613749	1289.494141	25.394361
-23.547194	-23.613749	1287.812500	20.908352
-23.547194	-23.613749	1286.132813	14.931215
-23.547194	-23.613749	1284.451172	14.927894
-23.547194	-23.613749	1282.769531	19.401943
-23.547194	-23.613749	1281.085938	17.905500
-23.547194	-23.613749	1279.404297	20.885099
-23.547194	-23.613749	1277.720703	20.880447
-23.547194	-23.613749	1276.039063	20.875797
-23.547194	-23.613749	1274.355469	17.889555
-23.547194	-23.613749	1272.669922	22.356960
-23.547194	-23.613749	1270.986328	19.371716
-23.547194	-23.613749	1269.300781	17.877598
-23.547194	-23.613749	1267.615234	23.831482
-23.547194	-23.613749	1265.929688	19.358761
-23.547194	-23.613749	1264.244141	13.399230
-23.547194	-23.613749	1262.558594	17.861654
-23.547194	-23.613749	1260.871094	20.833946
-23.547194	-23.613749	1259.185547	16.365875
-23.547194	-23.613749	1257.498047	19.337172
-23.547194	-23.613749	1255.808594	19.332855
-23.547194	-23.613749	1254.121094	13.381295
-23.547194	-23.613749	1252.433594	26.756613
-23.547194	-23.613749	1250.744141	20.806049
-23.547194	-23.613749	1249.054688	20.801399
-23.547194	-23.613749	1247.365234	22.282232
-23.547194	-23.613749	1245.673828	22.277252
-23.547194	-23.613749	1243.984375	20.787453
-23.547194	-23.613749	1242.292969	20.782803
-23.547194	-23.613749	1240.601563	20.778154
-23.547194	-23.613749	1238.910156	19.289682
-23.547194	-23.613749	1237.218750	20.768856
-23.547194	-23.613749	1235.525391	19.281050
-23.547194	-23.613749	1233.833984	17.793907
-23.547194	-23.613749	1232.140625	26.684885
-23.547194	-23.613749	1230.447266	23.714584
-23.547194	-23.613749	1228.753906	13.336465
-23.547194	-23.613749	1227.058594	19.259466
-23.547194	-23.613749	1225.365234	25.179811
-23.547194	-23.613749	1223.669922	19.250834
-23.547194	-23.613749	1221.974609	20.727018
-23.547194	-23.613749	1220.277344	11.841354
-23.547194	-23.613749	1218.582031	14.798373
-23.547194	-23.613749	1216.884766	16.274559
-23.547194	-23.613749	1215.189453	16.270906
-23.547194	-23.613749	1213.492188	20.703779
-23.547194	-23.613749	1211.792969	25.134659
-23.547194	-23.613749	1210.095703	22.172659
-23.547194	-23.613749	1208.396484	26.601215
-23.547194	-23.613749	1206.699219	22.162701
-23.547194	-23.613749	1205.000000	22.157721
-23.547194	-23.613749	1203.298828	17.722193
-23.547194	-23.613749	1201.599609	10.335622
-23.547194	-23.613749	1199.900391	19.190411
-23.547194	-23.613749	1198.199219	20.661949
-23.547194	-23.613749	1196.498047	19.181780
-23.547194	-23.613749	1194.796875	25.078222
-23.547194	-23.613749	1193.093750	16.223434
-23.547194	-23.613749	1191.392578	25.066936
-23.547194	-23.613749	1189.689453	20.638712
-23.547194	-23.613749	1187.986328	16.212479
-23.547194	-23.613749	1186.283203	11.788239
-23.547194	-23.613749	1184.580078	17.678375
-23.547194	-23.613749	1182.875000	20.620123
-23.547194	-23.613749	1181.169922	17.670408
-23.547194	-23.613749	1179.464844	25.027435
-23.547194	-23.613749	1177.759766	20.606182
-23.547194	-23.613749	1176.054688	17.658459
-23.547194	-23.613749	1174.347656	17.654476
-23.547194	-23.613749	1172.642578	20.592243
-23.547194	-23.613749	1170.935547	14.705426
-23.547194	-23.613749	1169.228516	19.112740
-23.547194	-23.613749	1167.519531	20.578302
-23.547194	-23.613749	1165.812500	22.043203
-23.547194	-23.613749	1164.103516	13.222935
-23.547194	-23.613749	1162.394531	22.033247
-23.547194	-23.613749	1160.685547	27.902473
-23.547194	-23.613749	1158.976563	22.023291
-23.547194	-23.613749	1157.265625	20.550425
-23.547194	-23.613749	1155.556641	22.013334
-23.547194	-23.613749	1153.845703	17.606686
-23.547194	-23.613749	1152.134766	17.602703
-23.547194	-23.613749	1150.423828	19.065281
-23.547194	-23.613749	1148.710938	21.993423
-23.547194	-23.613749	1146.998047	24.920238
-23.547194	-23.613749	1145.287109	20.517904
-23.547194	-23.613749	1143.572266	27.839422
-23.547194	-23.613749	1141.859375	20.508612
-23.547194	-23.613749	1140.146484	21.968536
-23.547194	-23.613749	1138.431641	20.499321
-23.547194	-23.613749	1136.716797	23.422487
-23.547194	-23.613749	1135.001953	21.953604
-23.547194	-23.613749	1133.287109	29.264835
-23.547194	-23.613749	1131.570313	24.869469
-23.547194	-23.613749	1129.855469	14.625781
-23.547194	-23.613749	1128.138672	16.084709
-23.547194	-23.613749	1126.421875	21.928719
-23.547194	-23.613749	1124.703125	14.615828
-23.547194	-23.613749	1122.986328	14.612510
-23.547194	-23.613749	1121.267578	26.296545
-23.547194	-23.613749	1119.548828	24.829987
-23.547194	-23.613749	1117.830078	18.983324
-23.547194	-23.613749	1116.111328	21.898857
-23.547194	-23.613749	1114.392578	21.893881
-23.547194	-23.613749	1112.671875	24.807426
-23.547194	-23.613749	1110.951172	14.589286
-23.547194	-23.613749	1109.230469	21.878952
-23.547194	-23.613749	1107.509766	20.415710
-23.547194	-23.613749	1105.787109	26.242800
-23.547194	-23.613749	1104.066406	29.152031
-23.547194	-23.613749	1102.343750	21.859047
-23.547194	-23.613749	1100.621094	16.026320
-23.547194	-23.613749	1098.896484	16.022671
-23.547194	-23.613749	1097.173828	23.300394
-23.547194	-23.613749	1095.449219	29.118858
-23.547194	-23.613749	1093.724609	18.922945
-23.547194	-23.613749	1092.000000	18.918633
-23.547194	-23.613749	1090.275391	16.004425
-23.547194	-23.613749	1088.550781	13.091545
-23.547194	-23.613749	1086.824219	13.088559
-23.547194	-23.613749	1085.097656	17.447432
-23.547194	-23.613749	1083.371094	17.443453
-23.547194	-23.613749	1081.644531	15.986182
-23.547194	-23.613749	1079.916016	20.341408
-23.547194	-23.613749	1078.189453	18.884138
-23.547194	-23.613749	1076.460938	24.689003
-23.547194	-23.613749	1074.732422	23.231401
-23.547194	-23.613749	1073.001953	23.226095
-23.547194	-23.613749	1071.273438	14.512993
-23.547194	-23.613749	1069.542969	18.862579
-23.547194	-23.613749	1067.812500	11.605088
-23.547194	-23.613749	1066.082031	23.204870
-23.547194	-23.613749	1064.351563	18.849646
-23.547194	-23.613749	1062.619141	20.294975
-23.547194	-23.613749	1060.888672	23.188951
-23.547194	-23.613749	1059.156250	23.183645
-23.547194	-23.613749	1057.421875	26.075632
-23.547194	-23.613749	1055.689453	23.173035
-23.547194	-23.613749	1053.957031	24.615711
-23.547194	-23.613749	1052.222656	23.162424
-23.547194	-23.613749	1050.488281	23.157118
-23.547194	-23.613749	1048.753906	18.810848
-23.547194	-23.613749	1047.019531	13.019910
-23.547194	-23.613749	1045.283203	23.141201
-23.547194	-23.613749	1043.546875	21.689903
-23.547194	-23.613749	1041.810547	17.347944
-23.547194	-23.613749	1040.074219	24.570618
-23.547194	-23.613749	1038.337891	15.894987
-23.547194	-23.613749	1036.599609	18.780676
-23.547194	-23.613749	1034.861328	10.110351
-23.547194	-23.613749	1033.123047	24.548073
-23.547194	-23.613749	1031.384766	28.873453
-23.547194	-23.613749	1029.646484	15.876753
-23.547194	-23.613749	1027.906250	17.316116
-23.547194	-23.613749	1026.167969	21.640173
-23.547194	-23.613749	1024.427734	12.981120
-23.547194	-23.613749	1022.685547	20.188211
-23.547194	-23.613749	1020.945313	27.391989
-23.547194	-23.613749	1019.203125	21.620283
-23.547194	-23.613749	1017.462891	25.938372
-23.547194	-23.613749	1015.720703	21.610338
-23.547194	-23.613749	1013.976563	25.926439
-23.547194	-23.613749	1012.234375	34.560631
-23.547194	-23.613749	1010.490234	30.233591
-23.547194	-23.613749	1008.746094	31.665995
-23.547194	-23.613749	1007.001953	31.658703
-23.547194	-23.613749	1005.257813	25.896608
-23.547194	-23.613749	1003.513672	27.329012
-23.547194	-23.613749	1001.767578	28.760752
-23.547194	-23.613749	1000.021484	24.441006
-23.547194	-23.613749	998.275391	27.310122
-23.547194	-23.613749	996.529297	25.866781
-23.547194	-23.613749	994.781250	28.734240
-23.547194	-23.613749	993.035156	30.163992
-23.547194	-23.613749	991.287109	35.901230
-23.547194	-23.613749	989.539063	34.457230
-23.547194	-23.613749	987.789063	38.755436
-23.547194	-23.613749	986.041016	43.051655
-23.547194	-23.613749	984.291016	37.302818
-23.547194	-23.613749	982.541016	41.597382
-23.547194	-23.613749	980.791016	38.719650
-23.547194	-23.613749	979.041016	48.746811
-23.547194	-23.613749	977.289063	38.701759
-23.547194	-23.613749	975.537109	47.291214
-23.547194	-23.613749	973.785156	42.982075
-23.547194	-23.613749	972.033203	37.242519
-23.547194	-23.613749	970.281250	37.233906
-23.547194	-23.613749	968.527344	47.247486
-23.547194	-23.613749	966.773438	37.216679
-23.547194	-23.613749	965.019531	27.190510
-23.547194	-23.613749	963.265625	41.491695
-23.547194	-23.613749	961.511719	41.482090
-23.547194	-23.613749	959.755859	40.042400
-23.547194	-23.613749	958.000000	37.173615
-23.547194	-23.613749	956.244141	35.735580
-23.547194	-23.613749	954.488281	35.727299
-23.547194	-23.613749	952.730469	34.290260
-23.547194	-23.613749	950.974609	35.710739
-23.547194	-23.613749	949.216797	37.130558
-23.547194	-23.613749	947.458984	42.833019
-23.547194	-23.613749	945.701172	39.968208
-23.547194	-23.613749	943.941406	42.813148
-23.547194	-23.613749	942.181641	32.815796
-23.547194	-23.613749	940.421875	28.528852
-23.547194	-23.613749	938.662109	34.226677
-23.547194	-23.613749	936.902344	38.496071
-23.547194	-23.613749	935.140625	32.785332
-23.547194	-23.613749	933.380859	34.202835
-23.547194	-23.613749	931.619141	32.770103
-23.547194	-23.613749	929.855469	22.791296
-23.547194	-23.613749	928.093750	25.634249
-23.547194	-23.613749	926.330078	32.747257
-23.547194	-23.613749	924.568359	28.469255
-23.547194	-23.613749	922.804688	25.616371
-23.547194	-23.613749	921.039063	19.919210
-23.547194	-23.613749	919.275391	21.337046
-23.547194	-23.613749	917.509766	22.754219
-23.547194	-23.613749	915.744141	18.483500
-23.547194	-23.613749	913.978516	24.165104
-23.547194	-23.613749	912.212891	17.053749
-23.547194	-23.613749	910.447266	22.733036
-23.547194	-23.613749	908.679688	24.148224
-23.547194	-23.613749	906.912109	21.302292
-23.547194	-23.613749	905.144531	29.816259
-23.547194	-23.613749	903.375000	21.292364
-23.547194	-23.613749	901.607422	26.964041
-23.547194	-23.613749	899.837891	24.120096
-23.547194	-23.613749	898.068359	26.951468
-23.547194	-23.613749	896.298828	21.272511
-23.547194	-23.613749	894.529297	25.521057
-23.547194	-23.613749	892.757813	24.097595
-23.547194	-23.613749	890.986328	25.509146
-23.547194	-23.613749	889.214844	32.587410
-23.547194	-23.613749	887.443359	21.247698
-23.547194	-23.613749	885.669922	26.907465
-23.547194	-23.613749	883.898438	18.406071
-23.547194	-23.613749	882.125000	28.310415
-23.547194	-23.613749	880.351563	25.473419
-23.547194	-23.613749	878.578125	22.637747
-23.547194	-23.613749	876.802734	19.803398
-23.547194	-23.613749	875.027344	19.798769
-23.547194	-23.613749	873.251953	29.691208
-23.547194	-23.613749	871.476563	25.443653
-23.547194	-23.613749	869.701172	24.024496
-23.547194	-23.613749	867.923828	22.605999
-23.547194	-23.613749	866.146484	33.901062
-23.547194	-23.613749	864.369141	25.419846
-23.547194	-23.613749	862.591797	26.825777
-23.547194	-23.613749	860.814453	25.407942
-23.547194	-23.613749	859.035156	33.869320
-23.547194	-23.613749	857.255859	29.628714
-23.547194	-23.613749	855.476563	21.158409
-23.547194	-23.613749	853.697266	25.384140
-23.547194	-23.613749	851.916016	23.968290
-23.547194	-23.613749	850.136719	19.733965
-23.547194	-23.613749	848.355469	16.910860
-23.547194	-23.613749	846.574219	21.133617
-23.547194	-23.613749	844.791016	28.171547
-23.547194	-23.613749	843.009766	25.348444
-23.547194	-23.613749	841.226563	23.934578
-23.547194	-23.613749	839.443359	28.151718
-23.547194	-23.613749	837.660156	16.887066
-23.547194	-23.613749	835.875000	22.510801
-23.547194	-23.613749	834.091797	23.912109
-23.547194	-23.613749	832.306641	28.125284
-23.547194	-23.613749	830.521484	16.871206
-23.547194	-23.613749	828.734375	18.272846
-23.547194	-23.613749	826.949219	21.079098
-23.547194	-23.613749	825.162109	22.479086
-23.547194	-23.613749	823.375000	28.092251
-23.547194	-23.613749	821.587891	22.468515
-23.547194	-23.613749	819.800781	26.675087
-23.547194	-23.613749	818.011719	19.650703
-23.547194	-23.613749	816.222656	18.242788
-23.547194	-23.613749	814.433594	18.238495
-23.547194	-23.613749	812.644531	25.247356
-23.547194	-23.613749	810.855469	28.046015
-23.547194	-23.613749	809.064453	23.833500
-23.547194	-23.613749	807.273438	19.622965
-23.547194	-23.613749	805.482422	25.223585
-23.547194	-23.613749	803.691406	16.811762
-23.547194	-23.613749	801.898438	21.009750
-23.547194	-23.613749	800.107422	22.405119
-23.547194	-23.613749	798.314453	19.599857
-23.547194	-23.613749	796.521484	19.595238
-23.547194	-23.613749	794.726563	30.785254
-23.547194	-23.613749	792.933594	22.383995
-23.547194	-23.613749	791.138672	23.777386
-23.547194	-23.613749	789.343750	23.771774
-23.547194	-23.613749	787.546875	20.970146
-23.547194	-23.613749	785.751953	20.965197
-23.547194	-23.613749	783.955078	18.165548
-23.547194	-23.613749	782.158203	27.940399
-23.547194	-23.613749	780.361328	23.743731
-23.547194	-23.613749	778.564453	25.134483
-23.547194	-23.613749	776.765625	19.544424
-23.547194	-23.613749	774.968750	22.331207
-23.547194	-23.613749	773.169922	25.116673
-23.547194	-23.613749	771.369141	27.900818
-23.547194	-23.613749	769.570313	34.867779
-23.547194	-23.613749	767.769531	33.465153
-23.547194	-23.613749	765.970703	26.486980
-23.547194	-23.613749	764.167969	29.268160
-23.547194	-23.613749	762.367188	20.900883
-23.547194	-23.613749	760.566406	22.289000
-23.547194	-23.613749	758.763672	26.461924
-23.547194	-23.613749	756.960938	26.455662
-23.547194	-23.613749	755.158203	27.841473
-23.547194	-23.613749	753.353516	32.010113
-23.547194	-23.613749	751.550781	32.002533
-23.547194	-23.613749	749.746094	27.821697
-23.547194	-23.613749	747.941406	19.470575
-23.547194	-23.613749	746.136719	26.418091
-23.547194	-23.613749	744.330078	22.241543
-23.547194	-23.613749	742.523438	23.626038
-23.547194	-23.613749	740.718750	25.009874
-23.547194	-23.613749	738.910156	25.003944
-23.547194	-23.613749	737.103516	23.609238
-23.547194	-23.613749	735.294922	27.768986
-23.547194	-23.613749	733.488281	26.374279
-23.547194	-23.613749	731.679688	22.204649
-23.547194	-23.613749	729.869141	29.136688
-23.547194	-23.613749	728.060547	34.678299
-23.547194	-23.613749	726.250000	33.283268
-23.547194	-23.613749	724.439453	22.183577
-23.547194	-23.613749	722.628906	26.336742
-23.547194	-23.613749	720.818359	20.787228
-23.547194	-23.613749	719.005859	19.396803
-23.547194	-23.613749	717.195313	22.162510
-23.547194	-23.613749	715.382813	23.542070
-23.547194	-23.613749	713.568359	23.536476
-23.547194	-23.613749	711.755859	22.146713
-23.547194	-23.613749	709.941406	27.676809
-23.547194	-23.613749	708.126953	20.752672
-23.547194	-23.613749	706.312500	16.598190
-23.547194	-23.613749	704.498047	23.508511
-23.547194	-23.613749	702.681641	19.355345
-23.547194	-23.613749	700.867188	23.497326
-23.547194	-23.613749	699.050781	16.582401
-23.547194	-23.613749	697.232422	26.249220
-23.547194	-23.613749	695.416016	22.099346
-23.547194	-23.613749	693.597656	27.617605
-23.547194	-23.613749	691.779297	23.469376
-23.547194	-23.613749	689.960938	23.463787
-23.547194	-23.613749	688.142578	24.838091
-23.547194	-23.613749	686.324219	24.832174
-23.547194	-23.613749	684.503906	24.826258
-23.547194	-23.613749	682.683594	31.714882
-23.547194	-23.613749	680.863281	22.057268
-23.547194	-23.613749	679.041016	24.808514
-23.547194	-23.613749	677.218750	19.290911
-23.547194	-23.613749	675.398438	30.307058
-23.547194	-23.613749	673.576172	27.545301
-23.547194	-23.613749	671.751953	24.784859
-23.547194	-23.613749	669.929688	20.649122
-23.547194	-23.613749	668.105469	20.644196
-23.547194	-23.613749	666.281250	28.894978
-23.547194	-23.613749	664.457031	27.512459
-23.547194	-23.613749	662.630859	28.881186
-23.547194	-23.613749	660.806641	26.124359
-23.547194	-23.613749	658.980469	30.242035
-23.547194	-23.613749	657.154297	28.860504
-23.547194	-23.613749	655.326172	23.357685
-23.547194	-23.613749	653.500000	30.220371
-23.547194	-23.613749	651.671875	32.959805
-23.547194	-23.613749	649.843750	19.221958
-23.547194	-23.613749	648.015625	28.826046
-23.547194	-23.613749	646.185547	31.563837
-23.547194	-23.613749	644.357422	31.556293
-23.547194	-23.613749	642.527344	23.318640
-23.547194	-23.613749	640.697266	27.427135
-23.547194	-23.613749	638.865234	32.904690
-23.547194	-23.613749	637.035156	31.526119
-23.547194	-23.613749	635.203125	28.777832
-23.547194	-23.613749	633.371094	32.881081
-23.547194	-23.613749	631.539063	41.091518
-23.547194	-23.613749	629.705078	32.865349
-23.547194	-23.613749	627.873047	27.381233
-23.547194	-23.613749	626.039063	38.324551
-23.547194	-23.613749	624.203125	27.368126
-23.547194	-23.613749	622.369141	25.993494
-23.547194	-23.613749	620.535156	34.193775
-23.547194	-23.613749	618.699219	28.715891
-23.547194	-23.613749	616.863281	38.278683
-23.547194	-23.613749	615.025391	34.169205
-23.547194	-23.613749	613.189453	28.695255
-23.547194	-23.613749	611.351563	35.518944
-23.547194	-23.613749	609.513672	27.315716
-23.547194	-23.613749	607.675781	27.309168
-23.547194	-23.613749	605.837891	38.223671
-23.547194	-23.613749	603.998047	32.755291
-23.547194	-23.613749	602.158203	27.289528
-23.547194	-23.613749	600.318359	25.918835
-23.547194	-23.613749	598.478516	34.095547
-23.547194	-23.613749	596.636719	27.269896
-23.547194	-23.613749	594.796875	27.263351
-23.547194	-23.613749	592.955078	36.796692
-23.547194	-23.613749	591.111328	28.612782
-23.547194	-23.613749	589.269531	27.243727
-23.547194	-23.613749	587.425781	36.770203
-23.547194	-23.613749	585.583984	24.507582
-23.547194	-23.613749	583.738281	21.779285
-23.547194	-23.613749	581.894531	31.300205
-23.547194	-23.613749	580.050781	27.211031
-23.547194	-23.613749	578.205078	31.285170
-23.547194	-23.613749	576.359375	20.398470
-23.547194	-23.613749	574.513672	27.191423
-23.547194	-23.613749	572.666016	27.184889
-23.547194	-23.613749	570.818359	25.819439
-23.547194	-23.613749	568.970703	27.171824
-23.547194	-23.613749	567.123047	27.165291
-23.547194	-23.613749	565.275391	23.084946
-23.547194	-23.613749	563.425781	36.655510
-23.547194	-23.613749	561.576172	29.860270
-23.547194	-23.613749	559.726563	29.853086
-23.547194	-23.613749	557.876953	23.062746
-23.547194	-23.613749	556.027344	23.057198
-23.547194	-23.613749	554.175781	20.339691
-23.547194	-23.613749	552.324219	27.113062
-23.547194	-23.613749	550.472656	27.106537
-23.547194	-23.613749	548.619141	28.455013
-23.547194	-23.613749	546.767578	37.930885
-23.547194	-23.613749	544.914063	32.504360
-23.547194	-23.613749	543.060547	29.788488
-23.547194	-23.613749	541.205078	35.196098
-23.547194	-23.613749	539.351563	44.661213
-23.547194	-23.613749	537.496094	47.356544
-23.547194	-23.613749	535.640625	40.581547
-23.547194	-23.613749	533.785156	47.333733
-23.547194	-23.613749	531.927734	58.138859
-23.547194	-23.613749	530.070313	68.938774
-23.547194	-23.613749	528.212891	75.679237
-23.547194	-23.613749	526.355469	110.789314
-23.547194	-23.613749	524.498047	174.248489
-23.547194	-23.613749	522.638672	363.267792
-23.547194	-23.613749	520.779297	630.502441
-23.547194	-23.613749	518.919922	485.923218
-23.547194	-23.613749	517.060547	256.397644
-23.547194	-23.613749	515.199219	133.564438
-23.547194	-23.613749	513.339844	97.114349
-23.547194	-23.613749	511.478516	82.257584
-23.547194	-23.613749	509.615234	78.193260
-23.547194	-23.613749	507.753906	70.087387
-23.547194	-23.613749	505.890625	63.332928
-23.547194	-23.613749	504.027344	56.581726
-23.547194	-23.613749	502.164063	57.914928
-23.547194	-23.613749	500.300781	49.821747
-23.547194	-23.613749	498.435547	70.002846
-23.547194	-23.613749	496.570313	69.985947
-23.547194	-23.613749	494.705078	67.277931
-23.547194	-23.613749	492.839844	55.154583
-23.547194	-23.613749	490.972656	53.796352
-23.547194	-23.613749	489.107422	47.060440
-23.547194	-23.613749	487.240234	52.426109
-23.547194	-23.613749	485.371094	49.725574
-23.547194	-23.613749	483.503906	59.118832
-23.547194	-23.613749	481.634766	41.641842
-23.547194	-23.613749	479.765625	44.317699
-23.547194	-23.613749	477.896484	34.908535
-23.547194	-23.613749	476.027344	36.242413
-23.547194	-23.613749	474.156250	34.891663
-23.547194	-23.613749	472.285156	41.591541
-23.547194	-23.613749	470.414063	33.533459
-23.547194	-23.613749	468.542969	44.253464
-23.547194	-23.613749	466.669922	37.539314
-23.547194	-23.613749	464.796875	29.488043
-23.547194	-23.613749	462.923828	37.521160
-23.547194	-23.613749	461.050781	40.191517
-23.547194	-23.613749	459.177734	36.163616
-23.547194	-23.613749	457.302734	33.476730
-23.547194	-23.613749	455.427734	32.129887
-23.547194	-23.613749	453.552734	32.122112
-23.547194	-23.613749	451.675781	32.114342
-23.547194	-23.613749	449.800781	29.431021
-23.547194	-23.613749	447.923828	26.748999
-23.547194	-23.613749	446.046875	36.102409
-23.547194	-23.613749	444.169922	29.409657
-23.547194	-23.613749	442.291016	28.066059
-23.547194	-23.613749	440.412109	34.740044
-23.547194	-23.613749	438.533203	34.731632
-23.547194	-23.613749	436.654297	33.387714
-23.547194	-23.613749	434.773438	36.049999
-23.547194	-23.613749	432.894531	29.366961
-23.547194	-23.613749	431.013672	32.028923
-23.547194	-23.613749	429.130859	20.013229
-23.547194	-23.613749	427.250000	25.343950
-23.547194	-23.613749	425.367188	33.339226
-23.547194	-23.613749	423.484375	23.998426
-23.547194	-23.613749	421.601563	30.657227
-23.547194	-23.613749	419.718750	23.986799
-23.547194	-23.613749	417.833984	31.974649
-23.547194	-23.613749	415.949219	22.643221
-23.547194	-23.613749	414.064453	38.617310
-23.547194	-23.613749	412.179688	30.620100
-23.547194	-23.613749	410.294922	31.943665
-23.547194	-23.613749	408.408203	35.927910
-23.547194	-23.613749	406.521484	27.937157
-23.547194	-23.613749	404.634766	37.240513
-23.547194	-23.613749	402.746094	42.550266
-23.547194	-23.613749	400.857422	59.821804
-23.547194	-23.613749	398.968750	78.414017
-23.547194	-23.613749	397.080078	89.024826
-23.547194	-23.613749	395.191406	86.346428
-23.547194	-23.613749	393.300781	83.669319
-23.547194	-23.613749	391.410156	74.354691
-23.547194	-23.613749	389.519531	65.044571
-23.547194	-23.613749	387.628906	55.738964
-23.547194	-23.613749	385.736328	74.300591
-23.547194	-23.613749	383.843750	47.753078
-23.547194	-23.613749	381.951172	53.046104
-23.547194	-23.613749	380.058594	49.055740
-23.547194	-23.613749	378.164063	53.020367
-23.547194	-23.613749	376.271484	74.210503
-23.547194	-23.613749	374.376953	82.141685
-23.547194	-23.613749	372.480469	62.253586
-23.547194	-23.613749	370.585938	52.968918
-23.547194	-23.613749	368.689453	59.575569
-23.547194	-23.613749	366.792969	52.943207
-23.547194	-23.613749	364.896484	54.253616
-23.547194	-23.613749	363.000000	51.594570
-23.547194	-23.613749	361.101563	62.162979
-23.547194	-23.613749	359.203125	55.536407
-23.547194	-23.613749	357.304688	56.844902
-23.547194	-23.613749	355.406250	55.509445
-23.547194	-23.613749	353.505859	55.495968
-23.547194	-23.613749	351.605469	55.482491
-23.547194	-23.613749	349.705078	58.110401
-23.547194	-23.613749	347.804688	48.853699
-23.547194	-23.613749	345.902344	47.521786
-23.547194	-23.613749	344.001953	44.870785
-23.547194	-23.613749	342.099609	38.262844
-23.547194	-23.613749	340.195313	44.848991
-23.547194	-23.613749	338.292969	48.794403
-23.547194	-23.613749	336.388672	42.190311
-23.547194	-23.613749	334.484375	32.953175
-23.547194	-23.613749	332.580078	39.534203
-23.547194	-23.613749	330.675781	40.842087
-23.547194	-23.613749	328.769531	46.100830
-23.547194	-23.613749	326.863281	38.188553
-23.547194	-23.613749	324.957031	30.280113
-23.547194	-23.613749	323.048828	35.537582
-23.547194	-23.613749	321.142578	31.581287
-23.547194	-23.613749	319.234375	30.258047
-23.547194	-23.613749	317.326172	34.196438
-23.547194	-23.613749	315.417969	23.668703
-23.547194	-23.613749	313.507813	32.865211
-23.547194	-23.613749	311.597656	36.800091
-23.547194	-23.613749	309.687500	35.477180
-23.547194	-23.613749	307.777344	31.527607
-23.547194	-23.613749	305.865234	40.713261
-23.547194	-23.613749	303.955078	32.825294
-23.547194	-23.613749	302.042969	36.755394
-23.547194	-23.613749	300.128906	34.121716
-23.547194	-23.613749	298.216797	31.489311
-23.547194	-23.613749	296.302734	35.416866
-23.547194	-23.613749	294.388672	32.785423
-23.547194	-23.613749	292.474609	38.021847
-23.547194	-23.613749	290.560547	41.944942
-23.547194	-23.613749	288.644531	48.487049
-23.547194	-23.613749	286.728516	61.576683
-23.547194	-23.613749	284.812500	52.392948
-23.547194	-23.613749	282.896484	54.999222
-23.547194	-23.613749	280.978516	58.913414
-23.547194	-23.613749	279.060547	52.354748
-23.547194	-23.613749	277.142578	61.501873
-23.547194	-23.613749	275.224609	71.952782
-23.547194	-23.613749	273.304688	70.627373
-23.547194	-23.613749	271.384766	91.531746
-23.547194	-23.613749	269.464844	81.051262
-23.547194	-23.613749	267.544922	91.487244
-23.547194	-23.613749	265.623047	113.677925
-23.547194	-23.613749	263.703125	195.948776
-23.547194	-23.613749	261.781250	318.665833
-23.547194	-23.613749	259.857422	291.168884
-23.547194	-23.613749	257.935547	272.822876
-23.547194	-23.613749	256.011719	244.045319
-23.547194	-23.613749	254.087891	255.728622
-23.547194	-23.613749	252.164063	601.337891
-23.547194	-23.613749	250.240234	1858.347412
-23.547194	-23.613749	248.314453	1881.363770
-23.547194	-23.613749	246.388672	804.240601
-23.547194	-23.613749	244.462891	390.945740
-23.547194	-23.613749	242.535156	261.869965
-23.547194	-23.613749	240.609375	183.655151
-23.547194	-23.613749	238.681641	164.077469
-23.547194	-23.613749	236.753906	136.697983
-23.547194	-23.613749	234.824219	118.442772
-23.547194	-23.613749	232.896484	104.100197
-23.547194	-23.613749	230.966797	85.861786
-23.547194	-23.613749	229.037109	68.932846
-23.547194	-23.613749	227.107422	76.717911
-23.547194	-23.613749	225.175781	74.099281
-23.547194	-23.613749	223.244141	87.077980
-23.547194	-23.613749	221.312500	90.954872
-23.547194	-23.613749	219.380859	88.334686
-23.547194	-23.613749	217.447266	89.611931
-23.547194	-23.613749	215.515625	74.009247
-23.547194	-23.613749	213.582031	72.693161
-23.547194	-23.613749	211.646484	59.697727
-23.547194	-23.613749	209.712891	66.170517
-23.547194	-23.613749	207.777344	62.262993
-23.547194	-23.613749	205.841797	42.795403
-23.547194	-23.613749	203.906250	44.081512
-23.547194	-23.613749	201.968750	37.589798
-23.547194	-23.613749	200.033203	42.764202
-23.547194	-23.613749	198.095703	42.753807
-23.547194	-23.613749	196.158203	38.857647
-23.547194	-23.613749	194.218750	29.783623
-23.547194	-23.613749	192.281250	27.187132
-23.547194	-23.613749	190.341797	31.063456
-23.547194	-23.613749	188.402344	37.525887
-23.547194	-23.613749	186.460938	28.460995
-23.547194	-23.613749	184.521484	32.334179
-23.547194	-23.613749	182.580078	28.447163
-23.547194	-23.613749	180.638672	28.440248
-23.547194	-23.613749	178.695313	21.971214
-23.547194	-23.613749	176.753906	28.426428
-23.547194	-23.613749	174.810547	28.419519
-23.547194	-23.613749	172.867188	29.704096
-23.547194	-23.613749	170.921875	28.405710
-23.547194	-23.613749	168.978516	28.398808
-23.547194	-23.613749	167.033203	20.648661
-23.547194	-23.613749	165.087891	34.836147
-23.547194	-23.613749	163.142578	28.378113
-23.547194	-23.613749	161.195313	30.950420
-23.547194	-23.613749	159.248047	27.075039
-23.547194	-23.613749	157.300781	28.357437
-23.547194	-23.613749	155.353516	37.371178
-23.547194	-23.613749	153.406250	34.785404
-23.547194	-23.613749	151.457031	34.776955
-23.547194	-23.613749	149.507813	42.494843
-23.547194	-23.613749	147.558594	41.197113
-23.547194	-23.613749	145.607422	41.187107
-23.547194	-23.613749	143.658203	48.897812
-23.547194	-23.613749	141.707031	48.885937
-23.547194	-23.613749	139.753906	68.166458
-23.547194	-23.613749	137.802734	73.293297
-23.547194	-23.613749	135.849609	74.561035
-23.547194	-23.613749	133.896484	51.408920
-23.547194	-23.613749	131.943359	43.686974
-23.547194	-23.613749	129.990234	50.099365
-23.547194	-23.613749	128.035156	44.950054
-23.547194	-23.613749	126.080078	47.507092
-23.547194	-23.613749	124.125000	38.509914
-23.547194	-23.613749	122.169922	46.200684
-23.547194	-23.613749	120.212891	41.057308
-23.547194	-23.613749	118.255859	53.874638
-23.547194	-23.613749	116.298828	48.731892
-23.547194	-23.613749	114.341797	60.259029
-23.547194	-23.613749	112.382813	44.862858
-23.547194	-23.613749	110.423828	37.163063
-23.547194	-23.613749	108.464844	33.310524
-23.547194	-23.613749	106.505859	26.898129
-23.547194	-23.613749	104.544922	21.769394
-23.547194	-23.613749	102.585938	11.522178
-23.547194	-23.613749	100.625000	7.679589
-23.547194	-23.613749	98.662109	0.000000
-23.547194	-23.613749	96.701172	5.117243
-23.547194	-23.613749	94.738281	1.279001
-23.547194	-23.613749	92.775391	1.278690
-23.547194	-23.613749	90.812500	1.278380
-23.547194	-23.613749	88.847656	0.000000
-23.547194	-23.613749	86.882813	3.833282
-23.547194	-23.613749	84.917969	1.277451
-23.547194	-23.613749	82.953125	3.831424
-23.547194	-23.613749	80.988281	1.276832
-23.547194	-23.613749	79.021484	2.553045
-23.547194	-23.613749	77.054688	-1.276213
-23.547194	-23.613749	75.087891	0.000000
-23.547194	-23.613749	73.119141	0.000000
-23.547194	-23.613749	71.152344	0.000000
-23.547194	-23.613749	69.183594	0.000000
-23.547194	-23.613749	67.212891	0.000000
-23.547194	-23.613749	65.244141	2.548719
-23.547194	-23.613749	63.273438	1.274051
-23.547194	-23.613749	61.302734	0.000000
-23.547194	-23.613749	59.332031	-1.273434
-32.547194	-20.613749	1838.626953	19.285784
-32.547194	-20.613749	1837.066406	16.071486
-32.547194	-20.613749	1835.503906	16.068066
-32.547194	-20.613749	1833.941406	9.638788
-32.547194	-20.613749	1832.378906	14.455106
-32.547194	-20.613749	1830.816406	14.452029
-32.547194	-20.613749	1829.251953	20.870712
-32.547194	-20.613749	1827.687500	17.656075
-32.547194	-20.613749	1826.125000	14.442805
-32.547194	-20.613749	1824.560547	11.230902
-32.547194	-20.613749	1822.994141	16.040731
-32.547194	-20.613749	1821.429688	20.848513
-32.547194	-20.613749	1819.865234	19.240685
-32.547194	-20.613749	1818.298828	14.427443
-32.547194	-20.613749	1816.732422	19.232496
-32.547194	-20.613749	1815.166016	6.409467
-32.547194	-20.613749	1813.599609	19.224310
-32.547194	-20.613749	1812.033203	20.821901
-32.547194	-20.613749	1810.464844	16.013437
-32.547194	-20.613749	1808.896484	20.813038
-32.547194	-20.613749	1807.330078	14.405959
-32.547194	-20.613749	1805.759766	9.601928
-32.547194	-20.613749	1804.191406	23.999710
-32.547194	-20.613749	1802.623047	17.596041
-32.547194	-20.613749	1801.052734	17.592293
-32.547194	-20.613749	1799.484375	22.385424
-32.547194	-20.613749	1797.914063	14.387566
-32.547194	-20.613749	1796.343750	15.982780
-32.547194	-20.613749	1794.771484	15.979377
-32.547194	-20.613749	1793.201172	15.975974
-32.547194	-20.613749	1791.628906	17.569830
-32.547194	-20.613749	1790.058594	20.759922
-32.547194	-20.613749	1788.486328	14.369192
-32.547194	-20.613749	1786.914063	9.577421
-32.547194	-20.613749	1785.339844	15.958969
-32.547194	-20.613749	1783.767578	15.955569
-32.547194	-20.613749	1782.193359	20.737822
-32.547194	-20.613749	1780.621094	17.543650
-32.547194	-20.613749	1779.046875	11.161762
-32.547194	-20.613749	1777.470703	15.941978
-32.547194	-20.613749	1775.896484	22.314014
-32.547194	-20.613749	1774.322266	15.935185
-32.547194	-20.613749	1772.746094	9.559073
-32.547194	-20.613749	1771.169922	14.335555
-32.547194	-20.613749	1769.593750	14.332500
-32.547194	-20.613749	1768.017578	12.737286
-32.547194	-20.613749	1766.441406	15.918214
-32.547194	-20.613749	1764.863281	11.140374
-32.547194	-20.613749	1763.287109	15.911428
-32.547194	-20.613749	1761.708984	11.135626
-32.547194	-20.613749	1760.130859	11.133252
-32.547194	-20.613749	1758.552734	14.311130
-32.547194	-20.613749	1756.972656	15.897865
-32.547194	-20.613749	1755.394531	19.073372
-32.547194	-20.613749	1753.814453	20.658413
-32.547194	-20.613749	1752.234375	20.654007
-32.547194	-20.613749	1750.654297	11.119018
-32.547194	-20.613749	1749.074219	14.292830
-32.547194	-20.613749	1747.492188	20.640797
-32.547194	-20.613749	1745.912109	14.286735
-32.547194	-20.613749	1744.330078	19.044916
-32.547194	-20.613749	1742.748047	12.693902
-32.547194	-20.613749	1741.166016	14.277594
-32.547194	-20.613749	1739.583984	12.688487
-32.547194	-20.613749	1738.000000	17.442947
-32.547194	-20.613749	1736.417969	14.268457
-32.547194	-20.613749	1734.833984	11.095321
-32.547194	-20.613749	1733.250000	17.431784
-32.547194	-20.613749	1731.666016	20.596802
-32.547194	-20.613749	1730.082031	11.088219
-32.547194	-20.613749	1728.496094	19.004316
-32.547194	-20.613749	1726.912109	19.000261
-32.547194	-20.613749	1725.326172	15.830171
-32.547194	-20.613749	1723.740234	20.574827
-32.547194	-20.613749	1722.154297	12.658729
-32.547194	-20.613749	1720.566406	11.074023
-32.547194	-20.613749	1718.980469	11.071658
-32.547194	-20.613749	1717.392578	11.069293
-32.547194	-20.613749	1715.804688	15.809899
-32.547194	-20.613749	1714.216797	15.806522
-32.547194	-20.613749	1712.628906	23.704718
-32.547194	-20.613749	1711.041016	4.739931
-32.547194	-20.613749	1709.451172	17.376034
-32.547194	-20.613749	1707.861328	12.634415
-32.547194	-20.613749	1706.271484	15.789644
-32.547194	-20.613749	1704.681641	11.050389
-32.547194	-20.613749	1703.091797	14.204606
-32.547194	-20.613749	1701.501953	23.669285
-32.547194	-20.613749	1699.910156	20.508995
-32.547194	-20.613749	1698.318359	18.927332
-32.547194	-20.613749	1696.726563	11.038584
-32.547194	-20.613749	1695.134766	20.495844
-32.547194	-20.613749	1693.542969	20.491461
-32.547194	-20.613749	1691.949219	9.455575
-32.547194	-20.613749	1690.357422	18.907104
-32.547194	-20.613749	1688.763672	25.204081
-32.547194	-20.613749	1687.169922	15.749181
-32.547194	-20.613749	1685.576172	11.022068
-32.547194	-20.613749	1683.982422	6.296977
-32.547194	-20.613749	1682.386719	15.739075
-32.547194	-20.613749	1680.791016	17.309277
-32.547194	-20.613749	1679.195313	17.305573
-32.547194	-20.613749	1677.599609	11.010280
-32.547194	-20.613749	1676.003906	15.725605
-32.547194	-20.613749	1674.408203	20.438910
-32.547194	-20.613749	1672.810547	17.290760
-32.547194	-20.613749	1671.214844	12.572405
-32.547194	-20.613749	1669.617188	17.283356
-32.547194	-20.613749	1668.019531	12.567021
-32.547194	-20.613749	1666.419922	17.275953
-32.547194	-20.613749	1664.822266	12.561638
-32.547194	-20.613749	1663.222656	7.849342
-32.547194	-20.613749	1661.623047	17.264853
-32.547194	-20.613749	1660.023438	20.399546
-32.547194	-20.613749	1658.423828	12.550876
-32.547194	-20.613749	1656.824219	17.253756
-32.547194	-20.613749	1655.222656	18.818245
-32.547194	-20.613749	1653.623047	12.542808
-32.547194	-20.613749	1652.021484	14.107633
-32.547194	-20.613749	1650.419922	20.373323
-32.547194	-20.613749	1648.818359	14.101583
-32.547194	-20.613749	1647.214844	10.965547
-32.547194	-20.613749	1645.613281	15.661707
-32.547194	-20.613749	1644.009766	18.790016
-32.547194	-20.613749	1642.406250	15.654988
-32.547194	-20.613749	1640.802734	18.781956
-32.547194	-20.613749	1639.199219	12.518617
-32.547194	-20.613749	1637.593750	20.338387
-32.547194	-20.613749	1635.990234	10.949088
-32.547194	-20.613749	1634.384766	14.074378
-32.547194	-20.613749	1632.779297	15.634840
-32.547194	-20.613749	1631.173828	14.068336
-32.547194	-20.613749	1629.568359	17.190939
-32.547194	-20.613749	1627.960938	20.312202
-32.547194	-20.613749	1626.353516	20.307840
-32.547194	-20.613749	1624.748047	12.494448
-32.547194	-20.613749	1623.140625	15.614705
-32.547194	-20.613749	1621.531250	12.489079
-32.547194	-20.613749	1619.923828	21.851194
-32.547194	-20.613749	1618.314453	17.165106
-32.547194	-20.613749	1616.707031	15.601287
-32.547194	-20.613749	1615.097656	12.478347
-32.547194	-20.613749	1613.488281	14.035123
-32.547194	-20.613749	1611.878906	14.032104
-32.547194	-20.613749	1610.267578	10.911512
-32.547194	-20.613749	1608.656250	10.909165
-32.547194	-20.613749	1607.046875	10.906819
-32.547194	-20.613749	1605.435547	14.020037
-32.547194	-20.613749	1603.824219	15.574468
-32.547194	-20.613749	1602.210938	14.014005
-32.547194	-20.613749	1600.599609	17.124542
-32.547194	-20.613749	1598.986328	10.895090
-32.547194	-20.613749	1597.373047	17.117170
-32.547194	-20.613749	1595.759766	10.890400
-32.547194	-20.613749	1594.146484	15.554364
-32.547194	-20.613749	1592.533203	17.106117
-32.547194	-20.613749	1590.917969	12.438132
-32.547194	-20.613749	1589.302734	17.098749
-32.547194	-20.613749	1587.687500	10.878678
-32.547194	-20.613749	1586.072266	15.537621
-32.547194	-20.613749	1584.457031	15.534272
-32.547194	-20.613749	1582.839844	10.871647
-32.547194	-20.613749	1581.224609	9.316546
-32.547194	-20.613749	1579.607422	10.866961
-32.547194	-20.613749	1577.990234	10.864617
-32.547194	-20.613749	1576.373047	20.172796
-32.547194	-20.613749	1574.755859	10.859933
-32.547194	-20.613749	1573.136719	13.959759
-32.547194	-20.613749	1571.517578	13.956747
-32.547194	-20.613749	1569.898438	12.403321
-32.547194	-20.613749	1568.279297	12.400644
-32.547194	-20.613749	1566.660156	21.696445
-32.547194	-20.613749	1565.041016	13.944704
-32.547194	-20.613749	1563.419922	15.490771
-32.547194	-20.613749	1561.798828	7.743713
-32.547194	-20.613749	1560.177734	24.774532
-32.547194	-20.613749	1558.556641	24.769182
-32.547194	-20.613749	1556.935547	7.738698
-32.547194	-20.613749	1555.312500	15.474051
-32.547194	-20.613749	1553.691406	15.470708
-32.547194	-20.613749	1552.068359	17.014101
-32.547194	-20.613749	1550.445313	13.917620
-32.547194	-20.613749	1548.822266	15.460680
-32.547194	-20.613749	1547.197266	15.457337
-32.547194	-20.613749	1545.574219	20.090193
-32.547194	-20.613749	1543.949219	18.540785
-32.547194	-20.613749	1542.324219	16.992043
-32.547194	-20.613749	1540.699219	16.988367
-32.547194	-20.613749	1539.072266	15.440629
-32.547194	-20.613749	1537.447266	13.893559
-32.547194	-20.613749	1535.820313	21.607527
-32.547194	-20.613749	1534.193359	15.430607
-32.547194	-20.613749	1532.566406	18.512720
-32.547194	-20.613749	1530.939453	16.966318
-32.547194	-20.613749	1529.312500	9.252352
-32.547194	-20.613749	1527.683594	9.250348
-32.547194	-20.613749	1526.056641	13.872517
-32.547194	-20.613749	1524.427734	12.328455
-32.547194	-20.613749	1522.798828	15.407229
-32.547194	-20.613749	1521.167969	15.403891
-32.547194	-20.613749	1519.539063	18.480661
-32.547194	-20.613749	1517.908203	10.778049
-32.547194	-20.613749	1516.277344	18.472651
-32.547194	-20.613749	1514.646484	26.163912
-32.547194	-20.613749	1513.015625	20.003359
-32.547194	-20.613749	1511.384766	15.383862
-32.547194	-20.613749	1509.751953	10.766367
-32.547194	-20.613749	1508.121094	16.914906
-32.547194	-20.613749	1506.488281	10.761695
-32.547194	-20.613749	1504.855469	19.981667
-32.547194	-20.613749	1503.220703	15.367176
-32.547194	-20.613749	1501.587891	9.218304
-32.547194	-20.613749	1499.953125	13.824452
-32.547194	-20.613749	1498.318359	10.750017
-32.547194	-20.613749	1496.683594	12.283065
-32.547194	-20.613749	1495.048828	15.350495
-32.547194	-20.613749	1493.414063	12.277728
-32.547194	-20.613749	1491.777344	10.740677
-32.547194	-20.613749	1490.140625	13.806440
-32.547194	-20.613749	1488.505859	15.337153
-32.547194	-20.613749	1486.867188	16.867201
-32.547194	-20.613749	1485.230469	18.396582
-32.547194	-20.613749	1483.593750	16.859865
-32.547194	-20.613749	1481.955078	15.323815
-32.547194	-20.613749	1480.316406	10.724337
-32.547194	-20.613749	1478.677734	13.785432
-32.547194	-20.613749	1477.039063	12.251050
-32.547194	-20.613749	1475.400391	15.310479
-32.547194	-20.613749	1473.759766	9.184287
-32.547194	-20.613749	1472.119141	18.364574
-32.547194	-20.613749	1470.478516	16.830526
-32.547194	-20.613749	1468.837891	10.708002
-32.547194	-20.613749	1467.197266	10.705669
-32.547194	-20.613749	1465.556641	15.290481
-32.547194	-20.613749	1463.914063	15.287148
-32.547194	-20.613749	1462.271484	9.170289
-32.547194	-20.613749	1460.628906	13.752435
-32.547194	-20.613749	1458.986328	12.221721
-32.547194	-20.613749	1457.343750	12.219055
-32.547194	-20.613749	1455.699219	18.324585
-32.547194	-20.613749	1454.054688	15.267155
-32.547194	-20.613749	1452.410156	15.263824
-32.547194	-20.613749	1450.765625	10.682344
-32.547194	-20.613749	1449.121094	16.782877
-32.547194	-20.613749	1447.474609	10.677681
-32.547194	-20.613749	1445.830078	18.300598
-32.547194	-20.613749	1444.183594	16.771885
-32.547194	-20.613749	1442.537109	12.195069
-32.547194	-20.613749	1440.890625	13.716455
-32.547194	-20.613749	1439.242188	13.713458
-32.547194	-20.613749	1437.595703	15.233846
-32.547194	-20.613749	1435.947266	16.753567
-32.547194	-20.613749	1434.298828	16.749905
-32.547194	-20.613749	1432.650391	12.179084
-32.547194	-20.613749	1431.000000	19.786682
-32.547194	-20.613749	1429.351563	18.260635
-32.547194	-20.613749	1427.701172	13.692479
-32.547194	-20.613749	1426.050781	18.252644
-32.547194	-20.613749	1424.400391	18.248650
-32.547194	-20.613749	1422.750000	18.244654
-32.547194	-20.613749	1421.097656	12.160439
-32.547194	-20.613749	1419.447266	13.677498
-32.547194	-20.613749	1417.794922	10.635724
-32.547194	-20.613749	1416.142578	13.671507
-32.547194	-20.613749	1414.490234	21.262127
-32.547194	-20.613749	1412.835938	13.665515
-32.547194	-20.613749	1411.183594	15.180577
-32.547194	-20.613749	1409.529297	9.106350
-32.547194	-20.613749	1407.875000	15.173921
-32.547194	-20.613749	1406.220703	22.755890
-32.547194	-20.613749	1404.566406	13.650538
-32.547194	-20.613749	1402.910156	12.131150
-32.547194	-20.613749	1401.255859	18.192732
-32.547194	-20.613749	1399.599609	12.125826
-32.547194	-20.613749	1397.943359	12.123164
-32.547194	-20.613749	1396.287109	18.180754
-32.547194	-20.613749	1394.628906	12.117840
-32.547194	-20.613749	1392.970703	16.658371
-32.547194	-20.613749	1391.314453	19.682840
-32.547194	-20.613749	1389.656250	15.137319
-32.547194	-20.613749	1387.998047	12.107194
-32.547194	-20.613749	1386.337891	16.643732
-32.547194	-20.613749	1384.679688	16.640072
-32.547194	-20.613749	1383.019531	10.586808
-32.547194	-20.613749	1381.359375	15.120686
-32.547194	-20.613749	1379.699219	13.605623
-32.547194	-20.613749	1378.039063	15.114034
-32.547194	-20.613749	1376.376953	15.110707
-32.547194	-20.613749	1374.716797	12.085905
-32.547194	-20.613749	1373.054688	7.552028
-32.547194	-20.613749	1371.392578	6.040292
-32.547194	-20.613749	1369.728516	10.568183
-32.547194	-20.613749	1368.066406	13.584670
-32.547194	-20.613749	1366.402344	12.072602
-32.547194	-20.613749	1364.740234	15.087427
-32.547194	-20.613749	1363.076172	13.575691
-32.547194	-20.613749	1361.412109	9.048466
-32.547194	-20.613749	1359.746094	18.092941
-32.547194	-20.613749	1358.082031	15.074125
-32.547194	-20.613749	1356.416016	12.056641
-32.547194	-20.613749	1354.750000	16.574223
-32.547194	-20.613749	1353.083984	13.557735
-32.547194	-20.613749	1351.417969	18.072990
-32.547194	-20.613749	1349.750000	18.069002
-32.547194	-20.613749	1348.083984	19.570429
-32.547194	-20.613749	1346.416016	18.061022
-32.547194	-20.613749	1344.748047	15.047527
-32.547194	-20.613749	1343.078125	13.539783
-32.547194	-20.613749	1341.410156	15.040879
-32.547194	-20.613749	1339.740234	13.533799
-32.547194	-20.613749	1338.072266	12.027385
-32.547194	-20.613749	1336.402344	13.527816
-32.547194	-20.613749	1334.730469	19.535856
-32.547194	-20.613749	1333.060547	15.024259
-32.547194	-20.613749	1331.388672	19.527214
-32.547194	-20.613749	1329.718750	13.515850
-32.547194	-20.613749	1328.046875	13.512858
-32.547194	-20.613749	1326.375000	16.512060
-32.547194	-20.613749	1324.701172	15.007640
-32.547194	-20.613749	1323.029297	16.504747
-32.547194	-20.613749	1321.355469	12.000794
-32.547194	-20.613749	1319.681641	10.498368
-32.547194	-20.613749	1318.007813	14.994347
-32.547194	-20.613749	1316.333984	7.495512
-32.547194	-20.613749	1314.660156	16.486469
-32.547194	-20.613749	1312.984375	17.981253
-32.547194	-20.613749	1311.308594	11.984843
-32.547194	-20.613749	1309.632813	7.488865
-32.547194	-20.613749	1307.957031	7.487204
-32.547194	-20.613749	1306.279297	14.971085
-32.547194	-20.613749	1304.603516	17.961315
-32.547194	-20.613749	1302.925781	20.950214
-32.547194	-20.613749	1301.248047	14.961117
-32.547194	-20.613749	1299.570313	14.957794
-32.547194	-20.613749	1297.892578	13.459024
-32.547194	-20.613749	1296.212891	14.951149
-32.547194	-20.613749	1294.533203	7.473913
-32.547194	-20.613749	1292.853516	13.450054
-32.547194	-20.613749	1291.173828	14.941182
-32.547194	-20.613749	1289.494141	16.431646
-32.547194	-20.613749	1287.812500	8.960723
-32.547194	-20.613749	1286.132813	13.438094
-32.547194	-20.613749	1284.451172	14.927894
-32.547194	-20.613749	1282.769531	22.386858
-32.547194	-20.613749	1281.085938	17.905500
-32.547194	-20.613749	1279.404297	11.934342
-32.547194	-20.613749	1277.720703	13.423145
-32.547194	-20.613749	1276.039063	17.893541
-32.547194	-20.613749	1274.355469	16.398758
-32.547194	-20.613749	1272.669922	16.395105
-32.547194	-20.613749	1270.986328	10.430923
-32.547194	-20.613749	1269.300781	20.857197
-32.547194	-20.613749	1267.615234	10.426273
-32.547194	-20.613749	1265.929688	13.402219
-32.547194	-20.613749	1264.244141	17.865641
-32.547194	-20.613749	1262.558594	10.419298
-32.547194	-20.613749	1260.871094	11.905112
-32.547194	-20.613749	1259.185547	7.439034
-32.547194	-20.613749	1257.498047	13.387273
-32.547194	-20.613749	1255.808594	11.897141
-32.547194	-20.613749	1254.121094	13.381295
-32.547194	-20.613749	1252.433594	14.864784
-32.547194	-20.613749	1250.744141	11.889171
-32.547194	-20.613749	1249.054688	16.343958
-32.547194	-20.613749	1247.365234	8.912893
-32.547194	-20.613749	1245.673828	16.336651
-32.547194	-20.613749	1243.984375	7.424090
-32.547194	-20.613749	1242.292969	13.360373
-32.547194	-20.613749	1240.601563	17.809847
-32.547194	-20.613749	1238.910156	22.257326
-32.547194	-20.613749	1237.218750	13.351408
-32.547194	-20.613749	1235.525391	13.348419
-32.547194	-20.613749	1233.833984	22.242384
-32.547194	-20.613749	1232.140625	16.307428
-32.547194	-20.613749	1230.447266	7.410808
-32.547194	-20.613749	1228.753906	17.781954
-32.547194	-20.613749	1227.058594	13.333477
-32.547194	-20.613749	1225.365234	13.330489
-32.547194	-20.613749	1223.669922	13.327500
-32.547194	-20.613749	1221.974609	17.766016
-32.547194	-20.613749	1220.277344	16.281862
-32.547194	-20.613749	1218.582031	14.798373
-32.547194	-20.613749	1216.884766	20.713074
-32.547194	-20.613749	1215.189453	14.791733
-32.547194	-20.613749	1213.492188	10.351890
-32.547194	-20.613749	1211.792969	19.220621
-32.547194	-20.613749	1210.095703	13.303596
-32.547194	-20.613749	1208.396484	13.300608
-32.547194	-20.613749	1206.699219	22.162701
-32.547194	-20.613749	1205.000000	10.340269
-32.547194	-20.613749	1203.298828	10.337946
-32.547194	-20.613749	1201.599609	14.765174
-32.547194	-20.613749	1199.900391	11.809484
-32.547194	-20.613749	1198.199219	14.758534
-32.547194	-20.613749	1196.498047	10.328650
-32.547194	-20.613749	1194.796875	16.227085
-32.547194	-20.613749	1193.093750	13.273719
-32.547194	-20.613749	1191.392578	13.270731
-32.547194	-20.613749	1189.689453	17.690325
-32.547194	-20.613749	1187.986328	13.264756
-32.547194	-20.613749	1186.283203	14.735298
-32.547194	-20.613749	1184.580078	20.624771
-32.547194	-20.613749	1182.875000	17.674391
-32.547194	-20.613749	1181.169922	14.725341
-32.547194	-20.613749	1179.464844	13.249819
-32.547194	-20.613749	1177.759766	14.718702
-32.547194	-20.613749	1176.054688	14.715383
-32.547194	-20.613749	1174.347656	16.183270
-32.547194	-20.613749	1172.642578	11.766995
-32.547194	-20.613749	1170.935547	14.705426
-32.547194	-20.613749	1169.228516	16.172318
-32.547194	-20.613749	1167.519531	16.168667
-32.547194	-20.613749	1165.812500	14.695469
-32.547194	-20.613749	1164.103516	17.630581
-32.547194	-20.613749	1162.394531	16.157715
-32.547194	-20.613749	1160.685547	13.216961
-32.547194	-20.613749	1158.976563	13.213975
-32.547194	-20.613749	1157.265625	11.743100
-32.547194	-20.613749	1155.556641	17.610668
-32.547194	-20.613749	1153.845703	14.672238
-32.547194	-20.613749	1152.134766	8.801352
-32.547194	-20.613749	1150.423828	17.598721
-32.547194	-20.613749	1148.710938	14.662282
-32.547194	-20.613749	1146.998047	11.727171
-32.547194	-20.613749	1145.287109	13.190081
-32.547194	-20.613749	1143.572266	11.721862
-32.547194	-20.613749	1141.859375	13.184108
-32.547194	-20.613749	1140.146484	10.251984
-32.547194	-20.613749	1138.431641	14.642372
-32.547194	-20.613749	1136.716797	16.102959
-32.547194	-20.613749	1135.001953	11.708589
-32.547194	-20.613749	1133.287109	16.095659
-32.547194	-20.613749	1131.570313	13.166189
-32.547194	-20.613749	1129.855469	20.476093
-32.547194	-20.613749	1128.138672	14.622463
-32.547194	-20.613749	1126.421875	13.157231
-32.547194	-20.613749	1124.703125	14.615828
-32.547194	-20.613749	1122.986328	16.073761
-32.547194	-20.613749	1121.267578	14.609192
-32.547194	-20.613749	1119.548828	10.224112
-32.547194	-20.613749	1117.830078	14.602556
-32.547194	-20.613749	1116.111328	18.979010
-32.547194	-20.613749	1114.392578	14.595921
-32.547194	-20.613749	1112.671875	14.592604
-32.547194	-20.613749	1110.951172	17.507143
-32.547194	-20.613749	1109.230469	14.585968
-32.547194	-20.613749	1107.509766	20.415710
-32.547194	-20.613749	1105.787109	17.495199
-32.547194	-20.613749	1104.066406	11.660812
-32.547194	-20.613749	1102.343750	10.200889
-32.547194	-20.613749	1100.621094	17.483257
-32.547194	-20.613749	1098.896484	16.022671
-32.547194	-20.613749	1097.173828	18.931570
-32.547194	-20.613749	1095.449219	13.103486
-32.547194	-20.613749	1093.724609	16.011723
-32.547194	-20.613749	1092.000000	17.463354
-32.547194	-20.613749	1090.275391	17.459373
-32.547194	-20.613749	1088.550781	17.455393
-32.547194	-20.613749	1086.824219	13.088559
-32.547194	-20.613749	1085.097656	21.809290
-32.547194	-20.613749	1083.371094	18.897074
-32.547194	-20.613749	1081.644531	18.892761
-32.547194	-20.613749	1079.916016	18.888449
-32.547194	-20.613749	1078.189453	13.073634
-32.547194	-20.613749	1076.460938	15.975237
-32.547194	-20.613749	1074.732422	26.135328
-32.547194	-20.613749	1073.001953	24.677727
-32.547194	-20.613749	1071.273438	18.866892
-32.547194	-20.613749	1069.542969	11.607741
-32.547194	-20.613749	1067.812500	15.956996
-32.547194	-20.613749	1066.082031	15.953348
-32.547194	-20.613749	1064.351563	14.499727
-32.547194	-20.613749	1062.619141	14.496411
-32.547194	-20.613749	1060.888672	13.043785
-32.547194	-20.613749	1059.156250	15.938757
-32.547194	-20.613749	1057.421875	21.729694
-32.547194	-20.613749	1055.689453	11.586517
-32.547194	-20.613749	1053.957031	15.927814
-32.547194	-20.613749	1052.222656	20.267120
-32.547194	-20.613749	1050.488281	14.473199
-32.547194	-20.613749	1048.753906	18.810848
-32.547194	-20.613749	1047.019531	17.359880
-32.547194	-20.613749	1045.283203	17.355902
-32.547194	-20.613749	1043.546875	20.243910
-32.547194	-20.613749	1041.810547	17.347944
-32.547194	-20.613749	1040.074219	11.562643
-32.547194	-20.613749	1038.337891	17.339987
-32.547194	-20.613749	1036.599609	11.557339
-32.547194	-20.613749	1034.861328	14.443357
-32.547194	-20.613749	1033.123047	18.772055
-32.547194	-20.613749	1031.384766	18.767746
-32.547194	-20.613749	1029.646484	23.093458
-32.547194	-20.613749	1027.906250	15.873106
-32.547194	-20.613749	1026.167969	20.197495
-32.547194	-20.613749	1024.427734	15.865813
-32.547194	-20.613749	1022.685547	21.630226
-32.547194	-20.613749	1020.945313	15.858521
-32.547194	-20.613749	1019.203125	15.854874
-32.547194	-20.613749	1017.462891	17.292248
-32.547194	-20.613749	1015.720703	24.491716
-32.547194	-20.613749	1013.976563	11.522861
-32.547194	-20.613749	1012.234375	24.480446
-32.547194	-20.613749	1010.490234	24.474812
-32.547194	-20.613749	1008.746094	30.226631
-32.547194	-20.613749	1007.001953	20.146446
-32.547194	-20.613749	1005.257813	23.019207
-32.547194	-20.613749	1003.513672	20.137167
-32.547194	-20.613749	1001.767578	30.198790
-32.547194	-20.613749	1000.021484	20.127888
-32.547194	-20.613749	998.275391	27.310122
-32.547194	-20.613749	996.529297	15.807477
-32.547194	-20.613749	994.781250	24.424105
-32.547194	-20.613749	993.035156	24.418470
-32.547194	-20.613749	991.287109	22.976788
-32.547194	-20.613749	989.539063	25.842922
-32.547194	-20.613749	987.789063	33.013889
-32.547194	-20.613749	986.041016	24.395937
-32.547194	-20.613749	984.291016	27.259752
-32.547194	-20.613749	982.541016	22.950279
-32.547194	-20.613749	980.791016	37.285587
-32.547194	-20.613749	979.041016	27.240866
-32.547194	-20.613749	977.289063	35.834961
-32.547194	-20.613749	975.537109	31.527477
-32.547194	-20.613749	973.785156	34.385658
-32.547194	-20.613749	972.033203	30.080496
-32.547194	-20.613749	970.281250	41.530125
-32.547194	-20.613749	968.527344	30.066582
-32.547194	-20.613749	966.773438	30.059624
-32.547194	-20.613749	965.019531	35.776985
-32.547194	-20.613749	963.265625	32.907207
-32.547194	-20.613749	961.511719	28.608339
-32.547194	-20.613749	959.755859	27.171627
-32.547194	-20.613749	958.000000	28.595089
-32.547194	-20.613749	956.244141	34.306156
-32.547194	-20.613749	954.488281	32.869118
-32.547194	-20.613749	952.730469	34.290260
-32.547194	-20.613749	950.974609	31.425451
-32.547194	-20.613749	949.216797	28.561968
-32.547194	-20.613749	947.458984	32.838646
-32.547194	-20.613749	945.701172	29.976158
-32.547194	-20.613749	943.941406	28.542099
-32.547194	-20.613749	942.181641	32.815796
-32.547194	-20.613749	940.421875	35.661064
-32.547194	-20.613749	938.662109	25.670008
-32.547194	-20.613749	936.902344	27.089827
-32.547194	-20.613749	935.140625	27.083536
-32.547194	-20.613749	933.380859	18.526537
-32.547194	-20.613749	931.619141	27.070953
-32.547194	-20.613749	929.855469	19.942383
-32.547194	-20.613749	928.093750	18.513624
-32.547194	-20.613749	926.330078	17.085526
-32.547194	-20.613749	924.568359	17.081553
-32.547194	-20.613749	922.804688	14.231318
-32.547194	-20.613749	921.039063	21.342010
-32.547194	-20.613749	919.275391	18.492105
-32.547194	-20.613749	917.509766	19.909941
-32.547194	-20.613749	915.744141	18.483500
-32.547194	-20.613749	913.978516	11.371814
-32.547194	-20.613749	912.212891	15.632603
-32.547194	-20.613749	910.447266	21.312222
-32.547194	-20.613749	908.679688	22.727741
-32.547194	-20.613749	906.912109	18.461987
-32.547194	-20.613749	905.144531	24.136972
-32.547194	-20.613749	903.375000	25.550837
-32.547194	-20.613749	901.607422	18.449081
-32.547194	-20.613749	899.837891	19.863607
-32.547194	-20.613749	898.068359	18.440477
-32.547194	-20.613749	896.298828	18.436176
-32.547194	-20.613749	894.529297	14.178365
-32.547194	-20.613749	892.757813	19.845079
-32.547194	-20.613749	890.986328	21.257622
-32.547194	-20.613749	889.214844	18.418972
-32.547194	-20.613749	887.443359	29.746777
-32.547194	-20.613749	885.669922	25.491282
-32.547194	-20.613749	883.898438	28.317030
-32.547194	-20.613749	882.125000	28.310415
-32.547194	-20.613749	880.351563	26.888609
-32.547194	-20.613749	878.578125	19.808029
-32.547194	-20.613749	876.802734	16.974342
-32.547194	-20.613749	875.027344	15.556175
-32.547194	-20.613749	873.251953	19.794138
-32.547194	-20.613749	871.476563	18.375973
-32.547194	-20.613749	869.701172	19.784880
-32.547194	-20.613749	867.923828	19.780249
-32.547194	-20.613749	866.146484	19.775620
-32.547194	-20.613749	864.369141	18.358778
-32.547194	-20.613749	862.591797	24.002010
-32.547194	-20.613749	860.814453	22.584837
-32.547194	-20.613749	859.035156	29.635656
-32.547194	-20.613749	857.255859	21.163366
-32.547194	-20.613749	855.476563	22.568970
-32.547194	-20.613749	853.697266	18.332991
-32.547194	-20.613749	851.916016	21.148491
-32.547194	-20.613749	850.136719	19.733965
-32.547194	-20.613749	848.355469	16.910860
-32.547194	-20.613749	846.574219	15.497986
-32.547194	-20.613749	844.791016	21.128660
-32.547194	-20.613749	843.009766	21.123703
-32.547194	-20.613749	841.226563	29.566244
-32.547194	-20.613749	839.443359	21.113789
-32.547194	-20.613749	837.660156	21.108831
-32.547194	-20.613749	835.875000	16.883101
-32.547194	-20.613749	834.091797	15.472541
-32.547194	-20.613749	832.306641	21.093964
-32.547194	-20.613749	830.521484	22.494942
-32.547194	-20.613749	828.734375	18.272846
-32.547194	-20.613749	826.949219	18.268551
-32.547194	-20.613749	825.162109	22.479086
-32.547194	-20.613749	823.375000	18.259962
-32.547194	-20.613749	821.587891	21.064234
-32.547194	-20.613749	819.800781	25.271135
-32.547194	-20.613749	818.011719	19.650703
-32.547194	-20.613749	816.222656	21.049372
-32.547194	-20.613749	814.433594	16.835535
-32.547194	-20.613749	812.644531	21.039465
-32.547194	-20.613749	810.855469	15.425308
-32.547194	-20.613749	809.064453	16.823647
-32.547194	-20.613749	807.273438	14.016404
-32.547194	-20.613749	805.482422	15.414412
-32.547194	-20.613749	803.691406	19.613722
-32.547194	-20.613749	801.898438	23.811050
-32.547194	-20.613749	800.107422	19.604479
-32.547194	-20.613749	798.314453	19.599857
-32.547194	-20.613749	796.521484	22.394556
-32.547194	-20.613749	794.726563	16.791956
-32.547194	-20.613749	792.933594	20.984995
-32.547194	-20.613749	791.138672	15.385366
-32.547194	-20.613749	789.343750	20.975096
-32.547194	-20.613749	787.546875	19.572136
-32.547194	-20.613749	785.751953	22.362877
-32.547194	-20.613749	783.955078	27.946997
-32.547194	-20.613749	782.158203	19.558279
-32.547194	-20.613749	780.361328	13.966901
-32.547194	-20.613749	778.564453	19.549042
-32.547194	-20.613749	776.765625	16.752363
-32.547194	-20.613749	774.968750	19.539806
-32.547194	-20.613749	773.169922	19.535189
-32.547194	-20.613749	771.369141	26.505777
-32.547194	-20.613749	769.570313	22.315378
-32.547194	-20.613749	767.769531	20.915720
-32.547194	-20.613749	765.970703	22.304825
-32.547194	-20.613749	764.167969	26.480717
-32.547194	-20.613749	762.367188	25.081059
-32.547194	-20.613749	760.566406	32.040440
-32.547194	-20.613749	758.763672	22.283726
-32.547194	-20.613749	756.960938	22.278452
-32.547194	-20.613749	755.158203	23.665251
-32.547194	-20.613749	753.353516	32.010113
-32.547194	-20.613749	751.550781	22.262630
-32.547194	-20.613749	749.746094	20.866274
-32.547194	-20.613749	747.941406	23.642841
-32.547194	-20.613749	746.136719	26.418091
-32.547194	-20.613749	744.330078	25.021734
-32.547194	-20.613749	742.523438	13.897669
-32.547194	-20.613749	740.718750	23.620438
-32.547194	-20.613749	738.910156	27.782162
-32.547194	-20.613749	737.103516	29.164352
-32.547194	-20.613749	735.294922	20.826738
-32.547194	-20.613749	733.488281	26.374279
-32.547194	-20.613749	731.679688	30.531393
-32.547194	-20.613749	729.869141	26.361765
-32.547194	-20.613749	728.060547	24.968376
-32.547194	-20.613749	726.250000	22.188845
-32.547194	-20.613749	724.439453	30.502419
-32.547194	-20.613749	722.628906	29.109030
-32.547194	-20.613749	720.818359	26.330488
-32.547194	-20.613749	719.005859	22.167776
-32.547194	-20.613749	717.195313	19.392195
-32.547194	-20.613749	715.382813	16.617933
-32.547194	-20.613749	713.568359	17.998482
-32.547194	-20.613749	711.755859	26.299221
-32.547194	-20.613749	709.941406	19.373768
-32.547194	-20.613749	708.126953	20.752672
-32.547194	-20.613749	706.312500	16.598190
-32.547194	-20.613749	704.498047	20.742804
-32.547194	-20.613749	702.681641	20.737869
-32.547194	-20.613749	700.867188	19.350739
-32.547194	-20.613749	699.050781	17.964268
-32.547194	-20.613749	697.232422	19.341532
-32.547194	-20.613749	695.416016	16.574509
-32.547194	-20.613749	693.597656	22.094084
-32.547194	-20.613749	691.779297	13.805514
-32.547194	-20.613749	689.960938	16.562672
-32.547194	-20.613749	688.142578	19.318516
-32.547194	-20.613749	686.324219	17.934349
-32.547194	-20.613749	684.503906	26.205496
-32.547194	-20.613749	682.683594	15.167987
-32.547194	-20.613749	680.863281	22.057268
-32.547194	-20.613749	679.041016	24.808514
-32.547194	-20.613749	677.218750	23.424677
-32.547194	-20.613749	675.398438	16.531122
-32.547194	-20.613749	673.576172	19.281712
-32.547194	-20.613749	671.751953	17.900175
-32.547194	-20.613749	669.929688	20.649122
-32.547194	-20.613749	668.105469	17.891636
-32.547194	-20.613749	666.281250	22.015221
-32.547194	-20.613749	664.457031	23.385590
-32.547194	-20.613749	662.630859	16.503534
-32.547194	-20.613749	660.806641	26.124359
-32.547194	-20.613749	658.980469	24.743483
-32.547194	-20.613749	657.154297	24.737576
-32.547194	-20.613749	655.326172	20.609722
-32.547194	-20.613749	653.500000	28.846720
-32.547194	-20.613749	651.671875	26.093178
-32.547194	-20.613749	649.843750	32.951927
-32.547194	-20.613749	648.015625	32.944054
-32.547194	-20.613749	646.185547	23.329794
-32.547194	-20.613749	644.357422	31.556293
-32.547194	-20.613749	642.527344	32.920433
-32.547194	-20.613749	640.697266	31.541204
-32.547194	-20.613749	638.865234	31.533661
-32.547194	-20.613749	637.035156	23.301914
-32.547194	-20.613749	635.203125	21.925966
-32.547194	-20.613749	633.371094	32.881081
-32.547194	-20.613749	631.539063	32.873215
-32.547194	-20.613749	629.705078	28.757179
-32.547194	-20.613749	627.873047	31.488419
-32.547194	-20.613749	626.039063	35.587082
-32.547194	-20.613749	624.203125	35.578564
-32.547194	-20.613749	622.369141	34.201965
-32.547194	-20.613749	620.535156	42.400280
-32.547194	-20.613749	618.699219	34.185585
-32.547194	-20.613749	616.863281	25.974819
-32.547194	-20.613749	615.025391	35.535973
-32.547194	-20.613749	613.189453	25.962374
-32.547194	-20.613749	611.351563	28.688379
-32.547194	-20.613749	609.513672	23.218359
-32.547194	-20.613749	607.675781	40.963753
-32.547194	-20.613749	605.837891	30.032883
-32.547194	-20.613749	603.998047	24.566467
-32.547194	-20.613749	602.158203	32.747433
-32.547194	-20.613749	600.318359	25.918835
-32.547194	-20.613749	598.478516	25.912617
-32.547194	-20.613749	596.636719	29.996883
-32.547194	-20.613749	594.796875	27.263351
-32.547194	-20.613749	592.955078	21.805447
-32.547194	-20.613749	591.111328	27.250267
-32.547194	-20.613749	589.269531	24.519354
-32.547194	-20.613749	587.425781	24.513468
-32.547194	-20.613749	585.583984	25.869114
-32.547194	-20.613749	583.738281	27.224108
-32.547194	-20.613749	581.894531	23.134933
-32.547194	-20.613749	580.050781	23.129377
-32.547194	-20.613749	578.205078	24.484045
-32.547194	-20.613749	576.359375	19.038572
-32.547194	-20.613749	574.513672	20.393568
-32.547194	-20.613749	572.666016	27.184889
-32.547194	-20.613749	570.818359	21.742685
-32.547194	-20.613749	568.970703	25.813232
-32.547194	-20.613749	567.123047	19.015703
-32.547194	-20.613749	565.275391	20.369070
-32.547194	-20.613749	563.425781	20.364172
-32.547194	-20.613749	561.576172	25.788414
-32.547194	-20.613749	559.726563	25.782211
-32.547194	-20.613749	557.876953	20.349482
-32.547194	-20.613749	556.027344	23.057198
-32.547194	-20.613749	554.175781	40.679382
-32.547194	-20.613749	552.324219	28.468714
-32.547194	-20.613749	550.472656	32.527843
-32.547194	-20.613749	548.619141	28.455013
-32.547194	-20.613749	546.767578	27.093489
-32.547194	-20.613749	544.914063	33.858707
-32.547194	-20.613749	543.060547	31.142511
-32.547194	-20.613749	541.205078	27.073923
-32.547194	-20.613749	539.351563	35.187622
-32.547194	-20.613749	537.496094	43.297413
-32.547194	-20.613749	535.640625	40.581547
-32.547194	-20.613749	533.785156	58.152870
-32.547194	-20.613749	531.927734	50.026459
-32.547194	-20.613749	530.070313	64.883553
-32.547194	-20.613749	528.212891	78.382065
-32.547194	-20.613749	526.355469	97.278419
-32.547194	-20.613749	524.498047	162.091629
-32.547194	-20.613749	522.638672	370.019989
-32.547194	-20.613749	520.779297	544.095276
-32.547194	-20.613749	518.919922	427.882385
-32.547194	-20.613749	517.060547	224.010559
-32.547194	-20.613749	515.199219	133.564438
-32.547194	-20.613749	513.339844	82.277435
-32.547194	-20.613749	511.478516	87.651527
-32.547194	-20.613749	509.615234	75.496941
-32.547194	-20.613749	507.753906	83.565735
-32.547194	-20.613749	505.890625	76.808022
-32.547194	-20.613749	504.027344	63.317646
-32.547194	-20.613749	502.164063	59.261787
-32.547194	-20.613749	500.300781	70.019753
-32.547194	-20.613749	498.435547	70.002846
-32.547194	-20.613749	496.570313	74.023598
-32.547194	-20.613749	494.705078	86.115753
-32.547194	-20.613749	492.839844	73.987854
-32.547194	-20.613749	490.972656	68.590347
-32.547194	-20.613749	489.107422	64.540031
-32.547194	-20.613749	487.240234	83.344070
-32.547194	-20.613749	485.371094	56.445248
-32.547194	-20.613749	483.503906	47.026344
-32.547194	-20.613749	481.634766	49.701550
-32.547194	-20.613749	479.765625	49.689541
-32.547194	-20.613749	477.896484	40.279079
-32.547194	-20.613749	476.027344	46.980904
-32.547194	-20.613749	474.156250	48.311535
-32.547194	-20.613749	472.285156	30.858242
-32.547194	-20.613749	470.414063	34.874798
-32.547194	-20.613749	468.542969	33.525349
-32.547194	-20.613749	466.669922	41.561382
-32.547194	-20.613749	464.796875	34.849503
-32.547194	-20.613749	462.923828	40.201241
-32.547194	-20.613749	461.050781	26.794346
-32.547194	-20.613749	459.177734	33.484829
-32.547194	-20.613749	457.302734	24.103247
-32.547194	-20.613749	455.427734	28.113651
-32.547194	-20.613749	453.552734	28.106848
-32.547194	-20.613749	451.675781	25.423853
-32.547194	-20.613749	449.800781	21.404379
-32.547194	-20.613749	447.923828	36.111149
-32.547194	-20.613749	446.046875	34.765282
-32.547194	-20.613749	444.169922	29.409657
-32.547194	-20.613749	442.291016	30.739017
-32.547194	-20.613749	440.412109	28.059265
-32.547194	-20.613749	438.533203	36.067463
-32.547194	-20.613749	436.654297	29.381187
-32.547194	-20.613749	434.773438	22.698147
-32.547194	-20.613749	432.894531	25.362373
-32.547194	-20.613749	431.013672	29.359848
-32.547194	-20.613749	429.130859	22.681660
-32.547194	-20.613749	427.250000	28.011734
-32.547194	-20.613749	425.367188	20.003534
-32.547194	-20.613749	423.484375	22.665180
-32.547194	-20.613749	421.601563	25.325535
-32.547194	-20.613749	419.718750	23.986799
-32.547194	-20.613749	417.833984	19.984156
-32.547194	-20.613749	415.949219	29.302992
-32.547194	-20.613749	414.064453	29.295891
-32.547194	-20.613749	412.179688	22.632248
-32.547194	-20.613749	410.294922	34.605637
-32.547194	-20.613749	408.408203	30.605257
-32.547194	-20.613749	406.521484	26.606815
-32.547194	-20.613749	404.634766	37.240513
-32.547194	-20.613749	402.746094	42.550266
-32.547194	-20.613749	400.857422	67.798042
-32.547194	-20.613749	398.968750	102.336937
-32.547194	-20.613749	397.080078	112.941948
-32.547194	-20.613749	395.191406	130.183838
-32.547194	-20.613749	393.300781	107.574837
-32.547194	-20.613749	391.410156	79.665733
-32.547194	-20.613749	389.519531	84.956177
-32.547194	-20.613749	387.628906	69.010147
-32.547194	-20.613749	385.736328	63.686222
-32.547194	-20.613749	383.843750	70.303146
-32.547194	-20.613749	381.951172	50.393799
-32.547194	-20.613749	380.058594	51.707401
-32.547194	-20.613749	378.164063	68.926476
-32.547194	-20.613749	376.271484	102.039436
-32.547194	-20.613749	374.376953	111.288734
-32.547194	-20.613749	372.480469	99.340828
-32.547194	-20.613749	370.585938	86.074493
-32.547194	-20.613749	368.689453	66.195076
-32.547194	-20.613749	366.792969	46.325306
-32.547194	-20.613749	364.896484	55.576874
-32.547194	-20.613749	363.000000	52.917507
-32.547194	-20.613749	361.101563	68.776062
-32.547194	-20.613749	359.203125	66.114777
-32.547194	-20.613749	357.304688	63.454773
-32.547194	-20.613749	355.406250	71.369286
-32.547194	-20.613749	353.505859	64.745293
-32.547194	-20.613749	351.605469	63.408562
-32.547194	-20.613749	349.705078	67.355240
-32.547194	-20.613749	347.804688	58.096291
-32.547194	-20.613749	345.902344	56.762131
-32.547194	-20.613749	344.001953	51.469429
-32.547194	-20.613749	342.099609	56.734562
-32.547194	-20.613749	340.195313	65.954399
-32.547194	-20.613749	338.292969	60.663311
-32.547194	-20.613749	336.388672	58.011681
-32.547194	-20.613749	334.484375	35.589428
-32.547194	-20.613749	332.580078	39.534203
-32.547194	-20.613749	330.675781	36.889626
-32.547194	-20.613749	328.769531	43.466499
-32.547194	-20.613749	326.863281	43.455936
-32.547194	-20.613749	324.957031	38.179272
-32.547194	-20.613749	323.048828	34.221378
-32.547194	-20.613749	321.142578	36.844837
-32.547194	-20.613749	319.234375	27.626913
-32.547194	-20.613749	317.326172	35.511684
-32.547194	-20.613749	315.417969	31.558271
-32.547194	-20.613749	313.507813	32.865211
-32.547194	-20.613749	311.597656	42.057247
-32.547194	-20.613749	309.687500	85.408020
-32.547194	-20.613749	307.777344	77.505363
-32.547194	-20.613749	305.865234	44.653255
-32.547194	-20.613749	303.955078	35.451317
-32.547194	-20.613749	302.042969	38.068089
-32.547194	-20.613749	300.128906	41.995956
-32.547194	-20.613749	298.216797	47.233967
-32.547194	-20.613749	296.302734	38.040337
-32.547194	-20.613749	294.388672	31.474005
-32.547194	-20.613749	292.474609	39.332943
-32.547194	-20.613749	290.560547	40.634163
-32.547194	-20.613749	288.644531	49.797508
-32.547194	-20.613749	286.728516	58.956402
-32.547194	-20.613749	284.812500	58.942066
-32.547194	-20.613749	282.896484	62.856255
-32.547194	-20.613749	280.978516	60.222599
-32.547194	-20.613749	279.060547	66.752304
-32.547194	-20.613749	277.142578	58.884773
-32.547194	-20.613749	275.224609	68.028084
-32.547194	-20.613749	273.304688	69.319458
-32.547194	-20.613749	271.384766	81.070976
-32.547194	-20.613749	269.464844	83.665817
-32.547194	-20.613749	267.544922	101.942924
-32.547194	-20.613749	265.623047	143.730713
-32.547194	-20.613749	263.703125	219.462631
-32.547194	-20.613749	261.781250	336.949951
-32.547194	-20.613749	259.857422	424.349243
-32.547194	-20.613749	257.935547	450.353516
-32.547194	-20.613749	256.011719	408.482269
-32.547194	-20.613749	254.087891	416.211365
-32.547194	-20.613749	252.164063	1053.971802
-32.547194	-20.613749	250.240234	2532.568848
-32.547194	-20.613749	248.314453	1925.692505
-32.547194	-20.613749	246.388672	851.165466
-32.547194	-20.613749	244.462891	427.433990
-32.547194	-20.613749	242.535156	315.286224
-32.547194	-20.613749	240.609375	240.965973
-32.547194	-20.613749	238.681641	227.885376
-32.547194	-20.613749	236.753906	173.150772
-32.547194	-20.613749	234.824219	157.489838
-32.547194	-20.613749	232.896484	122.317734
-32.547194	-20.613749	230.966797	113.181442
-32.547194	-20.613749	229.037109	85.840904
-32.547194	-20.613749	227.107422	105.324593
-32.547194	-20.613749	225.175781	90.999123
-32.547194	-20.613749	223.244141	120.869438
-32.547194	-20.613749	221.312500	93.553589
-32.547194	-20.613749	219.380859	93.530838
-32.547194	-20.613749	217.447266	98.702995
-32.547194	-20.613749	215.515625	71.412437
-32.547194	-20.613749	213.582031	76.587440
-32.547194	-20.613749	211.646484	70.079941
-32.547194	-20.613749	209.712891	60.980675
-32.547194	-20.613749	207.777344	62.262993
-32.547194	-20.613749	205.841797	57.060535
-32.547194	-20.613749	203.906250	37.598938
-32.547194	-20.613749	201.968750	28.516399
-32.547194	-20.613749	200.033203	34.988892
-32.547194	-20.613749	198.095703	45.344944
-32.547194	-20.613749	196.158203	28.495609
-32.547194	-20.613749	194.218750	32.373501
-32.547194	-20.613749	192.281250	40.133385
-32.547194	-20.613749	190.341797	20.708971
-32.547194	-20.613749	188.402344	23.291929
-32.547194	-20.613749	186.460938	25.873631
-32.547194	-20.613749	184.521484	31.040812
-32.547194	-20.613749	182.580078	23.274950
-32.547194	-20.613749	180.638672	28.440248
-32.547194	-20.613749	178.695313	20.678791
-32.547194	-20.613749	176.753906	27.134317
-32.547194	-20.613749	174.810547	29.711315
-32.547194	-20.613749	172.867188	32.287060
-32.547194	-20.613749	170.921875	27.114542
-32.547194	-20.613749	168.978516	30.980518
-32.547194	-20.613749	167.033203	28.391909
-32.547194	-20.613749	165.087891	29.675238
-32.547194	-20.613749	163.142578	30.957941
-32.547194	-20.613749	161.195313	24.502417
-32.547194	-20.613749	159.248047	29.653614
-32.547194	-20.613749	157.300781	36.091282
-32.547194	-20.613749	155.353516	30.927870
-32.547194	-20.613749	153.406250	36.073750
-32.547194	-20.613749	151.457031	48.945343
-32.547194	-20.613749	149.507813	51.508900
-32.547194	-20.613749	147.558594	38.622292
-32.547194	-20.613749	145.607422	42.474201
-32.547194	-20.613749	143.658203	46.324242
-32.547194	-20.613749	141.707031	66.896545
-32.547194	-20.613749	139.753906	78.455734
-32.547194	-20.613749	137.802734	87.437622
-32.547194	-20.613749	135.849609	92.558533
-32.547194	-20.613749	133.896484	69.402046
-32.547194	-20.613749	131.943359	62.960640
-32.547194	-20.613749	129.990234	55.237759
-32.547194	-20.613749	128.035156	57.792927
-32.547194	-20.613749	126.080078	60.346848
-32.547194	-20.613749	124.125000	62.899529
-32.547194	-20.613749	122.169922	65.450966
-32.547194	-20.613749	120.212891	59.019878
-32.547194	-20.613749	118.255859	62.853745
-32.547194	-20.613749	116.298828	64.120911
-32.547194	-20.613749	114.341797	53.848495
-32.547194	-20.613749	112.382813	47.426449
-32.547194	-20.613749	110.423828	44.851974
-32.547194	-20.613749	108.464844	29.467003
-32.547194	-20.613749	106.505859	25.617266
-32.547194	-20.613749	104.544922	19.208288
-32.547194	-20.613749	102.585938	11.522178
-32.547194	-20.613749	100.625000	11.519383
-32.547194	-20.613749	98.662109	5.118484
-32.547194	-20.613749	96.701172	5.117243
-32.547194	-20.613749	94.738281	3.837002
-32.547194	-20.613749	92.775391	0.000000
-32.547194	-20.613749	90.812500	1.278380
-32.547194	-20.613749	88.847656	-1.278070
-32.547194	-20.613749	86.882813	1.277761
-32.547194	-20.613749	84.917969	2.554902
-32.547194	-20.613749	82.953125	1.277141
-32.547194	-20.613749	80.988281	2.553664
-32.547194	-20.613749	79.021484	-1.276522
-32.547194	-20.613749	77.054688	1.276213
-32.547194	-20.613749	75.087891	2.551808
-32.547194	-20.613749	73.119141	3.826784
-32.547194	-20.613749	71.152344	1.275286
-32.547194	-20.613749	69.183594	1.274977
-32.547194	-20.613749	67.212891	1.274668
-32.547194	-20.613749	65.244141	1.274359
-32.547194	-20.613749	63.273438	1.274051
-32.547194	-20.613749	61.302734	-2.547484
-32.547194	-20.613749	59.332031	0.000000
-29.547194	-20.613749	1838.626953	19.285784
-29.547194	-20.613749	1837.066406	16.071486
-29.547194	-20.613749	1835.503906	20.888487
-29.547194	-20.613749	1833.941406	12.851718
-29.547194	-20.613749	1832.378906	19.273474
-29.547194	-20.613749	1830.816406	32.115620
-29.547194	-20.613749	1829.251953	20.870712
-29.547194	-20.613749	1827.687500	20.866270
-29.547194	-20.613749	1826.125000	27.280853
-29.547194	-20.613749	1824.560547	22.461803
-29.547194	-20.613749	1822.994141	24.061098
-29.547194	-20.613749	1821.429688	11.226122
-29.547194	-20.613749	1819.865234	17.637295
-29.547194	-20.613749	1818.298828	17.633541
-29.547194	-20.613749	1816.732422	16.027081
-29.547194	-20.613749	1815.166016	22.433136
-29.547194	-20.613749	1813.599609	32.040516
-29.547194	-20.613749	1812.033203	12.813478
-29.547194	-20.613749	1810.464844	22.418814
-29.547194	-20.613749	1808.896484	22.414042
-29.547194	-20.613749	1807.330078	16.006620
-29.547194	-20.613749	1805.759766	19.203856
-29.547194	-20.613749	1804.191406	15.999806
-29.547194	-20.613749	1802.623047	19.195681
-29.547194	-20.613749	1801.052734	17.592293
-29.547194	-20.613749	1799.484375	20.786465
-29.547194	-20.613749	1797.914063	22.380657
-29.547194	-20.613749	1796.343750	27.170727
-29.547194	-20.613749	1794.771484	23.969065
-29.547194	-20.613749	1793.201172	14.378377
-29.547194	-20.613749	1791.628906	17.569830
-29.547194	-20.613749	1790.058594	19.163004
-29.547194	-20.613749	1788.486328	22.352077
-29.547194	-20.613749	1786.914063	19.154842
-29.547194	-20.613749	1785.339844	20.746660
-29.547194	-20.613749	1783.767578	30.315582
-29.547194	-20.613749	1782.193359	28.713907
-29.547194	-20.613749	1780.621094	25.518036
-29.547194	-20.613749	1779.046875	17.539913
-29.547194	-20.613749	1777.470703	19.130373
-29.547194	-20.613749	1775.896484	14.344723
-29.547194	-20.613749	1774.322266	19.122223
-29.547194	-20.613749	1772.746094	22.304506
-29.547194	-20.613749	1771.169922	22.299753
-29.547194	-20.613749	1769.593750	19.110001
-29.547194	-20.613749	1768.017578	22.290249
-29.547194	-20.613749	1766.441406	14.326392
-29.547194	-20.613749	1764.863281	15.914821
-29.547194	-20.613749	1763.287109	19.093714
-29.547194	-20.613749	1761.708984	19.089645
-29.547194	-20.613749	1760.130859	25.447433
-29.547194	-20.613749	1758.552734	20.671633
-29.547194	-20.613749	1756.972656	17.487652
-29.547194	-20.613749	1755.394531	19.073372
-29.547194	-20.613749	1753.814453	15.891087
-29.547194	-20.613749	1752.234375	17.476469
-29.547194	-20.613749	1750.654297	25.414896
-29.547194	-20.613749	1749.074219	25.409477
-29.547194	-20.613749	1747.492188	22.228550
-29.547194	-20.613749	1745.912109	26.986053
-29.547194	-20.613749	1744.330078	17.457840
-29.547194	-20.613749	1742.748047	19.040854
-29.547194	-20.613749	1741.166016	22.209591
-29.547194	-20.613749	1739.583984	28.549095
-29.547194	-20.613749	1738.000000	17.442947
-29.547194	-20.613749	1736.417969	26.951530
-29.547194	-20.613749	1734.833984	23.775688
-29.547194	-20.613749	1733.250000	26.940029
-29.547194	-20.613749	1731.666016	20.596802
-29.547194	-20.613749	1730.082031	20.592405
-29.547194	-20.613749	1728.496094	23.755396
-29.547194	-20.613749	1726.912109	20.583616
-29.547194	-20.613749	1725.326172	25.328272
-29.547194	-20.613749	1723.740234	28.488222
-29.547194	-20.613749	1722.154297	17.405752
-29.547194	-20.613749	1720.566406	22.148046
-29.547194	-20.613749	1718.980469	17.398319
-29.547194	-20.613749	1717.392578	18.975931
-29.547194	-20.613749	1715.804688	17.390888
-29.547194	-20.613749	1714.216797	28.451740
-29.547194	-20.613749	1712.628906	23.704718
-29.547194	-20.613749	1711.041016	20.539700
-29.547194	-20.613749	1709.451172	18.955673
-29.547194	-20.613749	1707.861328	30.006735
-29.547194	-20.613749	1706.271484	23.684465
-29.547194	-20.613749	1704.681641	18.943523
-29.547194	-20.613749	1703.091797	23.674343
-29.547194	-20.613749	1701.501953	26.825188
-29.547194	-20.613749	1699.910156	22.086609
-29.547194	-20.613749	1698.318359	22.081888
-29.547194	-20.613749	1696.726563	26.807989
-29.547194	-20.613749	1695.134766	25.225653
-29.547194	-20.613749	1693.542969	17.338928
-29.547194	-20.613749	1691.949219	25.214867
-29.547194	-20.613749	1690.357422	18.907104
-29.547194	-20.613749	1688.763672	17.327806
-29.547194	-20.613749	1687.169922	20.473936
-29.547194	-20.613749	1685.576172	22.044136
-29.547194	-20.613749	1683.982422	18.890932
-29.547194	-20.613749	1682.386719	17.312983
-29.547194	-20.613749	1680.791016	20.456419
-29.547194	-20.613749	1679.195313	20.452040
-29.547194	-20.613749	1677.599609	15.728971
-29.547194	-20.613749	1676.003906	25.160967
-29.547194	-20.613749	1674.408203	23.583357
-29.547194	-20.613749	1672.810547	22.006422
-29.547194	-20.613749	1671.214844	25.144810
-29.547194	-20.613749	1669.617188	18.854570
-29.547194	-20.613749	1668.019531	21.992287
-29.547194	-20.613749	1666.419922	25.128658
-29.547194	-20.613749	1664.822266	20.412663
-29.547194	-20.613749	1663.222656	14.128816
-29.547194	-20.613749	1661.623047	25.112513
-29.547194	-20.613749	1660.023438	17.261154
-29.547194	-20.613749	1658.423828	25.101751
-29.547194	-20.613749	1656.824219	18.822279
-29.547194	-20.613749	1655.222656	25.090994
-29.547194	-20.613749	1653.623047	18.814211
-29.547194	-20.613749	1652.021484	31.350296
-29.547194	-20.613749	1650.419922	14.104609
-29.547194	-20.613749	1648.818359	12.534741
-29.547194	-20.613749	1647.214844	18.798080
-29.547194	-20.613749	1645.613281	17.227877
-29.547194	-20.613749	1644.009766	18.790016
-29.547194	-20.613749	1642.406250	21.916983
-29.547194	-20.613749	1640.802734	20.347118
-29.547194	-20.613749	1639.199219	12.518617
-29.547194	-20.613749	1637.593750	18.773895
-29.547194	-20.613749	1635.990234	26.590643
-29.547194	-20.613749	1634.384766	18.765837
-29.547194	-20.613749	1632.779297	20.325293
-29.547194	-20.613749	1631.173828	25.010374
-29.547194	-20.613749	1629.568359	21.879377
-29.547194	-20.613749	1627.960938	28.124588
-29.547194	-20.613749	1626.353516	21.869982
-29.547194	-20.613749	1624.748047	18.741673
-29.547194	-20.613749	1623.140625	21.860586
-29.547194	-20.613749	1621.531250	23.417025
-29.547194	-20.613749	1619.923828	18.729595
-29.547194	-20.613749	1618.314453	26.527889
-29.547194	-20.613749	1616.707031	20.281673
-29.547194	-20.613749	1615.097656	12.478347
-29.547194	-20.613749	1613.488281	17.154039
-29.547194	-20.613749	1611.878906	26.505087
-29.547194	-20.613749	1610.267578	18.705450
-29.547194	-20.613749	1608.656250	15.584522
-29.547194	-20.613749	1607.046875	15.581170
-29.547194	-20.613749	1605.435547	12.462255
-29.547194	-20.613749	1603.824219	17.131914
-29.547194	-20.613749	1602.210938	17.128227
-29.547194	-20.613749	1600.599609	18.681318
-29.547194	-20.613749	1598.986328	29.572388
-29.547194	-20.613749	1597.373047	14.004958
-29.547194	-20.613749	1595.759766	20.225029
-29.547194	-20.613749	1594.146484	21.776110
-29.547194	-20.613749	1592.533203	21.771421
-29.547194	-20.613749	1590.917969	24.876265
-29.547194	-20.613749	1589.302734	31.088634
-29.547194	-20.613749	1587.687500	23.311453
-29.547194	-20.613749	1586.072266	21.752668
-29.547194	-20.613749	1584.457031	15.534272
-29.547194	-20.613749	1582.839844	15.530924
-29.547194	-20.613749	1581.224609	17.080334
-29.547194	-20.613749	1579.607422	20.181498
-29.547194	-20.613749	1577.990234	18.625059
-29.547194	-20.613749	1576.373047	18.621042
-29.547194	-20.613749	1574.755859	17.065609
-29.547194	-20.613749	1573.136719	9.306506
-29.547194	-20.613749	1571.517578	23.261246
-29.547194	-20.613749	1569.898438	17.054567
-29.547194	-20.613749	1568.279297	18.600967
-29.547194	-20.613749	1566.660156	12.397968
-29.547194	-20.613749	1565.041016	15.494116
-29.547194	-20.613749	1563.419922	17.039848
-29.547194	-20.613749	1561.798828	24.779882
-29.547194	-20.613749	1560.177734	15.484082
-29.547194	-20.613749	1558.556641	17.028812
-29.547194	-20.613749	1556.935547	21.668352
-29.547194	-20.613749	1555.312500	17.021456
-29.547194	-20.613749	1553.691406	23.206062
-29.547194	-20.613749	1552.068359	15.467365
-29.547194	-20.613749	1550.445313	20.103230
-29.547194	-20.613749	1548.822266	23.191019
-29.547194	-20.613749	1547.197266	20.094538
-29.547194	-20.613749	1545.574219	16.999395
-29.547194	-20.613749	1543.949219	15.450653
-29.547194	-20.613749	1542.324219	15.447311
-29.547194	-20.613749	1540.699219	18.532764
-29.547194	-20.613749	1539.072266	20.072819
-29.547194	-20.613749	1537.447266	26.243389
-29.547194	-20.613749	1535.820313	20.064131
-29.547194	-20.613749	1534.193359	18.516727
-29.547194	-20.613749	1532.566406	18.512720
-29.547194	-20.613749	1530.939453	13.881534
-29.547194	-20.613749	1529.312500	26.214996
-29.547194	-20.613749	1527.683594	15.417247
-29.547194	-20.613749	1526.056641	16.955297
-29.547194	-20.613749	1524.427734	26.197966
-29.547194	-20.613749	1522.798828	15.407229
-29.547194	-20.613749	1521.167969	21.565447
-29.547194	-20.613749	1519.539063	16.940607
-29.547194	-20.613749	1517.908203	13.857491
-29.547194	-20.613749	1516.277344	20.012037
-29.547194	-20.613749	1514.646484	21.546751
-29.547194	-20.613749	1513.015625	13.848479
-29.547194	-20.613749	1511.384766	16.922247
-29.547194	-20.613749	1509.751953	18.456629
-29.547194	-20.613749	1508.121094	19.990343
-29.547194	-20.613749	1506.488281	16.911234
-29.547194	-20.613749	1504.855469	26.129871
-29.547194	-20.613749	1503.220703	16.903894
-29.547194	-20.613749	1501.587891	19.972992
-29.547194	-20.613749	1499.953125	19.968655
-29.547194	-20.613749	1498.318359	27.642900
-29.547194	-20.613749	1496.683594	15.353831
-29.547194	-20.613749	1495.048828	18.420593
-29.547194	-20.613749	1493.414063	27.624887
-29.547194	-20.613749	1491.777344	16.878206
-29.547194	-20.613749	1490.140625	15.340488
-29.547194	-20.613749	1488.505859	21.472015
-29.547194	-20.613749	1486.867188	18.400583
-29.547194	-20.613749	1485.230469	16.863533
-29.547194	-20.613749	1483.593750	21.458010
-29.547194	-20.613749	1481.955078	29.115250
-29.547194	-20.613749	1480.316406	18.384577
-29.547194	-20.613749	1478.677734	18.380577
-29.547194	-20.613749	1477.039063	9.188288
-29.547194	-20.613749	1475.400391	19.903624
-29.547194	-20.613749	1473.759766	12.245716
-29.547194	-20.613749	1472.119141	13.773431
-29.547194	-20.613749	1470.478516	22.950718
-29.547194	-20.613749	1468.837891	15.297146
-29.547194	-20.613749	1467.197266	21.411339
-29.547194	-20.613749	1465.556641	21.406672
-29.547194	-20.613749	1463.914063	19.873291
-29.547194	-20.613749	1462.271484	19.868959
-29.547194	-20.613749	1460.628906	22.920725
-29.547194	-20.613749	1458.986328	22.915726
-29.547194	-20.613749	1457.343750	12.219055
-29.547194	-20.613749	1455.699219	16.797535
-29.547194	-20.613749	1454.054688	21.374018
-29.547194	-20.613749	1452.410156	22.895735
-29.547194	-20.613749	1450.765625	16.786541
-29.547194	-20.613749	1449.121094	16.782877
-29.547194	-20.613749	1447.474609	18.304596
-29.547194	-20.613749	1445.830078	13.725449
-29.547194	-20.613749	1444.183594	19.821318
-29.547194	-20.613749	1442.537109	18.292604
-29.547194	-20.613749	1440.890625	24.384809
-29.547194	-20.613749	1439.242188	22.855764
-29.547194	-20.613749	1437.595703	24.374153
-29.547194	-20.613749	1435.947266	24.368824
-29.547194	-20.613749	1434.298828	21.318060
-29.547194	-20.613749	1432.650391	15.223855
-29.547194	-20.613749	1431.000000	16.742579
-29.547194	-20.613749	1429.351563	21.304073
-29.547194	-20.613749	1427.701172	19.778027
-29.547194	-20.613749	1426.050781	22.815805
-29.547194	-20.613749	1424.400391	16.727928
-29.547194	-20.613749	1422.750000	18.244654
-29.547194	-20.613749	1421.097656	15.200549
-29.547194	-20.613749	1419.447266	22.795830
-29.547194	-20.613749	1417.794922	16.713280
-29.547194	-20.613749	1416.142578	18.228676
-29.547194	-20.613749	1414.490234	15.187234
-29.547194	-20.613749	1412.835938	12.147124
-29.547194	-20.613749	1411.183594	22.770866
-29.547194	-20.613749	1409.529297	24.283598
-29.547194	-20.613749	1407.875000	18.208706
-29.547194	-20.613749	1406.220703	21.238831
-29.547194	-20.613749	1404.566406	15.167265
-29.547194	-20.613749	1402.910156	27.295088
-29.547194	-20.613749	1401.255859	13.644548
-29.547194	-20.613749	1399.599609	15.157282
-29.547194	-20.613749	1397.943359	22.730932
-29.547194	-20.613749	1396.287109	13.635565
-29.547194	-20.613749	1394.628906	24.235680
-29.547194	-20.613749	1392.970703	13.629576
-29.547194	-20.613749	1391.314453	24.225033
-29.547194	-20.613749	1389.656250	21.192247
-29.547194	-20.613749	1387.998047	15.133992
-29.547194	-20.613749	1386.337891	19.669865
-29.547194	-20.613749	1384.679688	10.589137
-29.547194	-20.613749	1383.019531	18.148815
-29.547194	-20.613749	1381.359375	24.193098
-29.547194	-20.613749	1379.699219	18.140831
-29.547194	-20.613749	1378.039063	19.648243
-29.547194	-20.613749	1376.376953	16.621778
-29.547194	-20.613749	1374.716797	22.661072
-29.547194	-20.613749	1373.054688	16.614460
-29.547194	-20.613749	1371.392578	12.080584
-29.547194	-20.613749	1369.728516	15.097404
-29.547194	-20.613749	1368.066406	13.584670
-29.547194	-20.613749	1366.402344	15.090753
-29.547194	-20.613749	1364.740234	16.596170
-29.547194	-20.613749	1363.076172	12.067281
-29.547194	-20.613749	1361.412109	13.572699
-29.547194	-20.613749	1359.746094	25.631666
-29.547194	-20.613749	1358.082031	22.611189
-29.547194	-20.613749	1356.416016	24.113281
-29.547194	-20.613749	1354.750000	16.574223
-29.547194	-20.613749	1353.083984	24.102642
-29.547194	-20.613749	1351.417969	16.566908
-29.547194	-20.613749	1349.750000	22.586252
-29.547194	-20.613749	1348.083984	15.054176
-29.547194	-20.613749	1346.416016	18.061022
-29.547194	-20.613749	1344.748047	19.561787
-29.547194	-20.613749	1343.078125	21.061884
-29.547194	-20.613749	1341.410156	19.553143
-29.547194	-20.613749	1339.740234	18.045065
-29.547194	-20.613749	1338.072266	15.034230
-29.547194	-20.613749	1336.402344	21.043268
-29.547194	-20.613749	1334.730469	19.535856
-29.547194	-20.613749	1333.060547	28.546091
-29.547194	-20.613749	1331.388672	16.523027
-29.547194	-20.613749	1329.718750	21.024654
-29.547194	-20.613749	1328.046875	12.011430
-29.547194	-20.613749	1326.375000	16.512060
-29.547194	-20.613749	1324.701172	19.509932
-29.547194	-20.613749	1323.029297	24.006907
-29.547194	-20.613749	1321.355469	19.501291
-29.547194	-20.613749	1319.681641	20.996737
-29.547194	-20.613749	1318.007813	17.993216
-29.547194	-20.613749	1316.333984	17.989227
-29.547194	-20.613749	1314.660156	14.987700
-29.547194	-20.613749	1312.984375	14.984377
-29.547194	-20.613749	1311.308594	17.977264
-29.547194	-20.613749	1309.632813	11.982184
-29.547194	-20.613749	1307.957031	16.471849
-29.547194	-20.613749	1306.279297	22.456627
-29.547194	-20.613749	1304.603516	16.464539
-29.547194	-20.613749	1302.925781	22.446659
-29.547194	-20.613749	1301.248047	17.953341
-29.547194	-20.613749	1299.570313	28.419809
-29.547194	-20.613749	1297.892578	17.945366
-29.547194	-20.613749	1296.212891	14.951149
-29.547194	-20.613749	1294.533203	16.442610
-29.547194	-20.613749	1292.853516	16.438955
-29.547194	-20.613749	1291.173828	20.917654
-29.547194	-20.613749	1289.494141	17.925432
-29.547194	-20.613749	1287.812500	17.921446
-29.547194	-20.613749	1286.132813	16.424337
-29.547194	-20.613749	1284.451172	11.942315
-29.547194	-20.613749	1282.769531	22.386858
-29.547194	-20.613749	1281.085938	19.397625
-29.547194	-20.613749	1279.404297	19.393307
-29.547194	-20.613749	1277.720703	14.914606
-29.547194	-20.613749	1276.039063	14.911284
-29.547194	-20.613749	1274.355469	16.398758
-29.547194	-20.613749	1272.669922	14.904641
-29.547194	-20.613749	1270.986328	20.861847
-29.547194	-20.613749	1269.300781	20.857197
-29.547194	-20.613749	1267.615234	16.384144
-29.547194	-20.613749	1265.929688	17.869625
-29.547194	-20.613749	1264.244141	20.843246
-29.547194	-20.613749	1262.558594	17.861654
-29.547194	-20.613749	1260.871094	20.833946
-29.547194	-20.613749	1259.185547	17.853683
-29.547194	-20.613749	1257.498047	17.849697
-29.547194	-20.613749	1255.808594	17.845713
-29.547194	-20.613749	1254.121094	23.788969
-29.547194	-20.613749	1252.433594	13.378306
-29.547194	-20.613749	1250.744141	25.264488
-29.547194	-20.613749	1249.054688	19.315586
-29.547194	-20.613749	1247.365234	17.825787
-29.547194	-20.613749	1245.673828	11.881201
-29.547194	-20.613749	1243.984375	19.302633
-29.547194	-20.613749	1242.292969	23.751776
-29.547194	-20.613749	1240.601563	25.230616
-29.547194	-20.613749	1238.910156	23.741148
-29.547194	-20.613749	1237.218750	20.768856
-29.547194	-20.613749	1235.525391	19.281050
-29.547194	-20.613749	1233.833984	17.793907
-29.547194	-20.613749	1232.140625	19.272417
-29.547194	-20.613749	1230.447266	16.303776
-29.547194	-20.613749	1228.753906	20.745613
-29.547194	-20.613749	1227.058594	16.296473
-29.547194	-20.613749	1225.365234	20.736317
-29.547194	-20.613749	1223.669922	16.289167
-29.547194	-20.613749	1221.974609	25.168524
-29.547194	-20.613749	1220.277344	22.202539
-29.547194	-20.613749	1218.582031	20.717722
-29.547194	-20.613749	1216.884766	20.713074
-29.547194	-20.613749	1215.189453	19.229254
-29.547194	-20.613749	1213.492188	26.619144
-29.547194	-20.613749	1211.792969	23.656149
-29.547194	-20.613749	1210.095703	17.738129
-29.547194	-20.613749	1208.396484	13.300608
-29.547194	-20.613749	1206.699219	11.820107
-29.547194	-20.613749	1205.000000	22.157721
-29.547194	-20.613749	1203.298828	20.675892
-29.547194	-20.613749	1201.599609	22.147760
-29.547194	-20.613749	1199.900391	22.142782
-29.547194	-20.613749	1198.199219	14.758534
-29.547194	-20.613749	1196.498047	19.181780
-29.547194	-20.613749	1194.796875	23.603033
-29.547194	-20.613749	1193.093750	23.597721
-29.547194	-20.613749	1191.392578	19.168833
-29.547194	-20.613749	1189.689453	17.690325
-29.547194	-20.613749	1187.986328	19.160204
-29.547194	-20.613749	1186.283203	11.788239
-29.547194	-20.613749	1184.580078	19.151573
-29.547194	-20.613749	1182.875000	14.728660
-29.547194	-20.613749	1181.169922	13.252807
-29.547194	-20.613749	1179.464844	17.666426
-29.547194	-20.613749	1177.759766	11.774961
-29.547194	-20.613749	1176.054688	16.186922
-29.547194	-20.613749	1174.347656	14.712064
-29.547194	-20.613749	1172.642578	16.179619
-29.547194	-20.613749	1170.935547	23.528681
-29.547194	-20.613749	1169.228516	20.582951
-29.547194	-20.613749	1167.519531	14.698788
-29.547194	-20.613749	1165.812500	17.634563
-29.547194	-20.613749	1164.103516	26.445869
-29.547194	-20.613749	1162.394531	20.564363
-29.547194	-20.613749	1160.685547	17.622616
-29.547194	-20.613749	1158.976563	19.086853
-29.547194	-20.613749	1157.265625	29.357750
-29.547194	-20.613749	1155.556641	16.143112
-29.547194	-20.613749	1153.845703	13.205014
-29.547194	-20.613749	1152.134766	19.069595
-29.547194	-20.613749	1150.423828	17.598721
-29.547194	-20.613749	1148.710938	17.594738
-29.547194	-20.613749	1146.998047	16.124861
-29.547194	-20.613749	1145.287109	24.914597
-29.547194	-20.613749	1143.572266	19.048025
-29.547194	-20.613749	1141.859375	23.438414
-29.547194	-20.613749	1140.146484	21.968536
-29.547194	-20.613749	1138.431641	20.499321
-29.547194	-20.613749	1136.716797	17.566864
-29.547194	-20.613749	1135.001953	17.562883
-29.547194	-20.613749	1133.287109	11.705935
-29.547194	-20.613749	1131.570313	27.795290
-29.547194	-20.613749	1129.855469	16.088360
-29.547194	-20.613749	1128.138672	26.320435
-29.547194	-20.613749	1126.421875	21.928719
-29.547194	-20.613749	1124.703125	20.462158
-29.547194	-20.613749	1122.986328	20.457514
-29.547194	-20.613749	1121.267578	17.531031
-29.547194	-20.613749	1119.548828	23.369398
-29.547194	-20.613749	1117.830078	24.824347
-29.547194	-20.613749	1116.111328	18.979010
-29.547194	-20.613749	1114.392578	20.434290
-29.547194	-20.613749	1112.671875	17.511124
-29.547194	-20.613749	1110.951172	18.966072
-29.547194	-20.613749	1109.230469	18.961758
-29.547194	-20.613749	1107.509766	20.415710
-29.547194	-20.613749	1105.787109	23.326933
-29.547194	-20.613749	1104.066406	18.948820
-29.547194	-20.613749	1102.343750	13.115429
-29.547194	-20.613749	1100.621094	23.311010
-29.547194	-20.613749	1098.896484	18.935883
-29.547194	-20.613749	1097.173828	18.931570
-29.547194	-20.613749	1095.449219	21.839144
-29.547194	-20.613749	1093.724609	21.834167
-29.547194	-20.613749	1092.000000	23.284472
-29.547194	-20.613749	1090.275391	17.459373
-29.547194	-20.613749	1088.550781	18.910009
-29.547194	-20.613749	1086.824219	13.088559
-29.547194	-20.613749	1085.097656	18.901384
-29.547194	-20.613749	1083.371094	18.897074
-29.547194	-20.613749	1081.644531	18.892761
-29.547194	-20.613749	1079.916016	20.341408
-29.547194	-20.613749	1078.189453	26.147268
-29.547194	-20.613749	1076.460938	23.236710
-29.547194	-20.613749	1074.732422	27.587290
-29.547194	-20.613749	1073.001953	18.871202
-29.547194	-20.613749	1071.273438	17.415592
-29.547194	-20.613749	1069.542969	26.117418
-29.547194	-20.613749	1067.812500	23.210176
-29.547194	-20.613749	1066.082031	24.655174
-29.547194	-20.613749	1064.351563	17.399673
-29.547194	-20.613749	1062.619141	14.496411
-29.547194	-20.613749	1060.888672	15.942405
-29.547194	-20.613749	1059.156250	17.387735
-29.547194	-20.613749	1057.421875	21.729694
-29.547194	-20.613749	1055.689453	14.483147
-29.547194	-20.613749	1053.957031	18.823780
-29.547194	-20.613749	1052.222656	13.028863
-29.547194	-20.613749	1050.488281	15.920519
-29.547194	-20.613749	1048.753906	21.704824
-29.547194	-20.613749	1047.019531	15.913223
-29.547194	-20.613749	1045.283203	26.033852
-29.547194	-20.613749	1043.546875	20.243910
-29.547194	-20.613749	1041.810547	20.239267
-29.547194	-20.613749	1040.074219	15.898635
-29.547194	-20.613749	1038.337891	17.339987
-29.547194	-20.613749	1036.599609	14.446673
-29.547194	-20.613749	1034.861328	21.665037
-29.547194	-20.613749	1033.123047	23.104067
-29.547194	-20.613749	1031.384766	21.655090
-29.547194	-20.613749	1029.646484	31.753506
-29.547194	-20.613749	1027.906250	14.430097
-29.547194	-20.613749	1026.167969	24.525528
-29.547194	-20.613749	1024.427734	25.962240
-29.547194	-20.613749	1022.685547	20.188211
-29.547194	-20.613749	1020.945313	23.066938
-29.547194	-20.613749	1019.203125	21.620283
-29.547194	-20.613749	1017.462891	24.497351
-29.547194	-20.613749	1015.720703	25.932405
-29.547194	-20.613749	1013.976563	33.128227
-29.547194	-20.613749	1012.234375	27.360498
-29.547194	-20.613749	1010.490234	24.474812
-29.547194	-20.613749	1008.746094	25.908541
-29.547194	-20.613749	1007.001953	27.341606
-29.547194	-20.613749	1005.257813	20.141808
-29.547194	-20.613749	1003.513672	27.329012
-29.547194	-20.613749	1001.767578	27.322714
-29.547194	-20.613749	1000.021484	28.754124
-29.547194	-20.613749	998.275391	34.496994
-29.547194	-20.613749	996.529297	34.489040
-29.547194	-20.613749	994.781250	31.607664
-29.547194	-20.613749	993.035156	34.473133
-29.547194	-20.613749	991.287109	24.412836
-29.547194	-20.613749	989.539063	27.278639
-29.547194	-20.613749	987.789063	28.707729
-29.547194	-20.613749	986.041016	31.571213
-29.547194	-20.613749	984.291016	37.302818
-29.547194	-20.613749	982.541016	40.162987
-29.547194	-20.613749	980.791016	37.285587
-29.547194	-20.613749	979.041016	31.542055
-29.547194	-20.613749	977.289063	34.401562
-29.547194	-20.613749	975.537109	38.692814
-29.547194	-20.613749	973.785156	31.520187
-29.547194	-20.613749	972.033203	38.674923
-29.547194	-20.613749	970.281250	42.962196
-29.547194	-20.613749	968.527344	42.952259
-29.547194	-20.613749	966.773438	44.373730
-29.547194	-20.613749	965.019531	31.483747
-29.547194	-20.613749	963.265625	41.491695
-29.547194	-20.613749	961.511719	38.621258
-29.547194	-20.613749	959.755859	38.612312
-29.547194	-20.613749	958.000000	34.314106
-29.547194	-20.613749	956.244141	40.023849
-29.547194	-20.613749	954.488281	37.156391
-29.547194	-20.613749	952.730469	32.861500
-29.547194	-20.613749	950.974609	39.996029
-29.547194	-20.613749	949.216797	28.561968
-29.547194	-20.613749	947.458984	32.838646
-29.547194	-20.613749	945.701172	32.831028
-29.547194	-20.613749	943.941406	25.687889
-29.547194	-20.613749	942.181641	31.389023
-29.547194	-20.613749	940.421875	39.940395
-29.547194	-20.613749	938.662109	38.505009
-29.547194	-20.613749	936.902344	37.070290
-29.547194	-20.613749	935.140625	29.934435
-29.547194	-20.613749	933.380859	22.801891
-29.547194	-20.613749	931.619141	19.947020
-29.547194	-20.613749	929.855469	35.611401
-29.547194	-20.613749	928.093750	27.058372
-29.547194	-20.613749	926.330078	21.356907
-29.547194	-20.613749	924.568359	32.739643
-29.547194	-20.613749	922.804688	14.231318
-29.547194	-20.613749	921.039063	21.342010
-29.547194	-20.613749	919.275391	31.294333
-29.547194	-20.613749	917.509766	22.754219
-29.547194	-20.613749	915.744141	22.748922
-29.547194	-20.613749	913.978516	21.322149
-29.547194	-20.613749	912.212891	21.317186
-29.547194	-20.613749	910.447266	29.837109
-29.547194	-20.613749	908.679688	18.466290
-29.547194	-20.613749	906.912109	25.562752
-29.547194	-20.613749	905.144531	28.396439
-29.547194	-20.613749	903.375000	24.131346
-29.547194	-20.613749	901.607422	22.706560
-29.547194	-20.613749	899.837891	25.538925
-29.547194	-20.613749	898.068359	25.532969
-29.547194	-20.613749	896.298828	25.527012
-29.547194	-20.613749	894.529297	26.938894
-29.547194	-20.613749	892.757813	25.515102
-29.547194	-20.613749	890.986328	25.509146
-29.547194	-20.613749	889.214844	24.086348
-29.547194	-20.613749	887.443359	21.247698
-29.547194	-20.613749	885.669922	24.075100
-29.547194	-20.613749	883.898438	26.901178
-29.547194	-20.613749	882.125000	19.817291
-29.547194	-20.613749	880.351563	21.227850
-29.547194	-20.613749	878.578125	21.222889
-29.547194	-20.613749	876.802734	18.388870
-29.547194	-20.613749	875.027344	28.283955
-29.547194	-20.613749	873.251953	26.863474
-29.547194	-20.613749	871.476563	29.684263
-29.547194	-20.613749	869.701172	21.198084
-29.547194	-20.613749	867.923828	24.018873
-29.547194	-20.613749	866.146484	21.188164
-29.547194	-20.613749	864.369141	21.183205
-29.547194	-20.613749	862.591797	29.649542
-29.547194	-20.613749	860.814453	33.877258
-29.547194	-20.613749	859.035156	21.168325
-29.547194	-20.613749	857.255859	29.628714
-29.547194	-20.613749	855.476563	22.568970
-29.547194	-20.613749	853.697266	28.204599
-29.547194	-20.613749	851.916016	21.148491
-29.547194	-20.613749	850.136719	21.143534
-29.547194	-20.613749	848.355469	26.775528
-29.547194	-20.613749	846.574219	28.178156
-29.547194	-20.613749	844.791016	25.354391
-29.547194	-20.613749	843.009766	18.307209
-29.547194	-20.613749	841.226563	29.566244
-29.547194	-20.613749	839.443359	19.706203
-29.547194	-20.613749	837.660156	25.330599
-29.547194	-20.613749	835.875000	18.290026
-29.547194	-20.613749	834.091797	26.725298
-29.547194	-20.613749	832.306641	22.500229
-29.547194	-20.613749	830.521484	15.465273
-29.547194	-20.613749	828.734375	19.678450
-29.547194	-20.613749	826.949219	25.294916
-29.547194	-20.613749	825.162109	28.098856
-29.547194	-20.613749	823.375000	19.664576
-29.547194	-20.613749	821.587891	23.872797
-29.547194	-20.613749	819.800781	28.079039
-29.547194	-20.613749	818.011719	25.265190
-29.547194	-20.613749	816.222656	19.646080
-29.547194	-20.613749	814.433594	22.447378
-29.547194	-20.613749	812.644531	22.442095
-29.547194	-20.613749	810.855469	16.827610
-29.547194	-20.613749	809.064453	22.431530
-29.547194	-20.613749	807.273438	23.827887
-29.547194	-20.613749	805.482422	14.013103
-29.547194	-20.613749	803.691406	19.613722
-29.547194	-20.613749	801.898438	18.208450
-29.547194	-20.613749	800.107422	19.604479
-29.547194	-20.613749	798.314453	27.999796
-29.547194	-20.613749	796.521484	27.993195
-29.547194	-20.613749	794.726563	19.590616
-29.547194	-20.613749	792.933594	20.984995
-29.547194	-20.613749	791.138672	27.973394
-29.547194	-20.613749	789.343750	19.576756
-29.547194	-20.613749	787.546875	20.970146
-29.547194	-20.613749	785.751953	22.362877
-29.547194	-20.613749	783.955078	25.152298
-29.547194	-20.613749	782.158203	22.352320
-29.547194	-20.613749	780.361328	22.347040
-29.547194	-20.613749	778.564453	16.756323
-29.547194	-20.613749	776.765625	22.336485
-29.547194	-20.613749	774.968750	26.518309
-29.547194	-20.613749	773.169922	19.535189
-29.547194	-20.613749	771.369141	23.715694
-29.547194	-20.613749	769.570313	19.525955
-29.547194	-20.613749	767.769531	18.126957
-29.547194	-20.613749	765.970703	26.486980
-29.547194	-20.613749	764.167969	20.905828
-29.547194	-20.613749	762.367188	27.867844
-29.547194	-20.613749	760.566406	23.682062
-29.547194	-20.613749	758.763672	27.854656
-29.547194	-20.613749	756.960938	27.848064
-29.547194	-20.613749	755.158203	23.665251
-29.547194	-20.613749	753.353516	25.051392
-29.547194	-20.613749	751.550781	25.045460
-29.547194	-20.613749	749.746094	27.821697
-29.547194	-20.613749	747.941406	34.768883
-29.547194	-20.613749	746.136719	29.198942
-29.547194	-20.613749	744.330078	23.631638
-29.547194	-20.613749	742.523438	31.964640
-29.547194	-20.613749	740.718750	26.399311
-29.547194	-20.613749	738.910156	26.393053
-29.547194	-20.613749	737.103516	20.831680
-29.547194	-20.613749	735.294922	20.826738
-29.547194	-20.613749	733.488281	23.598040
-29.547194	-20.613749	731.679688	24.980230
-29.547194	-20.613749	729.869141	20.811920
-29.547194	-20.613749	728.060547	23.581244
-29.547194	-20.613749	726.250000	20.802042
-29.547194	-20.613749	724.439453	27.729471
-29.547194	-20.613749	722.628906	22.178308
-29.547194	-20.613749	720.818359	23.558857
-29.547194	-20.613749	719.005859	24.938747
-29.547194	-20.613749	717.195313	23.547667
-29.547194	-20.613749	715.382813	16.617933
-29.547194	-20.613749	713.568359	20.767479
-29.547194	-20.613749	711.755859	22.146713
-29.547194	-20.613749	709.941406	16.606087
-29.547194	-20.613749	708.126953	13.835114
-29.547194	-20.613749	706.312500	16.598190
-29.547194	-20.613749	704.498047	26.274218
-29.547194	-20.613749	702.681641	19.355345
-29.547194	-20.613749	700.867188	17.968544
-29.547194	-20.613749	699.050781	19.346134
-29.547194	-20.613749	697.232422	22.104607
-29.547194	-20.613749	695.416016	23.480555
-29.547194	-20.613749	693.597656	15.189683
-29.547194	-20.613749	691.779297	27.611029
-29.547194	-20.613749	689.960938	16.562672
-29.547194	-20.613749	688.142578	22.078304
-29.547194	-20.613749	686.324219	22.073044
-29.547194	-20.613749	684.503906	20.688549
-29.547194	-20.613749	682.683594	26.199251
-29.547194	-20.613749	680.863281	16.542952
-29.547194	-20.613749	679.041016	27.565014
-29.547194	-20.613749	677.218750	24.802599
-29.547194	-20.613749	675.398438	26.174278
-29.547194	-20.613749	673.576172	23.413506
-29.547194	-20.613749	671.751953	20.654049
-29.547194	-20.613749	669.929688	20.649122
-29.547194	-20.613749	668.105469	24.773035
-29.547194	-20.613749	666.281250	23.391172
-29.547194	-20.613749	664.457031	20.634344
-29.547194	-20.613749	662.630859	22.004713
-29.547194	-20.613749	660.806641	23.374426
-29.547194	-20.613749	658.980469	21.994207
-29.547194	-20.613749	657.154297	27.486195
-29.547194	-20.613749	655.326172	31.601574
-29.547194	-20.613749	653.500000	39.835945
-29.547194	-20.613749	651.671875	28.839827
-29.547194	-20.613749	649.843750	31.578930
-29.547194	-20.613749	648.015625	26.080708
-29.547194	-20.613749	646.185547	26.074474
-29.547194	-20.613749	644.357422	23.324217
-29.547194	-20.613749	642.527344	24.690325
-29.547194	-20.613749	640.697266	30.169847
-29.547194	-20.613749	638.865234	26.049547
-29.547194	-20.613749	637.035156	34.267521
-29.547194	-20.613749	635.203125	31.518578
-29.547194	-20.613749	633.371094	26.030857
-29.547194	-20.613749	631.539063	30.133780
-29.547194	-20.613749	629.705078	27.387789
-29.547194	-20.613749	627.873047	35.595604
-29.547194	-20.613749	626.039063	32.849613
-29.547194	-20.613749	624.203125	28.736532
-29.547194	-20.613749	622.369141	25.993494
-29.547194	-20.613749	620.535156	27.355019
-29.547194	-20.613749	618.699219	35.553005
-29.547194	-20.613749	616.863281	31.443203
-29.547194	-20.613749	615.025391	21.868292
-29.547194	-20.613749	613.189453	35.527458
-29.547194	-20.613749	611.351563	30.054491
-29.547194	-20.613749	609.513672	39.607788
-29.547194	-20.613749	607.675781	27.309168
-29.547194	-20.613749	605.837891	27.302622
-29.547194	-20.613749	603.998047	30.025682
-29.547194	-20.613749	602.158203	25.925053
-29.547194	-20.613749	600.318359	31.375431
-29.547194	-20.613749	598.478516	27.276438
-29.547194	-20.613749	596.636719	35.450863
-29.547194	-20.613749	594.796875	28.626518
-29.547194	-20.613749	592.955078	27.256809
-29.547194	-20.613749	591.111328	34.062836
-29.547194	-20.613749	589.269531	21.794981
-29.547194	-20.613749	587.425781	20.427889
-29.547194	-20.613749	585.583984	24.507582
-29.547194	-20.613749	583.738281	35.391338
-29.547194	-20.613749	581.894531	25.856691
-29.547194	-20.613749	580.050781	29.932135
-29.547194	-20.613749	578.205078	31.285170
-29.547194	-20.613749	576.359375	24.478163
-29.547194	-20.613749	574.513672	23.112711
-29.547194	-20.613749	572.666016	24.466400
-29.547194	-20.613749	570.818359	21.742685
-29.547194	-20.613749	568.970703	24.454641
-29.547194	-20.613749	567.123047	25.807026
-29.547194	-20.613749	565.275391	23.084946
-29.547194	-20.613749	563.425781	20.364172
-29.547194	-20.613749	561.576172	24.431129
-29.547194	-20.613749	559.726563	17.640461
-29.547194	-20.613749	557.876953	23.062746
-29.547194	-20.613749	556.027344	20.344585
-29.547194	-20.613749	554.175781	27.119587
-29.547194	-20.613749	552.324219	20.334797
-29.547194	-20.613749	550.472656	25.751209
-29.547194	-20.613749	548.619141	36.585018
-29.547194	-20.613749	546.767578	20.320116
-29.547194	-20.613749	544.914063	28.441315
-29.547194	-20.613749	543.060547	31.142511
-29.547194	-20.613749	541.205078	27.073923
-29.547194	-20.613749	539.351563	36.540993
-29.547194	-20.613749	537.496094	37.885235
-29.547194	-20.613749	535.640625	40.581547
-29.547194	-20.613749	533.785156	51.390907
-29.547194	-20.613749	531.927734	62.195057
-29.547194	-20.613749	530.070313	63.531811
-29.547194	-20.613749	528.212891	94.599045
-29.547194	-20.613749	526.355469	108.087135
-29.547194	-20.613749	524.498047	198.562241
-29.547194	-20.613749	522.638672	352.464294
-29.547194	-20.613749	520.779297	615.651184
-29.547194	-20.613749	518.919922	477.824524
-29.547194	-20.613749	517.060547	237.505173
-29.547194	-20.613749	515.199219	152.452347
-29.547194	-20.613749	513.339844	101.160774
-29.547194	-20.613749	511.478516	75.515160
-29.547194	-20.613749	509.615234	60.667183
-29.547194	-20.613749	507.753906	60.652546
-29.547194	-20.613749	505.890625	57.942894
-29.547194	-20.613749	504.027344	51.192989
-29.547194	-20.613749	502.164063	55.221210
-29.547194	-20.613749	500.300781	59.247482
-29.547194	-20.613749	498.435547	67.310432
-29.547194	-20.613749	496.570313	67.294182
-29.547194	-20.613749	494.705078	52.476788
-29.547194	-20.613749	492.839844	51.118881
-29.547194	-20.613749	490.972656	51.106537
-29.547194	-20.613749	489.107422	56.472530
-29.547194	-20.613749	487.240234	49.737591
-29.547194	-20.613749	485.371094	32.254429
-29.547194	-20.613749	483.503906	38.964684
-29.547194	-20.613749	481.634766	47.014980
-29.547194	-20.613749	479.765625	34.916973
-29.547194	-20.613749	477.896484	30.880629
-29.547194	-20.613749	476.027344	38.927032
-29.547194	-20.613749	474.156250	32.207691
-29.547194	-20.613749	472.285156	30.858242
-29.547194	-20.613749	470.414063	38.898811
-29.547194	-20.613749	468.542969	37.548393
-29.547194	-20.613749	466.669922	28.154486
-29.547194	-20.613749	464.796875	29.488043
-29.547194	-20.613749	462.923828	26.800827
-29.547194	-20.613749	461.050781	37.512085
-29.547194	-20.613749	459.177734	33.484829
-29.547194	-20.613749	457.302734	29.459522
-29.547194	-20.613749	455.427734	30.791142
-29.547194	-20.613749	453.552734	34.798954
-29.547194	-20.613749	451.675781	28.100048
-29.547194	-20.613749	449.800781	28.093248
-29.547194	-20.613749	447.923828	25.411549
-29.547194	-20.613749	446.046875	28.079651
-29.547194	-20.613749	444.169922	29.409657
-29.547194	-20.613749	442.291016	25.393101
-29.547194	-20.613749	440.412109	24.050798
-29.547194	-20.613749	438.533203	29.388304
-29.547194	-20.613749	436.654297	30.716696
-29.547194	-20.613749	434.773438	28.038887
-29.547194	-20.613749	432.894531	32.036682
-29.547194	-20.613749	431.013672	28.025309
-29.547194	-20.613749	429.130859	26.684305
-29.547194	-20.613749	427.250000	29.345627
-29.547194	-20.613749	425.367188	24.004242
-29.547194	-20.613749	423.484375	31.997902
-29.547194	-20.613749	421.601563	25.325535
-29.547194	-20.613749	419.718750	29.317200
-29.547194	-20.613749	417.833984	25.313265
-29.547194	-20.613749	415.949219	31.966902
-29.547194	-20.613749	414.064453	19.974472
-29.547194	-20.613749	412.179688	30.620100
-29.547194	-20.613749	410.294922	34.605637
-29.547194	-20.613749	408.408203	29.274593
-29.547194	-20.613749	406.521484	39.910225
-29.547194	-20.613749	404.634766	29.260403
-29.547194	-20.613749	402.746094	39.890873
-29.547194	-20.613749	400.857422	53.174938
-29.547194	-20.613749	398.968750	65.123505
-29.547194	-20.613749	397.080078	78.394997
-29.547194	-20.613749	395.191406	71.733955
-29.547194	-20.613749	393.300781	77.028893
-29.547194	-20.613749	391.410156	66.388115
-29.547194	-20.613749	389.519531	59.734810
-29.547194	-20.613749	387.628906	54.411846
-29.547194	-20.613749	385.736328	59.705833
-29.547194	-20.613749	383.843750	59.691349
-29.547194	-20.613749	381.951172	46.415340
-29.547194	-20.613749	380.058594	51.707401
-29.547194	-20.613749	378.164063	51.694855
-29.547194	-20.613749	376.271484	74.210503
-29.547194	-20.613749	374.376953	76.842224
-29.547194	-20.613749	372.480469	62.253586
-29.547194	-20.613749	370.585938	60.914253
-29.547194	-20.613749	368.689453	50.308258
-29.547194	-20.613749	366.792969	38.383827
-29.547194	-20.613749	364.896484	43.667545
-29.547194	-20.613749	363.000000	52.917507
-29.547194	-20.613749	361.101563	52.904663
-29.547194	-20.613749	359.203125	50.247227
-29.547194	-20.613749	357.304688	55.522926
-29.547194	-20.613749	355.406250	59.474407
-29.547194	-20.613749	353.505859	58.138634
-29.547194	-20.613749	351.605469	47.556423
-29.547194	-20.613749	349.705078	50.186256
-29.547194	-20.613749	347.804688	46.212959
-29.547194	-20.613749	345.902344	60.722279
-29.547194	-20.613749	344.001953	43.551056
-29.547194	-20.613749	342.099609	40.901661
-29.547194	-20.613749	340.195313	44.848991
-29.547194	-20.613749	338.292969	40.881794
-29.547194	-20.613749	336.388672	35.598076
-29.547194	-20.613749	334.484375	36.907555
-29.547194	-20.613749	332.580078	28.991749
-29.547194	-20.613749	330.675781	32.937168
-29.547194	-20.613749	328.769531	31.611998
-29.547194	-20.613749	326.863281	31.604319
-29.547194	-20.613749	324.957031	26.330534
-29.547194	-20.613749	323.048828	27.640343
-29.547194	-20.613749	321.142578	32.897175
-29.547194	-20.613749	319.234375	30.258047
-29.547194	-20.613749	317.326172	31.565943
-29.547194	-20.613749	315.417969	30.243343
-29.547194	-20.613749	313.507813	38.123646
-29.547194	-20.613749	311.597656	30.228647
-29.547194	-20.613749	309.687500	24.965422
-29.547194	-20.613749	307.777344	34.154907
-29.547194	-20.613749	305.865234	27.579950
-29.547194	-20.613749	303.955078	36.764332
-29.547194	-20.613749	302.042969	36.755394
-29.547194	-20.613749	300.128906	30.184593
-29.547194	-20.613749	298.216797	35.425476
-29.547194	-20.613749	296.302734	24.922979
-29.547194	-20.613749	294.388672	31.474005
-29.547194	-20.613749	292.474609	35.399651
-29.547194	-20.613749	290.560547	35.391045
-29.547194	-20.613749	288.644531	43.245205
-29.547194	-20.613749	286.728516	51.095547
-29.547194	-20.613749	284.812500	49.773300
-29.547194	-20.613749	282.896484	53.689716
-29.547194	-20.613749	280.978516	58.913414
-29.547194	-20.613749	279.060547	56.281353
-29.547194	-20.613749	277.142578	61.501873
-29.547194	-20.613749	275.224609	58.870457
-29.547194	-20.613749	273.304688	61.471973
-29.547194	-20.613749	271.384766	86.301361
-29.547194	-20.613749	269.464844	78.436707
-29.547194	-20.613749	267.544922	92.794205
-29.547194	-20.613749	265.623047	117.597855
-29.547194	-20.613749	263.703125	190.723465
-29.547194	-20.613749	261.781250	299.075714
-29.547194	-20.613749	259.857422	276.806274
-29.547194	-20.613749	257.935547	245.410034
-29.547194	-20.613749	256.011719	215.334106
-29.547194	-20.613749	254.087891	229.633865
-29.547194	-20.613749	252.164063	573.945068
-29.547194	-20.613749	250.240234	1828.353027
-29.547194	-20.613749	248.314453	1795.313843
-29.547194	-20.613749	246.388672	754.708740
-29.547194	-20.613749	244.462891	332.303864
-29.547194	-20.613749	242.535156	217.573547
-29.547194	-20.613749	240.609375	187.562714
-29.547194	-20.613749	238.681641	157.566452
-29.547194	-20.613749	236.753906	143.207397
-29.547194	-20.613749	234.824219	113.236496
-29.547194	-20.613749	232.896484	89.786423
-29.547194	-20.613749	230.966797	74.153358
-29.547194	-20.613749	229.037109	75.435951
-29.547194	-20.613749	227.107422	74.117302
-29.547194	-20.613749	225.175781	77.999245
-29.547194	-20.613749	223.244141	68.882584
-29.547194	-20.613749	221.312500	94.852943
-29.547194	-20.613749	219.380859	83.138527
-29.547194	-20.613749	217.447266	83.118309
-29.547194	-20.613749	215.515625	76.606064
-29.547194	-20.613749	213.582031	73.991257
-29.547194	-20.613749	211.646484	70.079941
-29.547194	-20.613749	209.712891	66.170517
-29.547194	-20.613749	207.777344	54.480122
-29.547194	-20.613749	205.841797	46.685894
-29.547194	-20.613749	203.906250	40.191967
-29.547194	-20.613749	201.968750	31.108799
-29.547194	-20.613749	200.033203	31.101236
-29.547194	-20.613749	198.095703	37.571526
-29.547194	-20.613749	196.158203	33.676628
-29.547194	-20.613749	194.218750	25.898802
-29.547194	-20.613749	192.281250	27.187132
-29.547194	-20.613749	190.341797	24.591902
-29.547194	-20.613749	188.402344	24.585926
-29.547194	-20.613749	186.460938	21.992586
-29.547194	-20.613749	184.521484	15.520406
-29.547194	-20.613749	182.580078	24.568003
-29.547194	-20.613749	180.638672	27.147511
-29.547194	-20.613749	178.695313	21.971214
-29.547194	-20.613749	176.753906	27.134317
-29.547194	-20.613749	174.810547	21.960539
-29.547194	-20.613749	172.867188	24.538166
-29.547194	-20.613749	170.921875	25.823372
-29.547194	-20.613749	168.978516	25.817099
-29.547194	-20.613749	167.033203	37.425697
-29.547194	-20.613749	165.087891	24.514326
-29.547194	-20.613749	163.142578	30.957941
-29.547194	-20.613749	161.195313	32.240021
-29.547194	-20.613749	159.248047	29.653614
-29.547194	-20.613749	157.300781	27.068462
-29.547194	-20.613749	155.353516	28.350548
-29.547194	-20.613749	153.406250	39.938797
-29.547194	-20.613749	151.457031	32.200882
-29.547194	-20.613749	149.507813	43.782566
-29.547194	-20.613749	147.558594	52.783798
-29.547194	-20.613749	145.607422	36.038719
-29.547194	-20.613749	143.658203	38.603535
-29.547194	-20.613749	141.707031	50.172409
-29.547194	-20.613749	139.753906	51.446384
-29.547194	-20.613749	137.802734	69.435753
-29.547194	-20.613749	135.849609	69.418900
-29.547194	-20.613749	133.896484	56.549812
-29.547194	-20.613749	131.943359	46.256794
-29.547194	-20.613749	129.990234	55.237759
-29.547194	-20.613749	128.035156	44.950054
-29.547194	-20.613749	126.080078	43.655167
-29.547194	-20.613749	124.125000	50.062889
-29.547194	-20.613749	122.169922	41.067272
-29.547194	-20.613749	120.212891	53.887714
-29.547194	-20.613749	118.255859	64.136475
-29.547194	-20.613749	116.298828	52.579147
-29.547194	-20.613749	114.341797	34.616890
-29.547194	-20.613749	112.382813	39.735676
-29.547194	-20.613749	110.423828	39.726032
-29.547194	-20.613749	108.464844	19.217611
-29.547194	-20.613749	106.505859	16.651222
-29.547194	-20.613749	104.544922	16.647184
-29.547194	-20.613749	102.585938	11.522178
-29.547194	-20.613749	100.625000	10.239451
-29.547194	-20.613749	98.662109	7.677726
-29.547194	-20.613749	96.701172	1.279311
-29.547194	-20.613749	94.738281	3.837002
-29.547194	-20.613749	92.775391	5.114762
-29.547194	-20.613749	90.812500	2.556761
-29.547194	-20.613749	88.847656	-1.278070
-29.547194	-20.613749	86.882813	0.000000
-29.547194	-20.613749	84.917969	2.554902
-29.547194	-20.613749	82.953125	2.554283
-29.547194	-20.613749	80.988281	-3.830495
-29.547194	-20.613749	79.021484	0.000000
-29.547194	-20.613749	77.054688	0.000000
-29.547194	-20.613749	75.087891	2.551808
-29.547194	-20.613749	73.119141	-1.275595
-29.547194	-20.613749	71.152344	2.550571
-29.547194	-20.613749	69.183594	-2.549954
-29.547194	-20.613749	67.212891	-1.274668
-29.547194	-20.613749	65.244141	-1.274359
-29.547194	-20.613749	63.273438	0.000000
-29.547194	-20.613749	61.302734	0.000000
-29.547194	-20.613749	59.332031	3.820301
-26.547194	-20.613749	1838.626953	25.714378
-26.547194	-20.613749	1837.066406	24.107229
-26.547194	-20.613749	1835.503906	24.102098
-26.547194	-20.613749	1833.941406	19.277576
-26.547194	-20.613749	1832.378906	22.485720
-26.547194	-20.613749	1830.816406	27.298279
-26.547194	-20.613749	1829.251953	17.659832
-26.547194	-20.613749	1827.687500	22.471367
-26.547194	-20.613749	1826.125000	22.466585
-26.547194	-20.613749	1824.560547	16.044146
-26.547194	-20.613749	1822.994141	22.457024
-26.547194	-20.613749	1821.429688	24.055977
-26.547194	-20.613749	1819.865234	19.240685
-26.547194	-20.613749	1818.298828	19.236589
-26.547194	-20.613749	1816.732422	25.643328
-26.547194	-20.613749	1815.166016	22.433136
-26.547194	-20.613749	1813.599609	19.224310
-26.547194	-20.613749	1812.033203	24.025270
-26.547194	-20.613749	1810.464844	22.418814
-26.547194	-20.613749	1808.896484	16.010029
-26.547194	-20.613749	1807.330078	17.607283
-26.547194	-20.613749	1805.759766	19.203856
-26.547194	-20.613749	1804.191406	17.599787
-26.547194	-20.613749	1802.623047	19.195681
-26.547194	-20.613749	1801.052734	23.989491
-26.547194	-20.613749	1799.484375	19.187508
-26.547194	-20.613749	1797.914063	27.176514
-26.547194	-20.613749	1796.343750	22.375893
-26.547194	-20.613749	1794.771484	17.577314
-26.547194	-20.613749	1793.201172	22.366364
-26.547194	-20.613749	1791.628906	23.958858
-26.547194	-20.613749	1790.058594	25.550673
-26.547194	-20.613749	1788.486328	17.562346
-26.547194	-20.613749	1786.914063	23.943554
-26.547194	-20.613749	1785.339844	17.554865
-26.547194	-20.613749	1783.767578	20.742241
-26.547194	-20.613749	1782.193359	22.333038
-26.547194	-20.613749	1780.621094	17.543650
-26.547194	-20.613749	1779.046875	19.134449
-26.547194	-20.613749	1777.470703	17.536175
-26.547194	-20.613749	1775.896484	22.314014
-26.547194	-20.613749	1774.322266	27.089815
-26.547194	-20.613749	1772.746094	22.304506
-26.547194	-20.613749	1771.169922	23.892593
-26.547194	-20.613749	1769.593750	17.517500
-26.547194	-20.613749	1768.017578	22.290249
-26.547194	-20.613749	1766.441406	17.510035
-26.547194	-20.613749	1764.863281	22.280748
-26.547194	-20.613749	1763.287109	31.822857
-26.547194	-20.613749	1761.708984	23.862055
-26.547194	-20.613749	1760.130859	23.856970
-26.547194	-20.613749	1758.552734	22.261757
-26.547194	-20.613749	1756.972656	22.257011
-26.547194	-20.613749	1755.394531	19.073372
-26.547194	-20.613749	1753.814453	22.247522
-26.547194	-20.613749	1752.234375	11.121388
-26.547194	-20.613749	1750.654297	15.884311
-26.547194	-20.613749	1749.074219	26.997568
-26.547194	-20.613749	1747.492188	25.404058
-26.547194	-20.613749	1745.912109	22.223810
-26.547194	-20.613749	1744.330078	22.219069
-26.547194	-20.613749	1742.748047	20.627592
-26.547194	-20.613749	1741.166016	25.382389
-26.547194	-20.613749	1739.583984	20.618792
-26.547194	-20.613749	1738.000000	12.685780
-26.547194	-20.613749	1736.417969	25.366146
-26.547194	-20.613749	1734.833984	20.605597
-26.547194	-20.613749	1733.250000	23.770613
-26.547194	-20.613749	1731.666016	22.181171
-26.547194	-20.613749	1730.082031	22.176437
-26.547194	-20.613749	1728.496094	11.085852
-26.547194	-20.613749	1726.912109	15.833550
-26.547194	-20.613749	1725.326172	20.579222
-26.547194	-20.613749	1723.740234	18.992149
-26.547194	-20.613749	1722.154297	15.823411
-26.547194	-20.613749	1720.566406	18.984039
-26.547194	-20.613749	1718.980469	23.724981
-26.547194	-20.613749	1717.392578	26.882570
-26.547194	-20.613749	1715.804688	20.552868
-26.547194	-20.613749	1714.216797	20.548479
-26.547194	-20.613749	1712.628906	18.963776
-26.547194	-20.613749	1711.041016	18.959724
-26.547194	-20.613749	1709.451172	23.694592
-26.547194	-20.613749	1707.861328	30.006735
-26.547194	-20.613749	1706.271484	18.947573
-26.547194	-20.613749	1704.681641	18.943523
-26.547194	-20.613749	1703.091797	28.409212
-26.547194	-20.613749	1701.501953	23.669285
-26.547194	-20.613749	1699.910156	18.931379
-26.547194	-20.613749	1698.318359	26.813721
-26.547194	-20.613749	1696.726563	22.077168
-26.547194	-20.613749	1695.134766	28.378860
-26.547194	-20.613749	1693.542969	20.491461
-26.547194	-20.613749	1691.949219	22.063007
-26.547194	-20.613749	1690.357422	22.058289
-26.547194	-20.613749	1688.763672	26.779337
-26.547194	-20.613749	1687.169922	22.048853
-26.547194	-20.613749	1685.576172	18.894974
-26.547194	-20.613749	1683.982422	23.613665
-26.547194	-20.613749	1682.386719	25.182520
-26.547194	-20.613749	1680.791016	17.309277
-26.547194	-20.613749	1679.195313	22.025274
-26.547194	-20.613749	1677.599609	15.728971
-26.547194	-20.613749	1676.003906	18.870726
-26.547194	-20.613749	1674.408203	26.727806
-26.547194	-20.613749	1672.810547	22.006422
-26.547194	-20.613749	1671.214844	18.858608
-26.547194	-20.613749	1669.617188	23.568213
-26.547194	-20.613749	1668.019531	20.421410
-26.547194	-20.613749	1666.419922	21.987577
-26.547194	-20.613749	1664.822266	17.272253
-26.547194	-20.613749	1663.222656	10.989079
-26.547194	-20.613749	1661.623047	21.973450
-26.547194	-20.613749	1660.023438	15.691957
-26.547194	-20.613749	1658.423828	20.395174
-26.547194	-20.613749	1656.824219	23.527849
-26.547194	-20.613749	1655.222656	18.818245
-26.547194	-20.613749	1653.623047	23.517763
-26.547194	-20.613749	1652.021484	31.350296
-26.547194	-20.613749	1650.419922	28.209217
-26.547194	-20.613749	1648.818359	15.668427
-26.547194	-20.613749	1647.214844	17.231573
-26.547194	-20.613749	1645.613281	17.227877
-26.547194	-20.613749	1644.009766	23.487520
-26.547194	-20.613749	1642.406250	21.916983
-26.547194	-20.613749	1640.802734	18.781956
-26.547194	-20.613749	1639.199219	15.648271
-26.547194	-20.613749	1637.593750	25.031860
-26.547194	-20.613749	1635.990234	20.334021
-26.547194	-20.613749	1634.384766	15.638198
-26.547194	-20.613749	1632.779297	21.888777
-26.547194	-20.613749	1631.173828	23.447226
-26.547194	-20.613749	1629.568359	17.190939
-26.547194	-20.613749	1627.960938	24.999634
-26.547194	-20.613749	1626.353516	29.680689
-26.547194	-20.613749	1624.748047	23.427090
-26.547194	-20.613749	1623.140625	26.544998
-26.547194	-20.613749	1621.531250	28.100430
-26.547194	-20.613749	1619.923828	28.094391
-26.547194	-20.613749	1618.314453	18.725569
-26.547194	-20.613749	1616.707031	15.601287
-26.547194	-20.613749	1615.097656	21.837107
-26.547194	-20.613749	1613.488281	21.832413
-26.547194	-20.613749	1611.878906	24.945965
-26.547194	-20.613749	1610.267578	18.705450
-26.547194	-20.613749	1608.656250	21.818331
-26.547194	-20.613749	1607.046875	24.929873
-26.547194	-20.613749	1605.435547	24.924509
-26.547194	-20.613749	1603.824219	20.246807
-26.547194	-20.613749	1602.210938	20.242451
-26.547194	-20.613749	1600.599609	15.567765
-26.547194	-20.613749	1598.986328	12.451531
-26.547194	-20.613749	1597.373047	21.785490
-26.547194	-20.613749	1595.759766	28.003885
-26.547194	-20.613749	1594.146484	27.997856
-26.547194	-20.613749	1592.533203	18.661219
-26.547194	-20.613749	1590.917969	20.211966
-26.547194	-20.613749	1589.302734	20.207613
-26.547194	-20.613749	1587.687500	18.649162
-26.547194	-20.613749	1586.072266	20.198906
-26.547194	-20.613749	1584.457031	23.301409
-26.547194	-20.613749	1582.839844	31.061848
-26.547194	-20.613749	1581.224609	20.185850
-26.547194	-20.613749	1579.607422	13.971807
-26.547194	-20.613749	1577.990234	13.968794
-26.547194	-20.613749	1576.373047	18.621042
-26.547194	-20.613749	1574.755859	18.617027
-26.547194	-20.613749	1573.136719	23.266264
-26.547194	-20.613749	1571.517578	24.811995
-26.547194	-20.613749	1569.898438	21.705812
-26.547194	-20.613749	1568.279297	10.850564
-26.547194	-20.613749	1566.660156	30.994921
-26.547194	-20.613749	1565.041016	20.142351
-26.547194	-20.613749	1563.419922	21.687078
-26.547194	-20.613749	1561.798828	17.036169
-26.547194	-20.613749	1560.177734	10.838858
-26.547194	-20.613749	1558.556641	17.028812
-26.547194	-20.613749	1556.935547	21.668352
-26.547194	-20.613749	1555.312500	15.474051
-26.547194	-20.613749	1553.691406	18.564850
-26.547194	-20.613749	1552.068359	23.201048
-26.547194	-20.613749	1550.445313	20.103230
-26.547194	-20.613749	1548.822266	12.368544
-26.547194	-20.613749	1547.197266	20.094538
-26.547194	-20.613749	1545.574219	21.635593
-26.547194	-20.613749	1543.949219	23.175980
-26.547194	-20.613749	1542.324219	13.902580
-26.547194	-20.613749	1540.699219	16.988367
-26.547194	-20.613749	1539.072266	23.160944
-26.547194	-20.613749	1537.447266	20.068474
-26.547194	-20.613749	1535.820313	20.064131
-26.547194	-20.613749	1534.193359	23.145910
-26.547194	-20.613749	1532.566406	27.769079
-26.547194	-20.613749	1530.939453	15.423926
-26.547194	-20.613749	1529.312500	20.046762
-26.547194	-20.613749	1527.683594	23.125870
-26.547194	-20.613749	1526.056641	20.038080
-26.547194	-20.613749	1524.427734	16.951626
-26.547194	-20.613749	1522.798828	18.488674
-26.547194	-20.613749	1521.167969	26.186613
-26.547194	-20.613749	1519.539063	15.400552
-26.547194	-20.613749	1517.908203	16.936934
-26.547194	-20.613749	1516.277344	24.630199
-26.547194	-20.613749	1514.646484	23.085806
-26.547194	-20.613749	1513.015625	20.003359
-26.547194	-20.613749	1511.384766	21.537405
-26.547194	-20.613749	1509.751953	15.380524
-26.547194	-20.613749	1508.121094	19.990343
-26.547194	-20.613749	1506.488281	27.672930
-26.547194	-20.613749	1504.855469	19.981667
-26.547194	-20.613749	1503.220703	16.903894
-26.547194	-20.613749	1501.587891	21.509375
-26.547194	-20.613749	1499.953125	18.432604
-26.547194	-20.613749	1498.318359	15.357167
-26.547194	-20.613749	1496.683594	13.818448
-26.547194	-20.613749	1495.048828	18.420593
-26.547194	-20.613749	1493.414063	15.347159
-26.547194	-20.613749	1491.777344	23.015736
-26.547194	-20.613749	1490.140625	23.010733
-26.547194	-20.613749	1488.505859	13.803438
-26.547194	-20.613749	1486.867188	21.467346
-26.547194	-20.613749	1485.230469	16.863533
-26.547194	-20.613749	1483.593750	16.859865
-26.547194	-20.613749	1481.955078	21.453341
-26.547194	-20.613749	1480.316406	21.448673
-26.547194	-20.613749	1478.677734	22.975719
-26.547194	-20.613749	1477.039063	22.970720
-26.547194	-20.613749	1475.400391	21.434671
-26.547194	-20.613749	1473.759766	21.430004
-26.547194	-20.613749	1472.119141	18.364574
-26.547194	-20.613749	1470.478516	19.890623
-26.547194	-20.613749	1468.837891	18.356575
-26.547194	-20.613749	1467.197266	13.764432
-26.547194	-20.613749	1465.556641	21.406672
-26.547194	-20.613749	1463.914063	19.873291
-26.547194	-20.613749	1462.271484	19.868959
-26.547194	-20.613749	1460.628906	22.920725
-26.547194	-20.613749	1458.986328	21.388010
-26.547194	-20.613749	1457.343750	21.383347
-26.547194	-20.613749	1455.699219	29.013926
-26.547194	-20.613749	1454.054688	21.374018
-26.547194	-20.613749	1452.410156	13.737441
-26.547194	-20.613749	1450.765625	15.260492
-26.547194	-20.613749	1449.121094	18.308592
-26.547194	-20.613749	1447.474609	27.456894
-26.547194	-20.613749	1445.830078	10.675349
-26.547194	-20.613749	1444.183594	22.870752
-26.547194	-20.613749	1442.537109	25.914522
-26.547194	-20.613749	1440.890625	16.764557
-26.547194	-20.613749	1439.242188	15.237176
-26.547194	-20.613749	1437.595703	24.374153
-26.547194	-20.613749	1435.947266	16.753567
-26.547194	-20.613749	1434.298828	18.272623
-26.547194	-20.613749	1432.650391	18.268627
-26.547194	-20.613749	1431.000000	18.264631
-26.547194	-20.613749	1429.351563	22.825794
-26.547194	-20.613749	1427.701172	18.256639
-26.547194	-20.613749	1426.050781	22.815805
-26.547194	-20.613749	1424.400391	24.331532
-26.547194	-20.613749	1422.750000	21.285429
-26.547194	-20.613749	1421.097656	15.200549
-26.547194	-20.613749	1419.447266	19.756386
-26.547194	-20.613749	1417.794922	16.713280
-26.547194	-20.613749	1416.142578	13.671507
-26.547194	-20.613749	1414.490234	19.743404
-26.547194	-20.613749	1412.835938	19.739077
-26.547194	-20.613749	1411.183594	19.734751
-26.547194	-20.613749	1409.529297	19.730423
-26.547194	-20.613749	1407.875000	22.760881
-26.547194	-20.613749	1406.220703	19.721771
-26.547194	-20.613749	1404.566406	24.267624
-26.547194	-20.613749	1402.910156	24.262300
-26.547194	-20.613749	1401.255859	7.580305
-26.547194	-20.613749	1399.599609	21.220196
-26.547194	-20.613749	1397.943359	21.215536
-26.547194	-20.613749	1396.287109	16.665689
-26.547194	-20.613749	1394.628906	19.691490
-26.547194	-20.613749	1392.970703	16.658371
-26.547194	-20.613749	1391.314453	24.225033
-26.547194	-20.613749	1389.656250	16.651051
-26.547194	-20.613749	1387.998047	25.727787
-26.547194	-20.613749	1386.337891	18.156799
-26.547194	-20.613749	1384.679688	21.178274
-26.547194	-20.613749	1383.019531	18.148815
-26.547194	-20.613749	1381.359375	16.632755
-26.547194	-20.613749	1379.699219	24.187775
-26.547194	-20.613749	1378.039063	19.648243
-26.547194	-20.613749	1376.376953	16.621778
-26.547194	-20.613749	1374.716797	19.639595
-26.547194	-20.613749	1373.054688	16.614460
-26.547194	-20.613749	1371.392578	19.630949
-26.547194	-20.613749	1369.728516	19.626625
-26.547194	-20.613749	1368.066406	15.094078
-26.547194	-20.613749	1366.402344	24.145205
-26.547194	-20.613749	1364.740234	21.122398
-26.547194	-20.613749	1363.076172	22.626152
-26.547194	-20.613749	1361.412109	16.588854
-26.547194	-20.613749	1359.746094	13.569706
-26.547194	-20.613749	1358.082031	18.088951
-26.547194	-20.613749	1356.416016	18.084961
-26.547194	-20.613749	1354.750000	22.601213
-26.547194	-20.613749	1353.083984	13.557735
-26.547194	-20.613749	1351.417969	9.036495
-26.547194	-20.613749	1349.750000	13.551751
-26.547194	-20.613749	1348.083984	22.581264
-26.547194	-20.613749	1346.416016	27.091534
-26.547194	-20.613749	1344.748047	22.571291
-26.547194	-20.613749	1343.078125	19.557465
-26.547194	-20.613749	1341.410156	24.065407
-26.547194	-20.613749	1339.740234	16.541309
-26.547194	-20.613749	1338.072266	19.544500
-26.547194	-20.613749	1336.402344	18.037088
-26.547194	-20.613749	1334.730469	15.027582
-26.547194	-20.613749	1333.060547	24.038813
-26.547194	-20.613749	1331.388672	19.527214
-26.547194	-20.613749	1329.718750	19.522894
-26.547194	-20.613749	1328.046875	25.524288
-26.547194	-20.613749	1326.375000	22.516445
-26.547194	-20.613749	1324.701172	24.012224
-26.547194	-20.613749	1323.029297	16.504747
-26.547194	-20.613749	1321.355469	19.501291
-26.547194	-20.613749	1319.681641	17.997204
-26.547194	-20.613749	1318.007813	20.992085
-26.547194	-20.613749	1316.333984	19.488329
-26.547194	-20.613749	1314.660156	19.484009
-26.547194	-20.613749	1312.984375	22.476564
-26.547194	-20.613749	1311.308594	25.467791
-26.547194	-20.613749	1309.632813	19.471050
-26.547194	-20.613749	1307.957031	16.471849
-26.547194	-20.613749	1306.279297	22.456627
-26.547194	-20.613749	1304.603516	22.451643
-26.547194	-20.613749	1302.925781	14.964439
-26.547194	-20.613749	1301.248047	23.937786
-26.547194	-20.613749	1299.570313	22.436691
-26.547194	-20.613749	1297.892578	22.431707
-26.547194	-20.613749	1296.212891	14.951149
-26.547194	-20.613749	1294.533203	14.947826
-26.547194	-20.613749	1292.853516	20.922306
-26.547194	-20.613749	1291.173828	19.423536
-26.547194	-20.613749	1289.494141	20.913004
-26.547194	-20.613749	1287.812500	17.921446
-26.547194	-20.613749	1286.132813	25.383066
-26.547194	-20.613749	1284.451172	25.377419
-26.547194	-20.613749	1282.769531	17.909487
-26.547194	-20.613749	1281.085938	14.921249
-26.547194	-20.613749	1279.404297	13.426135
-26.547194	-20.613749	1277.720703	19.388988
-26.547194	-20.613749	1276.039063	17.893541
-26.547194	-20.613749	1274.355469	19.380352
-26.547194	-20.613749	1272.669922	22.356960
-26.547194	-20.613749	1270.986328	19.371716
-26.547194	-20.613749	1269.300781	28.306196
-26.547194	-20.613749	1267.615234	25.320950
-26.547194	-20.613749	1265.929688	23.826168
-26.547194	-20.613749	1264.244141	20.843246
-26.547194	-20.613749	1262.558594	23.815538
-26.547194	-20.613749	1260.871094	16.369530
-26.547194	-20.613749	1259.185547	16.365875
-26.547194	-20.613749	1257.498047	25.287071
-26.547194	-20.613749	1255.808594	19.332855
-26.547194	-20.613749	1254.121094	20.815348
-26.547194	-20.613749	1252.433594	16.351263
-26.547194	-20.613749	1250.744141	11.889171
-26.547194	-20.613749	1249.054688	20.801399
-26.547194	-20.613749	1247.365234	14.854822
-26.547194	-20.613749	1245.673828	19.306952
-26.547194	-20.613749	1243.984375	31.181179
-26.547194	-20.613749	1242.292969	20.782803
-26.547194	-20.613749	1240.601563	23.746462
-26.547194	-20.613749	1238.910156	28.192614
-26.547194	-20.613749	1237.218750	22.252346
-26.547194	-20.613749	1235.525391	19.281050
-26.547194	-20.613749	1233.833984	14.828257
-26.547194	-20.613749	1232.140625	20.754910
-26.547194	-20.613749	1230.447266	13.339454
-26.547194	-20.613749	1228.753906	14.818295
-26.547194	-20.613749	1227.058594	19.259466
-26.547194	-20.613749	1225.365234	19.255150
-26.547194	-20.613749	1223.669922	16.289167
-26.547194	-20.613749	1221.974609	22.207520
-26.547194	-20.613749	1220.277344	16.281862
-26.547194	-20.613749	1218.582031	22.197559
-26.547194	-20.613749	1216.884766	25.151590
-26.547194	-20.613749	1215.189453	16.270906
-26.547194	-20.613749	1213.492188	16.267254
-26.547194	-20.613749	1211.792969	22.177639
-26.547194	-20.613749	1210.095703	14.781774
-26.547194	-20.613749	1208.396484	17.734144
-26.547194	-20.613749	1206.699219	17.730160
-26.547194	-20.613749	1205.000000	22.157721
-26.547194	-20.613749	1203.298828	23.629591
-26.547194	-20.613749	1201.599609	25.100796
-26.547194	-20.613749	1199.900391	20.666595
-26.547194	-20.613749	1198.199219	20.661949
-26.547194	-20.613749	1196.498047	23.608345
-26.547194	-20.613749	1194.796875	16.227085
-26.547194	-20.613749	1193.093750	16.223434
-26.547194	-20.613749	1191.392578	19.168833
-26.547194	-20.613749	1189.689453	16.216131
-26.547194	-20.613749	1187.986328	25.055651
-26.547194	-20.613749	1186.283203	20.629417
-26.547194	-20.613749	1184.580078	25.044365
-26.547194	-20.613749	1182.875000	19.147257
-26.547194	-20.613749	1181.169922	14.725341
-26.547194	-20.613749	1179.464844	19.138628
-26.547194	-20.613749	1177.759766	14.718702
-26.547194	-20.613749	1176.054688	19.129997
-26.547194	-20.613749	1174.347656	19.125683
-26.547194	-20.613749	1172.642578	16.179619
-26.547194	-20.613749	1170.935547	22.058138
-26.547194	-20.613749	1169.228516	20.582951
-26.547194	-20.613749	1167.519531	22.048182
-26.547194	-20.613749	1165.812500	22.043203
-26.547194	-20.613749	1164.103516	16.161366
-26.547194	-20.613749	1162.394531	22.033247
-26.547194	-20.613749	1160.685547	20.559717
-26.547194	-20.613749	1158.976563	20.555071
-26.547194	-20.613749	1157.265625	22.018312
-26.547194	-20.613749	1155.556641	19.078224
-26.547194	-20.613749	1153.845703	27.877253
-26.547194	-20.613749	1152.134766	17.602703
-26.547194	-20.613749	1150.423828	20.531841
-26.547194	-20.613749	1148.710938	20.527195
-26.547194	-20.613749	1146.998047	14.658964
-26.547194	-20.613749	1145.287109	19.052340
-26.547194	-20.613749	1143.572266	19.048025
-26.547194	-20.613749	1141.859375	16.113909
-26.547194	-20.613749	1140.146484	21.968536
-26.547194	-20.613749	1138.431641	26.356270
-26.547194	-20.613749	1136.716797	17.566864
-26.547194	-20.613749	1135.001953	23.417177
-26.547194	-20.613749	1133.287109	24.875111
-26.547194	-20.613749	1131.570313	21.943649
-26.547194	-20.613749	1129.855469	21.938673
-26.547194	-20.613749	1128.138672	17.546957
-26.547194	-20.613749	1126.421875	16.081060
-26.547194	-20.613749	1124.703125	19.000576
-26.547194	-20.613749	1122.986328	17.535011
-26.547194	-20.613749	1121.267578	16.070110
-26.547194	-20.613749	1119.548828	24.829987
-26.547194	-20.613749	1117.830078	14.602556
-26.547194	-20.613749	1116.111328	18.979010
-26.547194	-20.613749	1114.392578	21.893881
-26.547194	-20.613749	1112.671875	23.348166
-26.547194	-20.613749	1110.951172	16.048214
-26.547194	-20.613749	1109.230469	21.878952
-26.547194	-20.613749	1107.509766	20.415710
-26.547194	-20.613749	1105.787109	26.242800
-26.547194	-20.613749	1104.066406	26.236828
-26.547194	-20.613749	1102.343750	24.773586
-26.547194	-20.613749	1100.621094	17.483257
-26.547194	-20.613749	1098.896484	21.849096
-26.547194	-20.613749	1097.173828	23.300394
-26.547194	-20.613749	1095.449219	14.559429
-26.547194	-20.613749	1093.724609	18.922945
-26.547194	-20.613749	1092.000000	11.642236
-26.547194	-20.613749	1090.275391	17.459373
-26.547194	-20.613749	1088.550781	18.910009
-26.547194	-20.613749	1086.824219	18.905697
-26.547194	-20.613749	1085.097656	20.355337
-26.547194	-20.613749	1083.371094	18.897074
-26.547194	-20.613749	1081.644531	23.252628
-26.547194	-20.613749	1079.916016	13.076619
-26.547194	-20.613749	1078.189453	17.431511
-26.547194	-20.613749	1076.460938	20.332121
-26.547194	-20.613749	1074.732422	20.327477
-26.547194	-20.613749	1073.001953	18.871202
-26.547194	-20.613749	1071.273438	26.123388
-26.547194	-20.613749	1069.542969	13.058709
-26.547194	-20.613749	1067.812500	15.956996
-26.547194	-20.613749	1066.082031	23.204870
-26.547194	-20.613749	1064.351563	18.849646
-26.547194	-20.613749	1062.619141	15.946053
-26.547194	-20.613749	1060.888672	11.594476
-26.547194	-20.613749	1059.156250	17.387735
-26.547194	-20.613749	1057.421875	26.075632
-26.547194	-20.613749	1055.689453	14.483147
-26.547194	-20.613749	1053.957031	20.271763
-26.547194	-20.613749	1052.222656	20.267120
-26.547194	-20.613749	1050.488281	23.157118
-26.547194	-20.613749	1048.753906	18.810848
-26.547194	-20.613749	1047.019531	18.806538
-26.547194	-20.613749	1045.283203	18.802227
-26.547194	-20.613749	1043.546875	17.351923
-26.547194	-20.613749	1041.810547	17.347944
-26.547194	-20.613749	1040.074219	17.343966
-26.547194	-20.613749	1038.337891	23.119982
-26.547194	-20.613749	1036.599609	15.891340
-26.547194	-20.613749	1034.861328	18.776365
-26.547194	-20.613749	1033.123047	25.992077
-26.547194	-20.613749	1031.384766	18.767746
-26.547194	-20.613749	1029.646484	23.093458
-26.547194	-20.613749	1027.906250	17.316116
-26.547194	-20.613749	1026.167969	20.197495
-26.547194	-20.613749	1024.427734	23.077547
-26.547194	-20.613749	1022.685547	27.398287
-26.547194	-20.613749	1020.945313	23.066938
-26.547194	-20.613749	1019.203125	24.502987
-26.547194	-20.613749	1017.462891	25.938372
-26.547194	-20.613749	1015.720703	24.491716
-26.547194	-20.613749	1013.976563	30.247513
-26.547194	-20.613749	1012.234375	18.720341
-26.547194	-20.613749	1010.490234	17.276339
-26.547194	-20.613749	1008.746094	23.029814
-26.547194	-20.613749	1007.001953	28.780638
-26.547194	-20.613749	1005.257813	27.335308
-26.547194	-20.613749	1003.513672	27.329012
-26.547194	-20.613749	1001.767578	30.198790
-26.547194	-20.613749	1000.021484	33.067242
-26.547194	-20.613749	998.275391	27.310122
-26.547194	-20.613749	996.529297	27.303825
-26.547194	-20.613749	994.781250	34.481087
-26.547194	-20.613749	993.035156	31.600374
-26.547194	-20.613749	991.287109	22.976788
-26.547194	-20.613749	989.539063	38.764381
-26.547194	-20.613749	987.789063	33.013889
-26.547194	-20.613749	986.041016	30.136158
-26.547194	-20.613749	984.291016	32.998646
-26.547194	-20.613749	982.541016	37.294205
-26.547194	-20.613749	980.791016	34.417465
-26.547194	-20.613749	979.041016	32.975784
-26.547194	-20.613749	977.289063	41.568554
-26.547194	-20.613749	975.537109	37.259747
-26.547194	-20.613749	973.785156	28.654716
-26.547194	-20.613749	972.033203	45.836945
-26.547194	-20.613749	970.281250	44.394272
-26.547194	-20.613749	968.527344	38.657032
-26.547194	-20.613749	966.773438	35.785267
-26.547194	-20.613749	965.019531	35.776985
-26.547194	-20.613749	963.265625	32.907207
-26.547194	-20.613749	961.511719	44.342926
-26.547194	-20.613749	959.755859	35.752144
-26.547194	-20.613749	958.000000	34.314106
-26.547194	-20.613749	956.244141	30.017887
-26.547194	-20.613749	954.488281	37.156391
-26.547194	-20.613749	952.730469	34.290260
-26.547194	-20.613749	950.974609	42.852890
-26.547194	-20.613749	949.216797	39.986755
-26.547194	-20.613749	947.458984	37.121948
-26.547194	-20.613749	945.701172	41.395645
-26.547194	-20.613749	943.941406	45.667358
-26.547194	-20.613749	942.181641	41.376438
-26.547194	-20.613749	940.421875	38.513950
-26.547194	-20.613749	938.662109	27.096119
-26.547194	-20.613749	936.902344	27.089827
-26.547194	-20.613749	935.140625	25.658087
-26.547194	-20.613749	933.380859	25.652126
-26.547194	-20.613749	931.619141	24.221380
-26.547194	-20.613749	929.855469	32.762489
-26.547194	-20.613749	928.093750	25.634249
-26.547194	-20.613749	926.330078	28.475878
-26.547194	-20.613749	924.568359	22.775404
-26.547194	-20.613749	922.804688	22.770107
-26.547194	-20.613749	921.039063	27.033213
-26.547194	-20.613749	919.275391	19.914576
-26.547194	-20.613749	917.509766	17.065664
-26.547194	-20.613749	915.744141	31.279768
-26.547194	-20.613749	913.978516	17.057720
-26.547194	-20.613749	912.212891	25.580622
-26.547194	-20.613749	910.447266	19.891407
-26.547194	-20.613749	908.679688	22.727741
-26.547194	-20.613749	906.912109	32.663513
-26.547194	-20.613749	905.144531	21.297329
-26.547194	-20.613749	903.375000	19.872873
-26.547194	-20.613749	901.607422	31.221521
-26.547194	-20.613749	899.837891	32.633072
-26.547194	-20.613749	898.068359	24.114470
-26.547194	-20.613749	896.298828	19.854343
-26.547194	-20.613749	894.529297	29.774567
-26.547194	-20.613749	892.757813	29.767618
-26.547194	-20.613749	890.986328	22.674797
-26.547194	-20.613749	889.214844	22.669504
-26.547194	-20.613749	887.443359	25.497236
-26.547194	-20.613749	885.669922	22.658918
-26.547194	-20.613749	883.898438	22.653625
-26.547194	-20.613749	882.125000	24.063852
-26.547194	-20.613749	880.351563	26.888609
-26.547194	-20.613749	878.578125	25.467466
-26.547194	-20.613749	876.802734	24.046984
-26.547194	-20.613749	875.027344	32.526546
-26.547194	-20.613749	873.251953	29.691208
-26.547194	-20.613749	871.476563	16.962437
-26.547194	-20.613749	869.701172	22.611290
-26.547194	-20.613749	867.923828	18.367374
-26.547194	-20.613749	866.146484	24.013252
-26.547194	-20.613749	864.369141	21.183205
-26.547194	-20.613749	862.591797	16.942596
-26.547194	-20.613749	860.814453	19.761732
-26.547194	-20.613749	859.035156	29.635656
-26.547194	-20.613749	857.255859	18.341585
-26.547194	-20.613749	855.476563	32.442894
-26.547194	-20.613749	853.697266	22.563679
-26.547194	-20.613749	851.916016	28.197989
-26.547194	-20.613749	850.136719	25.372240
-26.547194	-20.613749	848.355469	25.366291
-26.547194	-20.613749	846.574219	25.360340
-26.547194	-20.613749	844.791016	22.537237
-26.547194	-20.613749	843.009766	19.715456
-26.547194	-20.613749	841.226563	26.750412
-26.547194	-20.613749	839.443359	28.151718
-26.547194	-20.613749	837.660156	26.737854
-26.547194	-20.613749	835.875000	19.696951
-26.547194	-20.613749	834.091797	23.912109
-26.547194	-20.613749	832.306641	21.093964
-26.547194	-20.613749	830.521484	23.900875
-26.547194	-20.613749	828.734375	23.895260
-26.547194	-20.613749	826.949219	21.079098
-26.547194	-20.613749	825.162109	25.288971
-26.547194	-20.613749	823.375000	25.283026
-26.547194	-20.613749	821.587891	26.681362
-26.547194	-20.613749	819.800781	29.482990
-26.547194	-20.613749	818.011719	25.265190
-26.547194	-20.613749	816.222656	23.855953
-26.547194	-20.613749	814.433594	22.447378
-26.547194	-20.613749	812.644531	22.442095
-26.547194	-20.613749	810.855469	21.034512
-26.547194	-20.613749	809.064453	19.627588
-26.547194	-20.613749	807.273438	23.827887
-26.547194	-20.613749	805.482422	22.420963
-26.547194	-20.613749	803.691406	16.811762
-26.547194	-20.613749	801.898438	18.208450
-26.547194	-20.613749	800.107422	22.405119
-26.547194	-20.613749	798.314453	18.199867
-26.547194	-20.613749	796.521484	25.193876
-26.547194	-20.613749	794.726563	19.590616
-26.547194	-20.613749	792.933594	23.782995
-26.547194	-20.613749	791.138672	22.378716
-26.547194	-20.613749	789.343750	20.975096
-26.547194	-20.613749	787.546875	27.960196
-26.547194	-20.613749	785.751953	20.965197
-26.547194	-20.613749	783.955078	27.946997
-26.547194	-20.613749	782.158203	23.749338
-26.547194	-20.613749	780.361328	29.330492
-26.547194	-20.613749	778.564453	22.341763
-26.547194	-20.613749	776.765625	27.920607
-26.547194	-20.613749	774.968750	25.122608
-26.547194	-20.613749	773.169922	12.558336
-26.547194	-20.613749	771.369141	19.530573
-26.547194	-20.613749	769.570313	20.920666
-26.547194	-20.613749	767.769531	30.676390
-26.547194	-20.613749	765.970703	26.486980
-26.547194	-20.613749	764.167969	19.512106
-26.547194	-20.613749	762.367188	20.900883
-26.547194	-20.613749	760.566406	26.468187
-26.547194	-20.613749	758.763672	26.461924
-26.547194	-20.613749	756.960938	27.848064
-26.547194	-20.613749	755.158203	23.665251
-26.547194	-20.613749	753.353516	30.618368
-26.547194	-20.613749	751.550781	32.002533
-26.547194	-20.613749	749.746094	30.603868
-26.547194	-20.613749	747.941406	20.861330
-26.547194	-20.613749	746.136719	23.637239
-26.547194	-20.613749	744.330078	25.021734
-26.547194	-20.613749	742.523438	27.795338
-26.547194	-20.613749	740.718750	19.452126
-26.547194	-20.613749	738.910156	26.393053
-26.547194	-20.613749	737.103516	18.054123
-26.547194	-20.613749	735.294922	22.215189
-26.547194	-20.613749	733.488281	23.598040
-26.547194	-20.613749	731.679688	24.980230
-26.547194	-20.613749	729.869141	19.424458
-26.547194	-20.613749	728.060547	20.806980
-26.547194	-20.613749	726.250000	22.188845
-26.547194	-20.613749	724.439453	23.570049
-26.547194	-20.613749	722.628906	27.722887
-26.547194	-20.613749	720.818359	27.716303
-26.547194	-20.613749	719.005859	26.324234
-26.547194	-20.613749	717.195313	22.162510
-26.547194	-20.613749	715.382813	20.772415
-26.547194	-20.613749	713.568359	23.536476
-26.547194	-20.613749	711.755859	30.451731
-26.547194	-20.613749	709.941406	20.757608
-26.547194	-20.613749	708.126953	27.670229
-26.547194	-20.613749	706.312500	26.280468
-26.547194	-20.613749	704.498047	29.039925
-26.547194	-20.613749	702.681641	20.737869
-26.547194	-20.613749	700.867188	16.586348
-26.547194	-20.613749	699.050781	26.255468
-26.547194	-20.613749	697.232422	26.249220
-26.547194	-20.613749	695.416016	17.955717
-26.547194	-20.613749	693.597656	23.474964
-26.547194	-20.613749	691.779297	22.088823
-26.547194	-20.613749	689.960938	20.703341
-26.547194	-20.613749	688.142578	23.458199
-26.547194	-20.613749	686.324219	19.313913
-26.547194	-20.613749	684.503906	26.205496
-26.547194	-20.613749	682.683594	26.199251
-26.547194	-20.613749	680.863281	20.678690
-26.547194	-20.613749	679.041016	24.808514
-26.547194	-20.613749	677.218750	23.424677
-26.547194	-20.613749	675.398438	23.419090
-26.547194	-20.613749	673.576172	20.658976
-26.547194	-20.613749	671.751953	13.769366
-26.547194	-20.613749	669.929688	24.778946
-26.547194	-20.613749	668.105469	22.020475
-26.547194	-20.613749	666.281250	23.391172
-26.547194	-20.613749	664.457031	24.761213
-26.547194	-20.613749	662.630859	19.254124
-26.547194	-20.613749	660.806641	27.499325
-26.547194	-20.613749	658.980469	27.492760
-26.547194	-20.613749	657.154297	27.486195
-26.547194	-20.613749	655.326172	27.479630
-26.547194	-20.613749	653.500000	27.473066
-26.547194	-20.613749	651.671875	28.839827
-26.547194	-20.613749	649.843750	28.832937
-26.547194	-20.613749	648.015625	38.434727
-26.547194	-20.613749	646.185547	30.191498
-26.547194	-20.613749	644.357422	34.300320
-26.547194	-20.613749	642.527344	32.920433
-26.547194	-20.613749	640.697266	31.541204
-26.547194	-20.613749	638.865234	32.904690
-26.547194	-20.613749	637.035156	30.155418
-26.547194	-20.613749	635.203125	35.629696
-26.547194	-20.613749	633.371094	36.991219
-26.547194	-20.613749	631.539063	30.133780
-26.547194	-20.613749	629.705078	31.495958
-26.547194	-20.613749	627.873047	32.857479
-26.547194	-20.613749	626.039063	34.218349
-26.547194	-20.613749	624.203125	45.157406
-26.547194	-20.613749	622.369141	31.465807
-26.547194	-20.613749	620.535156	30.090521
-26.547194	-20.613749	618.699219	25.981043
-26.547194	-20.613749	616.863281	28.709011
-26.547194	-20.613749	615.025391	38.269512
-26.547194	-20.613749	613.189453	35.527458
-26.547194	-20.613749	611.351563	24.590038
-26.547194	-20.613749	609.513672	24.584145
-26.547194	-20.613749	607.675781	31.405544
-26.547194	-20.613749	605.837891	32.763145
-26.547194	-20.613749	603.998047	35.484898
-26.547194	-20.613749	602.158203	28.654005
-26.547194	-20.613749	600.318359	36.832027
-26.547194	-20.613749	598.478516	30.004082
-26.547194	-20.613749	596.636719	27.269896
-26.547194	-20.613749	594.796875	29.989687
-26.547194	-20.613749	592.955078	25.893969
-26.547194	-20.613749	591.111328	24.525240
-26.547194	-20.613749	589.269531	29.968100
-26.547194	-20.613749	587.425781	23.151608
-26.547194	-20.613749	585.583984	32.676777
-26.547194	-20.613749	583.738281	24.501698
-26.547194	-20.613749	581.894531	27.217569
-26.547194	-20.613749	580.050781	31.292686
-26.547194	-20.613749	578.205078	25.844271
-26.547194	-20.613749	576.359375	27.197960
-26.547194	-20.613749	574.513672	25.831852
-26.547194	-20.613749	572.666016	25.825645
-26.547194	-20.613749	570.818359	29.896191
-26.547194	-20.613749	568.970703	27.171824
-26.547194	-20.613749	567.123047	21.732233
-26.547194	-20.613749	565.275391	27.158760
-26.547194	-20.613749	563.425781	25.794617
-26.547194	-20.613749	561.576172	28.502983
-26.547194	-20.613749	559.726563	25.782211
-26.547194	-20.613749	557.876953	32.559170
-26.547194	-20.613749	556.027344	29.838726
-26.547194	-20.613749	554.175781	25.763609
-26.547194	-20.613749	552.324219	23.046103
-26.547194	-20.613749	550.472656	27.106537
-26.547194	-20.613749	548.619141	33.875015
-26.547194	-20.613749	546.767578	23.029465
-26.547194	-20.613749	544.914063	36.567406
-26.547194	-20.613749	543.060547	32.496532
-26.547194	-20.613749	541.205078	32.488708
-26.547194	-20.613749	539.351563	39.247734
-26.547194	-20.613749	537.496094	47.356544
-26.547194	-20.613749	535.640625	39.228828
-26.547194	-20.613749	533.785156	50.038517
-26.547194	-20.613749	531.927734	50.026459
-26.547194	-20.613749	530.070313	54.069626
-26.547194	-20.613749	528.212891	83.787727
-26.547194	-20.613749	526.355469	113.491493
-26.547194	-20.613749	524.498047	194.509949
-26.547194	-20.613749	522.638672	368.669556
-26.547194	-20.613749	520.779297	592.699280
-26.547194	-20.613749	518.919922	465.676422
-26.547194	-20.613749	517.060547	242.903030
-26.547194	-20.613749	515.199219	147.055801
-26.547194	-20.613749	513.339844	97.114349
-26.547194	-20.613749	511.478516	75.515160
-26.547194	-20.613749	509.615234	75.496941
-26.547194	-20.613749	507.753906	66.043884
-26.547194	-20.613749	505.890625	66.027946
-26.547194	-20.613749	504.027344	56.581726
-26.547194	-20.613749	502.164063	53.874352
-26.547194	-20.613749	500.300781	56.554413
-26.547194	-20.613749	498.435547	68.656639
-26.547194	-20.613749	496.570313	80.753014
-26.547194	-20.613749	494.705078	71.314606
-26.547194	-20.613749	492.839844	67.261688
-26.547194	-20.613749	490.972656	68.590347
-26.547194	-20.613749	489.107422	64.540031
-26.547194	-20.613749	487.240234	52.426109
-26.547194	-20.613749	485.371094	48.381641
-26.547194	-20.613749	483.503906	37.621075
-26.547194	-20.613749	481.634766	52.388123
-26.547194	-20.613749	479.765625	48.346581
-26.547194	-20.613749	477.896484	45.649624
-26.547194	-20.613749	476.027344	45.638592
-26.547194	-20.613749	474.156250	40.259613
-26.547194	-20.613749	472.285156	30.858242
-26.547194	-20.613749	470.414063	36.216133
-26.547194	-20.613749	468.542969	37.548393
-26.547194	-20.613749	466.669922	36.198624
-26.547194	-20.613749	464.796875	36.189869
-26.547194	-20.613749	462.923828	26.800827
-26.547194	-20.613749	461.050781	32.153214
-26.547194	-20.613749	459.177734	21.430292
-26.547194	-20.613749	457.302734	30.798592
-26.547194	-20.613749	455.427734	37.484867
-26.547194	-20.613749	453.552734	34.798954
-26.547194	-20.613749	451.675781	28.100048
-26.547194	-20.613749	449.800781	30.768795
-26.547194	-20.613749	447.923828	28.086449
-26.547194	-20.613749	446.046875	32.091030
-26.547194	-20.613749	444.169922	30.746460
-26.547194	-20.613749	442.291016	30.739017
-26.547194	-20.613749	440.412109	30.731575
-26.547194	-20.613749	438.533203	36.067463
-26.547194	-20.613749	436.654297	30.716696
-26.547194	-20.613749	434.773438	30.709259
-26.547194	-20.613749	432.894531	28.032099
-26.547194	-20.613749	431.013672	28.025309
-26.547194	-20.613749	429.130859	22.681660
-26.547194	-20.613749	427.250000	17.340597
-26.547194	-20.613749	425.367188	25.337811
-26.547194	-20.613749	423.484375	27.998165
-26.547194	-20.613749	421.601563	21.326767
-26.547194	-20.613749	419.718750	23.986799
-26.547194	-20.613749	417.833984	22.648710
-26.547194	-20.613749	415.949219	29.302992
-26.547194	-20.613749	414.064453	31.959154
-26.547194	-20.613749	412.179688	26.626173
-26.547194	-20.613749	410.294922	26.619720
-26.547194	-20.613749	408.408203	34.597248
-26.547194	-20.613749	406.521484	18.624771
-26.547194	-20.613749	404.634766	30.590420
-26.547194	-20.613749	402.746094	45.209660
-26.547194	-20.613749	400.857422	61.151176
-26.547194	-20.613749	398.968750	83.730217
-26.547194	-20.613749	397.080078	90.353561
-26.547194	-20.613749	395.191406	89.003242
-26.547194	-20.613749	393.300781	84.997398
-26.547194	-20.613749	391.410156	65.060349
-26.547194	-20.613749	389.519531	65.044571
-26.547194	-20.613749	387.628906	66.355911
-26.547194	-20.613749	385.736328	55.725445
-26.547194	-20.613749	383.843750	54.385452
-26.547194	-20.613749	381.951172	58.350716
-26.547194	-20.613749	380.058594	47.729912
-26.547194	-20.613749	378.164063	56.996891
-26.547194	-20.613749	376.271484	76.860878
-26.547194	-20.613749	374.376953	87.441147
-26.547194	-20.613749	372.480469	71.525398
-26.547194	-20.613749	370.585938	71.508041
-26.547194	-20.613749	368.689453	67.518982
-26.547194	-20.613749	366.792969	59.561108
-26.547194	-20.613749	364.896484	67.486206
-26.547194	-20.613749	363.000000	58.209259
-26.547194	-20.613749	361.101563	64.808212
-26.547194	-20.613749	359.203125	58.181000
-26.547194	-20.613749	357.304688	60.810825
-26.547194	-20.613749	355.406250	48.901176
-26.547194	-20.613749	353.505859	59.459965
-26.547194	-20.613749	351.605469	60.766541
-26.547194	-20.613749	349.705078	55.469021
-26.547194	-20.613749	347.804688	52.814808
-26.547194	-20.613749	345.902344	51.481934
-26.547194	-20.613749	344.001953	51.469429
-26.547194	-20.613749	342.099609	48.818111
-26.547194	-20.613749	340.195313	50.125343
-26.547194	-20.613749	338.292969	44.838097
-26.547194	-20.613749	336.388672	48.782551
-26.547194	-20.613749	334.484375	47.452572
-26.547194	-20.613749	332.580078	47.441044
-26.547194	-20.613749	330.675781	42.159573
-26.547194	-20.613749	328.769531	39.514999
-26.547194	-20.613749	326.863281	38.188553
-26.547194	-20.613749	324.957031	38.179272
-26.547194	-20.613749	323.048828	30.272757
-26.547194	-20.613749	321.142578	32.897175
-26.547194	-20.613749	319.234375	35.520317
-26.547194	-20.613749	317.326172	26.304951
-26.547194	-20.613749	315.417969	35.503056
-26.547194	-20.613749	313.507813	32.865211
-26.547194	-20.613749	311.597656	36.800091
-26.547194	-20.613749	309.687500	48.616875
-26.547194	-20.613749	307.777344	49.918709
-26.547194	-20.613749	305.865234	45.966583
-26.547194	-20.613749	303.955078	32.825294
-26.547194	-20.613749	302.042969	30.191931
-26.547194	-20.613749	300.128906	41.995956
-26.547194	-20.613749	298.216797	35.425476
-26.547194	-20.613749	296.302734	31.481657
-26.547194	-20.613749	294.388672	41.965340
-26.547194	-20.613749	292.474609	30.155256
-26.547194	-20.613749	290.560547	45.877281
-26.547194	-20.613749	288.644531	56.349815
-26.547194	-20.613749	286.728516	44.544834
-26.547194	-20.613749	284.812500	51.083126
-26.547194	-20.613749	282.896484	64.165764
-26.547194	-20.613749	280.978516	70.696098
-26.547194	-20.613749	279.060547	78.532120
-26.547194	-20.613749	277.142578	65.427528
-26.547194	-20.613749	275.224609	61.486923
-26.547194	-20.613749	273.304688	77.166946
-26.547194	-20.613749	271.384766	65.379814
-26.547194	-20.613749	269.464844	84.973099
-26.547194	-20.613749	267.544922	95.408127
-26.547194	-20.613749	265.623047	135.890854
-26.547194	-20.613749	263.703125	220.768951
-26.547194	-20.613749	261.781250	318.665833
-26.547194	-20.613749	259.857422	315.976990
-26.547194	-20.613749	257.935547	314.594788
-26.547194	-20.613749	256.011719	253.180695
-26.547194	-20.613749	254.087891	307.918121
-26.547194	-20.613749	252.164063	650.905884
-26.547194	-20.613749	250.240234	2044.834229
-26.547194	-20.613749	248.314453	2057.375000
-26.547194	-20.613749	246.388672	832.916931
-26.547194	-20.613749	244.462891	390.945740
-26.547194	-20.613749	242.535156	281.412476
-26.547194	-20.613749	240.609375	213.613083
-26.547194	-20.613749	238.681641	171.890671
-26.547194	-20.613749	236.753906	158.830032
-26.547194	-20.613749	234.824219	134.061600
-26.547194	-20.613749	232.896484	106.702705
-26.547194	-20.613749	230.966797	94.968338
-26.547194	-20.613749	229.037109	97.546486
-26.547194	-20.613749	227.107422	78.018211
-26.547194	-20.613749	225.175781	93.599091
-26.547194	-20.613749	223.244141	75.380936
-26.547194	-20.613749	221.312500	88.356163
-26.547194	-20.613749	219.380859	103.923157
-26.547194	-20.613749	217.447266	103.897888
-26.547194	-20.613749	215.515625	76.606064
-26.547194	-20.613749	213.582031	88.270271
-26.547194	-20.613749	211.646484	73.973267
-26.547194	-20.613749	209.712891	63.575596
-26.547194	-20.613749	207.777344	73.937309
-26.547194	-20.613749	205.841797	59.654198
-26.547194	-20.613749	203.906250	46.674545
-26.547194	-20.613749	201.968750	44.070797
-26.547194	-20.613749	200.033203	45.355968
-26.547194	-20.613749	198.095703	33.684814
-26.547194	-20.613749	196.158203	34.971882
-26.547194	-20.613749	194.218750	28.488682
-26.547194	-20.613749	192.281250	28.481758
-26.547194	-20.613749	190.341797	25.886213
-26.547194	-20.613749	188.402344	21.997932
-26.547194	-20.613749	186.460938	34.929401
-26.547194	-20.613749	184.521484	31.040812
-26.547194	-20.613749	182.580078	24.568003
-26.547194	-20.613749	180.638672	32.318466
-26.547194	-20.613749	178.695313	33.603035
-26.547194	-20.613749	176.753906	24.550097
-26.547194	-20.613749	174.810547	23.252335
-26.547194	-20.613749	172.867188	20.663719
-26.547194	-20.613749	170.921875	23.241035
-26.547194	-20.613749	168.978516	25.817099
-26.547194	-20.613749	167.033203	21.939201
-26.547194	-20.613749	165.087891	27.094782
-26.547194	-20.613749	163.142578	25.798285
-26.547194	-20.613749	161.195313	25.792017
-26.547194	-20.613749	159.248047	36.100052
-26.547194	-20.613749	157.300781	42.536156
-26.547194	-20.613749	155.353516	29.639210
-26.547194	-20.613749	153.406250	33.497055
-26.547194	-20.613749	151.457031	37.353024
-26.547194	-20.613749	149.507813	47.645733
-26.547194	-20.613749	147.558594	43.771931
-26.547194	-20.613749	145.607422	47.622593
-26.547194	-20.613749	143.658203	43.750671
-26.547194	-20.613749	141.707031	60.464184
-26.547194	-20.613749	139.753906	61.735661
-26.547194	-20.613749	137.802734	57.863129
-26.547194	-20.613749	135.849609	69.418900
-26.547194	-20.613749	133.896484	66.831596
-26.547194	-20.613749	131.943359	48.826618
-26.547194	-20.613749	129.990234	50.099365
-26.547194	-20.613749	128.035156	56.508636
-26.547194	-20.613749	126.080078	59.062874
-26.547194	-20.613749	124.125000	50.062889
-26.547194	-20.613749	122.169922	61.600910
-26.547194	-20.613749	120.212891	61.585960
-26.547194	-20.613749	118.255859	57.722824
-26.547194	-20.613749	116.298828	58.991238
-26.547194	-20.613749	114.341797	51.284279
-26.547194	-20.613749	112.382813	47.426449
-26.547194	-20.613749	110.423828	33.318607
-26.547194	-20.613749	108.464844	29.467003
-26.547194	-20.613749	106.505859	24.336403
-26.547194	-20.613749	104.544922	20.488842
-26.547194	-20.613749	102.585938	10.241936
-26.547194	-20.613749	100.625000	11.519383
-26.547194	-20.613749	98.662109	7.677726
-26.547194	-20.613749	96.701172	6.396554
-26.547194	-20.613749	94.738281	1.279001
-26.547194	-20.613749	92.775391	1.278690
-26.547194	-20.613749	90.812500	-1.278380
-26.547194	-20.613749	88.847656	-1.278070
-26.547194	-20.613749	86.882813	0.000000
-26.547194	-20.613749	84.917969	2.554902
-26.547194	-20.613749	82.953125	-1.277141
-26.547194	-20.613749	80.988281	0.000000
-26.547194	-20.613749	79.021484	3.829567
-26.547194	-20.613749	77.054688	0.000000
-26.547194	-20.613749	75.087891	1.275904
-26.547194	-20.613749	73.119141	-1.275595
-26.547194	-20.613749	71.152344	1.275286
-26.547194	-20.613749	69.183594	-1.274977
-26.547194	-20.613749	67.212891	1.274668
-26.547194	-20.613749	65.244141	0.000000
-26.547194	-20.613749	63.273438	-1.274051
-26.547194	-20.613749	61.302734	2.547484
-26.547194	-20.613749	59.332031	0.000000
-23.547194	-20.613749	1838.626953	22.500080
-23.547194	-20.613749	1837.066406	27.321526
-23.547194	-20.613749	1835.503906	19.281679
-23.547194	-20.613749	1833.941406	24.096970
-23.547194	-20.613749	1832.378906	27.304089
-23.547194	-20.613749	1830.816406	19.269373
-23.547194	-20.613749	1829.251953	22.476151
-23.547194	-20.613749	1827.687500	20.866270
-23.547194	-20.613749	1826.125000	16.047562
-23.547194	-20.613749	1824.560547	22.461803
-23.547194	-20.613749	1822.994141	28.873316
-23.547194	-20.613749	1821.429688	12.829854
-23.547194	-20.613749	1819.865234	25.654247
-23.547194	-20.613749	1818.298828	24.045738
-23.547194	-20.613749	1816.732422	20.835203
-23.547194	-20.613749	1815.166016	22.433136
-23.547194	-20.613749	1813.599609	14.418232
-23.547194	-20.613749	1812.033203	27.228642
-23.547194	-20.613749	1810.464844	12.810750
-23.547194	-20.613749	1808.896484	20.813038
-23.547194	-20.613749	1807.330078	20.808607
-23.547194	-20.613749	1805.759766	25.605141
-23.547194	-20.613749	1804.191406	19.199768
-23.547194	-20.613749	1802.623047	22.394960
-23.547194	-20.613749	1801.052734	20.790892
-23.547194	-20.613749	1799.484375	17.588549
-23.547194	-20.613749	1797.914063	19.183422
-23.547194	-20.613749	1796.343750	20.777615
-23.547194	-20.613749	1794.771484	17.577314
-23.547194	-20.613749	1793.201172	17.573572
-23.547194	-20.613749	1791.628906	23.958858
-23.547194	-20.613749	1790.058594	15.969171
-23.547194	-20.613749	1788.486328	17.562346
-23.547194	-20.613749	1786.914063	23.943554
-23.547194	-20.613749	1785.339844	35.109730
-23.547194	-20.613749	1783.767578	23.933353
-23.547194	-20.613749	1782.193359	15.952170
-23.547194	-20.613749	1780.621094	20.733404
-23.547194	-20.613749	1779.046875	27.107138
-23.547194	-20.613749	1777.470703	20.724571
-23.547194	-20.613749	1775.896484	23.907871
-23.547194	-20.613749	1774.322266	17.528704
-23.547194	-20.613749	1772.746094	22.304506
-23.547194	-20.613749	1771.169922	28.671110
-23.547194	-20.613749	1769.593750	20.702501
-23.547194	-20.613749	1768.017578	22.290249
-23.547194	-20.613749	1766.441406	20.693678
-23.547194	-20.613749	1764.863281	25.463713
-23.547194	-20.613749	1763.287109	30.231714
-23.547194	-20.613749	1761.708984	25.452860
-23.547194	-20.613749	1760.130859	22.266504
-23.547194	-20.613749	1758.552734	15.901256
-23.547194	-20.613749	1756.972656	17.487652
-23.547194	-20.613749	1755.394531	23.841713
-23.547194	-20.613749	1753.814453	20.658413
-23.547194	-20.613749	1752.234375	23.831547
-23.547194	-20.613749	1750.654297	19.061172
-23.547194	-20.613749	1749.074219	23.821384
-23.547194	-20.613749	1747.492188	25.404058
-23.547194	-20.613749	1745.912109	22.223810
-23.547194	-20.613749	1744.330078	23.806145
-23.547194	-20.613749	1742.748047	11.107164
-23.547194	-20.613749	1741.166016	26.968788
-23.547194	-20.613749	1739.583984	12.688487
-23.547194	-20.613749	1738.000000	17.442947
-23.547194	-20.613749	1736.417969	23.780762
-23.547194	-20.613749	1734.833984	23.775688
-23.547194	-20.613749	1733.250000	25.355322
-23.547194	-20.613749	1731.666016	20.596802
-23.547194	-20.613749	1730.082031	23.760468
-23.547194	-20.613749	1728.496094	25.339090
-23.547194	-20.613749	1726.912109	25.333681
-23.547194	-20.613749	1725.326172	26.911289
-23.547194	-20.613749	1723.740234	15.826791
-23.547194	-20.613749	1722.154297	22.152777
-23.547194	-20.613749	1720.566406	25.312052
-23.547194	-20.613749	1718.980469	22.143316
-23.547194	-20.613749	1717.392578	25.301243
-23.547194	-20.613749	1715.804688	20.552868
-23.547194	-20.613749	1714.216797	20.548479
-23.547194	-20.613749	1712.628906	31.606291
-23.547194	-20.613749	1711.041016	25.279631
-23.547194	-20.613749	1709.451172	18.955673
-23.547194	-20.613749	1707.861328	23.689528
-23.547194	-20.613749	1706.271484	26.842396
-23.547194	-20.613749	1704.681641	17.364897
-23.547194	-20.613749	1703.091797	20.517765
-23.547194	-20.613749	1701.501953	29.981092
-23.547194	-20.613749	1699.910156	20.508995
-23.547194	-20.613749	1698.318359	17.350056
-23.547194	-20.613749	1696.726563	22.077168
-23.547194	-20.613749	1695.134766	23.649050
-23.547194	-20.613749	1693.542969	23.643993
-23.547194	-20.613749	1691.949219	23.638937
-23.547194	-20.613749	1690.357422	17.331512
-23.547194	-20.613749	1688.763672	22.053572
-23.547194	-20.613749	1687.169922	25.198690
-23.547194	-20.613749	1685.576172	25.193298
-23.547194	-20.613749	1683.982422	18.890932
-23.547194	-20.613749	1682.386719	18.886889
-23.547194	-20.613749	1680.791016	23.603559
-23.547194	-20.613749	1679.195313	23.598509
-23.547194	-20.613749	1677.599609	26.739252
-23.547194	-20.613749	1676.003906	22.015846
-23.547194	-20.613749	1674.408203	25.155581
-23.547194	-20.613749	1672.810547	22.006422
-23.547194	-20.613749	1671.214844	22.001709
-23.547194	-20.613749	1669.617188	25.139425
-23.547194	-20.613749	1668.019531	15.708776
-23.547194	-20.613749	1666.419922	21.987577
-23.547194	-20.613749	1664.822266	25.123276
-23.547194	-20.613749	1663.222656	23.548025
-23.547194	-20.613749	1661.623047	17.264853
-23.547194	-20.613749	1660.023438	26.676329
-23.547194	-20.613749	1658.423828	26.670610
-23.547194	-20.613749	1656.824219	23.527849
-23.547194	-20.613749	1655.222656	10.977309
-23.547194	-20.613749	1653.623047	12.542808
-23.547194	-20.613749	1652.021484	14.107633
-23.547194	-20.613749	1650.419922	26.642038
-23.547194	-20.613749	1648.818359	23.502640
-23.547194	-20.613749	1647.214844	18.798080
-23.547194	-20.613749	1645.613281	20.360218
-23.547194	-20.613749	1644.009766	26.619190
-23.547194	-20.613749	1642.406250	25.047981
-23.547194	-20.613749	1640.802734	18.781956
-23.547194	-20.613749	1639.199219	15.648271
-23.547194	-20.613749	1637.593750	26.596352
-23.547194	-20.613749	1635.990234	23.462332
-23.547194	-20.613749	1634.384766	21.893476
-23.547194	-20.613749	1632.779297	17.198324
-23.547194	-20.613749	1631.173828	20.320929
-23.547194	-20.613749	1629.568359	18.753752
-23.547194	-20.613749	1627.960938	18.749725
-23.547194	-20.613749	1626.353516	21.869982
-23.547194	-20.613749	1624.748047	18.741673
-23.547194	-20.613749	1623.140625	18.737646
-23.547194	-20.613749	1621.531250	15.611350
-23.547194	-20.613749	1619.923828	21.851194
-23.547194	-20.613749	1618.314453	21.846498
-23.547194	-20.613749	1616.707031	10.920901
-23.547194	-20.613749	1615.097656	18.717520
-23.547194	-20.613749	1613.488281	21.832413
-23.547194	-20.613749	1611.878906	14.032104
-23.547194	-20.613749	1610.267578	20.264236
-23.547194	-20.613749	1608.656250	21.818331
-23.547194	-20.613749	1607.046875	24.929873
-23.547194	-20.613749	1605.435547	31.155638
-23.547194	-20.613749	1603.824219	26.476595
-23.547194	-20.613749	1602.210938	26.470898
-23.547194	-20.613749	1600.599609	24.908424
-23.547194	-20.613749	1598.986328	15.564415
-23.547194	-20.613749	1597.373047	20.229383
-23.547194	-20.613749	1595.759766	18.669256
-23.547194	-20.613749	1594.146484	20.220675
-23.547194	-20.613749	1592.533203	17.106117
-23.547194	-20.613749	1590.917969	21.766733
-23.547194	-20.613749	1589.302734	18.653181
-23.547194	-20.613749	1587.687500	20.203259
-23.547194	-20.613749	1586.072266	24.860191
-23.547194	-20.613749	1584.457031	18.641127
-23.547194	-20.613749	1582.839844	20.190201
-23.547194	-20.613749	1581.224609	23.291365
-23.547194	-20.613749	1579.607422	23.286345
-23.547194	-20.613749	1577.990234	20.177147
-23.547194	-20.613749	1576.373047	20.172796
-23.547194	-20.613749	1574.755859	17.065609
-23.547194	-20.613749	1573.136719	23.266264
-23.547194	-20.613749	1571.517578	18.608997
-23.547194	-20.613749	1569.898438	17.054567
-23.547194	-20.613749	1568.279297	26.351370
-23.547194	-20.613749	1566.660156	20.146698
-23.547194	-20.613749	1565.041016	18.592939
-23.547194	-20.613749	1563.419922	23.236156
-23.547194	-20.613749	1561.798828	20.133654
-23.547194	-20.613749	1560.177734	17.032490
-23.547194	-20.613749	1558.556641	20.124960
-23.547194	-20.613749	1556.935547	29.407049
-23.547194	-20.613749	1555.312500	18.568861
-23.547194	-20.613749	1553.691406	12.376566
-23.547194	-20.613749	1552.068359	13.920629
-23.547194	-20.613749	1550.445313	17.010424
-23.547194	-20.613749	1548.822266	18.552816
-23.547194	-20.613749	1547.197266	23.186007
-23.547194	-20.613749	1545.574219	18.544794
-23.547194	-20.613749	1543.949219	18.540785
-23.547194	-20.613749	1542.324219	21.626236
-23.547194	-20.613749	1540.699219	21.621559
-23.547194	-20.613749	1539.072266	18.528755
-23.547194	-20.613749	1537.447266	24.699661
-23.547194	-20.613749	1535.820313	16.977343
-23.547194	-20.613749	1534.193359	21.602850
-23.547194	-20.613749	1532.566406	18.512720
-23.547194	-20.613749	1530.939453	24.678282
-23.547194	-20.613749	1529.312500	21.588821
-23.547194	-20.613749	1527.683594	15.417247
-23.547194	-20.613749	1526.056641	21.579470
-23.547194	-20.613749	1524.427734	21.574795
-23.547194	-20.613749	1522.798828	21.570120
-23.547194	-20.613749	1521.167969	27.727003
-23.547194	-20.613749	1519.539063	15.400552
-23.547194	-20.613749	1517.908203	18.476656
-23.547194	-20.613749	1516.277344	13.854487
-23.547194	-20.613749	1514.646484	21.546751
-23.547194	-20.613749	1513.015625	18.464640
-23.547194	-20.613749	1511.384766	16.922247
-23.547194	-20.613749	1509.751953	26.146891
-23.547194	-20.613749	1508.121094	23.065781
-23.547194	-20.613749	1506.488281	21.523390
-23.547194	-20.613749	1504.855469	21.518717
-23.547194	-20.613749	1503.220703	21.514046
-23.547194	-20.613749	1501.587891	26.118526
-23.547194	-20.613749	1499.953125	24.576805
-23.547194	-20.613749	1498.318359	19.964317
-23.547194	-20.613749	1496.683594	19.959980
-23.547194	-20.613749	1495.048828	16.885544
-23.547194	-20.613749	1493.414063	27.624887
-23.547194	-20.613749	1491.777344	15.343824
-23.547194	-20.613749	1490.140625	23.010733
-23.547194	-20.613749	1488.505859	19.938299
-23.547194	-20.613749	1486.867188	18.400583
-23.547194	-20.613749	1485.230469	22.995726
-23.547194	-20.613749	1483.593750	19.925295
-23.547194	-20.613749	1481.955078	19.920959
-23.547194	-20.613749	1480.316406	16.852530
-23.547194	-20.613749	1478.677734	21.444006
-23.547194	-20.613749	1477.039063	22.970720
-23.547194	-20.613749	1475.400391	21.434671
-23.547194	-20.613749	1473.759766	26.022148
-23.547194	-20.613749	1472.119141	19.894957
-23.547194	-20.613749	1470.478516	19.890623
-23.547194	-20.613749	1468.837891	24.475433
-23.547194	-20.613749	1467.197266	27.528864
-23.547194	-20.613749	1465.556641	22.935720
-23.547194	-20.613749	1463.914063	19.873291
-23.547194	-20.613749	1462.271484	13.755434
-23.547194	-20.613749	1460.628906	18.336580
-23.547194	-20.613749	1458.986328	13.749435
-23.547194	-20.613749	1457.343750	16.801201
-23.547194	-20.613749	1455.699219	22.905729
-23.547194	-20.613749	1454.054688	12.213724
-23.547194	-20.613749	1452.410156	25.948500
-23.547194	-20.613749	1450.765625	16.786541
-23.547194	-20.613749	1449.121094	16.782877
-23.547194	-20.613749	1447.474609	22.880745
-23.547194	-20.613749	1445.830078	27.450897
-23.547194	-20.613749	1444.183594	25.920185
-23.547194	-20.613749	1442.537109	21.341372
-23.547194	-20.613749	1440.890625	12.192405
-23.547194	-20.613749	1439.242188	19.808329
-23.547194	-20.613749	1437.595703	18.280615
-23.547194	-20.613749	1435.947266	22.845774
-23.547194	-20.613749	1434.298828	12.181748
-23.547194	-20.613749	1432.650391	19.791012
-23.547194	-20.613749	1431.000000	24.352840
-23.547194	-20.613749	1429.351563	18.260635
-23.547194	-20.613749	1427.701172	25.863573
-23.547194	-20.613749	1426.050781	19.773697
-23.547194	-20.613749	1424.400391	25.852253
-23.547194	-20.613749	1422.750000	19.765041
-23.547194	-20.613749	1421.097656	22.800823
-23.547194	-20.613749	1419.447266	18.236664
-23.547194	-20.613749	1417.794922	16.713280
-23.547194	-20.613749	1416.142578	18.228676
-23.547194	-20.613749	1414.490234	19.743404
-23.547194	-20.613749	1412.835938	25.812639
-23.547194	-20.613749	1411.183594	22.770866
-23.547194	-20.613749	1409.529297	18.212700
-23.547194	-20.613749	1407.875000	21.243490
-23.547194	-20.613749	1406.220703	15.170593
-23.547194	-20.613749	1404.566406	13.650538
-23.547194	-20.613749	1402.910156	19.713120
-23.547194	-20.613749	1401.255859	31.837280
-23.547194	-20.613749	1399.599609	24.251652
-23.547194	-20.613749	1397.943359	15.153955
-23.547194	-20.613749	1396.287109	21.210878
-23.547194	-20.613749	1394.628906	22.720951
-23.547194	-20.613749	1392.970703	15.143973
-23.547194	-20.613749	1391.314453	18.168776
-23.547194	-20.613749	1389.656250	15.137319
-23.547194	-20.613749	1387.998047	21.187590
-23.547194	-20.613749	1386.337891	18.156799
-23.547194	-20.613749	1384.679688	21.178274
-23.547194	-20.613749	1383.019531	21.173616
-23.547194	-20.613749	1381.359375	22.681028
-23.547194	-20.613749	1379.699219	22.676039
-23.547194	-20.613749	1378.039063	18.136841
-23.547194	-20.613749	1376.376953	18.132849
-23.547194	-20.613749	1374.716797	21.150333
-23.547194	-20.613749	1373.054688	28.697704
-23.547194	-20.613749	1371.392578	22.651094
-23.547194	-20.613749	1369.728516	16.607143
-23.547194	-20.613749	1368.066406	22.641117
-23.547194	-20.613749	1366.402344	21.127054
-23.547194	-20.613749	1364.740234	19.613655
-23.547194	-20.613749	1363.076172	19.609331
-23.547194	-20.613749	1361.412109	25.637320
-23.547194	-20.613749	1359.746094	25.631666
-23.547194	-20.613749	1358.082031	16.581539
-23.547194	-20.613749	1356.416016	28.634521
-23.547194	-20.613749	1354.750000	21.094465
-23.547194	-20.613749	1353.083984	19.583397
-23.547194	-20.613749	1351.417969	16.566908
-23.547194	-20.613749	1349.750000	18.069002
-23.547194	-20.613749	1348.083984	13.548759
-23.547194	-20.613749	1346.416016	24.081364
-23.547194	-20.613749	1344.748047	19.561787
-23.547194	-20.613749	1343.078125	13.539783
-23.547194	-20.613749	1341.410156	22.561317
-23.547194	-20.613749	1339.740234	22.556332
-23.547194	-20.613749	1338.072266	18.041077
-23.547194	-20.613749	1336.402344	22.546360
-23.547194	-20.613749	1334.730469	18.033098
-23.547194	-20.613749	1333.060547	22.536388
-23.547194	-20.613749	1331.388672	22.531403
-23.547194	-20.613749	1329.718750	19.522894
-23.547194	-20.613749	1328.046875	19.518574
-23.547194	-20.613749	1326.375000	24.017542
-23.547194	-20.613749	1324.701172	21.010696
-23.547194	-20.613749	1323.029297	19.505611
-23.547194	-20.613749	1321.355469	18.001192
-23.547194	-20.613749	1319.681641	22.496504
-23.547194	-20.613749	1318.007813	17.993216
-23.547194	-20.613749	1316.333984	19.488329
-23.547194	-20.613749	1314.660156	20.982780
-23.547194	-20.613749	1312.984375	22.476564
-23.547194	-20.613749	1311.308594	19.475370
-23.547194	-20.613749	1309.632813	20.968822
-23.547194	-20.613749	1307.957031	17.969290
-23.547194	-20.613749	1306.279297	25.450844
-23.547194	-20.613749	1304.603516	16.464539
-23.547194	-20.613749	1302.925781	19.453772
-23.547194	-20.613749	1301.248047	19.449451
-23.547194	-20.613749	1299.570313	20.940912
-23.547194	-20.613749	1297.892578	23.927155
-23.547194	-20.613749	1296.212891	25.416954
-23.547194	-20.613749	1294.533203	17.937391
-23.547194	-20.613749	1292.853516	26.900108
-23.547194	-20.613749	1291.173828	17.929419
-23.547194	-20.613749	1289.494141	20.913004
-23.547194	-20.613749	1287.812500	16.427992
-23.547194	-20.613749	1286.132813	26.876188
-23.547194	-20.613749	1284.451172	20.899052
-23.547194	-20.613749	1282.769531	16.417028
-23.547194	-20.613749	1281.085938	26.858250
-23.547194	-20.613749	1279.404297	23.868685
-23.547194	-20.613749	1277.720703	11.931684
-23.547194	-20.613749	1276.039063	22.366926
-23.547194	-20.613749	1274.355469	22.361944
-23.547194	-20.613749	1272.669922	17.885569
-23.547194	-20.613749	1270.986328	19.371716
-23.547194	-20.613749	1269.300781	19.367397
-23.547194	-20.613749	1267.615234	20.852547
-23.547194	-20.613749	1265.929688	23.826168
-23.547194	-20.613749	1264.244141	17.865641
-23.547194	-20.613749	1262.558594	17.861654
-23.547194	-20.613749	1260.871094	17.857668
-23.547194	-20.613749	1259.185547	22.317104
-23.547194	-20.613749	1257.498047	19.337172
-23.547194	-20.613749	1255.808594	13.384284
-23.547194	-20.613749	1254.121094	11.894485
-23.547194	-20.613749	1252.433594	29.729568
-23.547194	-20.613749	1250.744141	17.833755
-23.547194	-20.613749	1249.054688	19.315586
-23.547194	-20.613749	1247.365234	17.825787
-23.547194	-20.613749	1245.673828	31.188152
-23.547194	-20.613749	1243.984375	16.332998
-23.547194	-20.613749	1242.292969	26.720747
-23.547194	-20.613749	1240.601563	19.294001
-23.547194	-20.613749	1238.910156	17.805862
-23.547194	-20.613749	1237.218750	14.834897
-23.547194	-20.613749	1235.525391	26.696838
-23.547194	-20.613749	1233.833984	23.725210
-23.547194	-20.613749	1232.140625	23.719896
-23.547194	-20.613749	1230.447266	17.785938
-23.547194	-20.613749	1228.753906	19.263783
-23.547194	-20.613749	1227.058594	8.888985
-23.547194	-20.613749	1225.365234	19.255150
-23.547194	-20.613749	1223.669922	16.289167
-23.547194	-20.613749	1221.974609	17.766016
-23.547194	-20.613749	1220.277344	19.242201
-23.547194	-20.613749	1218.582031	22.197559
-23.547194	-20.613749	1216.884766	17.754065
-23.547194	-20.613749	1215.189453	13.312560
-23.547194	-20.613749	1213.492188	23.661461
-23.547194	-20.613749	1211.792969	22.177639
-23.547194	-20.613749	1210.095703	20.694483
-23.547194	-20.613749	1208.396484	20.689835
-23.547194	-20.613749	1206.699219	19.207674
-23.547194	-20.613749	1205.000000	16.248995
-23.547194	-20.613749	1203.298828	20.675892
-23.547194	-20.613749	1201.599609	17.718208
-23.547194	-20.613749	1199.900391	23.618967
-23.547194	-20.613749	1198.199219	17.710241
-23.547194	-20.613749	1196.498047	11.804173
-23.547194	-20.613749	1194.796875	25.078222
-23.547194	-20.613749	1193.093750	29.497152
-23.547194	-20.613749	1191.392578	28.015987
-23.547194	-20.613749	1189.689453	28.009680
-23.547194	-20.613749	1187.986328	22.107927
-23.547194	-20.613749	1186.283203	17.682358
-23.547194	-20.613749	1184.580078	30.937157
-23.547194	-20.613749	1182.875000	13.255794
-23.547194	-20.613749	1181.169922	19.142942
-23.547194	-20.613749	1179.464844	23.555235
-23.547194	-20.613749	1177.759766	22.078053
-23.547194	-20.613749	1176.054688	19.129997
-23.547194	-20.613749	1174.347656	22.068096
-23.547194	-20.613749	1172.642578	20.592243
-23.547194	-20.613749	1170.935547	29.410852
-23.547194	-20.613749	1169.228516	16.172318
-23.547194	-20.613749	1167.519531	20.578302
-23.547194	-20.613749	1165.812500	22.043203
-23.547194	-20.613749	1164.103516	20.569010
-23.547194	-20.613749	1162.394531	22.033247
-23.547194	-20.613749	1160.685547	17.622616
-23.547194	-20.613749	1158.976563	20.555071
-23.547194	-20.613749	1157.265625	27.889862
-23.547194	-20.613749	1155.556641	14.675556
-23.547194	-20.613749	1153.845703	17.606686
-23.547194	-20.613749	1152.134766	11.735135
-23.547194	-20.613749	1150.423828	19.065281
-23.547194	-20.613749	1148.710938	26.392109
-23.547194	-20.613749	1146.998047	27.852032
-23.547194	-20.613749	1145.287109	23.449032
-23.547194	-20.613749	1143.572266	21.978491
-23.547194	-20.613749	1141.859375	24.903315
-23.547194	-20.613749	1140.146484	21.968536
-23.547194	-20.613749	1138.431641	16.106609
-23.547194	-20.613749	1136.716797	24.886393
-23.547194	-20.613749	1135.001953	14.635736
-23.547194	-20.613749	1133.287109	14.632418
-23.547194	-20.613749	1131.570313	19.017830
-23.547194	-20.613749	1129.855469	14.625781
-23.547194	-20.613749	1128.138672	23.395941
-23.547194	-20.613749	1126.421875	16.081060
-23.547194	-20.613749	1124.703125	16.077410
-23.547194	-20.613749	1122.986328	18.996264
-23.547194	-20.613749	1121.267578	23.374706
-23.547194	-20.613749	1119.548828	16.066462
-23.547194	-20.613749	1117.830078	17.523067
-23.547194	-20.613749	1116.111328	21.898857
-23.547194	-20.613749	1114.392578	23.353474
-23.547194	-20.613749	1112.671875	21.888905
-23.547194	-20.613749	1110.951172	21.883928
-23.547194	-20.613749	1109.230469	18.961758
-23.547194	-20.613749	1107.509766	16.040916
-23.547194	-20.613749	1105.787109	23.326933
-23.547194	-20.613749	1104.066406	16.033617
-23.547194	-20.613749	1102.343750	21.859047
-23.547194	-20.613749	1100.621094	18.940195
-23.547194	-20.613749	1098.896484	20.392488
-23.547194	-20.613749	1097.173828	14.562746
-23.547194	-20.613749	1095.449219	27.662916
-23.547194	-20.613749	1093.724609	23.289780
-23.547194	-20.613749	1092.000000	14.552795
-23.547194	-20.613749	1090.275391	11.639583
-23.547194	-20.613749	1088.550781	21.819241
-23.547194	-20.613749	1086.824219	20.359982
-23.547194	-20.613749	1085.097656	21.809290
-23.547194	-20.613749	1083.371094	17.443453
-23.547194	-20.613749	1081.644531	14.532893
-23.547194	-20.613749	1079.916016	15.982534
-23.547194	-20.613749	1078.189453	17.431511
-23.547194	-20.613749	1076.460938	21.784414
-23.547194	-20.613749	1074.732422	24.683365
-23.547194	-20.613749	1073.001953	23.226095
-23.547194	-20.613749	1071.273438	20.318190
-23.547194	-20.613749	1069.542969	23.215483
-23.547194	-20.613749	1067.812500	17.407633
-23.547194	-20.613749	1066.082031	18.853956
-23.547194	-20.613749	1064.351563	26.099510
-23.547194	-20.613749	1062.619141	14.496411
-23.547194	-20.613749	1060.888672	15.942405
-23.547194	-20.613749	1059.156250	18.836712
-23.547194	-20.613749	1057.421875	21.729694
-23.547194	-20.613749	1055.689453	17.379776
-23.547194	-20.613749	1053.957031	15.927814
-23.547194	-20.613749	1052.222656	11.581212
-23.547194	-20.613749	1050.488281	24.604437
-23.547194	-20.613749	1048.753906	24.598801
-23.547194	-20.613749	1047.019531	20.253193
-23.547194	-20.613749	1045.283203	28.926502
-23.547194	-20.613749	1043.546875	30.365864
-23.547194	-20.613749	1041.810547	18.793606
-23.547194	-20.613749	1040.074219	26.015947
-23.547194	-20.613749	1038.337891	23.119982
-23.547194	-20.613749	1036.599609	23.114677
-23.547194	-20.613749	1034.861328	24.553707
-23.547194	-20.613749	1033.123047	21.660063
-23.547194	-20.613749	1031.384766	20.211418
-23.547194	-20.613749	1029.646484	25.980141
-23.547194	-20.613749	1027.906250	25.974174
-23.547194	-20.613749	1026.167969	30.296242
-23.547194	-20.613749	1024.427734	28.846933
-23.547194	-20.613749	1022.685547	21.630226
-23.547194	-20.613749	1020.945313	25.950306
-23.547194	-20.613749	1019.203125	23.061634
-23.547194	-20.613749	1017.462891	27.379393
-23.547194	-20.613749	1015.720703	20.169649
-23.547194	-20.613749	1013.976563	23.045723
-23.547194	-20.613749	1012.234375	24.480446
-23.547194	-20.613749	1010.490234	25.914507
-23.547194	-20.613749	1008.746094	23.029814
-23.547194	-20.613749	1007.001953	25.902575
-23.547194	-20.613749	1005.257813	20.141808
-23.547194	-20.613749	1003.513672	28.767382
-23.547194	-20.613749	1001.767578	34.512901
-23.547194	-20.613749	1000.021484	35.942654
-23.547194	-20.613749	998.275391	30.184870
-23.547194	-20.613749	996.529297	37.363129
-23.547194	-20.613749	994.781250	35.917801
-23.547194	-20.613749	993.035156	28.727612
-23.547194	-20.613749	991.287109	34.465183
-23.547194	-20.613749	989.539063	43.071537
-23.547194	-20.613749	987.789063	38.755436
-23.547194	-20.613749	986.041016	37.311432
-23.547194	-20.613749	984.291016	38.737541
-23.547194	-20.613749	982.541016	38.728596
-23.547194	-20.613749	980.791016	31.549345
-23.547194	-20.613749	979.041016	34.409515
-23.547194	-20.613749	977.289063	53.035744
-23.547194	-20.613749	975.537109	41.558949
-23.547194	-20.613749	973.785156	40.116604
-23.547194	-20.613749	972.033203	37.242519
-23.547194	-20.613749	970.281250	31.505611
-23.547194	-20.613749	968.527344	44.384003
-23.547194	-20.613749	966.773438	40.079498
-23.547194	-20.613749	965.019531	41.501305
-23.547194	-20.613749	963.265625	42.922443
-23.547194	-20.613749	961.511719	37.190842
-23.547194	-20.613749	959.755859	38.612312
-23.547194	-20.613749	958.000000	34.314106
-23.547194	-20.613749	956.244141	48.600391
-23.547194	-20.613749	954.488281	32.869118
-23.547194	-20.613749	952.730469	32.861500
-23.547194	-20.613749	950.974609	44.281319
-23.547194	-20.613749	949.216797	35.702461
-23.547194	-20.613749	947.458984	38.549717
-23.547194	-20.613749	945.701172	34.258465
-23.547194	-20.613749	943.941406	38.531834
-23.547194	-20.613749	942.181641	48.510307
-23.547194	-20.613749	940.421875	42.793278
-23.547194	-20.613749	938.662109	41.357235
-23.547194	-20.613749	936.902344	31.367168
-23.547194	-20.613749	935.140625	31.359884
-23.547194	-20.613749	933.380859	32.777718
-23.547194	-20.613749	931.619141	27.070953
-23.547194	-20.613749	929.855469	21.366840
-23.547194	-20.613749	928.093750	22.785999
-23.547194	-20.613749	926.330078	19.933113
-23.547194	-20.613749	924.568359	29.892719
-23.547194	-20.613749	922.804688	22.770107
-23.547194	-20.613749	921.039063	29.878815
-23.547194	-20.613749	919.275391	22.759516
-23.547194	-20.613749	917.509766	29.864912
-23.547194	-20.613749	915.744141	25.592539
-23.547194	-20.613749	913.978516	22.743628
-23.547194	-20.613749	912.212891	27.001768
-23.547194	-20.613749	910.447266	31.257923
-23.547194	-20.613749	908.679688	32.671127
-23.547194	-20.613749	906.912109	25.562752
-23.547194	-20.613749	905.144531	29.816259
-23.547194	-20.613749	903.375000	28.389820
-23.547194	-20.613749	901.607422	22.706560
-23.547194	-20.613749	899.837891	29.795412
-23.547194	-20.613749	898.068359	18.440477
-23.547194	-20.613749	896.298828	28.363348
-23.547194	-20.613749	894.529297	24.103220
-23.547194	-20.613749	892.757813	21.262585
-23.547194	-20.613749	890.986328	25.509146
-23.547194	-20.613749	889.214844	21.252659
-23.547194	-20.613749	887.443359	21.247698
-23.547194	-20.613749	885.669922	26.907465
-23.547194	-20.613749	883.898438	19.821922
-23.547194	-20.613749	882.125000	25.479374
-23.547194	-20.613749	880.351563	25.473419
-23.547194	-20.613749	878.578125	21.222889
-23.547194	-20.613749	876.802734	21.217928
-23.547194	-20.613749	875.027344	25.455559
-23.547194	-20.613749	873.251953	29.691208
-23.547194	-20.613749	871.476563	21.203045
-23.547194	-20.613749	869.701172	16.958467
-23.547194	-20.613749	867.923828	21.193125
-23.547194	-20.613749	866.146484	25.425797
-23.547194	-20.613749	864.369141	22.595417
-23.547194	-20.613749	862.591797	32.473309
-23.547194	-20.613749	860.814453	26.819494
-23.547194	-20.613749	859.035156	31.046879
-23.547194	-20.613749	857.255859	22.574259
-23.547194	-20.613749	855.476563	19.747849
-23.547194	-20.613749	853.697266	19.743219
-23.547194	-20.613749	851.916016	25.378189
-23.547194	-20.613749	850.136719	23.962671
-23.547194	-20.613749	848.355469	26.775528
-23.547194	-20.613749	846.574219	29.587065
-23.547194	-20.613749	844.791016	22.537237
-23.547194	-20.613749	843.009766	18.307209
-23.547194	-20.613749	841.226563	26.750412
-23.547194	-20.613749	839.443359	29.559305
-23.547194	-20.613749	837.660156	23.923344
-23.547194	-20.613749	835.875000	19.696951
-23.547194	-20.613749	834.091797	25.318703
-23.547194	-20.613749	832.306641	22.500229
-23.547194	-20.613749	830.521484	19.683075
-23.547194	-20.613749	828.734375	25.300863
-23.547194	-20.613749	826.949219	18.268551
-23.547194	-20.613749	825.162109	23.884027
-23.547194	-20.613749	823.375000	19.664576
-23.547194	-20.613749	821.587891	28.085644
-23.547194	-20.613749	819.800781	26.675087
-23.547194	-20.613749	818.011719	25.265190
-23.547194	-20.613749	816.222656	32.275703
-23.547194	-20.613749	814.433594	25.253302
-23.547194	-20.613749	812.644531	23.844727
-23.547194	-20.613749	810.855469	23.839113
-23.547194	-20.613749	809.064453	19.627588
-23.547194	-20.613749	807.273438	25.229527
-23.547194	-20.613749	805.482422	16.815723
-23.547194	-20.613749	803.691406	21.014702
-23.547194	-20.613749	801.898438	16.807800
-23.547194	-20.613749	800.107422	21.004799
-23.547194	-20.613749	798.314453	23.799828
-23.547194	-20.613749	796.521484	23.794216
-23.547194	-20.613749	794.726563	18.191286
-23.547194	-20.613749	792.933594	19.585997
-23.547194	-20.613749	791.138672	11.189358
-23.547194	-20.613749	789.343750	16.780077
-23.547194	-20.613749	787.546875	26.562185
-23.547194	-20.613749	785.751953	29.351276
-23.547194	-20.613749	783.955078	19.562899
-23.547194	-20.613749	782.158203	22.352320
-23.547194	-20.613749	780.361328	25.140421
-23.547194	-20.613749	778.564453	27.927204
-23.547194	-20.613749	776.765625	19.544424
-23.547194	-20.613749	774.968750	27.914009
-23.547194	-20.613749	773.169922	23.721302
-23.547194	-20.613749	771.369141	23.715694
-23.547194	-20.613749	769.570313	26.499512
-23.547194	-20.613749	767.769531	26.493246
-23.547194	-20.613749	765.970703	26.486980
-23.547194	-20.613749	764.167969	19.512106
-23.547194	-20.613749	762.367188	22.294275
-23.547194	-20.613749	760.566406	26.468187
-23.547194	-20.613749	758.763672	37.603786
-23.547194	-20.613749	756.960938	33.417679
-23.547194	-20.613749	755.158203	32.017693
-23.547194	-20.613749	753.353516	23.659649
-23.547194	-20.613749	751.550781	25.045460
-23.547194	-20.613749	749.746094	34.777122
-23.547194	-20.613749	747.941406	26.424353
-23.547194	-20.613749	746.136719	29.198942
-23.547194	-20.613749	744.330078	31.972218
-23.547194	-20.613749	742.523438	27.795338
-23.547194	-20.613749	740.718750	22.230999
-23.547194	-20.613749	738.910156	20.836620
-23.547194	-20.613749	737.103516	24.998016
-23.547194	-20.613749	735.294922	29.157434
-23.547194	-20.613749	733.488281	26.374279
-23.547194	-20.613749	731.679688	22.204649
-23.547194	-20.613749	729.869141	16.649536
-23.547194	-20.613749	728.060547	19.419847
-23.547194	-20.613749	726.250000	16.641634
-23.547194	-20.613749	724.439453	22.183577
-23.547194	-20.613749	722.628906	19.406021
-23.547194	-20.613749	720.818359	29.102118
-23.547194	-20.613749	719.005859	20.782290
-23.547194	-20.613749	717.195313	26.317980
-23.547194	-20.613749	715.382813	22.157244
-23.547194	-20.613749	713.568359	23.536476
-23.547194	-20.613749	711.755859	26.299221
-23.547194	-20.613749	709.941406	16.606087
-23.547194	-20.613749	708.126953	23.519695
-23.547194	-20.613749	706.312500	26.280468
-23.547194	-20.613749	704.498047	24.891363
-23.547194	-20.613749	702.681641	24.885443
-23.547194	-20.613749	700.867188	23.497326
-23.547194	-20.613749	699.050781	24.873602
-23.547194	-20.613749	697.232422	17.959993
-23.547194	-20.613749	695.416016	24.861763
-23.547194	-20.613749	693.597656	17.951443
-23.547194	-20.613749	691.779297	28.991581
-23.547194	-20.613749	689.960938	23.463787
-23.547194	-20.613749	688.142578	19.318516
-23.547194	-20.613749	686.324219	20.693480
-23.547194	-20.613749	684.503906	13.792366
-23.547194	-20.613749	682.683594	19.304710
-23.547194	-20.613749	680.863281	27.571587
-23.547194	-20.613749	679.041016	20.673761
-23.547194	-20.613749	677.218750	23.424677
-23.547194	-20.613749	675.398438	24.796684
-23.547194	-20.613749	673.576172	24.790771
-23.547194	-20.613749	671.751953	23.407923
-23.547194	-20.613749	669.929688	24.778946
-23.547194	-20.613749	668.105469	22.020475
-23.547194	-20.613749	666.281250	26.143074
-23.547194	-20.613749	664.457031	20.634344
-23.547194	-20.613749	662.630859	22.004713
-23.547194	-20.613749	660.806641	28.874290
-23.547194	-20.613749	658.980469	27.492760
-23.547194	-20.613749	657.154297	31.609123
-23.547194	-20.613749	655.326172	32.975555
-23.547194	-20.613749	653.500000	34.341331
-23.547194	-20.613749	651.671875	31.586477
-23.547194	-20.613749	649.843750	28.832937
-23.547194	-20.613749	648.015625	35.689392
-23.547194	-20.613749	646.185547	31.563837
-23.547194	-20.613749	644.357422	27.440254
-23.547194	-20.613749	642.527344	28.805380
-23.547194	-20.613749	640.697266	32.912563
-23.547194	-20.613749	638.865234	34.275719
-23.547194	-20.613749	637.035156	35.638222
-23.547194	-20.613749	635.203125	28.777832
-23.547194	-20.613749	633.371094	32.881081
-23.547194	-20.613749	631.539063	24.654911
-23.547194	-20.613749	629.705078	39.712296
-23.547194	-20.613749	627.873047	27.381233
-23.547194	-20.613749	626.039063	31.480881
-23.547194	-20.613749	624.203125	36.946968
-23.547194	-20.613749	622.369141	36.938122
-23.547194	-20.613749	620.535156	31.458271
-23.547194	-20.613749	618.699219	38.287853
-23.547194	-20.613749	616.863281	35.544491
-23.547194	-20.613749	615.025391	28.702133
-23.547194	-20.613749	613.189453	32.794579
-23.547194	-20.613749	611.351563	36.885059
-23.547194	-20.613749	609.513672	36.876217
-23.547194	-20.613749	607.675781	40.963753
-23.547194	-20.613749	605.837891	30.032883
-23.547194	-20.613749	603.998047	30.025682
-23.547194	-20.613749	602.158203	30.018482
-23.547194	-20.613749	600.318359	34.103729
-23.547194	-20.613749	598.478516	42.278481
-23.547194	-20.613749	596.636719	28.633389
-23.547194	-20.613749	594.796875	25.900185
-23.547194	-20.613749	592.955078	23.168287
-23.547194	-20.613749	591.111328	29.975294
-23.547194	-20.613749	589.269531	25.881540
-23.547194	-20.613749	587.425781	28.599045
-23.547194	-20.613749	585.583984	25.869114
-23.547194	-20.613749	583.738281	23.140491
-23.547194	-20.613749	581.894531	29.939325
-23.547194	-20.613749	580.050781	31.292686
-23.547194	-20.613749	578.205078	24.484045
-23.547194	-20.613749	576.359375	27.197960
-23.547194	-20.613749	574.513672	28.550995
-23.547194	-20.613749	572.666016	21.747911
-23.547194	-20.613749	570.818359	24.460520
-23.547194	-20.613749	568.970703	29.889006
-23.547194	-20.613749	567.123047	24.448761
-23.547194	-20.613749	565.275391	29.874636
-23.547194	-20.613749	563.425781	29.867453
-23.547194	-20.613749	561.576172	24.431129
-23.547194	-20.613749	559.726563	28.496128
-23.547194	-20.613749	557.876953	24.419378
-23.547194	-20.613749	556.027344	24.413504
-23.547194	-20.613749	554.175781	29.831547
-23.547194	-20.613749	552.324219	31.180021
-23.547194	-20.613749	550.472656	32.527843
-23.547194	-20.613749	548.619141	33.875015
-23.547194	-20.613749	546.767578	28.448162
-23.547194	-20.613749	544.914063	29.795662
-23.547194	-20.613749	543.060547	27.080444
-23.547194	-20.613749	541.205078	27.073923
-23.547194	-20.613749	539.351563	33.834251
-23.547194	-20.613749	537.496094	33.826103
-23.547194	-20.613749	535.640625	37.876110
-23.547194	-20.613749	533.785156	48.686123
-23.547194	-20.613749	531.927734	51.378525
-23.547194	-20.613749	530.070313	60.828331
-23.547194	-20.613749	528.212891	78.382065
-23.547194	-20.613749	526.355469	121.598030
-23.547194	-20.613749	524.498047	195.860718
-23.547194	-20.613749	522.638672	386.225250
-23.547194	-20.613749	520.779297	610.250732
-23.547194	-20.613749	518.919922	481.873871
-23.547194	-20.613749	517.060547	242.903030
-23.547194	-20.613749	515.199219	155.150620
-23.547194	-20.613749	513.339844	89.021484
-23.547194	-20.613749	511.478516	72.818192
-23.547194	-20.613749	509.615234	67.407982
-23.547194	-20.613749	507.753906	64.696053
-23.547194	-20.613749	505.890625	56.595383
-23.547194	-20.613749	504.027344	60.623276
-23.547194	-20.613749	502.164063	51.180634
-23.547194	-20.613749	500.300781	57.900948
-23.547194	-20.613749	498.435547	64.618011
-23.547194	-20.613749	496.570313	78.061249
-23.547194	-20.613749	494.705078	61.895699
-23.547194	-20.613749	492.839844	57.845051
-23.547194	-20.613749	490.972656	72.625076
-23.547194	-20.613749	489.107422	45.715855
-23.547194	-20.613749	487.240234	59.147408
-23.547194	-20.613749	485.371094	45.693771
-23.547194	-20.613749	483.503906	44.339123
-23.547194	-20.613749	481.634766	51.044838
-23.547194	-20.613749	479.765625	51.032501
-23.547194	-20.613749	477.896484	45.649624
-23.547194	-20.613749	476.027344	37.584724
-23.547194	-20.613749	474.156250	36.233650
-23.547194	-20.613749	472.285156	33.541565
-23.547194	-20.613749	470.414063	33.533459
-23.547194	-20.613749	468.542969	36.207378
-23.547194	-20.613749	466.669922	38.880005
-23.547194	-20.613749	464.796875	38.870602
-23.547194	-20.613749	462.923828	33.501034
-23.547194	-20.613749	461.050781	41.531235
-23.547194	-20.613749	459.177734	37.503010
-23.547194	-20.613749	457.302734	29.459522
-23.547194	-20.613749	455.427734	33.468632
-23.547194	-20.613749	453.552734	29.445271
-23.547194	-20.613749	451.675781	34.790535
-23.547194	-20.613749	449.800781	33.444344
-23.547194	-20.613749	447.923828	30.761349
-23.547194	-20.613749	446.046875	24.068272
-23.547194	-20.613749	444.169922	29.409657
-23.547194	-20.613749	442.291016	24.056622
-23.547194	-20.613749	440.412109	28.059265
-23.547194	-20.613749	438.533203	30.724134
-23.547194	-20.613749	436.654297	28.045679
-23.547194	-20.613749	434.773438	29.374073
-23.547194	-20.613749	432.894531	21.357788
-23.547194	-20.613749	431.013672	22.687155
-23.547194	-20.613749	429.130859	25.350090
-23.547194	-20.613749	427.250000	30.679518
-23.547194	-20.613749	425.367188	21.337105
-23.547194	-20.613749	423.484375	23.998426
-23.547194	-20.613749	421.601563	21.326767
-23.547194	-20.613749	419.718750	34.647598
-23.547194	-20.613749	417.833984	22.648710
-23.547194	-20.613749	415.949219	26.639084
-23.547194	-20.613749	414.064453	29.295891
-23.547194	-20.613749	412.179688	25.294865
-23.547194	-20.613749	410.294922	31.943665
-23.547194	-20.613749	408.408203	38.589237
-23.547194	-20.613749	406.521484	30.597837
-23.547194	-20.613749	404.634766	30.590420
-23.547194	-20.613749	402.746094	42.550266
-23.547194	-20.613749	400.857422	63.809925
-23.547194	-20.613749	398.968750	91.704521
-23.547194	-20.613749	397.080078	86.367371
-23.547194	-20.613749	395.191406	77.047585
-23.547194	-20.613749	393.300781	73.044640
-23.547194	-20.613749	391.410156	67.715874
-23.547194	-20.613749	389.519531	66.372009
-23.547194	-20.613749	387.628906	65.028793
-23.547194	-20.613749	385.736328	57.052242
-23.547194	-20.613749	383.843750	55.711926
-23.547194	-20.613749	381.951172	53.046104
-23.547194	-20.613749	380.058594	49.055740
-23.547194	-20.613749	378.164063	55.671383
-23.547194	-20.613749	376.271484	74.210503
-23.547194	-20.613749	374.376953	84.791420
-23.547194	-20.613749	372.480469	63.578133
-23.547194	-20.613749	370.585938	58.265808
-23.547194	-20.613749	368.689453	41.040947
-23.547194	-20.613749	366.792969	42.354565
-23.547194	-20.613749	364.896484	44.990803
-23.547194	-20.613749	363.000000	51.594570
-23.547194	-20.613749	361.101563	60.840363
-23.547194	-20.613749	359.203125	51.569523
-23.547194	-20.613749	357.304688	43.625156
-23.547194	-20.613749	355.406250	47.579525
-23.547194	-20.613749	353.505859	68.709290
-23.547194	-20.613749	351.605469	64.729576
-23.547194	-20.613749	349.705078	68.675926
-23.547194	-20.613749	347.804688	46.212959
-23.547194	-20.613749	345.902344	39.601486
-23.547194	-20.613749	344.001953	39.591869
-23.547194	-20.613749	342.099609	46.179295
-23.547194	-20.613749	340.195313	44.848991
-23.547194	-20.613749	338.292969	46.156864
-23.547194	-20.613749	336.388672	36.916523
-23.547194	-20.613749	334.484375	38.225681
-23.547194	-20.613749	332.580078	43.487625
-23.547194	-20.613749	330.675781	50.064495
-23.547194	-20.613749	328.769531	48.735165
-23.547194	-20.613749	326.863281	31.604319
-23.547194	-20.613749	324.957031	40.812328
-23.547194	-20.613749	323.048828	31.588963
-23.547194	-20.613749	321.142578	27.633627
-23.547194	-20.613749	319.234375	31.573614
-23.547194	-20.613749	317.326172	28.935448
-23.547194	-20.613749	315.417969	36.817982
-23.547194	-20.613749	313.507813	31.550602
-23.547194	-20.613749	311.597656	28.914358
-23.547194	-20.613749	309.687500	34.163208
-23.547194	-20.613749	307.777344	28.900305
-23.547194	-20.613749	305.865234	44.653255
-23.547194	-20.613749	303.955078	30.199272
-23.547194	-20.613749	302.042969	26.253853
-23.547194	-20.613749	300.128906	28.872219
-23.547194	-20.613749	298.216797	32.801365
-23.547194	-20.613749	296.302734	35.416866
-23.547194	-20.613749	294.388672	34.096840
-23.547194	-20.613749	292.474609	35.399651
-23.547194	-20.613749	290.560547	31.458706
-23.547194	-20.613749	288.644531	58.970734
-23.547194	-20.613749	286.728516	53.715832
-23.547194	-20.613749	284.812500	57.632244
-23.547194	-20.613749	282.896484	56.308727
-23.547194	-20.613749	280.978516	58.913414
-23.547194	-20.613749	279.060547	54.972485
-23.547194	-20.613749	277.142578	60.193321
-23.547194	-20.613749	275.224609	66.719849
-23.547194	-20.613749	273.304688	78.474861
-23.547194	-20.613749	271.384766	66.687416
-23.547194	-20.613749	269.464844	91.509491
-23.547194	-20.613749	267.544922	104.556847
-23.547194	-20.613749	265.623047	117.597855
-23.547194	-20.613749	263.703125	201.174072
-23.547194	-20.613749	261.781250	312.135803
-23.547194	-20.613749	259.857422	287.251801
-23.547194	-20.613749	257.935547	271.517487
-23.547194	-20.613749	256.011719	240.130142
-23.547194	-20.613749	254.087891	254.423874
-23.547194	-20.613749	252.164063	540.030151
-23.547194	-20.613749	250.240234	1883.125366
-23.547194	-20.613749	248.314453	1911.350830
-23.547194	-20.613749	246.388672	800.330200
-23.547194	-20.613749	244.462891	381.823669
-23.547194	-20.613749	242.535156	246.235931
-23.547194	-20.613749	240.609375	199.285370
-23.547194	-20.613749	238.681641	182.308289
-23.547194	-20.613749	236.753906	152.320602
-23.547194	-20.613749	234.824219	111.934929
-23.547194	-20.613749	232.896484	96.292686
-23.547194	-20.613749	230.966797	93.667397
-23.547194	-20.613749	229.037109	85.840904
-23.547194	-20.613749	227.107422	89.720947
-23.547194	-20.613749	225.175781	74.099281
-23.547194	-20.613749	223.244141	92.276665
-23.547194	-20.613749	221.312500	75.362610
-23.547194	-20.613749	219.380859	83.138527
-23.547194	-20.613749	217.447266	84.417038
-23.547194	-20.613749	215.515625	80.501289
-23.547194	-20.613749	213.582031	67.500793
-23.547194	-20.613749	211.646484	55.804394
-23.547194	-20.613749	209.712891	58.385750
-23.547194	-20.613749	207.777344	55.777267
-23.547194	-20.613749	205.841797	51.873215
-23.547194	-20.613749	203.906250	46.674545
-23.547194	-20.613749	201.968750	36.293598
-23.547194	-20.613749	200.033203	36.284775
-23.547194	-20.613749	198.095703	33.684814
-23.547194	-20.613749	196.158203	37.562393
-23.547194	-20.613749	194.218750	31.078562
-23.547194	-20.613749	192.281250	25.892508
-23.547194	-20.613749	190.341797	25.886213
-23.547194	-20.613749	188.402344	19.409941
-23.547194	-20.613749	186.460938	27.167313
-23.547194	-20.613749	184.521484	23.280609
-23.547194	-20.613749	182.580078	25.861057
-23.547194	-20.613749	180.638672	25.854771
-23.547194	-20.613749	178.695313	18.093943
-23.547194	-20.613749	176.753906	21.965876
-23.547194	-20.613749	174.810547	19.376945
-23.547194	-20.613749	172.867188	23.246683
-23.547194	-20.613749	170.921875	25.823372
-23.547194	-20.613749	168.978516	25.817099
-23.547194	-20.613749	167.033203	25.810825
-23.547194	-20.613749	165.087891	27.094782
-23.547194	-20.613749	163.142578	27.088200
-23.547194	-20.613749	161.195313	27.081617
-23.547194	-20.613749	159.248047	29.653614
-23.547194	-20.613749	157.300781	29.646410
-23.547194	-20.613749	155.353516	30.927870
-23.547194	-20.613749	153.406250	34.785404
-23.547194	-20.613749	151.457031	32.200882
-23.547194	-20.613749	149.507813	36.056229
-23.547194	-20.613749	147.558594	41.197113
-23.547194	-20.613749	145.607422	43.761299
-23.547194	-20.613749	143.658203	46.324242
-23.547194	-20.613749	141.707031	55.318298
-23.547194	-20.613749	139.753906	72.024940
-23.547194	-20.613749	137.802734	74.579147
-23.547194	-20.613749	135.849609	64.276756
-23.547194	-20.613749	133.896484	61.690704
-23.547194	-20.613749	131.943359	47.541706
-23.547194	-20.613749	129.990234	59.091557
-23.547194	-20.613749	128.035156	52.655777
-23.547194	-20.613749	126.080078	52.642994
-23.547194	-20.613749	124.125000	50.062889
-23.547194	-20.613749	122.169922	52.617443
-23.547194	-20.613749	120.212891	50.038593
-23.547194	-20.613749	118.255859	56.440098
-23.547194	-20.613749	116.298828	46.167053
-23.547194	-20.613749	114.341797	51.284279
-23.547194	-20.613749	112.382813	42.299267
-23.547194	-20.613749	110.423828	43.570488
-23.547194	-20.613749	108.464844	26.904655
-23.547194	-20.613749	106.505859	24.336403
-23.547194	-20.613749	104.544922	23.049946
-23.547194	-20.613749	102.585938	16.643147
-23.547194	-20.613749	100.625000	7.679589
-23.547194	-20.613749	98.662109	3.838863
-23.547194	-20.613749	96.701172	3.837932
-23.547194	-20.613749	94.738281	3.837002
-23.547194	-20.613749	92.775391	2.557381
-23.547194	-20.613749	90.812500	0.000000
-23.547194	-20.613749	88.847656	-1.278070
-23.547194	-20.613749	86.882813	0.000000
-23.547194	-20.613749	84.917969	-1.277451
-23.547194	-20.613749	82.953125	0.000000
-23.547194	-20.613749	80.988281	1.276832
-23.547194	-20.613749	79.021484	0.000000
-23.547194	-20.613749	77.054688	-1.276213
-23.547194	-20.613749	75.087891	0.000000
-23.547194	-20.613749	73.119141	2.551189
-23.547194	-20.613749	71.152344	1.275286
-23.547194	-20.613749	69.183594	0.000000
-23.547194	-20.613749	67.212891	0.000000
-23.547194	-20.613749	65.244141	0.000000
-23.547194	-20.613749	63.273438	1.274051
-23.547194	-20.613749	61.302734	-1.273742
-23.547194	-20.613749	59.332031	0.000000
-32.547194	-17.613749	1838.626953	12.857189
-32.547194	-17.613749	1837.066406	14.464337
-32.547194	-17.613749	1835.503906	11.247646
-32.547194	-17.613749	1833.941406	12.851718
-32.547194	-17.613749	1832.378906	8.030614
-32.547194	-17.613749	1830.816406	14.452029
-32.547194	-17.613749	1829.251953	9.632636
-32.547194	-17.613749	1827.687500	6.420391
-32.547194	-17.613749	1826.125000	11.233293
-32.547194	-17.613749	1824.560547	11.230902
-32.547194	-17.613749	1822.994141	9.624439
-32.547194	-17.613749	1821.429688	14.433586
-32.547194	-17.613749	1819.865234	4.810171
-32.547194	-17.613749	1818.298828	6.412197
-32.547194	-17.613749	1816.732422	12.821664
-32.547194	-17.613749	1815.166016	1.602367
-32.547194	-17.613749	1813.599609	16.020258
-32.547194	-17.613749	1812.033203	11.211793
-32.547194	-17.613749	1810.464844	4.804031
-32.547194	-17.613749	1808.896484	8.005014
-32.547194	-17.613749	1807.330078	9.603972
-32.547194	-17.613749	1805.759766	4.800964
-32.547194	-17.613749	1804.191406	11.199864
-32.547194	-17.613749	1802.623047	9.597840
-32.547194	-17.613749	1801.052734	14.393695
-32.547194	-17.613749	1799.484375	7.994794
-32.547194	-17.613749	1797.914063	14.387566
-32.547194	-17.613749	1796.343750	11.187946
-32.547194	-17.613749	1794.771484	6.391751
-32.547194	-17.613749	1793.201172	12.780779
-32.547194	-17.613749	1791.628906	9.583543
-32.547194	-17.613749	1790.058594	6.387668
-32.547194	-17.613749	1788.486328	3.193154
-32.547194	-17.613749	1786.914063	11.173658
-32.547194	-17.613749	1785.339844	11.171278
-32.547194	-17.613749	1783.767578	11.168899
-32.547194	-17.613749	1782.193359	15.952170
-32.547194	-17.613749	1780.621094	9.569263
-32.547194	-17.613749	1779.046875	12.756300
-32.547194	-17.613749	1777.470703	7.970989
-32.547194	-17.613749	1775.896484	9.563148
-32.547194	-17.613749	1774.322266	9.561111
-32.547194	-17.613749	1772.746094	12.745432
-32.547194	-17.613749	1771.169922	4.778519
-32.547194	-17.613749	1769.593750	11.147500
-32.547194	-17.613749	1768.017578	11.145124
-32.547194	-17.613749	1766.441406	7.959107
-32.547194	-17.613749	1764.863281	11.140374
-32.547194	-17.613749	1763.287109	6.364572
-32.547194	-17.613749	1761.708984	11.135626
-32.547194	-17.613749	1760.130859	9.542788
-32.547194	-17.613749	1758.552734	14.311130
-32.547194	-17.613749	1756.972656	9.538719
-32.547194	-17.613749	1755.394531	9.536686
-32.547194	-17.613749	1753.814453	7.945543
-32.547194	-17.613749	1752.234375	12.710158
-32.547194	-17.613749	1750.654297	20.649603
-32.547194	-17.613749	1749.074219	12.704739
-32.547194	-17.613749	1747.492188	14.289783
-32.547194	-17.613749	1745.912109	11.111905
-32.547194	-17.613749	1744.330078	7.935382
-32.547194	-17.613749	1742.748047	9.520427
-32.547194	-17.613749	1741.166016	9.518395
-32.547194	-17.613749	1739.583984	7.930305
-32.547194	-17.613749	1738.000000	12.685780
-32.547194	-17.613749	1736.417969	11.097689
-32.547194	-17.613749	1734.833984	7.925229
-32.547194	-17.613749	1733.250000	12.677661
-32.547194	-17.613749	1731.666016	4.753108
-32.547194	-17.613749	1730.082031	7.920156
-32.547194	-17.613749	1728.496094	9.502158
-32.547194	-17.613749	1726.912109	11.083486
-32.547194	-17.613749	1725.326172	11.081120
-32.547194	-17.613749	1723.740234	7.913395
-32.547194	-17.613749	1722.154297	14.241070
-32.547194	-17.613749	1720.566406	12.656026
-32.547194	-17.613749	1718.980469	11.071658
-32.547194	-17.613749	1717.392578	12.650621
-32.547194	-17.613749	1715.804688	11.066929
-32.547194	-17.613749	1714.216797	6.322609
-32.547194	-17.613749	1712.628906	12.642516
-32.547194	-17.613749	1711.041016	12.639815
-32.547194	-17.613749	1709.451172	11.057476
-32.547194	-17.613749	1707.861328	12.634415
-32.547194	-17.613749	1706.271484	11.052751
-32.547194	-17.613749	1704.681641	12.629016
-32.547194	-17.613749	1703.091797	9.469738
-32.547194	-17.613749	1701.501953	7.889761
-32.547194	-17.613749	1699.910156	9.465690
-32.547194	-17.613749	1698.318359	9.463666
-32.547194	-17.613749	1696.726563	15.769405
-32.547194	-17.613749	1695.134766	7.883017
-32.547194	-17.613749	1693.542969	12.610129
-32.547194	-17.613749	1691.949219	4.727787
-32.547194	-17.613749	1690.357422	12.604736
-32.547194	-17.613749	1688.763672	12.602040
-32.547194	-17.613749	1687.169922	9.449509
-32.547194	-17.613749	1685.576172	11.022068
-32.547194	-17.613749	1683.982422	11.019710
-32.547194	-17.613749	1682.386719	11.017352
-32.547194	-17.613749	1680.791016	11.014995
-32.547194	-17.613749	1679.195313	15.732339
-32.547194	-17.613749	1677.599609	14.156075
-32.547194	-17.613749	1676.003906	7.862803
-32.547194	-17.613749	1674.408203	9.433343
-32.547194	-17.613749	1672.810547	7.859436
-32.547194	-17.613749	1671.214844	12.572405
-32.547194	-17.613749	1669.617188	6.284856
-32.547194	-17.613749	1668.019531	10.996143
-32.547194	-17.613749	1666.419922	7.852706
-32.547194	-17.613749	1664.822266	14.131843
-32.547194	-17.613749	1663.222656	10.989079
-32.547194	-17.613749	1661.623047	12.556256
-32.547194	-17.613749	1660.023438	12.553566
-32.547194	-17.613749	1658.423828	10.982017
-32.547194	-17.613749	1656.824219	14.116710
-32.547194	-17.613749	1655.222656	9.409122
-32.547194	-17.613749	1653.623047	9.407105
-32.547194	-17.613749	1652.021484	7.837574
-32.547194	-17.613749	1650.419922	12.537430
-32.547194	-17.613749	1648.818359	9.401056
-32.547194	-17.613749	1647.214844	12.532053
-32.547194	-17.613749	1645.613281	15.661707
-32.547194	-17.613749	1644.009766	14.092512
-32.547194	-17.613749	1642.406250	14.089489
-32.547194	-17.613749	1640.802734	9.390978
-32.547194	-17.613749	1639.199219	6.259308
-32.547194	-17.613749	1637.593750	12.515930
-32.547194	-17.613749	1635.990234	12.513244
-32.547194	-17.613749	1634.384766	10.946738
-32.547194	-17.613749	1632.779297	15.634840
-32.547194	-17.613749	1631.173828	6.252594
-32.547194	-17.613749	1629.568359	9.376876
-32.547194	-17.613749	1627.960938	12.499817
-32.547194	-17.613749	1626.353516	12.497132
-32.547194	-17.613749	1624.748047	9.370836
-32.547194	-17.613749	1623.140625	15.614705
-32.547194	-17.613749	1621.531250	12.489079
-32.547194	-17.613749	1619.923828	4.682399
-32.547194	-17.613749	1618.314453	10.923249
-32.547194	-17.613749	1616.707031	9.360772
-32.547194	-17.613749	1615.097656	9.358760
-32.547194	-17.613749	1613.488281	10.916206
-32.547194	-17.613749	1611.878906	12.472982
-32.547194	-17.613749	1610.267578	9.352725
-32.547194	-17.613749	1608.656250	12.467618
-32.547194	-17.613749	1607.046875	7.790585
-32.547194	-17.613749	1605.435547	12.462255
-32.547194	-17.613749	1603.824219	12.459574
-32.547194	-17.613749	1602.210938	15.571116
-32.547194	-17.613749	1600.599609	9.340659
-32.547194	-17.613749	1598.986328	14.007973
-32.547194	-17.613749	1597.373047	12.448852
-32.547194	-17.613749	1595.759766	6.223086
-32.547194	-17.613749	1594.146484	13.998928
-32.547194	-17.613749	1592.533203	9.330609
-32.547194	-17.613749	1590.917969	7.773833
-32.547194	-17.613749	1589.302734	10.881021
-32.547194	-17.613749	1587.687500	7.770484
-32.547194	-17.613749	1586.072266	6.215048
-32.547194	-17.613749	1584.457031	7.767136
-32.547194	-17.613749	1582.839844	12.424740
-32.547194	-17.613749	1581.224609	6.211030
-32.547194	-17.613749	1579.607422	12.419384
-32.547194	-17.613749	1577.990234	7.760441
-32.547194	-17.613749	1576.373047	13.965782
-32.547194	-17.613749	1574.755859	13.962770
-32.547194	-17.613749	1573.136719	12.408674
-32.547194	-17.613749	1571.517578	12.405997
-32.547194	-17.613749	1569.898438	7.752076
-32.547194	-17.613749	1568.279297	12.400644
-32.547194	-17.613749	1566.660156	10.848223
-32.547194	-17.613749	1565.041016	6.197646
-32.547194	-17.613749	1563.419922	10.843539
-32.547194	-17.613749	1561.798828	10.841199
-32.547194	-17.613749	1560.177734	6.193633
-32.547194	-17.613749	1558.556641	4.644221
-32.547194	-17.613749	1556.935547	12.381916
-32.547194	-17.613749	1555.312500	7.737026
-32.547194	-17.613749	1553.691406	9.282425
-32.547194	-17.613749	1552.068359	10.827155
-32.547194	-17.613749	1550.445313	10.824816
-32.547194	-17.613749	1548.822266	4.638204
-32.547194	-17.613749	1547.197266	6.182935
-32.547194	-17.613749	1545.574219	12.363196
-32.547194	-17.613749	1543.949219	13.905588
-32.547194	-17.613749	1542.324219	10.813118
-32.547194	-17.613749	1540.699219	1.544397
-32.547194	-17.613749	1539.072266	4.632189
-32.547194	-17.613749	1537.447266	15.437288
-32.547194	-17.613749	1535.820313	7.716974
-32.547194	-17.613749	1534.193359	6.172243
-32.547194	-17.613749	1532.566406	7.713633
-32.547194	-17.613749	1530.939453	9.254355
-32.547194	-17.613749	1529.312500	10.794411
-32.547194	-17.613749	1527.683594	16.958971
-32.547194	-17.613749	1526.056641	12.331126
-32.547194	-17.613749	1524.427734	4.623170
-32.547194	-17.613749	1522.798828	10.785060
-32.547194	-17.613749	1521.167969	10.782723
-32.547194	-17.613749	1519.539063	9.240331
-32.547194	-17.613749	1517.908203	12.317771
-32.547194	-17.613749	1516.277344	10.775712
-32.547194	-17.613749	1514.646484	10.773376
-32.547194	-17.613749	1513.015625	13.848479
-32.547194	-17.613749	1511.384766	16.922247
-32.547194	-17.613749	1509.751953	6.152210
-32.547194	-17.613749	1508.121094	9.226312
-32.547194	-17.613749	1506.488281	13.836465
-32.547194	-17.613749	1504.855469	10.759358
-32.547194	-17.613749	1503.220703	13.830459
-32.547194	-17.613749	1501.587891	15.363839
-32.547194	-17.613749	1499.953125	9.216302
-32.547194	-17.613749	1498.318359	13.821450
-32.547194	-17.613749	1496.683594	7.676916
-32.547194	-17.613749	1495.048828	10.745347
-32.547194	-17.613749	1493.414063	9.208296
-32.547194	-17.613749	1491.777344	10.740677
-32.547194	-17.613749	1490.140625	12.272391
-32.547194	-17.613749	1488.505859	7.668577
-32.547194	-17.613749	1486.867188	6.133528
-32.547194	-17.613749	1485.230469	12.264387
-32.547194	-17.613749	1483.593750	12.261720
-32.547194	-17.613749	1481.955078	9.194289
-32.547194	-17.613749	1480.316406	6.128192
-32.547194	-17.613749	1478.677734	13.785432
-32.547194	-17.613749	1477.039063	13.782432
-32.547194	-17.613749	1475.400391	9.186288
-32.547194	-17.613749	1473.759766	9.184287
-32.547194	-17.613749	1472.119141	4.591144
-32.547194	-17.613749	1470.478516	10.710336
-32.547194	-17.613749	1468.837891	15.297146
-32.547194	-17.613749	1467.197266	10.705669
-32.547194	-17.613749	1465.556641	4.587144
-32.547194	-17.613749	1463.914063	10.701003
-32.547194	-17.613749	1462.271484	16.812197
-32.547194	-17.613749	1460.628906	18.336580
-32.547194	-17.613749	1458.986328	7.638575
-32.547194	-17.613749	1457.343750	13.746437
-32.547194	-17.613749	1455.699219	7.635243
-32.547194	-17.613749	1454.054688	10.687009
-32.547194	-17.613749	1452.410156	10.684676
-32.547194	-17.613749	1450.765625	10.682344
-32.547194	-17.613749	1449.121094	10.680013
-32.547194	-17.613749	1447.474609	12.203064
-32.547194	-17.613749	1445.830078	13.725449
-32.547194	-17.613749	1444.183594	10.673018
-32.547194	-17.613749	1442.537109	7.621918
-32.547194	-17.613749	1440.890625	10.668354
-32.547194	-17.613749	1439.242188	12.189740
-32.547194	-17.613749	1437.595703	9.140307
-32.547194	-17.613749	1435.947266	16.753567
-32.547194	-17.613749	1434.298828	9.136312
-32.547194	-17.613749	1432.650391	10.656698
-32.547194	-17.613749	1431.000000	10.654367
-32.547194	-17.613749	1429.351563	12.173757
-32.547194	-17.613749	1427.701172	13.692479
-32.547194	-17.613749	1426.050781	6.084215
-32.547194	-17.613749	1424.400391	10.645045
-32.547194	-17.613749	1422.750000	10.642715
-32.547194	-17.613749	1421.097656	12.160439
-32.547194	-17.613749	1419.447266	12.157776
-32.547194	-17.613749	1417.794922	7.596946
-32.547194	-17.613749	1416.142578	12.152451
-32.547194	-17.613749	1414.490234	18.224682
-32.547194	-17.613749	1412.835938	10.628734
-32.547194	-17.613749	1411.183594	15.180577
-32.547194	-17.613749	1409.529297	7.588624
-32.547194	-17.613749	1407.875000	9.104353
-32.547194	-17.613749	1406.220703	13.653534
-32.547194	-17.613749	1404.566406	10.617085
-32.547194	-17.613749	1402.910156	12.131150
-32.547194	-17.613749	1401.255859	13.644548
-32.547194	-17.613749	1399.599609	6.062913
-32.547194	-17.613749	1397.943359	10.607768
-32.547194	-17.613749	1396.287109	10.605439
-32.547194	-17.613749	1394.628906	13.632570
-32.547194	-17.613749	1392.970703	3.028795
-32.547194	-17.613749	1391.314453	10.598453
-32.547194	-17.613749	1389.656250	6.054928
-32.547194	-17.613749	1387.998047	12.107194
-32.547194	-17.613749	1386.337891	12.104532
-32.547194	-17.613749	1384.679688	9.076404
-32.547194	-17.613749	1383.019531	7.562006
-32.547194	-17.613749	1381.359375	7.560343
-32.547194	-17.613749	1379.699219	12.093887
-32.547194	-17.613749	1378.039063	12.091227
-32.547194	-17.613749	1376.376953	9.066424
-32.547194	-17.613749	1374.716797	10.575167
-32.547194	-17.613749	1373.054688	15.104055
-32.547194	-17.613749	1371.392578	10.570511
-32.547194	-17.613749	1369.728516	9.058442
-32.547194	-17.613749	1368.066406	12.075262
-32.547194	-17.613749	1366.402344	10.563527
-32.547194	-17.613749	1364.740234	13.578684
-32.547194	-17.613749	1363.076172	7.542051
-32.547194	-17.613749	1361.412109	7.540388
-32.547194	-17.613749	1359.746094	10.554215
-32.547194	-17.613749	1358.082031	6.029650
-32.547194	-17.613749	1356.416016	9.042480
-32.547194	-17.613749	1354.750000	13.560728
-32.547194	-17.613749	1353.083984	7.532075
-32.547194	-17.613749	1351.417969	10.542579
-32.547194	-17.613749	1349.750000	9.034501
-32.547194	-17.613749	1348.083984	6.021671
-32.547194	-17.613749	1346.416016	10.535597
-32.547194	-17.613749	1344.748047	6.019011
-32.547194	-17.613749	1343.078125	6.017681
-32.547194	-17.613749	1341.410156	7.520440
-32.547194	-17.613749	1339.740234	6.015022
-32.547194	-17.613749	1338.072266	7.517115
-32.547194	-17.613749	1336.402344	13.527816
-32.547194	-17.613749	1334.730469	15.027582
-32.547194	-17.613749	1333.060547	16.526684
-32.547194	-17.613749	1331.388672	10.514654
-32.547194	-17.613749	1329.718750	10.512327
-32.547194	-17.613749	1328.046875	10.510001
-32.547194	-17.613749	1326.375000	7.505482
-32.547194	-17.613749	1324.701172	10.505348
-32.547194	-17.613749	1323.029297	9.002590
-32.547194	-17.613749	1321.355469	13.500894
-32.547194	-17.613749	1319.681641	13.497903
-32.547194	-17.613749	1318.007813	10.496042
-32.547194	-17.613749	1316.333984	8.994614
-32.547194	-17.613749	1314.660156	7.493850
-32.547194	-17.613749	1312.984375	16.482815
-32.547194	-17.613749	1311.308594	5.992422
-32.547194	-17.613749	1309.632813	11.982184
-32.547194	-17.613749	1307.957031	11.979527
-32.547194	-17.613749	1306.279297	13.473976
-32.547194	-17.613749	1304.603516	17.961315
-32.547194	-17.613749	1302.925781	13.467996
-32.547194	-17.613749	1301.248047	7.480558
-32.547194	-17.613749	1299.570313	11.966235
-32.547194	-17.613749	1297.892578	8.972683
-32.547194	-17.613749	1296.212891	10.465804
-32.547194	-17.613749	1294.533203	11.958261
-32.547194	-17.613749	1292.853516	10.461153
-32.547194	-17.613749	1291.173828	10.458827
-32.547194	-17.613749	1289.494141	8.962716
-32.547194	-17.613749	1287.812500	8.960723
-32.547194	-17.613749	1286.132813	10.451851
-32.547194	-17.613749	1284.451172	14.927894
-32.547194	-17.613749	1282.769531	5.969829
-32.547194	-17.613749	1281.085938	4.476375
-32.547194	-17.613749	1279.404297	10.442550
-32.547194	-17.613749	1277.720703	10.440224
-32.547194	-17.613749	1276.039063	7.455642
-32.547194	-17.613749	1274.355469	5.963185
-32.547194	-17.613749	1272.669922	10.433249
-32.547194	-17.613749	1270.986328	11.921055
-32.547194	-17.613749	1269.300781	14.897998
-32.547194	-17.613749	1267.615234	4.468403
-32.547194	-17.613749	1265.929688	8.934813
-32.547194	-17.613749	1264.244141	14.888033
-32.547194	-17.613749	1262.558594	10.419298
-32.547194	-17.613749	1260.871094	11.905112
-32.547194	-17.613749	1259.185547	16.365875
-32.547194	-17.613749	1257.498047	11.899798
-32.547194	-17.613749	1255.808594	10.409999
-32.547194	-17.613749	1254.121094	11.894485
-32.547194	-17.613749	1252.433594	10.405350
-32.547194	-17.613749	1250.744141	11.889171
-32.547194	-17.613749	1249.054688	13.372329
-32.547194	-17.613749	1247.365234	11.883858
-32.547194	-17.613749	1245.673828	11.881201
-32.547194	-17.613749	1243.984375	7.424090
-32.547194	-17.613749	1242.292969	13.360373
-32.547194	-17.613749	1240.601563	13.357385
-32.547194	-17.613749	1238.910156	16.322041
-32.547194	-17.613749	1237.218750	8.900938
-32.547194	-17.613749	1235.525391	19.281050
-32.547194	-17.613749	1233.833984	14.828257
-32.547194	-17.613749	1232.140625	11.859948
-32.547194	-17.613749	1230.447266	11.857292
-32.547194	-17.613749	1228.753906	14.818295
-32.547194	-17.613749	1227.058594	13.333477
-32.547194	-17.613749	1225.365234	13.330489
-32.547194	-17.613749	1223.669922	8.885000
-32.547194	-17.613749	1221.974609	8.883008
-32.547194	-17.613749	1220.277344	7.400846
-32.547194	-17.613749	1218.582031	11.838698
-32.547194	-17.613749	1216.884766	14.795053
-32.547194	-17.613749	1215.189453	10.354213
-32.547194	-17.613749	1213.492188	7.394207
-32.547194	-17.613749	1211.792969	11.828074
-32.547194	-17.613749	1210.095703	16.259951
-32.547194	-17.613749	1208.396484	14.778453
-32.547194	-17.613749	1206.699219	13.297620
-32.547194	-17.613749	1205.000000	10.340269
-32.547194	-17.613749	1203.298828	20.675892
-32.547194	-17.613749	1201.599609	7.382587
-32.547194	-17.613749	1199.900391	8.857113
-32.547194	-17.613749	1198.199219	11.806828
-32.547194	-17.613749	1196.498047	13.279694
-32.547194	-17.613749	1194.796875	11.801517
-32.547194	-17.613749	1193.093750	8.849146
-32.547194	-17.613749	1191.392578	13.270731
-32.547194	-17.613749	1189.689453	14.741937
-32.547194	-17.613749	1187.986328	7.369309
-32.547194	-17.613749	1186.283203	14.735298
-32.547194	-17.613749	1184.580078	13.258781
-32.547194	-17.613749	1182.875000	4.418598
-32.547194	-17.613749	1181.169922	14.725341
-32.547194	-17.613749	1179.464844	10.305415
-32.547194	-17.613749	1177.759766	11.774961
-32.547194	-17.613749	1176.054688	13.243845
-32.547194	-17.613749	1174.347656	13.240857
-32.547194	-17.613749	1172.642578	11.766995
-32.547194	-17.613749	1170.935547	8.823256
-32.547194	-17.613749	1169.228516	10.291475
-32.547194	-17.613749	1167.519531	11.759030
-32.547194	-17.613749	1165.812500	14.695469
-32.547194	-17.613749	1164.103516	14.692150
-32.547194	-17.613749	1162.394531	13.219948
-32.547194	-17.613749	1160.685547	7.342756
-32.547194	-17.613749	1158.976563	10.277535
-32.547194	-17.613749	1157.265625	8.807325
-32.547194	-17.613749	1155.556641	11.740445
-32.547194	-17.613749	1153.845703	11.737790
-32.547194	-17.613749	1152.134766	13.202027
-32.547194	-17.613749	1150.423828	11.732481
-32.547194	-17.613749	1148.710938	13.196054
-32.547194	-17.613749	1146.998047	10.261274
-32.547194	-17.613749	1145.287109	11.724516
-32.547194	-17.613749	1143.572266	10.256629
-32.547194	-17.613749	1141.859375	8.789405
-32.547194	-17.613749	1140.146484	7.322845
-32.547194	-17.613749	1138.431641	13.178135
-32.547194	-17.613749	1136.716797	13.175149
-32.547194	-17.613749	1135.001953	14.635736
-32.547194	-17.613749	1133.287109	11.705935
-32.547194	-17.613749	1131.570313	16.092009
-32.547194	-17.613749	1129.855469	13.163203
-32.547194	-17.613749	1128.138672	23.395941
-32.547194	-17.613749	1126.421875	16.081060
-32.547194	-17.613749	1124.703125	11.692662
-32.547194	-17.613749	1122.986328	8.767506
-32.547194	-17.613749	1121.267578	17.531031
-32.547194	-17.613749	1119.548828	16.066462
-32.547194	-17.613749	1117.830078	18.983324
-32.547194	-17.613749	1116.111328	11.679391
-32.547194	-17.613749	1114.392578	13.136329
-32.547194	-17.613749	1112.671875	14.592604
-32.547194	-17.613749	1110.951172	17.507143
-32.547194	-17.613749	1109.230469	16.044565
-32.547194	-17.613749	1107.509766	11.666121
-32.547194	-17.613749	1105.787109	7.289667
-32.547194	-17.613749	1104.066406	11.660812
-32.547194	-17.613749	1102.343750	16.029968
-32.547194	-17.613749	1100.621094	14.569381
-32.547194	-17.613749	1098.896484	8.739638
-32.547194	-17.613749	1097.173828	14.562746
-32.547194	-17.613749	1095.449219	16.015371
-32.547194	-17.613749	1093.724609	11.644890
-32.547194	-17.613749	1092.000000	14.552795
-32.547194	-17.613749	1090.275391	8.729687
-32.547194	-17.613749	1088.550781	16.000776
-32.547194	-17.613749	1086.824219	14.542844
-32.547194	-17.613749	1085.097656	14.539527
-32.547194	-17.613749	1083.371094	8.721726
-32.547194	-17.613749	1081.644531	13.079604
-32.547194	-17.613749	1079.916016	8.717746
-32.547194	-17.613749	1078.189453	17.431511
-32.547194	-17.613749	1076.460938	10.166060
-32.547194	-17.613749	1074.732422	18.875515
-32.547194	-17.613749	1073.001953	11.613048
-32.547194	-17.613749	1071.273438	13.061694
-32.547194	-17.613749	1069.542969	10.156774
-32.547194	-17.613749	1067.812500	14.506360
-32.547194	-17.613749	1066.082031	14.503044
-32.547194	-17.613749	1064.351563	13.049755
-32.547194	-17.613749	1062.619141	11.597129
-32.547194	-17.613749	1060.888672	11.594476
-32.547194	-17.613749	1059.156250	17.387735
-32.547194	-17.613749	1057.421875	14.486463
-32.547194	-17.613749	1055.689453	10.138203
-32.547194	-17.613749	1053.957031	11.583864
-32.547194	-17.613749	1052.222656	15.924166
-32.547194	-17.613749	1050.488281	11.578559
-32.547194	-17.613749	1048.753906	13.022895
-32.547194	-17.613749	1047.019531	8.679940
-32.547194	-17.613749	1045.283203	10.124276
-32.547194	-17.613749	1043.546875	10.121955
-32.547194	-17.613749	1041.810547	10.119634
-32.547194	-17.613749	1040.074219	10.117312
-32.547194	-17.613749	1038.337891	14.449988
-32.547194	-17.613749	1036.599609	14.446673
-32.547194	-17.613749	1034.861328	12.999022
-32.547194	-17.613749	1033.123047	15.884047
-32.547194	-17.613749	1031.384766	8.662036
-32.547194	-17.613749	1029.646484	14.433412
-32.547194	-17.613749	1027.906250	20.202135
-32.547194	-17.613749	1026.167969	18.754816
-32.547194	-17.613749	1024.427734	7.211733
-32.547194	-17.613749	1022.685547	8.652091
-32.547194	-17.613749	1020.945313	11.533469
-32.547194	-17.613749	1019.203125	24.502987
-32.547194	-17.613749	1017.462891	18.733269
-32.547194	-17.613749	1015.720703	12.966203
-32.547194	-17.613749	1013.976563	14.403577
-32.547194	-17.613749	1012.234375	14.400263
-32.547194	-17.613749	1010.490234	17.276339
-32.547194	-17.613749	1008.746094	12.954270
-32.547194	-17.613749	1007.001953	12.951287
-32.547194	-17.613749	1005.257813	14.387005
-32.547194	-17.613749	1003.513672	21.575535
-32.547194	-17.613749	1001.767578	17.256451
-32.547194	-17.613749	1000.021484	18.690180
-32.547194	-17.613749	998.275391	18.685873
-32.547194	-17.613749	996.529297	21.555651
-32.547194	-17.613749	994.781250	17.240543
-32.547194	-17.613749	993.035156	22.982090
-32.547194	-17.613749	991.287109	27.284935
-32.547194	-17.613749	989.539063	27.278639
-32.547194	-17.613749	987.789063	30.143116
-32.547194	-17.613749	986.041016	21.525827
-32.547194	-17.613749	984.291016	27.259752
-32.547194	-17.613749	982.541016	27.253456
-32.547194	-17.613749	980.791016	21.510916
-32.547194	-17.613749	979.041016	30.108326
-32.547194	-17.613749	977.289063	28.667969
-32.547194	-17.613749	975.537109	24.362141
-32.547194	-17.613749	973.785156	28.654716
-32.547194	-17.613749	972.033203	22.918472
-32.547194	-17.613749	970.281250	25.777319
-32.547194	-17.613749	968.527344	35.793549
-32.547194	-17.613749	966.773438	30.059624
-32.547194	-17.613749	965.019531	24.328350
-32.547194	-17.613749	963.265625	25.753468
-32.547194	-17.613749	961.511719	30.038755
-32.547194	-17.613749	959.755859	34.322056
-32.547194	-17.613749	958.000000	31.454597
-32.547194	-17.613749	956.244141	25.729618
-32.547194	-17.613749	954.488281	28.581841
-32.547194	-17.613749	952.730469	28.575216
-32.547194	-17.613749	950.974609	22.854874
-32.547194	-17.613749	949.216797	31.418165
-32.547194	-17.613749	947.458984	29.983112
-32.547194	-17.613749	945.701172	25.693850
-32.547194	-17.613749	943.941406	32.823414
-32.547194	-17.613749	942.181641	28.535475
-32.547194	-17.613749	940.421875	31.381739
-32.547194	-17.613749	938.662109	25.670008
-32.547194	-17.613749	936.902344	25.664047
-32.547194	-17.613749	935.140625	22.807188
-32.547194	-17.613749	933.380859	19.951654
-32.547194	-17.613749	931.619141	19.947020
-32.547194	-17.613749	929.855469	22.791296
-32.547194	-17.613749	928.093750	18.513624
-32.547194	-17.613749	926.330078	12.814144
-32.547194	-17.613749	924.568359	12.811165
-32.547194	-17.613749	922.804688	15.654449
-32.547194	-17.613749	921.039063	11.382405
-32.547194	-17.613749	919.275391	14.224697
-32.547194	-17.613749	917.509766	11.377110
-32.547194	-17.613749	915.744141	17.061691
-32.547194	-17.613749	913.978516	14.214767
-32.547194	-17.613749	912.212891	14.211457
-32.547194	-17.613749	910.447266	12.787333
-32.547194	-17.613749	908.679688	18.466290
-32.547194	-17.613749	906.912109	17.041834
-32.547194	-17.613749	905.144531	14.198219
-32.547194	-17.613749	903.375000	18.453382
-32.547194	-17.613749	901.607422	12.772440
-32.547194	-17.613749	899.837891	14.188292
-32.547194	-17.613749	898.068359	17.021978
-32.547194	-17.613749	896.298828	17.018009
-32.547194	-17.613749	894.529297	14.178365
-32.547194	-17.613749	892.757813	19.845079
-32.547194	-17.613749	890.986328	17.006098
-32.547194	-17.613749	889.214844	22.669504
-32.547194	-17.613749	887.443359	18.414671
-32.547194	-17.613749	885.669922	16.994188
-32.547194	-17.613749	883.898438	21.237774
-32.547194	-17.613749	882.125000	18.401770
-32.547194	-17.613749	880.351563	25.473419
-32.547194	-17.613749	878.578125	14.148592
-32.547194	-17.613749	876.802734	18.388870
-32.547194	-17.613749	875.027344	15.556175
-32.547194	-17.613749	873.251953	15.552537
-32.547194	-17.613749	871.476563	16.962437
-32.547194	-17.613749	869.701172	21.198084
-32.547194	-17.613749	867.923828	18.367374
-32.547194	-17.613749	866.146484	16.950531
-32.547194	-17.613749	864.369141	15.534349
-32.547194	-17.613749	862.591797	16.942596
-32.547194	-17.613749	860.814453	25.407942
-32.547194	-17.613749	859.035156	21.168325
-32.547194	-17.613749	857.255859	19.752476
-32.547194	-17.613749	855.476563	15.516166
-32.547194	-17.613749	853.697266	19.743219
-32.547194	-17.613749	851.916016	18.328693
-32.547194	-17.613749	850.136719	19.733965
-32.547194	-17.613749	848.355469	18.320099
-32.547194	-17.613749	846.574219	18.315802
-32.547194	-17.613749	844.791016	16.902927
-32.547194	-17.613749	843.009766	21.123703
-32.547194	-17.613749	841.226563	16.894997
-32.547194	-17.613749	839.443359	16.891031
-32.547194	-17.613749	837.660156	19.701576
-32.547194	-17.613749	835.875000	12.662326
-32.547194	-17.613749	834.091797	26.725298
-32.547194	-17.613749	832.306641	12.656378
-32.547194	-17.613749	830.521484	15.465273
-32.547194	-17.613749	828.734375	9.839225
-32.547194	-17.613749	826.949219	11.242186
-32.547194	-17.613749	825.162109	18.264257
-32.547194	-17.613749	823.375000	18.259962
-32.547194	-17.613749	821.587891	26.681362
-32.547194	-17.613749	819.800781	12.635568
-32.547194	-17.613749	818.011719	16.843460
-32.547194	-17.613749	816.222656	19.646080
-32.547194	-17.613749	814.433594	18.238495
-32.547194	-17.613749	812.644531	23.844727
-32.547194	-17.613749	810.855469	12.620707
-32.547194	-17.613749	809.064453	16.823647
-32.547194	-17.613749	807.273438	18.221325
-32.547194	-17.613749	805.482422	14.013103
-32.547194	-17.613749	803.691406	16.811762
-32.547194	-17.613749	801.898438	15.407150
-32.547194	-17.613749	800.107422	19.604479
-32.547194	-17.613749	798.314453	11.199919
-32.547194	-17.613749	796.521484	18.195578
-32.547194	-17.613749	794.726563	11.194638
-32.547194	-17.613749	792.933594	18.186996
-32.547194	-17.613749	791.138672	16.784037
-32.547194	-17.613749	789.343750	23.771774
-32.547194	-17.613749	787.546875	18.174128
-32.547194	-17.613749	785.751953	18.169838
-32.547194	-17.613749	783.955078	22.357597
-32.547194	-17.613749	782.158203	16.764240
-32.547194	-17.613749	780.361328	22.347040
-32.547194	-17.613749	778.564453	18.152683
-32.547194	-17.613749	776.765625	16.752363
-32.547194	-17.613749	774.968750	16.748405
-32.547194	-17.613749	773.169922	23.721302
-32.547194	-17.613749	771.369141	22.320654
-32.547194	-17.613749	769.570313	25.104799
-32.547194	-17.613749	767.769531	32.070770
-32.547194	-17.613749	765.970703	16.728619
-32.547194	-17.613749	764.167969	29.268160
-32.547194	-17.613749	762.367188	18.114098
-32.547194	-17.613749	760.566406	29.254313
-32.547194	-17.613749	758.763672	26.461924
-32.547194	-17.613749	756.960938	18.101242
-32.547194	-17.613749	755.158203	25.057325
-32.547194	-17.613749	753.353516	23.659649
-32.547194	-17.613749	751.550781	26.436874
-32.547194	-17.613749	749.746094	20.866274
-32.547194	-17.613749	747.941406	26.424353
-32.547194	-17.613749	746.136719	27.808517
-32.547194	-17.613749	744.330078	29.192024
-32.547194	-17.613749	742.523438	22.236271
-32.547194	-17.613749	740.718750	19.452126
-32.547194	-17.613749	738.910156	22.225729
-32.547194	-17.613749	737.103516	16.665344
-32.547194	-17.613749	735.294922	22.215189
-32.547194	-17.613749	733.488281	20.821798
-32.547194	-17.613749	731.679688	22.204649
-32.547194	-17.613749	729.869141	23.586842
-32.547194	-17.613749	728.060547	27.742640
-32.547194	-17.613749	726.250000	12.481225
-32.547194	-17.613749	724.439453	23.570049
-32.547194	-17.613749	722.628906	16.633732
-32.547194	-17.613749	720.818359	22.173042
-32.547194	-17.613749	719.005859	18.011318
-32.547194	-17.613749	717.195313	19.392195
-32.547194	-17.613749	715.382813	20.772415
-32.547194	-17.613749	713.568359	24.920975
-32.547194	-17.613749	711.755859	19.378374
-32.547194	-17.613749	709.941406	20.757608
-32.547194	-17.613749	708.126953	26.286718
-32.547194	-17.613749	706.312500	15.215008
-32.547194	-17.613749	704.498047	16.594242
-32.547194	-17.613749	702.681641	19.355345
-32.547194	-17.613749	700.867188	22.115131
-32.547194	-17.613749	699.050781	20.728003
-32.547194	-17.613749	697.232422	19.341532
-32.547194	-17.613749	695.416016	23.480555
-32.547194	-17.613749	693.597656	17.951443
-32.547194	-17.613749	691.779297	16.566618
-32.547194	-17.613749	689.960938	26.224232
-32.547194	-17.613749	688.142578	11.039152
-32.547194	-17.613749	686.324219	13.795652
-32.547194	-17.613749	684.503906	24.826258
-32.547194	-17.613749	682.683594	20.683619
-32.547194	-17.613749	680.863281	24.814428
-32.547194	-17.613749	679.041016	19.295509
-32.547194	-17.613749	677.218750	19.290911
-32.547194	-17.613749	675.398438	11.020749
-32.547194	-17.613749	673.576172	17.904446
-32.547194	-17.613749	671.751953	20.654049
-32.547194	-17.613749	669.929688	20.649122
-32.547194	-17.613749	668.105469	11.010238
-32.547194	-17.613749	666.281250	20.639269
-32.547194	-17.613749	664.457031	28.888081
-32.547194	-17.613749	662.630859	24.755302
-32.547194	-17.613749	660.806641	24.749393
-32.547194	-17.613749	658.980469	26.118122
-32.547194	-17.613749	657.154297	24.737576
-32.547194	-17.613749	655.326172	30.227592
-32.547194	-17.613749	653.500000	24.725760
-32.547194	-17.613749	651.671875	24.719852
-32.547194	-17.613749	649.843750	21.967951
-32.547194	-17.613749	648.015625	26.080708
-32.547194	-17.613749	646.185547	31.563837
-32.547194	-17.613749	644.357422	34.300320
-32.547194	-17.613749	642.527344	41.150543
-32.547194	-17.613749	640.697266	28.798491
-32.547194	-17.613749	638.865234	21.936460
-32.547194	-17.613749	637.035156	34.267521
-32.547194	-17.613749	635.203125	32.888950
-32.547194	-17.613749	633.371094	36.991219
-32.547194	-17.613749	631.539063	35.612648
-32.547194	-17.613749	629.705078	31.495958
-32.547194	-17.613749	627.873047	30.119358
-32.547194	-17.613749	626.039063	32.849613
-32.547194	-17.613749	624.203125	34.210155
-32.547194	-17.613749	622.369141	34.201965
-32.547194	-17.613749	620.535156	34.193775
-32.547194	-17.613749	618.699219	31.450737
-32.547194	-17.613749	616.863281	36.911587
-32.547194	-17.613749	615.025391	28.702133
-32.547194	-17.613749	613.189453	30.061697
-32.547194	-17.613749	611.351563	27.322266
-32.547194	-17.613749	609.513672	28.681503
-32.547194	-17.613749	607.675781	27.309168
-32.547194	-17.613749	605.837891	34.128277
-32.547194	-17.613749	603.998047	32.755291
-32.547194	-17.613749	602.158203	27.289528
-32.547194	-17.613749	600.318359	21.826387
-32.547194	-17.613749	598.478516	30.004082
-32.547194	-17.613749	596.636719	28.633389
-32.547194	-17.613749	594.796875	25.900185
-32.547194	-17.613749	592.955078	31.345331
-32.547194	-17.613749	591.111328	28.612782
-32.547194	-17.613749	589.269531	27.243727
-32.547194	-17.613749	587.425781	32.684624
-32.547194	-17.613749	585.583984	25.869114
-32.547194	-17.613749	583.738281	23.140491
-32.547194	-17.613749	581.894531	14.969663
-32.547194	-17.613749	580.050781	23.129377
-32.547194	-17.613749	578.205078	25.844271
-32.547194	-17.613749	576.359375	28.557858
-32.547194	-17.613749	574.513672	23.112711
-32.547194	-17.613749	572.666016	20.388668
-32.547194	-17.613749	570.818359	16.307014
-32.547194	-17.613749	568.970703	19.020277
-32.547194	-17.613749	567.123047	27.165291
-32.547194	-17.613749	565.275391	21.727007
-32.547194	-17.613749	563.425781	25.794617
-32.547194	-17.613749	561.576172	16.287420
-32.547194	-17.613749	559.726563	21.711336
-32.547194	-17.613749	557.876953	17.636217
-32.547194	-17.613749	556.027344	21.700891
-32.547194	-17.613749	554.175781	25.763609
-32.547194	-17.613749	552.324219	25.757408
-32.547194	-17.613749	550.472656	24.395884
-32.547194	-17.613749	548.619141	28.455013
-32.547194	-17.613749	546.767578	25.738813
-32.547194	-17.613749	544.914063	27.086966
-32.547194	-17.613749	543.060547	23.018377
-32.547194	-17.613749	541.205078	35.196098
-32.547194	-17.613749	539.351563	28.420773
-32.547194	-17.613749	537.496094	46.003502
-32.547194	-17.613749	535.640625	43.286983
-32.547194	-17.613749	533.785156	58.152870
-32.547194	-17.613749	531.927734	47.322327
-32.547194	-17.613749	530.070313	58.124851
-32.547194	-17.613749	528.212891	66.219330
-32.547194	-17.613749	526.355469	94.576241
-32.547194	-17.613749	524.498047	144.531693
-32.547194	-17.613749	522.638672	303.848511
-32.547194	-17.613749	520.779297	486.040436
-32.547194	-17.613749	518.919922	394.137726
-32.547194	-17.613749	517.060547	238.854645
-32.547194	-17.613749	515.199219	144.357529
-32.547194	-17.613749	513.339844	122.741745
-32.547194	-17.613749	511.478516	90.348495
-32.547194	-17.613749	509.615234	72.800621
-32.547194	-17.613749	507.753906	80.870064
-32.547194	-17.613749	505.890625	75.460510
-32.547194	-17.613749	504.027344	71.400749
-32.547194	-17.613749	502.164063	75.424095
-32.547194	-17.613749	500.300781	86.178154
-32.547194	-17.613749	498.435547	80.772514
-32.547194	-17.613749	496.570313	80.753014
-32.547194	-17.613749	494.705078	83.424637
-32.547194	-17.613749	492.839844	86.094955
-32.547194	-17.613749	490.972656	86.074165
-32.547194	-17.613749	489.107422	76.641289
-32.547194	-17.613749	487.240234	83.344070
-32.547194	-17.613749	485.371094	57.789185
-32.547194	-17.613749	483.503906	59.118832
-32.547194	-17.613749	481.634766	55.074692
-32.547194	-17.613749	479.765625	57.747303
-32.547194	-17.613749	477.896484	40.279079
-32.547194	-17.613749	476.027344	45.638592
-32.547194	-17.613749	474.156250	45.627560
-32.547194	-17.613749	472.285156	46.958195
-32.547194	-17.613749	470.414063	37.557472
-32.547194	-17.613749	468.542969	41.571434
-32.547194	-17.613749	466.669922	34.857933
-32.547194	-17.613749	464.796875	32.168774
-32.547194	-17.613749	462.923828	33.501034
-32.547194	-17.613749	461.050781	34.832649
-32.547194	-17.613749	459.177734	28.127258
-32.547194	-17.613749	457.302734	36.154869
-32.547194	-17.613749	455.427734	29.452396
-32.547194	-17.613749	453.552734	28.106848
-32.547194	-17.613749	451.675781	25.423853
-32.547194	-17.613749	449.800781	36.119888
-32.547194	-17.613749	447.923828	36.111149
-32.547194	-17.613749	446.046875	28.079651
-32.547194	-17.613749	444.169922	26.736052
-32.547194	-17.613749	442.291016	22.720142
-32.547194	-17.613749	440.412109	33.403885
-32.547194	-17.613749	438.533203	25.380808
-32.547194	-17.613749	436.654297	24.039154
-32.547194	-17.613749	434.773438	36.049999
-32.547194	-17.613749	432.894531	29.366961
-32.547194	-17.613749	431.013672	22.687155
-32.547194	-17.613749	429.130859	30.686953
-32.547194	-17.613749	427.250000	28.011734
-32.547194	-17.613749	425.367188	21.337105
-32.547194	-17.613749	423.484375	26.664919
-32.547194	-17.613749	421.601563	23.992613
-32.547194	-17.613749	419.718750	29.317200
-32.547194	-17.613749	417.833984	29.310095
-32.547194	-17.613749	415.949219	23.975176
-32.547194	-17.613749	414.064453	34.622417
-32.547194	-17.613749	412.179688	23.963556
-32.547194	-17.613749	410.294922	31.943665
-32.547194	-17.613749	408.408203	34.597248
-32.547194	-17.613749	406.521484	35.919201
-32.547194	-17.613749	404.634766	39.900547
-32.547194	-17.613749	402.746094	42.550266
-32.547194	-17.613749	400.857422	71.786163
-32.547194	-17.613749	398.968750	97.020729
-32.547194	-17.613749	397.080078	128.886688
-32.547194	-17.613749	395.191406	138.154282
-32.547194	-17.613749	393.300781	126.168015
-32.547194	-17.613749	391.410156	103.565460
-32.547194	-17.613749	389.519531	78.318977
-32.547194	-17.613749	387.628906	67.683029
-32.547194	-17.613749	385.736328	55.725445
-32.547194	-17.613749	383.843750	55.711926
-32.547194	-17.613749	381.951172	63.655323
-32.547194	-17.613749	380.058594	62.314049
-32.547194	-17.613749	378.164063	75.554024
-32.547194	-17.613749	376.271484	116.616501
-32.547194	-17.613749	374.376953	124.537399
-32.547194	-17.613749	372.480469	123.182632
-32.547194	-17.613749	370.585938	87.398712
-32.547194	-17.613749	368.689453	87.377502
-32.547194	-17.613749	366.792969	66.179008
-32.547194	-17.613749	364.896484	72.779243
-32.547194	-17.613749	363.000000	63.501011
-32.547194	-17.613749	361.101563	75.389145
-32.547194	-17.613749	359.203125	88.593796
-32.547194	-17.613749	357.304688	83.284386
-32.547194	-17.613749	355.406250	70.047630
-32.547194	-17.613749	353.505859	70.030624
-32.547194	-17.613749	351.605469	67.371597
-32.547194	-17.613749	349.705078	68.675926
-32.547194	-17.613749	347.804688	63.377769
-32.547194	-17.613749	345.902344	66.002480
-32.547194	-17.613749	344.001953	59.387802
-32.547194	-17.613749	342.099609	56.734562
-32.547194	-17.613749	340.195313	56.720783
-32.547194	-17.613749	338.292969	67.257149
-32.547194	-17.613749	336.388672	55.374786
-32.547194	-17.613749	334.484375	44.816319
-32.547194	-17.613749	332.580078	55.347885
-32.547194	-17.613749	330.675781	39.524601
-32.547194	-17.613749	328.769531	47.417999
-32.547194	-17.613749	326.863281	46.089630
-32.547194	-17.613749	324.957031	38.179272
-32.547194	-17.613749	323.048828	32.905170
-32.547194	-17.613749	321.142578	35.528950
-32.547194	-17.613749	319.234375	34.204750
-32.547194	-17.613749	317.326172	31.565943
-32.547194	-17.613749	315.417969	44.707550
-32.547194	-17.613749	313.507813	39.438251
-32.547194	-17.613749	311.597656	60.457294
-32.547194	-17.613749	309.687500	113.001381
-32.547194	-17.613749	307.777344	110.346619
-32.547194	-17.613749	305.865234	53.846569
-32.547194	-17.613749	303.955078	39.390354
-32.547194	-17.613749	302.042969	39.380779
-32.547194	-17.613749	300.128906	34.121716
-32.547194	-17.613749	298.216797	45.921913
-32.547194	-17.613749	296.302734	35.416866
-32.547194	-17.613749	294.388672	36.719673
-32.547194	-17.613749	292.474609	35.399651
-32.547194	-17.613749	290.560547	44.566502
-32.547194	-17.613749	288.644531	56.349815
-32.547194	-17.613749	286.728516	72.057823
-32.547194	-17.613749	284.812500	60.251892
-32.547194	-17.613749	282.896484	61.546749
-32.547194	-17.613749	280.978516	62.840973
-32.547194	-17.613749	279.060547	61.516830
-32.547194	-17.613749	277.142578	73.278831
-32.547194	-17.613749	275.224609	64.103386
-32.547194	-17.613749	273.304688	75.859032
-32.547194	-17.613749	271.384766	83.686165
-32.547194	-17.613749	269.464844	108.504112
-32.547194	-17.613749	267.544922	107.170769
-32.547194	-17.613749	265.623047	147.650635
-32.547194	-17.613749	263.703125	250.814423
-32.547194	-17.613749	261.781250	376.130157
-32.547194	-17.613749	259.857422	507.913422
-32.547194	-17.613749	257.935547	558.699463
-32.547194	-17.613749	256.011719	528.547363
-32.547194	-17.613749	254.087891	604.093628
-32.547194	-17.613749	252.164063	1527.476563
-32.547194	-17.613749	250.240234	2831.208496
-32.547194	-17.613749	248.314453	1876.148560
-32.547194	-17.613749	246.388672	930.677124
-32.547194	-17.613749	244.462891	467.831726
-32.547194	-17.613749	242.535156	321.800385
-32.547194	-17.613749	240.609375	269.621399
-32.547194	-17.613749	238.681641	233.094177
-32.547194	-17.613749	236.753906	196.584702
-32.547194	-17.613749	234.824219	128.855331
-32.547194	-17.613749	232.896484	131.426498
-32.547194	-17.613749	230.966797	123.588928
-32.547194	-17.613749	229.037109	117.055779
-32.547194	-17.613749	227.107422	107.925194
-32.547194	-17.613749	225.175781	103.998993
-32.547194	-17.613749	223.244141	105.273376
-32.547194	-17.613749	221.312500	107.846497
-32.547194	-17.613749	219.380859	118.212593
-32.547194	-17.613749	217.447266	102.599167
-32.547194	-17.613749	215.515625	101.275818
-32.547194	-17.613749	213.582031	77.885536
-32.547194	-17.613749	211.646484	73.973267
-32.547194	-17.613749	209.712891	75.252747
-32.547194	-17.613749	207.777344	73.937309
-32.547194	-17.613749	205.841797	60.951027
-32.547194	-17.613749	203.906250	45.378029
-32.547194	-17.613749	201.968750	38.885998
-32.547194	-17.613749	200.033203	41.468315
-32.547194	-17.613749	198.095703	38.867096
-32.547194	-17.613749	196.158203	36.267139
-32.547194	-17.613749	194.218750	27.193743
-32.547194	-17.613749	192.281250	23.303255
-32.547194	-17.613749	190.341797	29.769146
-32.547194	-17.613749	188.402344	29.761909
-32.547194	-17.613749	186.460938	25.873631
-32.547194	-17.613749	184.521484	31.040812
-32.547194	-17.613749	182.580078	16.809687
-32.547194	-17.613749	180.638672	23.269295
-32.547194	-17.613749	178.695313	21.971214
-32.547194	-17.613749	176.753906	28.426428
-32.547194	-17.613749	174.810547	31.003113
-32.547194	-17.613749	172.867188	27.121132
-32.547194	-17.613749	170.921875	27.114542
-32.547194	-17.613749	168.978516	32.271374
-32.547194	-17.613749	167.033203	23.229742
-32.547194	-17.613749	165.087891	28.385010
-32.547194	-17.613749	163.142578	34.827686
-32.547194	-17.613749	161.195313	24.502417
-32.547194	-17.613749	159.248047	34.810764
-32.547194	-17.613749	157.300781	34.802307
-32.547194	-17.613749	155.353516	36.082516
-32.547194	-17.613749	153.406250	39.938797
-32.547194	-17.613749	151.457031	38.641060
-32.547194	-17.613749	149.507813	52.796623
-32.547194	-17.613749	147.558594	48.921570
-32.547194	-17.613749	145.607422	57.919369
-32.547194	-17.613749	143.658203	65.626007
-32.547194	-17.613749	141.707031	56.604767
-32.547194	-17.613749	139.753906	83.600372
-32.547194	-17.613749	137.802734	104.153633
-32.547194	-17.613749	135.849609	95.129601
-32.547194	-17.613749	133.896484	69.402046
-32.547194	-17.613749	131.943359	52.681351
-32.547194	-17.613749	129.990234	51.383965
-32.547194	-17.613749	128.035156	60.361500
-32.547194	-17.613749	126.080078	57.778896
-32.547194	-17.613749	124.125000	64.183189
-32.547194	-17.613749	122.169922	62.884262
-32.547194	-17.613749	120.212891	70.567245
-32.547194	-17.613749	118.255859	71.832848
-32.547194	-17.613749	116.298828	69.250580
-32.547194	-17.613749	114.341797	56.412708
-32.547194	-17.613749	112.382813	43.581062
-32.547194	-17.613749	110.423828	52.540882
-32.547194	-17.613749	108.464844	38.435223
-32.547194	-17.613749	106.505859	29.459856
-32.547194	-17.613749	104.544922	19.208288
-32.547194	-17.613749	102.585938	15.362904
-32.547194	-17.613749	100.625000	10.239451
-32.547194	-17.613749	98.662109	6.398105
-32.547194	-17.613749	96.701172	5.117243
-32.547194	-17.613749	94.738281	2.558001
-32.547194	-17.613749	92.775391	3.836071
-32.547194	-17.613749	90.812500	-1.278380
-32.547194	-17.613749	88.847656	1.278070
-32.547194	-17.613749	86.882813	0.000000
-32.547194	-17.613749	84.917969	2.554902
-32.547194	-17.613749	82.953125	1.277141
-32.547194	-17.613749	80.988281	2.553664
-32.547194	-17.613749	79.021484	2.553045
-32.547194	-17.613749	77.054688	-2.552426
-32.547194	-17.613749	75.087891	1.275904
-32.547194	-17.613749	73.119141	-2.551189
-32.547194	-17.613749	71.152344	0.000000
-32.547194	-17.613749	69.183594	0.000000
-32.547194	-17.613749	67.212891	2.549336
-32.547194	-17.613749	65.244141	0.000000
-32.547194	-17.613749	63.273438	1.274051
-32.547194	-17.613749	61.302734	0.000000
-32.547194	-17.613749	59.332031	1.273434
-29.547194	-17.613749	1838.626953	17.678635
-29.547194	-17.613749	1837.066406	22.500080
-29.547194	-17.613749	1835.503906	24.102098
-29.547194	-17.613749	1833.941406	28.916365
-29.547194	-17.613749	1832.378906	25.697966
-29.547194	-17.613749	1830.816406	28.904058
-29.547194	-17.613749	1829.251953	32.108788
-29.547194	-17.613749	1827.687500	22.471367
-29.547194	-17.613749	1826.125000	24.071342
-29.547194	-17.613749	1824.560547	25.670633
-29.547194	-17.613749	1822.994141	19.248878
-29.547194	-17.613749	1821.429688	16.037317
-29.547194	-17.613749	1819.865234	20.844076
-29.547194	-17.613749	1818.298828	25.648787
-29.547194	-17.613749	1816.732422	19.232496
-29.547194	-17.613749	1815.166016	17.626036
-29.547194	-17.613749	1813.599609	19.224310
-29.547194	-17.613749	1812.033203	20.821901
-29.547194	-17.613749	1810.464844	24.020157
-29.547194	-17.613749	1808.896484	24.015043
-29.547194	-17.613749	1807.330078	19.207945
-29.547194	-17.613749	1805.759766	30.406105
-29.547194	-17.613749	1804.191406	20.799747
-29.547194	-17.613749	1802.623047	22.394960
-29.547194	-17.613749	1801.052734	23.989491
-29.547194	-17.613749	1799.484375	31.979177
-29.547194	-17.613749	1797.914063	20.782040
-29.547194	-17.613749	1796.343750	11.187946
-29.547194	-17.613749	1794.771484	15.979377
-29.547194	-17.613749	1793.201172	15.975974
-29.547194	-17.613749	1791.628906	20.764343
-29.547194	-17.613749	1790.058594	30.341423
-29.547194	-17.613749	1788.486328	20.755501
-29.547194	-17.613749	1786.914063	14.366132
-29.547194	-17.613749	1785.339844	19.150763
-29.547194	-17.613749	1783.767578	20.742241
-29.547194	-17.613749	1782.193359	17.547388
-29.547194	-17.613749	1780.621094	15.948772
-29.547194	-17.613749	1779.046875	17.539913
-29.547194	-17.613749	1777.470703	22.318769
-29.547194	-17.613749	1775.896484	22.314014
-29.547194	-17.613749	1774.322266	25.496296
-29.547194	-17.613749	1772.746094	23.897684
-29.547194	-17.613749	1771.169922	17.521235
-29.547194	-17.613749	1769.593750	25.480001
-29.547194	-17.613749	1768.017578	23.882410
-29.547194	-17.613749	1766.441406	31.836428
-29.547194	-17.613749	1764.863281	33.421124
-29.547194	-17.613749	1763.287109	20.684858
-29.547194	-17.613749	1761.708984	28.634466
-29.547194	-17.613749	1760.130859	22.266504
-29.547194	-17.613749	1758.552734	27.032135
-29.547194	-17.613749	1756.972656	20.667225
-29.547194	-17.613749	1755.394531	19.073372
-29.547194	-17.613749	1753.814453	20.658413
-29.547194	-17.613749	1752.234375	17.476469
-29.547194	-17.613749	1750.654297	27.003328
-29.547194	-17.613749	1749.074219	19.057108
-29.547194	-17.613749	1747.492188	15.877536
-29.547194	-17.613749	1745.912109	19.048979
-29.547194	-17.613749	1744.330078	28.567375
-29.547194	-17.613749	1742.748047	31.734756
-29.547194	-17.613749	1741.166016	19.036791
-29.547194	-17.613749	1739.583984	14.274548
-29.547194	-17.613749	1738.000000	26.957281
-29.547194	-17.613749	1736.417969	25.366146
-29.547194	-17.613749	1734.833984	22.190641
-29.547194	-17.613749	1733.250000	20.601198
-29.547194	-17.613749	1731.666016	20.596802
-29.547194	-17.613749	1730.082031	26.928530
-29.547194	-17.613749	1728.496094	23.755396
-29.547194	-17.613749	1726.912109	22.166971
-29.547194	-17.613749	1725.326172	20.579222
-29.547194	-17.613749	1723.740234	28.488222
-29.547194	-17.613749	1722.154297	17.405752
-29.547194	-17.613749	1720.566406	18.984039
-29.547194	-17.613749	1718.980469	20.561651
-29.547194	-17.613749	1717.392578	20.557259
-29.547194	-17.613749	1715.804688	17.390888
-29.547194	-17.613749	1714.216797	28.451740
-29.547194	-17.613749	1712.628906	26.865347
-29.547194	-17.613749	1711.041016	23.699654
-29.547194	-17.613749	1709.451172	20.535313
-29.547194	-17.613749	1707.861328	18.951622
-29.547194	-17.613749	1706.271484	23.684465
-29.547194	-17.613749	1704.681641	12.629016
-29.547194	-17.613749	1703.091797	23.674343
-29.547194	-17.613749	1701.501953	23.669285
-29.547194	-17.613749	1699.910156	20.508995
-29.547194	-17.613749	1698.318359	18.927332
-29.547194	-17.613749	1696.726563	23.654108
-29.547194	-17.613749	1695.134766	26.802256
-29.547194	-17.613749	1693.542969	20.491461
-29.547194	-17.613749	1691.949219	22.063007
-29.547194	-17.613749	1690.357422	18.907104
-29.547194	-17.613749	1688.763672	26.779337
-29.547194	-17.613749	1687.169922	23.623772
-29.547194	-17.613749	1685.576172	22.044136
-29.547194	-17.613749	1683.982422	17.316687
-29.547194	-17.613749	1682.386719	22.034704
-29.547194	-17.613749	1680.791016	18.882847
-29.547194	-17.613749	1679.195313	17.305573
-29.547194	-17.613749	1677.599609	18.874765
-29.547194	-17.613749	1676.003906	28.306089
-29.547194	-17.613749	1674.408203	25.155581
-29.547194	-17.613749	1672.810547	18.862646
-29.547194	-17.613749	1671.214844	25.144810
-29.547194	-17.613749	1669.617188	26.710640
-29.547194	-17.613749	1668.019531	17.279654
-29.547194	-17.613749	1666.419922	21.987577
-29.547194	-17.613749	1664.822266	26.693481
-29.547194	-17.613749	1663.222656	23.548025
-29.547194	-17.613749	1661.623047	26.682045
-29.547194	-17.613749	1660.023438	23.537937
-29.547194	-17.613749	1658.423828	18.826313
-29.547194	-17.613749	1656.824219	23.527849
-29.547194	-17.613749	1655.222656	18.818245
-29.547194	-17.613749	1653.623047	28.221315
-29.547194	-17.613749	1652.021484	21.945208
-29.547194	-17.613749	1650.419922	20.373323
-29.547194	-17.613749	1648.818359	17.235270
-29.547194	-17.613749	1647.214844	23.497599
-29.547194	-17.613749	1645.613281	23.492559
-29.547194	-17.613749	1644.009766	26.619190
-29.547194	-17.613749	1642.406250	23.482481
-29.547194	-17.613749	1640.802734	10.956141
-29.547194	-17.613749	1639.199219	15.648271
-29.547194	-17.613749	1637.593750	15.644913
-29.547194	-17.613749	1635.990234	18.769865
-29.547194	-17.613749	1634.384766	17.202017
-29.547194	-17.613749	1632.779297	20.325293
-29.547194	-17.613749	1631.173828	20.320929
-29.547194	-17.613749	1629.568359	17.190939
-29.547194	-17.613749	1627.960938	20.312202
-29.547194	-17.613749	1626.353516	24.994265
-29.547194	-17.613749	1624.748047	23.427090
-29.547194	-17.613749	1623.140625	24.983528
-29.547194	-17.613749	1621.531250	24.978159
-29.547194	-17.613749	1619.923828	21.851194
-29.547194	-17.613749	1618.314453	21.846498
-29.547194	-17.613749	1616.707031	20.281673
-29.547194	-17.613749	1615.097656	28.076281
-29.547194	-17.613749	1613.488281	28.070246
-29.547194	-17.613749	1611.878906	17.150351
-29.547194	-17.613749	1610.267578	18.705450
-29.547194	-17.613749	1608.656250	28.052141
-29.547194	-17.613749	1607.046875	15.581170
-29.547194	-17.613749	1605.435547	20.251163
-29.547194	-17.613749	1603.824219	15.574468
-29.547194	-17.613749	1602.210938	24.913786
-29.547194	-17.613749	1600.599609	23.351648
-29.547194	-17.613749	1598.986328	20.233740
-29.547194	-17.613749	1597.373047	26.453810
-29.547194	-17.613749	1595.759766	23.336571
-29.547194	-17.613749	1594.146484	24.886984
-29.547194	-17.613749	1592.533203	23.326523
-29.547194	-17.613749	1590.917969	18.657200
-29.547194	-17.613749	1589.302734	13.989885
-29.547194	-17.613749	1587.687500	29.527840
-29.547194	-17.613749	1586.072266	21.752668
-29.547194	-17.613749	1584.457031	26.408262
-29.547194	-17.613749	1582.839844	15.530924
-29.547194	-17.613749	1581.224609	20.185850
-29.547194	-17.613749	1579.607422	20.181498
-29.547194	-17.613749	1577.990234	23.281324
-29.547194	-17.613749	1576.373047	23.276304
-29.547194	-17.613749	1574.755859	17.065609
-29.547194	-17.613749	1573.136719	21.715179
-29.547194	-17.613749	1571.517578	21.710495
-29.547194	-17.613749	1569.898438	15.504151
-29.547194	-17.613749	1568.279297	20.151047
-29.547194	-17.613749	1566.660156	21.696445
-29.547194	-17.613749	1565.041016	20.142351
-29.547194	-17.613749	1563.419922	21.687078
-29.547194	-17.613749	1561.798828	23.231140
-29.547194	-17.613749	1560.177734	18.580898
-29.547194	-17.613749	1558.556641	27.865330
-29.547194	-17.613749	1556.935547	23.216091
-29.547194	-17.613749	1555.312500	26.305887
-29.547194	-17.613749	1553.691406	13.923637
-29.547194	-17.613749	1552.068359	17.014101
-29.547194	-17.613749	1550.445313	21.649632
-29.547194	-17.613749	1548.822266	21.644951
-29.547194	-17.613749	1547.197266	27.823208
-29.547194	-17.613749	1545.574219	21.635593
-29.547194	-17.613749	1543.949219	24.721045
-29.547194	-17.613749	1542.324219	27.805161
-29.547194	-17.613749	1540.699219	21.621559
-29.547194	-17.613749	1539.072266	24.705006
-29.547194	-17.613749	1537.447266	18.524746
-29.547194	-17.613749	1535.820313	18.520737
-29.547194	-17.613749	1534.193359	15.430607
-29.547194	-17.613749	1532.566406	27.769079
-29.547194	-17.613749	1530.939453	16.966318
-29.547194	-17.613749	1529.312500	21.588821
-29.547194	-17.613749	1527.683594	18.500696
-29.547194	-17.613749	1526.056641	15.413907
-29.547194	-17.613749	1524.427734	21.574795
-29.547194	-17.613749	1522.798828	24.651567
-29.547194	-17.613749	1521.167969	20.025057
-29.547194	-17.613749	1519.539063	21.560772
-29.547194	-17.613749	1517.908203	23.095819
-29.547194	-17.613749	1516.277344	16.933262
-29.547194	-17.613749	1514.646484	20.007698
-29.547194	-17.613749	1513.015625	18.464640
-29.547194	-17.613749	1511.384766	19.999020
-29.547194	-17.613749	1509.751953	21.532734
-29.547194	-17.613749	1508.121094	19.990343
-29.547194	-17.613749	1506.488281	21.523390
-29.547194	-17.613749	1504.855469	26.129871
-29.547194	-17.613749	1503.220703	18.440611
-29.547194	-17.613749	1501.587891	18.436607
-29.547194	-17.613749	1499.953125	29.184956
-29.547194	-17.613749	1498.318359	18.428600
-29.547194	-17.613749	1496.683594	23.030746
-29.547194	-17.613749	1495.048828	24.560793
-29.547194	-17.613749	1493.414063	18.416592
-29.547194	-17.613749	1491.777344	15.343824
-29.547194	-17.613749	1490.140625	13.806440
-29.547194	-17.613749	1488.505859	15.337153
-29.547194	-17.613749	1486.867188	16.867201
-29.547194	-17.613749	1485.230469	13.797436
-29.547194	-17.613749	1483.593750	21.458010
-29.547194	-17.613749	1481.955078	16.856197
-29.547194	-17.613749	1480.316406	19.916626
-29.547194	-17.613749	1478.677734	19.912291
-29.547194	-17.613749	1477.039063	18.376575
-29.547194	-17.613749	1475.400391	24.496767
-29.547194	-17.613749	1473.759766	21.430004
-29.547194	-17.613749	1472.119141	19.894957
-29.547194	-17.613749	1470.478516	22.950718
-29.547194	-17.613749	1468.837891	16.826860
-29.547194	-17.613749	1467.197266	18.352575
-29.547194	-17.613749	1465.556641	13.761433
-29.547194	-17.613749	1463.914063	19.873291
-29.547194	-17.613749	1462.271484	25.982485
-29.547194	-17.613749	1460.628906	30.560966
-29.547194	-17.613749	1458.986328	30.554300
-29.547194	-17.613749	1457.343750	18.328583
-29.547194	-17.613749	1455.699219	16.797535
-29.547194	-17.613749	1454.054688	19.847301
-29.547194	-17.613749	1452.410156	24.422117
-29.547194	-17.613749	1450.765625	28.994934
-29.547194	-17.613749	1449.121094	22.885740
-29.547194	-17.613749	1447.474609	15.253830
-29.547194	-17.613749	1445.830078	15.250499
-29.547194	-17.613749	1444.183594	19.821318
-29.547194	-17.613749	1442.537109	24.390139
-29.547194	-17.613749	1440.890625	16.764557
-29.547194	-17.613749	1439.242188	15.237176
-29.547194	-17.613749	1437.595703	22.850769
-29.547194	-17.613749	1435.947266	22.845774
-29.547194	-17.613749	1434.298828	21.318060
-29.547194	-17.613749	1432.650391	21.313396
-29.547194	-17.613749	1431.000000	27.396946
-29.547194	-17.613749	1429.351563	19.782354
-29.547194	-17.613749	1427.701172	24.342186
-29.547194	-17.613749	1426.050781	19.773697
-29.547194	-17.613749	1424.400391	19.769369
-29.547194	-17.613749	1422.750000	21.285429
-29.547194	-17.613749	1421.097656	19.760714
-29.547194	-17.613749	1419.447266	22.795830
-29.547194	-17.613749	1417.794922	21.271448
-29.547194	-17.613749	1416.142578	16.709620
-29.547194	-17.613749	1414.490234	21.262127
-29.547194	-17.613749	1412.835938	22.775858
-29.547194	-17.613749	1411.183594	15.180577
-29.547194	-17.613749	1409.529297	24.283598
-29.547194	-17.613749	1407.875000	16.691313
-29.547194	-17.613749	1406.220703	21.238831
-29.547194	-17.613749	1404.566406	21.234171
-29.547194	-17.613749	1402.910156	24.262300
-29.547194	-17.613749	1401.255859	22.740915
-29.547194	-17.613749	1399.599609	19.704466
-29.547194	-17.613749	1397.943359	19.700142
-29.547194	-17.613749	1396.287109	19.695816
-29.547194	-17.613749	1394.628906	27.265141
-29.547194	-17.613749	1392.970703	13.629576
-29.547194	-17.613749	1391.314453	21.196905
-29.547194	-17.613749	1389.656250	21.192247
-29.547194	-17.613749	1387.998047	22.700989
-29.547194	-17.613749	1386.337891	19.669865
-29.547194	-17.613749	1384.679688	24.203743
-29.547194	-17.613749	1383.019531	25.710821
-29.547194	-17.613749	1381.359375	19.656891
-29.547194	-17.613749	1379.699219	22.676039
-29.547194	-17.613749	1378.039063	19.648243
-29.547194	-17.613749	1376.376953	15.110707
-29.547194	-17.613749	1374.716797	21.150333
-29.547194	-17.613749	1373.054688	25.676893
-29.547194	-17.613749	1371.392578	21.141022
-29.547194	-17.613749	1369.728516	18.116884
-29.547194	-17.613749	1368.066406	18.112894
-29.547194	-17.613749	1366.402344	24.145205
-29.547194	-17.613749	1364.740234	22.631140
-29.547194	-17.613749	1363.076172	15.084102
-29.547194	-17.613749	1361.412109	15.080776
-29.547194	-17.613749	1359.746094	19.600687
-29.547194	-17.613749	1358.082031	22.611189
-29.547194	-17.613749	1356.416016	19.592041
-29.547194	-17.613749	1354.750000	16.574223
-29.547194	-17.613749	1353.083984	27.115471
-29.547194	-17.613749	1351.417969	25.603405
-29.547194	-17.613749	1349.750000	27.103502
-29.547194	-17.613749	1348.083984	24.086683
-29.547194	-17.613749	1346.416016	22.576279
-29.547194	-17.613749	1344.748047	19.561787
-29.547194	-17.613749	1343.078125	18.053043
-29.547194	-17.613749	1341.410156	16.544968
-29.547194	-17.613749	1339.740234	22.556332
-29.547194	-17.613749	1338.072266	18.041077
-29.547194	-17.613749	1336.402344	19.540178
-29.547194	-17.613749	1334.730469	31.557922
-29.547194	-17.613749	1333.060547	25.541239
-29.547194	-17.613749	1331.388672	19.527214
-29.547194	-17.613749	1329.718750	25.529938
-29.547194	-17.613749	1328.046875	25.524288
-29.547194	-17.613749	1326.375000	25.518639
-29.547194	-17.613749	1324.701172	21.010696
-29.547194	-17.613749	1323.029297	18.005180
-29.547194	-17.613749	1321.355469	22.501490
-29.547194	-17.613749	1319.681641	20.996737
-29.547194	-17.613749	1318.007813	19.492649
-29.547194	-17.613749	1316.333984	13.491920
-29.547194	-17.613749	1314.660156	23.980320
-29.547194	-17.613749	1312.984375	20.978127
-29.547194	-17.613749	1311.308594	20.973475
-29.547194	-17.613749	1309.632813	19.471050
-29.547194	-17.613749	1307.957031	16.471849
-29.547194	-17.613749	1306.279297	17.965302
-29.547194	-17.613749	1304.603516	20.954866
-29.547194	-17.613749	1302.925781	25.439547
-29.547194	-17.613749	1301.248047	13.465005
-29.547194	-17.613749	1299.570313	25.428249
-29.547194	-17.613749	1297.892578	20.936260
-29.547194	-17.613749	1296.212891	29.902298
-29.547194	-17.613749	1294.533203	25.411306
-29.547194	-17.613749	1292.853516	25.405657
-29.547194	-17.613749	1291.173828	20.917654
-29.547194	-17.613749	1289.494141	25.394361
-29.547194	-17.613749	1287.812500	16.427992
-29.547194	-17.613749	1286.132813	13.438094
-29.547194	-17.613749	1284.451172	20.899052
-29.547194	-17.613749	1282.769531	17.909487
-29.547194	-17.613749	1281.085938	16.413374
-29.547194	-17.613749	1279.404297	19.393307
-29.547194	-17.613749	1277.720703	20.880447
-29.547194	-17.613749	1276.039063	20.875797
-29.547194	-17.613749	1274.355469	16.398758
-29.547194	-17.613749	1272.669922	22.356960
-29.547194	-17.613749	1270.986328	22.351978
-29.547194	-17.613749	1269.300781	23.836796
-29.547194	-17.613749	1267.615234	16.384144
-29.547194	-17.613749	1265.929688	23.826168
-29.547194	-17.613749	1264.244141	19.354443
-29.547194	-17.613749	1262.558594	17.861654
-29.547194	-17.613749	1260.871094	20.833946
-29.547194	-17.613749	1259.185547	23.804911
-29.547194	-17.613749	1257.498047	17.849697
-29.547194	-17.613749	1255.808594	23.794283
-29.547194	-17.613749	1254.121094	17.841726
-29.547194	-17.613749	1252.433594	14.864784
-29.547194	-17.613749	1250.744141	20.806049
-29.547194	-17.613749	1249.054688	16.343958
-29.547194	-17.613749	1247.365234	23.767715
-29.547194	-17.613749	1245.673828	20.792101
-29.547194	-17.613749	1243.984375	22.272270
-29.547194	-17.613749	1242.292969	19.298317
-29.547194	-17.613749	1240.601563	20.778154
-29.547194	-17.613749	1238.910156	16.322041
-29.547194	-17.613749	1237.218750	20.768856
-29.547194	-17.613749	1235.525391	14.831576
-29.547194	-17.613749	1233.833984	10.379779
-29.547194	-17.613749	1232.140625	23.719896
-29.547194	-17.613749	1230.447266	25.196745
-29.547194	-17.613749	1228.753906	26.672930
-29.547194	-17.613749	1227.058594	22.222462
-29.547194	-17.613749	1225.365234	16.292820
-29.547194	-17.613749	1223.669922	20.731667
-29.547194	-17.613749	1221.974609	31.090528
-29.547194	-17.613749	1220.277344	22.202539
-29.547194	-17.613749	1218.582031	19.237885
-29.547194	-17.613749	1216.884766	17.754065
-29.547194	-17.613749	1215.189453	14.791733
-29.547194	-17.613749	1213.492188	17.746096
-29.547194	-17.613749	1211.792969	20.699131
-29.547194	-17.613749	1210.095703	16.259951
-29.547194	-17.613749	1208.396484	17.734144
-29.547194	-17.613749	1206.699219	16.252647
-29.547194	-17.613749	1205.000000	14.771813
-29.547194	-17.613749	1203.298828	20.675892
-29.547194	-17.613749	1201.599609	20.671244
-29.547194	-17.613749	1199.900391	16.238039
-29.547194	-17.613749	1198.199219	17.710241
-29.547194	-17.613749	1196.498047	19.181780
-29.547194	-17.613749	1194.796875	22.127844
-29.547194	-17.613749	1193.093750	22.122864
-29.547194	-17.613749	1191.392578	26.541462
-29.547194	-17.613749	1189.689453	16.216131
-29.547194	-17.613749	1187.986328	16.212479
-29.547194	-17.613749	1186.283203	20.629417
-29.547194	-17.613749	1184.580078	17.678375
-29.547194	-17.613749	1182.875000	26.511587
-29.547194	-17.613749	1181.169922	17.670408
-29.547194	-17.613749	1179.464844	17.666426
-29.547194	-17.613749	1177.759766	14.718702
-29.547194	-17.613749	1176.054688	23.544613
-29.547194	-17.613749	1174.347656	19.125683
-29.547194	-17.613749	1172.642578	16.179619
-29.547194	-17.613749	1170.935547	19.117054
-29.547194	-17.613749	1169.228516	17.642529
-29.547194	-17.613749	1167.519531	20.578302
-29.547194	-17.613749	1165.812500	20.573656
-29.547194	-17.613749	1164.103516	22.038225
-29.547194	-17.613749	1162.394531	24.971014
-29.547194	-17.613749	1160.685547	23.496820
-29.547194	-17.613749	1158.976563	22.023291
-29.547194	-17.613749	1157.265625	17.614651
-29.547194	-17.613749	1155.556641	23.480890
-29.547194	-17.613749	1153.845703	19.073910
-29.547194	-17.613749	1152.134766	23.470270
-29.547194	-17.613749	1150.423828	16.132160
-29.547194	-17.613749	1148.710938	21.993423
-29.547194	-17.613749	1146.998047	24.920238
-29.547194	-17.613749	1145.287109	20.517904
-29.547194	-17.613749	1143.572266	14.652328
-29.547194	-17.613749	1141.859375	19.043711
-29.547194	-17.613749	1140.146484	24.897675
-29.547194	-17.613749	1138.431641	26.356270
-29.547194	-17.613749	1136.716797	19.030769
-29.547194	-17.613749	1135.001953	17.562883
-29.547194	-17.613749	1133.287109	13.169176
-29.547194	-17.613749	1131.570313	21.943649
-29.547194	-17.613749	1129.855469	21.938673
-29.547194	-17.613749	1128.138672	20.471449
-29.547194	-17.613749	1126.421875	21.928719
-29.547194	-17.613749	1124.703125	14.615828
-29.547194	-17.613749	1122.986328	17.535011
-29.547194	-17.613749	1121.267578	17.531031
-29.547194	-17.613749	1119.548828	20.448223
-29.547194	-17.613749	1117.830078	20.443579
-29.547194	-17.613749	1116.111328	30.658401
-29.547194	-17.613749	1114.392578	14.595921
-29.547194	-17.613749	1112.671875	17.511124
-29.547194	-17.613749	1110.951172	11.671429
-29.547194	-17.613749	1109.230469	18.961758
-29.547194	-17.613749	1107.509766	23.332241
-29.547194	-17.613749	1105.787109	20.411066
-29.547194	-17.613749	1104.066406	17.491219
-29.547194	-17.613749	1102.343750	18.944508
-29.547194	-17.613749	1100.621094	21.854071
-29.547194	-17.613749	1098.896484	16.022671
-29.547194	-17.613749	1097.173828	18.931570
-29.547194	-17.613749	1095.449219	26.206972
-29.547194	-17.613749	1093.724609	20.378557
-29.547194	-17.613749	1092.000000	13.097515
-29.547194	-17.613749	1090.275391	20.369268
-29.547194	-17.613749	1088.550781	20.364626
-29.547194	-17.613749	1086.824219	18.905697
-29.547194	-17.613749	1085.097656	20.355337
-29.547194	-17.613749	1083.371094	21.804316
-29.547194	-17.613749	1081.644531	20.346050
-29.547194	-17.613749	1079.916016	18.888449
-29.547194	-17.613749	1078.189453	20.336763
-29.547194	-17.613749	1076.460938	17.427532
-29.547194	-17.613749	1074.732422	20.327477
-29.547194	-17.613749	1073.001953	18.871202
-29.547194	-17.613749	1071.273438	21.769489
-29.547194	-17.613749	1069.542969	24.666451
-29.547194	-17.613749	1067.812500	20.308905
-29.547194	-17.613749	1066.082031	18.853956
-29.547194	-17.613749	1064.351563	21.749592
-29.547194	-17.613749	1062.619141	31.892105
-29.547194	-17.613749	1060.888672	14.493095
-29.547194	-17.613749	1059.156250	18.836712
-29.547194	-17.613749	1057.421875	18.832401
-29.547194	-17.613749	1055.689453	24.621349
-29.547194	-17.613749	1053.957031	15.927814
-29.547194	-17.613749	1052.222656	21.714771
-29.547194	-17.613749	1050.488281	20.262478
-29.547194	-17.613749	1048.753906	15.916871
-29.547194	-17.613749	1047.019531	15.913223
-29.547194	-17.613749	1045.283203	14.463251
-29.547194	-17.613749	1043.546875	23.135897
-29.547194	-17.613749	1041.810547	24.576254
-29.547194	-17.613749	1040.074219	15.898635
-29.547194	-17.613749	1038.337891	17.339987
-29.547194	-17.613749	1036.599609	20.225342
-29.547194	-17.613749	1034.861328	15.887693
-29.547194	-17.613749	1033.123047	30.324089
-29.547194	-17.613749	1031.384766	24.542437
-29.547194	-17.613749	1029.646484	24.536800
-29.547194	-17.613749	1027.906250	17.316116
-29.547194	-17.613749	1026.167969	24.525528
-29.547194	-17.613749	1024.427734	20.192852
-29.547194	-17.613749	1022.685547	15.862166
-29.547194	-17.613749	1020.945313	37.483776
-29.547194	-17.613749	1019.203125	28.827044
-29.547194	-17.613749	1017.462891	15.851228
-29.547194	-17.613749	1015.720703	23.051027
-29.547194	-17.613749	1013.976563	30.247513
-29.547194	-17.613749	1012.234375	27.360498
-29.547194	-17.613749	1010.490234	28.793896
-29.547194	-17.613749	1008.746094	28.787268
-29.547194	-17.613749	1007.001953	30.219669
-29.547194	-17.613749	1005.257813	28.774010
-29.547194	-17.613749	1003.513672	24.452274
-29.547194	-17.613749	1001.767578	25.884678
-29.547194	-17.613749	1000.021484	30.191830
-29.547194	-17.613749	998.275391	34.496994
-29.547194	-17.613749	996.529297	33.051998
-29.547194	-17.613749	994.781250	33.044376
-29.547194	-17.613749	993.035156	27.291231
-29.547194	-17.613749	991.287109	28.720985
-29.547194	-17.613749	989.539063	35.892948
-29.547194	-17.613749	987.789063	44.496983
-29.547194	-17.613749	986.041016	37.311432
-29.547194	-17.613749	984.291016	37.302818
-29.547194	-17.613749	982.541016	30.122242
-29.547194	-17.613749	980.791016	27.247160
-29.547194	-17.613749	979.041016	35.843243
-29.547194	-17.613749	977.289063	27.234571
-29.547194	-17.613749	975.537109	41.558949
-29.547194	-17.613749	973.785156	44.414810
-29.547194	-17.613749	972.033203	37.242519
-29.547194	-17.613749	970.281250	40.098049
-29.547194	-17.613749	968.527344	35.793549
-29.547194	-17.613749	966.773438	35.785267
-29.547194	-17.613749	965.019531	35.776985
-29.547194	-17.613749	963.265625	38.630199
-29.547194	-17.613749	961.511719	27.177921
-29.547194	-17.613749	959.755859	28.601713
-29.547194	-17.613749	958.000000	30.024843
-29.547194	-17.613749	956.244141	34.306156
-29.547194	-17.613749	954.488281	32.869118
-29.547194	-17.613749	952.730469	47.149105
-29.547194	-17.613749	950.974609	31.425451
-29.547194	-17.613749	949.216797	37.130558
-29.547194	-17.613749	947.458984	38.549717
-29.547194	-17.613749	945.701172	34.258465
-29.547194	-17.613749	943.941406	39.958939
-29.547194	-17.613749	942.181641	38.522892
-29.547194	-17.613749	940.421875	35.661064
-29.547194	-17.613749	938.662109	25.670008
-29.547194	-17.613749	936.902344	39.921852
-29.547194	-17.613749	935.140625	31.359884
-29.547194	-17.613749	933.380859	28.502363
-29.547194	-17.613749	931.619141	34.194889
-29.547194	-17.613749	929.855469	21.366840
-29.547194	-17.613749	928.093750	25.634249
-29.547194	-17.613749	926.330078	22.780701
-29.547194	-17.613749	924.568359	25.622330
-29.547194	-17.613749	922.804688	22.770107
-29.547194	-17.613749	921.039063	25.610413
-29.547194	-17.613749	919.275391	27.026924
-29.547194	-17.613749	917.509766	36.975605
-29.547194	-17.613749	915.744141	22.748922
-29.547194	-17.613749	913.978516	24.165104
-29.547194	-17.613749	912.212891	32.686352
-29.547194	-17.613749	910.447266	34.099552
-29.547194	-17.613749	908.679688	31.250643
-29.547194	-17.613749	906.912109	25.562752
-29.547194	-17.613749	905.144531	24.136972
-29.547194	-17.613749	903.375000	24.131346
-29.547194	-17.613749	901.607422	22.706560
-29.547194	-17.613749	899.837891	24.120096
-29.547194	-17.613749	898.068359	28.369965
-29.547194	-17.613749	896.298828	26.945181
-29.547194	-17.613749	894.529297	21.267548
-29.547194	-17.613749	892.757813	26.932608
-29.547194	-17.613749	890.986328	28.343496
-29.547194	-17.613749	889.214844	14.168440
-29.547194	-17.613749	887.443359	31.163290
-29.547194	-17.613749	885.669922	26.907465
-29.547194	-17.613749	883.898438	26.901178
-29.547194	-17.613749	882.125000	28.310415
-29.547194	-17.613749	880.351563	21.227850
-29.547194	-17.613749	878.578125	22.637747
-29.547194	-17.613749	876.802734	22.632456
-29.547194	-17.613749	875.027344	21.212967
-29.547194	-17.613749	873.251953	31.105074
-29.547194	-17.613749	871.476563	19.789509
-29.547194	-17.613749	869.701172	24.024496
-29.547194	-17.613749	867.923828	33.909000
-29.547194	-17.613749	866.146484	22.600708
-29.547194	-17.613749	864.369141	28.244272
-29.547194	-17.613749	862.591797	24.002010
-29.547194	-17.613749	860.814453	23.996389
-29.547194	-17.613749	859.035156	22.579548
-29.547194	-17.613749	857.255859	23.985149
-29.547194	-17.613749	855.476563	22.568970
-29.547194	-17.613749	853.697266	29.614830
-29.547194	-17.613749	851.916016	29.607887
-29.547194	-17.613749	850.136719	25.372240
-29.547194	-17.613749	848.355469	29.594006
-29.547194	-17.613749	846.574219	29.587065
-29.547194	-17.613749	844.791016	25.354391
-29.547194	-17.613749	843.009766	29.573183
-29.547194	-17.613749	841.226563	22.526663
-29.547194	-17.613749	839.443359	28.151718
-29.547194	-17.613749	837.660156	21.108831
-29.547194	-17.613749	835.875000	21.103876
-29.547194	-17.613749	834.091797	16.879135
-29.547194	-17.613749	832.306641	19.687700
-29.547194	-17.613749	830.521484	28.118677
-29.547194	-17.613749	828.734375	21.084053
-29.547194	-17.613749	826.949219	26.700190
-29.547194	-17.613749	825.162109	25.288971
-29.547194	-17.613749	823.375000	28.092251
-29.547194	-17.613749	821.587891	28.085644
-29.547194	-17.613749	819.800781	22.463230
-29.547194	-17.613749	818.011719	23.861568
-29.547194	-17.613749	816.222656	21.049372
-29.547194	-17.613749	814.433594	23.850340
-29.547194	-17.613749	812.644531	29.455250
-29.547194	-17.613749	810.855469	22.436811
-29.547194	-17.613749	809.064453	23.833500
-29.547194	-17.613749	807.273438	23.827887
-29.547194	-17.613749	805.482422	18.217033
-29.547194	-17.613749	803.691406	26.618622
-29.547194	-17.613749	801.898438	29.413651
-29.547194	-17.613749	800.107422	21.004799
-29.547194	-17.613749	798.314453	20.999847
-29.547194	-17.613749	796.521484	25.193876
-29.547194	-17.613749	794.726563	30.785254
-29.547194	-17.613749	792.933594	22.383995
-29.547194	-17.613749	791.138672	16.784037
-29.547194	-17.613749	789.343750	23.771774
-29.547194	-17.613749	787.546875	20.970146
-29.547194	-17.613749	785.751953	20.965197
-29.547194	-17.613749	783.955078	22.357597
-29.547194	-17.613749	782.158203	16.764240
-29.547194	-17.613749	780.361328	26.537111
-29.547194	-17.613749	778.564453	27.927204
-29.547194	-17.613749	776.765625	27.920607
-29.547194	-17.613749	774.968750	27.914009
-29.547194	-17.613749	773.169922	30.698154
-29.547194	-17.613749	771.369141	23.715694
-29.547194	-17.613749	769.570313	18.131245
-29.547194	-17.613749	767.769531	22.310101
-29.547194	-17.613749	765.970703	25.092928
-29.547194	-17.613749	764.167969	27.874437
-29.547194	-17.613749	762.367188	23.687668
-29.547194	-17.613749	760.566406	29.254313
-29.547194	-17.613749	758.763672	30.640123
-29.547194	-17.613749	756.960938	20.886049
-29.547194	-17.613749	755.158203	27.841473
-29.547194	-17.613749	753.353516	30.618368
-29.547194	-17.613749	751.550781	29.219704
-29.547194	-17.613749	749.746094	33.386036
-29.547194	-17.613749	747.941406	27.815107
-29.547194	-17.613749	746.136719	29.198942
-29.547194	-17.613749	744.330078	22.241543
-29.547194	-17.613749	742.523438	23.626038
-29.547194	-17.613749	740.718750	25.009874
-29.547194	-17.613749	738.910156	26.393053
-29.547194	-17.613749	737.103516	19.442902
-29.547194	-17.613749	735.294922	26.380537
-29.547194	-17.613749	733.488281	24.986158
-29.547194	-17.613749	731.679688	27.755812
-29.547194	-17.613749	729.869141	29.136688
-29.547194	-17.613749	728.060547	20.806980
-29.547194	-17.613749	726.250000	29.122858
-29.547194	-17.613749	724.439453	23.570049
-29.547194	-17.613749	722.628906	24.950598
-29.547194	-17.613749	720.818359	27.716303
-29.547194	-17.613749	719.005859	26.324234
-29.547194	-17.613749	717.195313	27.703136
-29.547194	-17.613749	715.382813	22.157244
-29.547194	-17.613749	713.568359	27.689972
-29.547194	-17.613749	711.755859	29.067560
-29.547194	-17.613749	709.941406	22.141449
-29.547194	-17.613749	708.126953	24.903206
-29.547194	-17.613749	706.312500	22.130920
-29.547194	-17.613749	704.498047	23.508511
-29.547194	-17.613749	702.681641	20.737869
-29.547194	-17.613749	700.867188	26.261717
-29.547194	-17.613749	699.050781	19.346134
-29.547194	-17.613749	697.232422	23.486145
-29.547194	-17.613749	695.416016	33.149017
-29.547194	-17.613749	693.597656	23.474964
-29.547194	-17.613749	691.779297	17.947168
-29.547194	-17.613749	689.960938	24.844009
-29.547194	-17.613749	688.142578	27.597879
-29.547194	-17.613749	686.324219	27.591305
-29.547194	-17.613749	684.503906	23.447021
-29.547194	-17.613749	682.683594	22.062527
-29.547194	-17.613749	680.863281	19.300110
-29.547194	-17.613749	679.041016	23.430262
-29.547194	-17.613749	677.218750	17.912989
-29.547194	-17.613749	675.398438	19.286310
-29.547194	-17.613749	673.576172	22.036242
-29.547194	-17.613749	671.751953	20.654049
-29.547194	-17.613749	669.929688	23.402338
-29.547194	-17.613749	668.105469	27.525595
-29.547194	-17.613749	666.281250	30.270929
-29.547194	-17.613749	664.457031	19.258720
-29.547194	-17.613749	662.630859	30.256481
-29.547194	-17.613749	660.806641	23.374426
-29.547194	-17.613749	658.980469	37.115227
-29.547194	-17.613749	657.154297	24.737576
-29.547194	-17.613749	655.326172	32.975555
-29.547194	-17.613749	653.500000	24.725760
-29.547194	-17.613749	651.671875	37.079777
-29.547194	-17.613749	649.843750	30.205933
-29.547194	-17.613749	648.015625	35.689392
-29.547194	-17.613749	646.185547	26.074474
-29.547194	-17.613749	644.357422	27.440254
-29.547194	-17.613749	642.527344	30.177063
-29.547194	-17.613749	640.697266	37.026630
-29.547194	-17.613749	638.865234	32.904690
-29.547194	-17.613749	637.035156	32.896820
-29.547194	-17.613749	635.203125	28.777832
-29.547194	-17.613749	633.371094	46.581532
-29.547194	-17.613749	631.539063	34.242931
-29.547194	-17.613749	629.705078	36.973515
-29.547194	-17.613749	627.873047	30.119358
-29.547194	-17.613749	626.039063	27.374680
-29.547194	-17.613749	624.203125	34.210155
-29.547194	-17.613749	622.369141	36.938122
-29.547194	-17.613749	620.535156	32.826023
-29.547194	-17.613749	618.699219	32.818161
-29.547194	-17.613749	616.863281	39.645779
-29.547194	-17.613749	615.025391	32.802437
-29.547194	-17.613749	613.189453	35.527458
-29.547194	-17.613749	611.351563	30.054491
-29.547194	-17.613749	609.513672	35.510433
-29.547194	-17.613749	607.675781	34.136459
-29.547194	-17.613749	605.837891	34.128277
-29.547194	-17.613749	603.998047	32.755291
-29.547194	-17.613749	602.158203	31.382957
-29.547194	-17.613749	600.318359	24.554686
-29.547194	-17.613749	598.478516	32.731728
-29.547194	-17.613749	596.636719	24.542906
-29.547194	-17.613749	594.796875	31.352854
-29.547194	-17.613749	592.955078	25.893969
-29.547194	-17.613749	591.111328	25.887754
-29.547194	-17.613749	589.269531	24.519354
-29.547194	-17.613749	587.425781	27.237186
-29.547194	-17.613749	585.583984	29.953711
-29.547194	-17.613749	583.738281	34.030136
-29.547194	-17.613749	581.894531	32.661083
-29.547194	-17.613749	580.050781	27.211031
-29.547194	-17.613749	578.205078	21.763596
-29.547194	-17.613749	576.359375	24.478163
-29.547194	-17.613749	574.513672	16.314854
-29.547194	-17.613749	572.666016	24.466400
-29.547194	-17.613749	570.818359	33.972946
-29.547194	-17.613749	568.970703	21.737459
-29.547194	-17.613749	567.123047	19.015703
-29.547194	-17.613749	565.275391	29.874636
-29.547194	-17.613749	563.425781	27.152229
-29.547194	-17.613749	561.576172	25.788414
-29.547194	-17.613749	559.726563	31.210045
-29.547194	-17.613749	557.876953	28.489273
-29.547194	-17.613749	556.027344	23.057198
-29.547194	-17.613749	554.175781	33.899483
-29.547194	-17.613749	552.324219	28.468714
-29.547194	-17.613749	550.472656	24.395884
-29.547194	-17.613749	548.619141	25.745012
-29.547194	-17.613749	546.767578	29.802837
-29.547194	-17.613749	544.914063	28.441315
-29.547194	-17.613749	543.060547	24.372400
-29.547194	-17.613749	541.205078	35.196098
-29.547194	-17.613749	539.351563	29.774143
-29.547194	-17.613749	537.496094	54.121765
-29.547194	-17.613749	535.640625	40.581547
-29.547194	-17.613749	533.785156	50.038517
-29.547194	-17.613749	531.927734	50.026459
-29.547194	-17.613749	530.070313	66.235291
-29.547194	-17.613749	528.212891	79.733482
-29.547194	-17.613749	526.355469	108.087135
-29.547194	-17.613749	524.498047	183.703842
-29.547194	-17.613749	522.638672	355.165161
-29.547194	-17.613749	520.779297	615.651184
-29.547194	-17.613749	518.919922	487.273010
-29.547194	-17.613749	517.060547	245.601944
-29.547194	-17.613749	515.199219	138.960983
-29.547194	-17.613749	513.339844	91.719101
-29.547194	-17.613749	511.478516	91.696976
-29.547194	-17.613749	509.615234	67.407982
-29.547194	-17.613749	507.753906	60.652546
-29.547194	-17.613749	505.890625	68.722969
-29.547194	-17.613749	504.027344	66.012016
-29.547194	-17.613749	502.164063	57.914928
-29.547194	-17.613749	500.300781	68.673218
-29.547194	-17.613749	498.435547	64.618011
-29.547194	-17.613749	496.570313	71.331833
-29.547194	-17.613749	494.705078	65.932373
-29.547194	-17.613749	492.839844	64.571220
-29.547194	-17.613749	490.972656	67.245445
-29.547194	-17.613749	489.107422	57.817112
-29.547194	-17.613749	487.240234	47.049072
-29.547194	-17.613749	485.371094	38.974102
-29.547194	-17.613749	483.503906	55.088001
-29.547194	-17.613749	481.634766	37.611984
-29.547194	-17.613749	479.765625	42.974739
-29.547194	-17.613749	477.896484	44.306988
-29.547194	-17.613749	476.027344	42.953968
-29.547194	-17.613749	474.156250	41.601601
-29.547194	-17.613749	472.285156	37.566555
-29.547194	-17.613749	470.414063	38.898811
-29.547194	-17.613749	468.542969	45.594475
-29.547194	-17.613749	466.669922	36.198624
-29.547194	-17.613749	464.796875	30.828407
-29.547194	-17.613749	462.923828	32.160992
-29.547194	-17.613749	461.050781	36.172367
-29.547194	-17.613749	459.177734	36.163616
-29.547194	-17.613749	457.302734	30.798592
-29.547194	-17.613749	455.427734	32.129887
-29.547194	-17.613749	453.552734	29.445271
-29.547194	-17.613749	451.675781	26.761950
-29.547194	-17.613749	449.800781	33.444344
-29.547194	-17.613749	447.923828	33.436249
-29.547194	-17.613749	446.046875	32.091030
-29.547194	-17.613749	444.169922	30.746460
-29.547194	-17.613749	442.291016	28.066059
-29.547194	-17.613749	440.412109	34.740044
-29.547194	-17.613749	438.533203	30.724134
-29.547194	-17.613749	436.654297	32.052204
-29.547194	-17.613749	434.773438	30.709259
-29.547194	-17.613749	432.894531	25.362373
-29.547194	-17.613749	431.013672	24.021694
-29.547194	-17.613749	429.130859	28.018520
-29.547194	-17.613749	427.250000	26.677843
-29.547194	-17.613749	425.367188	28.004950
-29.547194	-17.613749	423.484375	29.331411
-29.547194	-17.613749	421.601563	31.990150
-29.547194	-17.613749	419.718750	31.982399
-29.547194	-17.613749	417.833984	35.971481
-29.547194	-17.613749	415.949219	29.302992
-29.547194	-17.613749	414.064453	31.959154
-29.547194	-17.613749	412.179688	15.975704
-29.547194	-17.613749	410.294922	33.274651
-29.547194	-17.613749	408.408203	25.282604
-29.547194	-17.613749	406.521484	29.267498
-29.547194	-17.613749	404.634766	29.260403
-29.547194	-17.613749	402.746094	47.869049
-29.547194	-17.613749	400.857422	43.869324
-29.547194	-17.613749	398.968750	73.097809
-29.547194	-17.613749	397.080078	77.066269
-29.547194	-17.613749	395.191406	79.704391
-29.547194	-17.613749	393.300781	92.965904
-29.547194	-17.613749	391.410156	69.043640
-29.547194	-17.613749	389.519531	58.407372
-29.547194	-17.613749	387.628906	62.374557
-29.547194	-17.613749	385.736328	63.686222
-29.547194	-17.613749	383.843750	54.385452
-29.547194	-17.613749	381.951172	50.393799
-29.547194	-17.613749	380.058594	55.684895
-29.547194	-17.613749	378.164063	59.647911
-29.547194	-17.613749	376.271484	76.860878
-29.547194	-17.613749	374.376953	82.141685
-29.547194	-17.613749	372.480469	63.578133
-29.547194	-17.613749	370.585938	59.590031
-29.547194	-17.613749	368.689453	55.603863
-29.547194	-17.613749	366.792969	51.619629
-29.547194	-17.613749	364.896484	44.990803
-29.547194	-17.613749	363.000000	46.302818
-29.547194	-17.613749	361.101563	48.936813
-29.547194	-17.613749	359.203125	56.858704
-29.547194	-17.613749	357.304688	60.810825
-29.547194	-17.613749	355.406250	52.866138
-29.547194	-17.613749	353.505859	52.853302
-29.547194	-17.613749	351.605469	58.124516
-29.547194	-17.613749	349.705078	60.751781
-29.547194	-17.613749	347.804688	60.737030
-29.547194	-17.613749	345.902344	40.921535
-29.547194	-17.613749	344.001953	50.149700
-29.547194	-17.613749	342.099609	50.137520
-29.547194	-17.613749	340.195313	51.444431
-29.547194	-17.613749	338.292969	52.750706
-29.547194	-17.613749	336.388672	35.598076
-29.547194	-17.613749	334.484375	46.134445
-29.547194	-17.613749	332.580078	39.534203
-29.547194	-17.613749	330.675781	39.524601
-29.547194	-17.613749	328.769531	30.294832
-29.547194	-17.613749	326.863281	34.238010
-29.547194	-17.613749	324.957031	32.913166
-29.547194	-17.613749	323.048828	40.802410
-29.547194	-17.613749	321.142578	40.792496
-29.547194	-17.613749	319.234375	35.520317
-29.547194	-17.613749	317.326172	42.087921
-29.547194	-17.613749	315.417969	34.188126
-29.547194	-17.613749	313.507813	35.494427
-29.547194	-17.613749	311.597656	47.314404
-29.547194	-17.613749	309.687500	30.221300
-29.547194	-17.613749	307.777344	35.468555
-29.547194	-17.613749	305.865234	28.893282
-29.547194	-17.613749	303.955078	38.077343
-29.547194	-17.613749	302.042969	34.130009
-29.547194	-17.613749	300.128906	39.371208
-29.547194	-17.613749	298.216797	27.553148
-29.547194	-17.613749	296.302734	43.287277
-29.547194	-17.613749	294.388672	30.162588
-29.547194	-17.613749	292.474609	32.777454
-29.547194	-17.613749	290.560547	41.944942
-29.547194	-17.613749	288.644531	45.866127
-29.547194	-17.613749	286.728516	49.785404
-29.547194	-17.613749	284.812500	51.083126
-29.547194	-17.613749	282.896484	48.451698
-29.547194	-17.613749	280.978516	52.367477
-29.547194	-17.613749	279.060547	52.354748
-29.547194	-17.613749	277.142578	68.044624
-29.547194	-17.613749	275.224609	62.795155
-29.547194	-17.613749	273.304688	65.395714
-29.547194	-17.613749	271.384766	69.302605
-29.547194	-17.613749	269.464844	81.051262
-29.547194	-17.613749	267.544922	99.329002
-29.547194	-17.613749	265.623047	131.970932
-29.547194	-17.613749	263.703125	203.786728
-29.547194	-17.613749	261.781250	318.665833
-29.547194	-17.613749	259.857422	305.531464
-29.547194	-17.613749	257.935547	291.098083
-29.547194	-17.613749	256.011719	259.705963
-29.547194	-17.613749	254.087891	260.947571
-29.547194	-17.613749	252.164063	568.727356
-29.547194	-17.613749	250.240234	1930.073120
-29.547194	-17.613749	248.314453	1910.046997
-29.547194	-17.613749	246.388672	817.275269
-29.547194	-17.613749	244.462891	385.733124
-29.547194	-17.613749	242.535156	264.475616
-29.547194	-17.613749	240.609375	201.890411
-29.547194	-17.613749	238.681641	177.099487
-29.547194	-17.613749	236.753906	140.603638
-29.547194	-17.613749	234.824219	115.839638
-29.547194	-17.613749	232.896484	94.991432
-29.547194	-17.613749	230.966797	87.162720
-29.547194	-17.613749	229.037109	71.534088
-29.547194	-17.613749	227.107422	79.318520
-29.547194	-17.613749	225.175781	80.599220
-29.547194	-17.613749	223.244141	83.178970
-29.547194	-17.613749	221.312500	80.560036
-29.547194	-17.613749	219.380859	93.530838
-29.547194	-17.613749	217.447266	83.118309
-29.547194	-17.613749	215.515625	75.307655
-29.547194	-17.613749	213.582031	68.798889
-29.547194	-17.613749	211.646484	68.782166
-29.547194	-17.613749	209.712891	62.278133
-29.547194	-17.613749	207.777344	67.451576
-29.547194	-17.613749	205.841797	57.060535
-29.547194	-17.613749	203.906250	46.674545
-29.547194	-17.613749	201.968750	31.108799
-29.547194	-17.613749	200.033203	31.101236
-29.547194	-17.613749	198.095703	37.571526
-29.547194	-17.613749	196.158203	36.267139
-29.547194	-17.613749	194.218750	34.963383
-29.547194	-17.613749	192.281250	32.365635
-29.547194	-17.613749	190.341797	33.652077
-29.547194	-17.613749	188.402344	32.349903
-29.547194	-17.613749	186.460938	27.167313
-29.547194	-17.613749	184.521484	28.454077
-29.547194	-17.613749	182.580078	19.395792
-29.547194	-17.613749	180.638672	24.562033
-29.547194	-17.613749	178.695313	20.678791
-29.547194	-17.613749	176.753906	25.842207
-29.547194	-17.613749	174.810547	19.376945
-29.547194	-17.613749	172.867188	27.121132
-29.547194	-17.613749	170.921875	23.241035
-29.547194	-17.613749	168.978516	27.107952
-29.547194	-17.613749	167.033203	25.810825
-29.547194	-17.613749	165.087891	33.545921
-29.547194	-17.613749	163.142578	39.987343
-29.547194	-17.613749	161.195313	33.529621
-29.547194	-17.613749	159.248047	30.942902
-29.547194	-17.613749	157.300781	34.802307
-29.547194	-17.613749	155.353516	27.061886
-29.547194	-17.613749	153.406250	29.632010
-29.547194	-17.613749	151.457031	52.809448
-29.547194	-17.613749	149.507813	32.193062
-29.547194	-17.613749	147.558594	39.909702
-29.547194	-17.613749	145.607422	45.048397
-29.547194	-17.613749	143.658203	55.331734
-29.547194	-17.613749	141.707031	47.599464
-29.547194	-17.613749	139.753906	56.591022
-29.547194	-17.613749	137.802734	70.721603
-29.547194	-17.613749	135.849609	62.991222
-29.547194	-17.613749	133.896484	55.264591
-29.547194	-17.613749	131.943359	50.111530
-29.547194	-17.613749	129.990234	55.237759
-29.547194	-17.613749	128.035156	57.792927
-29.547194	-17.613749	126.080078	47.507092
-29.547194	-17.613749	124.125000	52.630219
-29.547194	-17.613749	122.169922	48.767387
-29.547194	-17.613749	120.212891	48.755550
-29.547194	-17.613749	118.255859	57.722824
-29.547194	-17.613749	116.298828	53.861565
-29.547194	-17.613749	114.341797	50.002174
-29.547194	-17.613749	112.382813	49.990040
-29.547194	-17.613749	110.423828	32.037125
-29.547194	-17.613749	108.464844	25.623482
-29.547194	-17.613749	106.505859	24.336403
-29.547194	-17.613749	104.544922	16.647184
-29.547194	-17.613749	102.585938	12.802420
-29.547194	-17.613749	100.625000	8.959520
-29.547194	-17.613749	98.662109	3.838863
-29.547194	-17.613749	96.701172	2.558621
-29.547194	-17.613749	94.738281	2.558001
-29.547194	-17.613749	92.775391	3.836071
-29.547194	-17.613749	90.812500	0.000000
-29.547194	-17.613749	88.847656	0.000000
-29.547194	-17.613749	86.882813	2.555521
-29.547194	-17.613749	84.917969	2.554902
-29.547194	-17.613749	82.953125	-2.554283
-29.547194	-17.613749	80.988281	1.276832
-29.547194	-17.613749	79.021484	2.553045
-29.547194	-17.613749	77.054688	1.276213
-29.547194	-17.613749	75.087891	1.275904
-29.547194	-17.613749	73.119141	1.275595
-29.547194	-17.613749	71.152344	1.275286
-29.547194	-17.613749	69.183594	0.000000
-29.547194	-17.613749	67.212891	1.274668
-29.547194	-17.613749	65.244141	0.000000
-29.547194	-17.613749	63.273438	2.548101
-29.547194	-17.613749	61.302734	1.273742
-29.547194	-17.613749	59.332031	0.000000
-26.547194	-17.613749	1838.626953	24.107229
-26.547194	-17.613749	1837.066406	17.678635
-26.547194	-17.613749	1835.503906	25.708906
-26.547194	-17.613749	1833.941406	17.671112
-26.547194	-17.613749	1832.378906	24.091843
-26.547194	-17.613749	1830.816406	20.875154
-26.547194	-17.613749	1829.251953	25.687029
-26.547194	-17.613749	1827.687500	24.076466
-26.547194	-17.613749	1826.125000	24.071342
-26.547194	-17.613749	1824.560547	19.252975
-26.547194	-17.613749	1822.994141	24.061098
-26.547194	-17.613749	1821.429688	22.452244
-26.547194	-17.613749	1819.865234	30.464418
-26.547194	-17.613749	1818.298828	17.633541
-26.547194	-17.613749	1816.732422	25.643328
-26.547194	-17.613749	1815.166016	22.433136
-26.547194	-17.613749	1813.599609	20.826334
-26.547194	-17.613749	1812.033203	11.211793
-26.547194	-17.613749	1810.464844	22.418814
-26.547194	-17.613749	1808.896484	20.813038
-26.547194	-17.613749	1807.330078	20.808607
-26.547194	-17.613749	1805.759766	20.804178
-26.547194	-17.613749	1804.191406	20.799747
-26.547194	-17.613749	1802.623047	22.394960
-26.547194	-17.613749	1801.052734	23.989491
-26.547194	-17.613749	1799.484375	14.390630
-26.547194	-17.613749	1797.914063	23.979277
-26.547194	-17.613749	1796.343750	14.384502
-26.547194	-17.613749	1794.771484	22.371128
-26.547194	-17.613749	1793.201172	17.573572
-26.547194	-17.613749	1791.628906	20.764343
-26.547194	-17.613749	1790.058594	22.356838
-26.547194	-17.613749	1788.486328	22.352077
-26.547194	-17.613749	1786.914063	27.136026
-26.547194	-17.613749	1785.339844	17.554865
-26.547194	-17.613749	1783.767578	23.933353
-26.547194	-17.613749	1782.193359	17.547388
-26.547194	-17.613749	1780.621094	20.733404
-26.547194	-17.613749	1779.046875	22.323524
-26.547194	-17.613749	1777.470703	14.347780
-26.547194	-17.613749	1775.896484	20.720156
-26.547194	-17.613749	1774.322266	22.309259
-26.547194	-17.613749	1772.746094	20.711327
-26.547194	-17.613749	1771.169922	19.114075
-26.547194	-17.613749	1769.593750	20.702501
-26.547194	-17.613749	1768.017578	17.513767
-26.547194	-17.613749	1766.441406	20.693678
-26.547194	-17.613749	1764.863281	28.646677
-26.547194	-17.613749	1763.287109	17.502571
-26.547194	-17.613749	1761.708984	17.498840
-26.547194	-17.613749	1760.130859	20.676041
-26.547194	-17.613749	1758.552734	19.081507
-26.547194	-17.613749	1756.972656	27.026371
-26.547194	-17.613749	1755.394531	19.073372
-26.547194	-17.613749	1753.814453	20.658413
-26.547194	-17.613749	1752.234375	25.420317
-26.547194	-17.613749	1750.654297	17.472742
-26.547194	-17.613749	1749.074219	25.409477
-26.547194	-17.613749	1747.492188	25.404058
-26.547194	-17.613749	1745.912109	31.748299
-26.547194	-17.613749	1744.330078	25.393221
-26.547194	-17.613749	1742.748047	14.280641
-26.547194	-17.613749	1741.166016	20.623192
-26.547194	-17.613749	1739.583984	19.032730
-26.547194	-17.613749	1738.000000	19.028669
-26.547194	-17.613749	1736.417969	20.609993
-26.547194	-17.613749	1734.833984	20.605597
-26.547194	-17.613749	1733.250000	22.185905
-26.547194	-17.613749	1731.666016	23.765541
-26.547194	-17.613749	1730.082031	17.424343
-26.547194	-17.613749	1728.496094	19.004316
-26.547194	-17.613749	1726.912109	14.250196
-26.547194	-17.613749	1725.326172	22.162239
-26.547194	-17.613749	1723.740234	22.157507
-26.547194	-17.613749	1722.154297	25.317457
-26.547194	-17.613749	1720.566406	22.148046
-26.547194	-17.613749	1718.980469	31.633308
-26.547194	-17.613749	1717.392578	30.045225
-26.547194	-17.613749	1715.804688	22.133858
-26.547194	-17.613749	1714.216797	22.129131
-26.547194	-17.613749	1712.628906	26.865347
-26.547194	-17.613749	1711.041016	23.699654
-26.547194	-17.613749	1709.451172	17.376034
-26.547194	-17.613749	1707.861328	22.110226
-26.547194	-17.613749	1706.271484	23.684465
-26.547194	-17.613749	1704.681641	17.364897
-26.547194	-17.613749	1703.091797	18.939476
-26.547194	-17.613749	1701.501953	17.357475
-26.547194	-17.613749	1699.910156	23.664225
-26.547194	-17.613749	1698.318359	18.927332
-26.547194	-17.613749	1696.726563	18.923286
-26.547194	-17.613749	1695.134766	11.036223
-26.547194	-17.613749	1693.542969	20.491461
-26.547194	-17.613749	1691.949219	20.487078
-26.547194	-17.613749	1690.357422	18.907104
-26.547194	-17.613749	1688.763672	17.327806
-26.547194	-17.613749	1687.169922	18.899017
-26.547194	-17.613749	1685.576172	26.767879
-26.547194	-17.613749	1683.982422	20.465176
-26.547194	-17.613749	1682.386719	17.312983
-26.547194	-17.613749	1680.791016	28.324272
-26.547194	-17.613749	1679.195313	20.452040
-26.547194	-17.613749	1677.599609	25.166355
-26.547194	-17.613749	1676.003906	26.733528
-26.547194	-17.613749	1674.408203	26.727806
-26.547194	-17.613749	1672.810547	26.722082
-26.547194	-17.613749	1671.214844	25.144810
-26.547194	-17.613749	1669.617188	25.139425
-26.547194	-17.613749	1668.019531	28.275797
-26.547194	-17.613749	1666.419922	17.275953
-26.547194	-17.613749	1664.822266	23.553072
-26.547194	-17.613749	1663.222656	21.978157
-26.547194	-17.613749	1661.623047	18.834385
-26.547194	-17.613749	1660.023438	18.830349
-26.547194	-17.613749	1658.423828	15.688595
-26.547194	-17.613749	1656.824219	21.959326
-26.547194	-17.613749	1655.222656	20.386433
-26.547194	-17.613749	1653.623047	23.517763
-26.547194	-17.613749	1652.021484	21.945208
-26.547194	-17.613749	1650.419922	17.238966
-26.547194	-17.613749	1648.818359	23.502640
-26.547194	-17.613749	1647.214844	28.197119
-26.547194	-17.613749	1645.613281	23.492559
-26.547194	-17.613749	1644.009766	20.355850
-26.547194	-17.613749	1642.406250	25.047981
-26.547194	-17.613749	1640.802734	26.607769
-26.547194	-17.613749	1639.199219	21.907579
-26.547194	-17.613749	1637.593750	12.515930
-26.547194	-17.613749	1635.990234	23.462332
-26.547194	-17.613749	1634.384766	25.021116
-26.547194	-17.613749	1632.779297	18.761808
-26.547194	-17.613749	1631.173828	21.884077
-26.547194	-17.613749	1629.568359	23.442190
-26.547194	-17.613749	1627.960938	26.562111
-26.547194	-17.613749	1626.353516	21.869982
-26.547194	-17.613749	1624.748047	26.550701
-26.547194	-17.613749	1623.140625	23.422056
-26.547194	-17.613749	1621.531250	15.611350
-26.547194	-17.613749	1619.923828	26.533592
-26.547194	-17.613749	1618.314453	23.406961
-26.547194	-17.613749	1616.707031	18.721544
-26.547194	-17.613749	1615.097656	18.717520
-26.547194	-17.613749	1613.488281	20.272955
-26.547194	-17.613749	1611.878906	17.150351
-26.547194	-17.613749	1610.267578	24.940599
-26.547194	-17.613749	1608.656250	18.701427
-26.547194	-17.613749	1607.046875	29.604223
-26.547194	-17.613749	1605.435547	23.366728
-26.547194	-17.613749	1603.824219	23.361700
-26.547194	-17.613749	1602.210938	20.242451
-26.547194	-17.613749	1600.599609	20.238094
-26.547194	-17.613749	1598.986328	18.677298
-26.547194	-17.613749	1597.373047	18.673277
-26.547194	-17.613749	1595.759766	18.669256
-26.547194	-17.613749	1594.146484	21.776110
-26.547194	-17.613749	1592.533203	23.326523
-26.547194	-17.613749	1590.917969	21.766733
-26.547194	-17.613749	1589.302734	15.544317
-26.547194	-17.613749	1587.687500	20.203259
-26.547194	-17.613749	1586.072266	24.860191
-26.547194	-17.613749	1584.457031	17.087700
-26.547194	-17.613749	1582.839844	26.402571
-26.547194	-17.613749	1581.224609	18.633093
-26.547194	-17.613749	1579.607422	23.286345
-26.547194	-17.613749	1577.990234	24.833412
-26.547194	-17.613749	1576.373047	15.517535
-26.547194	-17.613749	1574.755859	17.065609
-26.547194	-17.613749	1573.136719	23.266264
-26.547194	-17.613749	1571.517578	26.362745
-26.547194	-17.613749	1569.898438	21.705812
-26.547194	-17.613749	1568.279297	18.600967
-26.547194	-17.613749	1566.660156	17.047207
-26.547194	-17.613749	1565.041016	20.142351
-26.547194	-17.613749	1563.419922	15.490771
-26.547194	-17.613749	1561.798828	21.682398
-26.547194	-17.613749	1560.177734	23.226124
-26.547194	-17.613749	1558.556641	26.317255
-26.547194	-17.613749	1556.935547	26.311571
-26.547194	-17.613749	1555.312500	20.116266
-26.547194	-17.613749	1553.691406	27.847275
-26.547194	-17.613749	1552.068359	21.654310
-26.547194	-17.613749	1550.445313	24.742435
-26.547194	-17.613749	1548.822266	20.098883
-26.547194	-17.613749	1547.197266	30.914675
-26.547194	-17.613749	1545.574219	21.635593
-26.547194	-17.613749	1543.949219	20.085850
-26.547194	-17.613749	1542.324219	24.715698
-26.547194	-17.613749	1540.699219	16.988367
-26.547194	-17.613749	1539.072266	24.705006
-26.547194	-17.613749	1537.447266	32.418304
-26.547194	-17.613749	1535.820313	21.607527
-26.547194	-17.613749	1534.193359	23.145910
-26.547194	-17.613749	1532.566406	18.512720
-26.547194	-17.613749	1530.939453	21.593496
-26.547194	-17.613749	1529.312500	20.046762
-26.547194	-17.613749	1527.683594	21.584146
-26.547194	-17.613749	1526.056641	12.331126
-26.547194	-17.613749	1524.427734	13.869512
-26.547194	-17.613749	1522.798828	23.110844
-26.547194	-17.613749	1521.167969	21.565447
-26.547194	-17.613749	1519.539063	20.020718
-26.547194	-17.613749	1517.908203	24.635542
-26.547194	-17.613749	1516.277344	29.248362
-26.547194	-17.613749	1514.646484	16.929590
-26.547194	-17.613749	1513.015625	16.925919
-26.547194	-17.613749	1511.384766	16.922247
-26.547194	-17.613749	1509.751953	18.456629
-26.547194	-17.613749	1508.121094	18.452623
-26.547194	-17.613749	1506.488281	18.448620
-26.547194	-17.613749	1504.855469	13.833462
-26.547194	-17.613749	1503.220703	23.050764
-26.547194	-17.613749	1501.587891	19.972992
-26.547194	-17.613749	1499.953125	16.896553
-26.547194	-17.613749	1498.318359	24.571466
-26.547194	-17.613749	1496.683594	19.959980
-26.547194	-17.613749	1495.048828	19.955645
-26.547194	-17.613749	1493.414063	23.020739
-26.547194	-17.613749	1491.777344	15.343824
-26.547194	-17.613749	1490.140625	27.612881
-26.547194	-17.613749	1488.505859	16.870869
-26.547194	-17.613749	1486.867188	19.933964
-26.547194	-17.613749	1485.230469	24.528774
-26.547194	-17.613749	1483.593750	29.121584
-26.547194	-17.613749	1481.955078	21.453341
-26.547194	-17.613749	1480.316406	12.256385
-26.547194	-17.613749	1478.677734	18.380577
-26.547194	-17.613749	1477.039063	29.096245
-26.547194	-17.613749	1475.400391	24.496767
-26.547194	-17.613749	1473.759766	19.899290
-26.547194	-17.613749	1472.119141	16.834194
-26.547194	-17.613749	1470.478516	13.770432
-26.547194	-17.613749	1468.837891	12.237717
-26.547194	-17.613749	1467.197266	22.940720
-26.547194	-17.613749	1465.556641	16.819529
-26.547194	-17.613749	1463.914063	18.344578
-26.547194	-17.613749	1462.271484	25.982485
-26.547194	-17.613749	1460.628906	25.976820
-26.547194	-17.613749	1458.986328	27.498871
-26.547194	-17.613749	1457.343750	19.855965
-26.547194	-17.613749	1455.699219	25.959827
-26.547194	-17.613749	1454.054688	18.320585
-26.547194	-17.613749	1452.410156	18.316587
-26.547194	-17.613749	1450.765625	16.786541
-26.547194	-17.613749	1449.121094	15.257160
-26.547194	-17.613749	1447.474609	22.880745
-26.547194	-17.613749	1445.830078	19.825647
-26.547194	-17.613749	1444.183594	19.821318
-26.547194	-17.613749	1442.537109	27.438906
-26.547194	-17.613749	1440.890625	13.716455
-26.547194	-17.613749	1439.242188	22.855764
-26.547194	-17.613749	1437.595703	19.803999
-26.547194	-17.613749	1435.947266	12.184412
-26.547194	-17.613749	1434.298828	10.659030
-26.547194	-17.613749	1432.650391	21.313396
-26.547194	-17.613749	1431.000000	16.742579
-26.547194	-17.613749	1429.351563	24.347513
-26.547194	-17.613749	1427.701172	19.778027
-26.547194	-17.613749	1426.050781	15.210537
-26.547194	-17.613749	1424.400391	24.331532
-26.547194	-17.613749	1422.750000	25.846594
-26.547194	-17.613749	1421.097656	18.240660
-26.547194	-17.613749	1419.447266	21.276108
-26.547194	-17.613749	1417.794922	25.829615
-26.547194	-17.613749	1416.142578	21.266788
-26.547194	-17.613749	1414.490234	22.780851
-26.547194	-17.613749	1412.835938	19.739077
-26.547194	-17.613749	1411.183594	18.216692
-26.547194	-17.613749	1409.529297	19.730423
-26.547194	-17.613749	1407.875000	15.173921
-26.547194	-17.613749	1406.220703	25.790009
-26.547194	-17.613749	1404.566406	16.683992
-26.547194	-17.613749	1402.910156	18.196724
-26.547194	-17.613749	1401.255859	15.160609
-26.547194	-17.613749	1399.599609	18.188738
-26.547194	-17.613749	1397.943359	18.184746
-26.547194	-17.613749	1396.287109	18.180754
-26.547194	-17.613749	1394.628906	21.206221
-26.547194	-17.613749	1392.970703	21.201563
-26.547194	-17.613749	1391.314453	15.140646
-26.547194	-17.613749	1389.656250	16.651051
-26.547194	-17.613749	1387.998047	16.647392
-26.547194	-17.613749	1386.337891	18.156799
-26.547194	-17.613749	1384.679688	18.152807
-26.547194	-17.613749	1383.019531	16.636414
-26.547194	-17.613749	1381.359375	22.681028
-26.547194	-17.613749	1379.699219	24.187775
-26.547194	-17.613749	1378.039063	15.114034
-26.547194	-17.613749	1376.376953	24.177132
-26.547194	-17.613749	1374.716797	21.150333
-26.547194	-17.613749	1373.054688	19.635271
-26.547194	-17.613749	1371.392578	21.141022
-26.547194	-17.613749	1369.728516	21.136366
-26.547194	-17.613749	1368.066406	12.075262
-26.547194	-17.613749	1366.402344	16.599827
-26.547194	-17.613749	1364.740234	16.596170
-26.547194	-17.613749	1363.076172	24.134562
-26.547194	-17.613749	1361.412109	24.129242
-26.547194	-17.613749	1359.746094	19.600687
-26.547194	-17.613749	1358.082031	15.074125
-26.547194	-17.613749	1356.416016	25.620361
-26.547194	-17.613749	1354.750000	30.134951
-26.547194	-17.613749	1353.083984	19.583397
-26.547194	-17.613749	1351.417969	18.072990
-26.547194	-17.613749	1349.750000	27.103502
-26.547194	-17.613749	1348.083984	24.086683
-26.547194	-17.613749	1346.416016	21.071194
-26.547194	-17.613749	1344.748047	24.076044
-26.547194	-17.613749	1343.078125	25.575146
-26.547194	-17.613749	1341.410156	19.553143
-26.547194	-17.613749	1339.740234	24.060087
-26.547194	-17.613749	1338.072266	22.551346
-26.547194	-17.613749	1336.402344	12.024725
-26.547194	-17.613749	1334.730469	21.038616
-26.547194	-17.613749	1333.060547	19.531536
-26.547194	-17.613749	1331.388672	22.531403
-26.547194	-17.613749	1329.718750	21.024654
-26.547194	-17.613749	1328.046875	16.515717
-26.547194	-17.613749	1326.375000	18.013157
-26.547194	-17.613749	1324.701172	16.508404
-26.547194	-17.613749	1323.029297	15.004316
-26.547194	-17.613749	1321.355469	19.501291
-26.547194	-17.613749	1319.681641	20.996737
-26.547194	-17.613749	1318.007813	22.491520
-26.547194	-17.613749	1316.333984	20.987432
-26.547194	-17.613749	1314.660156	17.985239
-26.547194	-17.613749	1312.984375	22.476564
-26.547194	-17.613749	1311.308594	19.475370
-26.547194	-17.613749	1309.632813	22.466597
-26.547194	-17.613749	1307.957031	22.461611
-26.547194	-17.613749	1306.279297	19.462410
-26.547194	-17.613749	1304.603516	22.451643
-26.547194	-17.613749	1302.925781	17.957327
-26.547194	-17.613749	1301.248047	20.945564
-26.547194	-17.613749	1299.570313	20.940912
-26.547194	-17.613749	1297.892578	19.440813
-26.547194	-17.613749	1296.212891	17.941380
-26.547194	-17.613749	1294.533203	25.411306
-26.547194	-17.613749	1292.853516	13.450054
-26.547194	-17.613749	1291.173828	13.447063
-26.547194	-17.613749	1289.494141	28.381933
-26.547194	-17.613749	1287.812500	14.934538
-26.547194	-17.613749	1286.132813	20.903702
-26.547194	-17.613749	1284.451172	26.870209
-26.547194	-17.613749	1282.769531	16.417028
-26.547194	-17.613749	1281.085938	17.905500
-26.547194	-17.613749	1279.404297	22.376892
-26.547194	-17.613749	1277.720703	22.371908
-26.547194	-17.613749	1276.039063	17.893541
-26.547194	-17.613749	1274.355469	23.852739
-26.547194	-17.613749	1272.669922	16.395105
-26.547194	-17.613749	1270.986328	14.901320
-26.547194	-17.613749	1269.300781	13.408197
-26.547194	-17.613749	1267.615234	16.384144
-26.547194	-17.613749	1265.929688	19.358761
-26.547194	-17.613749	1264.244141	19.354443
-26.547194	-17.613749	1262.558594	17.861654
-26.547194	-17.613749	1260.871094	28.274641
-26.547194	-17.613749	1259.185547	20.829296
-26.547194	-17.613749	1257.498047	19.337172
-26.547194	-17.613749	1255.808594	13.384284
-26.547194	-17.613749	1254.121094	23.788969
-26.547194	-17.613749	1252.433594	17.837742
-26.547194	-17.613749	1250.744141	23.778341
-26.547194	-17.613749	1249.054688	14.858143
-26.547194	-17.613749	1247.365234	22.282232
-26.547194	-17.613749	1245.673828	19.306952
-26.547194	-17.613749	1243.984375	16.332998
-26.547194	-17.613749	1242.292969	17.813831
-26.547194	-17.613749	1240.601563	26.714769
-26.547194	-17.613749	1238.910156	28.192614
-26.547194	-17.613749	1237.218750	23.735836
-26.547194	-17.613749	1235.525391	23.730522
-26.547194	-17.613749	1233.833984	26.690861
-26.547194	-17.613749	1232.140625	20.754910
-26.547194	-17.613749	1230.447266	26.678907
-26.547194	-17.613749	1228.753906	19.263783
-26.547194	-17.613749	1227.058594	17.777969
-26.547194	-17.613749	1225.365234	20.736317
-26.547194	-17.613749	1223.669922	17.770000
-26.547194	-17.613749	1221.974609	23.688023
-26.547194	-17.613749	1220.277344	16.281862
-26.547194	-17.613749	1218.582031	22.197559
-26.547194	-17.613749	1216.884766	14.795053
-26.547194	-17.613749	1215.189453	19.229254
-26.547194	-17.613749	1213.492188	20.703779
-26.547194	-17.613749	1211.792969	16.263603
-26.547194	-17.613749	1210.095703	22.172659
-26.547194	-17.613749	1208.396484	23.645525
-26.547194	-17.613749	1206.699219	14.775133
-26.547194	-17.613749	1205.000000	22.157721
-26.547194	-17.613749	1203.298828	23.629591
-26.547194	-17.613749	1201.599609	17.718208
-26.547194	-17.613749	1199.900391	22.142782
-26.547194	-17.613749	1198.199219	19.186094
-26.547194	-17.613749	1196.498047	28.034908
-26.547194	-17.613749	1194.796875	16.227085
-26.547194	-17.613749	1193.093750	16.223434
-26.547194	-17.613749	1191.392578	17.694307
-26.547194	-17.613749	1189.689453	25.061293
-26.547194	-17.613749	1187.986328	20.634066
-26.547194	-17.613749	1186.283203	17.682358
-26.547194	-17.613749	1184.580078	17.678375
-26.547194	-17.613749	1182.875000	25.038721
-26.547194	-17.613749	1181.169922	16.197874
-26.547194	-17.613749	1179.464844	20.610830
-26.547194	-17.613749	1177.759766	19.134314
-26.547194	-17.613749	1176.054688	13.243845
-26.547194	-17.613749	1174.347656	22.068096
-26.547194	-17.613749	1172.642578	17.650494
-26.547194	-17.613749	1170.935547	23.528681
-26.547194	-17.613749	1169.228516	22.053160
-26.547194	-17.613749	1167.519531	23.518061
-26.547194	-17.613749	1165.812500	22.043203
-26.547194	-17.613749	1164.103516	24.976656
-26.547194	-17.613749	1162.394531	19.095480
-26.547194	-17.613749	1160.685547	24.965372
-26.547194	-17.613749	1158.976563	22.023291
-26.547194	-17.613749	1157.265625	19.082539
-26.547194	-17.613749	1155.556641	16.143112
-26.547194	-17.613749	1153.845703	14.672238
-26.547194	-17.613749	1152.134766	22.003380
-26.547194	-17.613749	1150.423828	19.065281
-26.547194	-17.613749	1148.710938	19.060966
-26.547194	-17.613749	1146.998047	16.124861
-26.547194	-17.613749	1145.287109	24.914597
-26.547194	-17.613749	1143.572266	23.443724
-26.547194	-17.613749	1141.859375	20.508612
-26.547194	-17.613749	1140.146484	16.110260
-26.547194	-17.613749	1138.431641	16.106609
-26.547194	-17.613749	1136.716797	21.958582
-26.547194	-17.613749	1135.001953	27.807898
-26.547194	-17.613749	1133.287109	23.411869
-26.547194	-17.613749	1131.570313	21.943649
-26.547194	-17.613749	1129.855469	14.625781
-26.547194	-17.613749	1128.138672	19.009203
-26.547194	-17.613749	1126.421875	19.004889
-26.547194	-17.613749	1124.703125	24.846907
-26.547194	-17.613749	1122.986328	14.612510
-26.547194	-17.613749	1121.267578	18.991949
-26.547194	-17.613749	1119.548828	26.290573
-26.547194	-17.613749	1117.830078	18.983324
-26.547194	-17.613749	1116.111328	14.599238
-26.547194	-17.613749	1114.392578	23.353474
-26.547194	-17.613749	1112.671875	24.807426
-26.547194	-17.613749	1110.951172	17.507143
-26.547194	-17.613749	1109.230469	23.337549
-26.547194	-17.613749	1107.509766	23.332241
-26.547194	-17.613749	1105.787109	23.326933
-26.547194	-17.613749	1104.066406	23.321625
-26.547194	-17.613749	1102.343750	27.688128
-26.547194	-17.613749	1100.621094	20.397133
-26.547194	-17.613749	1098.896484	16.022671
-26.547194	-17.613749	1097.173828	20.387844
-26.547194	-17.613749	1095.449219	18.927258
-26.547194	-17.613749	1093.724609	18.922945
-26.547194	-17.613749	1092.000000	23.284472
-26.547194	-17.613749	1090.275391	23.279165
-26.547194	-17.613749	1088.550781	14.546161
-26.547194	-17.613749	1086.824219	21.814266
-26.547194	-17.613749	1085.097656	20.355337
-26.547194	-17.613749	1083.371094	20.350695
-26.547194	-17.613749	1081.644531	20.346050
-26.547194	-17.613749	1079.916016	15.982534
-26.547194	-17.613749	1078.189453	21.789389
-26.547194	-17.613749	1076.460938	24.689003
-26.547194	-17.613749	1074.732422	14.519627
-26.547194	-17.613749	1073.001953	18.871202
-26.547194	-17.613749	1071.273438	24.672089
-26.547194	-17.613749	1069.542969	17.411612
-26.547194	-17.613749	1067.812500	14.506360
-26.547194	-17.613749	1066.082031	18.853956
-26.547194	-17.613749	1064.351563	18.849646
-26.547194	-17.613749	1062.619141	24.643900
-26.547194	-17.613749	1060.888672	20.290333
-26.547194	-17.613749	1059.156250	21.734669
-26.547194	-17.613749	1057.421875	15.935109
-26.547194	-17.613749	1055.689453	15.931461
-26.547194	-17.613749	1053.957031	21.719746
-26.547194	-17.613749	1052.222656	20.267120
-26.547194	-17.613749	1050.488281	27.499077
-26.547194	-17.613749	1048.753906	23.151812
-26.547194	-17.613749	1047.019531	17.359880
-26.547194	-17.613749	1045.283203	17.355902
-26.547194	-17.613749	1043.546875	23.135897
-26.547194	-17.613749	1041.810547	13.010958
-26.547194	-17.613749	1040.074219	20.234625
-26.547194	-17.613749	1038.337891	23.119982
-26.547194	-17.613749	1036.599609	18.780676
-26.547194	-17.613749	1034.861328	30.331051
-26.547194	-17.613749	1033.123047	24.548073
-26.547194	-17.613749	1031.384766	21.655090
-26.547194	-17.613749	1029.646484	20.206776
-26.547194	-17.613749	1027.906250	18.759125
-26.547194	-17.613749	1026.167969	20.197495
-26.547194	-17.613749	1024.427734	23.077547
-26.547194	-17.613749	1022.685547	23.072243
-26.547194	-17.613749	1020.945313	17.300203
-26.547194	-17.613749	1019.203125	21.620283
-26.547194	-17.613749	1017.462891	23.056332
-26.547194	-17.613749	1015.720703	21.610338
-26.547194	-17.613749	1013.976563	27.366796
-26.547194	-17.613749	1012.234375	27.360498
-26.547194	-17.613749	1010.490234	21.595423
-26.547194	-17.613749	1008.746094	17.272360
-26.547194	-17.613749	1007.001953	24.463543
-26.547194	-17.613749	1005.257813	31.651411
-26.547194	-17.613749	1003.513672	27.329012
-26.547194	-17.613749	1001.767578	25.884678
-26.547194	-17.613749	1000.021484	28.754124
-26.547194	-17.613749	998.275391	28.747496
-26.547194	-17.613749	996.529297	33.051998
-26.547194	-17.613749	994.781250	41.664646
-26.547194	-17.613749	993.035156	28.727612
-26.547194	-17.613749	991.287109	24.412836
-26.547194	-17.613749	989.539063	38.764381
-26.547194	-17.613749	987.789063	41.626209
-26.547194	-17.613749	986.041016	38.746487
-26.547194	-17.613749	984.291016	41.606991
-26.547194	-17.613749	982.541016	37.294205
-26.547194	-17.613749	980.791016	47.324017
-26.547194	-17.613749	979.041016	28.674595
-26.547194	-17.613749	977.289063	41.568554
-26.547194	-17.613749	975.537109	40.125881
-26.547194	-17.613749	973.785156	40.116604
-26.547194	-17.613749	972.033203	37.242519
-26.547194	-17.613749	970.281250	37.233906
-26.547194	-17.613749	968.527344	37.225292
-26.547194	-17.613749	966.773438	34.353855
-26.547194	-17.613749	965.019531	32.914825
-26.547194	-17.613749	963.265625	24.322720
-26.547194	-17.613749	961.511719	45.773342
-26.547194	-17.613749	959.755859	34.322056
-26.547194	-17.613749	958.000000	35.743862
-26.547194	-17.613749	956.244141	32.876736
-26.547194	-17.613749	954.488281	28.581841
-26.547194	-17.613749	952.730469	38.576542
-26.547194	-17.613749	950.974609	39.996029
-26.547194	-17.613749	949.216797	38.558659
-26.547194	-17.613749	947.458984	39.977482
-26.547194	-17.613749	945.701172	32.831028
-26.547194	-17.613749	943.941406	38.531834
-26.547194	-17.613749	942.181641	44.229988
-26.547194	-17.613749	940.421875	42.793278
-26.547194	-17.613749	938.662109	37.078899
-26.547194	-17.613749	936.902344	38.496071
-26.547194	-17.613749	935.140625	32.785332
-26.547194	-17.613749	933.380859	24.227009
-26.547194	-17.613749	931.619141	29.920528
-26.547194	-17.613749	929.855469	25.640207
-26.547194	-17.613749	928.093750	22.785999
-26.547194	-17.613749	926.330078	29.899672
-26.547194	-17.613749	924.568359	21.351942
-26.547194	-17.613749	922.804688	22.770107
-26.547194	-17.613749	921.039063	25.610413
-26.547194	-17.613749	919.275391	14.224697
-26.547194	-17.613749	917.509766	27.020636
-26.547194	-17.613749	915.744141	29.857962
-26.547194	-17.613749	913.978516	19.900673
-26.547194	-17.613749	912.212891	17.053749
-26.547194	-17.613749	910.447266	26.995480
-26.547194	-17.613749	908.679688	26.989191
-26.547194	-17.613749	906.912109	28.403057
-26.547194	-17.613749	905.144531	29.816259
-26.547194	-17.613749	903.375000	22.711855
-26.547194	-17.613749	901.607422	24.125721
-26.547194	-17.613749	899.837891	21.282436
-26.547194	-17.613749	898.068359	22.695972
-26.547194	-17.613749	896.298828	19.854343
-26.547194	-17.613749	894.529297	26.938894
-26.547194	-17.613749	892.757813	25.515102
-26.547194	-17.613749	890.986328	31.177845
-26.547194	-17.613749	889.214844	21.252659
-26.547194	-17.613749	887.443359	28.330263
-26.547194	-17.613749	885.669922	24.075100
-26.547194	-17.613749	883.898438	28.317030
-26.547194	-17.613749	882.125000	22.648333
-26.547194	-17.613749	880.351563	26.888609
-26.547194	-17.613749	878.578125	24.052607
-26.547194	-17.613749	876.802734	21.217928
-26.547194	-17.613749	875.027344	22.627165
-26.547194	-17.613749	873.251953	19.794138
-26.547194	-17.613749	871.476563	22.616581
-26.547194	-17.613749	869.701172	28.264112
-26.547194	-17.613749	867.923828	18.367374
-26.547194	-17.613749	866.146484	29.663429
-26.547194	-17.613749	864.369141	25.419846
-26.547194	-17.613749	862.591797	26.825777
-26.547194	-17.613749	860.814453	22.584837
-26.547194	-17.613749	859.035156	33.869320
-26.547194	-17.613749	857.255859	23.985149
-26.547194	-17.613749	855.476563	21.158409
-26.547194	-17.613749	853.697266	28.204599
-26.547194	-17.613749	851.916016	31.017788
-26.547194	-17.613749	850.136719	23.962671
-26.547194	-17.613749	848.355469	28.184767
-26.547194	-17.613749	846.574219	25.360340
-26.547194	-17.613749	844.791016	36.623013
-26.547194	-17.613749	843.009766	35.206173
-26.547194	-17.613749	841.226563	22.526663
-26.547194	-17.613749	839.443359	29.559305
-26.547194	-17.613749	837.660156	36.588642
-26.547194	-17.613749	835.875000	22.510801
-26.547194	-17.613749	834.091797	18.285730
-26.547194	-17.613749	832.306641	19.687700
-26.547194	-17.613749	830.521484	18.277140
-26.547194	-17.613749	828.734375	21.084053
-26.547194	-17.613749	826.949219	22.484371
-26.547194	-17.613749	825.162109	18.264257
-26.547194	-17.613749	823.375000	26.687637
-26.547194	-17.613749	821.587891	30.894209
-26.547194	-17.613749	819.800781	19.655327
-26.547194	-17.613749	818.011719	21.054325
-26.547194	-17.613749	816.222656	18.242788
-26.547194	-17.613749	814.433594	23.850340
-26.547194	-17.613749	812.644531	28.052620
-26.547194	-17.613749	810.855469	22.436811
-26.547194	-17.613749	809.064453	12.617735
-26.547194	-17.613749	807.273438	23.827887
-26.547194	-17.613749	805.482422	14.013103
-26.547194	-17.613749	803.691406	28.019602
-26.547194	-17.613749	801.898438	30.814301
-26.547194	-17.613749	800.107422	21.004799
-26.547194	-17.613749	798.314453	19.599857
-26.547194	-17.613749	796.521484	22.394556
-26.547194	-17.613749	794.726563	19.590616
-26.547194	-17.613749	792.933594	29.378994
-26.547194	-17.613749	791.138672	22.378716
-26.547194	-17.613749	789.343750	26.568455
-26.547194	-17.613749	787.546875	16.776117
-26.547194	-17.613749	785.751953	27.953596
-26.547194	-17.613749	783.955078	26.549648
-26.547194	-17.613749	782.158203	25.146358
-26.547194	-17.613749	780.361328	23.743731
-26.547194	-17.613749	778.564453	26.530844
-26.547194	-17.613749	776.765625	26.524576
-26.547194	-17.613749	774.968750	29.309710
-26.547194	-17.613749	773.169922	27.907413
-26.547194	-17.613749	771.369141	19.530573
-26.547194	-17.613749	769.570313	20.920666
-26.547194	-17.613749	767.769531	30.676390
-26.547194	-17.613749	765.970703	34.851292
-26.547194	-17.613749	764.167969	27.874437
-26.547194	-17.613749	762.367188	20.900883
-26.547194	-17.613749	760.566406	32.040440
-26.547194	-17.613749	758.763672	22.283726
-26.547194	-17.613749	756.960938	32.025272
-26.547194	-17.613749	755.158203	23.665251
-26.547194	-17.613749	753.353516	23.659649
-26.547194	-17.613749	751.550781	32.002533
-26.547194	-17.613749	749.746094	27.821697
-26.547194	-17.613749	747.941406	30.596619
-26.547194	-17.613749	746.136719	33.370220
-26.547194	-17.613749	744.330078	29.192024
-26.547194	-17.613749	742.523438	19.456738
-26.547194	-17.613749	740.718750	25.009874
-26.547194	-17.613749	738.910156	23.614838
-26.547194	-17.613749	737.103516	24.998016
-26.547194	-17.613749	735.294922	27.768986
-26.547194	-17.613749	733.488281	31.926758
-26.547194	-17.613749	731.679688	37.470345
-26.547194	-17.613749	729.869141	37.461456
-26.547194	-17.613749	728.060547	31.904036
-26.547194	-17.613749	726.250000	26.349253
-26.547194	-17.613749	724.439453	24.956524
-26.547194	-17.613749	722.628906	22.178308
-26.547194	-17.613749	720.818359	26.330488
-26.547194	-17.613749	719.005859	19.396803
-26.547194	-17.613749	717.195313	22.162510
-26.547194	-17.613749	715.382813	29.081383
-26.547194	-17.613749	713.568359	26.305473
-26.547194	-17.613749	711.755859	29.067560
-26.547194	-17.613749	709.941406	26.292969
-26.547194	-17.613749	708.126953	20.752672
-26.547194	-17.613749	706.312500	24.897285
-26.547194	-17.613749	704.498047	19.359949
-26.547194	-17.613749	702.681641	17.972820
-26.547194	-17.613749	700.867188	24.879522
-26.547194	-17.613749	699.050781	24.873602
-26.547194	-17.613749	697.232422	24.867683
-26.547194	-17.613749	695.416016	31.767809
-26.547194	-17.613749	693.597656	23.474964
-26.547194	-17.613749	691.779297	20.708273
-26.547194	-17.613749	689.960938	26.224232
-26.547194	-17.613749	688.142578	23.458199
-26.547194	-17.613749	686.324219	23.452610
-26.547194	-17.613749	684.503906	23.447021
-26.547194	-17.613749	682.683594	22.062527
-26.547194	-17.613749	680.863281	24.814428
-26.547194	-17.613749	679.041016	16.539009
-26.547194	-17.613749	677.218750	19.290911
-26.547194	-17.613749	675.398438	23.419090
-26.547194	-17.613749	673.576172	23.413506
-26.547194	-17.613749	671.751953	17.900175
-26.547194	-17.613749	669.929688	17.895906
-26.547194	-17.613749	668.105469	19.267916
-26.547194	-17.613749	666.281250	27.519026
-26.547194	-17.613749	664.457031	31.639328
-26.547194	-17.613749	662.630859	26.130596
-26.547194	-17.613749	660.806641	35.749123
-26.547194	-17.613749	658.980469	30.242035
-26.547194	-17.613749	657.154297	35.732052
-26.547194	-17.613749	655.326172	27.479630
-26.547194	-17.613749	653.500000	31.594025
-26.547194	-17.613749	651.671875	24.719852
-26.547194	-17.613749	649.843750	30.205933
-26.547194	-17.613749	648.015625	31.571384
-26.547194	-17.613749	646.185547	28.819157
-26.547194	-17.613749	644.357422	34.300320
-26.547194	-17.613749	642.527344	34.292118
-26.547194	-17.613749	640.697266	30.169847
-26.547194	-17.613749	638.865234	37.017776
-26.547194	-17.613749	637.035156	35.638222
-26.547194	-17.613749	635.203125	35.629696
-26.547194	-17.613749	633.371094	32.881081
-26.547194	-17.613749	631.539063	31.503496
-26.547194	-17.613749	629.705078	30.126568
-26.547194	-17.613749	627.873047	28.750296
-26.547194	-17.613749	626.039063	31.480881
-26.547194	-17.613749	624.203125	36.946968
-26.547194	-17.613749	622.369141	36.938122
-26.547194	-17.613749	620.535156	34.193775
-26.547194	-17.613749	618.699219	31.450737
-26.547194	-17.613749	616.863281	31.443203
-26.547194	-17.613749	615.025391	36.902744
-26.547194	-17.613749	613.189453	35.527458
-26.547194	-17.613749	611.351563	28.688379
-26.547194	-17.613749	609.513672	38.242004
-26.547194	-17.613749	607.675781	32.771004
-26.547194	-17.613749	605.837891	36.858540
-26.547194	-17.613749	603.998047	25.931271
-26.547194	-17.613749	602.158203	28.654005
-26.547194	-17.613749	600.318359	35.467876
-26.547194	-17.613749	598.478516	25.912617
-26.547194	-17.613749	596.636719	24.542906
-26.547194	-17.613749	594.796875	29.989687
-26.547194	-17.613749	592.955078	25.893969
-26.547194	-17.613749	591.111328	28.612782
-26.547194	-17.613749	589.269531	25.881540
-26.547194	-17.613749	587.425781	27.237186
-26.547194	-17.613749	585.583984	25.869114
-26.547194	-17.613749	583.738281	25.862902
-26.547194	-17.613749	581.894531	24.495811
-26.547194	-17.613749	580.050781	25.850481
-26.547194	-17.613749	578.205078	17.682922
-26.547194	-17.613749	576.359375	21.758368
-26.547194	-17.613749	574.513672	23.112711
-26.547194	-17.613749	572.666016	23.107157
-26.547194	-17.613749	570.818359	24.460520
-26.547194	-17.613749	568.970703	29.889006
-26.547194	-17.613749	567.123047	29.881821
-26.547194	-17.613749	565.275391	25.800821
-26.547194	-17.613749	563.425781	21.721783
-26.547194	-17.613749	561.576172	19.001989
-26.547194	-17.613749	559.726563	21.711336
-26.547194	-17.613749	557.876953	18.992849
-26.547194	-17.613749	556.027344	28.482420
-26.547194	-17.613749	554.175781	33.899483
-26.547194	-17.613749	552.324219	25.757408
-26.547194	-17.613749	550.472656	18.974575
-26.547194	-17.613749	548.619141	29.810013
-26.547194	-17.613749	546.767578	35.221535
-26.547194	-17.613749	544.914063	32.504360
-26.547194	-17.613749	543.060547	24.372400
-26.547194	-17.613749	541.205078	40.610886
-26.547194	-17.613749	539.351563	39.247734
-26.547194	-17.613749	537.496094	41.944370
-26.547194	-17.613749	535.640625	47.345139
-26.547194	-17.613749	533.785156	56.800480
-26.547194	-17.613749	531.927734	64.899193
-26.547194	-17.613749	530.070313	67.587036
-26.547194	-17.613749	528.212891	79.733482
-26.547194	-17.613749	526.355469	106.736046
-26.547194	-17.613749	524.498047	186.405365
-26.547194	-17.613749	522.638672	380.823486
-26.547194	-17.613749	520.779297	608.900635
-26.547194	-17.613749	518.919922	489.972595
-26.547194	-17.613749	517.060547	230.757874
-26.547194	-17.613749	515.199219	138.960983
-26.547194	-17.613749	513.339844	94.416725
-26.547194	-17.613749	511.478516	72.818192
-26.547194	-17.613749	509.615234	68.756142
-26.547194	-17.613749	507.753906	66.043884
-26.547194	-17.613749	505.890625	64.680435
-26.547194	-17.613749	504.027344	68.706383
-26.547194	-17.613749	502.164063	53.874352
-26.547194	-17.613749	500.300781	52.514812
-26.547194	-17.613749	498.435547	59.233181
-26.547194	-17.613749	496.570313	68.640060
-26.547194	-17.613749	494.705078	68.623489
-26.547194	-17.613749	492.839844	59.190285
-26.547194	-17.613749	490.972656	57.831081
-26.547194	-17.613749	489.107422	52.438778
-26.547194	-17.613749	487.240234	53.770370
-26.547194	-17.613749	485.371094	37.630165
-26.547194	-17.613749	483.503906	34.933853
-26.547194	-17.613749	481.634766	41.641842
-26.547194	-17.613749	479.765625	44.317699
-26.547194	-17.613749	477.896484	34.908535
-26.547194	-17.613749	476.027344	42.953968
-26.547194	-17.613749	474.156250	40.259613
-26.547194	-17.613749	472.285156	46.958195
-26.547194	-17.613749	470.414063	36.216133
-26.547194	-17.613749	468.542969	29.502308
-26.547194	-17.613749	466.669922	37.539314
-26.547194	-17.613749	464.796875	34.849503
-26.547194	-17.613749	462.923828	38.861202
-26.547194	-17.613749	461.050781	33.492931
-26.547194	-17.613749	459.177734	32.145439
-26.547194	-17.613749	457.302734	33.476730
-26.547194	-17.613749	455.427734	26.774906
-26.547194	-17.613749	453.552734	24.091585
-26.547194	-17.613749	451.675781	37.466732
-26.547194	-17.613749	449.800781	40.133213
-26.547194	-17.613749	447.923828	28.086449
-26.547194	-17.613749	446.046875	33.428158
-26.547194	-17.613749	444.169922	30.746460
-26.547194	-17.613749	442.291016	30.739017
-26.547194	-17.613749	440.412109	28.059265
-26.547194	-17.613749	438.533203	28.052471
-26.547194	-17.613749	436.654297	26.710171
-26.547194	-17.613749	434.773438	26.703703
-26.547194	-17.613749	432.894531	25.362373
-26.547194	-17.613749	431.013672	29.359848
-26.547194	-17.613749	429.130859	28.018520
-26.547194	-17.613749	427.250000	26.677843
-26.547194	-17.613749	425.367188	25.337811
-26.547194	-17.613749	423.484375	29.331411
-26.547194	-17.613749	421.601563	19.993843
-26.547194	-17.613749	419.718750	26.651999
-26.547194	-17.613749	417.833984	29.310095
-26.547194	-17.613749	415.949219	27.971039
-26.547194	-17.613749	414.064453	33.290787
-26.547194	-17.613749	412.179688	30.620100
-26.547194	-17.613749	410.294922	27.950706
-26.547194	-17.613749	408.408203	29.274593
-26.547194	-17.613749	406.521484	33.258518
-26.547194	-17.613749	404.634766	47.880657
-26.547194	-17.613749	402.746094	39.890873
-26.547194	-17.613749	400.857422	66.468674
-26.547194	-17.613749	398.968750	66.452553
-26.547194	-17.613749	397.080078	89.024826
-26.547194	-17.613749	395.191406	87.674835
-26.547194	-17.613749	393.300781	77.028893
-26.547194	-17.613749	391.410156	71.699165
-26.547194	-17.613749	389.519531	67.699455
-26.547194	-17.613749	387.628906	63.701675
-26.547194	-17.613749	385.736328	62.359425
-26.547194	-17.613749	383.843750	55.711926
-26.547194	-17.613749	381.951172	49.067646
-26.547194	-17.613749	380.058594	47.729912
-26.547194	-17.613749	378.164063	74.228508
-26.547194	-17.613749	376.271484	78.186066
-26.547194	-17.613749	374.376953	83.466553
-26.547194	-17.613749	372.480469	64.902672
-26.547194	-17.613749	370.585938	43.699356
-26.547194	-17.613749	368.689453	54.279964
-26.547194	-17.613749	366.792969	50.296047
-26.547194	-17.613749	364.896484	59.546650
-26.547194	-17.613749	363.000000	47.625759
-26.547194	-17.613749	361.101563	54.227280
-26.547194	-17.613749	359.203125	66.114777
-26.547194	-17.613749	357.304688	59.488850
-26.547194	-17.613749	355.406250	52.866138
-26.547194	-17.613749	353.505859	51.531971
-26.547194	-17.613749	351.605469	59.445526
-26.547194	-17.613749	349.705078	62.072475
-26.547194	-17.613749	347.804688	43.572216
-26.547194	-17.613749	345.902344	50.161884
-26.547194	-17.613749	344.001953	48.829971
-26.547194	-17.613749	342.099609	51.456928
-26.547194	-17.613749	340.195313	48.806255
-26.547194	-17.613749	338.292969	47.475632
-26.547194	-17.613749	336.388672	46.145653
-26.547194	-17.613749	334.484375	55.361336
-26.547194	-17.613749	332.580078	43.487625
-26.547194	-17.613749	330.675781	52.699467
-26.547194	-17.613749	328.769531	47.417999
-26.547194	-17.613749	326.863281	36.871704
-26.547194	-17.613749	324.957031	39.495800
-26.547194	-17.613749	323.048828	35.537582
-26.547194	-17.613749	321.142578	32.897175
-26.547194	-17.613749	319.234375	32.889183
-26.547194	-17.613749	317.326172	27.620199
-26.547194	-17.613749	315.417969	26.298559
-26.547194	-17.613749	313.507813	28.921387
-26.547194	-17.613749	311.597656	36.800091
-26.547194	-17.613749	309.687500	39.419086
-26.547194	-17.613749	307.777344	34.154907
-26.547194	-17.613749	305.865234	32.833275
-26.547194	-17.613749	303.955078	27.573248
-26.547194	-17.613749	302.042969	40.693474
-26.547194	-17.613749	300.128906	41.995956
-26.547194	-17.613749	298.216797	40.673695
-26.547194	-17.613749	296.302734	24.922979
-26.547194	-17.613749	294.388672	26.228338
-26.547194	-17.613749	292.474609	24.910864
-26.547194	-17.613749	290.560547	41.944942
-26.547194	-17.613749	288.644531	44.555668
-26.547194	-17.613749	286.728516	49.785404
-26.547194	-17.613749	284.812500	39.294712
-26.547194	-17.613749	282.896484	43.213676
-26.547194	-17.613749	280.978516	48.439919
-26.547194	-17.613749	279.060547	51.045879
-26.547194	-17.613749	277.142578	54.959122
-26.547194	-17.613749	275.224609	57.562225
-26.547194	-17.613749	273.304688	62.779888
-26.547194	-17.613749	271.384766	73.225395
-26.547194	-17.613749	269.464844	84.973099
-26.547194	-17.613749	267.544922	96.715080
-26.547194	-17.613749	265.623047	118.904495
-26.547194	-17.613749	263.703125	188.110825
-26.547194	-17.613749	261.781250	295.157715
-26.547194	-17.613749	259.857422	285.946106
-26.547194	-17.613749	257.935547	275.433594
-26.547194	-17.613749	256.011719	259.705963
-26.547194	-17.613749	254.087891	270.080719
-26.547194	-17.613749	252.164063	585.684875
-26.547194	-17.613749	250.240234	1937.897705
-26.547194	-17.613749	248.314453	1890.490234
-26.547194	-17.613749	246.388672	817.275269
-26.547194	-17.613749	244.462891	374.004761
-26.547194	-17.613749	242.535156	231.904739
-26.547194	-17.613749	240.609375	209.705521
-26.547194	-17.613749	238.681641	162.775269
-26.547194	-17.613749	236.753906	136.697983
-26.547194	-17.613749	234.824219	109.331795
-26.547194	-17.613749	232.896484	97.593933
-26.547194	-17.613749	230.966797	81.958977
-26.547194	-17.613749	229.037109	71.534088
-26.547194	-17.613749	227.107422	84.519730
-26.547194	-17.613749	225.175781	79.299232
-26.547194	-17.613749	223.244141	76.680611
-26.547194	-17.613749	221.312500	87.056808
-26.547194	-17.613749	219.380859	79.241409
-26.547194	-17.613749	217.447266	79.222145
-26.547194	-17.613749	215.515625	77.904472
-26.547194	-17.613749	213.582031	84.375992
-26.547194	-17.613749	211.646484	62.293278
-26.547194	-17.613749	209.712891	59.683212
-26.547194	-17.613749	207.777344	63.560139
-26.547194	-17.613749	205.841797	55.763706
-26.547194	-17.613749	203.906250	51.860603
-26.547194	-17.613749	201.968750	31.108799
-26.547194	-17.613749	200.033203	31.101236
-26.547194	-17.613749	198.095703	37.571526
-26.547194	-17.613749	196.158203	27.200354
-26.547194	-17.613749	194.218750	25.898802
-26.547194	-17.613749	192.281250	34.954884
-26.547194	-17.613749	190.341797	25.886213
-26.547194	-17.613749	188.402344	25.879921
-26.547194	-17.613749	186.460938	34.929401
-26.547194	-17.613749	184.521484	25.867344
-26.547194	-17.613749	182.580078	29.740215
-26.547194	-17.613749	180.638672	24.562033
-26.547194	-17.613749	178.695313	31.018187
-26.547194	-17.613749	176.753906	25.842207
-26.547194	-17.613749	174.810547	29.711315
-26.547194	-17.613749	172.867188	16.789272
-26.547194	-17.613749	170.921875	23.241035
-26.547194	-17.613749	168.978516	28.398808
-26.547194	-17.613749	167.033203	28.391909
-26.547194	-17.613749	165.087891	30.965466
-26.547194	-17.613749	163.142578	34.827686
-26.547194	-17.613749	161.195313	29.660820
-26.547194	-17.613749	159.248047	28.364326
-26.547194	-17.613749	157.300781	34.802307
-26.547194	-17.613749	155.353516	41.237160
-26.547194	-17.613749	153.406250	39.938797
-26.547194	-17.613749	151.457031	32.200882
-26.547194	-17.613749	149.507813	38.631676
-26.547194	-17.613749	147.558594	37.334881
-26.547194	-17.613749	145.607422	34.751621
-26.547194	-17.613749	143.658203	57.905304
-26.547194	-17.613749	141.707031	66.896545
-26.547194	-17.613749	139.753906	52.732544
-26.547194	-17.613749	137.802734	72.007454
-26.547194	-17.613749	135.849609	62.991222
-26.547194	-17.613749	133.896484	64.261154
-26.547194	-17.613749	131.943359	51.396439
-26.547194	-17.613749	129.990234	48.814766
-26.547194	-17.613749	128.035156	59.077213
-26.547194	-17.613749	126.080078	55.210945
-26.547194	-17.613749	124.125000	44.928234
-26.547194	-17.613749	122.169922	51.334091
-26.547194	-17.613749	120.212891	56.453796
-26.547194	-17.613749	118.255859	59.005554
-26.547194	-17.613749	116.298828	55.143982
-26.547194	-17.613749	114.341797	56.412708
-26.547194	-17.613749	112.382813	44.862858
-26.547194	-17.613749	110.423828	33.318607
-26.547194	-17.613749	108.464844	23.061132
-26.547194	-17.613749	106.505859	25.617266
-26.547194	-17.613749	104.544922	17.927736
-26.547194	-17.613749	102.585938	14.082662
-26.547194	-17.613749	100.625000	10.239451
-26.547194	-17.613749	98.662109	8.957348
-26.547194	-17.613749	96.701172	1.279311
-26.547194	-17.613749	94.738281	-2.558001
-26.547194	-17.613749	92.775391	2.557381
-26.547194	-17.613749	90.812500	0.000000
-26.547194	-17.613749	88.847656	0.000000
-26.547194	-17.613749	86.882813	0.000000
-26.547194	-17.613749	84.917969	2.554902
-26.547194	-17.613749	82.953125	-1.277141
-26.547194	-17.613749	80.988281	-1.276832
-26.547194	-17.613749	79.021484	-1.276522
-26.547194	-17.613749	77.054688	2.552426
-26.547194	-17.613749	75.087891	0.000000
-26.547194	-17.613749	73.119141	1.275595
-26.547194	-17.613749	71.152344	-1.275286
-26.547194	-17.613749	69.183594	0.000000
-26.547194	-17.613749	67.212891	2.549336
-26.547194	-17.613749	65.244141	0.000000
-26.547194	-17.613749	63.273438	-2.548101
-26.547194	-17.613749	61.302734	-2.547484
-26.547194	-17.613749	59.332031	1.273434
-23.547194	-17.613749	1838.626953	17.678635
-23.547194	-17.613749	1837.066406	24.107229
-23.547194	-17.613749	1835.503906	24.102098
-23.547194	-17.613749	1833.941406	25.703436
-23.547194	-17.613749	1832.378906	28.910212
-23.547194	-17.613749	1830.816406	24.086716
-23.547194	-17.613749	1829.251953	20.870712
-23.547194	-17.613749	1827.687500	24.076466
-23.547194	-17.613749	1826.125000	16.047562
-23.547194	-17.613749	1824.560547	28.879463
-23.547194	-17.613749	1822.994141	14.436658
-23.547194	-17.613749	1821.429688	19.244781
-23.547194	-17.613749	1819.865234	14.430513
-23.547194	-17.613749	1818.298828	20.839640
-23.547194	-17.613749	1816.732422	22.437912
-23.547194	-17.613749	1815.166016	24.035503
-23.547194	-17.613749	1813.599609	19.224310
-23.547194	-17.613749	1812.033203	17.618532
-23.547194	-17.613749	1810.464844	17.614782
-23.547194	-17.613749	1808.896484	17.611032
-23.547194	-17.613749	1807.330078	24.009932
-23.547194	-17.613749	1805.759766	20.804178
-23.547194	-17.613749	1804.191406	17.599787
-23.547194	-17.613749	1802.623047	17.596041
-23.547194	-17.613749	1801.052734	19.191593
-23.547194	-17.613749	1799.484375	20.786465
-23.547194	-17.613749	1797.914063	23.979277
-23.547194	-17.613749	1796.343750	20.777615
-23.547194	-17.613749	1794.771484	17.577314
-23.547194	-17.613749	1793.201172	20.768766
-23.547194	-17.613749	1791.628906	19.167086
-23.547194	-17.613749	1790.058594	19.163004
-23.547194	-17.613749	1788.486328	22.352077
-23.547194	-17.613749	1786.914063	22.347317
-23.547194	-17.613749	1785.339844	22.342556
-23.547194	-17.613749	1783.767578	23.933353
-23.547194	-17.613749	1782.193359	11.166519
-23.547194	-17.613749	1780.621094	20.733404
-23.547194	-17.613749	1779.046875	23.918062
-23.547194	-17.613749	1777.470703	23.912966
-23.547194	-17.613749	1775.896484	22.314014
-23.547194	-17.613749	1774.322266	22.309259
-23.547194	-17.613749	1772.746094	23.897684
-23.547194	-17.613749	1771.169922	23.892593
-23.547194	-17.613749	1769.593750	22.295000
-23.547194	-17.613749	1768.017578	28.658892
-23.547194	-17.613749	1766.441406	23.877321
-23.547194	-17.613749	1764.863281	20.689268
-23.547194	-17.613749	1763.287109	15.911428
-23.547194	-17.613749	1761.708984	20.680449
-23.547194	-17.613749	1760.130859	12.723717
-23.547194	-17.613749	1758.552734	20.671633
-23.547194	-17.613749	1756.972656	20.667225
-23.547194	-17.613749	1755.394531	22.252266
-23.547194	-17.613749	1753.814453	20.658413
-23.547194	-17.613749	1752.234375	15.887698
-23.547194	-17.613749	1750.654297	19.061172
-23.547194	-17.613749	1749.074219	26.997568
-23.547194	-17.613749	1747.492188	30.167318
-23.547194	-17.613749	1745.912109	17.461565
-23.547194	-17.613749	1744.330078	25.393221
-23.547194	-17.613749	1742.748047	22.214329
-23.547194	-17.613749	1741.166016	20.623192
-23.547194	-17.613749	1739.583984	19.032730
-23.547194	-17.613749	1738.000000	19.028669
-23.547194	-17.613749	1736.417969	23.780762
-23.547194	-17.613749	1734.833984	22.190641
-23.547194	-17.613749	1733.250000	20.601198
-23.547194	-17.613749	1731.666016	12.674954
-23.547194	-17.613749	1730.082031	19.008375
-23.547194	-17.613749	1728.496094	19.004316
-23.547194	-17.613749	1726.912109	22.166971
-23.547194	-17.613749	1725.326172	22.162239
-23.547194	-17.613749	1723.740234	23.740187
-23.547194	-17.613749	1722.154297	18.988094
-23.547194	-17.613749	1720.566406	28.476059
-23.547194	-17.613749	1718.980469	18.979984
-23.547194	-17.613749	1717.392578	23.719915
-23.547194	-17.613749	1715.804688	25.295839
-23.547194	-17.613749	1714.216797	26.871088
-23.547194	-17.613749	1712.628906	28.445662
-23.547194	-17.613749	1711.041016	20.539700
-23.547194	-17.613749	1709.451172	23.694592
-23.547194	-17.613749	1707.861328	14.213717
-23.547194	-17.613749	1706.271484	20.526537
-23.547194	-17.613749	1704.681641	23.679405
-23.547194	-17.613749	1703.091797	26.830923
-23.547194	-17.613749	1701.501953	22.091331
-23.547194	-17.613749	1699.910156	20.508995
-23.547194	-17.613749	1698.318359	23.659166
-23.547194	-17.613749	1696.726563	28.384930
-23.547194	-17.613749	1695.134766	25.225653
-23.547194	-17.613749	1693.542969	25.220259
-23.547194	-17.613749	1691.949219	15.759291
-23.547194	-17.613749	1690.357422	22.058289
-23.547194	-17.613749	1688.763672	20.478315
-23.547194	-17.613749	1687.169922	23.623772
-23.547194	-17.613749	1685.576172	22.044136
-23.547194	-17.613749	1683.982422	25.187908
-23.547194	-17.613749	1682.386719	17.312983
-23.547194	-17.613749	1680.791016	17.309277
-23.547194	-17.613749	1679.195313	20.452040
-23.547194	-17.613749	1677.599609	25.166355
-23.547194	-17.613749	1676.003906	22.015846
-23.547194	-17.613749	1674.408203	25.155581
-23.547194	-17.613749	1672.810547	20.434534
-23.547194	-17.613749	1671.214844	18.858608
-23.547194	-17.613749	1669.617188	23.568213
-23.547194	-17.613749	1668.019531	15.708776
-23.547194	-17.613749	1666.419922	14.134871
-23.547194	-17.613749	1664.822266	18.842457
-23.547194	-17.613749	1663.222656	25.117895
-23.547194	-17.613749	1661.623047	18.834385
-23.547194	-17.613749	1660.023438	18.830349
-23.547194	-17.613749	1658.423828	15.688595
-23.547194	-17.613749	1656.824219	28.233419
-23.547194	-17.613749	1655.222656	17.250057
-23.547194	-17.613749	1653.623047	17.246361
-23.547194	-17.613749	1652.021484	21.945208
-23.547194	-17.613749	1650.419922	21.940502
-23.547194	-17.613749	1648.818359	20.368954
-23.547194	-17.613749	1647.214844	12.532053
-23.547194	-17.613749	1645.613281	14.095536
-23.547194	-17.613749	1644.009766	18.790016
-23.547194	-17.613749	1642.406250	25.047981
-23.547194	-17.613749	1640.802734	21.912281
-23.547194	-17.613749	1639.199219	18.777925
-23.547194	-17.613749	1637.593750	17.209404
-23.547194	-17.613749	1635.990234	23.462332
-23.547194	-17.613749	1634.384766	21.893476
-23.547194	-17.613749	1632.779297	25.015745
-23.547194	-17.613749	1631.173828	28.136671
-23.547194	-17.613749	1629.568359	21.879377
-23.547194	-17.613749	1627.960938	28.124588
-23.547194	-17.613749	1626.353516	21.869982
-23.547194	-17.613749	1624.748047	23.427090
-23.547194	-17.613749	1623.140625	26.544998
-23.547194	-17.613749	1621.531250	20.294754
-23.547194	-17.613749	1619.923828	20.290394
-23.547194	-17.613749	1618.314453	23.406961
-23.547194	-17.613749	1616.707031	20.281673
-23.547194	-17.613749	1615.097656	26.516487
-23.547194	-17.613749	1613.488281	18.713497
-23.547194	-17.613749	1611.878906	31.182455
-23.547194	-17.613749	1610.267578	23.381813
-23.547194	-17.613749	1608.656250	18.701427
-23.547194	-17.613749	1607.046875	14.023053
-23.547194	-17.613749	1605.435547	23.366728
-23.547194	-17.613749	1603.824219	21.804255
-23.547194	-17.613749	1602.210938	21.799562
-23.547194	-17.613749	1600.599609	20.238094
-23.547194	-17.613749	1598.986328	26.459505
-23.547194	-17.613749	1597.373047	18.673277
-23.547194	-17.613749	1595.759766	20.225029
-23.547194	-17.613749	1594.146484	23.331547
-23.547194	-17.613749	1592.533203	26.436726
-23.547194	-17.613749	1590.917969	15.547666
-23.547194	-17.613749	1589.302734	20.207613
-23.547194	-17.613749	1587.687500	13.986872
-23.547194	-17.613749	1586.072266	21.752668
-23.547194	-17.613749	1584.457031	21.747980
-23.547194	-17.613749	1582.839844	18.637110
-23.547194	-17.613749	1581.224609	31.055153
-23.547194	-17.613749	1579.607422	24.838768
-23.547194	-17.613749	1577.990234	17.072971
-23.547194	-17.613749	1576.373047	21.724550
-23.547194	-17.613749	1574.755859	23.271284
-23.547194	-17.613749	1573.136719	24.817348
-23.547194	-17.613749	1571.517578	21.710495
-23.547194	-17.613749	1569.898438	31.008303
-23.547194	-17.613749	1568.279297	24.801289
-23.547194	-17.613749	1566.660156	29.445175
-23.547194	-17.613749	1565.041016	15.494116
-23.547194	-17.613749	1563.419922	23.236156
-23.547194	-17.613749	1561.798828	20.133654
-23.547194	-17.613749	1560.177734	15.484082
-23.547194	-17.613749	1558.556641	18.576885
-23.547194	-17.613749	1556.935547	17.025135
-23.547194	-17.613749	1555.312500	18.568861
-23.547194	-17.613749	1553.691406	17.017778
-23.547194	-17.613749	1552.068359	21.654310
-23.547194	-17.613749	1550.445313	21.649632
-23.547194	-17.613749	1548.822266	23.191019
-23.547194	-17.613749	1547.197266	10.820136
-23.547194	-17.613749	1545.574219	18.544794
-23.547194	-17.613749	1543.949219	20.085850
-23.547194	-17.613749	1542.324219	13.902580
-23.547194	-17.613749	1540.699219	13.899573
-23.547194	-17.613749	1539.072266	23.160944
-23.547194	-17.613749	1537.447266	16.981016
-23.547194	-17.613749	1535.820313	21.607527
-23.547194	-17.613749	1534.193359	16.973667
-23.547194	-17.613749	1532.566406	24.683626
-23.547194	-17.613749	1530.939453	18.508711
-23.547194	-17.613749	1529.312500	18.504704
-23.547194	-17.613749	1527.683594	16.958971
-23.547194	-17.613749	1526.056641	12.331126
-23.547194	-17.613749	1524.427734	16.951626
-23.547194	-17.613749	1522.798828	24.651567
-23.547194	-17.613749	1521.167969	21.565447
-23.547194	-17.613749	1519.539063	18.480661
-23.547194	-17.613749	1517.908203	16.936934
-23.547194	-17.613749	1516.277344	16.933262
-23.547194	-17.613749	1514.646484	26.163912
-23.547194	-17.613749	1513.015625	16.925919
-23.547194	-17.613749	1511.384766	9.230317
-23.547194	-17.613749	1509.751953	21.532734
-23.547194	-17.613749	1508.121094	24.603498
-23.547194	-17.613749	1506.488281	18.448620
-23.547194	-17.613749	1504.855469	27.666924
-23.547194	-17.613749	1503.220703	18.440611
-23.547194	-17.613749	1501.587891	21.509375
-23.547194	-17.613749	1499.953125	21.504704
-23.547194	-17.613749	1498.318359	19.964317
-23.547194	-17.613749	1496.683594	26.101513
-23.547194	-17.613749	1495.048828	23.025743
-23.547194	-17.613749	1493.414063	15.347159
-23.547194	-17.613749	1491.777344	26.084501
-23.547194	-17.613749	1490.140625	19.942636
-23.547194	-17.613749	1488.505859	15.337153
-23.547194	-17.613749	1486.867188	16.867201
-23.547194	-17.613749	1485.230469	12.264387
-23.547194	-17.613749	1483.593750	18.392580
-23.547194	-17.613749	1481.955078	16.856197
-23.547194	-17.613749	1480.316406	18.384577
-23.547194	-17.613749	1478.677734	18.380577
-23.547194	-17.613749	1477.039063	19.907957
-23.547194	-17.613749	1475.400391	26.027815
-23.547194	-17.613749	1473.759766	19.899290
-23.547194	-17.613749	1472.119141	16.834194
-23.547194	-17.613749	1470.478516	12.240383
-23.547194	-17.613749	1468.837891	24.475433
-23.547194	-17.613749	1467.197266	13.764432
-23.547194	-17.613749	1465.556641	22.935720
-23.547194	-17.613749	1463.914063	22.930721
-23.547194	-17.613749	1462.271484	16.812197
-23.547194	-17.613749	1460.628906	19.864628
-23.547194	-17.613749	1458.986328	21.388010
-23.547194	-17.613749	1457.343750	18.328583
-23.547194	-17.613749	1455.699219	18.324585
-23.547194	-17.613749	1454.054688	22.900732
-23.547194	-17.613749	1452.410156	21.369352
-23.547194	-17.613749	1450.765625	16.786541
-23.547194	-17.613749	1449.121094	28.988605
-23.547194	-17.613749	1447.474609	18.304596
-23.547194	-17.613749	1445.830078	12.200398
-23.547194	-17.613749	1444.183594	19.821318
-23.547194	-17.613749	1442.537109	16.768221
-23.547194	-17.613749	1440.890625	24.384809
-23.547194	-17.613749	1439.242188	25.903198
-23.547194	-17.613749	1437.595703	24.374153
-23.547194	-17.613749	1435.947266	16.753567
-23.547194	-17.613749	1434.298828	16.749905
-23.547194	-17.613749	1432.650391	9.134314
-23.547194	-17.613749	1431.000000	16.742579
-23.547194	-17.613749	1429.351563	16.738914
-23.547194	-17.613749	1427.701172	19.778027
-23.547194	-17.613749	1426.050781	13.689483
-23.547194	-17.613749	1424.400391	12.165766
-23.547194	-17.613749	1422.750000	19.765041
-23.547194	-17.613749	1421.097656	16.720604
-23.547194	-17.613749	1419.447266	21.276108
-23.547194	-17.613749	1417.794922	15.193892
-23.547194	-17.613749	1416.142578	19.747732
-23.547194	-17.613749	1414.490234	27.337021
-23.547194	-17.613749	1412.835938	13.665515
-23.547194	-17.613749	1411.183594	16.698635
-23.547194	-17.613749	1409.529297	21.248148
-23.547194	-17.613749	1407.875000	18.208706
-23.547194	-17.613749	1406.220703	19.721771
-23.547194	-17.613749	1404.566406	18.200718
-23.547194	-17.613749	1402.910156	24.262300
-23.547194	-17.613749	1401.255859	15.160609
-23.547194	-17.613749	1399.599609	22.735924
-23.547194	-17.613749	1397.943359	13.638559
-23.547194	-17.613749	1396.287109	16.665689
-23.547194	-17.613749	1394.628906	19.691490
-23.547194	-17.613749	1392.970703	18.172768
-23.547194	-17.613749	1391.314453	13.626581
-23.547194	-17.613749	1389.656250	22.705978
-23.547194	-17.613749	1387.998047	28.754585
-23.547194	-17.613749	1386.337891	18.156799
-23.547194	-17.613749	1384.679688	22.691008
-23.547194	-17.613749	1383.019531	16.636414
-23.547194	-17.613749	1381.359375	15.120686
-23.547194	-17.613749	1379.699219	19.652567
-23.547194	-17.613749	1378.039063	18.136841
-23.547194	-17.613749	1376.376953	13.599636
-23.547194	-17.613749	1374.716797	15.107381
-23.547194	-17.613749	1373.054688	25.676893
-23.547194	-17.613749	1371.392578	16.610802
-23.547194	-17.613749	1369.728516	21.136366
-23.547194	-17.613749	1368.066406	15.094078
-23.547194	-17.613749	1366.402344	19.617977
-23.547194	-17.613749	1364.740234	22.631140
-23.547194	-17.613749	1363.076172	21.117743
-23.547194	-17.613749	1361.412109	19.605009
-23.547194	-17.613749	1359.746094	16.585196
-23.547194	-17.613749	1358.082031	22.611189
-23.547194	-17.613749	1356.416016	24.113281
-23.547194	-17.613749	1354.750000	16.574223
-23.547194	-17.613749	1353.083984	22.596226
-23.547194	-17.613749	1351.417969	18.072990
-23.547194	-17.613749	1349.750000	19.574751
-23.547194	-17.613749	1348.083984	22.581264
-23.547194	-17.613749	1346.416016	15.050852
-23.547194	-17.613749	1344.748047	22.571291
-23.547194	-17.613749	1343.078125	13.539783
-23.547194	-17.613749	1341.410156	18.049055
-23.547194	-17.613749	1339.740234	19.548820
-23.547194	-17.613749	1338.072266	21.047922
-23.547194	-17.613749	1336.402344	15.030907
-23.547194	-17.613749	1334.730469	21.038616
-23.547194	-17.613749	1333.060547	18.029110
-23.547194	-17.613749	1331.388672	24.033495
-23.547194	-17.613749	1329.718750	18.021133
-23.547194	-17.613749	1328.046875	22.521431
-23.547194	-17.613749	1326.375000	15.010963
-23.547194	-17.613749	1324.701172	21.010696
-23.547194	-17.613749	1323.029297	16.504747
-23.547194	-17.613749	1321.355469	16.501093
-23.547194	-17.613749	1319.681641	25.496038
-23.547194	-17.613749	1318.007813	11.995477
-23.547194	-17.613749	1316.333984	25.484739
-23.547194	-17.613749	1314.660156	19.484009
-23.547194	-17.613749	1312.984375	13.485939
-23.547194	-17.613749	1311.308594	28.464003
-23.547194	-17.613749	1309.632813	23.964369
-23.547194	-17.613749	1307.957031	22.461611
-23.547194	-17.613749	1306.279297	20.959518
-23.547194	-17.613749	1304.603516	23.948420
-23.547194	-17.613749	1302.925781	19.453772
-23.547194	-17.613749	1301.248047	14.961117
-23.547194	-17.613749	1299.570313	22.436691
-23.547194	-17.613749	1297.892578	22.431707
-23.547194	-17.613749	1296.212891	23.921839
-23.547194	-17.613749	1294.533203	14.947826
-23.547194	-17.613749	1292.853516	20.922306
-23.547194	-17.613749	1291.173828	19.423536
-23.547194	-17.613749	1289.494141	11.950288
-23.547194	-17.613749	1287.812500	23.895260
-23.547194	-17.613749	1286.132813	14.931215
-23.547194	-17.613749	1284.451172	23.884630
-23.547194	-17.613749	1282.769531	14.924572
-23.547194	-17.613749	1281.085938	17.905500
-23.547194	-17.613749	1279.404297	16.409721
-23.547194	-17.613749	1277.720703	13.423145
-23.547194	-17.613749	1276.039063	17.893541
-23.547194	-17.613749	1274.355469	16.398758
-23.547194	-17.613749	1272.669922	20.866497
-23.547194	-17.613749	1270.986328	10.430923
-23.547194	-17.613749	1269.300781	25.326595
-23.547194	-17.613749	1267.615234	16.384144
-23.547194	-17.613749	1265.929688	20.847897
-23.547194	-17.613749	1264.244141	22.332050
-23.547194	-17.613749	1262.558594	11.907769
-23.547194	-17.613749	1260.871094	13.393251
-23.547194	-17.613749	1259.185547	17.853683
-23.547194	-17.613749	1257.498047	13.387273
-23.547194	-17.613749	1255.808594	17.845713
-23.547194	-17.613749	1254.121094	13.381295
-23.547194	-17.613749	1252.433594	20.810699
-23.547194	-17.613749	1250.744141	19.319902
-23.547194	-17.613749	1249.054688	17.829771
-23.547194	-17.613749	1247.365234	17.825787
-23.547194	-17.613749	1245.673828	19.306952
-23.547194	-17.613749	1243.984375	19.302633
-23.547194	-17.613749	1242.292969	23.751776
-23.547194	-17.613749	1240.601563	23.746462
-23.547194	-17.613749	1238.910156	19.289682
-23.547194	-17.613749	1237.218750	17.801876
-23.547194	-17.613749	1235.525391	16.314734
-23.547194	-17.613749	1233.833984	20.759558
-23.547194	-17.613749	1232.140625	22.237404
-23.547194	-17.613749	1230.447266	16.303776
-23.547194	-17.613749	1228.753906	17.781954
-23.547194	-17.613749	1227.058594	19.259466
-23.547194	-17.613749	1225.365234	26.660978
-23.547194	-17.613749	1223.669922	17.770000
-23.547194	-17.613749	1221.974609	17.766016
-23.547194	-17.613749	1220.277344	19.242201
-23.547194	-17.613749	1218.582031	22.197559
-23.547194	-17.613749	1216.884766	20.713074
-23.547194	-17.613749	1215.189453	14.791733
-23.547194	-17.613749	1213.492188	17.746096
-23.547194	-17.613749	1211.792969	22.177639
-23.547194	-17.613749	1210.095703	19.216305
-23.547194	-17.613749	1208.396484	23.645525
-23.547194	-17.613749	1206.699219	14.775133
-23.547194	-17.613749	1205.000000	17.726177
-23.547194	-17.613749	1203.298828	17.722193
-23.547194	-17.613749	1201.599609	20.671244
-23.547194	-17.613749	1199.900391	10.333298
-23.547194	-17.613749	1198.199219	26.565363
-23.547194	-17.613749	1196.498047	19.181780
-23.547194	-17.613749	1194.796875	17.702274
-23.547194	-17.613749	1193.093750	20.648006
-23.547194	-17.613749	1191.392578	20.643360
-23.547194	-17.613749	1189.689453	26.535486
-23.547194	-17.613749	1187.986328	22.107927
-23.547194	-17.613749	1186.283203	25.050007
-23.547194	-17.613749	1184.580078	14.731979
-23.547194	-17.613749	1182.875000	17.674391
-23.547194	-17.613749	1181.169922	16.197874
-23.547194	-17.613749	1179.464844	19.138628
-23.547194	-17.613749	1177.759766	20.606182
-23.547194	-17.613749	1176.054688	19.129997
-23.547194	-17.613749	1174.347656	14.712064
-23.547194	-17.613749	1172.642578	25.004866
-23.547194	-17.613749	1170.935547	19.117054
-23.547194	-17.613749	1169.228516	19.112740
-23.547194	-17.613749	1167.519531	23.518061
-23.547194	-17.613749	1165.812500	17.634563
-23.547194	-17.613749	1164.103516	22.038225
-23.547194	-17.613749	1162.394531	17.626598
-23.547194	-17.613749	1160.685547	17.622616
-23.547194	-17.613749	1158.976563	23.491510
-23.547194	-17.613749	1157.265625	13.210988
-23.547194	-17.613749	1155.556641	17.610668
-23.547194	-17.613749	1153.845703	19.073910
-23.547194	-17.613749	1152.134766	22.003380
-23.547194	-17.613749	1150.423828	21.998402
-23.547194	-17.613749	1148.710938	20.527195
-23.547194	-17.613749	1146.998047	14.658964
-23.547194	-17.613749	1145.287109	16.121210
-23.547194	-17.613749	1143.572266	17.582792
-23.547194	-17.613749	1141.859375	13.184108
-23.547194	-17.613749	1140.146484	19.039398
-23.547194	-17.613749	1138.431641	19.035084
-23.547194	-17.613749	1136.716797	19.030769
-23.547194	-17.613749	1135.001953	23.417177
-23.547194	-17.613749	1133.287109	21.948626
-23.547194	-17.613749	1131.570313	20.480740
-23.547194	-17.613749	1129.855469	21.938673
-23.547194	-17.613749	1128.138672	13.160217
-23.547194	-17.613749	1126.421875	26.314463
-23.547194	-17.613749	1124.703125	23.385324
-23.547194	-17.613749	1122.986328	17.535011
-23.547194	-17.613749	1121.267578	26.296545
-23.547194	-17.613749	1119.548828	16.066462
-23.547194	-17.613749	1117.830078	16.062813
-23.547194	-17.613749	1116.111328	17.519087
-23.547194	-17.613749	1114.392578	14.595921
-23.547194	-17.613749	1112.671875	11.674083
-23.547194	-17.613749	1110.951172	17.507143
-23.547194	-17.613749	1109.230469	18.961758
-23.547194	-17.613749	1107.509766	18.957445
-23.547194	-17.613749	1105.787109	13.121400
-23.547194	-17.613749	1104.066406	21.864023
-23.547194	-17.613749	1102.343750	20.401777
-23.547194	-17.613749	1100.621094	21.854071
-23.547194	-17.613749	1098.896484	21.849096
-23.547194	-17.613749	1097.173828	18.931570
-23.547194	-17.613749	1095.449219	17.471315
-23.547194	-17.613749	1093.724609	21.834167
-23.547194	-17.613749	1092.000000	18.918633
-23.547194	-17.613749	1090.275391	17.459373
-23.547194	-17.613749	1088.550781	23.273857
-23.547194	-17.613749	1086.824219	18.905697
-23.547194	-17.613749	1085.097656	27.625101
-23.547194	-17.613749	1083.371094	20.350695
-23.547194	-17.613749	1081.644531	20.346050
-23.547194	-17.613749	1079.916016	24.700279
-23.547194	-17.613749	1078.189453	15.978886
-23.547194	-17.613749	1076.460938	17.427532
-23.547194	-17.613749	1074.732422	17.423552
-23.547194	-17.613749	1073.001953	27.580988
-23.547194	-17.613749	1071.273438	15.964293
-23.547194	-17.613749	1069.542969	18.862579
-23.547194	-17.613749	1067.812500	23.210176
-23.547194	-17.613749	1066.082031	15.953348
-23.547194	-17.613749	1064.351563	20.299618
-23.547194	-17.613749	1062.619141	14.496411
-23.547194	-17.613749	1060.888672	21.739643
-23.547194	-17.613749	1059.156250	26.081602
-23.547194	-17.613749	1057.421875	21.729694
-23.547194	-17.613749	1055.689453	14.483147
-23.547194	-17.613749	1053.957031	27.511679
-23.547194	-17.613749	1052.222656	21.714771
-23.547194	-17.613749	1050.488281	17.367838
-23.547194	-17.613749	1048.753906	15.916871
-23.547194	-17.613749	1047.019531	17.359880
-23.547194	-17.613749	1045.283203	23.141201
-23.547194	-17.613749	1043.546875	18.797916
-23.547194	-17.613749	1041.810547	23.130592
-23.547194	-17.613749	1040.074219	20.234625
-23.547194	-17.613749	1038.337891	24.564981
-23.547194	-17.613749	1036.599609	27.448679
-23.547194	-17.613749	1034.861328	21.665037
-23.547194	-17.613749	1033.123047	11.552033
-23.547194	-17.613749	1031.384766	24.542437
-23.547194	-17.613749	1029.646484	17.320093
-23.547194	-17.613749	1027.906250	25.974174
-23.547194	-17.613749	1026.167969	17.312138
-23.547194	-17.613749	1024.427734	25.962240
-23.547194	-17.613749	1022.685547	21.630226
-23.547194	-17.613749	1020.945313	18.741888
-23.547194	-17.613749	1019.203125	18.737577
-23.547194	-17.613749	1017.462891	11.528166
-23.547194	-17.613749	1015.720703	24.491716
-23.547194	-17.613749	1013.976563	14.403577
-23.547194	-17.613749	1012.234375	24.480446
-23.547194	-17.613749	1010.490234	20.155727
-23.547194	-17.613749	1008.746094	27.347904
-23.547194	-17.613749	1007.001953	20.146446
-23.547194	-17.613749	1005.257813	31.651411
-23.547194	-17.613749	1003.513672	24.452274
-23.547194	-17.613749	1001.767578	25.884678
-23.547194	-17.613749	1000.021484	31.629536
-23.547194	-17.613749	998.275391	28.747496
-23.547194	-17.613749	996.529297	30.177912
-23.547194	-17.613749	994.781250	28.734240
-23.547194	-17.613749	993.035156	22.982090
-23.547194	-17.613749	991.287109	31.593082
-23.547194	-17.613749	989.539063	34.457230
-23.547194	-17.613749	987.789063	33.013889
-23.547194	-17.613749	986.041016	35.876377
-23.547194	-17.613749	984.291016	43.041714
-23.547194	-17.613749	982.541016	35.859810
-23.547194	-17.613749	980.791016	35.851528
-23.547194	-17.613749	979.041016	34.409515
-23.547194	-17.613749	977.289063	38.701759
-23.547194	-17.613749	975.537109	28.661343
-23.547194	-17.613749	973.785156	34.385658
-23.547194	-17.613749	972.033203	38.674923
-23.547194	-17.613749	970.281250	32.937683
-23.547194	-17.613749	968.527344	38.657032
-23.547194	-17.613749	966.773438	34.353855
-23.547194	-17.613749	965.019531	35.776985
-23.547194	-17.613749	963.265625	38.630199
-23.547194	-17.613749	961.511719	31.469172
-23.547194	-17.613749	959.755859	27.171627
-23.547194	-17.613749	958.000000	34.314106
-23.547194	-17.613749	956.244141	37.165005
-23.547194	-17.613749	954.488281	32.869118
-23.547194	-17.613749	952.730469	30.003977
-23.547194	-17.613749	950.974609	37.139172
-23.547194	-17.613749	949.216797	35.702461
-23.547194	-17.613749	947.458984	32.838646
-23.547194	-17.613749	945.701172	32.831028
-23.547194	-17.613749	943.941406	35.677624
-23.547194	-17.613749	942.181641	34.242569
-23.547194	-17.613749	940.421875	37.087509
-23.547194	-17.613749	938.662109	41.357235
-23.547194	-17.613749	936.902344	34.218727
-23.547194	-17.613749	935.140625	28.508986
-23.547194	-17.613749	933.380859	27.077246
-23.547194	-17.613749	931.619141	25.646168
-23.547194	-17.613749	929.855469	27.064663
-23.547194	-17.613749	928.093750	29.906624
-23.547194	-17.613749	926.330078	21.356907
-23.547194	-17.613749	924.568359	18.505016
-23.547194	-17.613749	922.804688	25.616371
-23.547194	-17.613749	921.039063	31.301615
-23.547194	-17.613749	919.275391	14.224697
-23.547194	-17.613749	917.509766	17.065664
-23.547194	-17.613749	915.744141	14.218077
-23.547194	-17.613749	913.978516	21.322149
-23.547194	-17.613749	912.212891	22.738331
-23.547194	-17.613749	910.447266	19.891407
-23.547194	-17.613749	908.679688	29.830160
-23.547194	-17.613749	906.912109	31.243362
-23.547194	-17.613749	905.144531	22.717150
-23.547194	-17.613749	903.375000	17.033892
-23.547194	-17.613749	901.607422	18.449081
-23.547194	-17.613749	899.837891	19.863607
-23.547194	-17.613749	898.068359	25.532969
-23.547194	-17.613749	896.298828	22.690678
-23.547194	-17.613749	894.529297	32.610241
-23.547194	-17.613749	892.757813	25.515102
-23.547194	-17.613749	890.986328	25.509146
-23.547194	-17.613749	889.214844	28.336880
-23.547194	-17.613749	887.443359	19.831184
-23.547194	-17.613749	885.669922	35.404560
-23.547194	-17.613749	883.898438	31.148733
-23.547194	-17.613749	882.125000	22.648333
-23.547194	-17.613749	880.351563	25.473419
-23.547194	-17.613749	878.578125	22.637747
-23.547194	-17.613749	876.802734	25.461514
-23.547194	-17.613749	875.027344	22.627165
-23.547194	-17.613749	873.251953	19.794138
-23.547194	-17.613749	871.476563	25.443653
-23.547194	-17.613749	869.701172	26.850906
-23.547194	-17.613749	867.923828	21.193125
-23.547194	-17.613749	866.146484	31.075974
-23.547194	-17.613749	864.369141	19.770990
-23.547194	-17.613749	862.591797	24.002010
-23.547194	-17.613749	860.814453	21.173285
-23.547194	-17.613749	859.035156	29.635656
-23.547194	-17.613749	857.255859	25.396040
-23.547194	-17.613749	855.476563	22.568970
-23.547194	-17.613749	853.697266	23.973909
-23.547194	-17.613749	851.916016	31.017788
-23.547194	-17.613749	850.136719	28.191378
-23.547194	-17.613749	848.355469	28.184767
-23.547194	-17.613749	846.574219	16.906895
-23.547194	-17.613749	844.791016	19.720083
-23.547194	-17.613749	843.009766	22.531950
-23.547194	-17.613749	841.226563	21.118746
-23.547194	-17.613749	839.443359	25.336546
-23.547194	-17.613749	837.660156	22.516088
-23.547194	-17.613749	835.875000	15.476175
-23.547194	-17.613749	834.091797	21.098919
-23.547194	-17.613749	832.306641	23.906492
-23.547194	-17.613749	830.521484	26.712744
-23.547194	-17.613749	828.734375	16.867243
-23.547194	-17.613749	826.949219	15.458005
-23.547194	-17.613749	825.162109	19.669199
-23.547194	-17.613749	823.375000	23.878412
-23.547194	-17.613749	821.587891	22.468515
-23.547194	-17.613749	819.800781	25.271135
-23.547194	-17.613749	818.011719	28.072433
-23.547194	-17.613749	816.222656	21.049372
-23.547194	-17.613749	814.433594	22.447378
-23.547194	-17.613749	812.644531	21.039465
-23.547194	-17.613749	810.855469	21.034512
-23.547194	-17.613749	809.064453	16.823647
-23.547194	-17.613749	807.273438	25.229527
-23.547194	-17.613749	805.482422	23.822275
-23.547194	-17.613749	803.691406	16.811762
-23.547194	-17.613749	801.898438	22.410400
-23.547194	-17.613749	800.107422	21.004799
-23.547194	-17.613749	798.314453	11.199919
-23.547194	-17.613749	796.521484	16.795918
-23.547194	-17.613749	794.726563	23.788605
-23.547194	-17.613749	792.933594	18.186996
-23.547194	-17.613749	791.138672	25.176054
-23.547194	-17.613749	789.343750	18.178417
-23.547194	-17.613749	787.546875	22.368156
-23.547194	-17.613749	785.751953	20.965197
-23.547194	-17.613749	783.955078	22.357597
-23.547194	-17.613749	782.158203	20.955299
-23.547194	-17.613749	780.361328	19.553661
-23.547194	-17.613749	778.564453	22.341763
-23.547194	-17.613749	776.765625	15.356334
-23.547194	-17.613749	774.968750	26.518309
-23.547194	-17.613749	773.169922	36.279636
-23.547194	-17.613749	771.369141	22.320654
-23.547194	-17.613749	769.570313	25.104799
-23.547194	-17.613749	767.769531	25.098864
-23.547194	-17.613749	765.970703	25.092928
-23.547194	-17.613749	764.167969	25.086994
-23.547194	-17.613749	762.367188	26.474451
-23.547194	-17.613749	760.566406	23.682062
-23.547194	-17.613749	758.763672	29.247391
-23.547194	-17.613749	756.960938	32.025272
-23.547194	-17.613749	755.158203	29.233545
-23.547194	-17.613749	753.353516	27.834881
-23.547194	-17.613749	751.550781	12.522730
-23.547194	-17.613749	749.746094	25.039528
-23.547194	-17.613749	747.941406	26.424353
-23.547194	-17.613749	746.136719	20.856388
-23.547194	-17.613749	744.330078	23.631638
-23.547194	-17.613749	742.523438	26.405571
-23.547194	-17.613749	740.718750	30.567625
-23.547194	-17.613749	738.910156	23.614838
-23.547194	-17.613749	737.103516	29.164352
-23.547194	-17.613749	735.294922	24.992086
-23.547194	-17.613749	733.488281	20.821798
-23.547194	-17.613749	731.679688	24.980230
-23.547194	-17.613749	729.869141	20.811920
-23.547194	-17.613749	728.060547	20.806980
-23.547194	-17.613749	726.250000	27.736055
-23.547194	-17.613749	724.439453	24.956524
-23.547194	-17.613749	722.628906	27.722887
-23.547194	-17.613749	720.818359	19.401411
-23.547194	-17.613749	719.005859	27.709719
-23.547194	-17.613749	717.195313	31.858606
-23.547194	-17.613749	715.382813	26.311726
-23.547194	-17.613749	713.568359	22.151978
-23.547194	-17.613749	711.755859	23.530882
-23.547194	-17.613749	709.941406	29.060650
-23.547194	-17.613749	708.126953	17.985649
-23.547194	-17.613749	706.312500	20.747738
-23.547194	-17.613749	704.498047	24.891363
-23.547194	-17.613749	702.681641	23.502918
-23.547194	-17.613749	700.867188	20.732935
-23.547194	-17.613749	699.050781	20.728003
-23.547194	-17.613749	697.232422	15.196918
-23.547194	-17.613749	695.416016	17.955717
-23.547194	-17.613749	693.597656	23.474964
-23.547194	-17.613749	691.779297	20.708273
-23.547194	-17.613749	689.960938	26.224232
-23.547194	-17.613749	688.142578	22.078304
-23.547194	-17.613749	686.324219	16.554783
-23.547194	-17.613749	684.503906	19.309313
-23.547194	-17.613749	682.683594	23.441435
-23.547194	-17.613749	680.863281	30.328745
-23.547194	-17.613749	679.041016	20.673761
-23.547194	-17.613749	677.218750	27.558443
-23.547194	-17.613749	675.398438	19.286310
-23.547194	-17.613749	673.576172	26.168037
-23.547194	-17.613749	671.751953	23.407923
-23.547194	-17.613749	669.929688	31.661987
-23.547194	-17.613749	668.105469	23.396755
-23.547194	-17.613749	666.281250	24.767124
-23.547194	-17.613749	664.457031	23.385590
-23.547194	-17.613749	662.630859	20.629419
-23.547194	-17.613749	660.806641	28.874290
-23.547194	-17.613749	658.980469	27.492760
-23.547194	-17.613749	657.154297	26.111885
-23.547194	-17.613749	655.326172	28.853611
-23.547194	-17.613749	653.500000	31.594025
-23.547194	-17.613749	651.671875	32.959805
-23.547194	-17.613749	649.843750	34.324924
-23.547194	-17.613749	648.015625	30.198715
-23.547194	-17.613749	646.185547	32.936180
-23.547194	-17.613749	644.357422	30.184280
-23.547194	-17.613749	642.527344	27.433695
-23.547194	-17.613749	640.697266	31.541204
-23.547194	-17.613749	638.865234	26.049547
-23.547194	-17.613749	637.035156	43.862427
-23.547194	-17.613749	635.203125	38.370441
-23.547194	-17.613749	633.371094	36.991219
-23.547194	-17.613749	631.539063	32.873215
-23.547194	-17.613749	629.705078	35.604126
-23.547194	-17.613749	627.873047	31.488419
-23.547194	-17.613749	626.039063	38.324551
-23.547194	-17.613749	624.203125	27.368126
-23.547194	-17.613749	622.369141	34.201965
-23.547194	-17.613749	620.535156	31.458271
-23.547194	-17.613749	618.699219	31.450737
-23.547194	-17.613749	616.863281	32.810299
-23.547194	-17.613749	615.025391	25.968597
-23.547194	-17.613749	613.189453	39.626781
-23.547194	-17.613749	611.351563	35.518944
-23.547194	-17.613749	609.513672	23.218359
-23.547194	-17.613749	607.675781	32.771004
-23.547194	-17.613749	605.837891	28.667751
-23.547194	-17.613749	603.998047	36.849701
-23.547194	-17.613749	602.158203	27.289528
-23.547194	-17.613749	600.318359	36.832027
-23.547194	-17.613749	598.478516	30.004082
-23.547194	-17.613749	596.636719	23.179411
-23.547194	-17.613749	594.796875	27.263351
-23.547194	-17.613749	592.955078	27.256809
-23.547194	-17.613749	591.111328	29.975294
-23.547194	-17.613749	589.269531	25.881540
-23.547194	-17.613749	587.425781	25.875326
-23.547194	-17.613749	585.583984	28.592178
-23.547194	-17.613749	583.738281	27.224108
-23.547194	-17.613749	581.894531	25.856691
-23.547194	-17.613749	580.050781	21.768826
-23.547194	-17.613749	578.205078	27.204494
-23.547194	-17.613749	576.359375	31.277653
-23.547194	-17.613749	574.513672	20.393568
-23.547194	-17.613749	572.666016	21.747911
-23.547194	-17.613749	570.818359	20.383766
-23.547194	-17.613749	568.970703	24.454641
-23.547194	-17.613749	567.123047	17.657438
-23.547194	-17.613749	565.275391	29.874636
-23.547194	-17.613749	563.425781	21.721783
-23.547194	-17.613749	561.576172	21.716558
-23.547194	-17.613749	559.726563	27.139170
-23.547194	-17.613749	557.876953	27.132641
-23.547194	-17.613749	556.027344	33.907642
-23.547194	-17.613749	554.175781	27.119587
-23.547194	-17.613749	552.324219	31.180021
-23.547194	-17.613749	550.472656	24.395884
-23.547194	-17.613749	548.619141	35.230015
-23.547194	-17.613749	546.767578	29.802837
-23.547194	-17.613749	544.914063	27.086966
-23.547194	-17.613749	543.060547	25.726421
-23.547194	-17.613749	541.205078	29.781315
-23.547194	-17.613749	539.351563	32.480885
-23.547194	-17.613749	537.496094	36.532192
-23.547194	-17.613749	535.640625	40.581547
-23.547194	-17.613749	533.785156	51.390907
-23.547194	-17.613749	531.927734	58.138859
-23.547194	-17.613749	530.070313	64.883553
-23.547194	-17.613749	528.212891	79.733482
-23.547194	-17.613749	526.355469	104.033867
-23.547194	-17.613749	524.498047	189.106888
-23.547194	-17.613749	522.638672	368.669556
-23.547194	-17.613749	520.779297	627.802246
-23.547194	-17.613749	518.919922	472.425354
-23.547194	-17.613749	517.060547	230.757874
-23.547194	-17.613749	515.199219	148.404938
-23.547194	-17.613749	513.339844	101.160774
-23.547194	-17.613749	511.478516	70.121216
-23.547194	-17.613749	509.615234	68.756142
-23.547194	-17.613749	507.753906	66.043884
-23.547194	-17.613749	505.890625	59.290401
-23.547194	-17.613749	504.027344	51.192989
-23.547194	-17.613749	502.164063	51.180634
-23.547194	-17.613749	500.300781	60.594017
-23.547194	-17.613749	498.435547	68.656639
-23.547194	-17.613749	496.570313	53.835342
-23.547194	-17.613749	494.705078	59.204578
-23.547194	-17.613749	492.839844	49.773647
-23.547194	-17.613749	490.972656	52.451447
-23.547194	-17.613749	489.107422	52.438778
-23.547194	-17.613749	487.240234	51.081852
-23.547194	-17.613749	485.371094	45.693771
-23.547194	-17.613749	483.503906	57.775223
-23.547194	-17.613749	481.634766	40.298553
-23.547194	-17.613749	479.765625	37.602898
-23.547194	-17.613749	477.896484	30.880629
-23.547194	-17.613749	476.027344	38.927032
-23.547194	-17.613749	474.156250	36.233650
-23.547194	-17.613749	472.285156	28.174915
-23.547194	-17.613749	470.414063	45.605503
-23.547194	-17.613749	468.542969	38.889408
-23.547194	-17.613749	466.669922	37.539314
-23.547194	-17.613749	464.796875	37.530235
-23.547194	-17.613749	462.923828	33.501034
-23.547194	-17.613749	461.050781	25.454628
-23.547194	-17.613749	459.177734	34.824223
-23.547194	-17.613749	457.302734	32.137661
-23.547194	-17.613749	455.427734	38.823612
-23.547194	-17.613749	453.552734	29.445271
-23.547194	-17.613749	451.675781	33.452438
-23.547194	-17.613749	449.800781	25.417700
-23.547194	-17.613749	447.923828	30.761349
-23.547194	-17.613749	446.046875	24.068272
-23.547194	-17.613749	444.169922	30.746460
-23.547194	-17.613749	442.291016	34.748455
-23.547194	-17.613749	440.412109	32.067730
-23.547194	-17.613749	438.533203	33.395798
-23.547194	-17.613749	436.654297	26.710171
-23.547194	-17.613749	434.773438	26.703703
-23.547194	-17.613749	432.894531	24.027512
-23.547194	-17.613749	431.013672	25.356232
-23.547194	-17.613749	429.130859	21.347445
-23.547194	-17.613749	427.250000	29.345627
-23.547194	-17.613749	425.367188	36.006363
-23.547194	-17.613749	423.484375	25.331673
-23.547194	-17.613749	421.601563	30.657227
-23.547194	-17.613749	419.718750	30.649799
-23.547194	-17.613749	417.833984	27.977818
-23.547194	-17.613749	415.949219	27.971039
-23.547194	-17.613749	414.064453	30.627523
-23.547194	-17.613749	412.179688	23.963556
-23.547194	-17.613749	410.294922	31.943665
-23.547194	-17.613749	408.408203	37.258575
-23.547194	-17.613749	406.521484	27.937157
-23.547194	-17.613749	404.634766	43.890602
-23.547194	-17.613749	402.746094	43.879963
-23.547194	-17.613749	400.857422	59.821804
-23.547194	-17.613749	398.968750	79.743065
-23.547194	-17.613749	397.080078	90.353561
-23.547194	-17.613749	395.191406	79.704391
-23.547194	-17.613749	393.300781	82.341232
-23.547194	-17.613749	391.410156	71.699165
-23.547194	-17.613749	389.519531	65.044571
-23.547194	-17.613749	387.628906	53.084728
-23.547194	-17.613749	385.736328	62.359425
-23.547194	-17.613749	383.843750	51.732502
-23.547194	-17.613749	381.951172	54.372257
-23.547194	-17.613749	380.058594	59.662388
-23.547194	-17.613749	378.164063	51.694855
-23.547194	-17.613749	376.271484	68.909752
-23.547194	-17.613749	374.376953	79.491959
-23.547194	-17.613749	372.480469	56.955410
-23.547194	-17.613749	370.585938	66.211143
-23.547194	-17.613749	368.689453	50.308258
-23.547194	-17.613749	366.792969	55.590366
-23.547194	-17.613749	364.896484	60.869911
-23.547194	-17.613749	363.000000	50.271633
-23.547194	-17.613749	361.101563	60.840363
-23.547194	-17.613749	359.203125	48.924931
-23.547194	-17.613749	357.304688	62.132797
-23.547194	-17.613749	355.406250	47.579525
-23.547194	-17.613749	353.505859	54.174633
-23.547194	-17.613749	351.605469	56.803505
-23.547194	-17.613749	349.705078	42.262112
-23.547194	-17.613749	347.804688	55.455547
-23.547194	-17.613749	345.902344	44.881687
-23.547194	-17.613749	344.001953	44.870785
-23.547194	-17.613749	342.099609	39.582253
-23.547194	-17.613749	340.195313	39.572639
-23.547194	-17.613749	338.292969	38.244259
-23.547194	-17.613749	336.388672	43.508759
-23.547194	-17.613749	334.484375	30.316921
-23.547194	-17.613749	332.580078	40.852013
-23.547194	-17.613749	330.675781	39.524601
-23.547194	-17.613749	328.769531	35.563499
-23.547194	-17.613749	326.863281	38.188553
-23.547194	-17.613749	324.957031	40.812328
-23.547194	-17.613749	323.048828	36.853790
-23.547194	-17.613749	321.142578	36.844837
-23.547194	-17.613749	319.234375	36.835884
-23.547194	-17.613749	317.326172	38.142181
-23.547194	-17.613749	315.417969	39.447838
-23.547194	-17.613749	313.507813	36.809036
-23.547194	-17.613749	311.597656	30.228647
-23.547194	-17.613749	309.687500	35.477180
-23.547194	-17.613749	307.777344	34.154907
-23.547194	-17.613749	305.865234	34.146606
-23.547194	-17.613749	303.955078	34.138306
-23.547194	-17.613749	302.042969	35.442703
-23.547194	-17.613749	300.128906	28.872219
-23.547194	-17.613749	298.216797	36.737530
-23.547194	-17.613749	296.302734	39.352074
-23.547194	-17.613749	294.388672	43.276756
-23.547194	-17.613749	292.474609	39.332943
-23.547194	-17.613749	290.560547	31.458706
-23.547194	-17.613749	288.644531	44.555668
-23.547194	-17.613749	286.728516	57.646259
-23.547194	-17.613749	284.812500	57.632244
-23.547194	-17.613749	282.896484	53.689716
-23.547194	-17.613749	280.978516	54.985851
-23.547194	-17.613749	279.060547	64.134567
-23.547194	-17.613749	277.142578	60.193321
-23.547194	-17.613749	275.224609	51.021061
-23.547194	-17.613749	273.304688	52.316574
-23.547194	-17.613749	271.384766	79.763374
-23.547194	-17.613749	269.464844	71.900314
-23.547194	-17.613749	267.544922	92.794205
-23.547194	-17.613749	265.623047	122.824425
-23.547194	-17.613749	263.703125	193.336121
-23.547194	-17.613749	261.781250	291.239685
-23.547194	-17.613749	259.857422	293.780243
-23.547194	-17.613749	257.935547	257.158386
-23.547194	-17.613749	256.011719	224.469482
-23.547194	-17.613749	254.087891	250.509659
-23.547194	-17.613749	252.164063	568.727356
-23.547194	-17.613749	250.240234	1823.136597
-23.547194	-17.613749	248.314453	1797.921387
-23.547194	-17.613749	246.388672	774.260803
-23.547194	-17.613749	244.462891	359.670074
-23.547194	-17.613749	242.535156	227.996231
-23.547194	-17.613749	240.609375	182.352631
-23.547194	-17.613749	238.681641	153.659851
-23.547194	-17.613749	236.753906	141.905518
-23.547194	-17.613749	234.824219	111.934929
-23.547194	-17.613749	232.896484	96.292686
-23.547194	-17.613749	230.966797	85.861786
-23.547194	-17.613749	229.037109	80.638428
-23.547194	-17.613749	227.107422	84.519730
-23.547194	-17.613749	225.175781	63.699383
-23.547194	-17.613749	223.244141	77.980278
-23.547194	-17.613749	221.312500	84.458099
-23.547194	-17.613749	219.380859	71.447174
-23.547194	-17.613749	217.447266	71.429802
-23.547194	-17.613749	215.515625	76.606064
-23.547194	-17.613749	213.582031	63.606518
-23.547194	-17.613749	211.646484	51.911064
-23.547194	-17.613749	209.712891	57.088291
-23.547194	-17.613749	207.777344	58.371559
-23.547194	-17.613749	205.841797	60.951027
-23.547194	-17.613749	203.906250	44.081512
-23.547194	-17.613749	201.968750	50.551800
-23.547194	-17.613749	200.033203	44.060085
-23.547194	-17.613749	198.095703	32.389248
-23.547194	-17.613749	196.158203	28.495609
-23.547194	-17.613749	194.218750	27.193743
-23.547194	-17.613749	192.281250	28.481758
-23.547194	-17.613749	190.341797	28.474834
-23.547194	-17.613749	188.402344	24.585926
-23.547194	-17.613749	186.460938	28.460995
-23.547194	-17.613749	184.521484	24.573977
-23.547194	-17.613749	182.580078	24.568003
-23.547194	-17.613749	180.638672	29.732986
-23.547194	-17.613749	178.695313	32.310612
-23.547194	-17.613749	176.753906	23.257986
-23.547194	-17.613749	174.810547	25.835926
-23.547194	-17.613749	172.867188	23.246683
-23.547194	-17.613749	170.921875	28.405710
-23.547194	-17.613749	168.978516	20.653679
-23.547194	-17.613749	167.033203	25.810825
-23.547194	-17.613749	165.087891	25.804554
-23.547194	-17.613749	163.142578	25.798285
-23.547194	-17.613749	161.195313	28.371220
-23.547194	-17.613749	159.248047	28.364326
-23.547194	-17.613749	157.300781	28.357437
-23.547194	-17.613749	155.353516	37.371178
-23.547194	-17.613749	153.406250	34.785404
-23.547194	-17.613749	151.457031	32.200882
-23.547194	-17.613749	149.507813	32.193062
-23.547194	-17.613749	147.558594	37.334881
-23.547194	-17.613749	145.607422	50.196785
-23.547194	-17.613749	143.658203	42.463890
-23.547194	-17.613749	141.707031	48.885937
-23.547194	-17.613749	139.753906	60.449501
-23.547194	-17.613749	137.802734	64.292366
-23.547194	-17.613749	135.849609	61.705685
-23.547194	-17.613749	133.896484	55.264591
-23.547194	-17.613749	131.943359	50.111530
-23.547194	-17.613749	129.990234	57.806957
-23.547194	-17.613749	128.035156	46.234341
-23.547194	-17.613749	126.080078	48.791069
-23.547194	-17.613749	124.125000	50.062889
-23.547194	-17.613749	122.169922	46.200684
-23.547194	-17.613749	120.212891	52.604675
-23.547194	-17.613749	118.255859	61.571014
-23.547194	-17.613749	116.298828	58.991238
-23.547194	-17.613749	114.341797	46.155853
-23.547194	-17.613749	112.382813	38.453876
-23.547194	-17.613749	110.423828	29.474154
-23.547194	-17.613749	108.464844	23.061132
-23.547194	-17.613749	106.505859	21.774675
-23.547194	-17.613749	104.544922	20.488842
-23.547194	-17.613749	102.585938	14.082662
-23.547194	-17.613749	100.625000	6.399657
-23.547194	-17.613749	98.662109	3.838863
-23.547194	-17.613749	96.701172	3.837932
-23.547194	-17.613749	94.738281	6.395003
-23.547194	-17.613749	92.775391	2.557381
-23.547194	-17.613749	90.812500	1.278380
-23.547194	-17.613749	88.847656	2.556141
-23.547194	-17.613749	86.882813	2.555521
-23.547194	-17.613749	84.917969	2.554902
-23.547194	-17.613749	82.953125	-1.277141
-23.547194	-17.613749	80.988281	3.830495
-23.547194	-17.613749	79.021484	0.000000
-23.547194	-17.613749	77.054688	1.276213
-23.547194	-17.613749	75.087891	2.551808
-23.547194	-17.613749	73.119141	0.000000
-23.547194	-17.613749	71.152344	1.275286
-23.547194	-17.613749	69.183594	-1.274977
-23.547194	-17.613749	67.212891	3.824004
-23.547194	-17.613749	65.244141	2.548719
-23.547194	-17.613749	63.273438	0.000000
-23.547194	-17.613749	61.302734	5.094969
-23.547194	-17.613749	59.332031	1.273434
-32.547194	-14.613749	1838.626953	22.500080
-32.547194	-14.613749	1837.066406	17.678635
-32.547194	-14.613749	1835.503906	27.315712
-32.547194	-14.613749	1833.941406	17.671112
-32.547194	-14.613749	1832.378906	20.879597
-32.547194	-14.613749	1830.816406	22.480934
-32.547194	-14.613749	1829.251953	22.476151
-32.547194	-14.613749	1827.687500	24.076466
-32.547194	-14.613749	1826.125000	22.466585
-32.547194	-14.613749	1824.560547	20.857389
-32.547194	-14.613749	1822.994141	22.457024
-32.547194	-14.613749	1821.429688	20.848513
-32.547194	-14.613749	1819.865234	17.637295
-32.547194	-14.613749	1818.298828	27.251835
-32.547194	-14.613749	1816.732422	24.040619
-32.547194	-14.613749	1815.166016	20.830769
-32.547194	-14.613749	1813.599609	28.836464
-32.547194	-14.613749	1812.033203	20.821901
-32.547194	-14.613749	1810.464844	16.013437
-32.547194	-14.613749	1808.896484	27.217051
-32.547194	-14.613749	1807.330078	17.607283
-32.547194	-14.613749	1805.759766	19.203856
-32.547194	-14.613749	1804.191406	22.399729
-32.547194	-14.613749	1802.623047	20.795321
-32.547194	-14.613749	1801.052734	22.390192
-32.547194	-14.613749	1799.484375	27.182301
-32.547194	-14.613749	1797.914063	23.979277
-32.547194	-14.613749	1796.343750	23.974171
-32.547194	-14.613749	1794.771484	20.773190
-32.547194	-14.613749	1793.201172	19.171169
-32.547194	-14.613749	1791.628906	25.556114
-32.547194	-14.613749	1790.058594	22.356838
-32.547194	-14.613749	1788.486328	14.369192
-32.547194	-14.613749	1786.914063	27.136026
-32.547194	-14.613749	1785.339844	19.150763
-32.547194	-14.613749	1783.767578	20.742241
-32.547194	-14.613749	1782.193359	31.904341
-32.547194	-14.613749	1780.621094	20.733404
-32.547194	-14.613749	1779.046875	19.134449
-32.547194	-14.613749	1777.470703	19.130373
-32.547194	-14.613749	1775.896484	19.126297
-32.547194	-14.613749	1774.322266	25.496296
-32.547194	-14.613749	1772.746094	22.304506
-32.547194	-14.613749	1771.169922	23.892593
-32.547194	-14.613749	1769.593750	27.072500
-32.547194	-14.613749	1768.017578	23.882410
-32.547194	-14.613749	1766.441406	25.469141
-32.547194	-14.613749	1764.863281	15.914821
-32.547194	-14.613749	1763.287109	20.684858
-32.547194	-14.613749	1761.708984	23.862055
-32.547194	-14.613749	1760.130859	17.495111
-32.547194	-14.613749	1758.552734	25.442009
-32.547194	-14.613749	1756.972656	25.436584
-32.547194	-14.613749	1755.394531	19.073372
-32.547194	-14.613749	1753.814453	20.658413
-32.547194	-14.613749	1752.234375	27.009087
-32.547194	-14.613749	1750.654297	25.414896
-32.547194	-14.613749	1749.074219	19.057108
-32.547194	-14.613749	1747.492188	22.228550
-32.547194	-14.613749	1745.912109	19.048979
-32.547194	-14.613749	1744.330078	19.044916
-32.547194	-14.613749	1742.748047	19.040854
-32.547194	-14.613749	1741.166016	30.141586
-32.547194	-14.613749	1739.583984	15.860609
-32.547194	-14.613749	1738.000000	17.442947
-32.547194	-14.613749	1736.417969	25.366146
-32.547194	-14.613749	1734.833984	17.435505
-32.547194	-14.613749	1733.250000	25.355322
-32.547194	-14.613749	1731.666016	15.843694
-32.547194	-14.613749	1730.082031	20.592405
-32.547194	-14.613749	1728.496094	30.090168
-32.547194	-14.613749	1726.912109	20.583616
-32.547194	-14.613749	1725.326172	26.911289
-32.547194	-14.613749	1723.740234	25.322865
-32.547194	-14.613749	1722.154297	22.152777
-32.547194	-14.613749	1720.566406	17.402037
-32.547194	-14.613749	1718.980469	22.143316
-32.547194	-14.613749	1717.392578	26.882570
-32.547194	-14.613749	1715.804688	22.133858
-32.547194	-14.613749	1714.216797	31.613045
-32.547194	-14.613749	1712.628906	23.704718
-32.547194	-14.613749	1711.041016	20.539700
-32.547194	-14.613749	1709.451172	23.694592
-32.547194	-14.613749	1707.861328	18.951622
-32.547194	-14.613749	1706.271484	22.105501
-32.547194	-14.613749	1704.681641	23.679405
-32.547194	-14.613749	1703.091797	28.409212
-32.547194	-14.613749	1701.501953	15.779523
-32.547194	-14.613749	1699.910156	25.241838
-32.547194	-14.613749	1698.318359	15.772777
-32.547194	-14.613749	1696.726563	33.115749
-32.547194	-14.613749	1695.134766	26.802256
-32.547194	-14.613749	1693.542969	26.796526
-32.547194	-14.613749	1691.949219	25.214867
-32.547194	-14.613749	1690.357422	20.482697
-32.547194	-14.613749	1688.763672	17.327806
-32.547194	-14.613749	1687.169922	17.324099
-32.547194	-14.613749	1685.576172	23.618717
-32.547194	-14.613749	1683.982422	17.316687
-32.547194	-14.613749	1682.386719	20.460796
-32.547194	-14.613749	1680.791016	22.029989
-32.547194	-14.613749	1679.195313	23.598509
-32.547194	-14.613749	1677.599609	20.447662
-32.547194	-14.613749	1676.003906	26.733528
-32.547194	-14.613749	1674.408203	17.294462
-32.547194	-14.613749	1672.810547	12.575098
-32.547194	-14.613749	1671.214844	20.430159
-32.547194	-14.613749	1669.617188	15.712141
-32.547194	-14.613749	1668.019531	31.417553
-32.547194	-14.613749	1666.419922	29.840282
-32.547194	-14.613749	1664.822266	23.553072
-32.547194	-14.613749	1663.222656	21.978157
-32.547194	-14.613749	1661.623047	29.821110
-32.547194	-14.613749	1660.023438	32.953110
-32.547194	-14.613749	1658.423828	21.964033
-32.547194	-14.613749	1656.824219	17.253756
-32.547194	-14.613749	1655.222656	29.795555
-32.547194	-14.613749	1653.623047	20.382061
-32.547194	-14.613749	1652.021484	23.512722
-32.547194	-14.613749	1650.419922	21.940502
-32.547194	-14.613749	1648.818359	20.368954
-32.547194	-14.613749	1647.214844	29.763626
-32.547194	-14.613749	1645.613281	17.227877
-32.547194	-14.613749	1644.009766	17.224182
-32.547194	-14.613749	1642.406250	18.785986
-32.547194	-14.613749	1640.802734	28.172932
-32.547194	-14.613749	1639.199219	17.213099
-32.547194	-14.613749	1637.593750	25.031860
-32.547194	-14.613749	1635.990234	17.205709
-32.547194	-14.613749	1634.384766	23.457296
-32.547194	-14.613749	1632.779297	21.888777
-32.547194	-14.613749	1631.173828	23.447226
-32.547194	-14.613749	1629.568359	18.753752
-32.547194	-14.613749	1627.960938	12.499817
-32.547194	-14.613749	1626.353516	23.432123
-32.547194	-14.613749	1624.748047	21.865284
-32.547194	-14.613749	1623.140625	17.176176
-32.547194	-14.613749	1621.531250	24.978159
-32.547194	-14.613749	1619.923828	23.411993
-32.547194	-14.613749	1618.314453	28.088354
-32.547194	-14.613749	1616.707031	24.962059
-32.547194	-14.613749	1615.097656	26.516487
-32.547194	-14.613749	1613.488281	21.832413
-32.547194	-14.613749	1611.878906	21.827719
-32.547194	-14.613749	1610.267578	26.499388
-32.547194	-14.613749	1608.656250	28.052141
-32.547194	-14.613749	1607.046875	26.487989
-32.547194	-14.613749	1605.435547	26.482292
-32.547194	-14.613749	1603.824219	26.476595
-32.547194	-14.613749	1602.210938	20.242451
-32.547194	-14.613749	1600.599609	15.567765
-32.547194	-14.613749	1598.986328	20.233740
-32.547194	-14.613749	1597.373047	23.341597
-32.547194	-14.613749	1595.759766	26.448114
-32.547194	-14.613749	1594.146484	21.776110
-32.547194	-14.613749	1592.533203	20.216320
-32.547194	-14.613749	1590.917969	24.876265
-32.547194	-14.613749	1589.302734	18.653181
-32.547194	-14.613749	1587.687500	27.973743
-32.547194	-14.613749	1586.072266	17.091383
-32.547194	-14.613749	1584.457031	29.515118
-32.547194	-14.613749	1582.839844	21.743294
-32.547194	-14.613749	1581.224609	23.291365
-32.547194	-14.613749	1579.607422	13.971807
-32.547194	-14.613749	1577.990234	24.833412
-32.547194	-14.613749	1576.373047	9.310521
-32.547194	-14.613749	1574.755859	26.374121
-32.547194	-14.613749	1573.136719	23.266264
-32.547194	-14.613749	1571.517578	21.710495
-32.547194	-14.613749	1569.898438	20.155397
-32.547194	-14.613749	1568.279297	27.901451
-32.547194	-14.613749	1566.660156	15.497460
-32.547194	-14.613749	1565.041016	17.043528
-32.547194	-14.613749	1563.419922	18.588924
-32.547194	-14.613749	1561.798828	21.682398
-32.547194	-14.613749	1560.177734	15.484082
-32.547194	-14.613749	1558.556641	24.769182
-32.547194	-14.613749	1556.935547	29.407049
-32.547194	-14.613749	1555.312500	17.021456
-32.547194	-14.613749	1553.691406	21.658991
-32.547194	-14.613749	1552.068359	20.107574
-32.547194	-14.613749	1550.445313	27.835239
-32.547194	-14.613749	1548.822266	23.191019
-32.547194	-14.613749	1547.197266	21.640272
-32.547194	-14.613749	1545.574219	21.635593
-32.547194	-14.613749	1543.949219	16.995718
-32.547194	-14.613749	1542.324219	23.170967
-32.547194	-14.613749	1540.699219	20.077162
-32.547194	-14.613749	1539.072266	15.440629
-32.547194	-14.613749	1537.447266	16.981016
-32.547194	-14.613749	1535.820313	26.237711
-32.547194	-14.613749	1534.193359	18.516727
-32.547194	-14.613749	1532.566406	21.598173
-32.547194	-14.613749	1530.939453	20.051104
-32.547194	-14.613749	1529.312500	20.046762
-32.547194	-14.613749	1527.683594	24.667595
-32.547194	-14.613749	1526.056641	24.662252
-32.547194	-14.613749	1524.427734	21.574795
-32.547194	-14.613749	1522.798828	20.029398
-32.547194	-14.613749	1521.167969	23.105835
-32.547194	-14.613749	1519.539063	18.480661
-32.547194	-14.613749	1517.908203	24.635542
-32.547194	-14.613749	1516.277344	26.169588
-32.547194	-14.613749	1514.646484	18.468645
-32.547194	-14.613749	1513.015625	18.464640
-32.547194	-14.613749	1511.384766	23.075792
-32.547194	-14.613749	1509.751953	23.070786
-32.547194	-14.613749	1508.121094	15.377187
-32.547194	-14.613749	1506.488281	15.373850
-32.547194	-14.613749	1504.855469	26.129871
-32.547194	-14.613749	1503.220703	19.977329
-32.547194	-14.613749	1501.587891	23.045759
-32.547194	-14.613749	1499.953125	23.040754
-32.547194	-14.613749	1498.318359	21.500034
-32.547194	-14.613749	1496.683594	16.889214
-32.547194	-14.613749	1495.048828	16.885544
-32.547194	-14.613749	1493.414063	24.555456
-32.547194	-14.613749	1491.777344	15.343824
-32.547194	-14.613749	1490.140625	21.476685
-32.547194	-14.613749	1488.505859	18.404585
-32.547194	-14.613749	1486.867188	18.400583
-32.547194	-14.613749	1485.230469	16.863533
-32.547194	-14.613749	1483.593750	13.794435
-32.547194	-14.613749	1481.955078	22.985723
-32.547194	-14.613749	1480.316406	21.448673
-32.547194	-14.613749	1478.677734	19.912291
-32.547194	-14.613749	1477.039063	27.564863
-32.547194	-14.613749	1475.400391	24.496767
-32.547194	-14.613749	1473.759766	21.430004
-32.547194	-14.613749	1472.119141	22.955719
-32.547194	-14.613749	1470.478516	22.950718
-32.547194	-14.613749	1468.837891	15.297146
-32.547194	-14.613749	1467.197266	21.411339
-32.547194	-14.613749	1465.556641	18.348576
-32.547194	-14.613749	1463.914063	21.402006
-32.547194	-14.613749	1462.271484	21.397341
-32.547194	-14.613749	1460.628906	19.864628
-32.547194	-14.613749	1458.986328	25.971155
-32.547194	-14.613749	1457.343750	16.801201
-32.547194	-14.613749	1455.699219	24.432779
-32.547194	-14.613749	1454.054688	19.847301
-32.547194	-14.613749	1452.410156	18.316587
-32.547194	-14.613749	1450.765625	22.890738
-32.547194	-14.613749	1449.121094	13.731444
-32.547194	-14.613749	1447.474609	13.728447
-32.547194	-14.613749	1445.830078	19.825647
-32.547194	-14.613749	1444.183594	25.920185
-32.547194	-14.613749	1442.537109	32.012058
-32.547194	-14.613749	1440.890625	16.764557
-32.547194	-14.613749	1439.242188	21.332047
-32.547194	-14.613749	1437.595703	18.280615
-32.547194	-14.613749	1435.947266	15.230515
-32.547194	-14.613749	1434.298828	30.454370
-32.547194	-14.613749	1432.650391	30.447710
-32.547194	-14.613749	1431.000000	25.874893
-32.547194	-14.613749	1429.351563	27.390953
-32.547194	-14.613749	1427.701172	19.778027
-32.547194	-14.613749	1426.050781	18.252644
-32.547194	-14.613749	1424.400391	22.810812
-32.547194	-14.613749	1422.750000	24.326204
-32.547194	-14.613749	1421.097656	15.200549
-32.547194	-14.613749	1419.447266	21.276108
-32.547194	-14.613749	1417.794922	22.790836
-32.547194	-14.613749	1416.142578	25.823957
-32.547194	-14.613749	1414.490234	19.743404
-32.547194	-14.613749	1412.835938	21.257467
-32.547194	-14.613749	1411.183594	18.216692
-32.547194	-14.613749	1409.529297	18.212700
-32.547194	-14.613749	1407.875000	25.795666
-32.547194	-14.613749	1406.220703	21.238831
-32.547194	-14.613749	1404.566406	21.234171
-32.547194	-14.613749	1402.910156	28.811481
-32.547194	-14.613749	1401.255859	21.224854
-32.547194	-14.613749	1399.599609	28.798836
-32.547194	-14.613749	1397.943359	28.792515
-32.547194	-14.613749	1396.287109	21.210878
-32.547194	-14.613749	1394.628906	18.176760
-32.547194	-14.613749	1392.970703	22.715960
-32.547194	-14.613749	1391.314453	10.598453
-32.547194	-14.613749	1389.656250	22.705978
-32.547194	-14.613749	1387.998047	18.160791
-32.547194	-14.613749	1386.337891	13.617599
-32.547194	-14.613749	1384.679688	22.691008
-32.547194	-14.613749	1383.019531	21.173616
-32.547194	-14.613749	1381.359375	13.608618
-32.547194	-14.613749	1379.699219	24.187775
-32.547194	-14.613749	1378.039063	21.159647
-32.547194	-14.613749	1376.376953	19.643919
-32.547194	-14.613749	1374.716797	24.171810
-32.547194	-14.613749	1373.054688	21.145678
-32.547194	-14.613749	1371.392578	21.141022
-32.547194	-14.613749	1369.728516	15.097404
-32.547194	-14.613749	1368.066406	18.112894
-32.547194	-14.613749	1366.402344	12.072602
-32.547194	-14.613749	1364.740234	18.104912
-32.547194	-14.613749	1363.076172	18.100922
-32.547194	-14.613749	1361.412109	15.080776
-32.547194	-14.613749	1359.746094	24.123922
-32.547194	-14.613749	1358.082031	25.626015
-32.547194	-14.613749	1356.416016	25.620361
-32.547194	-14.613749	1354.750000	19.587719
-32.547194	-14.613749	1353.083984	21.089811
-32.547194	-14.613749	1351.417969	27.109488
-32.547194	-14.613749	1349.750000	19.574751
-32.547194	-14.613749	1348.083984	27.097519
-32.547194	-14.613749	1346.416016	22.576279
-32.547194	-14.613749	1344.748047	22.571291
-32.547194	-14.613749	1343.078125	19.557465
-32.547194	-14.613749	1341.410156	30.081758
-32.547194	-14.613749	1339.740234	21.052576
-32.547194	-14.613749	1338.072266	21.047922
-32.547194	-14.613749	1336.402344	16.533997
-32.547194	-14.613749	1334.730469	24.044132
-32.547194	-14.613749	1333.060547	24.038813
-32.547194	-14.613749	1331.388672	9.012561
-32.547194	-14.613749	1329.718750	16.519371
-32.547194	-14.613749	1328.046875	18.017145
-32.547194	-14.613749	1326.375000	21.015348
-32.547194	-14.613749	1324.701172	21.010696
-32.547194	-14.613749	1323.029297	21.006042
-32.547194	-14.613749	1321.355469	18.001192
-32.547194	-14.613749	1319.681641	19.496971
-32.547194	-14.613749	1318.007813	25.490389
-32.547194	-14.613749	1316.333984	26.983841
-32.547194	-14.613749	1314.660156	17.985239
-32.547194	-14.613749	1312.984375	23.975002
-32.547194	-14.613749	1311.308594	16.479158
-32.547194	-14.613749	1309.632813	14.977731
-32.547194	-14.613749	1307.957031	17.969290
-32.547194	-14.613749	1306.279297	23.953735
-32.547194	-14.613749	1304.603516	20.954866
-32.547194	-14.613749	1302.925781	19.453772
-32.547194	-14.613749	1301.248047	13.465005
-32.547194	-14.613749	1299.570313	22.436691
-32.547194	-14.613749	1297.892578	23.927155
-32.547194	-14.613749	1296.212891	20.931608
-32.547194	-14.613749	1294.533203	16.442610
-32.547194	-14.613749	1292.853516	19.427856
-32.547194	-14.613749	1291.173828	25.400009
-32.547194	-14.613749	1289.494141	17.925432
-32.547194	-14.613749	1287.812500	16.427992
-32.547194	-14.613749	1286.132813	19.410580
-32.547194	-14.613749	1284.451172	16.420683
-32.547194	-14.613749	1282.769531	23.879314
-32.547194	-14.613749	1281.085938	28.350374
-32.547194	-14.613749	1279.404297	19.393307
-32.547194	-14.613749	1277.720703	16.406067
-32.547194	-14.613749	1276.039063	20.875797
-32.547194	-14.613749	1274.355469	16.398758
-32.547194	-14.613749	1272.669922	25.337889
-32.547194	-14.613749	1270.986328	14.901320
-32.547194	-14.613749	1269.300781	22.346996
-32.547194	-14.613749	1267.615234	22.342014
-32.547194	-14.613749	1265.929688	25.315302
-32.547194	-14.613749	1264.244141	17.865641
-32.547194	-14.613749	1262.558594	22.327068
-32.547194	-14.613749	1260.871094	23.810225
-32.547194	-14.613749	1259.185547	20.829296
-32.547194	-14.613749	1257.498047	20.824648
-32.547194	-14.613749	1255.808594	23.794283
-32.547194	-14.613749	1254.121094	19.328537
-32.547194	-14.613749	1252.433594	19.324221
-32.547194	-14.613749	1250.744141	23.778341
-32.547194	-14.613749	1249.054688	20.801399
-32.547194	-14.613749	1247.365234	20.796751
-32.547194	-14.613749	1245.673828	19.306952
-32.547194	-14.613749	1243.984375	11.878544
-32.547194	-14.613749	1242.292969	14.844859
-32.547194	-14.613749	1240.601563	13.357385
-32.547194	-14.613749	1238.910156	14.838218
-32.547194	-14.613749	1237.218750	20.768856
-32.547194	-14.613749	1235.525391	22.247366
-32.547194	-14.613749	1233.833984	28.173687
-32.547194	-14.613749	1232.140625	16.307428
-32.547194	-14.613749	1230.447266	20.750261
-32.547194	-14.613749	1228.753906	20.745613
-32.547194	-14.613749	1227.058594	23.703959
-32.547194	-14.613749	1225.365234	25.179811
-32.547194	-14.613749	1223.669922	14.808333
-32.547194	-14.613749	1221.974609	19.246517
-32.547194	-14.613749	1220.277344	16.281862
-32.547194	-14.613749	1218.582031	20.717722
-32.547194	-14.613749	1216.884766	14.795053
-32.547194	-14.613749	1215.189453	22.187599
-32.547194	-14.613749	1213.492188	23.661461
-32.547194	-14.613749	1211.792969	22.177639
-32.547194	-14.613749	1210.095703	22.172659
-32.547194	-14.613749	1208.396484	19.211988
-32.547194	-14.613749	1206.699219	22.162701
-32.547194	-14.613749	1205.000000	23.634901
-32.547194	-14.613749	1203.298828	20.675892
-32.547194	-14.613749	1201.599609	19.194727
-32.547194	-14.613749	1199.900391	13.285669
-32.547194	-14.613749	1198.199219	17.710241
-32.547194	-14.613749	1196.498047	19.181780
-32.547194	-14.613749	1194.796875	16.227085
-32.547194	-14.613749	1193.093750	26.547438
-32.547194	-14.613749	1191.392578	22.117886
-32.547194	-14.613749	1189.689453	19.164518
-32.547194	-14.613749	1187.986328	8.843170
-32.547194	-14.613749	1186.283203	17.682358
-32.547194	-14.613749	1184.580078	23.571167
-32.547194	-14.613749	1182.875000	30.930185
-32.547194	-14.613749	1181.169922	22.088011
-32.547194	-14.613749	1179.464844	23.555235
-32.547194	-14.613749	1177.759766	23.549923
-32.547194	-14.613749	1176.054688	13.243845
-32.547194	-14.613749	1174.347656	13.240857
-32.547194	-14.613749	1172.642578	11.766995
-32.547194	-14.613749	1170.935547	20.587597
-32.547194	-14.613749	1169.228516	22.053160
-32.547194	-14.613749	1167.519531	20.578302
-32.547194	-14.613749	1165.812500	22.043203
-32.547194	-14.613749	1164.103516	23.507441
-32.547194	-14.613749	1162.394531	19.095480
-32.547194	-14.613749	1160.685547	24.965372
-32.547194	-14.613749	1158.976563	13.213975
-32.547194	-14.613749	1157.265625	17.614651
-32.547194	-14.613749	1155.556641	26.416002
-32.547194	-14.613749	1153.845703	17.606686
-32.547194	-14.613749	1152.134766	24.937162
-32.547194	-14.613749	1150.423828	17.598721
-32.547194	-14.613749	1148.710938	27.858335
-32.547194	-14.613749	1146.998047	19.056654
-32.547194	-14.613749	1145.287109	16.121210
-32.547194	-14.613749	1143.572266	21.978491
-32.547194	-14.613749	1141.859375	23.438414
-32.547194	-14.613749	1140.146484	23.433105
-32.547194	-14.613749	1138.431641	24.892033
-32.547194	-14.613749	1136.716797	21.958582
-32.547194	-14.613749	1135.001953	19.026457
-32.547194	-14.613749	1133.287109	26.338352
-32.547194	-14.613749	1131.570313	23.406559
-32.547194	-14.613749	1129.855469	17.550938
-32.547194	-14.613749	1128.138672	23.395941
-32.547194	-14.613749	1126.421875	20.466805
-32.547194	-14.613749	1124.703125	24.846907
-32.547194	-14.613749	1122.986328	16.073761
-32.547194	-14.613749	1121.267578	27.757465
-32.547194	-14.613749	1119.548828	18.987637
-32.547194	-14.613749	1117.830078	16.062813
-32.547194	-14.613749	1116.111328	20.438934
-32.547194	-14.613749	1114.392578	16.055513
-32.547194	-14.613749	1112.671875	21.888905
-32.547194	-14.613749	1110.951172	18.966072
-32.547194	-14.613749	1109.230469	16.044565
-32.547194	-14.613749	1107.509766	23.332241
-32.547194	-14.613749	1105.787109	13.121400
-32.547194	-14.613749	1104.066406	14.576015
-32.547194	-14.613749	1102.343750	20.401777
-32.547194	-14.613749	1100.621094	23.311010
-32.547194	-14.613749	1098.896484	23.305702
-32.547194	-14.613749	1097.173828	21.844120
-32.547194	-14.613749	1095.449219	24.751030
-32.547194	-14.613749	1093.724609	23.289780
-32.547194	-14.613749	1092.000000	17.463354
-32.547194	-14.613749	1090.275391	20.369268
-32.547194	-14.613749	1088.550781	23.273857
-32.547194	-14.613749	1086.824219	20.359982
-32.547194	-14.613749	1085.097656	18.901384
-32.547194	-14.613749	1083.371094	21.804316
-32.547194	-14.613749	1081.644531	20.346050
-32.547194	-14.613749	1079.916016	17.435492
-32.547194	-14.613749	1078.189453	26.147268
-32.547194	-14.613749	1076.460938	17.427532
-32.547194	-14.613749	1074.732422	21.779440
-32.547194	-14.613749	1073.001953	21.774466
-32.547194	-14.613749	1071.273438	20.318190
-32.547194	-14.613749	1069.542969	18.862579
-32.547194	-14.613749	1067.812500	26.111448
-32.547194	-14.613749	1066.082031	27.555784
-32.547194	-14.613749	1064.351563	23.199564
-32.547194	-14.613749	1062.619141	20.294975
-32.547194	-14.613749	1060.888672	20.290333
-32.547194	-14.613749	1059.156250	23.183645
-32.547194	-14.613749	1057.421875	20.281048
-32.547194	-14.613749	1055.689453	17.379776
-32.547194	-14.613749	1053.957031	21.719746
-32.547194	-14.613749	1052.222656	17.371817
-32.547194	-14.613749	1050.488281	17.367838
-32.547194	-14.613749	1048.753906	17.363859
-32.547194	-14.613749	1047.019531	20.253193
-32.547194	-14.613749	1045.283203	23.141201
-32.547194	-14.613749	1043.546875	21.689903
-32.547194	-14.613749	1041.810547	24.576254
-32.547194	-14.613749	1040.074219	10.117312
-32.547194	-14.613749	1038.337891	18.784985
-32.547194	-14.613749	1036.599609	24.559345
-32.547194	-14.613749	1034.861328	18.776365
-32.547194	-14.613749	1033.123047	12.996038
-32.547194	-14.613749	1031.384766	14.436727
-32.547194	-14.613749	1029.646484	14.433412
-32.547194	-14.613749	1027.906250	25.974174
-32.547194	-14.613749	1026.167969	20.197495
-32.547194	-14.613749	1024.427734	17.308159
-32.547194	-14.613749	1022.685547	18.746197
-32.547194	-14.613749	1020.945313	30.275356
-32.547194	-14.613749	1019.203125	24.502987
-32.547194	-14.613749	1017.462891	17.292248
-32.547194	-14.613749	1015.720703	27.373095
-32.547194	-14.613749	1013.976563	28.807154
-32.547194	-14.613749	1012.234375	23.040421
-32.547194	-14.613749	1010.490234	27.354200
-32.547194	-14.613749	1008.746094	23.029814
-32.547194	-14.613749	1007.001953	27.341606
-32.547194	-14.613749	1005.257813	24.457909
-32.547194	-14.613749	1003.513672	28.767382
-32.547194	-14.613749	1001.767578	25.884678
-32.547194	-14.613749	1000.021484	25.878712
-32.547194	-14.613749	998.275391	22.997997
-32.547194	-14.613749	996.529297	28.740868
-32.547194	-14.613749	994.781250	34.481087
-32.547194	-14.613749	993.035156	30.163992
-32.547194	-14.613749	991.287109	22.976788
-32.547194	-14.613749	989.539063	27.278639
-32.547194	-14.613749	987.789063	35.884663
-32.547194	-14.613749	986.041016	40.181545
-32.547194	-14.613749	984.291016	40.172264
-32.547194	-14.613749	982.541016	28.687849
-32.547194	-14.613749	980.791016	31.549345
-32.547194	-14.613749	979.041016	35.843243
-32.547194	-14.613749	977.289063	28.667969
-32.547194	-14.613749	975.537109	34.393612
-32.547194	-14.613749	973.785156	32.952923
-32.547194	-14.613749	972.033203	37.242519
-32.547194	-14.613749	970.281250	41.530125
-32.547194	-14.613749	968.527344	32.930065
-32.547194	-14.613749	966.773438	32.922447
-32.547194	-14.613749	965.019531	37.208065
-32.547194	-14.613749	963.265625	45.783943
-32.547194	-14.613749	961.511719	34.330006
-32.547194	-14.613749	959.755859	40.042400
-32.547194	-14.613749	958.000000	38.603371
-32.547194	-14.613749	956.244141	37.165005
-32.547194	-14.613749	954.488281	42.872761
-32.547194	-14.613749	952.730469	31.432737
-32.547194	-14.613749	950.974609	29.997023
-32.547194	-14.613749	949.216797	37.130558
-32.547194	-14.613749	947.458984	29.983112
-32.547194	-14.613749	945.701172	29.976158
-32.547194	-14.613749	943.941406	31.396309
-32.547194	-14.613749	942.181641	47.083534
-32.547194	-14.613749	940.421875	35.661064
-32.547194	-14.613749	938.662109	38.505009
-32.547194	-14.613749	936.902344	27.089827
-32.547194	-14.613749	935.140625	35.636230
-32.547194	-14.613749	933.380859	29.927481
-32.547194	-14.613749	931.619141	29.920528
-32.547194	-14.613749	929.855469	24.215752
-32.547194	-14.613749	928.093750	22.785999
-32.547194	-14.613749	926.330078	28.475878
-32.547194	-14.613749	924.568359	18.505016
-32.547194	-14.613749	922.804688	22.770107
-32.547194	-14.613749	921.039063	18.496408
-32.547194	-14.613749	919.275391	25.604454
-32.547194	-14.613749	917.509766	32.709190
-32.547194	-14.613749	915.744141	21.327116
-32.547194	-14.613749	913.978516	28.429533
-32.547194	-14.613749	912.212891	19.896040
-32.547194	-14.613749	910.447266	29.837109
-32.547194	-14.613749	908.679688	28.409676
-32.547194	-14.613749	906.912109	26.982904
-32.547194	-14.613749	905.144531	24.136972
-32.547194	-14.613749	903.375000	29.809311
-32.547194	-14.613749	901.607422	21.287401
-32.547194	-14.613749	899.837891	22.701267
-32.547194	-14.613749	898.068359	14.184982
-32.547194	-14.613749	896.298828	28.363348
-32.547194	-14.613749	894.529297	24.103220
-32.547194	-14.613749	892.757813	31.185123
-32.547194	-14.613749	890.986328	21.257622
-32.547194	-14.613749	889.214844	24.086348
-32.547194	-14.613749	887.443359	25.497236
-32.547194	-14.613749	885.669922	18.410370
-32.547194	-14.613749	883.898438	28.317030
-32.547194	-14.613749	882.125000	25.479374
-32.547194	-14.613749	880.351563	25.473419
-32.547194	-14.613749	878.578125	22.637747
-32.547194	-14.613749	876.802734	29.705097
-32.547194	-14.613749	875.027344	21.212967
-32.547194	-14.613749	873.251953	24.035740
-32.547194	-14.613749	871.476563	18.375973
-32.547194	-14.613749	869.701172	32.503731
-32.547194	-14.613749	867.923828	24.018873
-32.547194	-14.613749	866.146484	29.663429
-32.547194	-14.613749	864.369141	32.480915
-32.547194	-14.613749	862.591797	21.178246
-32.547194	-14.613749	860.814453	19.761732
-32.547194	-14.613749	859.035156	21.168325
-32.547194	-14.613749	857.255859	26.806932
-32.547194	-14.613749	855.476563	16.926727
-32.547194	-14.613749	853.697266	22.563679
-32.547194	-14.613749	851.916016	18.328693
-32.547194	-14.613749	850.136719	28.191378
-32.547194	-14.613749	848.355469	23.957052
-32.547194	-14.613749	846.574219	26.769249
-32.547194	-14.613749	844.791016	25.354391
-32.547194	-14.613749	843.009766	22.531950
-32.547194	-14.613749	841.226563	28.158327
-32.547194	-14.613749	839.443359	26.744133
-32.547194	-14.613749	837.660156	22.516088
-32.547194	-14.613749	835.875000	33.766201
-32.547194	-14.613749	834.091797	22.505514
-32.547194	-14.613749	832.306641	26.719021
-32.547194	-14.613749	830.521484	19.683075
-32.547194	-14.613749	828.734375	16.867243
-32.547194	-14.613749	826.949219	15.458005
-32.547194	-14.613749	825.162109	18.264257
-32.547194	-14.613749	823.375000	23.878412
-32.547194	-14.613749	821.587891	19.659950
-32.547194	-14.613749	819.800781	25.271135
-32.547194	-14.613749	818.011719	14.036217
-32.547194	-14.613749	816.222656	19.646080
-32.547194	-14.613749	814.433594	21.044418
-32.547194	-14.613749	812.644531	16.831572
-32.547194	-14.613749	810.855469	26.643715
-32.547194	-14.613749	809.064453	22.431530
-32.547194	-14.613749	807.273438	18.221325
-32.547194	-14.613749	805.482422	28.026205
-32.547194	-14.613749	803.691406	21.014702
-32.547194	-14.613749	801.898438	21.009750
-32.547194	-14.613749	800.107422	26.606079
-32.547194	-14.613749	798.314453	20.999847
-32.547194	-14.613749	796.521484	29.392855
-32.547194	-14.613749	794.726563	30.785254
-32.547194	-14.613749	792.933594	15.388997
-32.547194	-14.613749	791.138672	25.176054
-32.547194	-14.613749	789.343750	22.373436
-32.547194	-14.613749	787.546875	23.766165
-32.547194	-14.613749	785.751953	23.760557
-32.547194	-14.613749	783.955078	25.152298
-32.547194	-14.613749	782.158203	19.558279
-32.547194	-14.613749	780.361328	26.537111
-32.547194	-14.613749	778.564453	30.719923
-32.547194	-14.613749	776.765625	27.920607
-32.547194	-14.613749	774.968750	27.914009
-32.547194	-14.613749	773.169922	29.302784
-32.547194	-14.613749	771.369141	27.900818
-32.547194	-14.613749	769.570313	26.499512
-32.547194	-14.613749	767.769531	36.253914
-32.547194	-14.613749	765.970703	23.698877
-32.547194	-14.613749	764.167969	20.905828
-32.547194	-14.613749	762.367188	22.294275
-32.547194	-14.613749	760.566406	30.647375
-32.547194	-14.613749	758.763672	33.425587
-32.547194	-14.613749	756.960938	25.063257
-32.547194	-14.613749	755.158203	22.273178
-32.547194	-14.613749	753.353516	25.051392
-32.547194	-14.613749	751.550781	22.262630
-32.547194	-14.613749	749.746094	18.084105
-32.547194	-14.613749	747.941406	27.815107
-32.547194	-14.613749	746.136719	26.418091
-32.547194	-14.613749	744.330078	29.192024
-32.547194	-14.613749	742.523438	25.015804
-32.547194	-14.613749	740.718750	23.620438
-32.547194	-14.613749	738.910156	22.225729
-32.547194	-14.613749	737.103516	27.775574
-32.547194	-14.613749	735.294922	24.992086
-32.547194	-14.613749	733.488281	22.209919
-32.547194	-14.613749	731.679688	20.816858
-32.547194	-14.613749	729.869141	29.136688
-32.547194	-14.613749	728.060547	27.742640
-32.547194	-14.613749	726.250000	22.188845
-32.547194	-14.613749	724.439453	22.183577
-32.547194	-14.613749	722.628906	26.336742
-32.547194	-14.613749	720.818359	31.873749
-32.547194	-14.613749	719.005859	27.709719
-32.547194	-14.613749	717.195313	22.162510
-32.547194	-14.613749	715.382813	20.772415
-32.547194	-14.613749	713.568359	29.074471
-32.547194	-14.613749	711.755859	27.683392
-32.547194	-14.613749	709.941406	26.292969
-32.547194	-14.613749	708.126953	22.136185
-32.547194	-14.613749	706.312500	24.897285
-32.547194	-14.613749	704.498047	29.039925
-32.547194	-14.613749	702.681641	17.972820
-32.547194	-14.613749	700.867188	27.643913
-32.547194	-14.613749	699.050781	26.255468
-32.547194	-14.613749	697.232422	17.959993
-32.547194	-14.613749	695.416016	22.099346
-32.547194	-14.613749	693.597656	26.236725
-32.547194	-14.613749	691.779297	15.186067
-32.547194	-14.613749	689.960938	26.224232
-32.547194	-14.613749	688.142578	27.597879
-32.547194	-14.613749	686.324219	27.591305
-32.547194	-14.613749	684.503906	26.205496
-32.547194	-14.613749	682.683594	30.335974
-32.547194	-14.613749	680.863281	23.435848
-32.547194	-14.613749	679.041016	20.673761
-32.547194	-14.613749	677.218750	28.936365
-32.547194	-14.613749	675.398438	26.174278
-32.547194	-14.613749	673.576172	19.281712
-32.547194	-14.613749	671.751953	30.292604
-32.547194	-14.613749	669.929688	28.908772
-32.547194	-14.613749	668.105469	24.773035
-32.547194	-14.613749	666.281250	23.391172
-32.547194	-14.613749	664.457031	30.263704
-32.547194	-14.613749	662.630859	26.130596
-32.547194	-14.613749	660.806641	24.749393
-32.547194	-14.613749	658.980469	24.743483
-32.547194	-14.613749	657.154297	30.234814
-32.547194	-14.613749	655.326172	20.609722
-32.547194	-14.613749	653.500000	21.978453
-32.547194	-14.613749	651.671875	23.346527
-32.547194	-14.613749	649.843750	21.967951
-32.547194	-14.613749	648.015625	26.080708
-32.547194	-14.613749	646.185547	27.446815
-32.547194	-14.613749	644.357422	32.928307
-32.547194	-14.613749	642.527344	24.690325
-32.547194	-14.613749	640.697266	34.283916
-32.547194	-14.613749	638.865234	34.275719
-32.547194	-14.613749	637.035156	39.750324
-32.547194	-14.613749	635.203125	35.629696
-32.547194	-14.613749	633.371094	41.101353
-32.547194	-14.613749	631.539063	30.133780
-32.547194	-14.613749	629.705078	41.081684
-32.547194	-14.613749	627.873047	34.226543
-32.547194	-14.613749	626.039063	23.268476
-32.547194	-14.613749	624.203125	36.946968
-32.547194	-14.613749	622.369141	38.306202
-32.547194	-14.613749	620.535156	34.193775
-32.547194	-14.613749	618.699219	32.818161
-32.547194	-14.613749	616.863281	39.645779
-32.547194	-14.613749	615.025391	45.103352
-32.547194	-14.613749	613.189453	31.428137
-32.547194	-14.613749	611.351563	31.420605
-32.547194	-14.613749	609.513672	24.584145
-32.547194	-14.613749	607.675781	38.232838
-32.547194	-14.613749	605.837891	31.398014
-32.547194	-14.613749	603.998047	27.296074
-32.547194	-14.613749	602.158203	32.747433
-32.547194	-14.613749	600.318359	24.554686
-32.547194	-14.613749	598.478516	28.640261
-32.547194	-14.613749	596.636719	27.269896
-32.547194	-14.613749	594.796875	23.173849
-32.547194	-14.613749	592.955078	23.168287
-32.547194	-14.613749	591.111328	28.612782
-32.547194	-14.613749	589.269531	20.432795
-32.547194	-14.613749	587.425781	25.875326
-32.547194	-14.613749	585.583984	29.953711
-32.547194	-14.613749	583.738281	28.585312
-32.547194	-14.613749	581.894531	23.134933
-32.547194	-14.613749	580.050781	27.211031
-32.547194	-14.613749	578.205078	23.123821
-32.547194	-14.613749	576.359375	24.478163
-32.547194	-14.613749	574.513672	27.191423
-32.547194	-14.613749	572.666016	35.340355
-32.547194	-14.613749	570.818359	27.178356
-32.547194	-14.613749	568.970703	27.171824
-32.547194	-14.613749	567.123047	25.807026
-32.547194	-14.613749	565.275391	28.516697
-32.547194	-14.613749	563.425781	24.437006
-32.547194	-14.613749	561.576172	25.788414
-32.547194	-14.613749	559.726563	21.711336
-32.547194	-14.613749	557.876953	29.845905
-32.547194	-14.613749	556.027344	24.413504
-32.547194	-14.613749	554.175781	25.763609
-32.547194	-14.613749	552.324219	32.535675
-32.547194	-14.613749	550.472656	29.817190
-32.547194	-14.613749	548.619141	29.810013
-32.547194	-14.613749	546.767578	29.802837
-32.547194	-14.613749	544.914063	32.504360
-32.547194	-14.613749	543.060547	32.496532
-32.547194	-14.613749	541.205078	39.257187
-32.547194	-14.613749	539.351563	33.834251
-32.547194	-14.613749	537.496094	48.709591
-32.547194	-14.613749	535.640625	40.581547
-32.547194	-14.613749	533.785156	39.219379
-32.547194	-14.613749	531.927734	56.786793
-32.547194	-14.613749	530.070313	59.476589
-32.547194	-14.613749	528.212891	83.787727
-32.547194	-14.613749	526.355469	116.193672
-32.547194	-14.613749	524.498047	176.950027
-32.547194	-14.613749	522.638672	361.917358
-32.547194	-14.613749	520.779297	583.248535
-32.547194	-14.613749	518.919922	471.075562
-32.547194	-14.613749	517.060547	246.951401
-32.547194	-14.613749	515.199219	153.801483
-32.547194	-14.613749	513.339844	105.207207
-32.547194	-14.613749	511.478516	76.863647
-32.547194	-14.613749	509.615234	63.363503
-32.547194	-14.613749	507.753906	63.348217
-32.547194	-14.613749	505.890625	67.375458
-32.547194	-14.613749	504.027344	55.234543
-32.547194	-14.613749	502.164063	41.752621
-32.547194	-14.613749	500.300781	51.168282
-32.547194	-14.613749	498.435547	63.271805
-32.547194	-14.613749	496.570313	63.256531
-32.547194	-14.613749	494.705078	67.277931
-32.547194	-14.613749	492.839844	61.880753
-32.547194	-14.613749	490.972656	61.865807
-32.547194	-14.613749	489.107422	60.506279
-32.547194	-14.613749	487.240234	60.491665
-32.547194	-14.613749	485.371094	51.069511
-32.547194	-14.613749	483.503906	48.369953
-32.547194	-14.613749	481.634766	55.074692
-32.547194	-14.613749	479.765625	48.346581
-32.547194	-14.613749	477.896484	42.964352
-32.547194	-14.613749	476.027344	44.296280
-32.547194	-14.613749	474.156250	40.259613
-32.547194	-14.613749	472.285156	46.958195
-32.547194	-14.613749	470.414063	44.264164
-32.547194	-14.613749	468.542969	36.207378
-32.547194	-14.613749	466.669922	40.220692
-32.547194	-14.613749	464.796875	44.232063
-32.547194	-14.613749	462.923828	33.501034
-32.547194	-14.613749	461.050781	34.832649
-32.547194	-14.613749	459.177734	37.503010
-32.547194	-14.613749	457.302734	33.476730
-32.547194	-14.613749	455.427734	30.791142
-32.547194	-14.613749	453.552734	37.475800
-32.547194	-14.613749	451.675781	26.761950
-32.547194	-14.613749	449.800781	21.404379
-32.547194	-14.613749	447.923828	24.074099
-32.547194	-14.613749	446.046875	32.091030
-32.547194	-14.613749	444.169922	24.062447
-32.547194	-14.613749	442.291016	33.411976
-32.547194	-14.613749	440.412109	34.740044
-32.547194	-14.613749	438.533203	29.388304
-32.547194	-14.613749	436.654297	24.039154
-32.547194	-14.613749	434.773438	26.703703
-32.547194	-14.613749	432.894531	32.036682
-32.547194	-14.613749	431.013672	26.690771
-32.547194	-14.613749	429.130859	20.013229
-32.547194	-14.613749	427.250000	28.011734
-32.547194	-14.613749	425.367188	26.671379
-32.547194	-14.613749	423.484375	29.331411
-32.547194	-14.613749	421.601563	23.992613
-32.547194	-14.613749	419.718750	23.986799
-32.547194	-14.613749	417.833984	26.645540
-32.547194	-14.613749	415.949219	30.634947
-32.547194	-14.613749	414.064453	33.290787
-32.547194	-14.613749	412.179688	25.294865
-32.547194	-14.613749	410.294922	33.274651
-32.547194	-14.613749	408.408203	38.589237
-32.547194	-14.613749	406.521484	30.597837
-32.547194	-14.613749	404.634766	42.560585
-32.547194	-14.613749	402.746094	46.539352
-32.547194	-14.613749	400.857422	58.492432
-32.547194	-14.613749	398.968750	78.414017
-32.547194	-14.613749	397.080078	82.381187
-32.547194	-14.613749	395.191406	81.032799
-32.547194	-14.613749	393.300781	79.685066
-32.547194	-14.613749	391.410156	70.371399
-32.547194	-14.613749	389.519531	70.354332
-32.547194	-14.613749	387.628906	49.103374
-32.547194	-14.613749	385.736328	55.725445
-32.547194	-14.613749	383.843750	57.038399
-32.547194	-14.613749	381.951172	49.067646
-32.547194	-14.613749	380.058594	53.033234
-32.547194	-14.613749	378.164063	68.926476
-32.547194	-14.613749	376.271484	66.259377
-32.547194	-14.613749	374.376953	86.116287
-32.547194	-14.613749	372.480469	72.849945
-32.547194	-14.613749	370.585938	62.238480
-32.547194	-14.613749	368.689453	48.984356
-32.547194	-14.613749	366.792969	45.001728
-32.547194	-14.613749	364.896484	60.869911
-32.547194	-14.613749	363.000000	59.532196
-32.547194	-14.613749	361.101563	52.904663
-32.547194	-14.613749	359.203125	51.569523
-32.547194	-14.613749	357.304688	56.844902
-32.547194	-14.613749	355.406250	60.796059
-32.547194	-14.613749	353.505859	40.961308
-32.547194	-14.613749	351.605469	47.556423
-32.547194	-14.613749	349.705078	54.148327
-32.547194	-14.613749	347.804688	50.174068
-32.547194	-14.613749	345.902344	50.161884
-32.547194	-14.613749	344.001953	52.789158
-32.547194	-14.613749	342.099609	51.456928
-32.547194	-14.613749	340.195313	52.763519
-32.547194	-14.613749	338.292969	44.838097
-32.547194	-14.613749	336.388672	39.553417
-32.547194	-14.613749	334.484375	43.498192
-32.547194	-14.613749	332.580078	39.534203
-32.547194	-14.613749	330.675781	38.207115
-32.547194	-14.613749	328.769531	36.880665
-32.547194	-14.613749	326.863281	36.871704
-32.547194	-14.613749	324.957031	42.128853
-32.547194	-14.613749	323.048828	46.067238
-32.547194	-14.613749	321.142578	31.581287
-32.547194	-14.613749	319.234375	31.573614
-32.547194	-14.613749	317.326172	28.935448
-32.547194	-14.613749	315.417969	31.558271
-32.547194	-14.613749	313.507813	38.123646
-32.547194	-14.613749	311.597656	31.542936
-32.547194	-14.613749	309.687500	38.105118
-32.547194	-14.613749	307.777344	28.900305
-32.547194	-14.613749	305.865234	30.206614
-32.547194	-14.613749	303.955078	24.947224
-32.547194	-14.613749	302.042969	31.504623
-32.547194	-14.613749	300.128906	31.496967
-32.547194	-14.613749	298.216797	38.049583
-32.547194	-14.613749	296.302734	39.352074
-32.547194	-14.613749	294.388672	31.474005
-32.547194	-14.613749	292.474609	41.955139
-32.547194	-14.613749	290.560547	41.944942
-32.547194	-14.613749	288.644531	38.003361
-32.547194	-14.613749	286.728516	49.785404
-32.547194	-14.613749	284.812500	61.561714
-32.547194	-14.613749	282.896484	56.308727
-32.547194	-14.613749	280.978516	61.531788
-32.547194	-14.613749	279.060547	65.443436
-32.547194	-14.613749	277.142578	61.501873
-32.547194	-14.613749	275.224609	60.178688
-32.547194	-14.613749	273.304688	70.627373
-32.547194	-14.613749	271.384766	71.917801
-32.547194	-14.613749	269.464844	86.280373
-32.547194	-14.613749	267.544922	83.645477
-32.547194	-14.613749	265.623047	128.050995
-32.547194	-14.613749	263.703125	220.768951
-32.547194	-14.613749	261.781250	287.321655
-32.547194	-14.613749	259.857422	300.308685
-32.547194	-14.613749	257.935547	240.188553
-32.547194	-14.613749	256.011719	241.435196
-32.547194	-14.613749	254.087891	263.557037
-32.547194	-14.613749	252.164063	542.638977
-32.547194	-14.613749	250.240234	1880.517212
-32.547194	-14.613749	248.314453	1923.084839
-32.547194	-14.613749	246.388672	812.061401
-32.547194	-14.613749	244.462891	344.032257
-32.547194	-14.613749	242.535156	231.904739
-32.547194	-14.613749	240.609375	194.075302
-32.547194	-14.613749	238.681641	171.890671
-32.547194	-14.613749	236.753906	160.131912
-32.547194	-14.613749	234.824219	110.633362
-32.547194	-14.613749	232.896484	87.183914
-32.547194	-14.613749	230.966797	92.366463
-32.547194	-14.613749	229.037109	79.337807
-32.547194	-14.613749	227.107422	78.018211
-32.547194	-14.613749	225.175781	67.599342
-32.547194	-14.613749	223.244141	84.478638
-32.547194	-14.613749	221.312500	68.865837
-32.547194	-14.613749	219.380859	100.026039
-32.547194	-14.613749	217.447266	98.702995
-32.547194	-14.613749	215.515625	72.710838
-32.547194	-14.613749	213.582031	77.885536
-32.547194	-14.613749	211.646484	68.782166
-32.547194	-14.613749	209.712891	62.278133
-32.547194	-14.613749	207.777344	64.857285
-32.547194	-14.613749	205.841797	60.951027
-32.547194	-14.613749	203.906250	54.453636
-32.547194	-14.613749	201.968750	41.478397
-32.547194	-14.613749	200.033203	40.172432
-32.547194	-14.613749	198.095703	28.502537
-32.547194	-14.613749	196.158203	38.857647
-32.547194	-14.613749	194.218750	29.783623
-32.547194	-14.613749	192.281250	23.303255
-32.547194	-14.613749	190.341797	29.769146
-32.547194	-14.613749	188.402344	33.643898
-32.547194	-14.613749	186.460938	25.873631
-32.547194	-14.613749	184.521484	21.987242
-32.547194	-14.613749	182.580078	25.861057
-32.547194	-14.613749	180.638672	32.318466
-32.547194	-14.613749	178.695313	19.386366
-32.547194	-14.613749	176.753906	28.426428
-32.547194	-14.613749	174.810547	28.419519
-32.547194	-14.613749	172.867188	28.412613
-32.547194	-14.613749	170.921875	25.823372
-32.547194	-14.613749	168.978516	28.398808
-32.547194	-14.613749	167.033203	24.520285
-32.547194	-14.613749	165.087891	24.514326
-32.547194	-14.613749	163.142578	27.088200
-32.547194	-14.613749	161.195313	29.660820
-32.547194	-14.613749	159.248047	28.364326
-32.547194	-14.613749	157.300781	30.935385
-32.547194	-14.613749	155.353516	32.216530
-32.547194	-14.613749	153.406250	36.073750
-32.547194	-14.613749	151.457031	42.505165
-32.547194	-14.613749	149.507813	34.768505
-32.547194	-14.613749	147.558594	37.334881
-32.547194	-14.613749	145.607422	39.900009
-32.547194	-14.613749	143.658203	46.324242
-32.547194	-14.613749	141.707031	51.458881
-32.547194	-14.613749	139.753906	52.732544
-32.547194	-14.613749	137.802734	65.578217
-32.547194	-14.613749	135.849609	74.561035
-32.547194	-14.613749	133.896484	60.405483
-32.547194	-14.613749	131.943359	48.826618
-32.547194	-14.613749	129.990234	53.953159
-32.547194	-14.613749	128.035156	46.234341
-32.547194	-14.613749	126.080078	52.642994
-32.547194	-14.613749	124.125000	47.495564
-32.547194	-14.613749	122.169922	52.617443
-32.547194	-14.613749	120.212891	60.302917
-32.547194	-14.613749	118.255859	48.743721
-32.547194	-14.613749	116.298828	52.579147
-32.547194	-14.613749	114.341797	43.591640
-32.547194	-14.613749	112.382813	39.735676
-32.547194	-14.613749	110.423828	35.881580
-32.547194	-14.613749	108.464844	29.467003
-32.547194	-14.613749	106.505859	26.898129
-32.547194	-14.613749	104.544922	17.927736
-32.547194	-14.613749	102.585938	12.802420
-32.547194	-14.613749	100.625000	5.119726
-32.547194	-14.613749	98.662109	8.957348
-32.547194	-14.613749	96.701172	5.117243
-32.547194	-14.613749	94.738281	5.116002
-32.547194	-14.613749	92.775391	0.000000
-32.547194	-14.613749	90.812500	1.278380
-32.547194	-14.613749	88.847656	1.278070
-32.547194	-14.613749	86.882813	1.277761
-32.547194	-14.613749	84.917969	1.277451
-32.547194	-14.613749	82.953125	2.554283
-32.547194	-14.613749	80.988281	1.276832
-32.547194	-14.613749	79.021484	0.000000
-32.547194	-14.613749	77.054688	3.828639
-32.547194	-14.613749	75.087891	1.275904
-32.547194	-14.613749	73.119141	1.275595
-32.547194	-14.613749	71.152344	2.550571
-32.547194	-14.613749	69.183594	2.549954
-32.547194	-14.613749	67.212891	0.000000
-32.547194	-14.613749	65.244141	-1.274359
-32.547194	-14.613749	63.273438	-1.274051
-32.547194	-14.613749	61.302734	3.821227
-32.547194	-14.613749	59.332031	0.000000
-29.547194	-14.613749	1838.626953	17.678635
-29.547194	-14.613749	1837.066406	14.464337
-29.547194	-14.613749	1835.503906	22.495293
-29.547194	-14.613749	1833.941406	19.277576
-29.547194	-14.613749	1832.378906	30.516335
-29.547194	-14.613749	1830.816406	20.875154
-29.547194	-14.613749	1829.251953	17.659832
-29.547194	-14.613749	1827.687500	19.261173
-29.547194	-14.613749	1826.125000	17.652317
-29.547194	-14.613749	1824.560547	25.670633
-29.547194	-14.613749	1822.994141	16.040731
-29.547194	-14.613749	1821.429688	19.244781
-29.547194	-14.613749	1819.865234	24.050856
-29.547194	-14.613749	1818.298828	27.251835
-29.547194	-14.613749	1816.732422	30.451452
-29.547194	-14.613749	1815.166016	25.637869
-29.547194	-14.613749	1813.599609	28.836464
-29.547194	-14.613749	1812.033203	24.025270
-29.547194	-14.613749	1810.464844	22.418814
-29.547194	-14.613749	1808.896484	24.015043
-29.547194	-14.613749	1807.330078	19.207945
-29.547194	-14.613749	1805.759766	16.003214
-29.547194	-14.613749	1804.191406	28.799652
-29.547194	-14.613749	1802.623047	33.592442
-29.547194	-14.613749	1801.052734	14.393695
-29.547194	-14.613749	1799.484375	25.583342
-29.547194	-14.613749	1797.914063	25.577894
-29.547194	-14.613749	1796.343750	19.179337
-29.547194	-14.613749	1794.771484	23.969065
-29.547194	-14.613749	1793.201172	20.768766
-29.547194	-14.613749	1791.628906	15.972572
-29.547194	-14.613749	1790.058594	23.953754
-29.547194	-14.613749	1788.486328	23.948654
-29.547194	-14.613749	1786.914063	17.558605
-29.547194	-14.613749	1785.339844	22.342556
-29.547194	-14.613749	1783.767578	14.360012
-29.547194	-14.613749	1782.193359	22.333038
-29.547194	-14.613749	1780.621094	30.302668
-29.547194	-14.613749	1779.046875	35.079826
-29.547194	-14.613749	1777.470703	20.724571
-29.547194	-14.613749	1775.896484	17.532440
-29.547194	-14.613749	1774.322266	15.935185
-29.547194	-14.613749	1772.746094	22.304506
-29.547194	-14.613749	1771.169922	23.892593
-29.547194	-14.613749	1769.593750	22.295000
-29.547194	-14.613749	1768.017578	23.882410
-29.547194	-14.613749	1766.441406	25.469141
-29.547194	-14.613749	1764.863281	20.689268
-29.547194	-14.613749	1763.287109	28.640572
-29.547194	-14.613749	1761.708984	20.680449
-29.547194	-14.613749	1760.130859	20.676041
-29.547194	-14.613749	1758.552734	28.622259
-29.547194	-14.613749	1756.972656	23.846798
-29.547194	-14.613749	1755.394531	20.662819
-29.547194	-14.613749	1753.814453	19.069304
-29.547194	-14.613749	1752.234375	20.654007
-29.547194	-14.613749	1750.654297	23.826466
-29.547194	-14.613749	1749.074219	23.821384
-29.547194	-14.613749	1747.492188	25.404058
-29.547194	-14.613749	1745.912109	23.811224
-29.547194	-14.613749	1744.330078	17.457840
-29.547194	-14.613749	1742.748047	23.801067
-29.547194	-14.613749	1741.166016	22.209591
-29.547194	-14.613749	1739.583984	17.446669
-29.547194	-14.613749	1738.000000	14.271502
-29.547194	-14.613749	1736.417969	25.366146
-29.547194	-14.613749	1734.833984	25.360733
-29.547194	-14.613749	1733.250000	22.185905
-29.547194	-14.613749	1731.666016	17.428062
-29.547194	-14.613749	1730.082031	17.424343
-29.547194	-14.613749	1728.496094	25.339090
-29.547194	-14.613749	1726.912109	23.750326
-29.547194	-14.613749	1725.326172	18.996204
-29.547194	-14.613749	1723.740234	20.574827
-29.547194	-14.613749	1722.154297	30.064482
-29.547194	-14.613749	1720.566406	26.894054
-29.547194	-14.613749	1718.980469	25.306646
-29.547194	-14.613749	1717.392578	25.301243
-29.547194	-14.613749	1715.804688	22.133858
-29.547194	-14.613749	1714.216797	17.387175
-29.547194	-14.613749	1712.628906	20.544088
-29.547194	-14.613749	1711.041016	22.119677
-29.547194	-14.613749	1709.451172	18.955673
-29.547194	-14.613749	1707.861328	25.268829
-29.547194	-14.613749	1706.271484	23.684465
-29.547194	-14.613749	1704.681641	25.258032
-29.547194	-14.613749	1703.091797	18.939476
-29.547194	-14.613749	1701.501953	20.513380
-29.547194	-14.613749	1699.910156	25.241838
-29.547194	-14.613749	1698.318359	31.545553
-29.547194	-14.613749	1696.726563	23.654108
-29.547194	-14.613749	1695.134766	25.225653
-29.547194	-14.613749	1693.542969	26.796526
-29.547194	-14.613749	1691.949219	23.638937
-29.547194	-14.613749	1690.357422	28.360657
-29.547194	-14.613749	1688.763672	23.628826
-29.547194	-14.613749	1687.169922	31.498362
-29.547194	-14.613749	1685.576172	18.894974
-29.547194	-14.613749	1683.982422	20.465176
-29.547194	-14.613749	1682.386719	31.478149
-29.547194	-14.613749	1680.791016	15.735706
-29.547194	-14.613749	1679.195313	18.878807
-29.547194	-14.613749	1677.599609	15.728971
-29.547194	-14.613749	1676.003906	18.870726
-29.547194	-14.613749	1674.408203	23.583357
-29.547194	-14.613749	1672.810547	20.434534
-29.547194	-14.613749	1671.214844	23.573259
-29.547194	-14.613749	1669.617188	18.854570
-29.547194	-14.613749	1668.019531	25.134043
-29.547194	-14.613749	1666.419922	20.417036
-29.547194	-14.613749	1664.822266	21.982866
-29.547194	-14.613749	1663.222656	23.548025
-29.547194	-14.613749	1661.623047	21.973450
-29.547194	-14.613749	1660.023438	21.968740
-29.547194	-14.613749	1658.423828	17.257454
-29.547194	-14.613749	1656.824219	23.527849
-29.547194	-14.613749	1655.222656	25.090994
-29.547194	-14.613749	1653.623047	20.382061
-29.547194	-14.613749	1652.021484	17.242662
-29.547194	-14.613749	1650.419922	23.507681
-29.547194	-14.613749	1648.818359	18.802113
-29.547194	-14.613749	1647.214844	18.798080
-29.547194	-14.613749	1645.613281	23.492559
-29.547194	-14.613749	1644.009766	18.790016
-29.547194	-14.613749	1642.406250	18.785986
-29.547194	-14.613749	1640.802734	23.477444
-29.547194	-14.613749	1639.199219	21.907579
-29.547194	-14.613749	1637.593750	28.160843
-29.547194	-14.613749	1635.990234	18.769865
-29.547194	-14.613749	1634.384766	25.021116
-29.547194	-14.613749	1632.779297	20.325293
-29.547194	-14.613749	1631.173828	21.884077
-29.547194	-14.613749	1629.568359	20.316565
-29.547194	-14.613749	1627.960938	18.749725
-29.547194	-14.613749	1626.353516	24.994265
-29.547194	-14.613749	1624.748047	24.988895
-29.547194	-14.613749	1623.140625	28.106468
-29.547194	-14.613749	1621.531250	17.172485
-29.547194	-14.613749	1619.923828	18.729595
-29.547194	-14.613749	1618.314453	20.286034
-29.547194	-14.613749	1616.707031	20.281673
-29.547194	-14.613749	1615.097656	28.076281
-29.547194	-14.613749	1613.488281	20.272955
-29.547194	-14.613749	1611.878906	32.741577
-29.547194	-14.613749	1610.267578	21.823025
-29.547194	-14.613749	1608.656250	20.259880
-29.547194	-14.613749	1607.046875	26.487989
-29.547194	-14.613749	1605.435547	28.040073
-29.547194	-14.613749	1603.824219	23.361700
-29.547194	-14.613749	1602.210938	17.128227
-29.547194	-14.613749	1600.599609	10.897435
-29.547194	-14.613749	1598.986328	17.120855
-29.547194	-14.613749	1597.373047	18.673277
-29.547194	-14.613749	1595.759766	15.557714
-29.547194	-14.613749	1594.146484	24.886984
-29.547194	-14.613749	1592.533203	23.326523
-29.547194	-14.613749	1590.917969	18.657200
-29.547194	-14.613749	1589.302734	20.207613
-29.547194	-14.613749	1587.687500	21.757357
-29.547194	-14.613749	1586.072266	15.537621
-29.547194	-14.613749	1584.457031	17.087700
-29.547194	-14.613749	1582.839844	20.190201
-29.547194	-14.613749	1581.224609	18.633093
-29.547194	-14.613749	1579.607422	17.076653
-29.547194	-14.613749	1577.990234	20.177147
-29.547194	-14.613749	1576.373047	15.517535
-29.547194	-14.613749	1574.755859	23.271284
-29.547194	-14.613749	1573.136719	26.368433
-29.547194	-14.613749	1571.517578	26.362745
-29.547194	-14.613749	1569.898438	23.256227
-29.547194	-14.613749	1568.279297	17.050886
-29.547194	-14.613749	1566.660156	26.345684
-29.547194	-14.613749	1565.041016	20.142351
-29.547194	-14.613749	1563.419922	21.687078
-29.547194	-14.613749	1561.798828	18.584911
-29.547194	-14.613749	1560.177734	21.677715
-29.547194	-14.613749	1558.556641	23.221107
-29.547194	-14.613749	1556.935547	20.120613
-29.547194	-14.613749	1555.312500	23.211077
-29.547194	-14.613749	1553.691406	18.564850
-29.547194	-14.613749	1552.068359	17.014101
-29.547194	-14.613749	1550.445313	18.556826
-29.547194	-14.613749	1548.822266	21.644951
-29.547194	-14.613749	1547.197266	18.548805
-29.547194	-14.613749	1545.574219	16.999395
-29.547194	-14.613749	1543.949219	23.175980
-29.547194	-14.613749	1542.324219	20.081505
-29.547194	-14.613749	1540.699219	18.532764
-29.547194	-14.613749	1539.072266	20.072819
-29.547194	-14.613749	1537.447266	18.524746
-29.547194	-14.613749	1535.820313	18.520737
-29.547194	-14.613749	1534.193359	24.688971
-29.547194	-14.613749	1532.566406	26.226353
-29.547194	-14.613749	1530.939453	23.135889
-29.547194	-14.613749	1529.312500	21.588821
-29.547194	-14.613749	1527.683594	18.500696
-29.547194	-14.613749	1526.056641	20.038080
-29.547194	-14.613749	1524.427734	24.656910
-29.547194	-14.613749	1522.798828	18.488674
-29.547194	-14.613749	1521.167969	21.565447
-29.547194	-14.613749	1519.539063	18.480661
-29.547194	-14.613749	1517.908203	21.556099
-29.547194	-14.613749	1516.277344	18.472651
-29.547194	-14.613749	1514.646484	21.546751
-29.547194	-14.613749	1513.015625	15.387199
-29.547194	-14.613749	1511.384766	21.537405
-29.547194	-14.613749	1509.751953	16.918577
-29.547194	-14.613749	1508.121094	21.528061
-29.547194	-14.613749	1506.488281	19.986004
-29.547194	-14.613749	1504.855469	18.444614
-29.547194	-14.613749	1503.220703	24.587481
-29.547194	-14.613749	1501.587891	30.727678
-29.547194	-14.613749	1499.953125	24.576805
-29.547194	-14.613749	1498.318359	26.107183
-29.547194	-14.613749	1496.683594	16.889214
-29.547194	-14.613749	1495.048828	15.350495
-29.547194	-14.613749	1493.414063	23.020739
-29.547194	-14.613749	1491.777344	16.878206
-29.547194	-14.613749	1490.140625	18.408587
-29.547194	-14.613749	1488.505859	23.005732
-29.547194	-14.613749	1486.867188	16.867201
-29.547194	-14.613749	1485.230469	22.995726
-29.547194	-14.613749	1483.593750	24.523439
-29.547194	-14.613749	1481.955078	15.323815
-29.547194	-14.613749	1480.316406	24.512770
-29.547194	-14.613749	1478.677734	21.444006
-29.547194	-14.613749	1477.039063	16.845194
-29.547194	-14.613749	1475.400391	18.372576
-29.547194	-14.613749	1473.759766	19.899290
-29.547194	-14.613749	1472.119141	19.894957
-29.547194	-14.613749	1470.478516	27.540863
-29.547194	-14.613749	1468.837891	13.767431
-29.547194	-14.613749	1467.197266	19.881956
-29.547194	-14.613749	1465.556641	21.406672
-29.547194	-14.613749	1463.914063	21.402006
-29.547194	-14.613749	1462.271484	25.982485
-29.547194	-14.613749	1460.628906	22.920725
-29.547194	-14.613749	1458.986328	33.609730
-29.547194	-14.613749	1457.343750	18.328583
-29.547194	-14.613749	1455.699219	22.905729
-29.547194	-14.613749	1454.054688	22.900732
-29.547194	-14.613749	1452.410156	19.842970
-29.547194	-14.613749	1450.765625	19.838640
-29.547194	-14.613749	1449.121094	24.411457
-29.547194	-14.613749	1447.474609	12.203064
-29.547194	-14.613749	1445.830078	15.250499
-29.547194	-14.613749	1444.183594	16.771885
-29.547194	-14.613749	1442.537109	24.390139
-29.547194	-14.613749	1440.890625	19.812658
-29.547194	-14.613749	1439.242188	19.808329
-29.547194	-14.613749	1437.595703	18.280615
-29.547194	-14.613749	1435.947266	10.661361
-29.547194	-14.613749	1434.298828	25.886215
-29.547194	-14.613749	1432.650391	21.313396
-29.547194	-14.613749	1431.000000	22.830788
-29.547194	-14.613749	1429.351563	13.695477
-29.547194	-14.613749	1427.701172	16.735252
-29.547194	-14.613749	1426.050781	12.168429
-29.547194	-14.613749	1424.400391	15.207208
-29.547194	-14.613749	1422.750000	22.805817
-29.547194	-14.613749	1421.097656	24.320879
-29.547194	-14.613749	1419.447266	18.236664
-29.547194	-14.613749	1417.794922	16.713280
-29.547194	-14.613749	1416.142578	16.709620
-29.547194	-14.613749	1414.490234	21.262127
-29.547194	-14.613749	1412.835938	22.775858
-29.547194	-14.613749	1411.183594	18.216692
-29.547194	-14.613749	1409.529297	21.248148
-29.547194	-14.613749	1407.875000	13.656528
-29.547194	-14.613749	1406.220703	22.755890
-29.547194	-14.613749	1404.566406	21.234171
-29.547194	-14.613749	1402.910156	18.196724
-29.547194	-14.613749	1401.255859	18.192732
-29.547194	-14.613749	1399.599609	19.704466
-29.547194	-14.613749	1397.943359	16.669350
-29.547194	-14.613749	1396.287109	21.210878
-29.547194	-14.613749	1394.628906	25.750410
-29.547194	-14.613749	1392.970703	31.802343
-29.547194	-14.613749	1391.314453	16.654711
-29.547194	-14.613749	1389.656250	21.192247
-29.547194	-14.613749	1387.998047	13.620593
-29.547194	-14.613749	1386.337891	18.156799
-29.547194	-14.613749	1384.679688	21.178274
-29.547194	-14.613749	1383.019531	15.124012
-29.547194	-14.613749	1381.359375	15.120686
-29.547194	-14.613749	1379.699219	22.676039
-29.547194	-14.613749	1378.039063	24.182453
-29.547194	-14.613749	1376.376953	24.177132
-29.547194	-14.613749	1374.716797	16.618120
-29.547194	-14.613749	1373.054688	18.124866
-29.547194	-14.613749	1371.392578	18.120874
-29.547194	-14.613749	1369.728516	16.607143
-29.547194	-14.613749	1368.066406	18.112894
-29.547194	-14.613749	1366.402344	22.636129
-29.547194	-14.613749	1364.740234	22.631140
-29.547194	-14.613749	1363.076172	16.592512
-29.547194	-14.613749	1361.412109	19.605009
-29.547194	-14.613749	1359.746094	22.616177
-29.547194	-14.613749	1358.082031	25.626015
-29.547194	-14.613749	1356.416016	19.592041
-29.547194	-14.613749	1354.750000	19.587719
-29.547194	-14.613749	1353.083984	16.570566
-29.547194	-14.613749	1351.417969	22.591240
-29.547194	-14.613749	1349.750000	21.080502
-29.547194	-14.613749	1348.083984	24.086683
-29.547194	-14.613749	1346.416016	27.091534
-29.547194	-14.613749	1344.748047	21.066538
-29.547194	-14.613749	1343.078125	15.044203
-29.547194	-14.613749	1341.410156	22.561317
-29.547194	-14.613749	1339.740234	19.548820
-29.547194	-14.613749	1338.072266	24.054770
-29.547194	-14.613749	1336.402344	27.055632
-29.547194	-14.613749	1334.730469	28.552406
-29.547194	-14.613749	1333.060547	21.033962
-29.547194	-14.613749	1331.388672	18.025122
-29.547194	-14.613749	1329.718750	18.021133
-29.547194	-14.613749	1328.046875	24.022860
-29.547194	-14.613749	1326.375000	19.514252
-29.547194	-14.613749	1324.701172	13.506876
-29.547194	-14.613749	1323.029297	25.507338
-29.547194	-14.613749	1321.355469	19.501291
-29.547194	-14.613749	1319.681641	25.496038
-29.547194	-14.613749	1318.007813	16.493780
-29.547194	-14.613749	1316.333984	22.486534
-29.547194	-14.613749	1314.660156	22.481550
-29.547194	-14.613749	1312.984375	20.978127
-29.547194	-14.613749	1311.308594	22.471581
-29.547194	-14.613749	1309.632813	16.475504
-29.547194	-14.613749	1307.957031	19.466730
-29.547194	-14.613749	1306.279297	22.456627
-29.547194	-14.613749	1304.603516	16.464539
-29.547194	-14.613749	1302.925781	23.943104
-29.547194	-14.613749	1301.248047	25.433899
-29.547194	-14.613749	1299.570313	23.932470
-29.547194	-14.613749	1297.892578	16.449919
-29.547194	-14.613749	1296.212891	16.446264
-29.547194	-14.613749	1294.533203	22.421740
-29.547194	-14.613749	1292.853516	25.405657
-29.547194	-14.613749	1291.173828	23.905891
-29.547194	-14.613749	1289.494141	20.913004
-29.547194	-14.613749	1287.812500	11.947630
-29.547194	-14.613749	1286.132813	17.917459
-29.547194	-14.613749	1284.451172	20.899052
-29.547194	-14.613749	1282.769531	20.894400
-29.547194	-14.613749	1281.085938	11.936999
-29.547194	-14.613749	1279.404297	26.852270
-29.547194	-14.613749	1277.720703	17.897528
-29.547194	-14.613749	1276.039063	19.384670
-29.547194	-14.613749	1274.355469	14.907963
-29.547194	-14.613749	1272.669922	20.866497
-29.547194	-14.613749	1270.986328	14.901320
-29.547194	-14.613749	1269.300781	20.857197
-29.547194	-14.613749	1267.615234	17.873611
-29.547194	-14.613749	1265.929688	22.337032
-29.547194	-14.613749	1264.244141	17.865641
-29.547194	-14.613749	1262.558594	20.838596
-29.547194	-14.613749	1260.871094	17.857668
-29.547194	-14.613749	1259.185547	23.804911
-29.547194	-14.613749	1257.498047	22.312122
-29.547194	-14.613749	1255.808594	25.281425
-29.547194	-14.613749	1254.121094	20.815348
-29.547194	-14.613749	1252.433594	16.351263
-29.547194	-14.613749	1250.744141	17.833755
-29.547194	-14.613749	1249.054688	20.801399
-29.547194	-14.613749	1247.365234	20.796751
-29.547194	-14.613749	1245.673828	19.306952
-29.547194	-14.613749	1243.984375	22.272270
-29.547194	-14.613749	1242.292969	17.813831
-29.547194	-14.613749	1240.601563	23.746462
-29.547194	-14.613749	1238.910156	23.741148
-29.547194	-14.613749	1237.218750	22.252346
-29.547194	-14.613749	1235.525391	19.281050
-29.547194	-14.613749	1233.833984	23.725210
-29.547194	-14.613749	1232.140625	20.754910
-29.547194	-14.613749	1230.447266	16.303776
-29.547194	-14.613749	1228.753906	19.263783
-29.547194	-14.613749	1227.058594	19.259466
-29.547194	-14.613749	1225.365234	25.179811
-29.547194	-14.613749	1223.669922	17.770000
-29.547194	-14.613749	1221.974609	23.688023
-29.547194	-14.613749	1220.277344	23.682709
-29.547194	-14.613749	1218.582031	23.677397
-29.547194	-14.613749	1216.884766	20.713074
-29.547194	-14.613749	1215.189453	17.750080
-29.547194	-14.613749	1213.492188	16.267254
-29.547194	-14.613749	1211.792969	14.785093
-29.547194	-14.613749	1210.095703	20.694483
-29.547194	-14.613749	1208.396484	23.645525
-29.547194	-14.613749	1206.699219	17.730160
-29.547194	-14.613749	1205.000000	17.726177
-29.547194	-14.613749	1203.298828	14.768494
-29.547194	-14.613749	1201.599609	16.241692
-29.547194	-14.613749	1199.900391	22.142782
-29.547194	-14.613749	1198.199219	22.137802
-29.547194	-14.613749	1196.498047	14.755215
-29.547194	-14.613749	1194.796875	14.751896
-29.547194	-14.613749	1193.093750	22.122864
-29.547194	-14.613749	1191.392578	20.643360
-29.547194	-14.613749	1189.689453	17.690325
-29.547194	-14.613749	1187.986328	16.212479
-29.547194	-14.613749	1186.283203	19.155888
-29.547194	-14.613749	1184.580078	16.205177
-29.547194	-14.613749	1182.875000	16.201527
-29.547194	-14.613749	1181.169922	17.670408
-29.547194	-14.613749	1179.464844	17.666426
-29.547194	-14.613749	1177.759766	23.549923
-29.547194	-14.613749	1176.054688	20.601536
-29.547194	-14.613749	1174.347656	23.539303
-29.547194	-14.613749	1172.642578	22.063118
-29.547194	-14.613749	1170.935547	17.646511
-29.547194	-14.613749	1169.228516	23.523371
-29.547194	-14.613749	1167.519531	20.578302
-29.547194	-14.613749	1165.812500	26.451845
-29.547194	-14.613749	1164.103516	17.630581
-29.547194	-14.613749	1162.394531	16.157715
-29.547194	-14.613749	1160.685547	17.622616
-29.547194	-14.613749	1158.976563	24.959730
-29.547194	-14.613749	1157.265625	20.550425
-29.547194	-14.613749	1155.556641	26.416002
-29.547194	-14.613749	1153.845703	24.942804
-29.547194	-14.613749	1152.134766	22.003380
-29.547194	-14.613749	1150.423828	17.598721
-29.547194	-14.613749	1148.710938	17.594738
-29.547194	-14.613749	1146.998047	19.056654
-29.547194	-14.613749	1145.287109	19.052340
-29.547194	-14.613749	1143.572266	23.443724
-29.547194	-14.613749	1141.859375	21.973513
-29.547194	-14.613749	1140.146484	17.574829
-29.547194	-14.613749	1138.431641	19.035084
-29.547194	-14.613749	1136.716797	26.350298
-29.547194	-14.613749	1135.001953	16.099310
-29.547194	-14.613749	1133.287109	23.411869
-29.547194	-14.613749	1131.570313	14.629100
-29.547194	-14.613749	1129.855469	24.863829
-29.547194	-14.613749	1128.138672	26.320435
-29.547194	-14.613749	1126.421875	24.852547
-29.547194	-14.613749	1124.703125	16.077410
-29.547194	-14.613749	1122.986328	27.763769
-29.547194	-14.613749	1121.267578	14.609192
-29.547194	-14.613749	1119.548828	18.987637
-29.547194	-14.613749	1117.830078	24.824347
-29.547194	-14.613749	1116.111328	21.898857
-29.547194	-14.613749	1114.392578	20.434290
-29.547194	-14.613749	1112.671875	20.429644
-29.547194	-14.613749	1110.951172	18.966072
-29.547194	-14.613749	1109.230469	20.420355
-29.547194	-14.613749	1107.509766	18.957445
-29.547194	-14.613749	1105.787109	20.411066
-29.547194	-14.613749	1104.066406	30.609632
-29.547194	-14.613749	1102.343750	21.859047
-29.547194	-14.613749	1100.621094	26.224886
-29.547194	-14.613749	1098.896484	21.849096
-29.547194	-14.613749	1097.173828	21.844120
-29.547194	-14.613749	1095.449219	20.383202
-29.547194	-14.613749	1093.724609	16.011723
-29.547194	-14.613749	1092.000000	20.373913
-29.547194	-14.613749	1090.275391	18.914322
-29.547194	-14.613749	1088.550781	17.455393
-29.547194	-14.613749	1086.824219	18.905697
-29.547194	-14.613749	1085.097656	21.809290
-29.547194	-14.613749	1083.371094	23.257936
-29.547194	-14.613749	1081.644531	15.986182
-29.547194	-14.613749	1079.916016	21.794365
-29.547194	-14.613749	1078.189453	21.789389
-29.547194	-14.613749	1076.460938	18.879826
-29.547194	-14.613749	1074.732422	18.875515
-29.547194	-14.613749	1073.001953	14.516310
-29.547194	-14.613749	1071.273438	15.964293
-29.547194	-14.613749	1069.542969	24.666451
-29.547194	-14.613749	1067.812500	15.956996
-29.547194	-14.613749	1066.082031	21.754566
-29.547194	-14.613749	1064.351563	15.949700
-29.547194	-14.613749	1062.619141	23.194258
-29.547194	-14.613749	1060.888672	23.188951
-29.547194	-14.613749	1059.156250	21.734669
-29.547194	-14.613749	1057.421875	21.729694
-29.547194	-14.613749	1055.689453	20.276405
-29.547194	-14.613749	1053.957031	18.823780
-29.547194	-14.613749	1052.222656	23.162424
-29.547194	-14.613749	1050.488281	18.815159
-29.547194	-14.613749	1048.753906	18.810848
-29.547194	-14.613749	1047.019531	27.486477
-29.547194	-14.613749	1045.283203	21.694878
-29.547194	-14.613749	1043.546875	26.027884
-29.547194	-14.613749	1041.810547	13.010958
-29.547194	-14.613749	1040.074219	14.453304
-29.547194	-14.613749	1038.337891	20.229984
-29.547194	-14.613749	1036.599609	18.780676
-29.547194	-14.613749	1034.861328	23.109373
-29.547194	-14.613749	1033.123047	30.324089
-29.547194	-14.613749	1031.384766	23.098763
-29.547194	-14.613749	1029.646484	15.876753
-29.547194	-14.613749	1027.906250	18.759125
-29.547194	-14.613749	1026.167969	25.968206
-29.547194	-14.613749	1024.427734	21.635199
-29.547194	-14.613749	1022.685547	27.398287
-29.547194	-14.613749	1020.945313	25.950306
-29.547194	-14.613749	1019.203125	30.268394
-29.547194	-14.613749	1017.462891	21.615311
-29.547194	-14.613749	1015.720703	25.932405
-29.547194	-14.613749	1013.976563	21.605366
-29.547194	-14.613749	1012.234375	20.160368
-29.547194	-14.613749	1010.490234	27.354200
-29.547194	-14.613749	1008.746094	25.908541
-29.547194	-14.613749	1007.001953	21.585478
-29.547194	-14.613749	1005.257813	30.212709
-29.547194	-14.613749	1003.513672	24.452274
-29.547194	-14.613749	1001.767578	30.198790
-29.547194	-14.613749	1000.021484	33.067242
-29.547194	-14.613749	998.275391	22.997997
-29.547194	-14.613749	996.529297	20.118607
-29.547194	-14.613749	994.781250	30.170952
-29.547194	-14.613749	993.035156	33.036755
-29.547194	-14.613749	991.287109	30.157034
-29.547194	-14.613749	989.539063	37.328663
-29.547194	-14.613749	987.789063	34.449276
-29.547194	-14.613749	986.041016	43.051655
-29.547194	-14.613749	984.291016	50.215332
-29.547194	-14.613749	982.541016	41.597382
-29.547194	-14.613749	980.791016	41.587772
-29.547194	-14.613749	979.041016	41.578163
-29.547194	-14.613749	977.289063	38.701759
-29.547194	-14.613749	975.537109	40.125881
-29.547194	-14.613749	973.785156	50.145756
-29.547194	-14.613749	972.033203	37.242519
-29.547194	-14.613749	970.281250	34.369759
-29.547194	-14.613749	968.527344	41.520515
-29.547194	-14.613749	966.773438	35.785267
-29.547194	-14.613749	965.019531	38.639145
-29.547194	-14.613749	963.265625	38.630199
-29.547194	-14.613749	961.511719	31.469172
-29.547194	-14.613749	959.755859	41.472485
-29.547194	-14.613749	958.000000	31.454597
-29.547194	-14.613749	956.244141	35.735580
-29.547194	-14.613749	954.488281	34.298210
-29.547194	-14.613749	952.730469	35.719021
-29.547194	-14.613749	950.974609	32.853882
-29.547194	-14.613749	949.216797	41.414856
-29.547194	-14.613749	947.458984	44.260784
-29.547194	-14.613749	945.701172	38.540775
-29.547194	-14.613749	943.941406	39.958939
-29.547194	-14.613749	942.181641	34.242569
-29.547194	-14.613749	940.421875	41.366837
-29.547194	-14.613749	938.662109	29.948341
-29.547194	-14.613749	936.902344	35.644508
-29.547194	-14.613749	935.140625	34.210781
-29.547194	-14.613749	933.380859	29.927481
-29.547194	-14.613749	931.619141	19.947020
-29.547194	-14.613749	929.855469	19.942383
-29.547194	-14.613749	928.093750	27.058372
-29.547194	-14.613749	926.330078	29.899672
-29.547194	-14.613749	924.568359	31.316181
-29.547194	-14.613749	922.804688	14.231318
-29.547194	-14.613749	921.039063	22.764811
-29.547194	-14.613749	919.275391	18.492105
-29.547194	-14.613749	917.509766	21.332081
-29.547194	-14.613749	915.744141	19.905308
-29.547194	-14.613749	913.978516	19.900673
-29.547194	-14.613749	912.212891	19.896040
-29.547194	-14.613749	910.447266	28.416294
-29.547194	-14.613749	908.679688	24.148224
-29.547194	-14.613749	906.912109	24.142597
-29.547194	-14.613749	905.144531	28.396439
-29.547194	-14.613749	903.375000	25.550837
-29.547194	-14.613749	901.607422	29.802361
-29.547194	-14.613749	899.837891	24.120096
-29.547194	-14.613749	898.068359	25.532969
-29.547194	-14.613749	896.298828	21.272511
-29.547194	-14.613749	894.529297	24.103220
-29.547194	-14.613749	892.757813	28.350113
-29.547194	-14.613749	890.986328	26.926321
-29.547194	-14.613749	889.214844	19.835815
-29.547194	-14.613749	887.443359	19.831184
-29.547194	-14.613749	885.669922	18.410370
-29.547194	-14.613749	883.898438	16.990219
-29.547194	-14.613749	882.125000	24.063852
-29.547194	-14.613749	880.351563	26.888609
-29.547194	-14.613749	878.578125	24.052607
-29.547194	-14.613749	876.802734	21.217928
-29.547194	-14.613749	875.027344	25.455559
-29.547194	-14.613749	873.251953	19.794138
-29.547194	-14.613749	871.476563	31.097799
-29.547194	-14.613749	869.701172	32.503731
-29.547194	-14.613749	867.923828	28.257500
-29.547194	-14.613749	866.146484	25.425797
-29.547194	-14.613749	864.369141	28.244272
-29.547194	-14.613749	862.591797	29.649542
-29.547194	-14.613749	860.814453	28.231047
-29.547194	-14.613749	859.035156	23.990770
-29.547194	-14.613749	857.255859	29.628714
-29.547194	-14.613749	855.476563	21.158409
-29.547194	-14.613749	853.697266	28.204599
-29.547194	-14.613749	851.916016	14.098994
-29.547194	-14.613749	850.136719	21.143534
-29.547194	-14.613749	848.355469	22.547813
-29.547194	-14.613749	846.574219	26.769249
-29.547194	-14.613749	844.791016	25.354391
-29.547194	-14.613749	843.009766	21.123703
-29.547194	-14.613749	841.226563	25.342495
-29.547194	-14.613749	839.443359	22.521376
-29.547194	-14.613749	837.660156	23.923344
-29.547194	-14.613749	835.875000	21.103876
-29.547194	-14.613749	834.091797	23.912109
-29.547194	-14.613749	832.306641	19.687700
-29.547194	-14.613749	830.521484	16.871206
-29.547194	-14.613749	828.734375	25.300863
-29.547194	-14.613749	826.949219	22.484371
-29.547194	-14.613749	825.162109	29.503799
-29.547194	-14.613749	823.375000	23.878412
-29.547194	-14.613749	821.587891	19.659950
-29.547194	-14.613749	819.800781	16.847424
-29.547194	-14.613749	818.011719	21.054325
-29.547194	-14.613749	816.222656	23.855953
-29.547194	-14.613749	814.433594	16.835535
-29.547194	-14.613749	812.644531	15.428941
-29.547194	-14.613749	810.855469	21.034512
-29.547194	-14.613749	809.064453	23.833500
-29.547194	-14.613749	807.273438	29.434448
-29.547194	-14.613749	805.482422	22.420963
-29.547194	-14.613749	803.691406	25.217642
-29.547194	-14.613749	801.898438	22.410400
-29.547194	-14.613749	800.107422	26.606079
-29.547194	-14.613749	798.314453	19.599857
-29.547194	-14.613749	796.521484	27.993195
-29.547194	-14.613749	794.726563	19.590616
-29.547194	-14.613749	792.933594	25.181995
-29.547194	-14.613749	791.138672	25.176054
-29.547194	-14.613749	789.343750	23.771774
-29.547194	-14.613749	787.546875	23.766165
-29.547194	-14.613749	785.751953	19.567516
-29.547194	-14.613749	783.955078	29.344347
-29.547194	-14.613749	782.158203	26.543379
-29.547194	-14.613749	780.361328	20.950352
-29.547194	-14.613749	778.564453	25.134483
-29.547194	-14.613749	776.765625	22.336485
-29.547194	-14.613749	774.968750	22.331207
-29.547194	-14.613749	773.169922	20.930559
-29.547194	-14.613749	771.369141	27.900818
-29.547194	-14.613749	769.570313	27.894222
-29.547194	-14.613749	767.769531	22.310101
-29.547194	-14.613749	765.970703	20.910774
-29.547194	-14.613749	764.167969	22.299551
-29.547194	-14.613749	762.367188	23.687668
-29.547194	-14.613749	760.566406	23.682062
-29.547194	-14.613749	758.763672	22.283726
-29.547194	-14.613749	756.960938	26.455662
-29.547194	-14.613749	755.158203	26.449398
-29.547194	-14.613749	753.353516	18.092672
-29.547194	-14.613749	751.550781	25.045460
-29.547194	-14.613749	749.746094	22.257359
-29.547194	-14.613749	747.941406	26.424353
-29.547194	-14.613749	746.136719	25.027666
-29.547194	-14.613749	744.330078	25.021734
-29.547194	-14.613749	742.523438	30.574873
-29.547194	-14.613749	740.718750	22.230999
-29.547194	-14.613749	738.910156	19.447514
-29.547194	-14.613749	737.103516	30.553131
-29.547194	-14.613749	735.294922	24.992086
-29.547194	-14.613749	733.488281	26.374279
-29.547194	-14.613749	731.679688	24.980230
-29.547194	-14.613749	729.869141	24.974304
-29.547194	-14.613749	728.060547	22.194113
-29.547194	-14.613749	726.250000	20.802042
-29.547194	-14.613749	724.439453	23.570049
-29.547194	-14.613749	722.628906	18.019876
-29.547194	-14.613749	720.818359	22.173042
-29.547194	-14.613749	719.005859	16.625832
-29.547194	-14.613749	717.195313	26.317980
-29.547194	-14.613749	715.382813	26.311726
-29.547194	-14.613749	713.568359	19.382980
-29.547194	-14.613749	711.755859	22.146713
-29.547194	-14.613749	709.941406	20.757608
-29.547194	-14.613749	708.126953	16.602139
-29.547194	-14.613749	706.312500	12.448643
-29.547194	-14.613749	704.498047	20.742804
-29.547194	-14.613749	702.681641	26.267967
-29.547194	-14.613749	700.867188	27.643913
-29.547194	-14.613749	699.050781	24.873602
-29.547194	-14.613749	697.232422	22.104607
-29.547194	-14.613749	695.416016	13.812091
-29.547194	-14.613749	693.597656	16.570562
-29.547194	-14.613749	691.779297	17.947168
-29.547194	-14.613749	689.960938	22.083563
-29.547194	-14.613749	688.142578	23.458199
-29.547194	-14.613749	686.324219	20.693480
-29.547194	-14.613749	684.503906	17.930077
-29.547194	-14.613749	682.683594	20.683619
-29.547194	-14.613749	680.863281	30.328745
-29.547194	-14.613749	679.041016	26.186764
-29.547194	-14.613749	677.218750	20.668833
-29.547194	-14.613749	675.398438	26.174278
-29.547194	-14.613749	673.576172	30.299831
-29.547194	-14.613749	671.751953	17.900175
-29.547194	-14.613749	669.929688	19.272514
-29.547194	-14.613749	668.105469	30.278152
-29.547194	-14.613749	666.281250	27.519026
-29.547194	-14.613749	664.457031	28.888081
-29.547194	-14.613749	662.630859	30.256481
-29.547194	-14.613749	660.806641	26.124359
-29.547194	-14.613749	658.980469	37.115227
-29.547194	-14.613749	657.154297	37.106361
-29.547194	-14.613749	655.326172	27.479630
-29.547194	-14.613749	653.500000	32.967678
-29.547194	-14.613749	651.671875	35.706451
-29.547194	-14.613749	649.843750	24.713945
-29.547194	-14.613749	648.015625	35.689392
-29.547194	-14.613749	646.185547	26.074474
-29.547194	-14.613749	644.357422	26.068241
-29.547194	-14.613749	642.527344	38.407173
-29.547194	-14.613749	640.697266	26.055779
-29.547194	-14.613749	638.865234	27.420576
-29.547194	-14.613749	637.035156	34.267521
-29.547194	-14.613749	635.203125	27.407459
-29.547194	-14.613749	633.371094	32.881081
-29.547194	-14.613749	631.539063	34.242931
-29.547194	-14.613749	629.705078	31.495958
-29.547194	-14.613749	627.873047	32.857479
-29.547194	-14.613749	626.039063	31.480881
-29.547194	-14.613749	624.203125	24.631313
-29.547194	-14.613749	622.369141	32.833885
-29.547194	-14.613749	620.535156	28.722771
-29.547194	-14.613749	618.699219	35.553005
-29.547194	-14.613749	616.863281	38.278683
-29.547194	-14.613749	615.025391	34.169205
-29.547194	-14.613749	613.189453	43.726105
-29.547194	-14.613749	611.351563	28.688379
-29.547194	-14.613749	609.513672	31.413074
-29.547194	-14.613749	607.675781	30.040085
-29.547194	-14.613749	605.837891	30.032883
-29.547194	-14.613749	603.998047	39.579308
-29.547194	-14.613749	602.158203	30.018482
-29.547194	-14.613749	600.318359	34.103729
-29.547194	-14.613749	598.478516	40.914658
-29.547194	-14.613749	596.636719	31.360378
-29.547194	-14.613749	594.796875	31.352854
-29.547194	-14.613749	592.955078	29.982491
-29.547194	-14.613749	591.111328	28.612782
-29.547194	-14.613749	589.269531	28.605913
-29.547194	-14.613749	587.425781	25.875326
-29.547194	-14.613749	585.583984	24.507582
-29.547194	-14.613749	583.738281	31.307724
-29.547194	-14.613749	581.894531	28.578447
-29.547194	-14.613749	580.050781	24.489929
-29.547194	-14.613749	578.205078	25.844271
-29.547194	-14.613749	576.359375	24.478163
-29.547194	-14.613749	574.513672	28.550995
-29.547194	-14.613749	572.666016	25.825645
-29.547194	-14.613749	570.818359	23.101603
-29.547194	-14.613749	568.970703	27.171824
-29.547194	-14.613749	567.123047	31.240084
-29.547194	-14.613749	565.275391	23.084946
-29.547194	-14.613749	563.425781	29.867453
-29.547194	-14.613749	561.576172	25.788414
-29.547194	-14.613749	559.726563	25.782211
-29.547194	-14.613749	557.876953	27.132641
-29.547194	-14.613749	556.027344	27.126114
-29.547194	-14.613749	554.175781	18.983711
-29.547194	-14.613749	552.324219	18.979143
-29.547194	-14.613749	550.472656	32.527843
-29.547194	-14.613749	548.619141	36.585018
-29.547194	-14.613749	546.767578	29.802837
-29.547194	-14.613749	544.914063	35.213055
-29.547194	-14.613749	543.060547	33.850555
-29.547194	-14.613749	541.205078	37.903492
-29.547194	-14.613749	539.351563	39.247734
-29.547194	-14.613749	537.496094	47.356544
-29.547194	-14.613749	535.640625	54.108730
-29.547194	-14.613749	533.785156	54.095692
-29.547194	-14.613749	531.927734	59.490925
-29.547194	-14.613749	530.070313	54.069626
-29.547194	-14.613749	528.212891	78.382065
-29.547194	-14.613749	526.355469	127.002388
-29.547194	-14.613749	524.498047	179.651550
-29.547194	-14.613749	522.638672	349.763428
-29.547194	-14.613749	520.779297	599.449890
-29.547194	-14.613749	518.919922	485.923218
-29.547194	-14.613749	517.060547	264.494415
-29.547194	-14.613749	515.199219	149.754074
-29.547194	-14.613749	513.339844	97.114349
-29.547194	-14.613749	511.478516	67.424248
-29.547194	-14.613749	509.615234	59.319027
-29.547194	-14.613749	507.753906	62.000381
-29.547194	-14.613749	505.890625	64.680435
-29.547194	-14.613749	504.027344	61.970463
-29.547194	-14.613749	502.164063	53.874352
-29.547194	-14.613749	500.300781	63.287083
-29.547194	-14.613749	498.435547	59.233181
-29.547194	-14.613749	496.570313	56.527111
-29.547194	-14.613749	494.705078	71.314606
-29.547194	-14.613749	492.839844	68.606918
-29.547194	-14.613749	490.972656	61.865807
-29.547194	-14.613749	489.107422	60.506279
-29.547194	-14.613749	487.240234	53.770370
-29.547194	-14.613749	485.371094	36.286232
-29.547194	-14.613749	483.503906	47.026344
-29.547194	-14.613749	481.634766	49.701550
-29.547194	-14.613749	479.765625	34.916973
-29.547194	-14.613749	477.896484	46.992260
-29.547194	-14.613749	476.027344	34.900101
-29.547194	-14.613749	474.156250	29.523716
-29.547194	-14.613749	472.285156	40.249882
-29.547194	-14.613749	470.414063	33.533459
-29.547194	-14.613749	468.542969	37.548393
-29.547194	-14.613749	466.669922	34.857933
-29.547194	-14.613749	464.796875	37.530235
-29.547194	-14.613749	462.923828	25.460787
-29.547194	-14.613749	461.050781	28.134064
-29.547194	-14.613749	459.177734	41.521191
-29.547194	-14.613749	457.302734	26.781385
-29.547194	-14.613749	455.427734	24.097414
-29.547194	-14.613749	453.552734	26.768427
-29.547194	-14.613749	451.675781	36.128632
-29.547194	-14.613749	449.800781	33.444344
-29.547194	-14.613749	447.923828	34.773697
-29.547194	-14.613749	446.046875	28.079651
-29.547194	-14.613749	444.169922	28.072855
-29.547194	-14.613749	442.291016	26.729580
-29.547194	-14.613749	440.412109	32.067730
-29.547194	-14.613749	438.533203	26.716639
-29.547194	-14.613749	436.654297	33.387714
-29.547194	-14.613749	434.773438	24.033333
-29.547194	-14.613749	432.894531	32.036682
-29.547194	-14.613749	431.013672	22.687155
-29.547194	-14.613749	429.130859	30.686953
-29.547194	-14.613749	427.250000	33.347301
-29.547194	-14.613749	425.367188	28.004950
-29.547194	-14.613749	423.484375	26.664919
-29.547194	-14.613749	421.601563	27.991381
-29.547194	-14.613749	419.718750	21.321600
-29.547194	-14.613749	417.833984	22.648710
-29.547194	-14.613749	415.949219	27.971039
-29.547194	-14.613749	414.064453	27.964260
-29.547194	-14.613749	412.179688	34.614025
-29.547194	-14.613749	410.294922	31.943665
-29.547194	-14.613749	408.408203	33.266582
-29.547194	-14.613749	406.521484	25.276476
-29.547194	-14.613749	404.634766	37.240513
-29.547194	-14.613749	402.746094	53.187832
-29.547194	-14.613749	400.857422	58.492432
-29.547194	-14.613749	398.968750	83.730217
-29.547194	-14.613749	397.080078	93.011017
-29.547194	-14.613749	395.191406	94.316864
-29.547194	-14.613749	393.300781	84.997398
-29.547194	-14.613749	391.410156	75.682449
-29.547194	-14.613749	389.519531	53.097610
-29.547194	-14.613749	387.628906	49.103374
-29.547194	-14.613749	385.736328	47.764668
-29.547194	-14.613749	383.843750	49.079552
-29.547194	-14.613749	381.951172	58.350716
-29.547194	-14.613749	380.058594	58.336555
-29.547194	-14.613749	378.164063	64.949951
-29.547194	-14.613749	376.271484	78.186066
-29.547194	-14.613749	374.376953	84.791420
-29.547194	-14.613749	372.480469	80.797211
-29.547194	-14.613749	370.585938	66.211143
-29.547194	-14.613749	368.689453	63.547276
-29.547194	-14.613749	366.792969	52.943207
-29.547194	-14.613749	364.896484	50.283840
-29.547194	-14.613749	363.000000	62.178074
-29.547194	-14.613749	361.101563	54.227280
-29.547194	-14.613749	359.203125	51.569523
-29.547194	-14.613749	357.304688	54.200951
-29.547194	-14.613749	355.406250	66.082672
-29.547194	-14.613749	353.505859	48.889305
-29.547194	-14.613749	351.605469	52.840469
-29.547194	-14.613749	349.705078	54.148327
-29.547194	-14.613749	347.804688	48.853699
-29.547194	-14.613749	345.902344	40.921535
-29.547194	-14.613749	344.001953	60.707535
-29.547194	-14.613749	342.099609	56.734562
-29.547194	-14.613749	340.195313	42.210815
-29.547194	-14.613749	338.292969	43.519329
-29.547194	-14.613749	336.388672	31.642735
-29.547194	-14.613749	334.484375	43.498192
-29.547194	-14.613749	332.580078	40.852013
-29.547194	-14.613749	330.675781	46.112034
-29.547194	-14.613749	328.769531	31.611998
-29.547194	-14.613749	326.863281	27.653778
-29.547194	-14.613749	324.957031	30.280113
-29.547194	-14.613749	323.048828	42.118618
-29.547194	-14.613749	321.142578	38.160721
-29.547194	-14.613749	319.234375	36.835884
-29.547194	-14.613749	317.326172	35.511684
-29.547194	-14.613749	315.417969	42.077694
-29.547194	-14.613749	313.507813	26.292170
-29.547194	-14.613749	311.597656	23.657202
-29.547194	-14.613749	309.687500	27.593361
-29.547194	-14.613749	307.777344	24.959354
-29.547194	-14.613749	305.865234	39.399929
-29.547194	-14.613749	303.955078	44.642403
-29.547194	-14.613749	302.042969	36.755394
-29.547194	-14.613749	300.128906	36.746460
-29.547194	-14.613749	298.216797	34.113422
-29.547194	-14.613749	296.302734	30.169922
-29.547194	-14.613749	294.388672	43.276756
-29.547194	-14.613749	292.474609	31.466354
-29.547194	-14.613749	290.560547	32.769485
-29.547194	-14.613749	288.644531	43.245205
-29.547194	-14.613749	286.728516	41.924553
-29.547194	-14.613749	284.812500	45.843830
-29.547194	-14.613749	282.896484	53.689716
-29.547194	-14.613749	280.978516	57.604225
-29.547194	-14.613749	279.060547	56.281353
-29.547194	-14.613749	277.142578	58.884773
-29.547194	-14.613749	275.224609	68.028084
-29.547194	-14.613749	273.304688	74.551117
-29.547194	-14.613749	271.384766	77.148186
-29.547194	-14.613749	269.464844	87.587654
-29.547194	-14.613749	267.544922	103.249886
-29.547194	-14.613749	265.623047	131.970932
-29.547194	-14.613749	263.703125	199.867752
-29.547194	-14.613749	261.781250	312.135803
-29.547194	-14.613749	259.857422	318.588348
-29.547194	-14.613749	257.935547	275.433594
-29.547194	-14.613749	256.011719	250.570587
-29.547194	-14.613749	254.087891	247.900192
-29.547194	-14.613749	252.164063	589.598145
-29.547194	-14.613749	250.240234	1888.341797
-29.547194	-14.613749	248.314453	1963.502319
-29.547194	-14.613749	246.388672	771.653870
-29.547194	-14.613749	244.462891	384.429962
-29.547194	-14.613749	242.535156	255.355774
-29.547194	-14.613749	240.609375	199.285370
-29.547194	-14.613749	238.681641	147.148834
-29.547194	-14.613749	236.753906	145.811172
-29.547194	-14.613749	234.824219	105.427086
-29.547194	-14.613749	232.896484	109.305206
-29.547194	-14.613749	230.966797	88.463654
-29.547194	-14.613749	229.037109	68.932846
-29.547194	-14.613749	227.107422	76.717911
-29.547194	-14.613749	225.175781	72.799294
-29.547194	-14.613749	223.244141	77.980278
-29.547194	-14.613749	221.312500	76.661964
-29.547194	-14.613749	219.380859	87.035645
-29.547194	-14.613749	217.447266	89.611931
-29.547194	-14.613749	215.515625	76.606064
-29.547194	-14.613749	213.582031	80.481720
-29.547194	-14.613749	211.646484	64.888832
-29.547194	-14.613749	209.712891	53.195908
-29.547194	-14.613749	207.777344	64.857285
-29.547194	-14.613749	205.841797	55.763706
-29.547194	-14.613749	203.906250	40.191967
-29.547194	-14.613749	201.968750	29.812599
-29.547194	-14.613749	200.033203	29.805351
-29.547194	-14.613749	198.095703	33.684814
-29.547194	-14.613749	196.158203	34.971882
-29.547194	-14.613749	194.218750	27.193743
-29.547194	-14.613749	192.281250	29.776382
-29.547194	-14.613749	190.341797	29.769146
-29.547194	-14.613749	188.402344	32.349903
-29.547194	-14.613749	186.460938	27.167313
-29.547194	-14.613749	184.521484	29.747444
-29.547194	-14.613749	182.580078	31.033268
-29.547194	-14.613749	180.638672	31.025726
-29.547194	-14.613749	178.695313	28.433336
-29.547194	-14.613749	176.753906	23.257986
-29.547194	-14.613749	174.810547	34.878502
-29.547194	-14.613749	172.867188	24.538166
-29.547194	-14.613749	170.921875	27.114542
-29.547194	-14.613749	168.978516	23.235388
-29.547194	-14.613749	167.033203	30.972990
-29.547194	-14.613749	165.087891	33.545921
-29.547194	-14.613749	163.142578	36.117599
-29.547194	-14.613749	161.195313	23.212816
-29.547194	-14.613749	159.248047	32.232189
-29.547194	-14.613749	157.300781	29.646410
-29.547194	-14.613749	155.353516	39.948498
-29.547194	-14.613749	153.406250	37.362099
-29.547194	-14.613749	151.457031	39.929096
-29.547194	-14.613749	149.507813	37.343952
-29.547194	-14.613749	147.558594	30.897833
-29.547194	-14.613749	145.607422	47.622593
-29.547194	-14.613749	143.658203	50.184597
-29.547194	-14.613749	141.707031	47.599464
-29.547194	-14.613749	139.753906	45.015587
-29.547194	-14.613749	137.802734	65.578217
-29.547194	-14.613749	135.849609	68.133362
-29.547194	-14.613749	133.896484	65.546371
-29.547194	-14.613749	131.943359	57.820995
-29.547194	-14.613749	129.990234	51.383965
-29.547194	-14.613749	128.035156	55.224350
-29.547194	-14.613749	126.080078	52.642994
-29.547194	-14.613749	124.125000	44.928234
-29.547194	-14.613749	122.169922	56.467503
-29.547194	-14.613749	120.212891	59.019878
-29.547194	-14.613749	118.255859	46.178261
-29.547194	-14.613749	116.298828	50.014309
-29.547194	-14.613749	114.341797	42.309532
-29.547194	-14.613749	112.382813	44.862858
-29.547194	-14.613749	110.423828	32.037125
-29.547194	-14.613749	108.464844	28.185829
-29.547194	-14.613749	106.505859	24.336403
-29.547194	-14.613749	104.544922	21.769394
-29.547194	-14.613749	102.585938	10.241936
-29.547194	-14.613749	100.625000	8.959520
-29.547194	-14.613749	98.662109	5.118484
-29.547194	-14.613749	96.701172	2.558621
-29.547194	-14.613749	94.738281	5.116002
-29.547194	-14.613749	92.775391	-3.836071
-29.547194	-14.613749	90.812500	1.278380
-29.547194	-14.613749	88.847656	0.000000
-29.547194	-14.613749	86.882813	1.277761
-29.547194	-14.613749	84.917969	2.554902
-29.547194	-14.613749	82.953125	-1.277141
-29.547194	-14.613749	80.988281	-2.553664
-29.547194	-14.613749	79.021484	0.000000
-29.547194	-14.613749	77.054688	0.000000
-29.547194	-14.613749	75.087891	3.827712
-29.547194	-14.613749	73.119141	0.000000
-29.547194	-14.613749	71.152344	-1.275286
-29.547194	-14.613749	69.183594	1.274977
-29.547194	-14.613749	67.212891	2.549336
-29.547194	-14.613749	65.244141	2.548719
-29.547194	-14.613749	63.273438	2.548101
-29.547194	-14.613749	61.302734	2.547484
-29.547194	-14.613749	59.332031	0.000000
-26.547194	-14.613749	1838.626953	24.107229
-26.547194	-14.613749	1837.066406	22.500080
-26.547194	-14.613749	1835.503906	25.708906
-26.547194	-14.613749	1833.941406	25.703436
-26.547194	-14.613749	1832.378906	25.697966
-26.547194	-14.613749	1830.816406	25.692497
-26.547194	-14.613749	1829.251953	22.476151
-26.547194	-14.613749	1827.687500	22.471367
-26.547194	-14.613749	1826.125000	25.676098
-26.547194	-14.613749	1824.560547	27.275047
-26.547194	-14.613749	1822.994141	24.061098
-26.547194	-14.613749	1821.429688	20.848513
-26.547194	-14.613749	1819.865234	25.654247
-26.547194	-14.613749	1818.298828	17.633541
-26.547194	-14.613749	1816.732422	17.629787
-26.547194	-14.613749	1815.166016	24.035503
-26.547194	-14.613749	1813.599609	17.622284
-26.547194	-14.613749	1812.033203	24.025270
-26.547194	-14.613749	1810.464844	20.817469
-26.547194	-14.613749	1808.896484	30.419056
-26.547194	-14.613749	1807.330078	20.808607
-26.547194	-14.613749	1805.759766	24.004820
-26.547194	-14.613749	1804.191406	20.799747
-26.547194	-14.613749	1802.623047	22.394960
-26.547194	-14.613749	1801.052734	20.790892
-26.547194	-14.613749	1799.484375	20.786465
-26.547194	-14.613749	1797.914063	23.979277
-26.547194	-14.613749	1796.343750	19.179337
-26.547194	-14.613749	1794.771484	20.773190
-26.547194	-14.613749	1793.201172	15.975974
-26.547194	-14.613749	1791.628906	25.556114
-26.547194	-14.613749	1790.058594	25.550673
-26.547194	-14.613749	1788.486328	20.755501
-26.547194	-14.613749	1786.914063	17.558605
-26.547194	-14.613749	1785.339844	20.746660
-26.547194	-14.613749	1783.767578	30.315582
-26.547194	-14.613749	1782.193359	25.523474
-26.547194	-14.613749	1780.621094	22.328281
-26.547194	-14.613749	1779.046875	9.567225
-26.547194	-14.613749	1777.470703	20.724571
-26.547194	-14.613749	1775.896484	19.126297
-26.547194	-14.613749	1774.322266	15.935185
-26.547194	-14.613749	1772.746094	19.118147
-26.547194	-14.613749	1771.169922	20.706913
-26.547194	-14.613749	1769.593750	20.702501
-26.547194	-14.613749	1768.017578	25.474571
-26.547194	-14.613749	1766.441406	23.877321
-26.547194	-14.613749	1764.863281	19.097786
-26.547194	-14.613749	1763.287109	20.684858
-26.547194	-14.613749	1761.708984	28.634466
-26.547194	-14.613749	1760.130859	19.085575
-26.547194	-14.613749	1758.552734	17.491381
-26.547194	-14.613749	1756.972656	22.257011
-26.547194	-14.613749	1755.394531	12.715581
-26.547194	-14.613749	1753.814453	22.247522
-26.547194	-14.613749	1752.234375	22.242777
-26.547194	-14.613749	1750.654297	23.826466
-26.547194	-14.613749	1749.074219	20.645201
-26.547194	-14.613749	1747.492188	17.465290
-26.547194	-14.613749	1745.912109	23.811224
-26.547194	-14.613749	1744.330078	26.980297
-26.547194	-14.613749	1742.748047	19.040854
-26.547194	-14.613749	1741.166016	22.209591
-26.547194	-14.613749	1739.583984	23.790913
-26.547194	-14.613749	1738.000000	15.857224
-26.547194	-14.613749	1736.417969	22.195377
-26.547194	-14.613749	1734.833984	17.435505
-26.547194	-14.613749	1733.250000	30.109444
-26.547194	-14.613749	1731.666016	22.181171
-26.547194	-14.613749	1730.082031	22.176437
-26.547194	-14.613749	1728.496094	23.755396
-26.547194	-14.613749	1726.912109	20.583616
-26.547194	-14.613749	1725.326172	18.996204
-26.547194	-14.613749	1723.740234	26.905544
-26.547194	-14.613749	1722.154297	22.152777
-26.547194	-14.613749	1720.566406	28.476059
-26.547194	-14.613749	1718.980469	17.398319
-26.547194	-14.613749	1717.392578	25.301243
-26.547194	-14.613749	1715.804688	17.390888
-26.547194	-14.613749	1714.216797	23.709784
-26.547194	-14.613749	1712.628906	17.383461
-26.547194	-14.613749	1711.041016	18.959724
-26.547194	-14.613749	1709.451172	18.955673
-26.547194	-14.613749	1707.861328	23.689528
-26.547194	-14.613749	1706.271484	25.263430
-26.547194	-14.613749	1704.681641	18.943523
-26.547194	-14.613749	1703.091797	18.939476
-26.547194	-14.613749	1701.501953	25.247236
-26.547194	-14.613749	1699.910156	15.776150
-26.547194	-14.613749	1698.318359	22.081888
-26.547194	-14.613749	1696.726563	20.500227
-26.547194	-14.613749	1695.134766	17.342636
-26.547194	-14.613749	1693.542969	22.067726
-26.547194	-14.613749	1691.949219	23.638937
-26.547194	-14.613749	1690.357422	20.482697
-26.547194	-14.613749	1688.763672	17.327806
-26.547194	-14.613749	1687.169922	22.048853
-26.547194	-14.613749	1685.576172	17.320393
-26.547194	-14.613749	1683.982422	23.613665
-26.547194	-14.613749	1682.386719	17.312983
-26.547194	-14.613749	1680.791016	23.603559
-26.547194	-14.613749	1679.195313	28.318211
-26.547194	-14.613749	1677.599609	26.739252
-26.547194	-14.613749	1676.003906	17.298164
-26.547194	-14.613749	1674.408203	17.294462
-26.547194	-14.613749	1672.810547	17.290760
-26.547194	-14.613749	1671.214844	20.430159
-26.547194	-14.613749	1669.617188	15.712141
-26.547194	-14.613749	1668.019531	21.992287
-26.547194	-14.613749	1666.419922	14.134871
-26.547194	-14.613749	1664.822266	15.702047
-26.547194	-14.613749	1663.222656	21.978157
-26.547194	-14.613749	1661.623047	20.403917
-26.547194	-14.613749	1660.023438	18.830349
-26.547194	-14.613749	1658.423828	21.964033
-26.547194	-14.613749	1656.824219	15.685232
-26.547194	-14.613749	1655.222656	25.090994
-26.547194	-14.613749	1653.623047	17.246361
-26.547194	-14.613749	1652.021484	17.242662
-26.547194	-14.613749	1650.419922	15.671787
-26.547194	-14.613749	1648.818359	18.802113
-26.547194	-14.613749	1647.214844	25.064106
-26.547194	-14.613749	1645.613281	23.492559
-26.547194	-14.613749	1644.009766	21.921686
-26.547194	-14.613749	1642.406250	20.351484
-26.547194	-14.613749	1640.802734	21.912281
-26.547194	-14.613749	1639.199219	18.777925
-26.547194	-14.613749	1637.593750	20.338387
-26.547194	-14.613749	1635.990234	17.205709
-26.547194	-14.613749	1634.384766	14.074378
-26.547194	-14.613749	1632.779297	12.507873
-26.547194	-14.613749	1631.173828	15.631484
-26.547194	-14.613749	1629.568359	20.316565
-26.547194	-14.613749	1627.960938	20.312202
-26.547194	-14.613749	1626.353516	17.183558
-26.547194	-14.613749	1624.748047	12.494448
-26.547194	-14.613749	1623.140625	17.176176
-26.547194	-14.613749	1621.531250	21.855890
-26.547194	-14.613749	1619.923828	20.290394
-26.547194	-14.613749	1618.314453	17.165106
-26.547194	-14.613749	1616.707031	24.962059
-26.547194	-14.613749	1615.097656	18.717520
-26.547194	-14.613749	1613.488281	23.391870
-26.547194	-14.613749	1611.878906	21.827719
-26.547194	-14.613749	1610.267578	24.940599
-26.547194	-14.613749	1608.656250	20.259880
-26.547194	-14.613749	1607.046875	23.371756
-26.547194	-14.613749	1605.435547	21.808947
-26.547194	-14.613749	1603.824219	17.131914
-26.547194	-14.613749	1602.210938	15.571116
-26.547194	-14.613749	1600.599609	21.794870
-26.547194	-14.613749	1598.986328	20.233740
-26.547194	-14.613749	1597.373047	20.229383
-26.547194	-14.613749	1595.759766	18.669256
-26.547194	-14.613749	1594.146484	17.109800
-26.547194	-14.613749	1592.533203	18.661219
-26.547194	-14.613749	1590.917969	20.211966
-26.547194	-14.613749	1589.302734	15.544317
-26.547194	-14.613749	1587.687500	20.203259
-26.547194	-14.613749	1586.072266	18.645144
-26.547194	-14.613749	1584.457031	21.747980
-26.547194	-14.613749	1582.839844	18.637110
-26.547194	-14.613749	1581.224609	23.291365
-26.547194	-14.613749	1579.607422	20.181498
-26.547194	-14.613749	1577.990234	20.177147
-26.547194	-14.613749	1576.373047	21.724550
-26.547194	-14.613749	1574.755859	13.962770
-26.547194	-14.613749	1573.136719	17.061928
-26.547194	-14.613749	1571.517578	18.608997
-26.547194	-14.613749	1569.898438	17.054567
-26.547194	-14.613749	1568.279297	26.351370
-26.547194	-14.613749	1566.660156	20.146698
-26.547194	-14.613749	1565.041016	21.691763
-26.547194	-14.613749	1563.419922	20.138002
-26.547194	-14.613749	1561.798828	21.682398
-26.547194	-14.613749	1560.177734	23.226124
-26.547194	-14.613749	1558.556641	20.124960
-26.547194	-14.613749	1556.935547	15.477395
-26.547194	-14.613749	1555.312500	20.116266
-26.547194	-14.613749	1553.691406	20.111919
-26.547194	-14.613749	1552.068359	24.747784
-26.547194	-14.613749	1550.445313	24.742435
-26.547194	-14.613749	1548.822266	20.098883
-26.547194	-14.613749	1547.197266	13.911604
-26.547194	-14.613749	1545.574219	24.726393
-26.547194	-14.613749	1543.949219	15.450653
-26.547194	-14.613749	1542.324219	20.081505
-26.547194	-14.613749	1540.699219	12.355176
-26.547194	-14.613749	1539.072266	16.984692
-26.547194	-14.613749	1537.447266	24.699661
-26.547194	-14.613749	1535.820313	21.607527
-26.547194	-14.613749	1534.193359	23.145910
-26.547194	-14.613749	1532.566406	16.969994
-26.547194	-14.613749	1530.939453	20.051104
-26.547194	-14.613749	1529.312500	18.504704
-26.547194	-14.613749	1527.683594	24.667595
-26.547194	-14.613749	1526.056641	21.579470
-26.547194	-14.613749	1524.427734	26.197966
-26.547194	-14.613749	1522.798828	27.733013
-26.547194	-14.613749	1521.167969	20.025057
-26.547194	-14.613749	1519.539063	27.720993
-26.547194	-14.613749	1517.908203	16.936934
-26.547194	-14.613749	1516.277344	23.090813
-26.547194	-14.613749	1514.646484	32.320126
-26.547194	-14.613749	1513.015625	21.542078
-26.547194	-14.613749	1511.384766	24.614178
-26.547194	-14.613749	1509.751953	16.918577
-26.547194	-14.613749	1508.121094	18.452623
-26.547194	-14.613749	1506.488281	26.135544
-26.547194	-14.613749	1504.855469	29.203974
-26.547194	-14.613749	1503.220703	21.514046
-26.547194	-14.613749	1501.587891	19.972992
-26.547194	-14.613749	1499.953125	19.968655
-26.547194	-14.613749	1498.318359	15.357167
-26.547194	-14.613749	1496.683594	15.353831
-26.547194	-14.613749	1495.048828	23.025743
-26.547194	-14.613749	1493.414063	12.277728
-26.547194	-14.613749	1491.777344	15.343824
-26.547194	-14.613749	1490.140625	29.146929
-26.547194	-14.613749	1488.505859	30.674307
-26.547194	-14.613749	1486.867188	24.534111
-26.547194	-14.613749	1485.230469	27.594872
-26.547194	-14.613749	1483.593750	21.458010
-26.547194	-14.613749	1481.955078	18.388578
-26.547194	-14.613749	1480.316406	19.916626
-26.547194	-14.613749	1478.677734	18.380577
-26.547194	-14.613749	1477.039063	22.970720
-26.547194	-14.613749	1475.400391	21.434671
-26.547194	-14.613749	1473.759766	15.307146
-26.547194	-14.613749	1472.119141	16.834194
-26.547194	-14.613749	1470.478516	19.890623
-26.547194	-14.613749	1468.837891	18.356575
-26.547194	-14.613749	1467.197266	16.823195
-26.547194	-14.613749	1465.556641	19.877625
-26.547194	-14.613749	1463.914063	22.930721
-26.547194	-14.613749	1462.271484	15.283815
-26.547194	-14.613749	1460.628906	19.864628
-26.547194	-14.613749	1458.986328	10.694005
-26.547194	-14.613749	1457.343750	15.273819
-26.547194	-14.613749	1455.699219	18.324585
-26.547194	-14.613749	1454.054688	18.320585
-26.547194	-14.613749	1452.410156	13.737441
-26.547194	-14.613749	1450.765625	18.312590
-26.547194	-14.613749	1449.121094	15.257160
-26.547194	-14.613749	1447.474609	15.253830
-26.547194	-14.613749	1445.830078	27.450897
-26.547194	-14.613749	1444.183594	19.821318
-26.547194	-14.613749	1442.537109	19.816988
-26.547194	-14.613749	1440.890625	24.384809
-26.547194	-14.613749	1439.242188	24.379480
-26.547194	-14.613749	1437.595703	18.280615
-26.547194	-14.613749	1435.947266	15.230515
-26.547194	-14.613749	1434.298828	16.749905
-26.547194	-14.613749	1432.650391	25.880554
-26.547194	-14.613749	1431.000000	18.264631
-26.547194	-14.613749	1429.351563	21.304073
-26.547194	-14.613749	1427.701172	16.735252
-26.547194	-14.613749	1426.050781	22.815805
-26.547194	-14.613749	1424.400391	21.290091
-26.547194	-14.613749	1422.750000	24.326204
-26.547194	-14.613749	1421.097656	18.240660
-26.547194	-14.613749	1419.447266	21.276108
-26.547194	-14.613749	1417.794922	21.271448
-26.547194	-14.613749	1416.142578	22.785845
-26.547194	-14.613749	1414.490234	19.743404
-26.547194	-14.613749	1412.835938	16.702297
-26.547194	-14.613749	1411.183594	27.325039
-26.547194	-14.613749	1409.529297	15.177249
-26.547194	-14.613749	1407.875000	25.795666
-26.547194	-14.613749	1406.220703	22.755890
-26.547194	-14.613749	1404.566406	19.717445
-26.547194	-14.613749	1402.910156	24.262300
-26.547194	-14.613749	1401.255859	21.224854
-26.547194	-14.613749	1399.599609	18.188738
-26.547194	-14.613749	1397.943359	13.638559
-26.547194	-14.613749	1396.287109	18.180754
-26.547194	-14.613749	1394.628906	16.662029
-26.547194	-14.613749	1392.970703	9.086384
-26.547194	-14.613749	1391.314453	21.196905
-26.547194	-14.613749	1389.656250	16.651051
-26.547194	-14.613749	1387.998047	16.647392
-26.547194	-14.613749	1386.337891	21.182932
-26.547194	-14.613749	1384.679688	18.152807
-26.547194	-14.613749	1383.019531	25.710821
-26.547194	-14.613749	1381.359375	21.168961
-26.547194	-14.613749	1379.699219	18.140831
-26.547194	-14.613749	1378.039063	21.159647
-26.547194	-14.613749	1376.376953	19.643919
-26.547194	-14.613749	1374.716797	19.639595
-26.547194	-14.613749	1373.054688	22.656082
-26.547194	-14.613749	1371.392578	15.100729
-26.547194	-14.613749	1369.728516	24.155846
-26.547194	-14.613749	1368.066406	24.150524
-26.547194	-14.613749	1366.402344	13.581677
-26.547194	-14.613749	1364.740234	15.087427
-26.547194	-14.613749	1363.076172	22.626152
-26.547194	-14.613749	1361.412109	18.096931
-26.547194	-14.613749	1359.746094	15.077451
-26.547194	-14.613749	1358.082031	19.596363
-26.547194	-14.613749	1356.416016	16.577881
-26.547194	-14.613749	1354.750000	28.628204
-26.547194	-14.613749	1353.083984	21.089811
-26.547194	-14.613749	1351.417969	22.591240
-26.547194	-14.613749	1349.750000	19.574751
-26.547194	-14.613749	1348.083984	21.075848
-26.547194	-14.613749	1346.416016	19.566107
-26.547194	-14.613749	1344.748047	19.561787
-26.547194	-14.613749	1343.078125	19.557465
-26.547194	-14.613749	1341.410156	21.057230
-26.547194	-14.613749	1339.740234	21.052576
-26.547194	-14.613749	1338.072266	25.558191
-26.547194	-14.613749	1336.402344	18.037088
-26.547194	-14.613749	1334.730469	21.038616
-26.547194	-14.613749	1333.060547	25.541239
-26.547194	-14.613749	1331.388672	12.016747
-26.547194	-14.613749	1329.718750	4.505283
-26.547194	-14.613749	1328.046875	25.524288
-26.547194	-14.613749	1326.375000	18.013157
-26.547194	-14.613749	1324.701172	12.006112
-26.547194	-14.613749	1323.029297	27.007769
-26.547194	-14.613749	1321.355469	18.001192
-26.547194	-14.613749	1319.681641	20.996737
-26.547194	-14.613749	1318.007813	19.492649
-26.547194	-14.613749	1316.333984	23.985636
-26.547194	-14.613749	1314.660156	26.977859
-26.547194	-14.613749	1312.984375	19.479691
-26.547194	-14.613749	1311.308594	20.973475
-26.547194	-14.613749	1309.632813	22.466597
-26.547194	-14.613749	1307.957031	22.461611
-26.547194	-14.613749	1306.279297	19.462410
-26.547194	-14.613749	1304.603516	13.470986
-26.547194	-14.613749	1302.925781	29.928879
-26.547194	-14.613749	1301.248047	19.449451
-26.547194	-14.613749	1299.570313	16.453573
-26.547194	-14.613749	1297.892578	19.440813
-26.547194	-14.613749	1296.212891	17.941380
-26.547194	-14.613749	1294.533203	20.926958
-26.547194	-14.613749	1292.853516	14.944505
-26.547194	-14.613749	1291.173828	26.894127
-26.547194	-14.613749	1289.494141	22.406790
-26.547194	-14.613749	1287.812500	20.908352
-26.547194	-14.613749	1286.132813	17.917459
-26.547194	-14.613749	1284.451172	22.391840
-26.547194	-14.613749	1282.769531	16.417028
-26.547194	-14.613749	1281.085938	19.397625
-26.547194	-14.613749	1279.404297	20.885099
-26.547194	-14.613749	1277.720703	20.880447
-26.547194	-14.613749	1276.039063	23.858055
-26.547194	-14.613749	1274.355469	25.343536
-26.547194	-14.613749	1272.669922	22.356960
-26.547194	-14.613749	1270.986328	22.351978
-26.547194	-14.613749	1269.300781	19.367397
-26.547194	-14.613749	1267.615234	13.405209
-26.547194	-14.613749	1265.929688	17.869625
-26.547194	-14.613749	1264.244141	20.843246
-26.547194	-14.613749	1262.558594	22.327068
-26.547194	-14.613749	1260.871094	13.393251
-26.547194	-14.613749	1259.185547	25.292717
-26.547194	-14.613749	1257.498047	20.824648
-26.547194	-14.613749	1255.808594	17.845713
-26.547194	-14.613749	1254.121094	22.302158
-26.547194	-14.613749	1252.433594	25.270134
-26.547194	-14.613749	1250.744141	17.833755
-26.547194	-14.613749	1249.054688	23.773027
-26.547194	-14.613749	1247.365234	19.311268
-26.547194	-14.613749	1245.673828	16.336651
-26.547194	-14.613749	1243.984375	16.332998
-26.547194	-14.613749	1242.292969	19.298317
-26.547194	-14.613749	1240.601563	23.746462
-26.547194	-14.613749	1238.910156	17.805862
-26.547194	-14.613749	1237.218750	17.801876
-26.547194	-14.613749	1235.525391	16.314734
-26.547194	-14.613749	1233.833984	22.242384
-26.547194	-14.613749	1232.140625	25.202391
-26.547194	-14.613749	1230.447266	25.196745
-26.547194	-14.613749	1228.753906	14.818295
-26.547194	-14.613749	1227.058594	20.740965
-26.547194	-14.613749	1225.365234	19.255150
-26.547194	-14.613749	1223.669922	22.212502
-26.547194	-14.613749	1221.974609	17.766016
-26.547194	-14.613749	1220.277344	25.162878
-26.547194	-14.613749	1218.582031	16.278210
-26.547194	-14.613749	1216.884766	11.836042
-26.547194	-14.613749	1215.189453	22.187599
-26.547194	-14.613749	1213.492188	20.703779
-26.547194	-14.613749	1211.792969	16.263603
-26.547194	-14.613749	1210.095703	22.172659
-26.547194	-14.613749	1208.396484	17.734144
-26.547194	-14.613749	1206.699219	19.207674
-26.547194	-14.613749	1205.000000	19.203358
-26.547194	-14.613749	1203.298828	19.199041
-26.547194	-14.613749	1201.599609	17.718208
-26.547194	-14.613749	1199.900391	17.714226
-26.547194	-14.613749	1198.199219	14.758534
-26.547194	-14.613749	1196.498047	20.657301
-26.547194	-14.613749	1194.796875	17.702274
-26.547194	-14.613749	1193.093750	22.122864
-26.547194	-14.613749	1191.392578	16.219782
-26.547194	-14.613749	1189.689453	19.164518
-26.547194	-14.613749	1187.986328	30.951097
-26.547194	-14.613749	1186.283203	23.576477
-26.547194	-14.613749	1184.580078	19.151573
-26.547194	-14.613749	1182.875000	11.782928
-26.547194	-14.613749	1181.169922	23.560545
-26.547194	-14.613749	1179.464844	22.083033
-26.547194	-14.613749	1177.759766	19.134314
-26.547194	-14.613749	1176.054688	17.658459
-26.547194	-14.613749	1174.347656	16.183270
-26.547194	-14.613749	1172.642578	23.533991
-26.547194	-14.613749	1170.935547	17.646511
-26.547194	-14.613749	1169.228516	19.112740
-26.547194	-14.613749	1167.519531	20.578302
-26.547194	-14.613749	1165.812500	22.043203
-26.547194	-14.613749	1164.103516	20.569010
-26.547194	-14.613749	1162.394531	14.688831
-26.547194	-14.613749	1160.685547	19.091166
-26.547194	-14.613749	1158.976563	20.555071
-26.547194	-14.613749	1157.265625	14.678875
-26.547194	-14.613749	1155.556641	19.078224
-26.547194	-14.613749	1153.845703	13.205014
-26.547194	-14.613749	1152.134766	20.536488
-26.547194	-14.613749	1150.423828	16.132160
-26.547194	-14.613749	1148.710938	29.324564
-26.547194	-14.613749	1146.998047	20.522549
-26.547194	-14.613749	1145.287109	19.052340
-26.547194	-14.613749	1143.572266	26.374189
-26.547194	-14.613749	1141.859375	23.438414
-26.547194	-14.613749	1140.146484	23.433105
-26.547194	-14.613749	1138.431641	20.499321
-26.547194	-14.613749	1136.716797	14.639054
-26.547194	-14.613749	1135.001953	21.953604
-26.547194	-14.613749	1133.287109	20.485384
-26.547194	-14.613749	1131.570313	20.480740
-26.547194	-14.613749	1129.855469	26.326406
-26.547194	-14.613749	1128.138672	14.622463
-26.547194	-14.613749	1126.421875	19.004889
-26.547194	-14.613749	1124.703125	17.538994
-26.547194	-14.613749	1122.986328	23.380016
-26.547194	-14.613749	1121.267578	17.531031
-26.547194	-14.613749	1119.548828	20.448223
-26.547194	-14.613749	1117.830078	20.443579
-26.547194	-14.613749	1116.111328	17.519087
-26.547194	-14.613749	1114.392578	21.893881
-26.547194	-14.613749	1112.671875	20.429644
-26.547194	-14.613749	1110.951172	18.966072
-26.547194	-14.613749	1109.230469	14.585968
-26.547194	-14.613749	1107.509766	16.040916
-26.547194	-14.613749	1105.787109	17.495199
-26.547194	-14.613749	1104.066406	18.948820
-26.547194	-14.613749	1102.343750	18.944508
-26.547194	-14.613749	1100.621094	20.397133
-26.547194	-14.613749	1098.896484	20.392488
-26.547194	-14.613749	1097.173828	29.125492
-26.547194	-14.613749	1095.449219	20.383202
-26.547194	-14.613749	1093.724609	17.467335
-26.547194	-14.613749	1092.000000	24.739752
-26.547194	-14.613749	1090.275391	17.459373
-26.547194	-14.613749	1088.550781	18.910009
-26.547194	-14.613749	1086.824219	14.542844
-26.547194	-14.613749	1085.097656	29.079054
-26.547194	-14.613749	1083.371094	24.711557
-26.547194	-14.613749	1081.644531	20.346050
-26.547194	-14.613749	1079.916016	13.076619
-26.547194	-14.613749	1078.189453	14.526259
-26.547194	-14.613749	1076.460938	21.784414
-26.547194	-14.613749	1074.732422	21.779440
-26.547194	-14.613749	1073.001953	17.419571
-26.547194	-14.613749	1071.273438	27.574688
-26.547194	-14.613749	1069.542969	18.862579
-26.547194	-14.613749	1067.812500	24.660812
-26.547194	-14.613749	1066.082031	18.853956
-26.547194	-14.613749	1064.351563	20.299618
-26.547194	-14.613749	1062.619141	20.294975
-26.547194	-14.613749	1060.888672	21.739643
-26.547194	-14.613749	1059.156250	18.836712
-26.547194	-14.613749	1057.421875	17.383755
-26.547194	-14.613749	1055.689453	21.724720
-26.547194	-14.613749	1053.957031	21.719746
-26.547194	-14.613749	1052.222656	24.610075
-26.547194	-14.613749	1050.488281	15.920519
-26.547194	-14.613749	1048.753906	21.704824
-26.547194	-14.613749	1047.019531	17.359880
-26.547194	-14.613749	1045.283203	14.463251
-26.547194	-14.613749	1043.546875	26.027884
-26.547194	-14.613749	1041.810547	17.347944
-26.547194	-14.613749	1040.074219	18.789295
-26.547194	-14.613749	1038.337891	21.674982
-26.547194	-14.613749	1036.599609	23.114677
-26.547194	-14.613749	1034.861328	20.220701
-26.547194	-14.613749	1033.123047	17.328051
-26.547194	-14.613749	1031.384766	20.211418
-26.547194	-14.613749	1029.646484	20.206776
-26.547194	-14.613749	1027.906250	23.088154
-26.547194	-14.613749	1026.167969	20.197495
-26.547194	-14.613749	1024.427734	27.404587
-26.547194	-14.613749	1022.685547	24.514257
-26.547194	-14.613749	1020.945313	21.625254
-26.547194	-14.613749	1019.203125	24.502987
-26.547194	-14.613749	1017.462891	25.938372
-26.547194	-14.613749	1015.720703	23.051027
-26.547194	-14.613749	1013.976563	28.807154
-26.547194	-14.613749	1012.234375	27.360498
-26.547194	-14.613749	1010.490234	28.793896
-26.547194	-14.613749	1008.746094	31.665995
-26.547194	-14.613749	1007.001953	18.707415
-26.547194	-14.613749	1005.257813	21.580507
-26.547194	-14.613749	1003.513672	20.137167
-26.547194	-14.613749	1001.767578	31.636827
-26.547194	-14.613749	1000.021484	24.441006
-26.547194	-14.613749	998.275391	30.184870
-26.547194	-14.613749	996.529297	27.303825
-26.547194	-14.613749	994.781250	27.297527
-26.547194	-14.613749	993.035156	31.600374
-26.547194	-14.613749	991.287109	35.901230
-26.547194	-14.613749	989.539063	34.457230
-26.547194	-14.613749	987.789063	37.320049
-26.547194	-14.613749	986.041016	37.311432
-26.547194	-14.613749	984.291016	41.606991
-26.547194	-14.613749	982.541016	32.991028
-26.547194	-14.613749	980.791016	32.983406
-26.547194	-14.613749	979.041016	34.409515
-26.547194	-14.613749	977.289063	38.701759
-26.547194	-14.613749	975.537109	34.393612
-26.547194	-14.613749	973.785156	34.385658
-26.547194	-14.613749	972.033203	42.972137
-26.547194	-14.613749	970.281250	35.801830
-26.547194	-14.613749	968.527344	34.361809
-26.547194	-14.613749	966.773438	38.648090
-26.547194	-14.613749	965.019531	40.070225
-26.547194	-14.613749	963.265625	37.199451
-26.547194	-14.613749	961.511719	40.051674
-26.547194	-14.613749	959.755859	40.042400
-26.547194	-14.613749	958.000000	37.173615
-26.547194	-14.613749	956.244141	34.306156
-26.547194	-14.613749	954.488281	34.298210
-26.547194	-14.613749	952.730469	25.717695
-26.547194	-14.613749	950.974609	29.997023
-26.547194	-14.613749	949.216797	37.130558
-26.547194	-14.613749	947.458984	21.416510
-26.547194	-14.613749	945.701172	41.395645
-26.547194	-14.613749	943.941406	49.948673
-26.547194	-14.613749	942.181641	42.803211
-26.547194	-14.613749	940.421875	34.234623
-26.547194	-14.613749	938.662109	38.505009
-26.547194	-14.613749	936.902344	27.089827
-26.547194	-14.613749	935.140625	31.359884
-26.547194	-14.613749	933.380859	37.053074
-26.547194	-14.613749	931.619141	17.097445
-26.547194	-14.613749	929.855469	18.517927
-26.547194	-14.613749	928.093750	21.361874
-26.547194	-14.613749	926.330078	25.628288
-26.547194	-14.613749	924.568359	25.622330
-26.547194	-14.613749	922.804688	18.500713
-26.547194	-14.613749	921.039063	15.650807
-26.547194	-14.613749	919.275391	29.871864
-26.547194	-14.613749	917.509766	25.598495
-26.547194	-14.613749	915.744141	21.327116
-26.547194	-14.613749	913.978516	21.322149
-26.547194	-14.613749	912.212891	24.159477
-26.547194	-14.613749	910.447266	22.733036
-26.547194	-14.613749	908.679688	24.148224
-26.547194	-14.613749	906.912109	25.562752
-26.547194	-14.613749	905.144531	19.877506
-26.547194	-14.613749	903.375000	26.970327
-26.547194	-14.613749	901.607422	22.706560
-26.547194	-14.613749	899.837891	28.376583
-26.547194	-14.613749	898.068359	28.369965
-26.547194	-14.613749	896.298828	22.690678
-26.547194	-14.613749	894.529297	29.774567
-26.547194	-14.613749	892.757813	28.350113
-26.547194	-14.613749	890.986328	24.091972
-26.547194	-14.613749	889.214844	17.002127
-26.547194	-14.613749	887.443359	25.497236
-26.547194	-14.613749	885.669922	25.491282
-26.547194	-14.613749	883.898438	19.821922
-26.547194	-14.613749	882.125000	26.894894
-26.547194	-14.613749	880.351563	31.134180
-26.547194	-14.613749	878.578125	24.052607
-26.547194	-14.613749	876.802734	28.290569
-26.547194	-14.613749	875.027344	26.869757
-26.547194	-14.613749	873.251953	19.794138
-26.547194	-14.613749	871.476563	28.270727
-26.547194	-14.613749	869.701172	32.503731
-26.547194	-14.613749	867.923828	21.193125
-26.547194	-14.613749	866.146484	24.013252
-26.547194	-14.613749	864.369141	25.419846
-26.547194	-14.613749	862.591797	16.942596
-26.547194	-14.613749	860.814453	22.584837
-26.547194	-14.613749	859.035156	19.757105
-26.547194	-14.613749	857.255859	26.806932
-26.547194	-14.613749	855.476563	19.747849
-26.547194	-14.613749	853.697266	19.743219
-26.547194	-14.613749	851.916016	29.607887
-26.547194	-14.613749	850.136719	21.143534
-26.547194	-14.613749	848.355469	21.138575
-26.547194	-14.613749	846.574219	21.133617
-26.547194	-14.613749	844.791016	18.311506
-26.547194	-14.613749	843.009766	22.531950
-26.547194	-14.613749	841.226563	26.750412
-26.547194	-14.613749	839.443359	15.483445
-26.547194	-14.613749	837.660156	18.294321
-26.547194	-14.613749	835.875000	22.510801
-26.547194	-14.613749	834.091797	29.538488
-26.547194	-14.613749	832.306641	21.093964
-26.547194	-14.613749	830.521484	30.930546
-26.547194	-14.613749	828.734375	29.517673
-26.547194	-14.613749	826.949219	21.079098
-26.547194	-14.613749	825.162109	21.074142
-26.547194	-14.613749	823.375000	19.664576
-26.547194	-14.613749	821.587891	15.447104
-26.547194	-14.613749	819.800781	21.059278
-26.547194	-14.613749	818.011719	16.843460
-26.547194	-14.613749	816.222656	16.839497
-26.547194	-14.613749	814.433594	18.238495
-26.547194	-14.613749	812.644531	18.234203
-26.547194	-14.613749	810.855469	23.839113
-26.547194	-14.613749	809.064453	22.431530
-26.547194	-14.613749	807.273438	21.024607
-26.547194	-14.613749	805.482422	25.223585
-26.547194	-14.613749	803.691406	22.415682
-26.547194	-14.613749	801.898438	16.807800
-26.547194	-14.613749	800.107422	22.405119
-26.547194	-14.613749	798.314453	19.599857
-26.547194	-14.613749	796.521484	16.795918
-26.547194	-14.613749	794.726563	25.187935
-26.547194	-14.613749	792.933594	20.984995
-26.547194	-14.613749	791.138672	23.777386
-26.547194	-14.613749	789.343750	30.763474
-26.547194	-14.613749	787.546875	25.164175
-26.547194	-14.613749	785.751953	20.965197
-26.547194	-14.613749	783.955078	19.562899
-26.547194	-14.613749	782.158203	29.337420
-26.547194	-14.613749	780.361328	30.727180
-26.547194	-14.613749	778.564453	22.341763
-26.547194	-14.613749	776.765625	23.732515
-26.547194	-14.613749	774.968750	20.935507
-26.547194	-14.613749	773.169922	25.116673
-26.547194	-14.613749	771.369141	15.345449
-26.547194	-14.613749	769.570313	25.104799
-26.547194	-14.613749	767.769531	23.704483
-26.547194	-14.613749	765.970703	27.881033
-26.547194	-14.613749	764.167969	30.661880
-26.547194	-14.613749	762.367188	27.867844
-26.547194	-14.613749	760.566406	26.468187
-26.547194	-14.613749	758.763672	29.247391
-26.547194	-14.613749	756.960938	23.670855
-26.547194	-14.613749	755.158203	27.841473
-26.547194	-14.613749	753.353516	23.659649
-26.547194	-14.613749	751.550781	20.871216
-26.547194	-14.613749	749.746094	30.603868
-26.547194	-14.613749	747.941406	27.815107
-26.547194	-14.613749	746.136719	30.589369
-26.547194	-14.613749	744.330078	29.192024
-26.547194	-14.613749	742.523438	30.574873
-26.547194	-14.613749	740.718750	26.399311
-26.547194	-14.613749	738.910156	23.614838
-26.547194	-14.613749	737.103516	22.220459
-26.547194	-14.613749	735.294922	24.992086
-26.547194	-14.613749	733.488281	24.986158
-26.547194	-14.613749	731.679688	23.592440
-26.547194	-14.613749	729.869141	23.586842
-26.547194	-14.613749	728.060547	31.904036
-26.547194	-14.613749	726.250000	24.962450
-26.547194	-14.613749	724.439453	26.342997
-26.547194	-14.613749	722.628906	27.722887
-26.547194	-14.613749	720.818359	24.944672
-26.547194	-14.613749	719.005859	18.011318
-26.547194	-14.613749	717.195313	20.777353
-26.547194	-14.613749	715.382813	20.772415
-26.547194	-14.613749	713.568359	16.613983
-26.547194	-14.613749	711.755859	26.299221
-26.547194	-14.613749	709.941406	23.525290
-26.547194	-14.613749	708.126953	24.903206
-26.547194	-14.613749	706.312500	24.897285
-26.547194	-14.613749	704.498047	22.125656
-26.547194	-14.613749	702.681641	24.885443
-26.547194	-14.613749	700.867188	30.408304
-26.547194	-14.613749	699.050781	24.873602
-26.547194	-14.613749	697.232422	31.775372
-26.547194	-14.613749	695.416016	24.861763
-26.547194	-14.613749	693.597656	24.855844
-26.547194	-14.613749	691.779297	20.708273
-26.547194	-14.613749	689.960938	23.463787
-26.547194	-14.613749	688.142578	19.318516
-26.547194	-14.613749	686.324219	22.073044
-26.547194	-14.613749	684.503906	15.171602
-26.547194	-14.613749	682.683594	23.441435
-26.547194	-14.613749	680.863281	20.678690
-26.547194	-14.613749	679.041016	22.052011
-26.547194	-14.613749	677.218750	17.912989
-26.547194	-14.613749	675.398438	24.796684
-26.547194	-14.613749	673.576172	24.790771
-26.547194	-14.613749	671.751953	17.900175
-26.547194	-14.613749	669.929688	27.532162
-26.547194	-14.613749	668.105469	30.278152
-26.547194	-14.613749	666.281250	22.015221
-26.547194	-14.613749	664.457031	23.385590
-26.547194	-14.613749	662.630859	27.505892
-26.547194	-14.613749	660.806641	26.124359
-26.547194	-14.613749	658.980469	31.616673
-26.547194	-14.613749	657.154297	27.486195
-26.547194	-14.613749	655.326172	31.601574
-26.547194	-14.613749	653.500000	23.352106
-26.547194	-14.613749	651.671875	28.839827
-26.547194	-14.613749	649.843750	27.459940
-26.547194	-14.613749	648.015625	26.080708
-26.547194	-14.613749	646.185547	28.819157
-26.547194	-14.613749	644.357422	24.696230
-26.547194	-14.613749	642.527344	30.177063
-26.547194	-14.613749	640.697266	32.912563
-26.547194	-14.613749	638.865234	23.307489
-26.547194	-14.613749	637.035156	38.379623
-26.547194	-14.613749	635.203125	35.629696
-26.547194	-14.613749	633.371094	27.400902
-26.547194	-14.613749	631.539063	34.242931
-26.547194	-14.613749	629.705078	39.712296
-26.547194	-14.613749	627.873047	32.857479
-26.547194	-14.613749	626.039063	38.324551
-26.547194	-14.613749	624.203125	36.946968
-26.547194	-14.613749	622.369141	34.201965
-26.547194	-14.613749	620.535156	24.619516
-26.547194	-14.613749	618.699219	32.818161
-26.547194	-14.613749	616.863281	39.645779
-26.547194	-14.613749	615.025391	32.802437
-26.547194	-14.613749	613.189453	31.428137
-26.547194	-14.613749	611.351563	36.885059
-26.547194	-14.613749	609.513672	24.584145
-26.547194	-14.613749	607.675781	24.578251
-26.547194	-14.613749	605.837891	28.667751
-26.547194	-14.613749	603.998047	28.660877
-26.547194	-14.613749	602.158203	31.382957
-26.547194	-14.613749	600.318359	32.739578
-26.547194	-14.613749	598.478516	27.276438
-26.547194	-14.613749	596.636719	29.996883
-26.547194	-14.613749	594.796875	28.626518
-26.547194	-14.613749	592.955078	28.619650
-26.547194	-14.613749	591.111328	29.975294
-26.547194	-14.613749	589.269531	32.692471
-26.547194	-14.613749	587.425781	29.960905
-26.547194	-14.613749	585.583984	28.592178
-26.547194	-14.613749	583.738281	25.862902
-26.547194	-14.613749	581.894531	27.217569
-26.547194	-14.613749	580.050781	23.129377
-26.547194	-14.613749	578.205078	21.763596
-26.547194	-14.613749	576.359375	21.758368
-26.547194	-14.613749	574.513672	25.831852
-26.547194	-14.613749	572.666016	27.184889
-26.547194	-14.613749	570.818359	31.255110
-26.547194	-14.613749	568.970703	23.096050
-26.547194	-14.613749	567.123047	24.448761
-26.547194	-14.613749	565.275391	19.011131
-26.547194	-14.613749	563.425781	21.721783
-26.547194	-14.613749	561.576172	25.788414
-26.547194	-14.613749	559.726563	18.997419
-26.547194	-14.613749	557.876953	25.776011
-26.547194	-14.613749	556.027344	21.700891
-26.547194	-14.613749	554.175781	28.475567
-26.547194	-14.613749	552.324219	24.401756
-26.547194	-14.613749	550.472656	20.329903
-26.547194	-14.613749	548.619141	28.455013
-26.547194	-14.613749	546.767578	35.221535
-26.547194	-14.613749	544.914063	29.795662
-26.547194	-14.613749	543.060547	37.912621
-26.547194	-14.613749	541.205078	36.549797
-26.547194	-14.613749	539.351563	32.480885
-26.547194	-14.613749	537.496094	44.650455
-26.547194	-14.613749	535.640625	48.697857
-26.547194	-14.613749	533.785156	55.448086
-26.547194	-14.613749	531.927734	40.561996
-26.547194	-14.613749	530.070313	56.773109
-26.547194	-14.613749	528.212891	77.030647
-26.547194	-14.613749	526.355469	109.438225
-26.547194	-14.613749	524.498047	199.912994
-26.547194	-14.613749	522.638672	382.173920
-26.547194	-14.613749	520.779297	623.751892
-26.547194	-14.613749	518.919922	444.079834
-26.547194	-14.613749	517.060547	255.048172
-26.547194	-14.613749	515.199219	145.706665
-26.547194	-14.613749	513.339844	91.719101
-26.547194	-14.613749	511.478516	79.560616
-26.547194	-14.613749	509.615234	59.319027
-26.547194	-14.613749	507.753906	55.261208
-26.547194	-14.613749	505.890625	70.070473
-26.547194	-14.613749	504.027344	56.581726
-26.547194	-14.613749	502.164063	49.833775
-26.547194	-14.613749	500.300781	52.514812
-26.547194	-14.613749	498.435547	57.886971
-26.547194	-14.613749	496.570313	52.489460
-26.547194	-14.613749	494.705078	61.895699
-26.547194	-14.613749	492.839844	69.952156
-26.547194	-14.613749	490.972656	52.451447
-26.547194	-14.613749	489.107422	47.060440
-26.547194	-14.613749	487.240234	48.393333
-26.547194	-14.613749	485.371094	47.037708
-26.547194	-14.613749	483.503906	36.277466
-26.547194	-14.613749	481.634766	38.955269
-26.547194	-14.613749	479.765625	36.259933
-26.547194	-14.613749	477.896484	29.537992
-26.547194	-14.613749	476.027344	38.927032
-26.547194	-14.613749	474.156250	30.865704
-26.547194	-14.613749	472.285156	30.858242
-26.547194	-14.613749	470.414063	30.850780
-26.547194	-14.613749	468.542969	28.161295
-26.547194	-14.613749	466.669922	34.857933
-26.547194	-14.613749	464.796875	40.210968
-26.547194	-14.613749	462.923828	36.181118
-26.547194	-14.613749	461.050781	22.775194
-26.547194	-14.613749	459.177734	29.466652
-26.547194	-14.613749	457.302734	30.798592
-26.547194	-14.613749	455.427734	29.452396
-26.547194	-14.613749	453.552734	37.475800
-26.547194	-14.613749	451.675781	38.804829
-26.547194	-14.613749	449.800781	34.782116
-26.547194	-14.613749	447.923828	25.411549
-26.547194	-14.613749	446.046875	34.765282
-26.547194	-14.613749	444.169922	26.736052
-26.547194	-14.613749	442.291016	26.729580
-26.547194	-14.613749	440.412109	30.731575
-26.547194	-14.613749	438.533203	34.731632
-26.547194	-14.613749	436.654297	32.052204
-26.547194	-14.613749	434.773438	34.714813
-26.547194	-14.613749	432.894531	25.362373
-26.547194	-14.613749	431.013672	33.363464
-26.547194	-14.613749	429.130859	33.355381
-26.547194	-14.613749	427.250000	26.677843
-26.547194	-14.613749	425.367188	24.004242
-26.547194	-14.613749	423.484375	23.998426
-26.547194	-14.613749	421.601563	17.327997
-26.547194	-14.613749	419.718750	25.319399
-26.547194	-14.613749	417.833984	26.645540
-26.547194	-14.613749	415.949219	27.971039
-26.547194	-14.613749	414.064453	33.290787
-26.547194	-14.613749	412.179688	23.963556
-26.547194	-14.613749	410.294922	37.267609
-26.547194	-14.613749	408.408203	30.605257
-26.547194	-14.613749	406.521484	41.240566
-26.547194	-14.613749	404.634766	34.580475
-26.547194	-14.613749	402.746094	34.572090
-26.547194	-14.613749	400.857422	59.821804
-26.547194	-14.613749	398.968750	70.439705
-26.547194	-14.613749	397.080078	79.723724
-26.547194	-14.613749	395.191406	85.018021
-26.547194	-14.613749	393.300781	78.356979
-26.547194	-14.613749	391.410156	69.043640
-26.547194	-14.613749	389.519531	59.734810
-26.547194	-14.613749	387.628906	55.738964
-26.547194	-14.613749	385.736328	51.745056
-26.547194	-14.613749	383.843750	58.364876
-26.547194	-14.613749	381.951172	59.676868
-26.547194	-14.613749	380.058594	51.707401
-26.547194	-14.613749	378.164063	51.694855
-26.547194	-14.613749	376.271484	67.584564
-26.547194	-14.613749	374.376953	76.842224
-26.547194	-14.613749	372.480469	55.630863
-26.547194	-14.613749	370.585938	56.941586
-26.547194	-14.613749	368.689453	56.927765
-26.547194	-14.613749	366.792969	50.296047
-26.547194	-14.613749	364.896484	54.253616
-26.547194	-14.613749	363.000000	56.886322
-26.547194	-14.613749	361.101563	60.840363
-26.547194	-14.613749	359.203125	59.503296
-26.547194	-14.613749	357.304688	54.200951
-26.547194	-14.613749	355.406250	54.187794
-26.547194	-14.613749	353.505859	56.817299
-26.547194	-14.613749	351.605469	56.803505
-26.547194	-14.613749	349.705078	50.186256
-26.547194	-14.613749	347.804688	62.057400
-26.547194	-14.613749	345.902344	36.961388
-26.547194	-14.613749	344.001953	44.870785
-26.547194	-14.613749	342.099609	43.540478
-26.547194	-14.613749	340.195313	43.529903
-26.547194	-14.613749	338.292969	44.838097
-26.547194	-14.613749	336.388672	43.508759
-26.547194	-14.613749	334.484375	38.225681
-26.547194	-14.613749	332.580078	44.805431
-26.547194	-14.613749	330.675781	36.889626
-26.547194	-14.613749	328.769531	44.783665
-26.547194	-14.613749	326.863281	34.238010
-26.547194	-14.613749	324.957031	40.812328
-26.547194	-14.613749	323.048828	44.751030
-26.547194	-14.613749	321.142578	31.581287
-26.547194	-14.613749	319.234375	32.889183
-26.547194	-14.613749	317.326172	34.196438
-26.547194	-14.613749	315.417969	34.188126
-26.547194	-14.613749	313.507813	30.235994
-26.547194	-14.613749	311.597656	28.914358
-26.547194	-14.613749	309.687500	43.360996
-26.547194	-14.613749	307.777344	35.468555
-26.547194	-14.613749	305.865234	31.519943
-26.547194	-14.613749	303.955078	31.512283
-26.547194	-14.613749	302.042969	39.380779
-26.547194	-14.613749	300.128906	35.434090
-26.547194	-14.613749	298.216797	32.801365
-26.547194	-14.613749	296.302734	35.416866
-26.547194	-14.613749	294.388672	27.539755
-26.547194	-14.613749	292.474609	36.710747
-26.547194	-14.613749	290.560547	45.877281
-26.547194	-14.613749	288.644531	44.555668
-26.547194	-14.613749	286.728516	48.475262
-26.547194	-14.613749	284.812500	52.392948
-26.547194	-14.613749	282.896484	45.832687
-26.547194	-14.613749	280.978516	56.295040
-26.547194	-14.613749	279.060547	53.663616
-26.547194	-14.613749	277.142578	68.044624
-26.547194	-14.613749	275.224609	56.253990
-26.547194	-14.613749	273.304688	66.703629
-26.547194	-14.613749	271.384766	61.457027
-26.547194	-14.613749	269.464844	91.509491
-26.547194	-14.613749	267.544922	98.022041
-26.547194	-14.613749	265.623047	125.437714
-26.547194	-14.613749	263.703125	203.786728
-26.547194	-14.613749	261.781250	269.037567
-26.547194	-14.613749	259.857422	278.111969
-26.547194	-14.613749	257.935547	255.853012
-26.547194	-14.613749	256.011719	230.994766
-26.547194	-14.613749	254.087891	238.767029
-26.547194	-14.613749	252.164063	542.638977
-26.547194	-14.613749	250.240234	1820.528442
-26.547194	-14.613749	248.314453	1853.984253
-26.547194	-14.613749	246.388672	767.743469
-26.547194	-14.613749	244.462891	372.701599
-26.547194	-14.613749	242.535156	241.024582
-26.547194	-14.613749	240.609375	192.772781
-26.547194	-14.613749	238.681641	157.566452
-26.547194	-14.613749	236.753906	130.188553
-26.547194	-14.613749	234.824219	102.823944
-26.547194	-14.613749	232.896484	100.196442
-26.547194	-14.613749	230.966797	88.463654
-26.547194	-14.613749	229.037109	80.638428
-26.547194	-14.613749	227.107422	78.018211
-26.547194	-14.613749	225.175781	83.199196
-26.547194	-14.613749	223.244141	84.478638
-26.547194	-14.613749	221.312500	70.165192
-26.547194	-14.613749	219.380859	85.736603
-26.547194	-14.613749	217.447266	87.014481
-26.547194	-14.613749	215.515625	79.202881
-26.547194	-14.613749	213.582031	76.587440
-26.547194	-14.613749	211.646484	68.782166
-26.547194	-14.613749	209.712891	59.683212
-26.547194	-14.613749	207.777344	55.777267
-26.547194	-14.613749	205.841797	59.654198
-26.547194	-14.613749	203.906250	44.081512
-26.547194	-14.613749	201.968750	40.182198
-26.547194	-14.613749	200.033203	32.397121
-26.547194	-14.613749	198.095703	25.911398
-26.547194	-14.613749	196.158203	28.495609
-26.547194	-14.613749	194.218750	23.308922
-26.547194	-14.613749	192.281250	31.071009
-26.547194	-14.613749	190.341797	32.357765
-26.547194	-14.613749	188.402344	27.173918
-26.547194	-14.613749	186.460938	27.167313
-26.547194	-14.613749	184.521484	31.040812
-26.547194	-14.613749	182.580078	29.740215
-26.547194	-14.613749	180.638672	27.147511
-26.547194	-14.613749	178.695313	33.603035
-26.547194	-14.613749	176.753906	23.257986
-26.547194	-14.613749	174.810547	21.960539
-26.547194	-14.613749	172.867188	20.663719
-26.547194	-14.613749	170.921875	21.949867
-26.547194	-14.613749	168.978516	34.853081
-26.547194	-14.613749	167.033203	42.587860
-26.547194	-14.613749	165.087891	27.094782
-26.547194	-14.613749	163.142578	34.827686
-26.547194	-14.613749	161.195313	27.081617
-26.547194	-14.613749	159.248047	34.810764
-26.547194	-14.613749	157.300781	32.224358
-26.547194	-14.613749	155.353516	29.639210
-26.547194	-14.613749	153.406250	37.362099
-26.547194	-14.613749	151.457031	34.776955
-26.547194	-14.613749	149.507813	41.207119
-26.547194	-14.613749	147.558594	37.334881
-26.547194	-14.613749	145.607422	42.474201
-26.547194	-14.613749	143.658203	43.750671
-26.547194	-14.613749	141.707031	55.318298
-26.547194	-14.613749	139.753906	52.732544
-26.547194	-14.613749	137.802734	73.293297
-26.547194	-14.613749	135.849609	65.562294
-26.547194	-14.613749	133.896484	59.120258
-26.547194	-14.613749	131.943359	55.251171
-26.547194	-14.613749	129.990234	61.660755
-26.547194	-14.613749	128.035156	48.802914
-26.547194	-14.613749	126.080078	53.926971
-26.547194	-14.613749	124.125000	48.779224
-26.547194	-14.613749	122.169922	46.200684
-26.547194	-14.613749	120.212891	51.321632
-26.547194	-14.613749	118.255859	60.288284
-26.547194	-14.613749	116.298828	53.861565
-26.547194	-14.613749	114.341797	47.437962
-26.547194	-14.613749	112.382813	42.299267
-26.547194	-14.613749	110.423828	38.444550
-26.547194	-14.613749	108.464844	21.779959
-26.547194	-14.613749	106.505859	30.740719
-26.547194	-14.613749	104.544922	20.488842
-26.547194	-14.613749	102.585938	11.522178
-26.547194	-14.613749	100.625000	10.239451
-26.547194	-14.613749	98.662109	10.236968
-26.547194	-14.613749	96.701172	3.837932
-26.547194	-14.613749	94.738281	0.000000
-26.547194	-14.613749	92.775391	0.000000
-26.547194	-14.613749	90.812500	3.835141
-26.547194	-14.613749	88.847656	5.112282
-26.547194	-14.613749	86.882813	1.277761
-26.547194	-14.613749	84.917969	2.554902
-26.547194	-14.613749	82.953125	-1.277141
-26.547194	-14.613749	80.988281	1.276832
-26.547194	-14.613749	79.021484	0.000000
-26.547194	-14.613749	77.054688	3.828639
-26.547194	-14.613749	75.087891	3.827712
-26.547194	-14.613749	73.119141	0.000000
-26.547194	-14.613749	71.152344	2.550571
-26.547194	-14.613749	69.183594	0.000000
-26.547194	-14.613749	67.212891	1.274668
-26.547194	-14.613749	65.244141	0.000000
-26.547194	-14.613749	63.273438	1.274051
-26.547194	-14.613749	61.302734	-1.273742
-26.547194	-14.613749	59.332031	2.546868
-23.547194	-14.613749	1838.626953	25.714378
-23.547194	-14.613749	1837.066406	12.857189
-23.547194	-14.613749	1835.503906	24.102098
-23.547194	-14.613749	1833.941406	19.277576
-23.547194	-14.613749	1832.378906	24.091843
-23.547194	-14.613749	1830.816406	19.269373
-23.547194	-14.613749	1829.251953	28.897909
-23.547194	-14.613749	1827.687500	33.707050
-23.547194	-14.613749	1826.125000	19.257074
-23.547194	-14.613749	1824.560547	19.252975
-23.547194	-14.613749	1822.994141	20.852951
-23.547194	-14.613749	1821.429688	28.867172
-23.547194	-14.613749	1819.865234	24.050856
-23.547194	-14.613749	1818.298828	24.045738
-23.547194	-14.613749	1816.732422	22.437912
-23.547194	-14.613749	1815.166016	19.228401
-23.547194	-14.613749	1813.599609	20.826334
-23.547194	-14.613749	1812.033203	20.821901
-23.547194	-14.613749	1810.464844	22.418814
-23.547194	-14.613749	1808.896484	20.813038
-23.547194	-14.613749	1807.330078	22.409269
-23.547194	-14.613749	1805.759766	19.203856
-23.547194	-14.613749	1804.191406	15.999806
-23.547194	-14.613749	1802.623047	27.193880
-23.547194	-14.613749	1801.052734	20.790892
-23.547194	-14.613749	1799.484375	23.984383
-23.547194	-14.613749	1797.914063	23.979277
-23.547194	-14.613749	1796.343750	19.179337
-23.547194	-14.613749	1794.771484	19.175253
-23.547194	-14.613749	1793.201172	17.573572
-23.547194	-14.613749	1791.628906	12.778057
-23.547194	-14.613749	1790.058594	22.356838
-23.547194	-14.613749	1788.486328	20.755501
-23.547194	-14.613749	1786.914063	19.154842
-23.547194	-14.613749	1785.339844	19.150763
-23.547194	-14.613749	1783.767578	22.337797
-23.547194	-14.613749	1782.193359	20.737822
-23.547194	-14.613749	1780.621094	14.353895
-23.547194	-14.613749	1779.046875	17.539913
-23.547194	-14.613749	1777.470703	22.318769
-23.547194	-14.613749	1775.896484	23.907871
-23.547194	-14.613749	1774.322266	30.276852
-23.547194	-14.613749	1772.746094	27.084044
-23.547194	-14.613749	1771.169922	15.928395
-23.547194	-14.613749	1769.593750	19.110001
-23.547194	-14.613749	1768.017578	27.066732
-23.547194	-14.613749	1766.441406	17.510035
-23.547194	-14.613749	1764.863281	20.689268
-23.547194	-14.613749	1763.287109	20.684858
-23.547194	-14.613749	1761.708984	15.908037
-23.547194	-14.613749	1760.130859	23.856970
-23.547194	-14.613749	1758.552734	22.261757
-23.547194	-14.613749	1756.972656	20.667225
-23.547194	-14.613749	1755.394531	15.894476
-23.547194	-14.613749	1753.814453	15.891087
-23.547194	-14.613749	1752.234375	15.887698
-23.547194	-14.613749	1750.654297	25.414896
-23.547194	-14.613749	1749.074219	22.233292
-23.547194	-14.613749	1747.492188	26.991812
-23.547194	-14.613749	1745.912109	12.699320
-23.547194	-14.613749	1744.330078	22.219069
-23.547194	-14.613749	1742.748047	23.801067
-23.547194	-14.613749	1741.166016	25.382389
-23.547194	-14.613749	1739.583984	20.618792
-23.547194	-14.613749	1738.000000	20.614391
-23.547194	-14.613749	1736.417969	28.536915
-23.547194	-14.613749	1734.833984	22.190641
-23.547194	-14.613749	1733.250000	23.770613
-23.547194	-14.613749	1731.666016	22.181171
-23.547194	-14.613749	1730.082031	17.424343
-23.547194	-14.613749	1728.496094	15.836931
-23.547194	-14.613749	1726.912109	17.416904
-23.547194	-14.613749	1725.326172	20.579222
-23.547194	-14.613749	1723.740234	20.574827
-23.547194	-14.613749	1722.154297	20.570435
-23.547194	-14.613749	1720.566406	22.148046
-23.547194	-14.613749	1718.980469	20.561651
-23.547194	-14.613749	1717.392578	18.975931
-23.547194	-14.613749	1715.804688	28.457819
-23.547194	-14.613749	1714.216797	23.709784
-23.547194	-14.613749	1712.628906	26.865347
-23.547194	-14.613749	1711.041016	23.699654
-23.547194	-14.613749	1709.451172	31.592789
-23.547194	-14.613749	1707.861328	28.427433
-23.547194	-14.613749	1706.271484	30.000324
-23.547194	-14.613749	1704.681641	25.258032
-23.547194	-14.613749	1703.091797	17.361185
-23.547194	-14.613749	1701.501953	22.091331
-23.547194	-14.613749	1699.910156	22.086609
-23.547194	-14.613749	1698.318359	29.968277
-23.547194	-14.613749	1696.726563	22.077168
-23.547194	-14.613749	1695.134766	26.802256
-23.547194	-14.613749	1693.542969	25.220259
-23.547194	-14.613749	1691.949219	22.063007
-23.547194	-14.613749	1690.357422	23.633881
-23.547194	-14.613749	1688.763672	23.628826
-23.547194	-14.613749	1687.169922	22.048853
-23.547194	-14.613749	1685.576172	25.193298
-23.547194	-14.613749	1683.982422	18.890932
-23.547194	-14.613749	1682.386719	25.182520
-23.547194	-14.613749	1680.791016	23.603559
-23.547194	-14.613749	1679.195313	22.025274
-23.547194	-14.613749	1677.599609	20.447662
-23.547194	-14.613749	1676.003906	23.588408
-23.547194	-14.613749	1674.408203	25.155581
-23.547194	-14.613749	1672.810547	15.718872
-23.547194	-14.613749	1671.214844	23.573259
-23.547194	-14.613749	1669.617188	18.854570
-23.547194	-14.613749	1668.019531	21.992287
-23.547194	-14.613749	1666.419922	17.275953
-23.547194	-14.613749	1664.822266	17.272253
-23.547194	-14.613749	1663.222656	12.558948
-23.547194	-14.613749	1661.623047	26.682045
-23.547194	-14.613749	1660.023438	26.676329
-23.547194	-14.613749	1658.423828	17.257454
-23.547194	-14.613749	1656.824219	18.822279
-23.547194	-14.613749	1655.222656	21.954618
-23.547194	-14.613749	1653.623047	21.949913
-23.547194	-14.613749	1652.021484	21.945208
-23.547194	-14.613749	1650.419922	23.507681
-23.547194	-14.613749	1648.818359	25.069483
-23.547194	-14.613749	1647.214844	23.497599
-23.547194	-14.613749	1645.613281	21.926390
-23.547194	-14.613749	1644.009766	21.921686
-23.547194	-14.613749	1642.406250	23.482481
-23.547194	-14.613749	1640.802734	20.347118
-23.547194	-14.613749	1639.199219	18.777925
-23.547194	-14.613749	1637.593750	23.467369
-23.547194	-14.613749	1635.990234	20.334021
-23.547194	-14.613749	1634.384766	21.893476
-23.547194	-14.613749	1632.779297	17.198324
-23.547194	-14.613749	1631.173828	17.194632
-23.547194	-14.613749	1629.568359	25.005003
-23.547194	-14.613749	1627.960938	23.437157
-23.547194	-14.613749	1626.353516	26.556406
-23.547194	-14.613749	1624.748047	21.865284
-23.547194	-14.613749	1623.140625	21.860586
-23.547194	-14.613749	1621.531250	18.733620
-23.547194	-14.613749	1619.923828	17.168795
-23.547194	-14.613749	1618.314453	28.088354
-23.547194	-14.613749	1616.707031	15.601287
-23.547194	-14.613749	1615.097656	29.636074
-23.547194	-14.613749	1613.488281	20.272955
-23.547194	-14.613749	1611.878906	26.505087
-23.547194	-14.613749	1610.267578	24.940599
-23.547194	-14.613749	1608.656250	24.935236
-23.547194	-14.613749	1607.046875	23.371756
-23.547194	-14.613749	1605.435547	23.366728
-23.547194	-14.613749	1603.824219	24.919147
-23.547194	-14.613749	1602.210938	21.799562
-23.547194	-14.613749	1600.599609	21.794870
-23.547194	-14.613749	1598.986328	21.790180
-23.547194	-14.613749	1597.373047	21.785490
-23.547194	-14.613749	1595.759766	17.113485
-23.547194	-14.613749	1594.146484	10.888055
-23.547194	-14.613749	1592.533203	13.995914
-23.547194	-14.613749	1590.917969	20.211966
-23.547194	-14.613749	1589.302734	21.762043
-23.547194	-14.613749	1587.687500	20.203259
-23.547194	-14.613749	1586.072266	18.645144
-23.547194	-14.613749	1584.457031	17.087700
-23.547194	-14.613749	1582.839844	10.871647
-23.547194	-14.613749	1581.224609	27.949638
-23.547194	-14.613749	1579.607422	24.838768
-23.547194	-14.613749	1577.990234	24.833412
-23.547194	-14.613749	1576.373047	20.172796
-23.547194	-14.613749	1574.755859	21.719866
-23.547194	-14.613749	1573.136719	20.164095
-23.547194	-14.613749	1571.517578	21.710495
-23.547194	-14.613749	1569.898438	20.155397
-23.547194	-14.613749	1568.279297	20.151047
-23.547194	-14.613749	1566.660156	17.047207
-23.547194	-14.613749	1565.041016	18.592939
-23.547194	-14.613749	1563.419922	15.490771
-23.547194	-14.613749	1561.798828	18.584911
-23.547194	-14.613749	1560.177734	18.580898
-23.547194	-14.613749	1558.556641	13.932665
-23.547194	-14.613749	1556.935547	18.572874
-23.547194	-14.613749	1555.312500	24.758482
-23.547194	-14.613749	1553.691406	12.376566
-23.547194	-14.613749	1552.068359	23.201048
-23.547194	-14.613749	1550.445313	20.103230
-23.547194	-14.613749	1548.822266	17.006748
-23.547194	-14.613749	1547.197266	24.731739
-23.547194	-14.613749	1545.574219	26.271791
-23.547194	-14.613749	1543.949219	27.811176
-23.547194	-14.613749	1542.324219	18.536774
-23.547194	-14.613749	1540.699219	18.532764
-23.547194	-14.613749	1539.072266	24.705006
-23.547194	-14.613749	1537.447266	13.893559
-23.547194	-14.613749	1535.820313	24.694315
-23.547194	-14.613749	1534.193359	23.145910
-23.547194	-14.613749	1532.566406	23.140900
-23.547194	-14.613749	1530.939453	26.220675
-23.547194	-14.613749	1529.312500	23.130880
-23.547194	-14.613749	1527.683594	18.500696
-23.547194	-14.613749	1526.056641	21.579470
-23.547194	-14.613749	1524.427734	26.197966
-23.547194	-14.613749	1522.798828	20.029398
-23.547194	-14.613749	1521.167969	12.323112
-23.547194	-14.613749	1519.539063	15.400552
-23.547194	-14.613749	1517.908203	18.476656
-23.547194	-14.613749	1516.277344	24.630199
-23.547194	-14.613749	1514.646484	21.546751
-23.547194	-14.613749	1513.015625	12.309759
-23.547194	-14.613749	1511.384766	19.999020
-23.547194	-14.613749	1509.751953	19.994680
-23.547194	-14.613749	1508.121094	27.678936
-23.547194	-14.613749	1506.488281	24.598160
-23.547194	-14.613749	1504.855469	21.518717
-23.547194	-14.613749	1503.220703	23.050764
-23.547194	-14.613749	1501.587891	23.045759
-23.547194	-14.613749	1499.953125	29.184956
-23.547194	-14.613749	1498.318359	21.500034
-23.547194	-14.613749	1496.683594	19.959980
-23.547194	-14.613749	1495.048828	21.490694
-23.547194	-14.613749	1493.414063	23.020739
-23.547194	-14.613749	1491.777344	18.412588
-23.547194	-14.613749	1490.140625	13.806440
-23.547194	-14.613749	1488.505859	24.539446
-23.547194	-14.613749	1486.867188	24.534111
-23.547194	-14.613749	1485.230469	16.863533
-23.547194	-14.613749	1483.593750	19.925295
-23.547194	-14.613749	1481.955078	24.518105
-23.547194	-14.613749	1480.316406	21.448673
-23.547194	-14.613749	1478.677734	26.039150
-23.547194	-14.613749	1477.039063	29.096245
-23.547194	-14.613749	1475.400391	22.965719
-23.547194	-14.613749	1473.759766	21.430004
-23.547194	-14.613749	1472.119141	13.773431
-23.547194	-14.613749	1470.478516	13.770432
-23.547194	-14.613749	1468.837891	19.886290
-23.547194	-14.613749	1467.197266	18.352575
-23.547194	-14.613749	1465.556641	22.935720
-23.547194	-14.613749	1463.914063	25.988152
-23.547194	-14.613749	1462.271484	18.340578
-23.547194	-14.613749	1460.628906	19.864628
-23.547194	-14.613749	1458.986328	13.749435
-23.547194	-14.613749	1457.343750	21.383347
-23.547194	-14.613749	1455.699219	21.378681
-23.547194	-14.613749	1454.054688	18.320585
-23.547194	-14.613749	1452.410156	18.316587
-23.547194	-14.613749	1450.765625	22.890738
-23.547194	-14.613749	1449.121094	21.360025
-23.547194	-14.613749	1447.474609	27.456894
-23.547194	-14.613749	1445.830078	16.775549
-23.547194	-14.613749	1444.183594	19.821318
-23.547194	-14.613749	1442.537109	13.719453
-23.547194	-14.613749	1440.890625	9.144303
-23.547194	-14.613749	1439.242188	21.332047
-23.547194	-14.613749	1437.595703	21.327383
-23.547194	-14.613749	1435.947266	19.799669
-23.547194	-14.613749	1434.298828	19.795341
-23.547194	-14.613749	1432.650391	21.313396
-23.547194	-14.613749	1431.000000	24.352840
-23.547194	-14.613749	1429.351563	22.825794
-23.547194	-14.613749	1427.701172	22.820799
-23.547194	-14.613749	1426.050781	13.689483
-23.547194	-14.613749	1424.400391	9.124325
-23.547194	-14.613749	1422.750000	15.203878
-23.547194	-14.613749	1421.097656	18.240660
-23.547194	-14.613749	1419.447266	19.756386
-23.547194	-14.613749	1417.794922	21.271448
-23.547194	-14.613749	1416.142578	19.747732
-23.547194	-14.613749	1414.490234	18.224682
-23.547194	-14.613749	1412.835938	19.739077
-23.547194	-14.613749	1411.183594	18.216692
-23.547194	-14.613749	1409.529297	13.659524
-23.547194	-14.613749	1407.875000	21.243490
-23.547194	-14.613749	1406.220703	15.170593
-23.547194	-14.613749	1404.566406	24.267624
-23.547194	-14.613749	1402.910156	24.262300
-23.547194	-14.613749	1401.255859	19.708792
-23.547194	-14.613749	1399.599609	12.125826
-23.547194	-14.613749	1397.943359	21.215536
-23.547194	-14.613749	1396.287109	31.816317
-23.547194	-14.613749	1394.628906	25.750410
-23.547194	-14.613749	1392.970703	18.172768
-23.547194	-14.613749	1391.314453	22.710968
-23.547194	-14.613749	1389.656250	28.760906
-23.547194	-14.613749	1387.998047	24.214388
-23.547194	-14.613749	1386.337891	18.156799
-23.547194	-14.613749	1384.679688	13.614605
-23.547194	-14.613749	1383.019531	13.611611
-23.547194	-14.613749	1381.359375	19.656891
-23.547194	-14.613749	1379.699219	21.164303
-23.547194	-14.613749	1378.039063	19.648243
-23.547194	-14.613749	1376.376953	21.154989
-23.547194	-14.613749	1374.716797	16.618120
-23.547194	-14.613749	1373.054688	19.635271
-23.547194	-14.613749	1371.392578	19.630949
-23.547194	-14.613749	1369.728516	21.136366
-23.547194	-14.613749	1368.066406	21.131708
-23.547194	-14.613749	1366.402344	22.636129
-23.547194	-14.613749	1364.740234	18.104912
-23.547194	-14.613749	1363.076172	30.168203
-23.547194	-14.613749	1361.412109	19.605009
-23.547194	-14.613749	1359.746094	22.616177
-23.547194	-14.613749	1358.082031	22.611189
-23.547194	-14.613749	1356.416016	13.563721
-23.547194	-14.613749	1354.750000	19.587719
-23.547194	-14.613749	1353.083984	16.570566
-23.547194	-14.613749	1351.417969	22.591240
-23.547194	-14.613749	1349.750000	13.551751
-23.547194	-14.613749	1348.083984	18.065012
-23.547194	-14.613749	1346.416016	21.071194
-23.547194	-14.613749	1344.748047	22.571291
-23.547194	-14.613749	1343.078125	13.539783
-23.547194	-14.613749	1341.410156	21.057230
-23.547194	-14.613749	1339.740234	24.060087
-23.547194	-14.613749	1338.072266	22.551346
-23.547194	-14.613749	1336.402344	18.037088
-23.547194	-14.613749	1334.730469	18.033098
-23.547194	-14.613749	1333.060547	19.531536
-23.547194	-14.613749	1331.388672	21.029308
-23.547194	-14.613749	1329.718750	10.512327
-23.547194	-14.613749	1328.046875	21.020002
-23.547194	-14.613749	1326.375000	24.017542
-23.547194	-14.613749	1324.701172	24.012224
-23.547194	-14.613749	1323.029297	21.006042
-23.547194	-14.613749	1321.355469	21.001390
-23.547194	-14.613749	1319.681641	22.496504
-23.547194	-14.613749	1318.007813	19.492649
-23.547194	-14.613749	1316.333984	14.991023
-23.547194	-14.613749	1314.660156	22.481550
-23.547194	-14.613749	1312.984375	20.978127
-23.547194	-14.613749	1311.308594	17.977264
-23.547194	-14.613749	1309.632813	11.982184
-23.547194	-14.613749	1307.957031	14.974408
-23.547194	-14.613749	1306.279297	17.965302
-23.547194	-14.613749	1304.603516	17.961315
-23.547194	-14.613749	1302.925781	14.964439
-23.547194	-14.613749	1301.248047	14.961117
-23.547194	-14.613749	1299.570313	10.470456
-23.547194	-14.613749	1297.892578	20.936260
-23.547194	-14.613749	1296.212891	14.951149
-23.547194	-14.613749	1294.533203	19.432175
-23.547194	-14.613749	1292.853516	20.922306
-23.547194	-14.613749	1291.173828	20.917654
-23.547194	-14.613749	1289.494141	13.444074
-23.547194	-14.613749	1287.812500	17.921446
-23.547194	-14.613749	1286.132813	19.410580
-23.547194	-14.613749	1284.451172	25.377419
-23.547194	-14.613749	1282.769531	19.401943
-23.547194	-14.613749	1281.085938	16.413374
-23.547194	-14.613749	1279.404297	17.901514
-23.547194	-14.613749	1277.720703	23.863369
-23.547194	-14.613749	1276.039063	13.420156
-23.547194	-14.613749	1274.355469	23.852739
-23.547194	-14.613749	1272.669922	10.433249
-23.547194	-14.613749	1270.986328	23.842110
-23.547194	-14.613749	1269.300781	19.367397
-23.547194	-14.613749	1267.615234	16.384144
-23.547194	-14.613749	1265.929688	17.869625
-23.547194	-14.613749	1264.244141	14.888033
-23.547194	-14.613749	1262.558594	22.327068
-23.547194	-14.613749	1260.871094	22.322086
-23.547194	-14.613749	1259.185547	23.804911
-23.547194	-14.613749	1257.498047	22.312122
-23.547194	-14.613749	1255.808594	25.281425
-23.547194	-14.613749	1254.121094	13.381295
-23.547194	-14.613749	1252.433594	17.837742
-23.547194	-14.613749	1250.744141	31.209074
-23.547194	-14.613749	1249.054688	20.801399
-23.547194	-14.613749	1247.365234	16.340303
-23.547194	-14.613749	1245.673828	16.336651
-23.547194	-14.613749	1243.984375	19.302633
-23.547194	-14.613749	1242.292969	23.751776
-23.547194	-14.613749	1240.601563	25.230616
-23.547194	-14.613749	1238.910156	16.322041
-23.547194	-14.613749	1237.218750	17.801876
-23.547194	-14.613749	1235.525391	17.797892
-23.547194	-14.613749	1233.833984	19.276733
-23.547194	-14.613749	1232.140625	22.237404
-23.547194	-14.613749	1230.447266	20.750261
-23.547194	-14.613749	1228.753906	19.263783
-23.547194	-14.613749	1227.058594	25.185457
-23.547194	-14.613749	1225.365234	22.217482
-23.547194	-14.613749	1223.669922	14.808333
-23.547194	-14.613749	1221.974609	20.727018
-23.547194	-14.613749	1220.277344	19.242201
-23.547194	-14.613749	1218.582031	20.717722
-23.547194	-14.613749	1216.884766	23.672085
-23.547194	-14.613749	1215.189453	23.666773
-23.547194	-14.613749	1213.492188	19.224937
-23.547194	-14.613749	1211.792969	19.220621
-23.547194	-14.613749	1210.095703	17.738129
-23.547194	-14.613749	1208.396484	25.123371
-23.547194	-14.613749	1206.699219	23.640213
-23.547194	-14.613749	1205.000000	19.203358
-23.547194	-14.613749	1203.298828	28.060139
-23.547194	-14.613749	1201.599609	20.671244
-23.547194	-14.613749	1199.900391	22.142782
-23.547194	-14.613749	1198.199219	20.661949
-23.547194	-14.613749	1196.498047	23.608345
-23.547194	-14.613749	1194.796875	22.127844
-23.547194	-14.613749	1193.093750	20.648006
-23.547194	-14.613749	1191.392578	16.219782
-23.547194	-14.613749	1189.689453	17.690325
-23.547194	-14.613749	1187.986328	17.686340
-23.547194	-14.613749	1186.283203	22.102947
-23.547194	-14.613749	1184.580078	19.151573
-23.547194	-14.613749	1182.875000	20.620123
-23.547194	-14.613749	1181.169922	16.197874
-23.547194	-14.613749	1179.464844	22.083033
-23.547194	-14.613749	1177.759766	16.190573
-23.547194	-14.613749	1176.054688	19.129997
-23.547194	-14.613749	1174.347656	17.654476
-23.547194	-14.613749	1172.642578	20.592243
-23.547194	-14.613749	1170.935547	19.117054
-23.547194	-14.613749	1169.228516	29.404213
-23.547194	-14.613749	1167.519531	20.578302
-23.547194	-14.613749	1165.812500	19.104111
-23.547194	-14.613749	1164.103516	22.038225
-23.547194	-14.613749	1162.394531	19.095480
-23.547194	-14.613749	1160.685547	27.902473
-23.547194	-14.613749	1158.976563	30.832607
-23.547194	-14.613749	1157.265625	16.146763
-23.547194	-14.613749	1155.556641	19.078224
-23.547194	-14.613749	1153.845703	22.008356
-23.547194	-14.613749	1152.134766	23.470270
-23.547194	-14.613749	1150.423828	21.998402
-23.547194	-14.613749	1148.710938	14.662282
-23.547194	-14.613749	1146.998047	17.590757
-23.547194	-14.613749	1145.287109	19.052340
-23.547194	-14.613749	1143.572266	27.839422
-23.547194	-14.613749	1141.859375	21.973513
-23.547194	-14.613749	1140.146484	19.039398
-23.547194	-14.613749	1138.431641	23.427795
-23.547194	-14.613749	1136.716797	17.566864
-23.547194	-14.613749	1135.001953	23.417177
-23.547194	-14.613749	1133.287109	17.558901
-23.547194	-14.613749	1131.570313	13.166189
-23.547194	-14.613749	1129.855469	17.550938
-23.547194	-14.613749	1128.138672	24.858189
-23.547194	-14.613749	1126.421875	16.081060
-23.547194	-14.613749	1124.703125	20.462158
-23.547194	-14.613749	1122.986328	16.073761
-23.547194	-14.613749	1121.267578	23.374706
-23.547194	-14.613749	1119.548828	20.448223
-23.547194	-14.613749	1117.830078	16.062813
-23.547194	-14.613749	1116.111328	23.358782
-23.547194	-14.613749	1114.392578	20.434290
-23.547194	-14.613749	1112.671875	13.133343
-23.547194	-14.613749	1110.951172	27.719643
-23.547194	-14.613749	1109.230469	23.337549
-23.547194	-14.613749	1107.509766	18.957445
-23.547194	-14.613749	1105.787109	16.037266
-23.547194	-14.613749	1104.066406	23.321625
-23.547194	-14.613749	1102.343750	24.773586
-23.547194	-14.613749	1100.621094	20.397133
-23.547194	-14.613749	1098.896484	21.849096
-23.547194	-14.613749	1097.173828	18.931570
-23.547194	-14.613749	1095.449219	17.471315
-23.547194	-14.613749	1093.724609	24.745390
-23.547194	-14.613749	1092.000000	14.552795
-23.547194	-14.613749	1090.275391	20.369268
-23.547194	-14.613749	1088.550781	20.364626
-23.547194	-14.613749	1086.824219	20.359982
-23.547194	-14.613749	1085.097656	17.447432
-23.547194	-14.613749	1083.371094	26.165178
-23.547194	-14.613749	1081.644531	17.439472
-23.547194	-14.613749	1079.916016	23.247322
-23.547194	-14.613749	1078.189453	15.978886
-23.547194	-14.613749	1076.460938	18.879826
-23.547194	-14.613749	1074.732422	17.423552
-23.547194	-14.613749	1073.001953	24.677727
-23.547194	-14.613749	1071.273438	24.672089
-23.547194	-14.613749	1069.542969	15.960645
-23.547194	-14.613749	1067.812500	15.956996
-23.547194	-14.613749	1066.082031	17.403652
-23.547194	-14.613749	1064.351563	15.949700
-23.547194	-14.613749	1062.619141	15.946053
-23.547194	-14.613749	1060.888672	20.290333
-23.547194	-14.613749	1059.156250	15.938757
-23.547194	-14.613749	1057.421875	24.626986
-23.547194	-14.613749	1055.689453	20.276405
-23.547194	-14.613749	1053.957031	21.719746
-23.547194	-14.613749	1052.222656	20.267120
-23.547194	-14.613749	1050.488281	21.709799
-23.547194	-14.613749	1048.753906	18.810848
-23.547194	-14.613749	1047.019531	18.806538
-23.547194	-14.613749	1045.283203	23.141201
-23.547194	-14.613749	1043.546875	18.797916
-23.547194	-14.613749	1041.810547	15.902282
-23.547194	-14.613749	1040.074219	26.015947
-23.547194	-14.613749	1038.337891	27.454979
-23.547194	-14.613749	1036.599609	21.670010
-23.547194	-14.613749	1034.861328	20.220701
-23.547194	-14.613749	1033.123047	21.660063
-23.547194	-14.613749	1031.384766	24.542437
-23.547194	-14.613749	1029.646484	27.423483
-23.547194	-14.613749	1027.906250	25.974174
-23.547194	-14.613749	1026.167969	23.082850
-23.547194	-14.613749	1024.427734	14.423467
-23.547194	-14.613749	1022.685547	12.978136
-23.547194	-14.613749	1020.945313	20.183571
-23.547194	-14.613749	1019.203125	27.385691
-23.547194	-14.613749	1017.462891	27.379393
-23.547194	-14.613749	1015.720703	28.813784
-23.547194	-14.613749	1013.976563	21.605366
-23.547194	-14.613749	1012.234375	30.240551
-23.547194	-14.613749	1010.490234	27.354200
-23.547194	-14.613749	1008.746094	24.469177
-23.547194	-14.613749	1007.001953	27.341606
-23.547194	-14.613749	1005.257813	21.580507
-23.547194	-14.613749	1003.513672	21.575535
-23.547194	-14.613749	1001.767578	28.760752
-23.547194	-14.613749	1000.021484	30.191830
-23.547194	-14.613749	998.275391	27.310122
-23.547194	-14.613749	996.529297	28.740868
-23.547194	-14.613749	994.781250	27.297527
-23.547194	-14.613749	993.035156	28.727612
-23.547194	-14.613749	991.287109	35.901230
-23.547194	-14.613749	989.539063	25.842922
-23.547194	-14.613749	987.789063	38.755436
-23.547194	-14.613749	986.041016	37.311432
-23.547194	-14.613749	984.291016	45.911160
-23.547194	-14.613749	982.541016	35.859810
-23.547194	-14.613749	980.791016	41.587772
-23.547194	-14.613749	979.041016	32.975784
-23.547194	-14.613749	977.289063	44.435352
-23.547194	-14.613749	975.537109	32.960545
-23.547194	-14.613749	973.785156	40.116604
-23.547194	-14.613749	972.033203	28.648090
-23.547194	-14.613749	970.281250	45.826344
-23.547194	-14.613749	968.527344	35.793549
-23.547194	-14.613749	966.773438	32.922447
-23.547194	-14.613749	965.019531	40.070225
-23.547194	-14.613749	963.265625	42.922443
-23.547194	-14.613749	961.511719	37.190842
-23.547194	-14.613749	959.755859	41.472485
-23.547194	-14.613749	958.000000	51.471161
-23.547194	-14.613749	956.244141	35.735580
-23.547194	-14.613749	954.488281	34.298210
-23.547194	-14.613749	952.730469	34.290260
-23.547194	-14.613749	950.974609	35.710739
-23.547194	-14.613749	949.216797	38.558659
-23.547194	-14.613749	947.458984	31.410879
-23.547194	-14.613749	945.701172	34.258465
-23.547194	-14.613749	943.941406	39.958939
-23.547194	-14.613749	942.181641	34.242569
-23.547194	-14.613749	940.421875	28.528852
-23.547194	-14.613749	938.662109	39.931122
-23.547194	-14.613749	936.902344	31.367168
-23.547194	-14.613749	935.140625	27.083536
-23.547194	-14.613749	933.380859	29.927481
-23.547194	-14.613749	931.619141	25.646168
-23.547194	-14.613749	929.855469	27.064663
-23.547194	-14.613749	928.093750	29.906624
-23.547194	-14.613749	926.330078	25.628288
-23.547194	-14.613749	924.568359	22.775404
-23.547194	-14.613749	922.804688	25.616371
-23.547194	-14.613749	921.039063	22.764811
-23.547194	-14.613749	919.275391	21.337046
-23.547194	-14.613749	917.509766	22.754219
-23.547194	-14.613749	915.744141	25.592539
-23.547194	-14.613749	913.978516	25.586580
-23.547194	-14.613749	912.212891	22.738331
-23.547194	-14.613749	910.447266	31.257923
-23.547194	-14.613749	908.679688	28.409676
-23.547194	-14.613749	906.912109	22.722445
-23.547194	-14.613749	905.144531	22.717150
-23.547194	-14.613749	903.375000	24.131346
-23.547194	-14.613749	901.607422	19.868240
-23.547194	-14.613749	899.837891	25.538925
-23.547194	-14.613749	898.068359	25.532969
-23.547194	-14.613749	896.298828	17.018009
-23.547194	-14.613749	894.529297	22.685385
-23.547194	-14.613749	892.757813	21.262585
-23.547194	-14.613749	890.986328	18.423273
-23.547194	-14.613749	889.214844	18.418972
-23.547194	-14.613749	887.443359	21.247698
-23.547194	-14.613749	885.669922	19.826553
-23.547194	-14.613749	883.898438	25.485329
-23.547194	-14.613749	882.125000	25.479374
-23.547194	-14.613749	880.351563	22.643040
-23.547194	-14.613749	878.578125	22.637747
-23.547194	-14.613749	876.802734	21.217928
-23.547194	-14.613749	875.027344	21.212967
-23.547194	-14.613749	873.251953	24.035740
-23.547194	-14.613749	871.476563	28.270727
-23.547194	-14.613749	869.701172	22.611290
-23.547194	-14.613749	867.923828	26.844624
-23.547194	-14.613749	866.146484	25.425797
-23.547194	-14.613749	864.369141	24.007631
-23.547194	-14.613749	862.591797	24.002010
-23.547194	-14.613749	860.814453	21.173285
-23.547194	-14.613749	859.035156	25.401991
-23.547194	-14.613749	857.255859	29.628714
-23.547194	-14.613749	855.476563	26.800650
-23.547194	-14.613749	853.697266	22.563679
-23.547194	-14.613749	851.916016	23.968290
-23.547194	-14.613749	850.136719	22.553102
-23.547194	-14.613749	848.355469	32.412483
-23.547194	-14.613749	846.574219	25.360340
-23.547194	-14.613749	844.791016	26.762970
-23.547194	-14.613749	843.009766	26.756691
-23.547194	-14.613749	841.226563	26.750412
-23.547194	-14.613749	839.443359	23.928961
-23.547194	-14.613749	837.660156	28.145109
-23.547194	-14.613749	835.875000	18.290026
-23.547194	-14.613749	834.091797	30.945082
-23.547194	-14.613749	832.306641	14.062642
-23.547194	-14.613749	830.521484	30.930546
-23.547194	-14.613749	828.734375	14.056035
-23.547194	-14.613749	826.949219	32.321281
-23.547194	-14.613749	825.162109	30.908743
-23.547194	-14.613749	823.375000	22.473801
-23.547194	-14.613749	821.587891	26.681362
-23.547194	-14.613749	819.800781	23.867184
-23.547194	-14.613749	818.011719	23.861568
-23.547194	-14.613749	816.222656	23.855953
-23.547194	-14.613749	814.433594	19.641457
-23.547194	-14.613749	812.644531	18.234203
-23.547194	-14.613749	810.855469	19.632210
-23.547194	-14.613749	809.064453	26.637442
-23.547194	-14.613749	807.273438	19.622965
-23.547194	-14.613749	805.482422	14.013103
-23.547194	-14.613749	803.691406	21.014702
-23.547194	-14.613749	801.898438	29.413651
-23.547194	-14.613749	800.107422	32.207359
-23.547194	-14.613749	798.314453	18.199867
-23.547194	-14.613749	796.521484	25.193876
-23.547194	-14.613749	794.726563	25.187935
-23.547194	-14.613749	792.933594	19.585997
-23.547194	-14.613749	791.138672	26.574724
-23.547194	-14.613749	789.343750	26.568455
-23.547194	-14.613749	787.546875	20.970146
-23.547194	-14.613749	785.751953	18.169838
-23.547194	-14.613749	783.955078	29.344347
-23.547194	-14.613749	782.158203	30.734438
-23.547194	-14.613749	780.361328	26.537111
-23.547194	-14.613749	778.564453	20.945402
-23.547194	-14.613749	776.765625	32.108696
-23.547194	-14.613749	774.968750	23.726908
-23.547194	-14.613749	773.169922	25.116673
-23.547194	-14.613749	771.369141	25.110735
-23.547194	-14.613749	769.570313	33.473064
-23.547194	-14.613749	767.769531	33.465153
-23.547194	-14.613749	765.970703	22.304825
-23.547194	-14.613749	764.167969	25.086994
-23.547194	-14.613749	762.367188	33.441414
-23.547194	-14.613749	760.566406	32.040440
-23.547194	-14.613749	758.763672	23.676458
-23.547194	-14.613749	756.960938	22.278452
-23.547194	-14.613749	755.158203	22.273178
-23.547194	-14.613749	753.353516	27.834881
-23.547194	-14.613749	751.550781	30.611118
-23.547194	-14.613749	749.746094	30.603868
-23.547194	-14.613749	747.941406	23.642841
-23.547194	-14.613749	746.136719	22.246813
-23.547194	-14.613749	744.330078	25.021734
-23.547194	-14.613749	742.523438	22.236271
-23.547194	-14.613749	740.718750	20.841562
-23.547194	-14.613749	738.910156	22.225729
-23.547194	-14.613749	737.103516	22.220459
-23.547194	-14.613749	735.294922	20.826738
-23.547194	-14.613749	733.488281	27.762398
-23.547194	-14.613749	731.679688	26.368021
-23.547194	-14.613749	729.869141	27.749226
-23.547194	-14.613749	728.060547	26.355509
-23.547194	-14.613749	726.250000	26.349253
-23.547194	-14.613749	724.439453	33.275364
-23.547194	-14.613749	722.628906	22.178308
-23.547194	-14.613749	720.818359	23.558857
-23.547194	-14.613749	719.005859	18.011318
-23.547194	-14.613749	717.195313	22.162510
-23.547194	-14.613749	715.382813	23.542070
-23.547194	-14.613749	713.568359	30.458969
-23.547194	-14.613749	711.755859	30.451731
-23.547194	-14.613749	709.941406	22.141449
-23.547194	-14.613749	708.126953	23.519695
-23.547194	-14.613749	706.312500	29.046833
-23.547194	-14.613749	704.498047	17.977097
-23.547194	-14.613749	702.681641	24.885443
-23.547194	-14.613749	700.867188	26.261717
-23.547194	-14.613749	699.050781	23.491735
-23.547194	-14.613749	697.232422	17.959993
-23.547194	-14.613749	695.416016	20.718136
-23.547194	-14.613749	693.597656	22.094084
-23.547194	-14.613749	691.779297	26.230478
-23.547194	-14.613749	689.960938	16.562672
-23.547194	-14.613749	688.142578	28.977774
-23.547194	-14.613749	686.324219	26.211740
-23.547194	-14.613749	684.503906	22.067785
-23.547194	-14.613749	682.683594	24.820343
-23.547194	-14.613749	680.863281	17.921532
-23.547194	-14.613749	679.041016	20.673761
-23.547194	-14.613749	677.218750	22.046755
-23.547194	-14.613749	675.398438	30.307058
-23.547194	-14.613749	673.576172	24.790771
-23.547194	-14.613749	671.751953	16.523239
-23.547194	-14.613749	669.929688	17.895906
-23.547194	-14.613749	668.105469	19.267916
-23.547194	-14.613749	666.281250	22.015221
-23.547194	-14.613749	664.457031	23.385590
-23.547194	-14.613749	662.630859	22.004713
-23.547194	-14.613749	660.806641	23.374426
-23.547194	-14.613749	658.980469	24.743483
-23.547194	-14.613749	657.154297	24.737576
-23.547194	-14.613749	655.326172	32.975555
-23.547194	-14.613749	653.500000	20.604799
-23.547194	-14.613749	651.671875	26.093178
-23.547194	-14.613749	649.843750	24.713945
-23.547194	-14.613749	648.015625	23.335371
-23.547194	-14.613749	646.185547	35.680859
-23.547194	-14.613749	644.357422	26.068241
-23.547194	-14.613749	642.527344	30.177063
-23.547194	-14.613749	640.697266	31.541204
-23.547194	-14.613749	638.865234	31.533661
-23.547194	-14.613749	637.035156	39.750324
-23.547194	-14.613749	635.203125	34.259323
-23.547194	-14.613749	633.371094	32.881081
-23.547194	-14.613749	631.539063	36.982365
-23.547194	-14.613749	629.705078	32.865349
-23.547194	-14.613749	627.873047	36.964664
-23.547194	-14.613749	626.039063	31.480881
-23.547194	-14.613749	624.203125	25.999720
-23.547194	-14.613749	622.369141	38.306202
-23.547194	-14.613749	620.535156	36.929276
-23.547194	-14.613749	618.699219	38.287853
-23.547194	-14.613749	616.863281	32.810299
-23.547194	-14.613749	615.025391	45.103352
-23.547194	-14.613749	613.189453	28.695255
-23.547194	-14.613749	611.351563	38.251171
-23.547194	-14.613749	609.513672	30.047289
-23.547194	-14.613749	607.675781	28.674627
-23.547194	-14.613749	605.837891	25.937490
-23.547194	-14.613749	603.998047	35.484898
-23.547194	-14.613749	602.158203	34.111912
-23.547194	-14.613749	600.318359	27.282984
-23.547194	-14.613749	598.478516	30.004082
-23.547194	-14.613749	596.636719	35.450863
-23.547194	-14.613749	594.796875	29.989687
-23.547194	-14.613749	592.955078	29.982491
-23.547194	-14.613749	591.111328	23.162727
-23.547194	-14.613749	589.269531	20.432795
-23.547194	-14.613749	587.425781	20.427889
-23.547194	-14.613749	585.583984	17.699921
-23.547194	-14.613749	583.738281	27.224108
-23.547194	-14.613749	581.894531	31.300205
-23.547194	-14.613749	580.050781	35.374340
-23.547194	-14.613749	578.205078	24.484045
-23.547194	-14.613749	576.359375	25.838060
-23.547194	-14.613749	574.513672	28.550995
-23.547194	-14.613749	572.666016	25.825645
-23.547194	-14.613749	570.818359	21.742685
-23.547194	-14.613749	568.970703	25.813232
-23.547194	-14.613749	567.123047	24.448761
-23.547194	-14.613749	565.275391	23.084946
-23.547194	-14.613749	563.425781	27.152229
-23.547194	-14.613749	561.576172	31.217554
-23.547194	-14.613749	559.726563	32.567005
-23.547194	-14.613749	557.876953	29.845905
-23.547194	-14.613749	556.027344	32.551338
-23.547194	-14.613749	554.175781	35.255463
-23.547194	-14.613749	552.324219	24.401756
-23.547194	-14.613749	550.472656	20.329903
-23.547194	-14.613749	548.619141	28.455013
-23.547194	-14.613749	546.767578	31.157513
-23.547194	-14.613749	544.914063	31.150011
-23.547194	-14.613749	543.060547	35.204578
-23.547194	-14.613749	541.205078	32.488708
-23.547194	-14.613749	539.351563	36.540993
-23.547194	-14.613749	537.496094	46.003502
-23.547194	-14.613749	535.640625	40.581547
-23.547194	-14.613749	533.785156	47.333733
-23.547194	-14.613749	531.927734	51.378525
-23.547194	-14.613749	530.070313	59.476589
-23.547194	-14.613749	528.212891	86.490555
-23.547194	-14.613749	526.355469	108.087135
-23.547194	-14.613749	524.498047	195.860718
-23.547194	-14.613749	522.638672	371.370422
-23.547194	-14.613749	520.779297	635.902893
-23.547194	-14.613749	518.919922	494.021942
-23.547194	-14.613749	517.060547	244.252487
-23.547194	-14.613749	515.199219	128.167892
-23.547194	-14.613749	513.339844	90.370293
-23.547194	-14.613749	511.478516	76.863647
-23.547194	-14.613749	509.615234	71.452461
-23.547194	-14.613749	507.753906	63.348217
-23.547194	-14.613749	505.890625	56.595383
-23.547194	-14.613749	504.027344	61.970463
-23.547194	-14.613749	502.164063	51.180634
-23.547194	-14.613749	500.300781	52.514812
-23.547194	-14.613749	498.435547	67.310432
-23.547194	-14.613749	496.570313	61.910645
-23.547194	-14.613749	494.705078	64.586815
-23.547194	-14.613749	492.839844	64.571220
-23.547194	-14.613749	490.972656	55.141262
-23.547194	-14.613749	489.107422	61.850864
-23.547194	-14.613749	487.240234	52.426109
-23.547194	-14.613749	485.371094	44.349838
-23.547194	-14.613749	483.503906	48.369953
-23.547194	-14.613749	481.634766	47.014980
-23.547194	-14.613749	479.765625	47.003620
-23.547194	-14.613749	477.896484	37.593807
-23.547194	-14.613749	476.027344	45.638592
-23.547194	-14.613749	474.156250	40.259613
-23.547194	-14.613749	472.285156	36.224892
-23.547194	-14.613749	470.414063	37.557472
-23.547194	-14.613749	468.542969	25.479267
-23.547194	-14.613749	466.669922	40.220692
-23.547194	-14.613749	464.796875	30.828407
-23.547194	-14.613749	462.923828	34.841076
-23.547194	-14.613749	461.050781	38.851803
-23.547194	-14.613749	459.177734	33.484829
-23.547194	-14.613749	457.302734	44.189285
-23.547194	-14.613749	455.427734	34.807377
-23.547194	-14.613749	453.552734	33.460533
-23.547194	-14.613749	451.675781	32.114342
-23.547194	-14.613749	449.800781	32.106567
-23.547194	-14.613749	447.923828	29.423899
-23.547194	-14.613749	446.046875	29.416777
-23.547194	-14.613749	444.169922	26.736052
-23.547194	-14.613749	442.291016	29.402538
-23.547194	-14.613749	440.412109	25.386953
-23.547194	-14.613749	438.533203	32.059967
-23.547194	-14.613749	436.654297	24.039154
-23.547194	-14.613749	434.773438	18.692593
-23.547194	-14.613749	432.894531	25.362373
-23.547194	-14.613749	431.013672	25.356232
-23.547194	-14.613749	429.130859	24.015875
-23.547194	-14.613749	427.250000	30.679518
-23.547194	-14.613749	425.367188	29.338518
-23.547194	-14.613749	423.484375	22.665180
-23.547194	-14.613749	421.601563	23.992613
-23.547194	-14.613749	419.718750	18.656399
-23.547194	-14.613749	417.833984	19.984156
-23.547194	-14.613749	415.949219	25.307131
-23.547194	-14.613749	414.064453	27.964260
-23.547194	-14.613749	412.179688	30.620100
-23.547194	-14.613749	410.294922	27.950706
-23.547194	-14.613749	408.408203	26.613268
-23.547194	-14.613749	406.521484	27.937157
-23.547194	-14.613749	404.634766	39.900547
-23.547194	-14.613749	402.746094	50.528442
-23.547194	-14.613749	400.857422	65.139297
-23.547194	-14.613749	398.968750	77.084961
-23.547194	-14.613749	397.080078	81.052460
-23.547194	-14.613749	395.191406	79.704391
-23.547194	-14.613749	393.300781	79.685066
-23.547194	-14.613749	391.410156	59.749302
-23.547194	-14.613749	389.519531	69.026894
-23.547194	-14.613749	387.628906	58.393204
-23.547194	-14.613749	385.736328	43.784279
-23.547194	-14.613749	383.843750	58.364876
-23.547194	-14.613749	381.951172	57.024563
-23.547194	-14.613749	380.058594	49.055740
-23.547194	-14.613749	378.164063	51.694855
-23.547194	-14.613749	376.271484	75.535690
-23.547194	-14.613749	374.376953	96.715210
-23.547194	-14.613749	372.480469	62.253586
-23.547194	-14.613749	370.585938	63.562702
-23.547194	-14.613749	368.689453	62.223373
-23.547194	-14.613749	366.792969	63.531849
-23.547194	-14.613749	364.896484	48.960579
-23.547194	-14.613749	363.000000	43.656944
-23.547194	-14.613749	361.101563	75.389145
-23.547194	-14.613749	359.203125	54.214115
-23.547194	-14.613749	357.304688	58.166874
-23.547194	-14.613749	355.406250	56.831100
-23.547194	-14.613749	353.505859	54.174633
-23.547194	-14.613749	351.605469	60.766541
-23.547194	-14.613749	349.705078	59.431091
-23.547194	-14.613749	347.804688	50.174068
-23.547194	-14.613749	345.902344	56.762131
-23.547194	-14.613749	344.001953	54.108887
-23.547194	-14.613749	342.099609	55.415154
-23.547194	-14.613749	340.195313	43.529903
-23.547194	-14.613749	338.292969	46.156864
-23.547194	-14.613749	336.388672	47.464100
-23.547194	-14.613749	334.484375	38.225681
-23.547194	-14.613749	332.580078	35.580784
-23.547194	-14.613749	330.675781	46.112034
-23.547194	-14.613749	328.769531	36.880665
-23.547194	-14.613749	326.863281	38.188553
-23.547194	-14.613749	324.957031	38.179272
-23.547194	-14.613749	323.048828	38.169998
-23.547194	-14.613749	321.142578	35.528950
-23.547194	-14.613749	319.234375	34.204750
-23.547194	-14.613749	317.326172	28.935448
-23.547194	-14.613749	315.417969	31.558271
-23.547194	-14.613749	313.507813	32.865211
-23.547194	-14.613749	311.597656	32.857224
-23.547194	-14.613749	309.687500	39.419086
-23.547194	-14.613749	307.777344	27.586655
-23.547194	-14.613749	305.865234	42.026592
-23.547194	-14.613749	303.955078	40.703365
-23.547194	-14.613749	302.042969	43.318859
-23.547194	-14.613749	300.128906	28.872219
-23.547194	-14.613749	298.216797	32.801365
-23.547194	-14.613749	296.302734	34.105129
-23.547194	-14.613749	294.388672	35.408257
-23.547194	-14.613749	292.474609	39.332943
-23.547194	-14.613749	290.560547	36.701824
-23.547194	-14.613749	288.644531	41.934746
-23.547194	-14.613749	286.728516	48.475262
-23.547194	-14.613749	284.812500	65.491188
-23.547194	-14.613749	282.896484	58.927738
-23.547194	-14.613749	280.978516	51.058292
-23.547194	-14.613749	279.060547	62.825699
-23.547194	-14.613749	277.142578	54.959122
-23.547194	-14.613749	275.224609	66.719849
-23.547194	-14.613749	273.304688	81.090691
-23.547194	-14.613749	271.384766	82.378571
-23.547194	-14.613749	269.464844	87.587654
-23.547194	-14.613749	267.544922	99.329002
-23.547194	-14.613749	265.623047	139.810776
-23.547194	-14.613749	263.703125	214.237320
-23.547194	-14.613749	261.781250	343.479980
-23.547194	-14.613749	259.857422	318.588348
-23.547194	-14.613749	257.935547	291.098083
-23.547194	-14.613749	256.011719	240.130142
-23.547194	-14.613749	254.087891	266.166534
-23.547194	-14.613749	252.164063	590.902527
-23.547194	-14.613749	250.240234	1957.459229
-23.547194	-14.613749	248.314453	1959.590942
-23.547194	-14.613749	246.388672	822.489197
-23.547194	-14.613749	244.462891	380.520508
-23.547194	-14.613749	242.535156	260.567108
-23.547194	-14.613749	240.609375	205.797974
-23.547194	-14.613749	238.681641	178.401688
-23.547194	-14.613749	236.753906	145.811172
-23.547194	-14.613749	234.824219	102.823944
-23.547194	-14.613749	232.896484	97.593933
-23.547194	-14.613749	230.966797	81.958977
-23.547194	-14.613749	229.037109	68.932846
-23.547194	-14.613749	227.107422	76.717911
-23.547194	-14.613749	225.175781	83.199196
-23.547194	-14.613749	223.244141	81.879295
-23.547194	-14.613749	221.312500	96.152298
-23.547194	-14.613749	219.380859	83.138527
-23.547194	-14.613749	217.447266	76.624695
-23.547194	-14.613749	215.515625	83.098106
-23.547194	-14.613749	213.582031	73.991257
-23.547194	-14.613749	211.646484	62.293278
-23.547194	-14.613749	209.712891	75.252747
-23.547194	-14.613749	207.777344	66.154434
-23.547194	-14.613749	205.841797	58.357368
-23.547194	-14.613749	203.906250	47.971058
-23.547194	-14.613749	201.968750	38.885998
-23.547194	-14.613749	200.033203	33.693005
-23.547194	-14.613749	198.095703	46.640514
-23.547194	-14.613749	196.158203	32.381374
-23.547194	-14.613749	194.218750	27.193743
-23.547194	-14.613749	192.281250	27.187132
-23.547194	-14.613749	190.341797	27.180525
-23.547194	-14.613749	188.402344	24.585926
-23.547194	-14.613749	186.460938	23.286268
-23.547194	-14.613749	184.521484	23.280609
-23.547194	-14.613749	182.580078	21.981897
-23.547194	-14.613749	180.638672	25.854771
-23.547194	-14.613749	178.695313	23.263639
-23.547194	-14.613749	176.753906	28.426428
-23.547194	-14.613749	174.810547	29.711315
-23.547194	-14.613749	172.867188	27.121132
-23.547194	-14.613749	170.921875	25.823372
-23.547194	-14.613749	168.978516	25.817099
-23.547194	-14.613749	167.033203	25.810825
-23.547194	-14.613749	165.087891	32.255692
-23.547194	-14.613749	163.142578	30.957941
-23.547194	-14.613749	161.195313	24.502417
-23.547194	-14.613749	159.248047	30.942902
-23.547194	-14.613749	157.300781	33.513332
-23.547194	-14.613749	155.353516	38.659840
-23.547194	-14.613749	153.406250	41.227142
-23.547194	-14.613749	151.457031	34.776955
-23.547194	-14.613749	149.507813	37.343952
-23.547194	-14.613749	147.558594	43.771931
-23.547194	-14.613749	145.607422	38.612911
-23.547194	-14.613749	143.658203	48.897812
-23.547194	-14.613749	141.707031	52.745354
-23.547194	-14.613749	139.753906	69.452621
-23.547194	-14.613749	137.802734	74.579147
-23.547194	-14.613749	135.849609	68.133362
-23.547194	-14.613749	133.896484	56.549812
-23.547194	-14.613749	131.943359	57.820995
-23.547194	-14.613749	129.990234	52.668560
-23.547194	-14.613749	128.035156	51.371490
-23.547194	-14.613749	126.080078	59.062874
-23.547194	-14.613749	124.125000	52.630219
-23.547194	-14.613749	122.169922	51.334091
-23.547194	-14.613749	120.212891	52.604675
-23.547194	-14.613749	118.255859	56.440098
-23.547194	-14.613749	116.298828	52.579147
-23.547194	-14.613749	114.341797	55.130600
-23.547194	-14.613749	112.382813	43.581062
-23.547194	-14.613749	110.423828	38.444550
-23.547194	-14.613749	108.464844	28.185829
-23.547194	-14.613749	106.505859	24.336403
-23.547194	-14.613749	104.544922	20.488842
-23.547194	-14.613749	102.585938	14.082662
-23.547194	-14.613749	100.625000	11.519383
-23.547194	-14.613749	98.662109	8.957348
-23.547194	-14.613749	96.701172	1.279311
-23.547194	-14.613749	94.738281	-2.558001
-23.547194	-14.613749	92.775391	1.278690
-23.547194	-14.613749	90.812500	0.000000
-23.547194	-14.613749	88.847656	-2.556141
-23.547194	-14.613749	86.882813	3.833282
-23.547194	-14.613749	84.917969	0.000000
-23.547194	-14.613749	82.953125	-1.277141
-23.547194	-14.613749	80.988281	5.107327
-23.547194	-14.613749	79.021484	0.000000
-23.547194	-14.613749	77.054688	0.000000
-23.547194	-14.613749	75.087891	-1.275904
-23.547194	-14.613749	73.119141	1.275595
-23.547194	-14.613749	71.152344	1.275286
-23.547194	-14.613749	69.183594	3.824930
-23.547194	-14.613749	67.212891	-2.549336
-23.547194	-14.613749	65.244141	0.000000
-23.547194	-14.613749	63.273438	0.000000
-23.547194	-14.613749	61.302734	-2.547484
-23.547194	-14.613749	59.332031	1.273434
